region,year,avg_added_mw,flat_true_peak_added_mw,flat_false_peak_added_mw,peak_diff_mw,peak_ratio
p1,2023,0.0,0.0,0.0,0.0,
p1,2024,41.9,41.9,209.8,167.9,5.0
p1,2025,84.1,84.1,424.3,340.2,5.0
p1,2026,126.6,126.6,643.5,516.9,5.1
p1,2027,169.5,169.5,867.7,698.2,5.1
p1,2028,212.7,212.7,1096.9,884.2,5.2
p1,2029,256.2,256.2,1331.2,1075.0,5.2
p1,2030,300.1,300.1,1570.7,1270.6,5.2
p1,2031,323.4,323.4,1699.9,1376.5,5.3
p1,2032,346.8,346.8,1830.6,1483.8,5.3
p1,2033,370.3,370.3,1962.8,1592.6,5.3
p1,2034,393.9,393.9,2096.7,1702.8,5.3
p1,2035,417.6,417.6,2232.0,1814.4,5.3
p1,2036,441.4,441.4,2369.0,1927.6,5.4
p1,2037,465.3,465.3,2507.6,2042.3,5.4
p1,2038,489.2,489.2,2647.8,2158.6,5.4
p1,2039,513.3,513.3,2789.7,2276.4,5.4
p1,2040,537.5,537.5,2933.2,2395.8,5.5
p1,2041,555.8,555.8,3042.7,2486.9,5.5
p1,2042,574.1,574.1,3153.0,2578.9,5.5
p1,2043,592.5,592.5,3264.4,2671.9,5.5
p1,2044,611.0,611.0,3376.8,2765.8,5.5
p1,2045,629.5,629.5,3490.1,2860.7,5.5
p1,2046,648.0,648.0,3604.5,2956.5,5.6
p1,2047,666.7,666.7,3719.9,3053.2,5.6
p1,2048,685.3,685.3,3836.3,3150.9,5.6
p1,2049,704.1,704.1,3953.7,3249.6,5.6
p1,2050,722.9,722.9,4072.2,3349.3,5.6
p10,2023,0.0,0.0,0.0,0.0,
p10,2024,56.3,56.3,296.0,239.6,5.3
p10,2025,112.9,112.9,595.0,482.2,5.3
p10,2026,169.6,169.6,897.2,727.6,5.3
p10,2027,226.5,226.5,1202.5,976.0,5.3
p10,2028,283.7,283.7,1511.0,1227.4,5.3
p10,2029,341.0,341.0,1822.8,1481.8,5.3
p10,2030,398.5,398.5,2137.8,1739.2,5.4
p10,2031,428.9,428.9,2305.2,1876.3,5.4
p10,2032,459.4,459.4,2473.6,2014.2,5.4
p10,2033,489.9,489.9,2643.0,2153.1,5.4
p10,2034,520.4,520.4,2813.2,2292.8,5.4
p10,2035,551.1,551.1,2984.4,2433.3,5.4
p10,2036,581.7,581.7,3156.5,2574.8,5.4
p10,2037,612.5,612.5,3329.6,2717.1,5.4
p10,2038,643.3,643.3,3503.6,2860.4,5.4
p10,2039,674.1,674.1,3678.6,3004.5,5.5
p10,2040,705.0,705.0,3854.6,3149.5,5.5
p10,2041,728.3,728.3,3987.5,3259.2,5.5
p10,2042,751.6,751.6,4121.0,3369.4,5.5
p10,2043,774.9,774.9,4255.1,3480.2,5.5
p10,2044,798.3,798.3,4389.7,3591.4,5.5
p10,2045,821.7,821.7,4524.9,3703.2,5.5
p10,2046,845.2,845.2,4660.6,3815.5,5.5
p10,2047,868.6,868.6,4796.9,3928.3,5.5
p10,2048,892.1,892.1,4933.8,4041.6,5.5
p10,2049,915.7,915.7,5071.2,4155.5,5.5
p10,2050,939.3,939.3,5209.2,4269.9,5.5
p100,2023,0.0,0.0,0.0,0.0,
p100,2024,35.1,35.1,185.7,150.6,5.3
p100,2025,73.4,73.4,420.4,347.0,5.7
p100,2026,115.2,115.2,717.1,601.9,6.2
p100,2027,160.7,160.7,1092.1,931.4,6.8
p100,2028,210.4,210.4,1566.3,1355.9,7.4
p100,2029,264.6,264.6,2165.6,1901.0,8.2
p100,2030,323.7,323.7,2923.3,2599.6,9.0
p100,2031,359.1,359.1,3450.1,3091.0,9.6
p100,2032,396.3,396.3,4053.4,3657.1,10.2
p100,2033,435.4,435.4,4744.4,4309.0,10.9
p100,2034,476.4,476.4,5535.7,5059.3,11.6
p100,2035,519.4,519.4,6442.0,5922.6,12.4
p100,2036,564.6,564.6,7480.0,6915.4,13.2
p100,2037,612.1,612.1,8668.8,8056.7,14.2
p100,2038,661.9,661.9,10030.3,9368.4,15.2
p100,2039,714.2,714.2,11589.5,10875.3,16.2
p100,2040,769.1,769.1,13375.3,12606.2,17.4
p100,2041,814.5,814.5,14986.5,14172.0,18.4
p100,2042,861.7,861.7,16782.2,15920.5,19.5
p100,2043,910.7,910.7,18783.3,17872.6,20.6
p100,2044,961.7,961.7,21013.4,20051.8,21.9
p100,2045,1014.7,1014.7,23498.8,22484.2,23.2
p100,2046,1069.7,1069.7,26268.7,25199.0,24.6
p100,2047,1126.9,1126.9,29355.5,28228.6,26.0
p100,2048,1186.4,1186.4,32795.6,31609.2,27.6
p100,2049,1248.1,1248.1,36629.4,35381.3,29.3
p100,2050,1312.4,1312.4,40902.0,39589.7,31.2
p101,2023,0.0,0.0,0.0,0.0,
p101,2024,23.0,23.0,128.9,105.9,5.6
p101,2025,46.0,46.0,258.2,212.2,5.6
p101,2026,69.0,69.0,388.0,319.0,5.6
p101,2027,92.1,92.1,518.2,426.2,5.6
p101,2028,115.1,115.1,649.0,533.8,5.6
p101,2029,138.3,138.3,780.2,642.0,5.6
p101,2030,161.4,161.4,911.9,750.5,5.6
p101,2031,173.6,173.6,981.4,807.8,5.7
p101,2032,185.8,185.8,1051.0,865.2,5.7
p101,2033,198.0,198.0,1120.7,922.7,5.7
p101,2034,210.2,210.2,1190.6,980.4,5.7
p101,2035,222.4,222.4,1260.6,1038.2,5.7
p101,2036,234.6,234.6,1330.7,1096.1,5.7
p101,2037,246.8,246.8,1400.9,1154.1,5.7
p101,2038,259.0,259.0,1471.3,1212.3,5.7
p101,2039,271.3,271.3,1541.9,1270.6,5.7
p101,2040,283.5,283.5,1612.5,1329.0,5.7
p101,2041,292.7,292.7,1665.7,1372.9,5.7
p101,2042,301.9,301.9,1718.9,1417.0,5.7
p101,2043,311.1,311.1,1772.2,1461.0,5.7
p101,2044,320.4,320.4,1825.6,1505.2,5.7
p101,2045,329.6,329.6,1879.0,1549.4,5.7
p101,2046,338.8,338.8,1932.5,1593.7,5.7
p101,2047,348.0,348.0,1986.1,1638.1,5.7
p101,2048,357.3,357.3,2039.8,1682.6,5.7
p101,2049,366.5,366.5,2093.6,1727.1,5.7
p101,2050,375.7,375.7,2147.4,1771.7,5.7
p102,2023,0.0,0.0,0.0,0.0,
p102,2024,12.7,12.7,71.1,58.4,5.6
p102,2025,25.4,25.4,142.4,117.0,5.6
p102,2026,38.0,38.0,213.9,175.9,5.6
p102,2027,50.8,50.8,285.7,235.0,5.6
p102,2028,63.5,63.5,357.8,294.3,5.6
p102,2029,76.2,76.2,430.1,353.9,5.6
p102,2030,89.0,89.0,502.7,413.7,5.6
p102,2031,95.7,95.7,541.0,445.2,5.7
p102,2032,102.4,102.4,579.3,476.9,5.7
p102,2033,109.1,109.1,617.7,508.6,5.7
p102,2034,115.9,115.9,656.2,540.3,5.7
p102,2035,122.6,122.6,694.7,572.1,5.7
p102,2036,129.3,129.3,733.4,604.0,5.7
p102,2037,136.1,136.1,772.1,636.0,5.7
p102,2038,142.8,142.8,810.8,668.0,5.7
p102,2039,149.6,149.6,849.7,700.1,5.7
p102,2040,156.3,156.3,888.6,732.3,5.7
p102,2041,161.4,161.4,917.9,756.5,5.7
p102,2042,166.5,166.5,947.2,780.7,5.7
p102,2043,171.5,171.5,976.5,805.0,5.7
p102,2044,176.6,176.6,1005.9,829.3,5.7
p102,2045,181.7,181.7,1035.3,853.6,5.7
p102,2046,186.8,186.8,1064.8,878.0,5.7
p102,2047,191.9,191.9,1094.3,902.4,5.7
p102,2048,196.9,196.9,1123.8,926.9,5.7
p102,2049,202.0,202.0,1153.4,951.4,5.7
p102,2050,207.1,207.1,1183.1,975.9,5.7
p103,2023,0.0,0.0,0.0,0.0,
p103,2024,14.2,14.2,73.5,59.3,5.2
p103,2025,28.4,28.4,147.3,118.9,5.2
p103,2026,42.6,42.6,221.4,178.7,5.2
p103,2027,56.9,56.9,295.8,238.9,5.2
p103,2028,71.2,71.2,370.5,299.3,5.2
p103,2029,85.5,85.5,445.5,360.0,5.2
p103,2030,99.8,99.8,520.7,421.0,5.2
p103,2031,107.3,107.3,560.5,453.1,5.2
p103,2032,114.9,114.9,600.3,485.4,5.2
p103,2033,122.4,122.4,640.1,517.7,5.2
p103,2034,129.9,129.9,680.1,550.2,5.2
p103,2035,137.5,137.5,720.2,582.7,5.2
p103,2036,145.1,145.1,760.3,615.2,5.2
p103,2037,152.6,152.6,800.5,647.9,5.2
p103,2038,160.2,160.2,840.8,680.6,5.2
p103,2039,167.8,167.8,881.2,713.4,5.3
p103,2040,175.3,175.3,921.7,746.3,5.3
p103,2041,181.0,181.0,952.1,771.1,5.3
p103,2042,186.7,186.7,982.6,795.9,5.3
p103,2043,192.4,192.4,1013.1,820.7,5.3
p103,2044,198.1,198.1,1043.7,845.6,5.3
p103,2045,203.8,203.8,1074.4,870.5,5.3
p103,2046,209.6,209.6,1105.0,895.5,5.3
p103,2047,215.3,215.3,1135.8,920.5,5.3
p103,2048,221.0,221.0,1166.6,945.6,5.3
p103,2049,226.7,226.7,1197.4,970.7,5.3
p103,2050,232.4,232.4,1228.3,995.8,5.3
p104,2023,0.0,0.0,0.0,0.0,
p104,2024,0.9,0.9,4.8,3.9,5.2
p104,2025,1.9,1.9,9.7,7.8,5.2
p104,2026,2.8,2.8,14.5,11.7,5.2
p104,2027,3.7,3.7,19.4,15.7,5.2
p104,2028,4.7,4.7,24.3,19.6,5.2
p104,2029,5.6,5.6,29.2,23.6,5.2
p104,2030,6.6,6.6,34.1,27.6,5.2
p104,2031,7.0,7.0,36.7,29.7,5.2
p104,2032,7.5,7.5,39.3,31.7,5.2
p104,2033,8.0,8.0,41.9,33.8,5.2
p104,2034,8.5,8.5,44.5,36.0,5.2
p104,2035,9.0,9.0,47.1,38.1,5.2
p104,2036,9.5,9.5,49.7,40.2,5.2
p104,2037,10.0,10.0,52.3,42.3,5.2
p104,2038,10.5,10.5,54.9,44.4,5.2
p104,2039,11.0,11.0,57.5,46.5,5.2
p104,2040,11.5,11.5,60.1,48.6,5.2
p104,2041,11.9,11.9,62.1,50.2,5.2
p104,2042,12.2,12.2,64.1,51.8,5.2
p104,2043,12.6,12.6,66.1,53.4,5.2
p104,2044,13.0,13.0,68.0,55.0,5.2
p104,2045,13.4,13.4,70.0,56.6,5.2
p104,2046,13.7,13.7,72.0,58.3,5.2
p104,2047,14.1,14.1,74.0,59.9,5.2
p104,2048,14.5,14.5,76.0,61.5,5.2
p104,2049,14.9,14.9,77.9,63.1,5.2
p104,2050,15.2,15.2,79.9,64.7,5.2
p105,2023,0.0,0.0,0.0,0.0,
p105,2024,215.4,215.4,1047.5,832.1,4.9
p105,2025,437.5,437.5,2190.5,1752.9,5.0
p105,2026,666.6,666.6,3437.7,2771.1,5.2
p105,2027,902.9,902.9,4798.8,3895.9,5.3
p105,2028,1146.5,1146.5,6284.0,5137.5,5.5
p105,2029,1397.8,1397.8,7904.7,6506.9,5.7
p105,2030,1657.0,1657.0,9673.2,8016.2,5.8
p105,2031,1799.9,1799.9,10705.3,8905.4,5.9
p105,2032,1945.2,1945.2,11787.7,9842.5,6.1
p105,2033,2092.9,2092.9,12923.0,10830.0,6.2
p105,2034,2243.2,2243.2,14113.6,11870.4,6.3
p105,2035,2395.9,2395.9,15362.3,12966.4,6.4
p105,2036,2551.2,2551.2,16672.0,14120.8,6.5
p105,2037,2709.1,2709.1,18045.5,15336.4,6.7
p105,2038,2869.6,2869.6,19486.0,16616.4,6.8
p105,2039,3032.8,3032.8,20996.8,17964.0,6.9
p105,2040,3198.8,3198.8,22581.4,19382.6,7.1
p105,2041,3327.6,3327.6,23850.4,20522.7,7.2
p105,2042,3458.1,3458.1,25166.6,21708.5,7.3
p105,2043,3590.3,3590.3,26532.0,22941.7,7.4
p105,2044,3724.1,3724.1,27948.2,24224.0,7.5
p105,2045,3859.7,3859.7,29417.1,25557.4,7.6
p105,2046,3996.9,3996.9,30940.8,26943.8,7.7
p105,2047,4136.0,4136.0,32521.2,28385.2,7.9
p105,2048,4276.8,4276.8,34160.5,29883.7,8.0
p105,2049,4419.4,4419.4,35860.9,31441.4,8.1
p105,2050,4563.9,4563.9,37624.6,33060.7,8.2
p106,2023,0.0,0.0,0.0,0.0,
p106,2024,71.8,71.8,348.9,277.1,4.9
p106,2025,146.3,146.3,737.6,591.2,5.0
p106,2026,223.8,223.8,1170.5,946.7,5.2
p106,2027,304.3,304.3,1652.8,1348.5,5.4
p106,2028,388.0,388.0,2190.1,1802.1,5.6
p106,2029,474.9,474.9,2788.6,2313.7,5.9
p106,2030,565.3,565.3,3455.4,2890.1,6.1
p106,2031,615.7,615.7,3854.2,3238.6,6.3
p106,2032,667.1,667.1,4277.6,3610.4,6.4
p106,2033,719.7,719.7,4726.8,4007.1,6.6
p106,2034,773.3,773.3,5203.5,4430.2,6.7
p106,2035,828.1,828.1,5709.4,4881.3,6.9
p106,2036,884.0,884.0,6246.3,5362.2,7.1
p106,2037,941.1,941.1,6816.0,5874.8,7.2
p106,2038,999.4,999.4,7420.6,6421.1,7.4
p106,2039,1059.0,1059.0,8062.2,7003.2,7.6
p106,2040,1119.7,1119.7,8743.1,7623.4,7.8
p106,2041,1167.3,1167.3,9297.3,8129.9,8.0
p106,2042,1215.7,1215.7,9877.5,8661.8,8.1
p106,2043,1264.8,1264.8,10484.9,9220.1,8.3
p106,2044,1314.7,1314.7,11120.8,9806.1,8.5
p106,2045,1365.5,1365.5,11786.6,10421.2,8.6
p106,2046,1417.0,1417.0,12483.7,11066.7,8.8
p106,2047,1469.4,1469.4,13213.5,11744.1,9.0
p106,2048,1522.6,1522.6,13977.5,12454.9,9.2
p106,2049,1576.7,1576.7,14777.5,13200.8,9.4
p106,2050,1631.7,1631.7,15614.9,13983.3,9.6
p107,2023,0.0,0.0,0.0,0.0,
p107,2024,112.4,112.4,546.5,434.1,4.9
p107,2025,229.1,229.1,1154.4,925.3,5.0
p107,2026,350.3,350.3,1830.7,1480.3,5.2
p107,2027,476.2,476.2,2583.0,2106.7,5.4
p107,2028,607.0,607.0,3419.9,2812.9,5.6
p107,2029,742.8,742.8,4350.9,3608.1,5.9
p107,2030,883.8,883.8,5386.6,4502.7,6.1
p107,2031,962.5,962.5,6005.2,5042.7,6.2
p107,2032,1042.8,1042.8,6661.1,5618.3,6.4
p107,2033,1124.7,1124.7,7356.6,6231.9,6.5
p107,2034,1208.3,1208.3,8094.2,6885.8,6.7
p107,2035,1293.7,1293.7,8876.2,7582.5,6.9
p107,2036,1380.8,1380.8,9705.5,8324.7,7.0
p107,2037,1469.8,1469.8,10584.8,9115.1,7.2
p107,2038,1560.5,1560.5,11517.2,9956.7,7.4
p107,2039,1653.2,1653.2,12505.9,10852.8,7.6
p107,2040,1747.8,1747.8,13554.3,11806.6,7.8
p107,2041,1821.8,1821.8,14406.7,12584.9,7.9
p107,2042,1897.0,1897.0,15298.5,13401.6,8.1
p107,2043,1973.4,1973.4,16231.6,14258.3,8.2
p107,2044,2050.9,2050.9,17207.9,15157.0,8.4
p107,2045,2129.8,2129.8,18229.4,16099.6,8.6
p107,2046,2209.9,2209.9,19298.1,17088.3,8.7
p107,2047,2291.2,2291.2,20416.4,18125.2,8.9
p107,2048,2373.9,2373.9,21586.4,19212.5,9.1
p107,2049,2457.8,2457.8,22810.5,20352.7,9.3
p107,2050,2543.1,2543.1,24091.3,21548.2,9.5
p108,2023,0.0,0.0,0.0,0.0,
p108,2024,3.7,3.7,18.0,14.3,4.8
p108,2025,7.5,7.5,36.2,28.7,4.8
p108,2026,11.2,11.2,54.6,43.4,4.9
p108,2027,15.0,15.0,73.3,58.3,4.9
p108,2028,18.8,18.8,92.1,73.3,4.9
p108,2029,22.6,22.6,111.1,88.5,4.9
p108,2030,26.4,26.4,130.4,104.0,4.9
p108,2031,28.4,28.4,140.6,112.2,4.9
p108,2032,30.4,30.4,151.0,120.5,5.0
p108,2033,32.5,32.5,161.3,128.9,5.0
p108,2034,34.5,34.5,171.8,137.3,5.0
p108,2035,36.5,36.5,182.3,145.7,5.0
p108,2036,38.6,38.6,192.8,154.3,5.0
p108,2037,40.6,40.6,203.5,162.8,5.0
p108,2038,42.7,42.7,214.1,171.5,5.0
p108,2039,44.7,44.7,224.9,180.2,5.0
p108,2040,46.8,46.8,235.7,188.9,5.0
p108,2041,48.3,48.3,243.9,195.6,5.0
p108,2042,49.9,49.9,252.1,202.2,5.1
p108,2043,51.4,51.4,260.3,208.9,5.1
p108,2044,53.0,53.0,268.6,215.7,5.1
p108,2045,54.5,54.5,277.0,222.4,5.1
p108,2046,56.1,56.1,285.3,229.2,5.1
p108,2047,57.6,57.6,293.7,236.1,5.1
p108,2048,59.2,59.2,302.1,243.0,5.1
p108,2049,60.8,60.8,310.6,249.9,5.1
p108,2050,62.3,62.3,319.1,256.8,5.1
p109,2023,0.0,0.0,0.0,0.0,
p109,2024,30.8,30.8,148.6,117.9,4.8
p109,2025,61.7,61.7,299.6,237.9,4.9
p109,2026,92.8,92.8,453.0,360.2,4.9
p109,2027,124.1,124.1,608.9,484.7,4.9
p109,2028,155.6,155.6,767.2,611.6,4.9
p109,2029,187.2,187.2,928.0,740.8,5.0
p109,2030,219.0,219.0,1091.4,872.4,5.0
p109,2031,235.8,235.8,1178.9,943.1,5.0
p109,2032,252.7,252.7,1267.1,1014.3,5.0
p109,2033,269.7,269.7,1356.0,1086.3,5.0
p109,2034,286.7,286.7,1445.7,1159.0,5.0
p109,2035,303.7,303.7,1536.1,1232.4,5.1
p109,2036,320.8,320.8,1627.3,1306.5,5.1
p109,2037,337.9,337.9,1719.2,1381.3,5.1
p109,2038,355.1,355.1,1812.0,1456.9,5.1
p109,2039,372.3,372.3,1905.5,1533.1,5.1
p109,2040,389.6,389.6,1999.7,1610.1,5.1
p109,2041,402.7,402.7,2071.3,1668.6,5.1
p109,2042,415.7,415.7,2143.3,1727.5,5.2
p109,2043,428.8,428.8,2215.7,1786.9,5.2
p109,2044,442.0,442.0,2288.6,1846.7,5.2
p109,2045,455.1,455.1,2362.0,1906.9,5.2
p109,2046,468.3,468.3,2435.8,1967.5,5.2
p109,2047,481.5,481.5,2510.1,2028.6,5.2
p109,2048,494.7,494.7,2584.8,2090.1,5.2
p109,2049,508.0,508.0,2660.1,2152.0,5.2
p109,2050,521.3,521.3,2735.8,2214.5,5.2
p11,2023,0.0,0.0,0.0,0.0,
p11,2024,9.0,9.0,47.4,38.4,5.3
p11,2025,18.1,18.1,95.4,77.3,5.3
p11,2026,27.2,27.2,143.9,116.7,5.3
p11,2027,36.3,36.3,193.1,156.7,5.3
p11,2028,45.5,45.5,242.8,197.3,5.3
p11,2029,54.7,54.7,293.1,238.4,5.4
p11,2030,63.9,63.9,344.1,280.1,5.4
p11,2031,68.8,68.8,371.2,302.4,5.4
p11,2032,73.7,73.7,398.5,324.8,5.4
p11,2033,78.6,78.6,426.0,347.4,5.4
p11,2034,83.5,83.5,453.7,370.1,5.4
p11,2035,88.5,88.5,481.5,393.0,5.4
p11,2036,93.4,93.4,509.5,416.1,5.5
p11,2037,98.4,98.4,537.7,439.4,5.5
p11,2038,103.3,103.3,566.1,462.8,5.5
p11,2039,108.3,108.3,594.7,486.4,5.5
p11,2040,113.3,113.3,623.4,510.1,5.5
p11,2041,117.1,117.1,645.2,528.1,5.5
p11,2042,120.8,120.8,667.0,546.2,5.5
p11,2043,124.6,124.6,689.0,564.4,5.5
p11,2044,128.4,128.4,711.0,582.7,5.5
p11,2045,132.1,132.1,733.2,601.1,5.5
p11,2046,135.9,135.9,755.5,619.6,5.6
p11,2047,139.7,139.7,777.9,638.1,5.6
p11,2048,143.5,143.5,800.3,656.8,5.6
p11,2049,147.3,147.3,822.9,675.6,5.6
p11,2050,151.1,151.1,845.6,694.5,5.6
p110,2023,0.0,0.0,0.0,0.0,
p110,2024,2.8,2.8,13.3,10.5,4.8
p110,2025,5.5,5.5,26.8,21.3,4.8
p110,2026,8.3,8.3,40.4,32.1,4.9
p110,2027,11.1,11.1,54.3,43.1,4.9
p110,2028,13.9,13.9,68.3,54.3,4.9
p110,2029,16.7,16.7,82.4,65.7,4.9
p110,2030,19.6,19.6,96.8,77.2,4.9
p110,2031,21.1,21.1,104.5,83.4,5.0
p110,2032,22.6,22.6,112.2,89.6,5.0
p110,2033,24.1,24.1,119.9,95.9,5.0
p110,2034,25.6,25.6,127.8,102.2,5.0
p110,2035,27.1,27.1,135.6,108.5,5.0
p110,2036,28.6,28.6,143.5,115.0,5.0
p110,2037,30.1,30.1,151.5,121.4,5.0
p110,2038,31.6,31.6,159.6,127.9,5.0
p110,2039,33.2,33.2,167.6,134.5,5.1
p110,2040,34.7,34.7,175.8,141.1,5.1
p110,2041,35.8,35.8,181.9,146.1,5.1
p110,2042,37.0,37.0,188.1,151.1,5.1
p110,2043,38.1,38.1,194.4,156.2,5.1
p110,2044,39.3,39.3,200.6,161.3,5.1
p110,2045,40.5,40.5,206.9,166.4,5.1
p110,2046,41.6,41.6,213.2,171.6,5.1
p110,2047,42.8,42.8,219.6,176.8,5.1
p110,2048,44.0,44.0,226.0,182.0,5.1
p110,2049,45.1,45.1,232.4,187.3,5.1
p110,2050,46.3,46.3,238.8,192.5,5.2
p111,2023,0.0,0.0,0.0,0.0,
p111,2024,153.3,153.3,736.1,582.7,4.8
p111,2025,310.8,310.8,1529.7,1219.0,4.9
p111,2026,472.4,472.4,2385.6,1913.2,5.0
p111,2027,638.4,638.4,3308.4,2670.0,5.2
p111,2028,808.9,808.9,4303.5,3494.7,5.3
p111,2029,983.9,983.9,5376.6,4392.6,5.5
p111,2030,1163.7,1163.7,6533.6,5370.0,5.6
p111,2031,1262.2,1262.2,7199.3,5937.1,5.7
p111,2032,1362.0,1362.0,7892.7,6530.7,5.8
p111,2033,1463.4,1463.4,8615.1,7151.8,5.9
p111,2034,1566.1,1566.1,9367.7,7801.6,6.0
p111,2035,1670.4,1670.4,10151.7,8481.3,6.1
p111,2036,1776.1,1776.1,10968.5,9192.4,6.2
p111,2037,1883.3,1883.3,11819.4,9936.0,6.3
p111,2038,1992.1,1992.1,12705.8,10713.7,6.4
p111,2039,2102.4,2102.4,13629.3,11526.8,6.5
p111,2040,2214.4,2214.4,14591.3,12376.9,6.6
p111,2041,2300.8,2300.8,15354.7,13053.9,6.7
p111,2042,2388.3,2388.3,16142.5,13754.2,6.8
p111,2043,2476.6,2476.6,16955.3,14478.6,6.8
p111,2044,2566.0,2566.0,17793.9,15227.9,6.9
p111,2045,2656.3,2656.3,18659.3,16003.0,7.0
p111,2046,2747.6,2747.6,19552.1,16804.6,7.1
p111,2047,2839.9,2839.9,20473.4,17633.6,7.2
p111,2048,2933.2,2933.2,21424.0,18490.9,7.3
p111,2049,3027.5,3027.5,22404.9,19377.4,7.4
p111,2050,3122.9,3122.9,23417.0,20294.1,7.5
p112,2023,0.0,0.0,0.0,0.0,
p112,2024,151.3,151.3,726.3,575.0,4.8
p112,2025,305.8,305.8,1496.2,1190.5,4.9
p112,2026,463.4,463.4,2312.3,1849.0,5.0
p112,2027,624.2,624.2,3177.4,2553.2,5.1
p112,2028,788.4,788.4,4094.3,3305.9,5.2
p112,2029,955.9,955.9,5066.3,4110.4,5.3
p112,2030,1126.9,1126.9,6096.6,4969.7,5.4
p112,2031,1219.7,1219.7,6677.2,5457.5,5.5
p112,2032,1313.5,1313.5,7276.2,5962.7,5.5
p112,2033,1408.3,1408.3,7894.4,6486.1,5.6
p112,2034,1504.2,1504.2,8532.3,7028.2,5.7
p112,2035,1601.1,1601.1,9190.6,7589.5,5.7
p112,2036,1699.0,1699.0,9869.8,8170.8,5.8
p112,2037,1798.0,1798.0,10570.7,8772.7,5.9
p112,2038,1898.2,1898.2,11294.0,9395.8,5.9
p112,2039,1999.4,1999.4,12040.3,10040.9,6.0
p112,2040,2101.7,2101.7,12810.4,10708.8,6.1
p112,2041,2180.2,2180.2,13413.6,11233.4,6.2
p112,2042,2259.3,2259.3,14031.4,11772.1,6.2
p112,2043,2339.2,2339.2,14664.2,12325.0,6.3
p112,2044,2419.6,2419.6,15312.2,12892.6,6.3
p112,2045,2500.8,2500.8,15976.0,13475.2,6.4
p112,2046,2582.6,2582.6,16655.8,14073.2,6.4
p112,2047,2665.1,2665.1,17352.1,14687.0,6.5
p112,2048,2748.3,2748.3,18065.2,15316.9,6.6
p112,2049,2832.2,2832.2,18795.6,15963.5,6.6
p112,2050,2916.8,2916.8,19543.7,16627.0,6.7
p113,2023,0.0,0.0,0.0,0.0,
p113,2024,37.4,37.4,179.4,142.0,4.8
p113,2025,75.6,75.6,370.7,295.1,4.9
p113,2026,114.7,114.7,574.6,459.9,5.0
p113,2027,154.7,154.7,792.1,637.4,5.1
p113,2028,195.5,195.5,1023.9,828.4,5.2
p113,2029,237.4,237.4,1271.1,1033.7,5.4
p113,2030,280.1,280.1,1534.7,1254.5,5.5
p113,2031,303.4,303.4,1684.2,1380.8,5.6
p113,2032,327.0,327.0,1839.0,1512.1,5.6
p113,2033,350.8,350.8,1999.3,1648.5,5.7
p113,2034,374.9,374.9,2165.3,1790.3,5.8
p113,2035,399.3,399.3,2337.0,1937.7,5.9
p113,2036,424.1,424.1,2514.9,2090.8,5.9
p113,2037,449.1,449.1,2699.0,2249.9,6.0
p113,2038,474.4,474.4,2889.6,2415.2,6.1
p113,2039,500.0,500.0,3086.9,2586.8,6.2
p113,2040,526.0,526.0,3291.1,2765.2,6.3
p113,2041,545.9,545.9,3451.8,2905.9,6.3
p113,2042,566.0,566.0,3616.8,3050.8,6.4
p113,2043,586.4,586.4,3786.2,3199.9,6.5
p113,2044,606.9,606.9,3960.2,3353.3,6.5
p113,2045,627.5,627.5,4138.8,3511.2,6.6
p113,2046,648.4,648.4,4322.2,3673.7,6.7
p113,2047,669.5,669.5,4510.5,3841.0,6.7
p113,2048,690.8,690.8,4703.8,4013.0,6.8
p113,2049,712.2,712.2,4902.3,4190.1,6.9
p113,2050,733.9,733.9,5106.2,4372.3,7.0
p114,2023,0.0,0.0,0.0,0.0,
p114,2024,58.3,58.3,280.0,221.6,4.8
p114,2025,117.9,117.9,577.8,459.9,4.9
p114,2026,178.8,178.8,894.7,715.9,5.0
p114,2027,241.1,241.1,1231.8,990.8,5.1
p114,2028,304.7,304.7,1590.5,1285.8,5.2
p114,2029,369.7,369.7,1972.1,1602.4,5.3
p114,2030,436.1,436.1,2378.1,1942.0,5.5
p114,2031,472.2,472.2,2607.8,2135.6,5.5
p114,2032,508.7,508.7,2845.4,2336.7,5.6
p114,2033,545.7,545.7,3091.1,2545.4,5.7
p114,2034,583.1,583.1,3345.1,2762.0,5.7
p114,2035,620.9,620.9,3607.7,2986.8,5.8
p114,2036,659.2,659.2,3879.3,3220.1,5.9
p114,2037,697.9,697.9,4160.1,3462.2,6.0
p114,2038,737.1,737.1,4450.5,3713.4,6.0
p114,2039,776.7,776.7,4750.7,3974.0,6.1
p114,2040,816.8,816.8,5061.1,4244.3,6.2
p114,2041,847.6,847.6,5304.9,4457.3,6.3
p114,2042,878.7,878.7,5555.0,4676.4,6.3
p114,2043,910.0,910.0,5811.6,4901.6,6.4
p114,2044,941.6,941.6,6074.8,5133.1,6.5
p114,2045,973.5,973.5,6344.7,5371.2,6.5
p114,2046,1005.7,1005.7,6621.7,5616.0,6.6
p114,2047,1038.2,1038.2,6905.8,5867.6,6.7
p114,2048,1071.0,1071.0,7197.2,6126.3,6.7
p114,2049,1104.0,1104.0,7496.2,6392.2,6.8
p114,2050,1137.4,1137.4,7802.9,6665.5,6.9
p115,2023,0.0,0.0,0.0,0.0,
p115,2024,41.6,41.6,214.9,173.4,5.2
p115,2025,83.6,83.6,437.4,353.8,5.2
p115,2026,126.2,126.2,667.7,541.5,5.3
p115,2027,169.3,169.3,906.1,736.9,5.4
p115,2028,212.9,212.9,1152.9,940.0,5.4
p115,2029,257.0,257.0,1408.3,1151.3,5.5
p115,2030,301.7,301.7,1672.7,1371.1,5.5
p115,2031,325.6,325.6,1817.5,1491.9,5.6
p115,2032,349.6,349.6,1965.0,1615.3,5.6
p115,2033,373.8,373.8,2115.2,1741.3,5.7
p115,2034,398.2,398.2,2268.2,1870.0,5.7
p115,2035,422.7,422.7,2424.0,2001.3,5.7
p115,2036,447.4,447.4,2582.7,2135.3,5.8
p115,2037,472.2,472.2,2744.4,2272.2,5.8
p115,2038,497.2,497.2,2909.1,2411.8,5.9
p115,2039,522.4,522.4,3076.8,2554.4,5.9
p115,2040,547.7,547.7,3247.7,2700.0,5.9
p115,2041,566.9,566.9,3379.1,2812.2,6.0
p115,2042,586.3,586.3,3512.4,2926.1,6.0
p115,2043,605.7,605.7,3647.6,3041.9,6.0
p115,2044,625.2,625.2,3784.6,3159.4,6.1
p115,2045,644.8,644.8,3923.6,3278.8,6.1
p115,2046,664.5,664.5,4064.5,3400.0,6.1
p115,2047,684.3,684.3,4207.4,3523.1,6.1
p115,2048,704.2,704.2,4352.3,3648.1,6.2
p115,2049,724.2,724.2,4499.3,3775.1,6.2
p115,2050,744.3,744.3,4648.3,3904.0,6.2
p116,2023,0.0,0.0,0.0,0.0,
p116,2024,0.0,0.0,0.0,0.0,
p116,2025,0.0,0.0,0.0,0.0,
p116,2026,0.0,0.0,0.0,0.0,
p116,2027,0.0,0.0,0.0,0.0,
p116,2028,0.0,0.0,0.0,0.0,
p116,2029,0.0,0.0,0.0,0.0,
p116,2030,0.0,0.0,0.0,0.0,
p116,2031,0.0,0.0,0.0,0.0,
p116,2032,0.0,0.0,0.0,0.0,
p116,2033,0.0,0.0,0.0,0.0,
p116,2034,0.0,0.0,0.0,0.0,
p116,2035,0.0,0.0,0.0,0.0,
p116,2036,0.0,0.0,0.0,0.0,
p116,2037,0.0,0.0,0.0,0.0,
p116,2038,0.0,0.0,0.0,0.0,
p116,2039,0.0,0.0,0.0,0.0,
p116,2040,0.0,0.0,0.0,0.0,
p116,2041,0.0,0.0,0.0,0.0,
p116,2042,0.0,0.0,0.0,0.0,
p116,2043,0.0,0.0,0.0,0.0,
p116,2044,0.0,0.0,0.0,0.0,
p116,2045,0.0,0.0,0.0,0.0,
p116,2046,0.0,0.0,0.0,0.0,
p116,2047,0.0,0.0,0.0,0.0,
p116,2048,0.0,0.0,0.0,0.0,
p116,2049,0.0,0.0,0.0,0.0,
p116,2050,0.0,0.0,0.0,0.0,
p117,2023,0.0,0.0,0.0,0.0,
p117,2024,0.0,0.0,0.0,0.0,
p117,2025,0.0,0.0,0.0,0.0,
p117,2026,0.0,0.0,0.0,0.0,
p117,2027,0.0,0.0,0.0,0.0,
p117,2028,0.0,0.0,0.0,0.0,
p117,2029,0.0,0.0,0.0,0.0,
p117,2030,0.0,0.0,0.0,0.0,
p117,2031,0.0,0.0,0.0,0.0,
p117,2032,0.0,0.0,0.0,0.0,
p117,2033,0.0,0.0,0.0,0.0,
p117,2034,0.0,0.0,0.0,0.0,
p117,2035,0.0,0.0,0.0,0.0,
p117,2036,0.0,0.0,0.0,0.0,
p117,2037,0.0,0.0,0.0,0.0,
p117,2038,0.0,0.0,0.0,0.0,
p117,2039,0.0,0.0,0.0,0.0,
p117,2040,0.0,0.0,0.0,0.0,
p117,2041,0.0,0.0,0.0,0.0,
p117,2042,0.0,0.0,0.0,0.0,
p117,2043,0.0,0.0,0.0,0.0,
p117,2044,0.0,0.0,0.0,0.0,
p117,2045,0.0,0.0,0.0,0.0,
p117,2046,0.0,0.0,0.0,0.0,
p117,2047,0.0,0.0,0.0,0.0,
p117,2048,0.0,0.0,0.0,0.0,
p117,2049,0.0,0.0,0.0,0.0,
p117,2050,0.0,0.0,0.0,0.0,
p118,2023,0.0,0.0,0.0,0.0,
p118,2024,181.0,181.0,957.8,776.8,5.3
p118,2025,374.2,374.2,2103.4,1729.2,5.6
p118,2026,580.4,580.4,3473.5,2893.1,6.0
p118,2027,800.4,800.4,5112.2,4311.8,6.4
p118,2028,1035.3,1035.3,7072.2,6036.9,6.8
p118,2029,1285.9,1285.9,9416.4,8130.5,7.3
p118,2030,1553.4,1553.4,12220.1,10666.7,7.9
p118,2031,1708.8,1708.8,14046.1,12337.3,8.2
p118,2032,1869.9,1869.9,16067.0,14197.1,8.6
p118,2033,2037.0,2037.0,18303.7,16266.7,9.0
p118,2034,2210.1,2210.1,20779.1,18568.9,9.4
p118,2035,2389.6,2389.6,23518.7,21129.1,9.8
p118,2036,2575.7,2575.7,26550.8,23975.1,10.3
p118,2037,2768.6,2768.6,29906.5,27137.9,10.8
p118,2038,2968.5,2968.5,33620.4,30651.9,11.3
p118,2039,3175.8,3175.8,37730.8,34555.1,11.9
p118,2040,3390.6,3390.6,42280.0,38889.4,12.5
p118,2041,3564.0,3564.0,46200.0,42636.0,13.0
p118,2042,3742.4,3742.4,50445.8,46703.4,13.5
p118,2043,3925.8,3925.8,55044.4,51118.6,14.0
p118,2044,4114.4,4114.4,60025.2,55910.8,14.6
p118,2045,4308.5,4308.5,65420.0,61111.6,15.2
p118,2046,4508.0,4508.0,71263.2,66755.2,15.8
p118,2047,4713.3,4713.3,77592.0,72878.7,16.5
p118,2048,4924.4,4924.4,84446.8,79522.4,17.1
p118,2049,5141.5,5141.5,91871.2,86729.7,17.9
p118,2050,5364.8,5364.8,99912.8,94547.9,18.6
p119,2023,0.0,0.0,0.0,0.0,
p119,2024,4.7,4.7,24.3,19.6,5.2
p119,2025,9.5,9.5,49.5,40.0,5.2
p119,2026,14.3,14.3,75.4,61.2,5.3
p119,2027,19.1,19.1,102.3,83.1,5.3
p119,2028,24.1,24.1,130.0,105.9,5.4
p119,2029,29.1,29.1,158.6,129.6,5.5
p119,2030,34.1,34.1,188.2,154.1,5.5
p119,2031,36.8,36.8,204.4,167.6,5.6
p119,2032,39.5,39.5,220.9,181.4,5.6
p119,2033,42.2,42.2,237.6,195.4,5.6
p119,2034,45.0,45.0,254.6,209.7,5.7
p119,2035,47.7,47.7,272.0,224.2,5.7
p119,2036,50.5,50.5,289.6,239.1,5.7
p119,2037,53.3,53.3,307.5,254.3,5.8
p119,2038,56.1,56.1,325.8,269.7,5.8
p119,2039,58.9,58.9,344.4,285.5,5.8
p119,2040,61.8,61.8,363.3,301.5,5.9
p119,2041,63.9,63.9,377.8,313.9,5.9
p119,2042,66.1,66.1,392.5,326.4,5.9
p119,2043,68.3,68.3,407.4,339.2,6.0
p119,2044,70.5,70.5,422.6,352.1,6.0
p119,2045,72.7,72.7,437.9,365.2,6.0
p119,2046,74.9,74.9,453.4,378.5,6.1
p119,2047,77.1,77.1,469.1,392.0,6.1
p119,2048,79.3,79.3,485.0,405.7,6.1
p119,2049,81.6,81.6,501.2,419.6,6.1
p119,2050,83.8,83.8,517.5,433.7,6.2
p12,2023,0.0,0.0,0.0,0.0,
p12,2024,41.7,41.7,231.9,190.2,5.6
p12,2025,84.5,84.5,481.6,397.1,5.7
p12,2026,128.5,128.5,750.5,622.0,5.8
p12,2027,173.6,173.6,1040.1,866.5,6.0
p12,2028,219.9,219.9,1351.9,1132.0,6.1
p12,2029,267.4,267.4,1687.8,1420.3,6.3
p12,2030,316.2,316.2,2049.4,1733.2,6.5
p12,2031,342.9,342.9,2257.1,1914.2,6.6
p12,2032,370.0,370.0,2473.4,2103.4,6.7
p12,2033,397.4,397.4,2698.5,2301.0,6.8
p12,2034,425.3,425.3,2932.8,2507.5,6.9
p12,2035,453.5,453.5,3176.7,2723.2,7.0
p12,2036,482.1,482.1,3430.7,2948.5,7.1
p12,2037,511.2,511.2,3695.0,3183.9,7.2
p12,2038,540.6,540.6,3970.2,3429.6,7.3
p12,2039,570.5,570.5,4256.7,3686.2,7.5
p12,2040,600.8,600.8,4555.0,3954.2,7.6
p12,2041,624.1,624.1,4791.4,4167.2,7.7
p12,2042,647.8,647.8,5035.2,4387.4,7.8
p12,2043,671.7,671.7,5286.6,4615.0,7.9
p12,2044,695.8,695.8,5545.9,4850.1,8.0
p12,2045,720.2,720.2,5813.2,5093.0,8.1
p12,2046,744.9,744.9,6089.0,5344.1,8.2
p12,2047,769.8,769.8,6373.3,5603.5,8.3
p12,2048,795.0,795.0,6666.5,5871.5,8.4
p12,2049,820.4,820.4,6968.8,6148.4,8.5
p12,2050,846.2,846.2,7280.6,6434.5,8.6
p120,2023,0.0,0.0,0.0,0.0,
p120,2024,2.9,2.9,15.0,12.1,5.2
p120,2025,5.8,5.8,30.5,24.7,5.2
p120,2026,8.8,8.8,46.6,37.8,5.3
p120,2027,11.8,11.8,63.3,51.4,5.3
p120,2028,14.9,14.9,80.5,65.6,5.4
p120,2029,18.0,18.0,98.3,80.3,5.5
p120,2030,21.1,21.1,116.7,95.7,5.5
p120,2031,22.7,22.7,126.8,104.1,5.6
p120,2032,24.4,24.4,137.1,112.7,5.6
p120,2033,26.1,26.1,147.6,121.5,5.7
p120,2034,27.8,27.8,158.2,130.4,5.7
p120,2035,29.5,29.5,169.1,139.6,5.7
p120,2036,31.2,31.2,180.2,148.9,5.8
p120,2037,33.0,33.0,191.4,158.4,5.8
p120,2038,34.7,34.7,202.9,168.2,5.8
p120,2039,36.5,36.5,214.6,178.1,5.9
p120,2040,38.2,38.2,226.5,188.2,5.9
p120,2041,39.6,39.6,235.6,196.0,6.0
p120,2042,40.9,40.9,244.9,204.0,6.0
p120,2043,42.3,42.3,254.3,212.0,6.0
p120,2044,43.7,43.7,263.9,220.2,6.0
p120,2045,45.0,45.0,273.5,228.5,6.1
p120,2046,46.4,46.4,283.4,237.0,6.1
p120,2047,47.8,47.8,293.3,245.5,6.1
p120,2048,49.2,49.2,303.4,254.2,6.2
p120,2049,50.6,50.6,313.6,263.0,6.2
p120,2050,52.0,52.0,324.0,272.0,6.2
p121,2023,0.0,0.0,0.0,0.0,
p121,2024,8.9,8.9,48.7,39.8,5.5
p121,2025,17.9,17.9,99.2,81.3,5.5
p121,2026,27.1,27.1,151.5,124.4,5.6
p121,2027,36.3,36.3,205.7,169.4,5.7
p121,2028,45.7,45.7,261.8,216.2,5.7
p121,2029,55.1,55.1,320.0,264.9,5.8
p121,2030,64.7,64.7,380.3,315.6,5.9
p121,2031,69.9,69.9,413.4,343.5,5.9
p121,2032,75.0,75.0,447.1,372.0,6.0
p121,2033,80.2,80.2,481.4,401.1,6.0
p121,2034,85.5,85.5,516.4,430.9,6.0
p121,2035,90.8,90.8,552.0,461.3,6.1
p121,2036,96.1,96.1,588.4,492.3,6.1
p121,2037,101.4,101.4,625.4,524.0,6.2
p121,2038,106.8,106.8,663.2,556.4,6.2
p121,2039,112.2,112.2,701.6,589.4,6.3
p121,2040,117.7,117.7,740.8,623.2,6.3
p121,2041,121.8,121.8,771.0,649.2,6.3
p121,2042,126.0,126.0,801.6,675.7,6.4
p121,2043,130.1,130.1,832.7,702.6,6.4
p121,2044,134.4,134.4,864.2,729.9,6.4
p121,2045,138.6,138.6,896.2,757.6,6.5
p121,2046,142.8,142.8,928.6,785.8,6.5
p121,2047,147.1,147.1,961.5,814.4,6.5
p121,2048,151.4,151.4,994.9,843.5,6.6
p121,2049,155.7,155.7,1028.8,873.1,6.6
p121,2050,160.0,160.0,1063.1,903.1,6.6
p122,2023,0.0,0.0,0.0,0.0,
p122,2024,178.1,178.1,921.4,743.3,5.2
p122,2025,358.8,358.8,1880.5,1521.7,5.2
p122,2026,542.0,542.0,2878.8,2336.9,5.3
p122,2027,727.7,727.7,3918.0,3190.3,5.4
p122,2028,916.1,916.1,4999.6,4083.5,5.5
p122,2029,1107.0,1107.0,6125.4,5018.4,5.5
p122,2030,1300.7,1300.7,7297.3,5996.6,5.6
p122,2031,1404.7,1404.7,7943.2,6538.5,5.7
p122,2032,1509.5,1509.5,8603.1,7093.7,5.7
p122,2033,1615.0,1615.0,9277.3,7662.3,5.7
p122,2034,1721.4,1721.4,9966.2,8244.8,5.8
p122,2035,1828.5,1828.5,10669.9,8841.4,5.8
p122,2036,1936.4,1936.4,11388.8,9452.5,5.9
p122,2037,2045.1,2045.1,12123.4,10078.3,5.9
p122,2038,2154.6,2154.6,12873.8,10719.2,6.0
p122,2039,2265.0,2265.0,13640.5,11375.5,6.0
p122,2040,2376.1,2376.1,14423.8,12047.6,6.1
p122,2041,2460.8,2460.8,15028.9,12568.1,6.1
p122,2042,2546.0,2546.0,15643.9,13097.9,6.1
p122,2043,2631.6,2631.6,16269.0,13637.4,6.2
p122,2044,2717.7,2717.7,16904.3,14186.6,6.2
p122,2045,2804.3,2804.3,17550.0,14745.7,6.3
p122,2046,2891.4,2891.4,18206.3,15314.9,6.3
p122,2047,2979.0,2979.0,18873.4,15894.4,6.3
p122,2048,3067.0,3067.0,19551.3,16484.3,6.4
p122,2049,3155.6,3155.6,20240.4,17084.8,6.4
p122,2050,3244.6,3244.6,20940.7,17696.1,6.5
p123,2023,0.0,0.0,0.0,0.0,
p123,2024,111.8,111.8,612.3,500.5,5.5
p123,2025,225.3,225.3,1251.3,1026.0,5.6
p123,2026,340.5,340.5,1918.3,1577.7,5.6
p123,2027,457.4,457.4,2614.3,2156.9,5.7
p123,2028,576.1,576.1,3340.8,2764.6,5.8
p123,2029,696.6,696.6,4098.9,3402.3,5.9
p123,2030,818.8,818.8,4890.2,4071.4,6.0
p123,2031,884.6,884.6,5327.8,4443.2,6.0
p123,2032,950.9,950.9,5775.4,4824.6,6.1
p123,2033,1017.7,1017.7,6233.5,5215.8,6.1
p123,2034,1085.0,1085.0,6702.1,5617.1,6.2
p123,2035,1152.8,1152.8,7181.6,6028.8,6.2
p123,2036,1221.2,1221.2,7672.2,6450.9,6.3
p123,2037,1290.2,1290.2,8174.1,6883.9,6.3
p123,2038,1359.7,1359.7,8687.6,7328.0,6.4
p123,2039,1429.7,1429.7,9213.0,7783.3,6.4
p123,2040,1500.3,1500.3,9750.6,8250.3,6.5
p123,2041,1554.1,1554.1,10166.7,8612.6,6.5
p123,2042,1608.3,1608.3,10590.1,8981.8,6.6
p123,2043,1662.8,1662.8,11021.0,9358.2,6.6
p123,2044,1717.6,1717.6,11459.3,9741.7,6.7
p123,2045,1772.7,1772.7,11905.3,10132.6,6.7
p123,2046,1828.2,1828.2,12359.2,10531.0,6.8
p123,2047,1884.0,1884.0,12821.0,10937.0,6.8
p123,2048,1940.1,1940.1,13290.8,11350.7,6.9
p123,2049,1996.6,1996.6,13768.9,11772.3,6.9
p123,2050,2053.4,2053.4,14255.4,12201.9,6.9
p124,2023,0.0,0.0,0.0,0.0,
p124,2024,6.6,6.6,35.1,28.5,5.3
p124,2025,13.8,13.8,79.3,65.4,5.7
p124,2026,21.7,21.7,134.9,113.2,6.2
p124,2027,30.2,30.2,205.0,174.8,6.8
p124,2028,39.5,39.5,293.4,253.9,7.4
p124,2029,49.7,49.7,404.7,355.0,8.1
p124,2030,60.7,60.7,544.9,484.2,9.0
p124,2031,67.3,67.3,642.0,574.6,9.5
p124,2032,74.2,74.2,752.9,678.7,10.1
p124,2033,81.5,81.5,879.7,798.2,10.8
p124,2034,89.1,89.1,1024.6,935.5,11.5
p124,2035,97.1,97.1,1190.2,1093.1,12.3
p124,2036,105.5,105.5,1379.5,1273.9,13.1
p124,2037,114.3,114.3,1595.8,1481.4,14.0
p124,2038,123.6,123.6,1842.9,1719.3,14.9
p124,2039,133.3,133.3,2125.4,1992.1,15.9
p124,2040,143.4,143.4,2448.2,2304.8,17.1
p124,2041,151.8,151.8,2738.6,2586.8,18.0
p124,2042,160.5,160.5,3061.7,2901.1,19.1
p124,2043,169.6,169.6,3421.0,3251.4,20.2
p124,2044,179.0,179.0,3820.8,3641.8,21.3
p124,2045,188.8,188.8,4265.6,4076.8,22.6
p124,2046,198.9,198.9,4760.3,4561.4,23.9
p124,2047,209.4,209.4,5310.6,5101.2,25.4
p124,2048,220.4,220.4,5922.9,5702.5,26.9
p124,2049,231.7,231.7,6603.9,6372.2,28.5
p124,2050,243.5,243.5,7361.5,7118.0,30.2
p125,2023,0.0,0.0,0.0,0.0,
p125,2024,1.8,1.8,10.9,9.1,6.1
p125,2025,3.6,3.6,21.9,18.3,6.1
p125,2026,5.4,5.4,32.9,27.5,6.1
p125,2027,7.2,7.2,43.9,36.7,6.1
p125,2028,9.0,9.0,55.0,46.0,6.1
p125,2029,10.8,10.8,66.1,55.3,6.1
p125,2030,12.6,12.6,77.3,64.7,6.2
p125,2031,13.5,13.5,83.2,69.6,6.2
p125,2032,14.5,14.5,89.1,74.6,6.2
p125,2033,15.4,15.4,95.0,79.6,6.2
p125,2034,16.4,16.4,100.9,84.5,6.2
p125,2035,17.3,17.3,106.8,89.5,6.2
p125,2036,18.3,18.3,112.8,94.5,6.2
p125,2037,19.2,19.2,118.7,99.5,6.2
p125,2038,20.2,20.2,124.7,104.6,6.2
p125,2039,21.1,21.1,130.7,109.6,6.2
p125,2040,22.1,22.1,136.7,114.6,6.2
p125,2041,22.8,22.8,141.2,118.4,6.2
p125,2042,23.5,23.5,145.7,122.2,6.2
p125,2043,24.2,24.2,150.2,126.0,6.2
p125,2044,24.9,24.9,154.8,129.8,6.2
p125,2045,25.6,25.6,159.3,133.7,6.2
p125,2046,26.4,26.4,163.9,137.5,6.2
p125,2047,27.1,27.1,168.4,141.3,6.2
p125,2048,27.8,27.8,173.0,145.2,6.2
p125,2049,28.5,28.5,177.5,149.0,6.2
p125,2050,29.2,29.2,182.1,152.9,6.2
p126,2023,0.0,0.0,0.0,0.0,
p126,2024,55.5,55.5,335.5,280.0,6.0
p126,2025,111.4,111.4,677.1,565.7,6.1
p126,2026,167.6,167.6,1024.9,857.3,6.1
p126,2027,224.2,224.2,1379.1,1154.9,6.2
p126,2028,281.2,281.2,1739.8,1458.6,6.2
p126,2029,338.5,338.5,2107.0,1768.5,6.2
p126,2030,396.1,396.1,2480.9,2084.8,6.3
p126,2031,426.7,426.7,2681.6,2254.9,6.3
p126,2032,457.4,457.4,2884.2,2426.9,6.3
p126,2033,488.2,488.2,3088.8,2600.6,6.3
p126,2034,519.0,519.0,3295.3,2776.3,6.3
p126,2035,550.0,550.0,3503.8,2953.8,6.4
p126,2036,581.1,581.1,3714.4,3133.3,6.4
p126,2037,612.3,612.3,3926.9,3314.6,6.4
p126,2038,643.6,643.6,4141.5,3497.9,6.4
p126,2039,675.0,675.0,4358.1,3683.2,6.5
p126,2040,706.5,706.5,4576.9,3870.4,6.5
p126,2041,730.3,730.3,4743.1,4012.9,6.5
p126,2042,754.1,754.1,4910.5,4156.4,6.5
p126,2043,778.0,778.0,5079.2,4301.2,6.5
p126,2044,802.0,802.0,5249.1,4447.1,6.5
p126,2045,826.0,826.0,5420.2,4594.2,6.6
p126,2046,850.1,850.1,5592.5,4742.4,6.6
p126,2047,874.2,874.2,5766.1,4891.9,6.6
p126,2048,898.4,898.4,5941.0,5042.5,6.6
p126,2049,922.7,922.7,6117.1,5194.4,6.6
p126,2050,947.0,947.0,6294.5,5347.4,6.6
p127,2023,0.0,0.0,0.0,0.0,
p127,2024,112.8,112.8,592.4,479.6,5.3
p127,2025,226.5,226.5,1198.2,971.7,5.3
p127,2026,341.1,341.1,1817.7,1476.7,5.3
p127,2027,456.5,456.5,2451.4,1994.8,5.4
p127,2028,572.9,572.9,3099.3,2526.5,5.4
p127,2029,690.2,690.2,3762.0,3071.9,5.5
p127,2030,808.3,808.3,4439.7,3631.4,5.5
p127,2031,871.2,871.2,4805.4,3934.2,5.5
p127,2032,934.2,934.2,5175.4,4241.1,5.5
p127,2033,997.6,997.6,5549.8,4552.2,5.6
p127,2034,1061.2,1061.2,5928.8,4867.6,5.6
p127,2035,1125.1,1125.1,6312.2,5187.2,5.6
p127,2036,1189.2,1189.2,6700.3,5511.1,5.6
p127,2037,1253.6,1253.6,7093.0,5839.4,5.7
p127,2038,1318.3,1318.3,7490.4,6172.1,5.7
p127,2039,1383.2,1383.2,7892.5,6509.3,5.7
p127,2040,1448.4,1448.4,8299.5,6851.1,5.7
p127,2041,1497.7,1497.7,8609.8,7112.1,5.7
p127,2042,1547.2,1547.2,8922.8,7375.7,5.8
p127,2043,1596.8,1596.8,9238.8,7642.0,5.8
p127,2044,1646.6,1646.6,9557.5,7911.0,5.8
p127,2045,1696.5,1696.5,9879.1,8182.7,5.8
p127,2046,1746.6,1746.6,10203.7,8457.1,5.8
p127,2047,1796.8,1796.8,10531.1,8734.3,5.9
p127,2048,1847.2,1847.2,10861.5,9014.3,5.9
p127,2049,1897.8,1897.8,11194.9,9297.2,5.9
p127,2050,1948.5,1948.5,11531.3,9582.8,5.9
p128,2023,0.0,0.0,0.0,0.0,
p128,2024,19.6,19.6,102.7,83.1,5.3
p128,2025,39.3,39.3,207.8,168.6,5.3
p128,2026,59.1,59.1,315.5,256.4,5.3
p128,2027,79.2,79.2,425.8,346.7,5.4
p128,2028,99.4,99.4,538.8,439.4,5.4
p128,2029,119.8,119.8,654.5,534.8,5.5
p128,2030,140.3,140.3,773.0,632.7,5.5
p128,2031,151.2,151.2,837.1,685.8,5.5
p128,2032,162.2,162.2,901.9,739.7,5.6
p128,2033,173.2,173.2,967.6,794.4,5.6
p128,2034,184.3,184.3,1034.1,849.8,5.6
p128,2035,195.4,195.4,1101.5,906.1,5.6
p128,2036,206.6,206.6,1169.7,963.1,5.7
p128,2037,217.8,217.8,1238.8,1021.0,5.7
p128,2038,229.1,229.1,1308.8,1079.7,5.7
p128,2039,240.4,240.4,1379.7,1139.3,5.7
p128,2040,251.8,251.8,1451.5,1199.7,5.8
p128,2041,260.4,260.4,1506.3,1245.9,5.8
p128,2042,269.0,269.0,1561.6,1292.5,5.8
p128,2043,277.7,277.7,1617.4,1339.7,5.8
p128,2044,286.4,286.4,1673.8,1387.4,5.8
p128,2045,295.1,295.1,1730.7,1435.6,5.9
p128,2046,303.8,303.8,1788.2,1484.3,5.9
p128,2047,312.6,312.6,1846.2,1533.6,5.9
p128,2048,321.4,321.4,1904.8,1583.4,5.9
p128,2049,330.3,330.3,1963.9,1633.7,5.9
p128,2050,339.1,339.1,2023.6,1684.5,6.0
p129,2023,0.0,0.0,0.0,0.0,
p129,2024,0.2,0.2,1.0,0.8,4.8
p129,2025,0.4,0.4,2.1,1.6,4.8
p129,2026,0.6,0.6,3.1,2.4,4.8
p129,2027,0.8,0.8,4.1,3.3,4.8
p129,2028,1.1,1.1,5.1,4.1,4.8
p129,2029,1.3,1.3,6.2,4.9,4.8
p129,2030,1.5,1.5,7.2,5.7,4.8
p129,2031,1.6,1.6,7.7,6.1,4.9
p129,2032,1.7,1.7,8.3,6.6,4.9
p129,2033,1.8,1.8,8.8,7.0,4.9
p129,2034,1.9,1.9,9.4,7.4,4.9
p129,2035,2.0,2.0,9.9,7.9,4.9
p129,2036,2.2,2.2,10.5,8.3,4.9
p129,2037,2.3,2.3,11.0,8.7,4.9
p129,2038,2.4,2.4,11.5,9.2,4.9
p129,2039,2.5,2.5,12.1,9.6,4.9
p129,2040,2.6,2.6,12.6,10.0,4.9
p129,2041,2.7,2.7,13.0,10.4,4.9
p129,2042,2.8,2.8,13.4,10.7,4.9
p129,2043,2.9,2.9,13.9,11.0,4.9
p129,2044,2.9,2.9,14.3,11.3,4.9
p129,2045,3.0,3.0,14.7,11.7,4.9
p129,2046,3.1,3.1,15.1,12.0,4.9
p129,2047,3.2,3.2,15.5,12.3,4.9
p129,2048,3.3,3.3,15.9,12.6,4.9
p129,2049,3.4,3.4,16.3,13.0,4.9
p129,2050,3.4,3.4,16.7,13.3,4.9
p13,2023,0.0,0.0,0.0,0.0,
p13,2024,113.3,113.3,629.9,516.5,5.6
p13,2025,230.7,230.7,1324.5,1093.8,5.7
p13,2026,352.2,352.2,2090.5,1738.4,5.9
p13,2027,477.9,477.9,2935.3,2457.4,6.1
p13,2028,608.1,608.1,3866.9,3258.8,6.4
p13,2029,742.9,742.9,4894.3,4151.5,6.6
p13,2030,882.4,882.4,6027.4,5144.9,6.8
p13,2031,959.8,959.8,6697.0,5737.2,7.0
p13,2032,1038.7,1038.7,7403.6,6364.9,7.1
p13,2033,1119.1,1119.1,8149.1,7030.0,7.3
p13,2034,1201.0,1201.0,8935.7,7734.7,7.4
p13,2035,1284.4,1284.4,9765.7,8481.2,7.6
p13,2036,1369.5,1369.5,10641.3,9271.8,7.8
p13,2037,1456.1,1456.1,11565.2,10109.1,7.9
p13,2038,1544.4,1544.4,12540.0,10995.7,8.1
p13,2039,1634.3,1634.3,13568.6,11934.3,8.3
p13,2040,1725.9,1725.9,14653.7,12927.8,8.5
p13,2041,1797.4,1797.4,15530.0,13732.6,8.6
p13,2042,1869.9,1869.9,16443.3,14573.4,8.8
p13,2043,1943.4,1943.4,17395.0,15451.6,9.0
p13,2044,2018.0,2018.0,18386.9,16368.9,9.1
p13,2045,2093.7,2093.7,19420.6,17326.9,9.3
p13,2046,2170.5,2170.5,20497.9,18327.4,9.4
p13,2047,2248.3,2248.3,21620.6,19372.3,9.6
p13,2048,2327.3,2327.3,22790.7,20463.3,9.8
p13,2049,2407.5,2407.5,24010.1,21602.6,10.0
p13,2050,2488.8,2488.8,25280.9,22792.1,10.2
p130,2023,0.0,0.0,0.0,0.0,
p130,2024,0.2,0.2,1.0,0.9,5.4
p130,2025,0.4,0.4,2.1,1.7,5.4
p130,2026,0.6,0.6,3.1,2.6,5.4
p130,2027,0.8,0.8,4.2,3.4,5.4
p130,2028,1.0,1.0,5.2,4.3,5.4
p130,2029,1.2,1.2,6.3,5.1,5.4
p130,2030,1.4,1.4,7.3,6.0,5.4
p130,2031,1.5,1.5,7.9,6.4,5.4
p130,2032,1.6,1.6,8.4,6.9,5.4
p130,2033,1.7,1.7,9.0,7.3,5.4
p130,2034,1.8,1.8,9.6,7.8,5.4
p130,2035,1.9,1.9,10.1,8.2,5.4
p130,2036,2.0,2.0,10.7,8.7,5.4
p130,2037,2.1,2.1,11.2,9.1,5.4
p130,2038,2.2,2.2,11.8,9.6,5.4
p130,2039,2.3,2.3,12.3,10.0,5.4
p130,2040,2.4,2.4,12.9,10.5,5.4
p130,2041,2.5,2.5,13.3,10.8,5.4
p130,2042,2.6,2.6,13.7,11.1,5.4
p130,2043,2.6,2.6,14.1,11.5,5.4
p130,2044,2.7,2.7,14.5,11.8,5.4
p130,2045,2.8,2.8,14.9,12.2,5.4
p130,2046,2.9,2.9,15.4,12.5,5.4
p130,2047,2.9,2.9,15.8,12.8,5.4
p130,2048,3.0,3.0,16.2,13.2,5.4
p130,2049,3.1,3.1,16.6,13.5,5.4
p130,2050,3.2,3.2,17.0,13.9,5.4
p131,2023,0.0,0.0,0.0,0.0,
p131,2024,1.5,1.5,8.3,6.8,5.7
p131,2025,2.9,2.9,16.6,13.7,5.7
p131,2026,4.4,4.4,24.9,20.5,5.7
p131,2027,5.9,5.9,33.2,27.3,5.7
p131,2028,7.3,7.3,41.5,34.2,5.7
p131,2029,8.8,8.8,49.9,41.0,5.7
p131,2030,10.3,10.3,58.2,47.9,5.7
p131,2031,11.0,11.0,62.6,51.5,5.7
p131,2032,11.8,11.8,66.9,55.1,5.7
p131,2033,12.6,12.6,71.3,58.7,5.7
p131,2034,13.4,13.4,75.7,62.3,5.7
p131,2035,14.1,14.1,80.1,65.9,5.7
p131,2036,14.9,14.9,84.5,69.6,5.7
p131,2037,15.7,15.7,88.8,73.2,5.7
p131,2038,16.4,16.4,93.2,76.8,5.7
p131,2039,17.2,17.2,97.6,80.4,5.7
p131,2040,18.0,18.0,102.0,84.0,5.7
p131,2041,18.6,18.6,105.3,86.7,5.7
p131,2042,19.2,19.2,108.6,89.5,5.7
p131,2043,19.7,19.7,111.9,92.2,5.7
p131,2044,20.3,20.3,115.2,94.9,5.7
p131,2045,20.9,20.9,118.5,97.6,5.7
p131,2046,21.5,21.5,121.8,100.3,5.7
p131,2047,22.0,22.0,125.1,103.0,5.7
p131,2048,22.6,22.6,128.4,105.8,5.7
p131,2049,23.2,23.2,131.7,108.5,5.7
p131,2050,23.8,23.8,135.0,111.2,5.7
p132,2023,0.0,0.0,0.0,0.0,
p132,2024,17.1,17.1,101.4,84.4,5.9
p132,2025,34.2,34.2,204.4,170.1,6.0
p132,2026,51.5,51.5,308.9,257.4,6.0
p132,2027,68.8,68.8,414.9,346.1,6.0
p132,2028,86.2,86.2,522.6,436.4,6.1
p132,2029,103.7,103.7,631.9,528.2,6.1
p132,2030,121.3,121.3,742.8,621.5,6.1
p132,2031,130.7,130.7,802.1,671.5,6.1
p132,2032,140.0,140.0,861.9,721.9,6.2
p132,2033,149.4,149.4,922.2,772.8,6.2
p132,2034,158.8,158.8,982.9,824.1,6.2
p132,2035,168.2,168.2,1044.1,875.9,6.2
p132,2036,177.6,177.6,1105.8,928.2,6.2
p132,2037,187.1,187.1,1168.0,980.9,6.2
p132,2038,196.6,196.6,1230.7,1034.0,6.3
p132,2039,206.1,206.1,1293.8,1087.7,6.3
p132,2040,215.7,215.7,1357.5,1141.8,6.3
p132,2041,222.9,222.9,1405.8,1182.9,6.3
p132,2042,230.1,230.1,1454.4,1224.2,6.3
p132,2043,237.4,237.4,1503.2,1265.9,6.3
p132,2044,244.6,244.6,1552.4,1307.8,6.3
p132,2045,251.9,251.9,1601.8,1349.9,6.4
p132,2046,259.1,259.1,1651.5,1392.4,6.4
p132,2047,266.4,266.4,1701.6,1435.1,6.4
p132,2048,273.7,273.7,1751.9,1478.2,6.4
p132,2049,281.1,281.1,1802.5,1521.5,6.4
p132,2050,288.4,288.4,1853.5,1565.1,6.4
p133,2023,0.0,0.0,0.0,0.0,
p133,2024,0.1,0.1,0.7,0.6,6.1
p133,2025,0.2,0.2,1.4,1.2,6.1
p133,2026,0.3,0.3,2.1,1.7,6.1
p133,2027,0.5,0.5,2.8,2.3,6.1
p133,2028,0.6,0.6,3.5,2.9,6.1
p133,2029,0.7,0.7,4.2,3.5,6.1
p133,2030,0.8,0.8,4.9,4.1,6.1
p133,2031,0.9,0.9,5.2,4.4,6.1
p133,2032,0.9,0.9,5.6,4.7,6.1
p133,2033,1.0,1.0,6.0,5.0,6.1
p133,2034,1.0,1.0,6.3,5.3,6.1
p133,2035,1.1,1.1,6.7,5.6,6.1
p133,2036,1.2,1.2,7.1,5.9,6.1
p133,2037,1.2,1.2,7.4,6.2,6.1
p133,2038,1.3,1.3,7.8,6.5,6.1
p133,2039,1.3,1.3,8.2,6.8,6.1
p133,2040,1.4,1.4,8.5,7.1,6.1
p133,2041,1.4,1.4,8.8,7.4,6.1
p133,2042,1.5,1.5,9.1,7.6,6.1
p133,2043,1.5,1.5,9.4,7.8,6.1
p133,2044,1.6,1.6,9.6,8.1,6.1
p133,2045,1.6,1.6,9.9,8.3,6.1
p133,2046,1.7,1.7,10.2,8.5,6.1
p133,2047,1.7,1.7,10.5,8.7,6.1
p133,2048,1.8,1.8,10.7,9.0,6.1
p133,2049,1.8,1.8,11.0,9.2,6.1
p133,2050,1.8,1.8,11.3,9.4,6.1
p134,2023,0.0,0.0,0.0,0.0,
p134,2024,0.6,0.6,2.3,1.8,4.2
p134,2025,1.1,1.1,4.7,3.6,4.2
p134,2026,1.7,1.7,7.0,5.4,4.2
p134,2027,2.2,2.2,9.4,7.2,4.2
p134,2028,2.8,2.8,11.7,9.0,4.2
p134,2029,3.3,3.3,14.1,10.8,4.2
p134,2030,3.9,3.9,16.5,12.6,4.2
p134,2031,4.2,4.2,17.7,13.5,4.2
p134,2032,4.5,4.5,18.9,14.5,4.2
p134,2033,4.8,4.8,20.2,15.4,4.2
p134,2034,5.0,5.0,21.4,16.4,4.2
p134,2035,5.3,5.3,22.7,17.3,4.2
p134,2036,5.6,5.6,23.9,18.3,4.2
p134,2037,5.9,5.9,25.2,19.2,4.2
p134,2038,6.2,6.2,26.4,20.2,4.2
p134,2039,6.5,6.5,27.7,21.1,4.2
p134,2040,6.8,6.8,28.9,22.1,4.2
p134,2041,7.0,7.0,29.8,22.8,4.3
p134,2042,7.2,7.2,30.8,23.5,4.3
p134,2043,7.5,7.5,31.7,24.3,4.3
p134,2044,7.7,7.7,32.6,25.0,4.3
p134,2045,7.9,7.9,33.6,25.7,4.3
p134,2046,8.1,8.1,34.5,26.4,4.3
p134,2047,8.3,8.3,35.5,27.1,4.3
p134,2048,8.6,8.6,36.4,27.8,4.3
p134,2049,8.8,8.8,37.3,28.6,4.3
p134,2050,9.0,9.0,38.3,29.3,4.3
p14,2023,0.0,0.0,0.0,0.0,
p14,2024,8.6,8.6,41.5,33.0,4.8
p14,2025,17.3,17.3,85.1,67.8,4.9
p14,2026,26.1,26.1,130.7,104.6,5.0
p14,2027,35.1,35.1,178.6,143.4,5.1
p14,2028,44.3,44.3,228.7,184.4,5.2
p14,2029,53.6,53.6,281.3,227.7,5.2
p14,2030,63.1,63.1,336.5,273.4,5.3
p14,2031,68.2,68.2,367.1,299.0,5.4
p14,2032,73.3,73.3,398.6,325.3,5.4
p14,2033,78.5,78.5,430.8,352.3,5.5
p14,2034,83.7,83.7,463.9,380.2,5.5
p14,2035,89.0,89.0,497.8,408.8,5.6
p14,2036,94.3,94.3,532.6,438.3,5.6
p14,2037,99.7,99.7,568.3,468.6,5.7
p14,2038,105.1,105.1,605.0,499.8,5.8
p14,2039,110.6,110.6,642.5,531.9,5.8
p14,2040,116.1,116.1,681.0,564.9,5.9
p14,2041,120.3,120.3,710.9,590.6,5.9
p14,2042,124.6,124.6,741.4,616.9,6.0
p14,2043,128.9,128.9,772.5,643.7,6.0
p14,2044,133.2,133.2,804.2,671.1,6.0
p14,2045,137.5,137.5,836.5,699.1,6.1
p14,2046,141.8,141.8,869.5,727.6,6.1
p14,2047,146.2,146.2,903.1,756.8,6.2
p14,2048,150.6,150.6,937.3,786.7,6.2
p14,2049,155.1,155.1,972.2,817.1,6.3
p14,2050,159.6,159.6,1007.8,848.2,6.3
p15,2023,0.0,0.0,0.0,0.0,
p15,2024,24.1,24.1,116.9,92.7,4.8
p15,2025,48.6,48.6,238.2,189.6,4.9
p15,2026,73.4,73.4,364.2,290.8,5.0
p15,2027,98.5,98.5,495.0,396.5,5.0
p15,2028,123.9,123.9,630.9,506.9,5.1
p15,2029,149.7,149.7,771.9,622.1,5.2
p15,2030,175.8,175.8,918.3,742.4,5.2
p15,2031,189.8,189.8,998.7,808.9,5.3
p15,2032,203.9,203.9,1080.8,876.8,5.3
p15,2033,218.1,218.1,1164.5,946.4,5.3
p15,2034,232.4,232.4,1249.9,1017.5,5.4
p15,2035,246.8,246.8,1337.1,1090.3,5.4
p15,2036,261.3,261.3,1426.0,1164.7,5.5
p15,2037,275.9,275.9,1516.7,1240.8,5.5
p15,2038,290.6,290.6,1609.2,1318.7,5.5
p15,2039,305.4,305.4,1703.7,1398.3,5.6
p15,2040,320.3,320.3,1800.0,1479.7,5.6
p15,2041,331.6,331.6,1874.3,1542.7,5.7
p15,2042,343.0,343.0,1949.7,1606.7,5.7
p15,2043,354.5,354.5,2026.3,1671.8,5.7
p15,2044,366.0,366.0,2104.0,1738.0,5.7
p15,2045,377.6,377.6,2182.9,1805.3,5.8
p15,2046,389.2,389.2,2263.0,1873.8,5.8
p15,2047,400.9,400.9,2344.4,1943.5,5.8
p15,2048,412.7,412.7,2427.0,2014.3,5.9
p15,2049,424.5,424.5,2510.9,2086.4,5.9
p15,2050,436.4,436.4,2596.0,2159.6,5.9
p16,2023,0.0,0.0,0.0,0.0,
p16,2024,12.6,12.6,61.0,48.4,4.8
p16,2025,25.4,25.4,125.4,100.0,4.9
p16,2026,38.5,38.5,193.3,154.8,5.0
p16,2027,51.8,51.8,264.8,213.0,5.1
p16,2028,65.4,65.4,340.3,274.9,5.2
p16,2029,79.2,79.2,419.8,340.6,5.3
p16,2030,93.3,93.3,503.7,410.4,5.4
p16,2031,100.9,100.9,550.7,449.8,5.5
p16,2032,108.6,108.6,599.0,490.4,5.5
p16,2033,116.4,116.4,648.7,532.3,5.6
p16,2034,124.2,124.2,699.9,575.6,5.6
p16,2035,132.2,132.2,752.5,620.4,5.7
p16,2036,140.2,140.2,806.7,666.5,5.8
p16,2037,148.2,148.2,862.4,714.1,5.8
p16,2038,156.4,156.4,919.7,763.3,5.9
p16,2039,164.6,164.6,978.7,814.1,5.9
p16,2040,173.0,173.0,1039.4,866.4,6.0
p16,2041,179.3,179.3,1086.7,907.4,6.1
p16,2042,185.8,185.8,1135.1,949.3,6.1
p16,2043,192.2,192.2,1184.5,992.3,6.2
p16,2044,198.7,198.7,1235.1,1036.3,6.2
p16,2045,205.3,205.3,1286.7,1081.4,6.3
p16,2046,211.9,211.9,1339.5,1127.5,6.3
p16,2047,218.6,218.6,1393.4,1174.8,6.4
p16,2048,225.3,225.3,1448.5,1223.1,6.4
p16,2049,232.1,232.1,1504.8,1272.7,6.5
p16,2050,238.9,238.9,1562.3,1323.4,6.5
p17,2023,0.0,0.0,0.0,0.0,
p17,2024,2.4,2.4,10.5,8.1,4.3
p17,2025,4.9,4.9,21.2,16.3,4.3
p17,2026,7.4,7.4,31.9,24.5,4.3
p17,2027,9.8,9.8,42.6,32.8,4.3
p17,2028,12.3,12.3,53.5,41.2,4.4
p17,2029,14.8,14.8,64.4,49.7,4.4
p17,2030,17.3,17.3,75.5,58.2,4.4
p17,2031,18.6,18.6,81.3,62.8,4.4
p17,2032,19.9,19.9,87.2,67.3,4.4
p17,2033,21.2,21.2,93.1,71.9,4.4
p17,2034,22.5,22.5,99.0,76.5,4.4
p17,2035,23.8,23.8,104.9,81.1,4.4
p17,2036,25.1,25.1,110.9,85.7,4.4
p17,2037,26.5,26.5,116.9,90.4,4.4
p17,2038,27.8,27.8,122.9,95.1,4.4
p17,2039,29.1,29.1,128.9,99.8,4.4
p17,2040,30.4,30.4,135.0,104.5,4.4
p17,2041,31.4,31.4,139.5,108.1,4.4
p17,2042,32.4,32.4,144.1,111.7,4.4
p17,2043,33.4,33.4,148.7,115.3,4.4
p17,2044,34.4,34.4,153.3,118.9,4.5
p17,2045,35.4,35.4,157.9,122.5,4.5
p17,2046,36.4,36.4,162.6,126.2,4.5
p17,2047,37.4,37.4,167.2,129.8,4.5
p17,2048,38.4,38.4,171.9,133.5,4.5
p17,2049,39.4,39.4,176.6,137.1,4.5
p17,2050,40.4,40.4,181.3,140.8,4.5
p18,2023,0.0,0.0,0.0,0.0,
p18,2024,2.2,2.2,9.6,7.3,4.3
p18,2025,4.4,4.4,19.2,14.8,4.3
p18,2026,6.7,6.7,29.1,22.4,4.3
p18,2027,8.9,8.9,39.0,30.1,4.4
p18,2028,11.2,11.2,49.0,37.9,4.4
p18,2029,13.4,13.4,59.2,45.8,4.4
p18,2030,15.7,15.7,69.5,53.8,4.4
p18,2031,16.9,16.9,75.0,58.1,4.4
p18,2032,18.1,18.1,80.6,62.4,4.4
p18,2033,19.3,19.3,86.1,66.8,4.5
p18,2034,20.6,20.6,91.8,71.2,4.5
p18,2035,21.8,21.8,97.4,75.6,4.5
p18,2036,23.0,23.0,103.1,80.1,4.5
p18,2037,24.2,24.2,108.8,84.6,4.5
p18,2038,25.4,25.4,114.6,89.2,4.5
p18,2039,26.6,26.6,120.4,93.7,4.5
p18,2040,27.9,27.9,126.2,98.3,4.5
p18,2041,28.8,28.8,130.6,101.8,4.5
p18,2042,29.7,29.7,135.1,105.3,4.5
p18,2043,30.7,30.7,139.5,108.9,4.6
p18,2044,31.6,31.6,144.0,112.4,4.6
p18,2045,32.5,32.5,148.5,116.0,4.6
p18,2046,33.5,33.5,153.1,119.6,4.6
p18,2047,34.4,34.4,157.6,123.2,4.6
p18,2048,35.3,35.3,162.2,126.9,4.6
p18,2049,36.3,36.3,166.8,130.5,4.6
p18,2050,37.2,37.2,171.4,134.2,4.6
p19,2023,0.0,0.0,0.0,0.0,
p19,2024,0.0,0.0,0.2,0.2,4.2
p19,2025,0.1,0.1,0.4,0.3,4.2
p19,2026,0.1,0.1,0.6,0.5,4.2
p19,2027,0.2,0.2,0.8,0.6,4.2
p19,2028,0.2,0.2,1.1,0.8,4.3
p19,2029,0.3,0.3,1.3,1.0,4.3
p19,2030,0.4,0.4,1.5,1.2,4.3
p19,2031,0.4,0.4,1.6,1.2,4.3
p19,2032,0.4,0.4,1.7,1.3,4.3
p19,2033,0.4,0.4,1.9,1.4,4.3
p19,2034,0.5,0.5,2.0,1.5,4.3
p19,2035,0.5,0.5,2.1,1.6,4.3
p19,2036,0.5,0.5,2.2,1.7,4.3
p19,2037,0.5,0.5,2.3,1.8,4.4
p19,2038,0.6,0.6,2.5,1.9,4.4
p19,2039,0.6,0.6,2.6,2.0,4.4
p19,2040,0.6,0.6,2.7,2.1,4.4
p19,2041,0.6,0.6,2.8,2.2,4.4
p19,2042,0.7,0.7,2.9,2.2,4.4
p19,2043,0.7,0.7,3.0,2.3,4.4
p19,2044,0.7,0.7,3.1,2.4,4.4
p19,2045,0.7,0.7,3.2,2.5,4.4
p19,2046,0.7,0.7,3.3,2.6,4.4
p19,2047,0.8,0.8,3.4,2.6,4.4
p19,2048,0.8,0.8,3.5,2.7,4.4
p19,2049,0.8,0.8,3.6,2.8,4.4
p19,2050,0.8,0.8,3.7,2.9,4.5
p2,2023,0.0,0.0,0.0,0.0,
p2,2024,13.1,13.1,65.5,52.4,5.0
p2,2025,26.2,26.2,131.8,105.6,5.0
p2,2026,39.4,39.4,198.9,159.5,5.0
p2,2027,52.6,52.6,266.9,214.2,5.1
p2,2028,65.9,65.9,335.7,269.7,5.1
p2,2029,79.3,79.3,405.3,326.0,5.1
p2,2030,92.7,92.7,475.9,383.1,5.1
p2,2031,99.8,99.8,513.4,413.6,5.1
p2,2032,106.9,106.9,551.3,444.3,5.2
p2,2033,114.0,114.0,589.3,475.3,5.2
p2,2034,121.2,121.2,627.7,506.5,5.2
p2,2035,128.3,128.3,666.2,537.9,5.2
p2,2036,135.5,135.5,705.1,569.6,5.2
p2,2037,142.7,142.7,744.1,601.4,5.2
p2,2038,149.9,149.9,783.5,633.6,5.2
p2,2039,157.1,157.1,823.1,665.9,5.2
p2,2040,164.4,164.4,862.9,698.6,5.3
p2,2041,169.8,169.8,893.1,723.3,5.3
p2,2042,175.3,175.3,923.4,748.1,5.3
p2,2043,180.7,180.7,953.8,773.1,5.3
p2,2044,186.2,186.2,984.4,798.2,5.3
p2,2045,191.7,191.7,1015.2,823.5,5.3
p2,2046,197.2,197.2,1046.1,848.9,5.3
p2,2047,202.7,202.7,1077.1,874.4,5.3
p2,2048,208.2,208.2,1108.4,900.1,5.3
p2,2049,213.8,213.8,1139.7,926.0,5.3
p2,2050,219.3,219.3,1171.2,951.9,5.3
p20,2023,0.0,0.0,0.0,0.0,
p20,2024,1.1,1.1,4.9,3.7,4.3
p20,2025,2.3,2.3,9.8,7.5,4.3
p20,2026,3.4,3.4,14.8,11.4,4.3
p20,2027,4.6,4.6,19.9,15.3,4.4
p20,2028,5.7,5.7,25.0,19.3,4.4
p20,2029,6.9,6.9,30.2,23.3,4.4
p20,2030,8.0,8.0,35.4,27.4,4.4
p20,2031,8.6,8.6,38.2,29.6,4.4
p20,2032,9.2,9.2,41.0,31.8,4.4
p20,2033,9.9,9.9,43.9,34.0,4.4
p20,2034,10.5,10.5,46.7,36.2,4.5
p20,2035,11.1,11.1,49.6,38.5,4.5
p20,2036,11.7,11.7,52.5,40.8,4.5
p20,2037,12.3,12.3,55.4,43.0,4.5
p20,2038,13.0,13.0,58.3,45.4,4.5
p20,2039,13.6,13.6,61.3,47.7,4.5
p20,2040,14.2,14.2,64.2,50.0,4.5
p20,2041,14.7,14.7,66.5,51.8,4.5
p20,2042,15.2,15.2,68.7,53.6,4.5
p20,2043,15.6,15.6,71.0,55.4,4.5
p20,2044,16.1,16.1,73.3,57.2,4.6
p20,2045,16.6,16.6,75.6,59.0,4.6
p20,2046,17.1,17.1,77.9,60.8,4.6
p20,2047,17.5,17.5,80.2,62.7,4.6
p20,2048,18.0,18.0,82.5,64.5,4.6
p20,2049,18.5,18.5,84.9,66.4,4.6
p20,2050,19.0,19.0,87.2,68.3,4.6
p21,2023,0.0,0.0,0.0,0.0,
p21,2024,20.2,20.2,77.6,57.5,3.9
p21,2025,40.8,40.8,160.4,119.6,3.9
p21,2026,61.9,61.9,248.5,186.7,4.0
p21,2027,83.4,83.4,342.5,259.1,4.1
p21,2028,105.4,105.4,442.6,337.1,4.2
p21,2029,128.0,128.0,549.3,421.3,4.3
p21,2030,151.0,151.0,662.9,511.9,4.4
p21,2031,163.6,163.6,727.4,563.9,4.4
p21,2032,176.2,176.2,794.1,617.9,4.5
p21,2033,189.1,189.1,863.2,674.1,4.6
p21,2034,202.1,202.1,934.6,732.6,4.6
p21,2035,215.2,215.2,1008.6,793.4,4.7
p21,2036,228.5,228.5,1085.2,856.6,4.7
p21,2037,242.0,242.0,1164.4,922.4,4.8
p21,2038,255.6,255.6,1246.4,990.7,4.9
p21,2039,269.4,269.4,1331.2,1061.8,4.9
p21,2040,283.4,283.4,1419.0,1135.6,5.0
p21,2041,294.1,294.1,1488.1,1194.0,5.1
p21,2042,304.9,304.9,1558.9,1254.0,5.1
p21,2043,315.9,315.9,1631.7,1315.8,5.2
p21,2044,326.9,326.9,1706.4,1379.5,5.2
p21,2045,338.0,338.0,1783.1,1445.1,5.3
p21,2046,349.2,349.2,1861.8,1512.6,5.3
p21,2047,360.6,360.6,1942.6,1582.0,5.4
p21,2048,372.0,372.0,2025.6,1653.5,5.4
p21,2049,383.6,383.6,2110.7,1727.1,5.5
p21,2050,395.2,395.2,2198.1,1802.9,5.6
p22,2023,0.0,0.0,0.0,0.0,
p22,2024,1.6,1.6,6.1,4.5,3.9
p22,2025,3.2,3.2,12.4,9.2,3.9
p22,2026,4.8,4.8,18.9,14.1,3.9
p22,2027,6.4,6.4,25.6,19.1,4.0
p22,2028,8.1,8.1,32.4,24.4,4.0
p22,2029,9.7,9.7,39.5,29.8,4.1
p22,2030,11.4,11.4,46.8,35.3,4.1
p22,2031,12.3,12.3,50.7,38.4,4.1
p22,2032,13.2,13.2,54.7,41.5,4.1
p22,2033,14.1,14.1,58.8,44.7,4.2
p22,2034,15.0,15.0,62.9,47.9,4.2
p22,2035,16.0,16.0,67.1,51.2,4.2
p22,2036,16.9,16.9,71.4,54.5,4.2
p22,2037,17.8,17.8,75.7,57.9,4.3
p22,2038,18.7,18.7,80.1,61.4,4.3
p22,2039,19.7,19.7,84.6,64.9,4.3
p22,2040,20.6,20.6,89.1,68.5,4.3
p22,2041,21.3,21.3,92.6,71.3,4.3
p22,2042,22.0,22.0,96.1,74.1,4.4
p22,2043,22.8,22.8,99.7,76.9,4.4
p22,2044,23.5,23.5,103.3,79.8,4.4
p22,2045,24.2,24.2,106.9,82.7,4.4
p22,2046,24.9,24.9,110.6,85.7,4.4
p22,2047,25.7,25.7,114.3,88.7,4.5
p22,2048,26.4,26.4,118.1,91.7,4.5
p22,2049,27.1,27.1,121.9,94.8,4.5
p22,2050,27.9,27.9,125.7,97.9,4.5
p23,2023,0.0,0.0,0.0,0.0,
p23,2024,2.4,2.4,9.2,6.8,3.9
p23,2025,4.8,4.8,18.9,14.1,3.9
p23,2026,7.3,7.3,29.2,21.9,4.0
p23,2027,9.8,9.8,40.1,30.3,4.1
p23,2028,12.4,12.4,51.7,39.2,4.2
p23,2029,15.0,15.0,63.9,48.8,4.2
p23,2030,17.7,17.7,76.8,59.1,4.3
p23,2031,19.2,19.2,84.1,64.9,4.4
p23,2032,20.6,20.6,91.6,70.9,4.4
p23,2033,22.1,22.1,99.3,77.2,4.5
p23,2034,23.6,23.6,107.3,83.6,4.5
p23,2035,25.2,25.2,115.5,90.3,4.6
p23,2036,26.7,26.7,124.0,97.3,4.6
p23,2037,28.2,28.2,132.7,104.5,4.7
p23,2038,29.8,29.8,141.7,111.9,4.8
p23,2039,31.4,31.4,151.0,119.6,4.8
p23,2040,33.0,33.0,160.6,127.6,4.9
p23,2041,34.2,34.2,168.1,133.9,4.9
p23,2042,35.5,35.5,175.8,140.3,5.0
p23,2043,36.7,36.7,183.6,146.9,5.0
p23,2044,38.0,38.0,191.6,153.7,5.0
p23,2045,39.2,39.2,199.9,160.6,5.1
p23,2046,40.5,40.5,208.3,167.8,5.1
p23,2047,41.8,41.8,216.9,175.1,5.2
p23,2048,43.1,43.1,225.7,182.6,5.2
p23,2049,44.4,44.4,234.8,190.4,5.3
p23,2050,45.7,45.7,244.0,198.3,5.3
p24,2023,0.0,0.0,0.0,0.0,
p24,2024,20.6,20.6,79.1,58.6,3.8
p24,2025,41.7,41.7,164.7,123.0,3.9
p24,2026,63.4,63.4,257.3,193.8,4.1
p24,2027,85.8,85.8,357.4,271.6,4.2
p24,2028,108.7,108.7,465.6,356.9,4.3
p24,2029,132.3,132.3,582.7,450.4,4.4
p24,2030,156.6,156.6,709.3,552.7,4.5
p24,2031,169.9,169.9,782.4,612.5,4.6
p24,2032,183.4,183.4,858.7,675.3,4.7
p24,2033,197.1,197.1,938.3,741.2,4.8
p24,2034,211.1,211.1,1021.4,810.3,4.8
p24,2035,225.2,225.2,1108.1,882.9,4.9
p24,2036,239.5,239.5,1198.5,959.0,5.0
p24,2037,254.1,254.1,1292.9,1038.8,5.1
p24,2038,268.8,268.8,1391.4,1122.5,5.2
p24,2039,283.8,283.8,1494.2,1210.3,5.3
p24,2040,299.0,299.0,1601.4,1302.4,5.4
p24,2041,310.8,310.8,1686.7,1375.9,5.4
p24,2042,322.7,322.7,1774.8,1452.1,5.5
p24,2043,334.8,334.8,1865.9,1531.1,5.6
p24,2044,346.9,346.9,1960.0,1613.0,5.6
p24,2045,359.2,359.2,2057.2,1697.9,5.7
p24,2046,371.7,371.7,2157.6,1785.9,5.8
p24,2047,384.3,384.3,2261.3,1877.0,5.9
p24,2048,397.0,397.0,2368.5,1971.5,6.0
p24,2049,409.9,409.9,2479.2,2069.3,6.0
p24,2050,422.9,422.9,2593.6,2170.7,6.1
p25,2023,0.0,0.0,0.0,0.0,
p25,2024,42.0,42.0,190.4,148.3,4.5
p25,2025,84.5,84.5,386.9,302.4,4.6
p25,2026,127.5,127.5,589.9,462.4,4.6
p25,2027,171.0,171.0,799.5,628.5,4.7
p25,2028,214.9,214.9,1015.9,801.0,4.7
p25,2029,259.4,259.4,1239.3,980.0,4.8
p25,2030,304.3,304.3,1470.1,1165.8,4.8
p25,2031,328.3,328.3,1596.0,1267.7,4.9
p25,2032,352.5,352.5,1724.2,1371.7,4.9
p25,2033,376.8,376.8,1854.5,1477.7,4.9
p25,2034,401.2,401.2,1987.1,1585.8,5.0
p25,2035,425.8,425.8,2121.9,1696.1,5.0
p25,2036,450.6,450.6,2259.1,1808.5,5.0
p25,2037,475.4,475.4,2398.6,1923.2,5.0
p25,2038,500.5,500.5,2540.6,2040.1,5.1
p25,2039,525.6,525.6,2685.0,2159.3,5.1
p25,2040,551.0,551.0,2831.8,2280.9,5.1
p25,2041,570.2,570.2,2944.6,2374.4,5.2
p25,2042,589.5,589.5,3058.9,2469.4,5.2
p25,2043,608.9,608.9,3174.6,2565.7,5.2
p25,2044,628.4,628.4,3291.9,2663.4,5.2
p25,2045,648.0,648.0,3410.6,2762.6,5.3
p25,2046,667.7,667.7,3530.9,2863.3,5.3
p25,2047,687.4,687.4,3652.8,2965.4,5.3
p25,2048,707.3,707.3,3776.3,3069.0,5.3
p25,2049,727.2,727.2,3901.3,3174.2,5.4
p25,2050,747.2,747.2,4028.0,3280.8,5.4
p26,2023,0.0,0.0,0.0,0.0,
p26,2024,2.0,2.0,8.8,6.9,4.5
p26,2025,3.9,3.9,18.0,14.1,4.6
p26,2026,5.9,5.9,27.5,21.5,4.6
p26,2027,8.0,8.0,37.3,29.3,4.7
p26,2028,10.0,10.0,47.4,37.4,4.7
p26,2029,12.1,12.1,57.9,45.8,4.8
p26,2030,14.2,14.2,68.7,54.5,4.8
p26,2031,15.3,15.3,74.6,59.3,4.9
p26,2032,16.5,16.5,80.7,64.2,4.9
p26,2033,17.6,17.6,86.8,69.2,4.9
p26,2034,18.7,18.7,93.1,74.3,5.0
p26,2035,19.9,19.9,99.4,79.5,5.0
p26,2036,21.0,21.0,105.9,84.9,5.0
p26,2037,22.2,22.2,112.5,90.3,5.1
p26,2038,23.4,23.4,119.2,95.8,5.1
p26,2039,24.6,24.6,126.1,101.5,5.1
p26,2040,25.8,25.8,133.0,107.3,5.2
p26,2041,26.7,26.7,138.4,111.7,5.2
p26,2042,27.6,27.6,143.8,116.3,5.2
p26,2043,28.5,28.5,149.3,120.9,5.2
p26,2044,29.4,29.4,154.9,125.5,5.3
p26,2045,30.3,30.3,160.6,130.3,5.3
p26,2046,31.2,31.2,166.3,135.1,5.3
p26,2047,32.2,32.2,172.1,140.0,5.4
p26,2048,33.1,33.1,178.0,144.9,5.4
p26,2049,34.0,34.0,184.0,149.9,5.4
p26,2050,35.0,35.0,190.0,155.1,5.4
p27,2023,0.0,0.0,0.0,0.0,
p27,2024,9.3,9.3,54.0,44.7,5.8
p27,2025,18.7,18.7,109.2,90.5,5.8
p27,2026,28.2,28.2,165.7,137.5,5.9
p27,2027,37.8,37.8,223.5,185.7,5.9
p27,2028,47.4,47.4,282.6,235.2,6.0
p27,2029,57.1,57.1,343.1,285.9,6.0
p27,2030,66.9,66.9,404.9,338.0,6.1
p27,2031,72.1,72.1,438.3,366.2,6.1
p27,2032,77.4,77.4,472.1,394.7,6.1
p27,2033,82.6,82.6,506.3,423.7,6.1
p27,2034,87.9,87.9,540.9,453.0,6.2
p27,2035,93.2,93.2,575.9,482.7,6.2
p27,2036,98.5,98.5,611.3,512.9,6.2
p27,2037,103.8,103.8,647.2,543.4,6.2
p27,2038,109.2,109.2,683.5,574.3,6.3
p27,2039,114.5,114.5,720.2,605.7,6.3
p27,2040,119.9,119.9,757.4,637.5,6.3
p27,2041,124.0,124.0,785.8,661.7,6.3
p27,2042,128.1,128.1,814.4,686.3,6.4
p27,2043,132.2,132.2,843.3,711.0,6.4
p27,2044,136.4,136.4,872.4,736.0,6.4
p27,2045,140.5,140.5,901.8,761.3,6.4
p27,2046,144.7,144.7,931.5,786.8,6.4
p27,2047,148.8,148.8,961.4,812.6,6.5
p27,2048,153.0,153.0,991.6,838.6,6.5
p27,2049,157.2,157.2,1022.1,864.9,6.5
p27,2050,161.4,161.4,1052.8,891.5,6.5
p28,2023,0.0,0.0,0.0,0.0,
p28,2024,230.9,230.9,1336.3,1105.3,5.8
p28,2025,469.1,469.1,2794.9,2325.8,6.0
p28,2026,714.8,714.8,4387.2,3672.4,6.1
p28,2027,968.2,968.2,6125.2,5157.0,6.3
p28,2028,1229.5,1229.5,8022.5,6792.9,6.5
p28,2029,1499.1,1499.1,10093.4,8594.3,6.7
p28,2030,1777.1,1777.1,12354.1,10577.0,7.0
p28,2031,1930.5,1930.5,13673.9,11743.4,7.1
p28,2032,2086.4,2086.4,15058.4,12972.0,7.2
p28,2033,2245.0,2245.0,16510.7,14265.7,7.4
p28,2034,2406.2,2406.2,18034.1,15627.9,7.5
p28,2035,2570.2,2570.2,19632.2,17062.0,7.6
p28,2036,2736.9,2736.9,21308.5,18571.6,7.8
p28,2037,2906.4,2906.4,23067.0,20160.6,7.9
p28,2038,3078.7,3078.7,24911.5,21832.8,8.1
p28,2039,3254.0,3254.0,26846.4,23592.5,8.3
p28,2040,3432.1,3432.1,28876.1,25444.0,8.4
p28,2041,3570.5,3570.5,30502.1,26931.6,8.5
p28,2042,3710.6,3710.6,32188.9,28478.3,8.7
p28,2043,3852.6,3852.6,33938.8,30086.2,8.8
p28,2044,3996.3,3996.3,35754.2,31757.8,8.9
p28,2045,4141.9,4141.9,37637.4,33495.5,9.1
p28,2046,4289.4,4289.4,39591.1,35301.7,9.2
p28,2047,4438.8,4438.8,41617.9,37179.1,9.4
p28,2048,4590.1,4590.1,43720.5,39130.4,9.5
p28,2049,4743.3,4743.3,45901.8,41158.5,9.7
p28,2050,4898.5,4898.5,48164.6,43266.1,9.8
p29,2023,0.0,0.0,0.0,0.0,
p29,2024,2.8,2.8,16.2,13.4,5.8
p29,2025,5.6,5.6,33.4,27.8,5.9
p29,2026,8.6,8.6,51.8,43.2,6.0
p29,2027,11.6,11.6,71.3,59.8,6.2
p29,2028,14.6,14.6,92.2,77.6,6.3
p29,2029,17.7,17.7,114.4,96.7,6.5
p29,2030,20.9,20.9,138.0,117.1,6.6
p29,2031,22.6,22.6,151.4,128.8,6.7
p29,2032,24.4,24.4,165.3,140.9,6.8
p29,2033,26.2,26.2,179.6,153.5,6.9
p29,2034,28.0,28.0,194.5,166.5,7.0
p29,2035,29.8,29.8,209.9,180.1,7.0
p29,2036,31.6,31.6,225.8,194.1,7.1
p29,2037,33.5,33.5,242.2,208.7,7.2
p29,2038,35.4,35.4,259.2,223.8,7.3
p29,2039,37.3,37.3,276.8,239.5,7.4
p29,2040,39.2,39.2,295.1,255.8,7.5
p29,2041,40.7,40.7,309.4,268.7,7.6
p29,2042,42.2,42.2,324.1,281.9,7.7
p29,2043,43.7,43.7,339.2,295.5,7.8
p29,2044,45.2,45.2,354.7,309.4,7.8
p29,2045,46.8,46.8,370.6,323.8,7.9
p29,2046,48.3,48.3,386.9,338.6,8.0
p29,2047,49.9,49.9,403.7,353.8,8.1
p29,2048,51.5,51.5,420.9,369.4,8.2
p29,2049,53.1,53.1,438.5,385.4,8.3
p29,2050,54.7,54.7,456.6,401.9,8.3
p3,2023,0.0,0.0,0.0,0.0,
p3,2024,6.7,6.7,33.5,26.8,5.0
p3,2025,13.4,13.4,67.5,54.1,5.0
p3,2026,20.2,20.2,102.0,81.8,5.1
p3,2027,27.0,27.0,137.0,110.0,5.1
p3,2028,33.8,33.8,172.4,138.6,5.1
p3,2029,40.7,40.7,208.4,167.7,5.1
p3,2030,47.6,47.6,244.8,197.2,5.1
p3,2031,51.2,51.2,264.3,213.1,5.2
p3,2032,54.9,54.9,283.9,229.0,5.2
p3,2033,58.5,58.5,303.6,245.1,5.2
p3,2034,62.2,62.2,323.5,261.3,5.2
p3,2035,65.9,65.9,343.5,277.6,5.2
p3,2036,69.6,69.6,363.7,294.1,5.2
p3,2037,73.3,73.3,384.0,310.7,5.2
p3,2038,77.0,77.0,404.5,327.5,5.3
p3,2039,80.7,80.7,425.1,344.4,5.3
p3,2040,84.5,84.5,445.9,361.5,5.3
p3,2041,87.3,87.3,461.7,374.4,5.3
p3,2042,90.1,90.1,477.5,387.4,5.3
p3,2043,92.9,92.9,493.4,400.5,5.3
p3,2044,95.7,95.7,509.4,413.7,5.3
p3,2045,98.6,98.6,525.5,426.9,5.3
p3,2046,101.4,101.4,541.7,440.3,5.3
p3,2047,104.3,104.3,558.0,453.7,5.4
p3,2048,107.1,107.1,574.3,467.2,5.4
p3,2049,110.0,110.0,590.8,480.8,5.4
p3,2050,112.8,112.8,607.3,494.5,5.4
p30,2023,0.0,0.0,0.0,0.0,
p30,2024,45.1,45.1,260.7,215.6,5.8
p30,2025,91.5,91.5,544.8,453.2,6.0
p30,2026,139.4,139.4,854.4,715.0,6.1
p30,2027,188.8,188.8,1191.8,1003.0,6.3
p30,2028,239.7,239.7,1559.6,1319.9,6.5
p30,2029,292.1,292.1,1960.4,1668.3,6.7
p30,2030,346.2,346.2,2397.3,2051.0,6.9
p30,2031,376.0,376.0,2651.8,2275.8,7.1
p30,2032,406.3,406.3,2918.6,2512.3,7.2
p30,2033,437.1,437.1,3198.2,2761.1,7.3
p30,2034,468.4,468.4,3491.2,3022.8,7.5
p30,2035,500.2,500.2,3798.3,3298.1,7.6
p30,2036,532.6,532.6,4120.2,3587.6,7.7
p30,2037,565.5,565.5,4457.5,3892.0,7.9
p30,2038,598.9,598.9,4811.0,4212.2,8.0
p30,2039,632.8,632.8,5181.5,4548.7,8.2
p30,2040,667.4,667.4,5569.9,4902.5,8.3
p30,2041,694.2,694.2,5880.6,5186.4,8.5
p30,2042,721.3,721.3,6202.6,5481.3,8.6
p30,2043,748.8,748.8,6536.6,5787.8,8.7
p30,2044,776.6,776.6,6882.7,6106.1,8.9
p30,2045,804.8,804.8,7241.5,6436.8,9.0
p30,2046,833.3,833.3,7613.6,6780.3,9.1
p30,2047,862.2,862.2,7999.2,7137.1,9.3
p30,2048,891.4,891.4,8399.0,7507.6,9.4
p30,2049,921.0,921.0,8813.5,7892.5,9.6
p30,2050,951.0,951.0,9243.1,8292.1,9.7
p31,2023,0.0,0.0,0.0,0.0,
p31,2024,57.5,57.5,276.2,218.7,4.8
p31,2025,116.5,116.5,572.6,456.1,4.9
p31,2026,176.9,176.9,890.6,713.7,5.0
p31,2027,238.9,238.9,1232.0,993.1,5.2
p31,2028,302.4,302.4,1598.2,1295.8,5.3
p31,2029,367.5,367.5,1991.3,1623.8,5.4
p31,2030,434.2,434.2,2413.1,1978.9,5.6
p31,2031,470.7,470.7,2654.3,2183.7,5.6
p31,2032,507.6,507.6,2905.0,2397.4,5.7
p31,2033,545.1,545.1,3165.4,2620.3,5.8
p31,2034,583.0,583.0,3436.0,2853.0,5.9
p31,2035,621.4,621.4,3717.1,3095.6,6.0
p31,2036,660.4,660.4,4009.1,3348.7,6.1
p31,2037,699.9,699.9,4312.6,3612.7,6.2
p31,2038,739.9,739.9,4627.8,3887.9,6.3
p31,2039,780.4,780.4,4955.4,4175.0,6.3
p31,2040,821.5,821.5,5295.7,4474.2,6.4
p31,2041,853.2,853.2,5564.8,4711.6,6.5
p31,2042,885.2,885.2,5841.9,4956.6,6.6
p31,2043,917.6,917.6,6127.1,5209.6,6.7
p31,2044,950.2,950.2,6420.8,5470.6,6.8
p31,2045,983.2,983.2,6723.3,5740.1,6.8
p31,2046,1016.5,1016.5,7034.7,6018.1,6.9
p31,2047,1050.2,1050.2,7355.3,6305.1,7.0
p31,2048,1084.2,1084.2,7685.5,6601.3,7.1
p31,2049,1118.6,1118.6,8025.4,6906.8,7.2
p31,2050,1153.3,1153.3,8375.4,7222.2,7.3
p32,2023,0.0,0.0,0.0,0.0,
p32,2024,0.5,0.5,2.6,2.1,4.7
p32,2025,1.1,1.1,5.2,4.1,4.7
p32,2026,1.7,1.7,7.9,6.2,4.8
p32,2027,2.2,2.2,10.5,8.3,4.8
p32,2028,2.8,2.8,13.2,10.5,4.8
p32,2029,3.3,3.3,15.9,12.6,4.8
p32,2030,3.9,3.9,18.7,14.8,4.8
p32,2031,4.2,4.2,20.1,15.9,4.8
p32,2032,4.5,4.5,21.5,17.1,4.8
p32,2033,4.8,4.8,23.0,18.2,4.8
p32,2034,5.1,5.1,24.5,19.4,4.8
p32,2035,5.4,5.4,25.9,20.6,4.8
p32,2036,5.7,5.7,27.4,21.8,4.8
p32,2037,6.0,6.0,28.9,23.0,4.9
p32,2038,6.2,6.2,30.4,24.1,4.9
p32,2039,6.5,6.5,31.9,25.3,4.9
p32,2040,6.8,6.8,33.4,26.5,4.9
p32,2041,7.1,7.1,34.5,27.5,4.9
p32,2042,7.3,7.3,35.7,28.4,4.9
p32,2043,7.5,7.5,36.8,29.3,4.9
p32,2044,7.7,7.7,37.9,30.2,4.9
p32,2045,8.0,8.0,39.1,31.1,4.9
p32,2046,8.2,8.2,40.2,32.0,4.9
p32,2047,8.4,8.4,41.4,33.0,4.9
p32,2048,8.6,8.6,42.6,33.9,4.9
p32,2049,8.9,8.9,43.7,34.8,4.9
p32,2050,9.1,9.1,44.9,35.8,4.9
p33,2023,0.0,0.0,0.0,0.0,
p33,2024,11.6,11.6,51.8,40.2,4.5
p33,2025,23.2,23.2,103.9,80.7,4.5
p33,2026,34.8,34.8,156.3,121.6,4.5
p33,2027,46.4,46.4,209.2,162.7,4.5
p33,2028,58.1,58.1,262.3,204.2,4.5
p33,2029,69.8,69.8,315.9,246.1,4.5
p33,2030,81.5,81.5,369.8,288.2,4.5
p33,2031,87.7,87.7,398.3,310.6,4.5
p33,2032,93.9,93.9,426.9,333.0,4.5
p33,2033,100.1,100.1,455.7,355.6,4.6
p33,2034,106.3,106.3,484.5,378.2,4.6
p33,2035,112.5,112.5,513.4,400.9,4.6
p33,2036,118.7,118.7,542.5,423.7,4.6
p33,2037,125.0,125.0,571.6,446.6,4.6
p33,2038,131.2,131.2,600.8,469.6,4.6
p33,2039,137.4,137.4,630.2,492.8,4.6
p33,2040,143.7,143.7,659.6,516.0,4.6
p33,2041,148.4,148.4,681.8,533.5,4.6
p33,2042,153.1,153.1,704.1,551.0,4.6
p33,2043,157.8,157.8,726.4,568.6,4.6
p33,2044,162.5,162.5,748.8,586.3,4.6
p33,2045,167.2,167.2,771.2,604.0,4.6
p33,2046,171.9,171.9,793.7,621.8,4.6
p33,2047,176.7,176.7,816.3,639.6,4.6
p33,2048,181.4,181.4,838.9,657.5,4.6
p33,2049,186.1,186.1,861.6,675.4,4.6
p33,2050,190.9,190.9,884.3,693.4,4.6
p34,2023,0.0,0.0,0.0,0.0,
p34,2024,3.5,3.5,15.7,12.2,4.5
p34,2025,7.0,7.0,31.4,24.4,4.5
p34,2026,10.5,10.5,47.2,36.7,4.5
p34,2027,14.0,14.0,63.2,49.1,4.5
p34,2028,17.6,17.6,79.2,61.6,4.5
p34,2029,21.1,21.1,95.3,74.2,4.5
p34,2030,24.6,24.6,111.5,86.8,4.5
p34,2031,26.5,26.5,120.0,93.5,4.5
p34,2032,28.4,28.4,128.6,100.2,4.5
p34,2033,30.2,30.2,137.2,107.0,4.5
p34,2034,32.1,32.1,145.8,113.7,4.5
p34,2035,34.0,34.0,154.5,120.5,4.5
p34,2036,35.8,35.8,163.2,127.3,4.6
p34,2037,37.7,37.7,171.9,134.2,4.6
p34,2038,39.6,39.6,180.6,141.0,4.6
p34,2039,41.5,41.5,189.4,147.9,4.6
p34,2040,43.4,43.4,198.2,154.8,4.6
p34,2041,44.8,44.8,204.8,160.0,4.6
p34,2042,46.2,46.2,211.4,165.3,4.6
p34,2043,47.6,47.6,218.1,170.5,4.6
p34,2044,49.0,49.0,224.8,175.7,4.6
p34,2045,50.4,50.4,231.4,181.0,4.6
p34,2046,51.9,51.9,238.1,186.3,4.6
p34,2047,53.3,53.3,244.8,191.6,4.6
p34,2048,54.7,54.7,251.6,196.9,4.6
p34,2049,56.1,56.1,258.3,202.2,4.6
p34,2050,57.5,57.5,265.0,207.5,4.6
p35,2023,0.0,0.0,0.0,0.0,
p35,2024,0.3,0.3,1.4,1.1,4.3
p35,2025,0.6,0.6,2.8,2.1,4.3
p35,2026,1.0,1.0,4.2,3.2,4.3
p35,2027,1.3,1.3,5.6,4.3,4.4
p35,2028,1.6,1.6,7.1,5.4,4.4
p35,2029,1.9,1.9,8.5,6.6,4.4
p35,2030,2.3,2.3,10.0,7.7,4.4
p35,2031,2.4,2.4,10.8,8.3,4.4
p35,2032,2.6,2.6,11.6,9.0,4.4
p35,2033,2.8,2.8,12.4,9.6,4.4
p35,2034,3.0,3.0,13.2,10.2,4.5
p35,2035,3.1,3.1,14.0,10.8,4.5
p35,2036,3.3,3.3,14.8,11.5,4.5
p35,2037,3.5,3.5,15.6,12.1,4.5
p35,2038,3.7,3.7,16.4,12.8,4.5
p35,2039,3.8,3.8,17.3,13.4,4.5
p35,2040,4.0,4.0,18.1,14.1,4.5
p35,2041,4.1,4.1,18.7,14.6,4.5
p35,2042,4.3,4.3,19.4,15.1,4.5
p35,2043,4.4,4.4,20.0,15.6,4.5
p35,2044,4.5,4.5,20.6,16.1,4.5
p35,2045,4.7,4.7,21.3,16.6,4.5
p35,2046,4.8,4.8,21.9,17.1,4.6
p35,2047,4.9,4.9,22.6,17.6,4.6
p35,2048,5.1,5.1,23.2,18.1,4.6
p35,2049,5.2,5.2,23.9,18.6,4.6
p35,2050,5.4,5.4,24.5,19.2,4.6
p36,2023,0.0,0.0,0.0,0.0,
p36,2024,21.6,21.6,103.6,81.9,4.8
p36,2025,43.9,43.9,215.5,171.6,4.9
p36,2026,66.7,66.7,336.4,269.7,5.0
p36,2027,90.2,90.2,467.1,376.9,5.2
p36,2028,114.4,114.4,608.3,494.0,5.3
p36,2029,139.2,139.2,760.9,621.8,5.5
p36,2030,164.7,164.7,925.8,761.2,5.6
p36,2031,178.6,178.6,1021.0,842.3,5.7
p36,2032,192.8,192.8,1120.2,927.3,5.8
p36,2033,207.2,207.2,1223.6,1016.4,5.9
p36,2034,221.8,221.8,1331.5,1109.7,6.0
p36,2035,236.7,236.7,1444.1,1207.4,6.1
p36,2036,251.7,251.7,1561.5,1309.8,6.2
p36,2037,267.0,267.0,1684.0,1417.0,6.3
p36,2038,282.5,282.5,1811.7,1529.2,6.4
p36,2039,298.2,298.2,1944.9,1646.7,6.5
p36,2040,314.1,314.1,2083.8,1769.7,6.6
p36,2041,326.5,326.5,2194.3,1867.8,6.7
p36,2042,339.0,339.0,2308.3,1969.4,6.8
p36,2043,351.6,351.6,2426.1,2074.6,6.9
p36,2044,364.3,364.3,2547.8,2183.5,7.0
p36,2045,377.2,377.2,2673.5,2296.2,7.1
p36,2046,390.3,390.3,2803.2,2413.0,7.2
p36,2047,403.5,403.5,2937.3,2533.8,7.3
p36,2048,416.8,416.8,3075.7,2658.9,7.4
p36,2049,430.3,430.3,3218.6,2788.4,7.5
p36,2050,443.9,443.9,3366.3,2922.4,7.6
p37,2023,0.0,0.0,0.0,0.0,
p37,2024,40.2,40.2,191.8,151.7,4.8
p37,2025,81.1,81.1,394.2,313.1,4.9
p37,2026,122.8,122.8,607.7,484.9,4.9
p37,2027,165.3,165.3,832.9,667.6,5.0
p37,2028,208.6,208.6,1070.5,861.9,5.1
p37,2029,252.7,252.7,1321.1,1068.4,5.2
p37,2030,297.7,297.7,1585.5,1287.9,5.3
p37,2031,322.0,322.0,1733.6,1411.7,5.4
p37,2032,346.5,346.5,1886.1,1539.5,5.4
p37,2033,371.3,371.3,2042.9,1671.6,5.5
p37,2034,396.4,396.4,2204.4,1808.0,5.6
p37,2035,421.7,421.7,2370.6,1948.9,5.6
p37,2036,447.3,447.3,2541.6,2094.3,5.7
p37,2037,473.1,473.1,2717.6,2244.5,5.7
p37,2038,499.1,499.1,2898.7,2399.5,5.8
p37,2039,525.5,525.5,3085.1,2559.6,5.9
p37,2040,552.1,552.1,3276.9,2724.9,5.9
p37,2041,572.4,572.4,3426.6,2854.2,6.0
p37,2042,592.9,592.9,3579.6,2986.7,6.0
p37,2043,613.6,613.6,3736.1,3122.4,6.1
p37,2044,634.5,634.5,3895.9,3261.5,6.1
p37,2045,655.4,655.4,4059.3,3403.9,6.2
p37,2046,676.6,676.6,4226.3,3549.7,6.2
p37,2047,697.9,697.9,4397.0,3699.1,6.3
p37,2048,719.4,719.4,4571.5,3852.1,6.4
p37,2049,741.0,741.0,4749.8,4008.8,6.4
p37,2050,762.8,762.8,4932.1,4169.3,6.5
p38,2023,0.0,0.0,0.0,0.0,
p38,2024,2.4,2.4,11.5,9.1,4.7
p38,2025,4.9,4.9,23.1,18.3,4.7
p38,2026,7.3,7.3,34.8,27.5,4.8
p38,2027,9.8,9.8,46.5,36.7,4.8
p38,2028,12.2,12.2,58.3,46.1,4.8
p38,2029,14.7,14.7,70.1,55.5,4.8
p38,2030,17.1,17.1,82.0,64.9,4.8
p38,2031,18.4,18.4,88.3,69.9,4.8
p38,2032,19.7,19.7,94.6,74.9,4.8
p38,2033,21.0,21.0,101.0,79.9,4.8
p38,2034,22.3,22.3,107.3,85.0,4.8
p38,2035,23.6,23.6,113.7,90.0,4.8
p38,2036,24.9,24.9,120.0,95.1,4.8
p38,2037,26.2,26.2,126.4,100.2,4.8
p38,2038,27.5,27.5,132.8,105.3,4.8
p38,2039,28.8,28.8,139.3,110.4,4.8
p38,2040,30.1,30.1,145.7,115.6,4.8
p38,2041,31.1,31.1,150.6,119.5,4.8
p38,2042,32.1,32.1,155.4,123.3,4.8
p38,2043,33.1,33.1,160.3,127.2,4.8
p38,2044,34.1,34.1,165.2,131.1,4.8
p38,2045,35.0,35.0,170.1,135.0,4.9
p38,2046,36.0,36.0,175.0,139.0,4.9
p38,2047,37.0,37.0,179.9,142.9,4.9
p38,2048,38.0,38.0,184.8,146.8,4.9
p38,2049,39.0,39.0,189.8,150.8,4.9
p38,2050,40.0,40.0,194.7,154.7,4.9
p39,2023,0.0,0.0,0.0,0.0,
p39,2024,5.7,5.7,31.2,25.4,5.4
p39,2025,11.6,11.6,64.5,52.8,5.6
p39,2026,17.6,17.6,100.0,82.4,5.7
p39,2027,23.8,23.8,138.0,114.3,5.8
p39,2028,30.1,30.1,178.7,148.6,5.9
p39,2029,36.5,36.5,222.1,185.5,6.1
p39,2030,43.1,43.1,268.4,225.3,6.2
p39,2031,46.7,46.7,294.8,248.1,6.3
p39,2032,50.4,50.4,322.1,271.8,6.4
p39,2033,54.0,54.0,350.5,296.5,6.5
p39,2034,57.8,57.8,379.9,322.1,6.6
p39,2035,61.5,61.5,410.3,348.8,6.7
p39,2036,65.4,65.4,441.9,376.5,6.8
p39,2037,69.2,69.2,474.6,405.3,6.9
p39,2038,73.2,73.2,508.5,435.3,6.9
p39,2039,77.1,77.1,543.6,466.5,7.0
p39,2040,81.2,81.2,580.0,498.9,7.1
p39,2041,84.3,84.3,608.7,524.5,7.2
p39,2042,87.4,87.4,638.2,550.8,7.3
p39,2043,90.5,90.5,668.5,578.0,7.4
p39,2044,93.7,93.7,699.7,606.0,7.5
p39,2045,96.9,96.9,731.7,634.8,7.5
p39,2046,100.2,100.2,764.6,664.4,7.6
p39,2047,103.5,103.5,798.4,694.9,7.7
p39,2048,106.8,106.8,833.2,726.4,7.8
p39,2049,110.1,110.1,868.9,758.8,7.9
p39,2050,113.5,113.5,905.6,792.1,8.0
p4,2023,0.0,0.0,0.0,0.0,
p4,2024,1.2,1.2,5.9,4.7,5.0
p4,2025,2.3,2.3,11.8,9.4,5.0
p4,2026,3.5,3.5,17.7,14.2,5.0
p4,2027,4.7,4.7,23.7,19.0,5.0
p4,2028,5.9,5.9,29.7,23.8,5.0
p4,2029,7.1,7.1,35.8,28.7,5.1
p4,2030,8.3,8.3,41.9,33.6,5.1
p4,2031,8.9,8.9,45.1,36.2,5.1
p4,2032,9.5,9.5,48.3,38.8,5.1
p4,2033,10.1,10.1,51.6,41.4,5.1
p4,2034,10.8,10.8,54.8,44.0,5.1
p4,2035,11.4,11.4,58.1,46.7,5.1
p4,2036,12.0,12.0,61.4,49.3,5.1
p4,2037,12.7,12.7,64.6,52.0,5.1
p4,2038,13.3,13.3,67.9,54.6,5.1
p4,2039,13.9,13.9,71.2,57.3,5.1
p4,2040,14.6,14.6,74.6,60.0,5.1
p4,2041,15.0,15.0,77.1,62.0,5.1
p4,2042,15.5,15.5,79.6,64.1,5.1
p4,2043,16.0,16.0,82.1,66.1,5.1
p4,2044,16.5,16.5,84.6,68.1,5.1
p4,2045,16.9,16.9,87.1,70.2,5.1
p4,2046,17.4,17.4,89.6,72.2,5.1
p4,2047,17.9,17.9,92.2,74.3,5.2
p4,2048,18.4,18.4,94.7,76.4,5.2
p4,2049,18.8,18.8,97.3,78.4,5.2
p4,2050,19.3,19.3,99.8,80.5,5.2
p40,2023,0.0,0.0,0.0,0.0,
p40,2024,34.6,34.6,188.2,153.6,5.4
p40,2025,70.1,70.1,390.1,319.9,5.6
p40,2026,106.5,106.5,606.5,500.0,5.7
p40,2027,143.8,143.8,838.5,694.7,5.8
p40,2028,181.9,181.9,1087.2,905.2,6.0
p40,2029,221.1,221.1,1353.9,1132.8,6.1
p40,2030,261.2,261.2,1639.8,1378.6,6.3
p40,2031,283.1,283.1,1803.2,1520.1,6.4
p40,2032,305.3,305.3,1972.8,1667.5,6.5
p40,2033,327.8,327.8,2149.0,1821.2,6.6
p40,2034,350.5,350.5,2331.9,1981.4,6.7
p40,2035,373.6,373.6,2521.8,2148.2,6.8
p40,2036,397.0,397.0,2719.1,2322.1,6.8
p40,2037,420.7,420.7,2924.0,2503.3,7.0
p40,2038,444.7,444.7,3136.7,2692.0,7.1
p40,2039,469.0,469.0,3357.6,2888.6,7.2
p40,2040,493.6,493.6,3587.0,3093.4,7.3
p40,2041,512.6,512.6,3768.2,3255.6,7.4
p40,2042,531.8,531.8,3954.8,3423.0,7.4
p40,2043,551.2,551.2,4146.8,3595.6,7.5
p40,2044,570.8,570.8,4344.4,3773.6,7.6
p40,2045,590.5,590.5,4547.8,3957.3,7.7
p40,2046,610.5,610.5,4757.1,4146.6,7.8
p40,2047,630.7,630.7,4972.6,4342.0,7.9
p40,2048,651.0,651.0,5194.4,4543.4,8.0
p40,2049,671.6,671.6,5422.6,4751.0,8.1
p40,2050,692.4,692.4,5657.6,4965.2,8.2
p41,2023,0.0,0.0,0.0,0.0,
p41,2024,68.5,68.5,372.3,303.8,5.4
p41,2025,139.1,139.1,778.5,639.4,5.6
p41,2026,212.0,212.0,1221.6,1009.7,5.8
p41,2027,287.1,287.1,1705.1,1418.0,5.9
p41,2028,364.5,364.5,2232.5,1867.9,6.1
p41,2029,444.4,444.4,2807.8,2363.4,6.3
p41,2030,526.7,526.7,3435.5,2908.7,6.5
p41,2031,572.2,572.2,3801.7,3229.5,6.6
p41,2032,618.3,618.3,4185.7,3567.4,6.8
p41,2033,665.3,665.3,4588.4,3923.1,6.9
p41,2034,713.0,713.0,5010.6,4297.6,7.0
p41,2035,761.5,761.5,5453.5,4691.9,7.2
p41,2036,810.9,810.9,5917.8,5106.9,7.3
p41,2037,861.0,861.0,6404.7,5543.7,7.4
p41,2038,912.0,912.0,6915.3,6003.3,7.6
p41,2039,963.9,963.9,7450.8,6486.9,7.7
p41,2040,1016.6,1016.6,8012.3,6995.7,7.9
p41,2041,1057.5,1057.5,8461.8,7404.4,8.0
p41,2042,1098.9,1098.9,8928.1,7829.2,8.1
p41,2043,1140.9,1140.9,9411.7,8270.8,8.2
p41,2044,1183.4,1183.4,9913.3,8729.9,8.4
p41,2045,1226.5,1226.5,10433.5,9207.1,8.5
p41,2046,1270.0,1270.0,10973.0,9703.0,8.6
p41,2047,1314.2,1314.2,11532.6,10218.4,8.8
p41,2048,1358.9,1358.9,12112.9,10754.0,8.9
p41,2049,1404.2,1404.2,12714.8,11310.6,9.1
p41,2050,1450.0,1450.0,13339.0,11889.0,9.2
p42,2023,0.0,0.0,0.0,0.0,
p42,2024,2.6,2.6,12.4,9.7,4.7
p42,2025,5.3,5.3,24.9,19.6,4.7
p42,2026,8.0,8.0,37.7,29.7,4.7
p42,2027,10.6,10.6,50.7,40.0,4.8
p42,2028,13.3,13.3,63.9,50.5,4.8
p42,2029,16.1,16.1,77.3,61.2,4.8
p42,2030,18.8,18.8,90.9,72.1,4.8
p42,2031,20.2,20.2,98.2,77.9,4.9
p42,2032,21.7,21.7,105.5,83.8,4.9
p42,2033,23.1,23.1,112.9,89.8,4.9
p42,2034,24.6,24.6,120.4,95.8,4.9
p42,2035,26.1,26.1,127.9,101.9,4.9
p42,2036,27.5,27.5,135.5,108.0,4.9
p42,2037,29.0,29.0,143.2,114.2,4.9
p42,2038,30.5,30.5,150.9,120.5,5.0
p42,2039,31.9,31.9,158.7,126.8,5.0
p42,2040,33.4,33.4,166.6,133.2,5.0
p42,2041,34.6,34.6,172.6,138.0,5.0
p42,2042,35.7,35.7,178.6,142.9,5.0
p42,2043,36.8,36.8,184.6,147.8,5.0
p42,2044,37.9,37.9,190.7,152.8,5.0
p42,2045,39.1,39.1,196.8,157.8,5.0
p42,2046,40.2,40.2,203.0,162.8,5.1
p42,2047,41.3,41.3,209.2,167.9,5.1
p42,2048,42.5,42.5,215.4,173.0,5.1
p42,2049,43.6,43.6,221.7,178.1,5.1
p42,2050,44.7,44.7,228.0,183.3,5.1
p43,2023,0.0,0.0,0.0,0.0,
p43,2024,43.9,43.9,205.6,161.7,4.7
p43,2025,88.1,88.1,415.2,327.2,4.7
p43,2026,132.6,132.6,628.9,496.3,4.7
p43,2027,177.3,177.3,846.6,669.3,4.8
p43,2028,222.4,222.4,1068.6,846.2,4.8
p43,2029,267.8,267.8,1294.8,1027.0,4.8
p43,2030,313.4,313.4,1525.4,1212.0,4.9
p43,2031,337.7,337.7,1649.3,1311.6,4.9
p43,2032,362.0,362.0,1774.5,1412.5,4.9
p43,2033,386.4,386.4,1900.9,1514.5,4.9
p43,2034,410.9,410.9,2028.6,1617.7,4.9
p43,2035,435.4,435.4,2157.6,1722.2,5.0
p43,2036,460.1,460.1,2287.9,1827.8,5.0
p43,2037,484.8,484.8,2419.6,1934.7,5.0
p43,2038,509.7,509.7,2552.6,2042.9,5.0
p43,2039,534.6,534.6,2686.9,2152.3,5.0
p43,2040,559.6,559.6,2822.6,2263.0,5.0
p43,2041,578.5,578.5,2925.8,2347.3,5.1
p43,2042,597.4,597.4,3029.8,2432.4,5.1
p43,2043,616.4,616.4,3134.6,2518.2,5.1
p43,2044,635.5,635.5,3240.2,2604.7,5.1
p43,2045,654.6,654.6,3346.6,2692.0,5.1
p43,2046,673.7,673.7,3453.8,2780.1,5.1
p43,2047,692.9,692.9,3561.8,2869.0,5.1
p43,2048,712.1,712.1,3670.7,2958.6,5.2
p43,2049,731.4,731.4,3780.4,3049.0,5.2
p43,2050,750.8,750.8,3890.9,3140.2,5.2
p44,2023,0.0,0.0,0.0,0.0,
p44,2024,1.2,1.2,5.8,4.5,4.7
p44,2025,2.5,2.5,11.6,9.2,4.7
p44,2026,3.7,3.7,17.6,13.9,4.7
p44,2027,5.0,5.0,23.7,18.7,4.8
p44,2028,6.2,6.2,29.8,23.6,4.8
p44,2029,7.5,7.5,36.1,28.6,4.8
p44,2030,8.8,8.8,42.5,33.8,4.9
p44,2031,9.4,9.4,46.0,36.5,4.9
p44,2032,10.1,10.1,49.4,39.3,4.9
p44,2033,10.8,10.8,52.9,42.1,4.9
p44,2034,11.5,11.5,56.5,45.0,4.9
p44,2035,12.2,12.2,60.0,47.9,4.9
p44,2036,12.9,12.9,63.7,50.8,5.0
p44,2037,13.5,13.5,67.3,53.7,5.0
p44,2038,14.2,14.2,71.0,56.7,5.0
p44,2039,14.9,14.9,74.7,59.7,5.0
p44,2040,15.6,15.6,78.4,62.8,5.0
p44,2041,16.1,16.1,81.2,65.1,5.0
p44,2042,16.7,16.7,84.1,67.4,5.0
p44,2043,17.2,17.2,87.0,69.8,5.1
p44,2044,17.7,17.7,89.9,72.2,5.1
p44,2045,18.3,18.3,92.8,74.6,5.1
p44,2046,18.8,18.8,95.8,77.0,5.1
p44,2047,19.3,19.3,98.7,79.4,5.1
p44,2048,19.9,19.9,101.7,81.8,5.1
p44,2049,20.4,20.4,104.7,84.3,5.1
p44,2050,20.9,20.9,107.7,86.8,5.1
p45,2023,0.0,0.0,0.0,0.0,
p45,2024,37.2,37.2,187.3,150.1,5.0
p45,2025,75.2,75.2,387.9,312.7,5.2
p45,2026,114.2,114.2,602.8,488.5,5.3
p45,2027,154.2,154.2,832.9,678.7,5.4
p45,2028,195.1,195.1,1079.4,884.2,5.5
p45,2029,237.0,237.0,1343.3,1106.3,5.7
p45,2030,280.0,280.0,1626.1,1346.1,5.8
p45,2031,303.4,303.4,1787.4,1484.0,5.9
p45,2032,327.2,327.2,1954.9,1627.7,6.0
p45,2033,351.2,351.2,2128.6,1777.4,6.1
p45,2034,375.6,375.6,2309.0,1933.4,6.1
p45,2035,400.3,400.3,2496.2,2095.9,6.2
p45,2036,425.3,425.3,2690.5,2265.2,6.3
p45,2037,450.6,450.6,2892.1,2441.5,6.4
p45,2038,476.2,476.2,3101.3,2625.1,6.5
p45,2039,502.2,502.2,3318.5,2816.3,6.6
p45,2040,528.5,528.5,3543.9,3015.4,6.7
p45,2041,548.8,548.8,3721.9,3173.0,6.8
p45,2042,569.3,569.3,3904.9,3335.6,6.9
p45,2043,590.0,590.0,4093.3,3503.3,6.9
p45,2044,610.9,610.9,4287.0,3676.1,7.0
p45,2045,632.0,632.0,4486.4,3854.4,7.1
p45,2046,653.3,653.3,4691.4,4038.2,7.2
p45,2047,674.8,674.8,4902.4,4227.6,7.3
p45,2048,696.5,696.5,5119.5,4423.0,7.4
p45,2049,718.5,718.5,5342.8,4624.3,7.4
p45,2050,740.6,740.6,5572.5,4831.9,7.5
p46,2023,0.0,0.0,0.0,0.0,
p46,2024,4.9,4.9,24.8,20.0,5.1
p46,2025,9.8,9.8,50.0,40.2,5.1
p46,2026,14.7,14.7,75.6,60.9,5.1
p46,2027,19.7,19.7,101.5,81.8,5.2
p46,2028,24.7,24.7,127.8,103.1,5.2
p46,2029,29.7,29.7,154.4,124.8,5.2
p46,2030,34.7,34.7,181.5,146.8,5.2
p46,2031,37.3,37.3,195.9,158.6,5.2
p46,2032,40.0,40.0,210.5,170.5,5.3
p46,2033,42.7,42.7,225.1,182.5,5.3
p46,2034,45.4,45.4,239.9,194.5,5.3
p46,2035,48.1,48.1,254.8,206.7,5.3
p46,2036,50.7,50.7,269.8,219.0,5.3
p46,2037,53.5,53.5,284.9,231.5,5.3
p46,2038,56.2,56.2,300.1,244.0,5.3
p46,2039,58.9,58.9,315.5,256.6,5.4
p46,2040,61.6,61.6,330.9,269.3,5.4
p46,2041,63.7,63.7,342.6,279.0,5.4
p46,2042,65.7,65.7,354.4,288.7,5.4
p46,2043,67.8,67.8,366.3,298.5,5.4
p46,2044,69.8,69.8,378.2,308.3,5.4
p46,2045,71.9,71.9,390.2,318.3,5.4
p46,2046,74.0,74.0,402.2,328.2,5.4
p46,2047,76.1,76.1,414.3,338.3,5.4
p46,2048,78.1,78.1,426.5,348.4,5.5
p46,2049,80.2,80.2,438.8,358.5,5.5
p46,2050,82.3,82.3,451.1,368.8,5.5
p47,2023,0.0,0.0,0.0,0.0,
p47,2024,8.9,8.9,42.5,33.7,4.8
p47,2025,17.8,17.8,86.2,68.4,4.8
p47,2026,26.8,26.8,131.0,104.2,4.9
p47,2027,35.9,35.9,177.1,141.1,4.9
p47,2028,45.1,45.1,224.4,179.3,5.0
p47,2029,54.4,54.4,273.0,218.6,5.0
p47,2030,63.7,63.7,322.9,259.1,5.1
p47,2031,68.7,68.7,349.9,281.2,5.1
p47,2032,73.7,73.7,377.4,303.7,5.1
p47,2033,78.8,78.8,405.2,326.5,5.1
p47,2034,83.8,83.8,433.5,349.7,5.2
p47,2035,88.9,88.9,462.1,373.2,5.2
p47,2036,94.0,94.0,491.2,397.2,5.2
p47,2037,99.2,99.2,520.7,421.5,5.3
p47,2038,104.3,104.3,550.6,446.3,5.3
p47,2039,109.5,109.5,580.9,471.4,5.3
p47,2040,114.7,114.7,611.7,497.0,5.3
p47,2041,118.7,118.7,635.2,516.5,5.4
p47,2042,122.7,122.7,659.0,536.4,5.4
p47,2043,126.6,126.6,683.1,556.4,5.4
p47,2044,130.6,130.6,707.4,576.7,5.4
p47,2045,134.6,134.6,731.9,597.3,5.4
p47,2046,138.7,138.7,756.8,618.1,5.5
p47,2047,142.7,142.7,781.9,639.2,5.5
p47,2048,146.8,146.8,807.2,660.5,5.5
p47,2049,150.8,150.8,832.9,682.0,5.5
p47,2050,154.9,154.9,858.8,703.9,5.5
p48,2023,0.0,0.0,0.0,0.0,
p48,2024,30.7,30.7,159.4,128.7,5.2
p48,2025,61.7,61.7,323.4,261.7,5.2
p48,2026,93.0,93.0,492.0,398.9,5.3
p48,2027,124.6,124.6,665.3,540.7,5.3
p48,2028,156.6,156.6,843.6,687.0,5.4
p48,2029,188.8,188.8,1026.9,838.1,5.4
p48,2030,221.3,221.3,1215.3,994.0,5.5
p48,2031,238.7,238.7,1317.7,1079.0,5.5
p48,2032,256.1,256.1,1421.6,1165.5,5.6
p48,2033,273.6,273.6,1527.1,1253.4,5.6
p48,2034,291.3,291.3,1634.1,1342.8,5.6
p48,2035,309.0,309.0,1742.7,1433.7,5.6
p48,2036,326.8,326.8,1853.0,1526.2,5.7
p48,2037,344.7,344.7,1964.9,1620.2,5.7
p48,2038,362.7,362.7,2078.4,1715.8,5.7
p48,2039,380.7,380.7,2193.7,1812.9,5.8
p48,2040,398.9,398.9,2310.7,1911.8,5.8
p48,2041,412.7,412.7,2400.2,1987.5,5.8
p48,2042,426.5,426.5,2490.8,2064.3,5.8
p48,2043,440.4,440.4,2582.4,2142.0,5.9
p48,2044,454.3,454.3,2675.0,2220.7,5.9
p48,2045,468.3,468.3,2768.7,2300.4,5.9
p48,2046,482.4,482.4,2863.4,2381.0,5.9
p48,2047,496.5,496.5,2959.2,2462.7,6.0
p48,2048,510.6,510.6,3056.1,2545.4,6.0
p48,2049,524.8,524.8,3154.0,2629.2,6.0
p48,2050,539.1,539.1,3253.1,2714.0,6.0
p49,2023,0.0,0.0,0.0,0.0,
p49,2024,0.7,0.7,3.7,3.1,5.5
p49,2025,1.4,1.4,7.6,6.2,5.5
p49,2026,2.1,2.1,11.4,9.4,5.6
p49,2027,2.8,2.8,15.4,12.7,5.6
p49,2028,3.5,3.5,19.5,16.0,5.6
p49,2029,4.2,4.2,23.6,19.4,5.7
p49,2030,4.9,4.9,27.8,22.9,5.7
p49,2031,5.2,5.2,30.1,24.8,5.7
p49,2032,5.6,5.6,32.4,26.7,5.8
p49,2033,6.0,6.0,34.7,28.7,5.8
p49,2034,6.4,6.4,37.0,30.6,5.8
p49,2035,6.8,6.8,39.4,32.6,5.8
p49,2036,7.2,7.2,41.8,34.6,5.8
p49,2037,7.5,7.5,44.2,36.7,5.9
p49,2038,7.9,7.9,46.7,38.7,5.9
p49,2039,8.3,8.3,49.1,40.8,5.9
p49,2040,8.7,8.7,51.6,42.9,5.9
p49,2041,9.0,9.0,53.5,44.5,5.9
p49,2042,9.3,9.3,55.4,46.1,6.0
p49,2043,9.6,9.6,57.4,47.8,6.0
p49,2044,9.9,9.9,59.3,49.4,6.0
p49,2045,10.2,10.2,61.3,51.1,6.0
p49,2046,10.5,10.5,63.3,52.8,6.0
p49,2047,10.8,10.8,65.2,54.5,6.1
p49,2048,11.1,11.1,67.3,56.2,6.1
p49,2049,11.4,11.4,69.3,57.9,6.1
p49,2050,11.7,11.7,71.3,59.6,6.1
p5,2023,0.0,0.0,0.0,0.0,
p5,2024,239.3,239.3,1106.0,866.7,4.6
p5,2025,490.9,490.9,2377.5,1886.6,4.8
p5,2026,755.4,755.4,3839.3,3083.9,5.1
p5,2027,1033.6,1033.6,5519.9,4486.4,5.3
p5,2028,1325.9,1325.9,7452.1,6126.2,5.6
p5,2029,1633.3,1633.3,9673.5,8040.2,5.9
p5,2030,1956.5,1956.5,12227.4,10270.9,6.2
p5,2031,2140.1,2140.1,13814.2,11674.1,6.5
p5,2032,2328.8,2328.8,15529.3,13200.5,6.7
p5,2033,2522.8,2522.8,17383.2,14860.4,6.9
p5,2034,2722.1,2722.1,19387.0,16664.9,7.1
p5,2035,2927.0,2927.0,21552.9,18626.0,7.4
p5,2036,3137.5,3137.5,23894.0,20756.5,7.6
p5,2037,3353.9,3353.9,26424.5,23070.7,7.9
p5,2038,3576.3,3576.3,29159.7,25583.4,8.2
p5,2039,3804.8,3804.8,32116.2,28311.3,8.4
p5,2040,4039.7,4039.7,35311.7,31272.0,8.7
p5,2041,4226.1,4226.1,37978.5,33752.4,9.0
p5,2042,4416.5,4416.5,40811.9,36395.4,9.2
p5,2043,4611.0,4611.0,43822.2,39211.2,9.5
p5,2044,4809.6,4809.6,47020.5,42210.9,9.8
p5,2045,5012.5,5012.5,50418.6,45406.1,10.1
p5,2046,5219.7,5219.7,54028.9,48809.1,10.4
p5,2047,5431.4,5431.4,57864.6,52433.2,10.7
p5,2048,5647.6,5647.6,61939.9,56292.3,11.0
p5,2049,5868.4,5868.4,66269.7,60401.3,11.3
p5,2050,6094.0,6094.0,70870.0,64776.0,11.6
p50,2023,0.0,0.0,0.0,0.0,
p50,2024,63.4,63.4,348.4,285.0,5.5
p50,2025,127.7,127.7,709.5,581.8,5.6
p50,2026,192.7,192.7,1083.8,891.0,5.6
p50,2027,258.6,258.6,1471.6,1213.0,5.7
p50,2028,325.3,325.3,1873.5,1548.3,5.8
p50,2029,392.8,392.8,2290.1,1897.3,5.8
p50,2030,461.1,461.1,2721.8,2260.7,5.9
p50,2031,497.7,497.7,2958.5,2460.7,5.9
p50,2032,534.6,534.6,3199.7,2665.1,6.0
p50,2033,571.7,571.7,3445.6,2873.9,6.0
p50,2034,609.0,609.0,3696.2,3087.2,6.1
p50,2035,646.6,646.6,3951.6,3305.0,6.1
p50,2036,684.4,684.4,4212.0,3527.5,6.2
p50,2037,722.5,722.5,4477.3,3754.8,6.2
p50,2038,760.9,760.9,4747.8,3986.9,6.2
p50,2039,799.4,799.4,5023.4,4224.0,6.3
p50,2040,838.3,838.3,5304.4,4466.1,6.3
p50,2041,867.8,867.8,5520.8,4652.9,6.4
p50,2042,897.5,897.5,5740.2,4842.7,6.4
p50,2043,927.3,927.3,5962.9,5035.6,6.4
p50,2044,957.3,957.3,6188.8,5231.5,6.5
p50,2045,987.5,987.5,6418.0,5430.6,6.5
p50,2046,1017.7,1017.7,6650.6,5632.8,6.5
p50,2047,1048.2,1048.2,6886.5,5838.3,6.6
p50,2048,1078.8,1078.8,7125.8,6047.0,6.6
p50,2049,1109.5,1109.5,7368.6,6259.1,6.6
p50,2050,1140.4,1140.4,7614.9,6474.6,6.7
p51,2023,0.0,0.0,0.0,0.0,
p51,2024,32.3,32.3,177.2,144.9,5.5
p51,2025,64.9,64.9,360.2,295.3,5.6
p51,2026,97.9,97.9,549.3,451.4,5.6
p51,2027,131.3,131.3,744.6,613.4,5.7
p51,2028,165.0,165.0,946.5,781.4,5.7
p51,2029,199.2,199.2,1155.0,955.8,5.8
p51,2030,233.7,233.7,1370.3,1136.7,5.9
p51,2031,252.1,252.1,1488.0,1235.9,5.9
p51,2032,270.7,270.7,1607.7,1337.0,5.9
p51,2033,289.4,289.4,1729.5,1440.1,6.0
p51,2034,308.2,308.2,1853.5,1545.3,6.0
p51,2035,327.1,327.1,1979.6,1652.5,6.1
p51,2036,346.1,346.1,2107.9,1761.8,6.1
p51,2037,365.2,365.2,2238.4,1873.2,6.1
p51,2038,384.5,384.5,2371.3,1986.8,6.2
p51,2039,403.9,403.9,2506.4,2102.6,6.2
p51,2040,423.3,423.3,2644.0,2220.6,6.2
p51,2041,438.1,438.1,2749.6,2311.5,6.3
p51,2042,453.0,453.0,2856.7,2403.7,6.3
p51,2043,467.9,467.9,2965.1,2497.2,6.3
p51,2044,482.9,482.9,3075.0,2592.1,6.4
p51,2045,498.0,498.0,3186.4,2688.4,6.4
p51,2046,513.1,513.1,3299.2,2786.1,6.4
p51,2047,528.3,528.3,3413.5,2885.2,6.5
p51,2048,543.6,543.6,3529.3,2985.7,6.5
p51,2049,559.0,559.0,3646.7,3087.7,6.5
p51,2050,574.4,574.4,3765.6,3191.2,6.6
p52,2023,0.0,0.0,0.0,0.0,
p52,2024,0.2,0.2,1.2,1.0,5.5
p52,2025,0.4,0.4,2.5,2.0,5.5
p52,2026,0.7,0.7,3.7,3.0,5.5
p52,2027,0.9,0.9,4.9,4.0,5.5
p52,2028,1.1,1.1,6.2,5.1,5.5
p52,2029,1.3,1.3,7.4,6.1,5.5
p52,2030,1.6,1.6,8.7,7.1,5.5
p52,2031,1.7,1.7,9.4,7.7,5.5
p52,2032,1.8,1.8,10.0,8.2,5.5
p52,2033,1.9,1.9,10.7,8.7,5.5
p52,2034,2.1,2.1,11.3,9.3,5.5
p52,2035,2.2,2.2,12.0,9.8,5.5
p52,2036,2.3,2.3,12.7,10.4,5.5
p52,2037,2.4,2.4,13.3,10.9,5.5
p52,2038,2.5,2.5,14.0,11.5,5.5
p52,2039,2.6,2.6,14.7,12.0,5.5
p52,2040,2.8,2.8,15.4,12.6,5.6
p52,2041,2.9,2.9,15.9,13.0,5.6
p52,2042,2.9,2.9,16.4,13.4,5.6
p52,2043,3.0,3.0,16.9,13.8,5.6
p52,2044,3.1,3.1,17.4,14.3,5.6
p52,2045,3.2,3.2,17.9,14.7,5.6
p52,2046,3.3,3.3,18.4,15.1,5.6
p52,2047,3.4,3.4,18.9,15.5,5.6
p52,2048,3.5,3.5,19.4,15.9,5.6
p52,2049,3.6,3.6,19.9,16.4,5.6
p52,2050,3.7,3.7,20.4,16.8,5.6
p53,2023,0.0,0.0,0.0,0.0,
p53,2024,5.6,5.6,30.7,25.1,5.5
p53,2025,11.2,11.2,61.4,50.2,5.5
p53,2026,16.8,16.8,92.3,75.5,5.5
p53,2027,22.4,22.4,123.3,100.9,5.5
p53,2028,28.0,28.0,154.4,126.3,5.5
p53,2029,33.7,33.7,185.6,151.9,5.5
p53,2030,39.3,39.3,216.9,177.6,5.5
p53,2031,42.3,42.3,233.4,191.1,5.5
p53,2032,45.2,45.2,249.9,204.7,5.5
p53,2033,48.2,48.2,266.5,218.3,5.5
p53,2034,51.2,51.2,283.1,231.9,5.5
p53,2035,54.1,54.1,299.7,245.6,5.5
p53,2036,57.1,57.1,316.4,259.3,5.5
p53,2037,60.1,60.1,333.1,273.0,5.5
p53,2038,63.1,63.1,349.8,286.8,5.5
p53,2039,66.0,66.0,366.6,300.5,5.6
p53,2040,69.0,69.0,383.3,314.3,5.6
p53,2041,71.2,71.2,396.0,324.7,5.6
p53,2042,73.5,73.5,408.6,335.1,5.6
p53,2043,75.7,75.7,421.2,345.5,5.6
p53,2044,78.0,78.0,433.9,356.0,5.6
p53,2045,80.2,80.2,446.6,366.4,5.6
p53,2046,82.5,82.5,459.3,376.9,5.6
p53,2047,84.7,84.7,472.0,387.3,5.6
p53,2048,86.9,86.9,484.8,397.8,5.6
p53,2049,89.2,89.2,497.5,408.3,5.6
p53,2050,91.4,91.4,510.3,418.9,5.6
p54,2023,0.0,0.0,0.0,0.0,
p54,2024,10.5,10.5,56.1,45.7,5.4
p54,2025,21.0,21.0,113.0,92.0,5.4
p54,2026,31.6,31.6,170.5,138.9,5.4
p54,2027,42.2,42.2,228.7,186.5,5.4
p54,2028,52.9,52.9,287.6,234.7,5.4
p54,2029,63.6,63.6,347.2,283.6,5.5
p54,2030,74.3,74.3,407.5,333.2,5.5
p54,2031,80.0,80.0,439.7,359.7,5.5
p54,2032,85.7,85.7,472.0,386.4,5.5
p54,2033,91.4,91.4,504.6,413.2,5.5
p54,2034,97.1,97.1,537.3,440.2,5.5
p54,2035,102.8,102.8,570.3,467.5,5.5
p54,2036,108.6,108.6,603.5,494.9,5.6
p54,2037,114.3,114.3,636.9,522.6,5.6
p54,2038,120.1,120.1,670.5,550.4,5.6
p54,2039,125.9,125.9,704.3,578.4,5.6
p54,2040,131.7,131.7,738.3,606.7,5.6
p54,2041,136.0,136.0,764.1,628.0,5.6
p54,2042,140.4,140.4,789.9,649.5,5.6
p54,2043,144.8,144.8,815.9,671.1,5.6
p54,2044,149.2,149.2,842.1,692.9,5.6
p54,2045,153.6,153.6,868.3,714.7,5.7
p54,2046,158.0,158.0,894.7,736.7,5.7
p54,2047,162.4,162.4,921.2,758.8,5.7
p54,2048,166.8,166.8,947.8,781.0,5.7
p54,2049,171.2,171.2,974.5,803.3,5.7
p54,2050,175.6,175.6,1001.4,825.8,5.7
p55,2023,0.0,0.0,0.0,0.0,
p55,2024,6.3,6.3,33.7,27.4,5.4
p55,2025,12.6,12.6,67.8,55.2,5.4
p55,2026,19.0,19.0,102.5,83.6,5.4
p55,2027,25.3,25.3,137.8,112.4,5.4
p55,2028,31.8,31.8,173.5,141.8,5.5
p55,2029,38.2,38.2,209.9,171.6,5.5
p55,2030,44.7,44.7,246.7,202.0,5.5
p55,2031,48.1,48.1,266.5,218.3,5.5
p55,2032,51.6,51.6,286.3,234.7,5.6
p55,2033,55.0,55.0,306.4,251.3,5.6
p55,2034,58.5,58.5,326.6,268.1,5.6
p55,2035,62.0,62.0,346.9,285.0,5.6
p55,2036,65.5,65.5,367.4,302.0,5.6
p55,2037,68.9,68.9,388.1,319.2,5.6
p55,2038,72.4,72.4,409.0,336.5,5.6
p55,2039,76.0,76.0,430.0,354.1,5.7
p55,2040,79.5,79.5,451.2,371.7,5.7
p55,2041,82.1,82.1,467.3,385.1,5.7
p55,2042,84.8,84.8,483.5,398.7,5.7
p55,2043,87.5,87.5,499.7,412.3,5.7
p55,2044,90.1,90.1,516.1,426.0,5.7
p55,2045,92.8,92.8,532.6,439.7,5.7
p55,2046,95.5,95.5,549.1,453.6,5.7
p55,2047,98.2,98.2,565.8,467.6,5.8
p55,2048,100.9,100.9,582.6,481.7,5.8
p55,2049,103.6,103.6,599.4,495.8,5.8
p55,2050,106.3,106.3,616.4,510.1,5.8
p56,2023,0.0,0.0,0.0,0.0,
p56,2024,0.5,0.5,2.4,1.9,5.1
p56,2025,0.9,0.9,4.7,3.8,5.1
p56,2026,1.4,1.4,7.1,5.7,5.1
p56,2027,1.9,1.9,9.4,7.6,5.1
p56,2028,2.3,2.3,11.8,9.5,5.1
p56,2029,2.8,2.8,14.1,11.4,5.1
p56,2030,3.3,3.3,16.5,13.2,5.1
p56,2031,3.5,3.5,17.8,14.2,5.1
p56,2032,3.7,3.7,19.0,15.2,5.1
p56,2033,4.0,4.0,20.2,16.2,5.1
p56,2034,4.2,4.2,21.5,17.2,5.1
p56,2035,4.5,4.5,22.7,18.2,5.1
p56,2036,4.7,4.7,24.0,19.2,5.1
p56,2037,5.0,5.0,25.2,20.2,5.1
p56,2038,5.2,5.2,26.5,21.2,5.1
p56,2039,5.5,5.5,27.7,22.2,5.1
p56,2040,5.7,5.7,29.0,23.2,5.1
p56,2041,5.9,5.9,29.9,24.0,5.1
p56,2042,6.1,6.1,30.8,24.8,5.1
p56,2043,6.3,6.3,31.8,25.5,5.1
p56,2044,6.4,6.4,32.7,26.3,5.1
p56,2045,6.6,6.6,33.6,27.0,5.1
p56,2046,6.8,6.8,34.6,27.8,5.1
p56,2047,7.0,7.0,35.5,28.5,5.1
p56,2048,7.2,7.2,36.5,29.3,5.1
p56,2049,7.4,7.4,37.4,30.0,5.1
p56,2050,7.5,7.5,38.3,30.8,5.1
p57,2023,0.0,0.0,0.0,0.0,
p57,2024,18.5,18.5,95.8,77.4,5.2
p57,2025,37.2,37.2,196.7,159.4,5.3
p57,2026,56.4,56.4,302.8,246.4,5.4
p57,2027,75.8,75.8,414.5,338.7,5.5
p57,2028,95.6,95.6,532.1,436.4,5.6
p57,2029,115.8,115.8,655.8,540.0,5.7
p57,2030,136.4,136.4,786.0,649.6,5.8
p57,2031,147.5,147.5,858.7,711.3,5.8
p57,2032,158.7,158.7,933.5,774.8,5.9
p57,2033,170.0,170.0,1010.3,840.3,5.9
p57,2034,181.4,181.4,1089.3,907.9,6.0
p57,2035,192.9,192.9,1170.5,977.6,6.1
p57,2036,204.5,204.5,1253.9,1049.3,6.1
p57,2037,216.3,216.3,1339.6,1123.4,6.2
p57,2038,228.2,228.2,1427.8,1199.6,6.3
p57,2039,240.1,240.1,1518.4,1278.3,6.3
p57,2040,252.2,252.2,1611.5,1359.3,6.4
p57,2041,261.5,261.5,1684.0,1422.6,6.4
p57,2042,270.8,270.8,1758.1,1487.3,6.5
p57,2043,280.2,280.2,1833.7,1553.6,6.5
p57,2044,289.6,289.6,1910.9,1621.3,6.6
p57,2045,299.1,299.1,1989.8,1690.7,6.7
p57,2046,308.7,308.7,2070.3,1761.6,6.7
p57,2047,318.4,318.4,2152.5,1834.1,6.8
p57,2048,328.1,328.1,2236.4,1908.3,6.8
p57,2049,337.9,337.9,2322.2,1984.3,6.9
p57,2050,347.8,347.8,2409.7,2061.9,6.9
p58,2023,0.0,0.0,0.0,0.0,
p58,2024,94.1,94.1,467.7,373.6,5.0
p58,2025,189.3,189.3,950.6,761.3,5.0
p58,2026,285.5,285.5,1449.1,1163.6,5.1
p58,2027,382.8,382.8,1963.8,1581.0,5.1
p58,2028,481.1,481.1,2495.1,2014.0,5.2
p58,2029,580.6,580.6,3043.7,2463.1,5.2
p58,2030,681.2,681.2,3610.1,2928.9,5.3
p58,2031,734.9,734.9,3919.2,3184.3,5.3
p58,2032,789.0,789.0,4233.6,3444.6,5.4
p58,2033,843.4,843.4,4553.4,3710.0,5.4
p58,2034,898.1,898.1,4878.6,3980.6,5.4
p58,2035,953.1,953.1,5209.5,4256.4,5.5
p58,2036,1008.5,1008.5,5546.0,4537.5,5.5
p58,2037,1064.2,1064.2,5888.3,4824.1,5.5
p58,2038,1120.2,1120.2,6236.4,5116.3,5.6
p58,2039,1176.5,1176.5,6590.6,5414.1,5.6
p58,2040,1233.2,1233.2,6950.7,5717.6,5.6
p58,2041,1276.2,1276.2,7227.3,5951.1,5.7
p58,2042,1319.4,1319.4,7507.4,6188.0,5.7
p58,2043,1362.8,1362.8,7791.2,6428.4,5.7
p58,2044,1406.4,1406.4,8078.6,6672.2,5.7
p58,2045,1450.2,1450.2,8369.8,6919.6,5.8
p58,2046,1494.2,1494.2,8664.7,7170.5,5.8
p58,2047,1538.4,1538.4,8963.4,7425.0,5.8
p58,2048,1582.8,1582.8,9266.0,7683.3,5.9
p58,2049,1627.4,1627.4,9572.6,7945.2,5.9
p58,2050,1672.1,1672.1,9883.0,8210.9,5.9
p59,2023,0.0,0.0,0.0,0.0,
p59,2024,27.4,27.4,141.8,114.5,5.2
p59,2025,55.5,55.5,296.4,240.9,5.3
p59,2026,84.6,84.6,465.0,380.4,5.5
p59,2027,114.6,114.6,648.7,534.1,5.7
p59,2028,145.5,145.5,849.0,703.6,5.8
p59,2029,177.3,177.3,1067.4,890.1,6.0
p59,2030,210.2,210.2,1305.5,1095.3,6.2
p59,2031,228.3,228.3,1444.3,1216.0,6.3
p59,2032,246.7,246.7,1589.7,1343.1,6.4
p59,2033,265.4,265.4,1742.2,1476.8,6.6
p59,2034,284.4,284.4,1902.0,1617.6,6.7
p59,2035,303.7,303.7,2069.6,1765.8,6.8
p59,2036,323.4,323.4,2245.2,1921.8,6.9
p59,2037,343.3,343.3,2429.2,2085.9,7.1
p59,2038,363.6,363.6,2622.2,2258.5,7.2
p59,2039,384.3,384.3,2824.4,2440.2,7.4
p59,2040,405.3,405.3,3036.4,2631.2,7.5
p59,2041,421.5,421.5,3206.1,2784.5,7.6
p59,2042,438.0,438.0,3382.0,2944.0,7.7
p59,2043,454.7,454.7,3564.4,3109.6,7.8
p59,2044,471.6,471.6,3753.4,3281.8,8.0
p59,2045,488.7,488.7,3949.5,3460.8,8.1
p59,2046,506.1,506.1,4152.8,3646.7,8.2
p59,2047,523.6,523.6,4363.5,3839.9,8.3
p59,2048,541.4,541.4,4582.0,4040.6,8.5
p59,2049,559.4,559.4,4808.6,4249.2,8.6
p59,2050,577.6,577.6,5043.4,4465.8,8.7
p6,2023,0.0,0.0,0.0,0.0,
p6,2024,41.8,41.8,193.1,151.3,4.6
p6,2025,84.8,84.8,403.3,318.5,4.8
p6,2026,129.2,129.2,632.2,503.0,4.9
p6,2027,174.9,174.9,881.2,706.3,5.0
p6,2028,222.0,222.0,1152.3,930.3,5.2
p6,2029,270.5,270.5,1447.4,1176.9,5.4
p6,2030,320.5,320.5,1768.5,1448.0,5.5
p6,2031,348.0,348.0,1955.4,1607.4,5.6
p6,2032,376.0,376.0,2151.1,1775.1,5.7
p6,2033,404.5,404.5,2356.1,1951.6,5.8
p6,2034,433.4,433.4,2570.7,2137.4,5.9
p6,2035,462.7,462.7,2795.5,2332.8,6.0
p6,2036,492.6,492.6,3031.0,2538.4,6.2
p6,2037,522.9,522.9,3277.5,2754.6,6.3
p6,2038,553.7,553.7,3535.8,2982.1,6.4
p6,2039,585.0,585.0,3806.2,3221.2,6.5
p6,2040,616.9,616.9,4089.4,3472.6,6.6
p6,2041,641.5,641.5,4315.8,3674.3,6.7
p6,2042,666.5,666.5,4550.4,3883.9,6.8
p6,2043,691.8,691.8,4793.4,4101.6,6.9
p6,2044,717.4,717.4,5045.2,4327.8,7.0
p6,2045,743.4,743.4,5306.1,4562.7,7.1
p6,2046,769.6,769.6,5576.4,4806.8,7.2
p6,2047,796.2,796.2,5856.4,5060.3,7.4
p6,2048,823.1,823.1,6146.6,5323.5,7.5
p6,2049,850.3,850.3,6447.3,5596.9,7.6
p6,2050,877.9,877.9,6758.7,5880.8,7.7
p60,2023,0.0,0.0,0.0,0.0,
p60,2024,7.4,7.4,38.2,30.9,5.2
p60,2025,14.8,14.8,78.1,63.2,5.3
p60,2026,22.4,22.4,119.6,97.2,5.3
p60,2027,30.1,30.1,162.9,132.8,5.4
p60,2028,37.9,37.9,208.0,170.2,5.5
p60,2029,45.8,45.8,255.1,209.3,5.6
p60,2030,53.8,53.8,304.2,250.4,5.7
p60,2031,58.1,58.1,331.3,273.2,5.7
p60,2032,62.4,62.4,359.0,296.5,5.7
p60,2033,66.8,66.8,387.3,320.5,5.8
p60,2034,71.2,71.2,416.3,345.0,5.8
p60,2035,75.7,75.7,445.9,370.2,5.9
p60,2036,80.2,80.2,476.2,396.0,5.9
p60,2037,84.7,84.7,507.1,422.5,6.0
p60,2038,89.2,89.2,538.8,449.6,6.0
p60,2039,93.8,93.8,571.2,477.4,6.1
p60,2040,98.4,98.4,604.3,505.9,6.1
p60,2041,102.0,102.0,629.9,527.9,6.2
p60,2042,105.5,105.5,655.9,550.4,6.2
p60,2043,109.1,109.1,682.4,573.4,6.3
p60,2044,112.6,112.6,709.4,596.7,6.3
p60,2045,116.2,116.2,736.8,620.5,6.3
p60,2046,119.9,119.9,764.6,644.8,6.4
p60,2047,123.5,123.5,793.0,669.5,6.4
p60,2048,127.2,127.2,821.8,694.6,6.5
p60,2049,130.9,130.9,851.1,720.2,6.5
p60,2050,134.6,134.6,880.9,746.3,6.5
p61,2023,0.0,0.0,0.0,0.0,
p61,2024,14.2,14.2,73.7,59.5,5.2
p61,2025,28.6,28.6,150.2,121.6,5.3
p61,2026,43.1,43.1,229.4,186.3,5.3
p61,2027,57.9,57.9,311.6,253.8,5.4
p61,2028,72.8,72.8,396.9,324.1,5.5
p61,2029,87.9,87.9,485.2,397.3,5.5
p61,2030,103.2,103.2,576.9,473.7,5.6
p61,2031,111.4,111.4,627.2,515.8,5.6
p61,2032,119.7,119.7,678.4,558.8,5.7
p61,2033,128.0,128.0,730.7,602.7,5.7
p61,2034,136.3,136.3,784.0,647.7,5.8
p61,2035,144.8,144.8,838.3,693.6,5.8
p61,2036,153.2,153.2,893.7,740.5,5.8
p61,2037,161.8,161.8,950.2,788.4,5.9
p61,2038,170.4,170.4,1007.8,837.4,5.9
p61,2039,179.0,179.0,1066.5,887.5,6.0
p61,2040,187.7,187.7,1126.3,938.6,6.0
p61,2041,194.4,194.4,1172.4,978.1,6.0
p61,2042,201.0,201.0,1219.2,1018.2,6.1
p61,2043,207.7,207.7,1266.7,1059.0,6.1
p61,2044,214.4,214.4,1314.9,1100.4,6.1
p61,2045,221.2,221.2,1363.8,1142.6,6.2
p61,2046,228.0,228.0,1413.4,1185.4,6.2
p61,2047,234.8,234.8,1463.7,1228.9,6.2
p61,2048,241.7,241.7,1514.8,1273.1,6.3
p61,2049,248.6,248.6,1566.6,1318.1,6.3
p61,2050,255.5,255.5,1619.3,1363.7,6.3
p62,2023,0.0,0.0,0.0,0.0,
p62,2024,13.4,13.4,69.7,56.3,5.2
p62,2025,27.0,27.0,142.2,115.1,5.3
p62,2026,40.8,40.8,217.6,176.8,5.3
p62,2027,54.8,54.8,296.1,241.3,5.4
p62,2028,69.0,69.0,377.8,308.8,5.5
p62,2029,83.3,83.3,462.8,379.5,5.6
p62,2030,97.9,97.9,551.3,453.4,5.6
p62,2031,105.7,105.7,600.0,494.3,5.7
p62,2032,113.6,113.6,649.8,536.2,5.7
p62,2033,121.5,121.5,700.7,579.1,5.8
p62,2034,129.5,129.5,752.6,623.1,5.8
p62,2035,137.6,137.6,805.7,668.1,5.9
p62,2036,145.7,145.7,859.9,714.2,5.9
p62,2037,153.9,153.9,915.3,761.4,5.9
p62,2038,162.1,162.1,971.9,809.8,6.0
p62,2039,170.4,170.4,1029.7,859.3,6.0
p62,2040,178.8,178.8,1088.7,909.9,6.1
p62,2041,185.2,185.2,1134.3,949.2,6.1
p62,2042,191.6,191.6,1180.7,989.1,6.2
p62,2043,198.0,198.0,1227.8,1029.8,6.2
p62,2044,204.5,204.5,1275.6,1071.2,6.2
p62,2045,211.0,211.0,1324.3,1113.3,6.3
p62,2046,217.5,217.5,1373.7,1156.2,6.3
p62,2047,224.1,224.1,1423.9,1199.8,6.4
p62,2048,230.7,230.7,1475.0,1244.3,6.4
p62,2049,237.4,237.4,1526.9,1289.5,6.4
p62,2050,244.1,244.1,1579.6,1335.5,6.5
p63,2023,0.0,0.0,0.0,0.0,
p63,2024,335.0,335.0,1739.4,1404.5,5.2
p63,2025,676.4,676.4,3576.6,2900.2,5.3
p63,2026,1024.5,1024.5,5517.0,4492.5,5.4
p63,2027,1379.2,1379.2,7566.4,6187.2,5.5
p63,2028,1740.8,1740.8,9730.9,7990.1,5.6
p63,2029,2109.3,2109.3,12017.0,9907.7,5.7
p63,2030,2484.9,2484.9,14431.6,11946.6,5.8
p63,2031,2688.3,2688.3,15786.2,13097.9,5.9
p63,2032,2893.8,2893.8,17181.3,14287.5,5.9
p63,2033,3101.4,3101.4,18618.0,15516.7,6.0
p63,2034,3311.0,3311.0,20097.6,16786.6,6.1
p63,2035,3522.9,3522.9,21621.4,18098.5,6.1
p63,2036,3736.9,3736.9,23190.6,19453.7,6.2
p63,2037,3953.1,3953.1,24806.6,20853.6,6.3
p63,2038,4171.5,4171.5,26470.9,22299.4,6.3
p63,2039,4392.1,4392.1,28184.9,23792.7,6.4
p63,2040,4615.0,4615.0,29949.9,25334.9,6.5
p63,2041,4785.8,4785.8,31328.6,26542.8,6.5
p63,2042,4958.0,4958.0,32738.5,27780.6,6.6
p63,2043,5131.4,5131.4,34180.3,29048.9,6.7
p63,2044,5306.2,5306.2,35654.8,30348.6,6.7
p63,2045,5482.4,5482.4,37162.6,31680.2,6.8
p63,2046,5659.9,5659.9,38704.5,33044.6,6.8
p63,2047,5838.8,5838.8,40281.4,34442.6,6.9
p63,2048,6019.1,6019.1,41893.9,35874.8,7.0
p63,2049,6200.8,6200.8,43543.0,37342.2,7.0
p63,2050,6383.9,6383.9,45229.3,38845.4,7.1
p64,2023,0.0,0.0,0.0,0.0,
p64,2024,114.3,114.3,593.2,479.0,5.2
p64,2025,231.0,231.0,1224.5,993.5,5.3
p64,2026,350.4,350.4,1896.3,1545.9,5.4
p64,2027,472.3,472.3,2611.1,2138.8,5.5
p64,2028,597.0,597.0,3371.8,2774.8,5.6
p64,2029,724.4,724.4,4181.3,3456.9,5.8
p64,2030,854.6,854.6,5042.6,4188.1,5.9
p64,2031,925.4,925.4,5530.3,4604.9,6.0
p64,2032,997.0,997.0,6034.6,5037.6,6.1
p64,2033,1069.4,1069.4,6556.1,5486.6,6.1
p64,2034,1142.7,1142.7,7095.3,5952.6,6.2
p64,2035,1216.9,1216.9,7653.0,6436.1,6.3
p64,2036,1291.9,1291.9,8229.7,6937.8,6.4
p64,2037,1367.8,1367.8,8826.1,7458.3,6.5
p64,2038,1444.6,1444.6,9442.8,7998.2,6.5
p64,2039,1522.3,1522.3,10080.6,8558.3,6.6
p64,2040,1600.9,1600.9,10740.1,9139.2,6.7
p64,2041,1661.3,1661.3,11258.2,9596.9,6.8
p64,2042,1722.3,1722.3,11789.7,10067.4,6.8
p64,2043,1783.8,1783.8,12335.0,10551.2,6.9
p64,2044,1845.8,1845.8,12894.4,11048.6,7.0
p64,2045,1908.4,1908.4,13468.3,11559.9,7.1
p64,2046,1971.5,1971.5,14057.1,12085.6,7.1
p64,2047,2035.2,2035.2,14661.1,12625.9,7.2
p64,2048,2099.5,2099.5,15280.8,13181.3,7.3
p64,2049,2164.3,2164.3,15916.6,13752.3,7.4
p64,2050,2229.7,2229.7,16568.8,14339.1,7.4
p65,2023,0.0,0.0,0.0,0.0,
p65,2024,171.6,171.6,890.8,719.2,5.2
p65,2025,346.9,346.9,1838.2,1491.4,5.3
p65,2026,526.0,526.0,2846.0,2320.0,5.4
p65,2027,709.0,709.0,3917.9,3208.8,5.5
p65,2028,896.1,896.1,5057.9,4161.9,5.6
p65,2029,1087.2,1087.2,6270.5,5183.3,5.8
p65,2030,1282.5,1282.5,7560.3,6277.8,5.9
p65,2031,1388.6,1388.6,8290.1,6901.4,6.0
p65,2032,1496.0,1496.0,9044.6,7548.5,6.0
p65,2033,1604.6,1604.6,9824.6,8219.9,6.1
p65,2034,1714.5,1714.5,10631.0,8916.5,6.2
p65,2035,1825.7,1825.7,11464.7,9639.0,6.3
p65,2036,1938.2,1938.2,12326.7,10388.5,6.4
p65,2037,2051.9,2051.9,13217.8,11165.8,6.4
p65,2038,2167.0,2167.0,14139.1,11972.0,6.5
p65,2039,2283.5,2283.5,15091.5,12808.1,6.6
p65,2040,2401.2,2401.2,16076.2,13675.0,6.7
p65,2041,2491.7,2491.7,16849.5,14357.8,6.8
p65,2042,2583.0,2583.0,17642.6,15059.6,6.8
p65,2043,2675.1,2675.1,18456.1,15781.0,6.9
p65,2044,2768.0,2768.0,19290.6,16522.6,7.0
p65,2045,2861.8,2861.8,20146.5,17284.7,7.0
p65,2046,2956.3,2956.3,21024.4,18068.1,7.1
p65,2047,3051.7,3051.7,21924.9,18873.2,7.2
p65,2048,3147.9,3147.9,22848.5,19700.5,7.3
p65,2049,3245.0,3245.0,23795.9,20550.8,7.3
p65,2050,3343.0,3343.0,24767.6,21424.6,7.4
p66,2023,0.0,0.0,0.0,0.0,
p66,2024,62.3,62.3,323.3,261.1,5.2
p66,2025,125.8,125.8,665.5,539.7,5.3
p66,2026,190.5,190.5,1027.5,836.9,5.4
p66,2027,256.6,256.6,1410.5,1153.9,5.5
p66,2028,324.0,324.0,1815.8,1491.8,5.6
p66,2029,392.7,392.7,2244.6,1852.0,5.7
p66,2030,462.8,462.8,2698.4,2235.6,5.8
p66,2031,500.8,500.8,2953.5,2452.8,5.9
p66,2032,539.2,539.2,3216.5,2677.4,6.0
p66,2033,577.9,577.9,3487.6,2909.7,6.0
p66,2034,617.2,617.2,3767.1,3150.0,6.1
p66,2035,656.8,656.8,4055.3,3398.5,6.2
p66,2036,696.8,696.8,4352.3,3655.5,6.2
p66,2037,737.3,737.3,4658.4,3921.2,6.3
p66,2038,778.2,778.2,4974.1,4195.9,6.4
p66,2039,819.5,819.5,5299.5,4480.0,6.5
p66,2040,861.3,861.3,5634.9,4773.6,6.5
p66,2041,893.3,893.3,5897.2,5004.0,6.6
p66,2042,925.6,925.6,6165.7,5240.2,6.7
p66,2043,958.1,958.1,6440.5,5482.4,6.7
p66,2044,990.9,990.9,6721.8,5730.8,6.8
p66,2045,1024.0,1024.0,7009.6,5985.6,6.8
p66,2046,1057.3,1057.3,7304.1,6246.8,6.9
p66,2047,1090.9,1090.9,7605.6,6514.7,7.0
p66,2048,1124.8,1124.8,7914.1,6789.3,7.0
p66,2049,1158.9,1158.9,8229.8,7070.9,7.1
p66,2050,1193.3,1193.3,8553.0,7359.6,7.2
p67,2023,0.0,0.0,0.0,0.0,
p67,2024,248.3,248.3,1289.2,1040.9,5.2
p67,2025,502.0,502.0,2659.8,2157.8,5.3
p67,2026,761.1,761.1,4116.8,3355.7,5.4
p67,2027,1025.9,1025.9,5665.7,4639.8,5.5
p67,2028,1296.4,1296.4,7312.4,6016.0,5.6
p67,2029,1572.7,1572.7,9062.9,7490.2,5.8
p67,2030,1855.1,1855.1,10923.9,9068.8,5.9
p67,2031,2008.5,2008.5,11976.2,9967.7,6.0
p67,2032,2163.7,2163.7,13063.9,10900.2,6.0
p67,2033,2320.7,2320.7,14188.0,11867.3,6.1
p67,2034,2479.5,2479.5,15349.9,12870.4,6.2
p67,2035,2640.1,2640.1,16550.7,13910.7,6.3
p67,2036,2802.5,2802.5,17791.9,14989.4,6.3
p67,2037,2966.9,2966.9,19074.7,16107.8,6.4
p67,2038,3133.1,3133.1,20400.6,17267.5,6.5
p67,2039,3301.2,3301.2,21770.9,18469.7,6.6
p67,2040,3471.3,3471.3,23187.2,19715.9,6.7
p67,2041,3602.0,3602.0,24299.0,20697.0,6.7
p67,2042,3733.8,3733.8,25439.1,21705.3,6.8
p67,2043,3866.7,3866.7,26608.3,22741.6,6.9
p67,2044,4000.8,4000.8,27807.2,23806.4,7.0
p67,2045,4136.1,4136.1,29036.7,24900.6,7.0
p67,2046,4272.6,4272.6,30297.6,26025.0,7.1
p67,2047,4410.2,4410.2,31590.6,27180.3,7.2
p67,2048,4549.1,4549.1,32916.5,28367.4,7.2
p67,2049,4689.2,4689.2,34276.2,29587.1,7.3
p67,2050,4830.5,4830.5,35670.6,30840.2,7.4
p68,2023,0.0,0.0,0.0,0.0,
p68,2024,2.9,2.9,13.4,10.5,4.7
p68,2025,5.7,5.7,27.1,21.3,4.7
p68,2026,8.6,8.6,41.0,32.4,4.8
p68,2027,11.5,11.5,55.3,43.8,4.8
p68,2028,14.5,14.5,69.9,55.4,4.8
p68,2029,17.4,17.4,84.8,67.3,4.9
p68,2030,20.4,20.4,100.0,79.6,4.9
p68,2031,22.0,22.0,108.2,86.2,4.9
p68,2032,23.6,23.6,116.5,92.9,4.9
p68,2033,25.2,25.2,124.9,99.7,5.0
p68,2034,26.8,26.8,133.4,106.6,5.0
p68,2035,28.4,28.4,141.9,113.5,5.0
p68,2036,30.0,30.0,150.6,120.6,5.0
p68,2037,31.7,31.7,159.4,127.7,5.0
p68,2038,33.3,33.3,168.3,135.0,5.1
p68,2039,34.9,34.9,177.2,142.3,5.1
p68,2040,36.6,36.6,186.3,149.7,5.1
p68,2041,37.8,37.8,193.2,155.4,5.1
p68,2042,39.1,39.1,200.2,161.1,5.1
p68,2043,40.3,40.3,207.2,166.9,5.1
p68,2044,41.6,41.6,214.3,172.8,5.2
p68,2045,42.8,42.8,221.5,178.7,5.2
p68,2046,44.1,44.1,228.7,184.6,5.2
p68,2047,45.3,45.3,236.0,190.6,5.2
p68,2048,46.6,46.6,243.3,196.7,5.2
p68,2049,47.9,47.9,250.7,202.8,5.2
p68,2050,49.1,49.1,258.2,209.0,5.3
p69,2023,0.0,0.0,0.0,0.0,
p69,2024,17.2,17.2,86.5,69.4,5.0
p69,2025,34.8,34.8,179.6,144.9,5.2
p69,2026,52.9,52.9,279.8,227.0,5.3
p69,2027,71.4,71.4,387.7,316.3,5.4
p69,2028,90.4,90.4,503.7,413.2,5.6
p69,2029,110.0,110.0,628.5,518.5,5.7
p69,2030,130.0,130.0,762.8,632.8,5.9
p69,2031,141.0,141.0,839.9,699.0,6.0
p69,2032,152.1,152.1,920.1,768.0,6.1
p69,2033,163.3,163.3,1003.6,840.2,6.1
p69,2034,174.8,174.8,1090.4,915.6,6.2
p69,2035,186.4,186.4,1180.8,994.4,6.3
p69,2036,198.1,198.1,1274.8,1076.7,6.4
p69,2037,210.0,210.0,1372.6,1162.6,6.5
p69,2038,222.1,222.1,1474.5,1252.4,6.6
p69,2039,234.3,234.3,1580.4,1346.1,6.7
p69,2040,246.7,246.7,1690.6,1443.9,6.9
p69,2041,256.3,256.3,1778.0,1521.6,6.9
p69,2042,266.0,266.0,1868.0,1602.0,7.0
p69,2043,275.8,275.8,1960.8,1685.0,7.1
p69,2044,285.7,285.7,2056.5,1770.8,7.2
p69,2045,295.7,295.7,2155.1,1859.4,7.3
p69,2046,305.8,305.8,2256.8,1951.0,7.4
p69,2047,316.0,316.0,2361.6,2045.6,7.5
p69,2048,326.3,326.3,2469.6,2143.3,7.6
p69,2049,336.7,336.7,2581.0,2244.3,7.7
p69,2050,347.3,347.3,2695.8,2348.6,7.8
p7,2023,0.0,0.0,0.0,0.0,
p7,2024,8.5,8.5,39.4,30.9,4.6
p7,2025,17.5,17.5,84.3,66.8,4.8
p7,2026,26.8,26.8,135.2,108.4,5.0
p7,2027,36.6,36.6,193.1,156.5,5.3
p7,2028,46.9,46.9,258.9,212.0,5.5
p7,2029,57.6,57.6,333.7,276.1,5.8
p7,2030,68.9,68.9,418.7,349.8,6.1
p7,2031,75.2,75.2,470.8,395.5,6.3
p7,2032,81.7,81.7,526.7,445.0,6.4
p7,2033,88.4,88.4,586.7,498.3,6.6
p7,2034,95.2,95.2,651.2,555.9,6.8
p7,2035,102.2,102.2,720.4,618.1,7.0
p7,2036,109.4,109.4,794.6,685.2,7.3
p7,2037,116.8,116.8,874.4,757.6,7.5
p7,2038,124.4,124.4,960.0,835.6,7.7
p7,2039,132.1,132.1,1051.9,919.8,8.0
p7,2040,140.0,140.0,1150.6,1010.6,8.2
p7,2041,146.3,146.3,1232.2,1085.9,8.4
p7,2042,152.7,152.7,1318.4,1165.7,8.6
p7,2043,159.2,159.2,1409.5,1250.3,8.9
p7,2044,165.9,165.9,1505.8,1339.9,9.1
p7,2045,172.6,172.6,1607.5,1434.9,9.3
p7,2046,179.5,179.5,1715.0,1535.5,9.6
p7,2047,186.6,186.6,1828.6,1642.1,9.8
p7,2048,193.8,193.8,1948.7,1754.9,10.1
p7,2049,201.1,201.1,2075.5,1874.4,10.3
p7,2050,208.5,208.5,2209.5,2001.0,10.6
p70,2023,0.0,0.0,0.0,0.0,
p70,2024,120.8,120.8,609.0,488.2,5.0
p70,2025,245.2,245.2,1269.7,1024.5,5.2
p70,2026,373.1,373.1,1986.4,1613.3,5.3
p70,2027,504.8,504.8,2764.0,2259.1,5.5
p70,2028,640.3,640.3,3607.5,2967.2,5.6
p70,2029,779.8,779.8,4522.7,3742.9,5.8
p70,2030,923.3,923.3,5515.6,4592.2,6.0
p70,2031,1002.2,1002.2,6090.9,5088.7,6.1
p70,2032,1082.4,1082.4,6692.4,5610.0,6.2
p70,2033,1163.7,1163.7,7321.1,6157.4,6.3
p70,2034,1246.4,1246.4,7978.3,6731.9,6.4
p70,2035,1330.3,1330.3,8665.3,7335.0,6.5
p70,2036,1415.5,1415.5,9383.5,7968.0,6.6
p70,2037,1502.1,1502.1,10134.2,8632.1,6.7
p70,2038,1590.0,1590.0,10919.0,9329.0,6.9
p70,2039,1679.3,1679.3,11739.3,10060.1,7.0
p70,2040,1769.9,1769.9,12596.9,10827.0,7.1
p70,2041,1840.1,1840.1,13280.6,11440.4,7.2
p70,2042,1911.2,1911.2,13987.9,12076.7,7.3
p70,2043,1983.1,1983.1,14719.7,12736.6,7.4
p70,2044,2055.8,2055.8,15476.8,13421.0,7.5
p70,2045,2129.4,2129.4,16260.1,14130.6,7.6
p70,2046,2203.9,2203.9,17070.5,14866.5,7.7
p70,2047,2279.3,2279.3,17908.8,15629.6,7.9
p70,2048,2355.5,2355.5,18776.2,16420.7,8.0
p70,2049,2432.7,2432.7,19673.6,17240.9,8.1
p70,2050,2510.8,2510.8,20602.0,18091.2,8.2
p71,2023,0.0,0.0,0.0,0.0,
p71,2024,0.8,0.8,4.3,3.5,5.4
p71,2025,1.6,1.6,8.6,7.0,5.4
p71,2026,2.4,2.4,13.0,10.6,5.4
p71,2027,3.2,3.2,17.4,14.2,5.4
p71,2028,4.0,4.0,21.9,17.9,5.4
p71,2029,4.9,4.9,26.4,21.6,5.5
p71,2030,5.7,5.7,31.0,25.3,5.5
p71,2031,6.1,6.1,33.5,27.4,5.5
p71,2032,6.5,6.5,35.9,29.4,5.5
p71,2033,7.0,7.0,38.4,31.4,5.5
p71,2034,7.4,7.4,40.8,33.4,5.5
p71,2035,7.8,7.8,43.3,35.5,5.5
p71,2036,8.3,8.3,45.8,37.6,5.5
p71,2037,8.7,8.7,48.4,39.7,5.5
p71,2038,9.2,9.2,50.9,41.8,5.6
p71,2039,9.6,9.6,53.5,43.9,5.6
p71,2040,10.0,10.0,56.0,46.0,5.6
p71,2041,10.4,10.4,58.0,47.6,5.6
p71,2042,10.7,10.7,59.9,49.2,5.6
p71,2043,11.0,11.0,61.9,50.8,5.6
p71,2044,11.4,11.4,63.8,52.5,5.6
p71,2045,11.7,11.7,65.8,54.1,5.6
p71,2046,12.0,12.0,67.8,55.8,5.6
p71,2047,12.4,12.4,69.8,57.4,5.6
p71,2048,12.7,12.7,71.8,59.1,5.7
p71,2049,13.0,13.0,73.8,60.8,5.7
p71,2050,13.4,13.4,75.8,62.4,5.7
p72,2023,0.0,0.0,0.0,0.0,
p72,2024,18.7,18.7,100.3,81.6,5.4
p72,2025,37.5,37.5,201.8,164.3,5.4
p72,2026,56.4,56.4,304.5,248.1,5.4
p72,2027,75.3,75.3,408.4,333.1,5.4
p72,2028,94.4,94.4,513.6,419.2,5.4
p72,2029,113.5,113.5,620.0,506.5,5.5
p72,2030,132.7,132.7,727.7,595.0,5.5
p72,2031,142.8,142.8,785.0,642.2,5.5
p72,2032,153.0,153.0,842.7,689.8,5.5
p72,2033,163.1,163.1,900.8,737.7,5.5
p72,2034,173.3,173.3,959.2,785.9,5.5
p72,2035,183.6,183.6,1018.0,834.5,5.5
p72,2036,193.8,193.8,1077.2,883.4,5.6
p72,2037,204.1,204.1,1136.8,932.7,5.6
p72,2038,214.4,214.4,1196.7,982.3,5.6
p72,2039,224.7,224.7,1257.0,1032.3,5.6
p72,2040,235.0,235.0,1317.6,1082.6,5.6
p72,2041,242.8,242.8,1363.5,1120.7,5.6
p72,2042,250.6,250.6,1409.7,1159.0,5.6
p72,2043,258.4,258.4,1456.0,1197.6,5.6
p72,2044,266.3,266.3,1502.5,1236.3,5.6
p72,2045,274.1,274.1,1549.3,1275.2,5.7
p72,2046,281.9,281.9,1596.3,1314.4,5.7
p72,2047,289.8,289.8,1643.5,1353.7,5.7
p72,2048,297.7,297.7,1691.0,1393.3,5.7
p72,2049,305.6,305.6,1738.6,1433.1,5.7
p72,2050,313.5,313.5,1786.5,1473.0,5.7
p73,2023,0.0,0.0,0.0,0.0,
p73,2024,1.2,1.2,6.4,5.2,5.4
p73,2025,2.4,2.4,12.9,10.5,5.4
p73,2026,3.6,3.6,19.5,15.9,5.4
p73,2027,4.8,4.8,26.1,21.3,5.4
p73,2028,6.0,6.0,32.9,26.8,5.4
p73,2029,7.3,7.3,39.7,32.4,5.5
p73,2030,8.5,8.5,46.5,38.0,5.5
p73,2031,9.1,9.1,50.2,41.1,5.5
p73,2032,9.8,9.8,53.9,44.1,5.5
p73,2033,10.4,10.4,57.6,47.2,5.5
p73,2034,11.1,11.1,61.3,50.2,5.5
p73,2035,11.8,11.8,65.1,53.3,5.5
p73,2036,12.4,12.4,68.9,56.5,5.6
p73,2037,13.1,13.1,72.7,59.6,5.6
p73,2038,13.7,13.7,76.5,62.8,5.6
p73,2039,14.4,14.4,80.3,66.0,5.6
p73,2040,15.0,15.0,84.2,69.2,5.6
p73,2041,15.5,15.5,87.1,71.6,5.6
p73,2042,16.0,16.0,90.1,74.0,5.6
p73,2043,16.5,16.5,93.0,76.5,5.6
p73,2044,17.0,17.0,96.0,79.0,5.6
p73,2045,17.5,17.5,99.0,81.5,5.6
p73,2046,18.0,18.0,102.0,83.9,5.7
p73,2047,18.5,18.5,105.0,86.5,5.7
p73,2048,19.1,19.1,108.0,89.0,5.7
p73,2049,19.6,19.6,111.1,91.5,5.7
p73,2050,20.1,20.1,114.1,94.1,5.7
p74,2023,0.0,0.0,0.0,0.0,
p74,2024,0.5,0.5,2.6,2.1,5.2
p74,2025,1.0,1.0,5.1,4.1,5.2
p74,2026,1.5,1.5,7.7,6.2,5.2
p74,2027,2.0,2.0,10.3,8.3,5.2
p74,2028,2.5,2.5,12.9,10.4,5.2
p74,2029,3.0,3.0,15.6,12.6,5.2
p74,2030,3.5,3.5,18.2,14.7,5.2
p74,2031,3.7,3.7,19.6,15.9,5.2
p74,2032,4.0,4.0,21.0,17.0,5.2
p74,2033,4.3,4.3,22.4,18.2,5.3
p74,2034,4.5,4.5,23.8,19.3,5.3
p74,2035,4.8,4.8,25.3,20.5,5.3
p74,2036,5.1,5.1,26.7,21.6,5.3
p74,2037,5.3,5.3,28.1,22.8,5.3
p74,2038,5.6,5.6,29.6,24.0,5.3
p74,2039,5.9,5.9,31.0,25.1,5.3
p74,2040,6.1,6.1,32.4,26.3,5.3
p74,2041,6.3,6.3,33.5,27.2,5.3
p74,2042,6.5,6.5,34.6,28.1,5.3
p74,2043,6.7,6.7,35.7,29.0,5.3
p74,2044,6.9,6.9,36.8,29.9,5.3
p74,2045,7.1,7.1,37.9,30.8,5.3
p74,2046,7.3,7.3,39.0,31.7,5.3
p74,2047,7.5,7.5,40.1,32.6,5.3
p74,2048,7.7,7.7,41.2,33.5,5.3
p74,2049,7.9,7.9,42.3,34.4,5.3
p74,2050,8.1,8.1,43.4,35.3,5.3
p75,2023,0.0,0.0,0.0,0.0,
p75,2024,5.0,5.0,25.4,20.4,5.1
p75,2025,10.0,10.0,51.2,41.2,5.1
p75,2026,15.1,15.1,77.2,62.2,5.1
p75,2027,20.1,20.1,103.6,83.5,5.1
p75,2028,25.2,25.2,130.3,105.0,5.2
p75,2029,30.3,30.3,157.2,126.9,5.2
p75,2030,35.5,35.5,184.6,149.1,5.2
p75,2031,38.2,38.2,199.1,160.9,5.2
p75,2032,40.9,40.9,213.7,172.9,5.2
p75,2033,43.6,43.6,228.5,184.9,5.2
p75,2034,46.3,46.3,243.3,196.9,5.3
p75,2035,49.1,49.1,258.2,209.1,5.3
p75,2036,51.8,51.8,273.2,221.4,5.3
p75,2037,54.5,54.5,288.3,233.7,5.3
p75,2038,57.3,57.3,303.5,246.2,5.3
p75,2039,60.0,60.0,318.7,258.7,5.3
p75,2040,62.8,62.8,334.1,271.3,5.3
p75,2041,64.9,64.9,345.7,280.9,5.3
p75,2042,67.0,67.0,357.4,290.5,5.3
p75,2043,69.1,69.1,369.2,300.1,5.3
p75,2044,71.1,71.1,381.0,309.8,5.4
p75,2045,73.2,73.2,392.8,319.6,5.4
p75,2046,75.3,75.3,404.7,329.4,5.4
p75,2047,77.4,77.4,416.7,339.3,5.4
p75,2048,79.5,79.5,428.7,349.2,5.4
p75,2049,81.6,81.6,440.8,359.1,5.4
p75,2050,83.8,83.8,452.9,369.2,5.4
p76,2023,0.0,0.0,0.0,0.0,
p76,2024,6.0,6.0,30.7,24.7,5.1
p76,2025,12.1,12.1,61.8,49.7,5.1
p76,2026,18.2,18.2,93.3,75.1,5.1
p76,2027,24.3,24.3,125.2,100.9,5.2
p76,2028,30.4,30.4,157.5,127.1,5.2
p76,2029,36.6,36.6,190.3,153.6,5.2
p76,2030,42.8,42.8,223.4,180.6,5.2
p76,2031,46.1,46.1,241.1,195.0,5.2
p76,2032,49.4,49.4,258.9,209.6,5.2
p76,2033,52.7,52.7,276.9,224.2,5.3
p76,2034,56.0,56.0,294.9,239.0,5.3
p76,2035,59.3,59.3,313.1,253.9,5.3
p76,2036,62.6,62.6,331.4,268.9,5.3
p76,2037,65.9,65.9,349.9,284.0,5.3
p76,2038,69.2,69.2,368.5,299.2,5.3
p76,2039,72.6,72.6,387.1,314.6,5.3
p76,2040,75.9,75.9,406.0,330.0,5.3
p76,2041,78.5,78.5,420.2,341.8,5.4
p76,2042,81.0,81.0,434.5,353.6,5.4
p76,2043,83.5,83.5,448.9,365.4,5.4
p76,2044,86.1,86.1,463.4,377.4,5.4
p76,2045,88.6,88.6,478.0,389.4,5.4
p76,2046,91.1,91.1,492.6,401.5,5.4
p76,2047,93.7,93.7,507.3,413.6,5.4
p76,2048,96.2,96.2,522.1,425.8,5.4
p76,2049,98.8,98.8,536.9,438.1,5.4
p76,2050,101.4,101.4,551.8,450.5,5.4
p77,2023,0.0,0.0,0.0,0.0,
p77,2024,1.7,1.7,8.7,7.0,5.1
p77,2025,3.4,3.4,17.6,14.2,5.1
p77,2026,5.2,5.2,26.6,21.4,5.1
p77,2027,6.9,6.9,35.7,28.8,5.2
p77,2028,8.7,8.7,44.9,36.3,5.2
p77,2029,10.4,10.4,54.3,43.9,5.2
p77,2030,12.2,12.2,63.8,51.7,5.2
p77,2031,13.1,13.1,68.9,55.8,5.3
p77,2032,14.1,14.1,74.1,60.0,5.3
p77,2033,15.0,15.0,79.2,64.2,5.3
p77,2034,15.9,15.9,84.4,68.5,5.3
p77,2035,16.9,16.9,89.7,72.8,5.3
p77,2036,17.8,17.8,94.9,77.1,5.3
p77,2037,18.8,18.8,100.3,81.5,5.3
p77,2038,19.7,19.7,105.6,85.9,5.3
p77,2039,20.7,20.7,111.0,90.3,5.4
p77,2040,21.7,21.7,116.5,94.8,5.4
p77,2041,22.4,22.4,120.6,98.2,5.4
p77,2042,23.1,23.1,124.8,101.6,5.4
p77,2043,23.8,23.8,128.9,105.1,5.4
p77,2044,24.6,24.6,133.1,108.6,5.4
p77,2045,25.3,25.3,137.3,112.1,5.4
p77,2046,26.0,26.0,141.6,115.6,5.4
p77,2047,26.7,26.7,145.9,119.1,5.5
p77,2048,27.5,27.5,150.2,122.7,5.5
p77,2049,28.2,28.2,154.5,126.3,5.5
p77,2050,28.9,28.9,158.8,129.9,5.5
p78,2023,0.0,0.0,0.0,0.0,
p78,2024,4.5,4.5,22.8,18.3,5.1
p78,2025,9.0,9.0,45.9,36.9,5.1
p78,2026,13.5,13.5,69.3,55.8,5.1
p78,2027,18.0,18.0,93.1,75.1,5.2
p78,2028,22.6,22.6,117.3,94.7,5.2
p78,2029,27.2,27.2,141.8,114.6,5.2
p78,2030,31.8,31.8,166.7,134.9,5.2
p78,2031,34.3,34.3,180.0,145.7,5.3
p78,2032,36.7,36.7,193.4,156.7,5.3
p78,2033,39.2,39.2,206.9,167.7,5.3
p78,2034,41.6,41.6,220.5,178.9,5.3
p78,2035,44.1,44.1,234.2,190.1,5.3
p78,2036,46.6,46.6,248.0,201.4,5.3
p78,2037,49.0,49.0,261.9,212.9,5.3
p78,2038,51.5,51.5,276.0,224.4,5.4
p78,2039,54.0,54.0,290.1,236.1,5.4
p78,2040,56.5,56.5,304.4,247.8,5.4
p78,2041,58.4,58.4,315.2,256.8,5.4
p78,2042,60.3,60.3,326.1,265.7,5.4
p78,2043,62.2,62.2,337.0,274.8,5.4
p78,2044,64.1,64.1,348.0,283.9,5.4
p78,2045,66.0,66.0,359.1,293.0,5.4
p78,2046,67.9,67.9,370.2,302.3,5.5
p78,2047,69.8,69.8,381.4,311.6,5.5
p78,2048,71.7,71.7,392.6,320.9,5.5
p78,2049,73.7,73.7,404.0,330.3,5.5
p78,2050,75.6,75.6,415.4,339.8,5.5
p79,2023,0.0,0.0,0.0,0.0,
p79,2024,13.4,13.4,68.0,54.7,5.1
p79,2025,26.8,26.8,136.9,110.1,5.1
p79,2026,40.3,40.3,206.5,166.2,5.1
p79,2027,53.8,53.8,277.0,223.2,5.1
p79,2028,67.4,67.4,348.3,280.9,5.2
p79,2029,81.1,81.1,420.4,339.4,5.2
p79,2030,94.8,94.8,493.4,398.6,5.2
p79,2031,102.0,102.0,532.3,430.3,5.2
p79,2032,109.3,109.3,571.4,462.1,5.2
p79,2033,116.5,116.5,610.7,494.2,5.2
p79,2034,123.8,123.8,650.3,526.5,5.3
p79,2035,131.1,131.1,690.1,559.0,5.3
p79,2036,138.4,138.4,730.2,591.8,5.3
p79,2037,145.8,145.8,770.5,624.8,5.3
p79,2038,153.1,153.1,811.1,658.0,5.3
p79,2039,160.5,160.5,851.9,691.4,5.3
p79,2040,167.9,167.9,893.0,725.1,5.3
p79,2041,173.4,173.4,924.1,750.7,5.3
p79,2042,179.0,179.0,955.3,776.3,5.3
p79,2043,184.6,184.6,986.7,802.1,5.3
p79,2044,190.2,190.2,1018.2,828.0,5.4
p79,2045,195.8,195.8,1049.8,854.1,5.4
p79,2046,201.4,201.4,1081.6,880.3,5.4
p79,2047,207.0,207.0,1113.6,906.6,5.4
p79,2048,212.6,212.6,1145.7,933.1,5.4
p79,2049,218.2,218.2,1177.9,959.7,5.4
p79,2050,223.9,223.9,1210.3,986.4,5.4
p8,2023,0.0,0.0,0.0,0.0,
p8,2024,0.5,0.5,2.4,1.9,5.3
p8,2025,0.9,0.9,4.8,3.9,5.3
p8,2026,1.4,1.4,7.2,5.8,5.3
p8,2027,1.8,1.8,9.7,7.8,5.3
p8,2028,2.3,2.3,12.1,9.8,5.3
p8,2029,2.7,2.7,14.6,11.9,5.3
p8,2030,3.2,3.2,17.1,13.9,5.3
p8,2031,3.5,3.5,18.4,15.0,5.3
p8,2032,3.7,3.7,19.8,16.1,5.3
p8,2033,3.9,3.9,21.1,17.2,5.4
p8,2034,4.2,4.2,22.4,18.3,5.4
p8,2035,4.4,4.4,23.8,19.4,5.4
p8,2036,4.7,4.7,25.1,20.5,5.4
p8,2037,4.9,4.9,26.5,21.6,5.4
p8,2038,5.2,5.2,27.9,22.7,5.4
p8,2039,5.4,5.4,29.2,23.8,5.4
p8,2040,5.7,5.7,30.6,25.0,5.4
p8,2041,5.8,5.8,31.7,25.8,5.4
p8,2042,6.0,6.0,32.7,26.7,5.4
p8,2043,6.2,6.2,33.7,27.5,5.4
p8,2044,6.4,6.4,34.8,28.4,5.4
p8,2045,6.6,6.6,35.8,29.2,5.4
p8,2046,6.8,6.8,36.9,30.1,5.4
p8,2047,7.0,7.0,37.9,31.0,5.5
p8,2048,7.1,7.1,39.0,31.9,5.5
p8,2049,7.3,7.3,40.1,32.7,5.5
p8,2050,7.5,7.5,41.1,33.6,5.5
p80,2023,0.0,0.0,0.0,0.0,
p80,2024,147.0,147.0,825.4,678.4,5.6
p80,2025,296.0,296.0,1684.3,1388.4,5.7
p80,2026,447.1,447.1,2578.2,2131.2,5.8
p80,2027,600.3,600.3,3508.5,2908.2,5.8
p80,2028,755.6,755.6,4476.6,3721.0,5.9
p80,2029,913.1,913.1,5484.1,4571.0,6.0
p80,2030,1072.8,1072.8,6532.5,5459.7,6.1
p80,2031,1158.5,1158.5,7110.3,5951.8,6.1
p80,2032,1244.9,1244.9,7700.6,6455.6,6.2
p80,2033,1332.0,1332.0,8303.5,6971.6,6.2
p80,2034,1419.6,1419.6,8919.4,7499.8,6.3
p80,2035,1507.9,1507.9,9548.7,8040.7,6.3
p80,2036,1596.9,1596.9,10191.4,8594.5,6.4
p80,2037,1686.5,1686.5,10848.0,9161.5,6.4
p80,2038,1776.8,1776.8,11518.8,9742.0,6.5
p80,2039,1867.7,1867.7,12204.0,10336.2,6.5
p80,2040,1959.4,1959.4,12903.9,10944.6,6.6
p80,2041,2029.1,2029.1,13444.6,11415.5,6.6
p80,2042,2099.3,2099.3,13994.1,11894.8,6.7
p80,2043,2169.9,2169.9,14552.5,12382.6,6.7
p80,2044,2240.9,2240.9,15120.0,12879.2,6.7
p80,2045,2312.2,2312.2,15696.8,13384.6,6.8
p80,2046,2384.0,2384.0,16283.0,13899.0,6.8
p80,2047,2456.2,2456.2,16878.7,14422.5,6.9
p80,2048,2528.7,2528.7,17484.1,14955.4,6.9
p80,2049,2601.7,2601.7,18099.4,15497.7,7.0
p80,2050,2675.1,2675.1,18724.7,16049.6,7.0
p81,2023,0.0,0.0,0.0,0.0,
p81,2024,28.4,28.4,159.7,131.3,5.6
p81,2025,57.2,57.2,324.3,267.2,5.7
p81,2026,86.2,86.2,494.0,407.8,5.7
p81,2027,115.6,115.6,668.8,553.2,5.8
p81,2028,145.2,145.2,849.0,703.8,5.8
p81,2029,175.2,175.2,1034.6,859.5,5.9
p81,2030,205.4,205.4,1226.0,1020.5,6.0
p81,2031,221.6,221.6,1330.2,1108.6,6.0
p81,2032,237.9,237.9,1436.1,1198.2,6.0
p81,2033,254.2,254.2,1543.7,1289.5,6.1
p81,2034,270.6,270.6,1653.0,1382.4,6.1
p81,2035,287.2,287.2,1764.1,1476.9,6.1
p81,2036,303.8,303.8,1877.0,1573.2,6.2
p81,2037,320.5,320.5,1991.7,1671.2,6.2
p81,2038,337.3,337.3,2108.3,1771.0,6.3
p81,2039,354.2,354.2,2226.7,1872.5,6.3
p81,2040,371.2,371.2,2347.1,1975.9,6.3
p81,2041,384.1,384.1,2439.4,2055.3,6.4
p81,2042,397.0,397.0,2532.8,2135.8,6.4
p81,2043,410.0,410.0,2627.4,2217.4,6.4
p81,2044,423.1,423.1,2723.1,2300.0,6.4
p81,2045,436.2,436.2,2820.0,2383.8,6.5
p81,2046,449.4,449.4,2918.1,2468.7,6.5
p81,2047,462.6,462.6,3017.3,2554.7,6.5
p81,2048,475.9,475.9,3117.8,2641.9,6.6
p81,2049,489.2,489.2,3219.5,2730.3,6.6
p81,2050,502.6,502.6,3322.4,2819.8,6.6
p82,2023,0.0,0.0,0.0,0.0,
p82,2024,9.3,9.3,52.5,43.1,5.6
p82,2025,18.8,18.8,106.4,87.6,5.7
p82,2026,28.3,28.3,161.8,133.5,5.7
p82,2027,37.9,37.9,218.8,180.9,5.8
p82,2028,47.6,47.6,277.3,229.7,5.8
p82,2029,57.4,57.4,337.5,280.1,5.9
p82,2030,67.3,67.3,399.4,332.1,5.9
p82,2031,72.6,72.6,432.9,360.4,6.0
p82,2032,77.9,77.9,467.0,389.2,6.0
p82,2033,83.2,83.2,501.6,418.4,6.0
p82,2034,88.5,88.5,536.7,448.2,6.1
p82,2035,93.9,93.9,572.3,478.4,6.1
p82,2036,99.3,99.3,608.4,509.1,6.1
p82,2037,104.8,104.8,645.1,540.3,6.2
p82,2038,110.2,110.2,682.3,572.1,6.2
p82,2039,115.7,115.7,720.1,604.3,6.2
p82,2040,121.2,121.2,758.4,637.1,6.3
p82,2041,125.4,125.4,787.7,662.3,6.3
p82,2042,129.6,129.6,817.3,687.7,6.3
p82,2043,133.8,133.8,847.3,713.5,6.3
p82,2044,138.0,138.0,877.6,739.5,6.4
p82,2045,142.3,142.3,908.2,765.9,6.4
p82,2046,146.6,146.6,939.2,792.7,6.4
p82,2047,150.8,150.8,970.5,819.7,6.4
p82,2048,155.1,155.1,1002.2,847.1,6.5
p82,2049,159.4,159.4,1034.2,874.8,6.5
p82,2050,163.8,163.8,1066.6,902.9,6.5
p83,2023,0.0,0.0,0.0,0.0,
p83,2024,17.6,17.6,98.7,81.1,5.6
p83,2025,35.3,35.3,200.6,165.3,5.7
p83,2026,53.3,53.3,305.7,252.4,5.7
p83,2027,71.4,71.4,414.1,342.7,5.8
p83,2028,89.8,89.8,526.1,436.3,5.9
p83,2029,108.3,108.3,641.6,533.2,5.9
p83,2030,127.1,127.1,760.7,633.7,6.0
p83,2031,137.1,137.1,825.7,688.6,6.0
p83,2032,147.2,147.2,891.8,744.6,6.1
p83,2033,157.3,157.3,959.0,801.7,6.1
p83,2034,167.5,167.5,1027.4,859.9,6.1
p83,2035,177.8,177.8,1096.9,919.1,6.2
p83,2036,188.1,188.1,1167.5,979.5,6.2
p83,2037,198.4,198.4,1239.4,1040.9,6.2
p83,2038,208.9,208.9,1312.4,1103.6,6.3
p83,2039,219.4,219.4,1386.7,1167.4,6.3
p83,2040,229.9,229.9,1462.3,1232.4,6.4
p83,2041,237.9,237.9,1520.3,1282.4,6.4
p83,2042,246.0,246.0,1579.0,1333.0,6.4
p83,2043,254.1,254.1,1638.5,1384.4,6.4
p83,2044,262.2,262.2,1698.7,1436.5,6.5
p83,2045,270.3,270.3,1759.7,1489.4,6.5
p83,2046,278.5,278.5,1821.5,1543.0,6.5
p83,2047,286.7,286.7,1884.0,1597.3,6.6
p83,2048,295.0,295.0,1947.4,1652.4,6.6
p83,2049,303.3,303.3,2011.5,1708.2,6.6
p83,2050,311.6,311.6,2076.5,1764.9,6.7
p84,2023,0.0,0.0,0.0,0.0,
p84,2024,2.4,2.4,13.0,10.6,5.4
p84,2025,4.9,4.9,26.2,21.3,5.4
p84,2026,7.3,7.3,39.6,32.3,5.4
p84,2027,9.8,9.8,53.2,43.4,5.4
p84,2028,12.3,12.3,67.0,54.7,5.5
p84,2029,14.8,14.8,81.0,66.2,5.5
p84,2030,17.3,17.3,95.2,77.9,5.5
p84,2031,18.6,18.6,102.7,84.1,5.5
p84,2032,19.9,19.9,110.4,90.5,5.5
p84,2033,21.3,21.3,118.1,96.8,5.6
p84,2034,22.6,22.6,125.8,103.2,5.6
p84,2035,23.9,23.9,133.7,109.7,5.6
p84,2036,25.3,25.3,141.5,116.3,5.6
p84,2037,26.6,26.6,149.5,122.8,5.6
p84,2038,28.0,28.0,157.5,129.5,5.6
p84,2039,29.3,29.3,165.5,136.2,5.6
p84,2040,30.7,30.7,173.7,143.0,5.7
p84,2041,31.7,31.7,179.8,148.1,5.7
p84,2042,32.7,32.7,186.0,153.3,5.7
p84,2043,33.8,33.8,192.2,158.5,5.7
p84,2044,34.8,34.8,198.5,163.7,5.7
p84,2045,35.8,35.8,204.8,169.0,5.7
p84,2046,36.9,36.9,211.1,174.3,5.7
p84,2047,37.9,37.9,217.5,179.6,5.7
p84,2048,38.9,38.9,223.9,185.0,5.7
p84,2049,40.0,40.0,230.3,190.4,5.8
p84,2050,41.0,41.0,236.8,195.8,5.8
p85,2023,0.0,0.0,0.0,0.0,
p85,2024,1.0,1.0,4.9,3.9,5.1
p85,2025,1.9,1.9,9.8,7.9,5.1
p85,2026,2.9,2.9,14.7,11.8,5.1
p85,2027,3.9,3.9,19.6,15.7,5.1
p85,2028,4.8,4.8,24.5,19.7,5.1
p85,2029,5.8,5.8,29.5,23.6,5.1
p85,2030,6.8,6.8,34.4,27.6,5.1
p85,2031,7.3,7.3,37.0,29.7,5.1
p85,2032,7.8,7.8,39.6,31.7,5.1
p85,2033,8.3,8.3,42.1,33.8,5.1
p85,2034,8.8,8.8,44.7,35.9,5.1
p85,2035,9.3,9.3,47.3,38.0,5.1
p85,2036,9.8,9.8,49.9,40.1,5.1
p85,2037,10.4,10.4,52.5,42.1,5.1
p85,2038,10.9,10.9,55.1,44.2,5.1
p85,2039,11.4,11.4,57.7,46.3,5.1
p85,2040,11.9,11.9,60.3,48.4,5.1
p85,2041,12.3,12.3,62.2,50.0,5.1
p85,2042,12.7,12.7,64.2,51.5,5.1
p85,2043,13.0,13.0,66.1,53.1,5.1
p85,2044,13.4,13.4,68.1,54.7,5.1
p85,2045,13.8,13.8,70.0,56.2,5.1
p85,2046,14.2,14.2,72.0,57.8,5.1
p85,2047,14.6,14.6,73.9,59.4,5.1
p85,2048,14.9,14.9,75.9,60.9,5.1
p85,2049,15.3,15.3,77.8,62.5,5.1
p85,2050,15.7,15.7,79.8,64.1,5.1
p86,2023,0.0,0.0,0.0,0.0,
p86,2024,6.8,6.8,33.6,26.9,5.0
p86,2025,13.5,13.5,67.5,53.9,5.0
p86,2026,20.3,20.3,101.6,81.3,5.0
p86,2027,27.2,27.2,136.0,108.8,5.0
p86,2028,34.0,34.0,170.6,136.6,5.0
p86,2029,40.8,40.8,205.5,164.6,5.0
p86,2030,47.7,47.7,240.6,192.9,5.0
p86,2031,51.3,51.3,259.2,207.9,5.0
p86,2032,55.0,55.0,277.9,222.9,5.1
p86,2033,58.6,58.6,296.6,238.0,5.1
p86,2034,62.2,62.2,315.4,253.2,5.1
p86,2035,65.9,65.9,334.3,268.5,5.1
p86,2036,69.5,69.5,353.3,283.8,5.1
p86,2037,73.2,73.2,372.3,299.2,5.1
p86,2038,76.8,76.8,391.5,314.7,5.1
p86,2039,80.5,80.5,410.6,330.2,5.1
p86,2040,84.1,84.1,429.9,345.8,5.1
p86,2041,86.9,86.9,444.4,357.5,5.1
p86,2042,89.6,89.6,459.0,369.4,5.1
p86,2043,92.4,92.4,473.6,381.2,5.1
p86,2044,95.2,95.2,488.3,393.1,5.1
p86,2045,97.9,97.9,503.0,405.0,5.1
p86,2046,100.7,100.7,517.7,417.0,5.1
p86,2047,103.5,103.5,532.5,429.0,5.1
p86,2048,106.3,106.3,547.3,441.0,5.2
p86,2049,109.0,109.0,562.2,453.1,5.2
p86,2050,111.8,111.8,577.1,465.3,5.2
p87,2023,0.0,0.0,0.0,0.0,
p87,2024,82.5,82.5,407.1,324.6,4.9
p87,2025,166.6,166.6,836.6,670.0,5.0
p87,2026,252.3,252.3,1289.6,1037.4,5.1
p87,2027,339.5,339.5,1767.5,1428.0,5.2
p87,2028,428.5,428.5,2271.6,1843.2,5.3
p87,2029,519.0,519.0,2803.4,2284.4,5.4
p87,2030,611.3,611.3,3364.4,2753.0,5.5
p87,2031,661.3,661.3,3678.6,3017.3,5.6
p87,2032,711.7,711.7,4002.0,3290.3,5.6
p87,2033,762.6,762.6,4334.8,3572.2,5.7
p87,2034,814.1,814.1,4677.3,3863.2,5.7
p87,2035,866.1,866.1,5029.8,4163.8,5.8
p87,2036,918.5,918.5,5392.6,4474.1,5.9
p87,2037,971.5,971.5,5766.0,4794.4,5.9
p87,2038,1025.1,1025.1,6150.2,5125.1,6.0
p87,2039,1079.2,1079.2,6545.6,5466.4,6.1
p87,2040,1133.8,1133.8,6952.5,5818.8,6.1
p87,2041,1175.6,1175.6,7270.1,6094.5,6.2
p87,2042,1217.7,1217.7,7594.7,6376.9,6.2
p87,2043,1260.2,1260.2,7926.4,6666.2,6.3
p87,2044,1303.0,1303.0,8265.5,6962.5,6.3
p87,2045,1346.1,1346.1,8612.0,7266.0,6.4
p87,2046,1389.5,1389.5,8966.3,7576.8,6.5
p87,2047,1433.3,1433.3,9328.3,7895.0,6.5
p87,2048,1477.4,1477.4,9698.4,8221.0,6.6
p87,2049,1521.8,1521.8,10076.6,8554.8,6.6
p87,2050,1566.6,1566.6,10463.2,8896.6,6.7
p88,2023,0.0,0.0,0.0,0.0,
p88,2024,23.6,23.6,116.5,92.8,4.9
p88,2025,47.6,47.6,238.7,191.1,5.0
p88,2026,72.1,72.1,367.1,295.1,5.1
p88,2027,96.9,96.9,502.0,405.0,5.2
p88,2028,122.2,122.2,643.5,521.3,5.3
p88,2029,147.9,147.9,792.2,644.3,5.4
p88,2030,174.1,174.1,948.3,774.2,5.4
p88,2031,188.2,188.2,1035.3,847.1,5.5
p88,2032,202.4,202.4,1124.5,922.1,5.6
p88,2033,216.8,216.8,1216.2,999.4,5.6
p88,2034,231.3,231.3,1310.2,1079.0,5.7
p88,2035,245.9,245.9,1406.8,1160.9,5.7
p88,2036,260.7,260.7,1505.9,1245.3,5.8
p88,2037,275.6,275.6,1607.7,1332.1,5.8
p88,2038,290.6,290.6,1712.2,1421.6,5.9
p88,2039,305.8,305.8,1819.4,1513.6,5.9
p88,2040,321.1,321.1,1929.5,1608.4,6.0
p88,2041,332.8,332.8,2015.1,1682.3,6.1
p88,2042,344.6,344.6,2102.5,1757.9,6.1
p88,2043,356.5,356.5,2191.5,1835.1,6.1
p88,2044,368.4,368.4,2282.4,1914.0,6.2
p88,2045,380.4,380.4,2375.1,1994.7,6.2
p88,2046,392.6,392.6,2469.7,2077.2,6.3
p88,2047,404.8,404.8,2566.2,2161.4,6.3
p88,2048,417.0,417.0,2664.6,2247.6,6.4
p88,2049,429.4,429.4,2765.0,2335.6,6.4
p88,2050,441.9,441.9,2867.4,2425.6,6.5
p89,2023,0.0,0.0,0.0,0.0,
p89,2024,43.2,43.2,220.3,177.1,5.1
p89,2025,86.8,86.8,445.9,359.1,5.1
p89,2026,130.7,130.7,676.8,546.1,5.2
p89,2027,175.0,175.0,913.2,738.2,5.2
p89,2028,219.6,219.6,1155.2,935.5,5.3
p89,2029,264.6,264.6,1402.9,1138.3,5.3
p89,2030,310.0,310.0,1656.6,1346.6,5.3
p89,2031,334.1,334.1,1793.6,1459.5,5.4
p89,2032,358.4,358.4,1932.4,1574.0,5.4
p89,2033,382.7,382.7,2072.9,1690.1,5.4
p89,2034,407.2,407.2,2215.1,1807.9,5.4
p89,2035,431.7,431.7,2359.2,1927.4,5.5
p89,2036,456.4,456.4,2505.0,2048.6,5.5
p89,2037,481.2,481.2,2652.7,2171.5,5.5
p89,2038,506.0,506.0,2802.2,2296.2,5.5
p89,2039,531.0,531.0,2953.6,2422.6,5.6
p89,2040,556.1,556.1,3106.9,2550.8,5.6
p89,2041,575.1,575.1,3223.9,2648.8,5.6
p89,2042,594.1,594.1,3342.0,2747.8,5.6
p89,2043,613.3,613.3,3461.2,2847.9,5.6
p89,2044,632.4,632.4,3581.5,2949.0,5.7
p89,2045,651.7,651.7,3702.9,3051.3,5.7
p89,2046,671.0,671.0,3825.5,3154.6,5.7
p89,2047,690.3,690.3,3949.3,3259.0,5.7
p89,2048,709.7,709.7,4074.3,3364.5,5.7
p89,2049,729.2,729.2,4200.4,3471.1,5.8
p89,2050,748.8,748.8,4327.7,3578.9,5.8
p9,2023,0.0,0.0,0.0,0.0,
p9,2024,42.8,42.8,225.1,182.2,5.3
p9,2025,85.8,85.8,452.1,366.4,5.3
p9,2026,128.9,128.9,681.3,552.4,5.3
p9,2027,172.1,172.1,912.4,740.3,5.3
p9,2028,215.5,215.5,1145.7,930.2,5.3
p9,2029,259.0,259.0,1381.0,1122.1,5.3
p9,2030,302.6,302.6,1618.5,1315.9,5.3
p9,2031,325.6,325.6,1744.5,1418.9,5.4
p9,2032,348.7,348.7,1871.1,1522.4,5.4
p9,2033,371.8,371.8,1998.3,1626.6,5.4
p9,2034,394.9,394.9,2126.1,1731.3,5.4
p9,2035,418.1,418.1,2254.6,1836.5,5.4
p9,2036,441.3,441.3,2383.6,1942.3,5.4
p9,2037,464.5,464.5,2513.2,2048.7,5.4
p9,2038,487.8,487.8,2643.5,2155.7,5.4
p9,2039,511.1,511.1,2774.3,2263.2,5.4
p9,2040,534.5,534.5,2905.8,2371.4,5.4
p9,2041,552.0,552.0,3005.1,2453.0,5.4
p9,2042,569.6,569.6,3104.7,2535.0,5.5
p9,2043,587.3,587.3,3204.6,2617.4,5.5
p9,2044,604.9,604.9,3304.9,2700.0,5.5
p9,2045,622.6,622.6,3405.6,2783.1,5.5
p9,2046,640.2,640.2,3506.6,2866.4,5.5
p9,2047,657.9,657.9,3608.0,2950.1,5.5
p9,2048,675.7,675.7,3709.8,3034.1,5.5
p9,2049,693.4,693.4,3811.9,3118.4,5.5
p9,2050,711.2,711.2,3914.3,3203.1,5.5
p90,2023,0.0,0.0,0.0,0.0,
p90,2024,22.4,22.4,114.3,91.9,5.1
p90,2025,45.0,45.0,230.2,185.2,5.1
p90,2026,67.6,67.6,347.6,280.0,5.1
p90,2027,90.3,90.3,466.6,376.3,5.2
p90,2028,113.2,113.2,587.2,474.0,5.2
p90,2029,136.1,136.1,709.4,573.3,5.2
p90,2030,159.2,159.2,833.3,674.1,5.2
p90,2031,171.4,171.4,899.4,728.0,5.2
p90,2032,183.6,183.6,965.9,782.4,5.3
p90,2033,195.8,195.8,1033.0,837.1,5.3
p90,2034,208.1,208.1,1100.5,892.4,5.3
p90,2035,220.4,220.4,1168.5,948.0,5.3
p90,2036,232.8,232.8,1236.9,1004.2,5.3
p90,2037,245.2,245.2,1305.9,1060.7,5.3
p90,2038,257.6,257.6,1375.3,1117.8,5.3
p90,2039,270.0,270.0,1445.3,1175.3,5.4
p90,2040,282.5,282.5,1515.7,1233.2,5.4
p90,2041,291.9,291.9,1569.0,1277.2,5.4
p90,2042,301.3,301.3,1622.6,1321.4,5.4
p90,2043,310.7,310.7,1676.5,1365.9,5.4
p90,2044,320.1,320.1,1730.7,1410.6,5.4
p90,2045,329.6,329.6,1785.2,1455.6,5.4
p90,2046,339.1,339.1,1840.0,1500.9,5.4
p90,2047,348.6,348.6,1895.1,1546.5,5.4
p90,2048,358.1,358.1,1950.4,1592.3,5.4
p90,2049,367.6,367.6,2006.1,1638.4,5.5
p90,2050,377.2,377.2,2062.0,1684.8,5.5
p91,2023,0.0,0.0,0.0,0.0,
p91,2024,2.1,2.1,11.5,9.5,5.6
p91,2025,4.1,4.1,23.1,19.0,5.6
p91,2026,6.2,6.2,34.7,28.5,5.6
p91,2027,8.2,8.2,46.3,38.1,5.6
p91,2028,10.3,10.3,58.0,47.7,5.6
p91,2029,12.4,12.4,69.8,57.4,5.6
p91,2030,14.4,14.4,81.5,67.1,5.6
p91,2031,15.5,15.5,87.8,72.2,5.7
p91,2032,16.6,16.6,94.0,77.4,5.7
p91,2033,17.7,17.7,100.2,82.5,5.7
p91,2034,18.8,18.8,106.5,87.7,5.7
p91,2035,19.9,19.9,112.7,92.8,5.7
p91,2036,21.0,21.0,119.0,98.0,5.7
p91,2037,22.1,22.1,125.3,103.2,5.7
p91,2038,23.2,23.2,131.6,108.4,5.7
p91,2039,24.3,24.3,137.9,113.6,5.7
p91,2040,25.4,25.4,144.2,118.9,5.7
p91,2041,26.2,26.2,149.0,122.8,5.7
p91,2042,27.0,27.0,153.7,126.7,5.7
p91,2043,27.8,27.8,158.5,130.7,5.7
p91,2044,28.6,28.6,163.3,134.6,5.7
p91,2045,29.5,29.5,168.1,138.6,5.7
p91,2046,30.3,30.3,172.8,142.5,5.7
p91,2047,31.1,31.1,177.6,146.5,5.7
p91,2048,31.9,31.9,182.4,150.5,5.7
p91,2049,32.8,32.8,187.3,154.5,5.7
p91,2050,33.6,33.6,192.1,158.5,5.7
p92,2023,0.0,0.0,0.0,0.0,
p92,2024,115.8,115.8,595.2,479.4,5.1
p92,2025,232.8,232.8,1207.3,974.5,5.2
p92,2026,350.9,350.9,1836.8,1485.9,5.2
p92,2027,470.1,470.1,2484.2,2014.1,5.3
p92,2028,590.6,590.6,3150.1,2559.5,5.3
p92,2029,712.2,712.2,3834.8,3122.7,5.4
p92,2030,834.9,834.9,4539.0,3704.1,5.4
p92,2031,900.4,900.4,4921.6,4021.2,5.5
p92,2032,966.2,966.2,5309.9,4343.6,5.5
p92,2033,1032.4,1032.4,5704.0,4671.6,5.5
p92,2034,1098.9,1098.9,6104.0,5005.2,5.6
p92,2035,1165.7,1165.7,6510.1,5344.4,5.6
p92,2036,1232.9,1232.9,6922.2,5689.3,5.6
p92,2037,1300.5,1300.5,7340.6,6040.1,5.6
p92,2038,1368.3,1368.3,7765.2,6396.9,5.7
p92,2039,1436.6,1436.6,8196.2,6759.6,5.7
p92,2040,1505.2,1505.2,8633.7,7128.5,5.7
p92,2041,1557.1,1557.1,8968.6,7411.5,5.8
p92,2042,1609.3,1609.3,9307.4,7698.0,5.8
p92,2043,1661.8,1661.8,9649.9,7988.2,5.8
p92,2044,1714.4,1714.4,9996.4,8282.0,5.8
p92,2045,1767.2,1767.2,10346.8,8579.6,5.9
p92,2046,1820.2,1820.2,10701.1,8880.9,5.9
p92,2047,1873.4,1873.4,11059.5,9186.1,5.9
p92,2048,1926.8,1926.8,11421.9,9495.0,5.9
p92,2049,1980.5,1980.5,11788.4,9807.9,6.0
p92,2050,2034.3,2034.3,12159.1,10124.8,6.0
p93,2023,0.0,0.0,0.0,0.0,
p93,2024,6.7,6.7,32.4,25.7,4.8
p93,2025,13.5,13.5,65.2,51.8,4.8
p93,2026,20.2,20.2,98.5,78.3,4.9
p93,2027,27.0,27.0,132.2,105.1,4.9
p93,2028,33.9,33.9,166.3,132.4,4.9
p93,2029,40.7,40.7,200.9,160.1,4.9
p93,2030,47.6,47.6,235.9,188.3,5.0
p93,2031,51.2,51.2,254.5,203.3,5.0
p93,2032,54.9,54.9,273.3,218.4,5.0
p93,2033,58.6,58.6,292.3,233.7,5.0
p93,2034,62.2,62.2,311.3,249.1,5.0
p93,2035,65.9,65.9,330.5,264.6,5.0
p93,2036,69.6,69.6,349.9,280.3,5.0
p93,2037,73.3,73.3,369.3,296.0,5.0
p93,2038,77.0,77.0,388.9,311.9,5.1
p93,2039,80.7,80.7,408.6,327.9,5.1
p93,2040,84.4,84.4,428.5,344.0,5.1
p93,2041,87.2,87.2,443.5,356.3,5.1
p93,2042,90.1,90.1,458.6,368.6,5.1
p93,2043,92.9,92.9,473.8,381.0,5.1
p93,2044,95.7,95.7,489.1,393.4,5.1
p93,2045,98.5,98.5,504.4,405.9,5.1
p93,2046,101.3,101.3,519.9,418.5,5.1
p93,2047,104.2,104.2,535.4,431.2,5.1
p93,2048,107.0,107.0,551.0,443.9,5.1
p93,2049,109.9,109.9,566.6,456.8,5.2
p93,2050,112.7,112.7,582.4,469.6,5.2
p94,2023,0.0,0.0,0.0,0.0,
p94,2024,378.0,378.0,1965.8,1587.7,5.2
p94,2025,764.7,764.7,4062.3,3297.6,5.3
p94,2026,1160.2,1160.2,6298.2,5138.0,5.4
p94,2027,1564.7,1564.7,8682.8,7118.1,5.5
p94,2028,1978.5,1978.5,11226.0,9247.5,5.7
p94,2029,2401.6,2401.6,13938.3,11536.7,5.8
p94,2030,2834.5,2834.5,16831.0,13996.5,5.9
p94,2031,3070.1,3070.1,18473.1,15403.0,6.0
p94,2032,3308.6,3308.6,20173.3,16864.7,6.1
p94,2033,3550.0,3550.0,21933.7,18383.7,6.2
p94,2034,3794.3,3794.3,23756.4,19962.1,6.3
p94,2035,4041.6,4041.6,25643.7,21602.0,6.3
p94,2036,4291.9,4291.9,27597.7,23305.8,6.4
p94,2037,4545.3,4545.3,29620.9,25075.6,6.5
p94,2038,4801.7,4801.7,31715.7,26914.0,6.6
p94,2039,5061.2,5061.2,33884.7,28823.5,6.7
p94,2040,5323.9,5323.9,36130.4,30806.5,6.8
p94,2041,5525.9,5525.9,37897.5,32371.6,6.9
p94,2042,5729.9,5729.9,39712.2,33982.4,6.9
p94,2043,5935.7,5935.7,41575.7,35640.1,7.0
p94,2044,6143.3,6143.3,43489.3,37346.0,7.1
p94,2045,6353.0,6353.0,45454.4,39101.5,7.2
p94,2046,6564.5,6564.5,47472.4,40907.9,7.2
p94,2047,6778.0,6778.0,49544.6,42766.6,7.3
p94,2048,6993.5,6993.5,51672.6,44679.1,7.4
p94,2049,7210.9,7210.9,53857.9,46646.9,7.5
p94,2050,7430.4,7430.4,56101.9,48671.5,7.6
p95,2023,0.0,0.0,0.0,0.0,
p95,2024,45.1,45.1,230.2,185.1,5.1
p95,2025,90.9,90.9,469.7,378.8,5.2
p95,2026,137.3,137.3,718.9,581.6,5.2
p95,2027,184.3,184.3,978.2,793.9,5.3
p95,2028,232.0,232.0,1248.0,1016.0,5.4
p95,2029,280.3,280.3,1528.8,1248.4,5.5
p95,2030,329.4,329.4,1820.9,1491.6,5.5
p95,2031,355.7,355.7,1981.9,1626.2,5.6
p95,2032,382.2,382.2,2146.3,1764.1,5.6
p95,2033,408.9,408.9,2314.2,1905.3,5.7
p95,2034,435.8,435.8,2485.8,2050.0,5.7
p95,2035,462.9,462.9,2661.0,2198.1,5.7
p95,2036,490.2,490.2,2840.0,2349.8,5.8
p95,2037,517.7,517.7,3022.8,2505.1,5.8
p95,2038,545.4,545.4,3209.5,2664.1,5.9
p95,2039,573.3,573.3,3400.3,2827.0,5.9
p95,2040,601.4,601.4,3595.2,2993.7,6.0
p95,2041,622.9,622.9,3745.6,3122.8,6.0
p95,2042,644.4,644.4,3898.6,3254.2,6.1
p95,2043,666.0,666.0,4054.0,3387.9,6.1
p95,2044,687.8,687.8,4211.9,3524.1,6.1
p95,2045,709.7,709.7,4372.4,3662.7,6.2
p95,2046,731.7,731.7,4535.5,3803.8,6.2
p95,2047,753.9,753.9,4701.3,3947.4,6.2
p95,2048,776.1,776.1,4869.7,4093.6,6.3
p95,2049,798.5,798.5,5040.9,4242.4,6.3
p95,2050,821.0,821.0,5214.8,4393.8,6.4
p96,2023,0.0,0.0,0.0,0.0,
p96,2024,79.9,79.9,407.6,327.7,5.1
p96,2025,160.8,160.8,829.8,669.0,5.2
p96,2026,242.7,242.7,1267.2,1024.6,5.2
p96,2027,325.6,325.6,1720.4,1394.9,5.3
p96,2028,409.5,409.5,2189.9,1780.4,5.3
p96,2029,494.4,494.4,2676.4,2181.9,5.4
p96,2030,580.5,580.5,3180.3,2599.8,5.5
p96,2031,626.5,626.5,3456.5,2830.0,5.5
p96,2032,672.9,672.9,3738.0,3065.1,5.6
p96,2033,719.5,719.5,4024.8,3305.2,5.6
p96,2034,766.5,766.5,4317.1,3550.6,5.6
p96,2035,813.8,813.8,4614.9,3801.1,5.7
p96,2036,861.4,861.4,4918.5,4057.1,5.7
p96,2037,909.3,909.3,5227.8,4318.5,5.7
p96,2038,957.5,957.5,5543.0,4585.5,5.8
p96,2039,1006.0,1006.0,5864.2,4858.2,5.8
p96,2040,1054.9,1054.9,6191.5,5136.7,5.9
p96,2041,1092.0,1092.0,6443.5,5351.5,5.9
p96,2042,1129.3,1129.3,6699.2,5569.8,5.9
p96,2043,1166.8,1166.8,6958.5,5791.6,6.0
p96,2044,1204.5,1204.5,7221.5,6017.0,6.0
p96,2045,1242.4,1242.4,7488.3,6245.9,6.0
p96,2046,1280.5,1280.5,7759.0,6478.5,6.1
p96,2047,1318.7,1318.7,8033.5,6714.8,6.1
p96,2048,1357.2,1357.2,8312.0,6954.8,6.1
p96,2049,1395.8,1395.8,8594.5,7198.7,6.2
p96,2050,1434.6,1434.6,8881.1,7446.5,6.2
p97,2023,0.0,0.0,0.0,0.0,
p97,2024,59.5,59.5,306.5,247.0,5.1
p97,2025,119.5,119.5,619.4,499.9,5.2
p97,2026,179.8,179.8,938.7,758.8,5.2
p97,2027,240.6,240.6,1264.6,1023.9,5.3
p97,2028,301.9,301.9,1597.2,1295.4,5.3
p97,2029,363.5,363.5,1936.7,1573.2,5.3
p97,2030,425.6,425.6,2283.2,1857.6,5.4
p97,2031,458.6,458.6,2469.7,2011.1,5.4
p97,2032,491.7,491.7,2658.2,2166.5,5.4
p97,2033,524.9,524.9,2848.8,2323.9,5.4
p97,2034,558.3,558.3,3041.5,2483.2,5.4
p97,2035,591.8,591.8,3236.2,2644.5,5.5
p97,2036,625.4,625.4,3433.1,2807.7,5.5
p97,2037,659.1,659.1,3632.1,2973.0,5.5
p97,2038,692.9,692.9,3833.3,3140.4,5.5
p97,2039,726.9,726.9,4036.7,3309.8,5.6
p97,2040,761.0,761.0,4242.2,3481.2,5.6
p97,2041,786.8,786.8,4398.8,3612.0,5.6
p97,2042,812.6,812.6,4556.6,3743.9,5.6
p97,2043,838.6,838.6,4715.7,3877.1,5.6
p97,2044,864.6,864.6,4876.1,4011.5,5.6
p97,2045,890.6,890.6,5037.8,4147.1,5.7
p97,2046,916.8,916.8,5200.8,4284.0,5.7
p97,2047,943.0,943.0,5365.2,4422.2,5.7
p97,2048,969.3,969.3,5530.9,4561.6,5.7
p97,2049,995.7,995.7,5698.0,4702.3,5.7
p97,2050,1022.1,1022.1,5866.4,4844.4,5.7
p98,2023,0.0,0.0,0.0,0.0,
p98,2024,59.8,59.8,307.9,248.1,5.1
p98,2025,120.0,120.0,622.7,502.6,5.2
p98,2026,180.8,180.8,944.4,763.6,5.2
p98,2027,241.9,241.9,1273.3,1031.3,5.3
p98,2028,303.6,303.6,1609.4,1305.9,5.3
p98,2029,365.7,365.7,1953.1,1587.4,5.3
p98,2030,428.3,428.3,2304.3,1876.1,5.4
p98,2031,461.5,461.5,2493.7,2032.2,5.4
p98,2032,494.9,494.9,2685.4,2190.4,5.4
p98,2033,528.4,528.4,2879.2,2350.8,5.4
p98,2034,562.1,562.1,3075.3,2513.2,5.5
p98,2035,595.9,595.9,3273.8,2677.9,5.5
p98,2036,629.8,629.8,3474.5,2844.7,5.5
p98,2037,663.9,663.9,3677.6,3013.7,5.5
p98,2038,698.1,698.1,3883.1,3185.0,5.6
p98,2039,732.5,732.5,4091.0,3358.5,5.6
p98,2040,767.0,767.0,4301.3,3534.4,5.6
p98,2041,793.0,793.0,4461.6,3668.6,5.6
p98,2042,819.2,819.2,4623.3,3804.1,5.6
p98,2043,845.4,845.4,4786.5,3941.0,5.7
p98,2044,871.8,871.8,4951.0,4079.3,5.7
p98,2045,898.2,898.2,5117.1,4218.9,5.7
p98,2046,924.6,924.6,5284.6,4359.9,5.7
p98,2047,951.2,951.2,5453.5,4502.3,5.7
p98,2048,977.8,977.8,5624.0,4646.2,5.8
p98,2049,1004.6,1004.6,5796.0,4791.4,5.8
p98,2050,1031.4,1031.4,5969.4,4938.1,5.8
p99,2023,0.0,0.0,0.0,0.0,
p99,2024,1052.6,1052.6,5570.0,4517.4,5.3
p99,2025,2198.6,2198.6,12582.3,10383.7,5.7
p99,2026,3446.5,3446.5,21410.4,17964.0,6.2
p99,2027,4805.1,4805.1,32524.6,27719.5,6.8
p99,2028,6284.5,6284.5,46516.8,40232.3,7.4
p99,2029,7895.2,7895.2,64132.3,56237.0,8.1
p99,2030,9649.0,9649.0,86309.2,76660.1,8.9
p99,2031,10698.6,10698.6,101655.1,90956.4,9.5
p99,2032,11799.5,11799.5,119185.1,107385.6,10.1
p99,2033,12954.0,12954.0,139210.2,126256.2,10.7
p99,2034,14165.0,14165.0,162085.4,147920.5,11.4
p99,2035,15435.0,15435.0,188216.5,172781.5,12.2
p99,2036,16767.1,16767.1,218066.8,201299.8,13.0
p99,2037,18164.2,18164.2,252165.7,234001.6,13.9
p99,2038,19629.4,19629.4,291117.9,271488.5,14.8
p99,2039,21166.3,21166.3,335614.2,314447.9,15.9
p99,2040,22778.1,22778.1,386443.5,363665.4,17.0
p99,2041,24108.8,24108.8,432146.8,408038.1,17.9
p99,2042,25490.6,25490.6,482970.3,457479.7,18.9
p99,2043,26925.4,26925.4,539487.5,512562.0,20.0
p99,2044,28415.5,28415.5,602336.4,573920.9,21.2
p99,2045,29962.7,29962.7,672226.3,642263.5,22.4
p99,2046,31569.5,31569.5,749945.9,718376.5,23.8
p99,2047,33238.0,33238.0,836372.6,803134.7,25.2
p99,2048,34970.5,34970.5,932481.7,897511.2,26.7
p99,2049,36769.7,36769.7,1039358.0,1002588.3,28.3
p99,2050,38638.0,38638.0,1158207.6,1119569.6,30.0
