utility_id_eia,utility_name
0,
6,
7,Tate & Lyle Ingredients Americas Inc
8,Tate & Lyle Ingredients Americas Inc
20,AES Cypress LLC
21,AES Shady Point LLC
23,A B Energy Inc
24,AE Operations LLC
25,Greenidge Generation Holdings LLC
34,City of Abbeville - (SC)
35,AES WR Ltd Partnership
39,AES Hickling LLC
40,Hospira Inc
42,AES Thames LLC
46,AES Hoytdale LLC
52,ACE Cogeneration Co
54,abitibi consolidated
55,aberdeen city of
56,Abitibi Consolidated Sale Corp
59,abbeville city of
60,Acadia Bay Energy Co LLC
65,Abitibi Consolidated-Lufkin
82,Ada Cogeneration Ltd Partnership
84,A & N Electric Coop
87,ada city of
88,Granite Ridge Energy LLC
97,adams electrical coop
108,adams-columbia electric coop
109,Ag Processing Inc
113,agway energy services inc
114,Addis Energy Center LLC
116,agway energy services-pa inc
118,adams rural electric coop inc
122,arcade village of
123,adel city of
127,aera energy llc
128,Adrian Energy Associates LLC
134,aes eastern energy lp
135,Agrilectric Power Partners Ltd
142,AES Beaver Valley
144,aep retail energy llc
146,aei resources
149,afton city of
150,Adrian Public Utilities Comm
151,Adirondack Hydro-4 Branch LLC
154,aes corp
155,agralite coop
156,AES Deepwater Inc
157,advance town of
162,aiken electric coop inc
163,AERA Energy LLC-Oxford
164,AERA Energy LLC
172,Ahlstrom Dexter LLC
174,Aitkin Public Utilities Comm
176,ajo improvement co
177,AES Hawaii Inc
178,AES  Placerita Inc
179,Agrium US Inc
182,akron city of
183,akron village of
189,PowerSouth Energy Cooperative
191,alamo power district no 3
192,akiachak native comm elec co
194,Albuquerque City of
195,Alabama Power Co
197,Akron Thermal LP
198,alton city of
201,alachua city of
202,black creek town of
204,Alabama Pine Pulp Co Inc
207,alameda city of
211,aetna life & casualty
212,aha macav power service
213,Alaska Electric Light&Power Co
219,Alaska Power and Telephone Co
220,alaska power administration
221,"Alaska Village Elec Coop, Inc"
222,City of Akron
228,City of Albany - (MO)
229,albany city of
230,albany water gas & light comm
232,albemarle city of
240,albemarle electric member corp
241,Albertville Municipal Utilities Board
243,albia light & railway co inc
244,albion city of
252,Alcoa Inc
253,alaska industrial dev&exp auth
257,AES Pacific Inc
261,AGC Division of APG Inc
266,alpha city of
273,Allegheny Hydro No 8 LP
274,Allegheny Hydro No 9 LP
275,Allegheny Hydro LP
276,alcorn county elec power assn
282,arcadia city of
287,alder mutual light co inc
288,Alaska Electric G & T Coop Inc
289,alexander city city of
291,Algonquin Windsor Locks LLC
295,City of Alexandria - (MN)
296,alfalfa electric coop inc
298,City of Alexandria - (LA)
305,alger-delta coop electric assn
306,Brookfield Smoky Mountain Hydropower LLC
307,algoma utility comm
308,acworth city of
309,City of Algona - (IA)
311,Algonquin Power Systems Inc
313,Wolf Hollow I L P
316,century power corp
317,Alcoa Power Generating Inc Yadkin Div
325,air liquide america corp
326,Alice Falls Corp
327,Air Liquide Large Industries U S LP
329,allamakee-clayton el coop inc
332,Allegheny Electric Coop Inc
335,Air Liquide Large Industries U.S. LP
338,allegheny generating co
343,AEP Generating Company
349,Alabama River Pulp Co Inc
353,Air Products Energy Enterprises LP
354,Allegheny Energy Supply Gleaso
358,Amalgamated Sugar Co LLC
360,aliso water management agency
361,Industrial Energy Applications Inc
363,Allegheny Energy SupplyWheatld
366,allendale city of
367,alliance city of
370,Allegheny No 6 Hydro Partners
378,allied power & light co
379,Alon USA LP
380,Public Service Enterprise Group Inc
385,alma city of
389,albert r lavallee inc
392,alpena power co
402,Altamont Power LLC
404,Alsip Paper Condominium Assn
405,City of Alta - (IA)
406,City of Altamont - (IL)
407,altamaha electric member corp
408,altamont city of
409,arctic utilities inc
416,altus city of
429,Occidental Permian Ltd
431,Alyeska Seafoods Inc
432,alta vista city of
450,The Amalgamated Sugar Co
456,fina oil & chemical co
459,amergen energy llc
463,Ameresco LFG I Inc
470,Covanta Energy of Niagara LP
471,Amana Society Service Co
472,Amedee Gethrm Venture I LP
473,Covanta Hempstead Company
477,American Hydro Power Co
482,alvarado city of
488,american electric power inc
491,American Crystal Sugar Co
497,BP America Inc
498,Ameramex Energy Group Inc
499,allegheny energy
503,American Hydro Power Company
509,AES Prescott LLC
515,american natural gas co
520,Illinois Power Generating Co
523,american energy solution inc
528,Covanta Southeastern Connecticut Company
536,aes ironwood inc
538,allegheny power service corp
540,bp energy co
542,Covanta Essex Company
547,American Sugar Refining Inc.
550,allegheny power system inc
552,american sugar refinery inc
554,City of Ames - (IA)
558,american coop services inc
560,amherst city of
562,amicalola electric member corp
563,American Bituminous Power LP
564,amoco production co
570,Covanta Delaware Valley LP
571,amory city of
576,American Paper Corp
577,alcoa utilities board
585,american utility network
588,anadarko public works auth
590,City of Anaheim - (CA)
596,aes power direct llc
597,aes creative resources lp
599,Anchorage Municipal Light and Power
604,andalusia city of
606,"ampro energy, inc"
617,American Tissue NH Electric In
619,androscoggin energy llc
623,Anheuser-Busch Inc
633,ancor
636,anderson city of
640,acn energy inc
641,ANP Bellingham Energy Company LLC
653,andreanof electric corp
656,ANP Blackstone Energy Company LLC
659,american transmission co
661,andover village of
662,arco western energy
666,Abitibi Consolidated-Sheldon
669,angelica village of
671,adams county coop electric co
682,City of Anita - (IA)
689,Anoka Electric Coop
690,bardstown city of
691,anoka city of
694,Anza Electric Coop Inc
695,City of Ansley - (NE)
700,anthon city of
701,City of Anthony - (KS)
702,amoco oil co
703,a e staley manufacturing co
704,a e staley manufacturing co
707,aera energy llc
712,arkansas river power authority
719,apex town of
723,aplington city of
727,appalachian electric coop
733,Appalachian Power Co
737,aquilla irrigation district
739,IPA Operations Inc
740,armour pharmaceutical co
741,aquila energy
744,Appleton Coated LLC
745,Applied Energy Inc
750,arab electric coop inc
752,arapahoe city of
753,Aquila Muskingum Cnty Pwr LLC
756,Appomattox River Associates LP
757,Aquila Services Inc
761,Aquila Merchant Services
764,arcadia city of
765,City of Arcadia - (WI)
768,City of Arcanum - (OH)
770,"Aquila, Inc."
772,Archer Daniels Midland Co
774,aroostook valley elec co
779,Perma Treat Corporation
781,aps
782,Aquenergy Systems Inc
789,argos town of
792,City of Argyle - (WI)
794,Apollo Energy Corp
796,Arizona Electric Pwr Coop Inc
798,arizona power authority
803,Arizona Public Service Co
807,Arkansas Electric Coop Corp
814,Entergy Arkansas Inc
817,arkansas valley elec coop corp
828,arlington city of
829,American Electric Power Co Inc
831,arlington city of
832,arma city of
834,Archer Power Partners LP
838,avista energy inc
857,arco products co-arco
867,ARCO Products Co-Watson
871,Village of Arnold - (NE)
876,Atlanta Gift Mart LP
877,Art Institute of Chicago
878,atmautluak city of
880,arco wilmington calciner
885,Avondale Mills Inc
887,arrowhead electric coop inc
896,anr cold springs co
900,Asbury Park Press Inc
902,ashburnham town of
906,Town of Ashland
907,ashland city of
908,amergen energy llc
910,Atlanta Precision Moldg Co Ltd
911,City of Ashland - (KS)
914,Total Petrochemicals USA Inc
918,City of Aspen- (CO)
923,Avista-STEAG LLC
924,"Associated Electric Coop, Inc"
925,ashley chicot elec coop inc
939,aes duck creek
942,atchison-holt electric coop
943,AT&T Communications
944,athens city of
947,athens city of
949,Athens Development Co LLC
954,Averitt Lumber Co
958,American Atlas #1 Ltd
960,atlantic adventist healthcare
963,Atlantic City Electric Co
964,Attala Generating Co LLC
965,Atlantic Municipal Utilities
967,atlanta power co inc
970,ameren energy marketing co
980,Air Products LP
986,Aurora Energy LLC
989,City of Attica
991,Air Products & Chemicals Inc
993,Auburn Board of Public Works
994,auburn city of
995,auburn city of
998,City of Augusta - (KS)
1000,Augusta City of
1002,aurelia city of
1004,aurora city of
1005,Avalon/Mayo Hydropower LLC
1008,Aziscohos Hydro Co Inc
1009,City of Austin - (MN)
1012,aviara energy corp
1015,Austin Energy
1024,ava city of
1028,avilla town of
1033,axtell city of
1035,Aves Hamilton Inc
1036,ayden town of
1039,acn power inc
1041,auburndale power partners lp
1046,aztec city of
1048,at&t credit corp
1050,azusa city of
1053,Austin State Hospital
1058,B Braun Medical Inc
1062,barc electric coop inc
1063,avalon/h & h properties
1074,"Hays Energy, LLC"
1080,badger city of
1092,"ayp energy, inc"
1101,bagley public utilities comm
1113,Badger Creek Ltd
1119,bainbridge town of
1124,baird city of
1130,baker electric coop inc
1137,Badger Windpower LLC
1148,City of Baldwin City- (KS)
1149,baldwin county el member corp
1167,baltimore gas & electric co
1169,bailey county elec coop assn
1170,bamberg city of
1172,Bancroft Municipal Utilities
1175,bandera electric coop inc
1176,bandon city of
1179,Emera Maine
1181,bangor city of
1182,BASF Corporation
1187,Bangor Pacific Operating Co
1192,banning city of
1194,Baptist Memorial Hospital
1196,baraga city of
1201,barbourville city of
1205,bardwell city of
1208,bargersville town of
1232,barnesville city of
1233,barnesville city of
1235,b-k electric coop inc
1251,barron electric coop
1268,Bayswater Peaking Facility LLC
1273,bartlett electric coop inc
1275,basf corp
1276,"Barrow Utils & Elec Coop, Inc"
1278,City of Barron - (WI)
1279,barry electric coop
1283,bartholomew county rural e m c
1287,bartlett city of
1298,Barton Shoals Energy LLC
1299,"Barton Village, Inc"
1300,bartow city of
1301,barton county elec coop inc
1307,Basin Electric Power Coop
1308,Basin Creek Power Services LLC
1311,Bassett Furniture Industries Inc
1324,bastrop city of
1325,batavia city of
1326,bartley village of
1337,baf energy inc
1343,bath electric gas & water sys
1346,battle creek city of
1351,Bayou Cove Peaking Power LLC
1353,Baudette City of
1354,bell atlantic credit co
1357,BASF Corp
1361,Bay Windpower LLC
1362,Bassett Healthcare
1366,City of Bay City - (MI)
1367,bayfield electric coop inc
1374,bayard city of
1383,Berkeley Leasing LLC
1386,beach city city of
1387,benham city of
1388,BP Exploration Alaska
1402,Bear Mountain Ltd
1410,Bayview Financial Trading Grou
1411,"bayview malls, llc"
1415,SWG Colorado LLC
1417,beartooth electric coop inc
1427,beatrice city of
1428,Beaver Wood Joint Venture
1434,Beaver City Corporation
1435,City of Beaver City - (NE)
1439,Beaver Falls Hydro Associates
1450,Beechwood Energy Inc
1456,Town of Bedford - (VA)
1458,beauregard electric coop inc
1462,beebee island corporation
1465,beech bottom power co
1494,belhaven town of
1511,Bellevue Associates
1512,City of Belleville - (KS)
1513,belfalls electric coop inc
1515,City of Bellevue - (IA)
1519,bellville city of
1521,belmont electric coop inc
1522,belmont village of
1523,belmont town of
1525,City of Beloit - (KS)
1526,beadle electric coop inc
1528,Beaver Falls Municipal Auth
1529,beltrami electric coop inc
1553,Balaton Power Inc
1554,City of Benkelman
1566,bennettsville city of
1569,Berry Petroleum Co
1571,benson town of
1572,badger power marketing auth
1573,City of Benson - (MN)
1578,benton county of
1579,PUD No 1 of Benton County
1581,benton city of
1582,benton city of
1584,benton county elec coop assn
1585,benton village of
1586,bentonville city of
1591,big country electric coop inc
1594,berea college
1598,crowder lumber co
1601,beresford city of
1604,bergen village of
1613,berkeley electric coop inc
1614,bettles light & power inc
1615,Town of Berlin - (MD)
1616,Berkshire Power Co LLC
1618,berlin borough of
1624,Berrians 1 Gas Turbine Power
1625,benton rural electric assn
1636,Big Cajun 1 Peakers
1640,bessemer city of
1647,City of Bethany
1648,bethany village of
1650,bethel city of
1651,Bethel Utilities Corp
1652,Black Hills Ontario LLC
1653,Bethlehem Steel Corp
1671,big flat electric coop inc
1674,no name
1675,big horn rural electric co
1677,bloomdale village of
1678,Big Creek Water Works Ltd
1683,big horn county elec coop inc
1684,"Berrien Energy Center, LLC"
1687,Bio-Energy Partners
1692,Big Rivers Electric Corp
1698,big stone city of
1702,biggs city of
1708,big sandy rural elec coop corp
1711,Big Valley Lumber Co
1712,Big Sandy Peaker Plant LLC
1713,bigfork valley el serv co inc
1714,bindhammer d
1723,big bend electric coop inc
1726,blue mound city of
1735,Birchwood Power Partners LP
1736,blachly-lane cnty coop el assn
1738,bonneville power admin
1745,Biomass One LP
1746,Black River Generation LLC
1747,birch creek village elec util
1751,Birch Power Co
1752,Biola University
1753,biwabik city of
1754,black hawk energy llc
1762,black river ltd partnership
1763,black river electric coop inc
1764,black diamond power co
1765,black earth village of
1769,black hills electric coop inc
1773,Las Vegas Cogeneration II LLC
1775,black river electric coop
1776,Black River Falls City of
1779,basin town of
1780,black warrior elec member corp
1784,Black Creek Hydro Inc
1795,blackstone town of
1796,blackstone valley electric co
1800,blackwell city of
1807,Bioten GP
1814,blair city of
1818,blaine city of
1823,blakely borough of
1824,bigelow city of
1826,blakely city of
1828,Linn Operating Inc
1832,blanchester village of
1839,blanding city of
1845,bonneville fuels manage't corp
1851,Blind Canyon Aqua Ranch Inc
1857,Block Island Power Co
1864,Bio-Energy Corp
1866,bloomer electric & water co
1869,City of Bloomfield - (IA)
1871,City of Blooming Prairie - (MN)
1876,blountstown city of
1877,Blue Spruce Energy Center LLC
1881,Blue Canyon Windpower LLC
1882,Blount County Energy LLC
1883,Blue Earth Light & Water
1884,blue earth-nicollet-faribault
1886,blue grass rural el coop corp
1889,blue ridge elec member corp
1890,blue ridge electric coop inc
1891,blue ridge mountain e m c
1892,bluebonnett electric coop inc
1894,bluestone energy design inc
1896,City of Bluffton
1898,bon homme yankton el assn inc
1913,boerne city of
1915,blythe energy llc
1922,Boise Cascade Pulp&Paper Mill
1924,Boise Packaging & Newsprint LLC
1926,boise cascade corp-deridder
1928,boise cascade corp
1932,Boise-Kuna Irrigation District
1936,Bolivar Energy Authority
1940,Bonnet Carre' Power LLC
1947,Bob Jones University
1950,ReEnergy Stratton LLC
1951,White Pine Electric Power LLC
1955,bridgeport city of
1956,City of Bonners Ferry
1959,Boralex Livermore Falls Inc
1966,Boltonville Hydro Associates
1968,boone valley electric coop
1970,boonville village of
1971,boonville city of
1974,bonneville pacific corp
1976,Boralex New York LP
1981,ReEnergy Ashland LLC
1984,ReEnergy Fort Fairfield LLC
1987,bostic town of
1990,Boralex Inc
1991,Boise White Paper LLC
1994,Boulder City of
1997,boscobel city of
1998,boston edison co
2001,boone electric coop
2006,bankamerica leasing&cap corp
2008,boulder city city of
2010,City of Bountiful
2016,Boott Hydropower Inc
2025,borden chemical co
2029,Borden Chemicals & Plastics
2048,Bowersock Mills & Power Co
2049,bowie-cass electric coop inc
2050,bowie city of
2053,Bowater Newport Coosa Pines Op
2054,City of Bowling Green
2056,bowling green city of
2064,boyce town of
2069,BP America Production Co
2085,BP Chemicals-Green Lake
2086,boylston town of
2087,Bowie Power Station LLC
2089,bozrah light & power co
2091,Phillips 66
2120,brainard village of
2128,bradner village of
2129,brady power partners
2130,Brea Power Partners LP
2135,brady city of
2138,Brainerd Public Utilities
2144,Town of Braintree - (MA)
2152,powerex corp
2171,Brazos Valley Energy
2172,Brazos Electric Power Coop Inc
2176,Brazos River Authority
2179,Brassua Hydroelectric LP
2182,breckenridge city of
2183,breda city of
2184,Bradford Dyeing Association Inc
2188,City of Breese - (IL)
2192,bremen town of
2194,brenham city of
2205,brewster village of
2206,brewster city of
2210,bridgeport city of
2212,"Broad River Electric Coop, Inc"
2215,bridger valley elec assn inc
2220,Brigham City Corporation
2226,Bridgewater Power Co LP
2232,Bridgeport Energy LLC
2236,brinson town of
2247,bristol city of
2248,bristol utilities board
2253,Brookhaven Energy LP
2255,Baylor University
2259,broken bow public works auth
2265,Bristol-Myers Squibb Co
2267,Broad River Energy LLC
2268,braman town of
2270,bronson city of
2272,brocton city of
2273,brodhead water & lighting comm
2277,City of Broken Bow - (NE)
2285,brookings city of
2287,City of Brooklyn - (IA)
2289,brooklyn town of
2295,Brockton Power LLC
2304,brookston town of
2307,Brown & Williamson Tobacco Co
2311,bp amoco exploration co
2313,Brooklyn Navy Yard Cogen PLP
2316,brown county rural elec assn
2338,Calpine Central LP
2347,browns propane
2354,brown-atchison e c a inc
2360,bp amoco corp
2371,Brown University
2387,Brownsville Power I LLC
2389,buchanan county rrl elec coop
2394,burke-divide electric coop inc
2400,Bucksport Energy&Internt Paper
2403,james river-nh electric inc
2404,City of Brownfield
2409,Brownsville Public Utilities Board
2411,brownsville city of
2412,brownton city of
2423,brundidge city of
2430,Brush Cogeneration Partners
2439,City of Bryan - (OH)
2442,City of Bryan - (TX)
2443,bp amoco plc
2448,bryant city of
2455,bt capital
2468,Bucknell University
2469,buckeye water c&d district
2481,cargill-alliant llc
2484,buffalo electric coop
2485,buffalo city of
2487,buford city of
2489,buena vista county r e c
2491,buhl city of
2496,u s bureau of indian affairs
2502,buckeye rural elec coop inc
2507,City of Burbank Water and Power
2509,Bunge Foods
2512,Bunge Milling Inc
2518,U S Bureau of Reclamation
2522,Buckeye Florida Ltd Partners
2534,burke city of
2545,burley city of
2547,City of Burlingame - (KS)
2548,City of Burlington Electric - (VT)
2550,City of Burlington
2551,City of Burlington - (KS)
2553,burlington city of
2559,burnet city of
2565,North American Energy Services
2598,Burrows Paper Corp
2599,burt county public power dist
2600,burt city of
2609,City of Burwell - (NE)
2633,bushnell city of
2634,City of Bushnell - (IL)
2635,Bypass Ltd
2641,butler rural el coop assn inc
2643,butler public power district
2647,City of Butler - (MO)
2650,butler borough of
2651,butler rural electric coop inc
2652,butler county rural elec coop
2655,butte electric coop inc
2663,bp global power
2670,Sherwin Alumina Company
2671,Baconton Power LLC
2674,Tesoro Refining & Marketing Company LLC
2678,c & l electric coop corp
2683,BP Amoco Carson Refinery
2691,cec-apl lp
2696,Tesoro Carson Refinery
2708,CTV Pwr Purchase Cntrct Trust
2716,cabrillo power llc
2719,CalWind Resources Inc
2724,cabot power corp
2725,"Cabazon Wind Partners, LLC"
2726,cabool city of
2731,csw energy services inc
2759,cadott city of
2769,Cargill Inc
2770,Terra-Gen Operating Co LLC
2772,Caithness Dixie Valley LLC
2773,cairo city of
2774,cms electric coop inc
2776,cairo public utility comm
2777,cajun electric power coop inc
2782,Terra-Gen Operating Company
2783,Caledonia Power I LLC
2789,Calcasieu Power LLC
2790,Caithness Big Sandy LLC
2793,Caithness Operating Co LLC
2794,calpine newark inc
2795,Caledonia Operating Serv LLC
2796,calpine corp
2799,Calpine Corp - Metcalf Energy Center
2800,caldwell city of
2805,calpine corp/bechtel entrp(jv)
2806,California Dept of Corrections
2809,callender city of
2810,caledonia city of
2811,CalPeak Power LLC
2812,calhoun city of
2814,calpine geysers co lp
2816,calpine corp
2818,Cameron Ridge LLC
2819,Calpine Pittsburg LLC
2820,Calpine Corp - Pastoria Energy Center
2821,caliente city of
2822,Calvert City Power I LLC
2826,calpine geysers-sonoma power
2827,Calpine Corp
2828,capital oil pipeline co
2832,calpine corp - feather river
2836,BP America Inc
2837,cp national corp
2838,Baytown Energy Center LLC
2840,calpine corp - wolfskill
2843,Los Medanos Energy Center LLC
2844,Department of the Navy
2846,cinergy corp
2848,California Institute-Technolgy
2849,central electric power assn
2850,Central Arizona Water Conservation Dist
2851,california city of
2852,Calpine Corp
2856,Calligan Hydro Inc
2857,"calpine power marketing, inc"
2859,callaway village of
2860,Los Esteros Critical Energy Facility LLC
2861,Calpine Androscoggin Energy
2863,Calpine Corp
2865,Calpine Corp-King City
2867,Calpine Corp-Yuba City
2868,Calpine Monterey Cogen Inc
2869,calpine corp/creed energy
2870,calpine corp/lambre&goosehaven
2871,OLS Energy-Agnews Inc.
2872,Auburndale Peaker Energy Center LLC
2873,Calpine Morris LLC
2874,Gilroy Energy Center for Riverview
2875,Calpine Eastern Corp
2876,Calvert Cliffs Nuclear PP Inc
2877,Calpine Corp-Magic Valley
2879,Calpine Eastern Corp-Hillabee
2884,Cambria CoGen Co
2886,Cambridge Electric Light Co
2888,City of Cambridge - (NE)
2890,camden city of
2891,Westbrook Energy Center
2893,Calpine Eastern Corp
2894,calpine geysers power co
2895,Calpine Newark LLC
2897,Oneta Power LLC
2900,cameron city of
2901,Calpine Eastern Corp
2903,canoochee electric member corp
2904,Camden Cogen LP
2908,Calpine Corp-Inland Empire
2910,camilla city of
2911,canadian valley elec coop inc
2924,cilcorp ventures inc
2929,Decatur Energy Center LLC
2930,City of Campbell
2931,Village of Campbell - (NE)
2934,Calpine Corp - Hidalgo
2938,Calpine King City Cogen LLC
2949,canal emirates power intntl co
2951,canal electric co
2955,canby city of
2956,Capitol District Energy Center
2960,caney fork electric coop inc
2961,caney valley el coop assn inc
2963,Calpine Corp
2964,cannelton city of
2974,canton city of
2981,Calpine Corp & Gentex Pwr Corp
2982,cape hatteras elec member corp
2983,carroll's food inc
2985,capital electric coop inc
2986,cam wal electric coop inc
2993,Caraustar Industries Inc
2998,carbon power & light inc
2999,Caraustar Industries Inc
3006,Cardinal Operating Co
3008,carey village of
3028,Calpine Gilroy Cogen LP
3029,carlisle city of
3030,Cardinal Cogen Inc
3037,City of Carlyle - (IL)
3040,City of Carmi - (IL)
3044,carlton county coop power assn
3046,Duke Energy Progress - (NC)
3054,Carbide/Graphite Group Inc
3057,Catawba County
3062,CalEnergy Co Inc
3075,carroll county
3076,carroll electric coop inc
3081,carroll electric member corp
3082,Carrollton Board of Public Wks
3084,Carson Cogeneration Co
3085,Carthage Energy LLC
3086,carroll county rural e m c
3093,carroll electric coop corp
3102,Mosaic Company
3103,Cargill Inc
3104,cargill inc
3106,Cargill Inc North America Sweetners
3107,carteret-craven el member corp
3108,cartersville city of
3109,cap rock electric coop inc
3111,cass electric coop
3113,City of Carthage - (MO)
3123,CDM Hydroelectric Co
3127,cascade township
3131,Carville Energy LLC
3136,cascade locks city of
3137,Cascade Municipal Utilities
3138,cavalier rural elec coop inc
3141,cascade power co
3142,catalytica pharmacaticals inc
3143,catalyst old river h/e l p
3153,City of Casey - (IL)
3155,cashmere city of
3156,Village of Cashton - (WI)
3164,castile village of
3168,castroville city of
3170,catawissa borough of
3177,catex vitol electric
3179,Caterpillar Inc
3186,cavalier city of
3191,cawker city city of
3194,caterpillar financial services
3201,cedar rapids water dept
3202,cedar point light & water co
3203,Cedar Falls Utilities
3204,"cenerprise, inc"
3205,cedar-knox public power dist
3208,cedarburg light & water comm
3209,Centex Eagle Gypsum Co LLC
3211,Celanese Acetate Corp
3213,Cedar Rapids Hydro Dam
3216,celina city of
3220,Central Oregon Irrigation Dist
3221,CPKelco U S Inc
3222,central alabama electric coop
3226,central rural electric coop
3227,City of Center - (CO)
3230,centerville town of
3235,central city city of
3236,central electric coop inc
3240,central electric coop inc
3242,Central Electric Power Coop
3245,central florida elec coop inc
3247,central hudson enterprise corp
3248,central georgia el member corp
3249,Central Hudson Gas & Elec Corp
3250,central electric member corp
3252,Central Illinois Light Co
3253,amerencips
3255,California Dept. of  Water Resources
3257,cng power services corp
3258,Central Iowa Power Cooperative
3259,central louisiana electric co
3264,central lincoln peoples utl dt
3265,Cleco Power LLC
3266,central maine power co
3268,central missouri elec coop inc
3270,central manufacturing district
3271,Central Nebraska Pub P&I Dist
3273,central new mexico el coop inc
3277,Central Operating Co
3278,Central Power & Light Co
3279,central power elec coop inc
3282,central texas elec coop inc
3283,Bunge North America East LLC
3285,UtiliCorp United
3287,central valley elec coop inc
3291,central virginia electric coop
3292,Central Vermont Pub Serv Corp
3293,central wisconsin elec coop
3294,centralia city of
3295,City of Centralia - (WA)
3296,centralia city of
3298,centuria village of
3299,Central Wayne Energy Rcvry LP
3303,Florida Power Development
3304,Central Michigan University
3305,cedar bay cogeneration co lp
3314,chariton valley elec coop inc
3315,charles mix electric assn inc
3317,cinergy power generation serv
3319,CinCap MVC Op Co LLC
3323,chalmers town of
3325,chambers cogeneration lp
3329,Borough of Chambersburg
3330,Cedar Power Partners LP
3332,chandler wind farms 2 llc
3335,Cargill Hammond
3336,cinergy resources inc
3345,"chandler wind farms 3, llc"
3355,City of Chanute
3356,ceylon city of
3366,chapman city of
3370,Channel Energy Center LLC
3373,City of Chappell - (NE)
3384,charlevoix city of
3389,cherokee county rrl elec coop
3390,caddo electric coop inc
3398,CH Resources Inc
3400,chaska city of
3401,Chateau Energy Inc
3405,chatham village of
3406,chattahoochee city of
3407,chelsea town of
3408,chattanooga city of
3413,PUD No 1 of Chelan County
3415,chelsea village of
3420,cheney city of
3421,chignik city of
3422,chefornak city of
3424,chattahoochee energy
3425,cherokee city of
3426,cherokee electric coop
3432,Ticona Polymers Inc
3435,cherry-todd electric coop inc
3436,cherryland electric coop inc
3437,cherryville city of
3440,chesapeake light & water co
3443,Cherokee Falls Associates
3445,chester village of
3447,chester town of
3452,Chevron USA Inc-El Sequndo
3453,Chevron Refinery-Hawaii
3454,chetopa city of
3455,Chevron Oronite Co LLC
3456,Chevron Products Co-Pascagoula
3457,Chevron USA Inc
3459,chewelah city of
3461,cheyenne light fuel & power co
3465,chitina electric inc
3468,Chemical Lime Co
3470,cherokee county elec coop assn
3473,Metro Wtr Recl Dist Grtr Chi
3475,chickamauga city of
3476,DTE San Diego COGEN Inc.
3477,City of Chicopee - (MA)
3478,cimarron electric coop
3480,chicopee hydroelectric ltd
3486,Chillicothe Municipal Utils
3490,Crystal Springs Hydro Elec LP
3495,chimney rock public power dist
3498,chippewa valley electric coop
3502,choctawhatche elec coop inc
3503,choptank electric coop inc
3519,central minnesota mpa
3522,Chugach Electric Assn Inc
3525,churchville village of
3527,choctaw electric coop inc
3534,cl power sales ten llc
3535,cimarron city of
3537,CinCap Martinsville LLC
3539,cincap v llc
3542,Duke Energy Ohio Inc
3549,Choctaw Gas Generating Pro LLC
3559,Cinergy Capital & Trading Inc
3560,Chickahominy Power LLC
3561,cincap vii llc
3565,chrylser financial corp
3566,CinCap Oraville LLC
3570,cl power sales eight llc
3571,Chehalis Power Generation LP
3575,cincap iv llc
3577,cl power sales nine llc
3589,cl power sales six llc
3593,"Choctaw Generation L.P, L.L.L.P."
3597,citizens electric co
3599,Citizens Thermal Energy
3600,citizens electric corp
3601,edison mission marktg&trdg inc
3606,chrysler capital lease svc inc
3608,Puna Geothermal Venture
3611,Citizens Utilities Co
3616,CED Operating Co LP
3625,cl power sales two llc
3633,mclaughlin city of
3634,nixa city of
3635,CMS Distributed Power LLC
3641,claiborne electric coop inc
3643,Premcor Refining Group Inc
3644,pud no 1 of clallam county
3647,claremore city of
3652,cherokee county cogen plp
3653,Clarion Realty Services
3660,PUD No 1 of Clark County - (WA)
3662,Citrus World Inc
3663,CHI-West Inc
3670,FreePort-McMoRan-Corp-Chino Mines
3682,CHI West Inc
3687,clark rural electric coop corp
3692,Clark University
3701,clark electric coop
3702,Clarksdale Public Utilities
3703,clarkson city of
3704,clarksville city of
3705,clarksville light & water co
3706,clarksville city of
3710,City of Clay Center - (KS)
3712,clay county electric coop corp
3716,clay-union electric corp
3719,Clement Dam Hydroelectric LLC
3722,clarke electric coop inc
3723,Clay County Power LLC
3726,clay electric coop inc
3731,clayton city of
3732,clayton town of
3735,colman city of
3737,Cleco Evangeline LLC
3739,clearwater power co
3755,Cleveland Electric Illuminatin
3757,clay electric coop inc
3758,cleveland city of
3759,CH Resources Syracuse
3762,City of Cleveland - (OH)
3763,dominion retail inc
3764,clearwater-polk elec coop inc
3770,Co-Generation Co
3774,clewiston city of
3775,Clear Lake Cogeneration LP
3781,cliffs electric service co
3790,BF ATL Realty Services LLC
3804,clinton combined utility sys
3806,clinton county elec coop inc
3807,Cleveland Cliffs Inc
3812,clinton city of
3813,Village of Clinton - (MI)
3814,clintonville city of
3815,coatesville town of
3822,cms generation co
3824,clyde light & power
3826,clinton energy management
3828,Cloverland Electric Co-op
3836,CMS Generation Operating LLC
3837,CMS Generation Operating Co II
3838,CMS Generation MI Power LLC
3839,coahoma electric power assn
3841,coast electric power assn
3842,El Paso Merchant Energy Co
3843,coastal electric member corp
3844,coastal electric coop inc
3845,Coastal Eagle Point Oil Co
3850,codington-clark elec coop inc
3852,Coalinga Cogeneration Co
3855,columbia city of
3858,coastal refining&marketing inc
3863,coffman cove utilities
3864,coats city of
3869,columbia energy pwr markt corp
3881,cody city of
3884,cobisa-person lp
3888,"Cogentrix of Lawrence County,"
3890,EFS Cogen Holdings I LLC
3891,lyon-coffey electric coop inc
3892,City of Coffeyville - (KS)
3894,Colonial Sugar Refinery
3898,Cogentrix of N Carolina Inc
3900,City of Coggon - (IA)
3901,Cogentrix-Virginia Leas'g Corp
3903,Cogentrix Energy Inc
3913,City of Colby - (KS)
3914,Cogentrix Eastern Carolina LLC
3915,Coldwater Board of Public Util
3916,cobb electric membership corp
3923,City of Coleman
3930,Co-Gen II
3931,coles-moultrie electric coop
3936,cogentrix of pennsylvania inc
3938,coleman county elec coop inc
3939,college park city of
3940,college station city of
3941,Cogentrix of Richmond Inc
3942,Cogentrix of Rocky Mount Inc
3943,Cogentrix Eastern Carolina LLC
3953,Collins Pine Co
3957,collins city of
3958,coeur d'alene tribe
3965,colockum transmission co inc
3980,cogentrix energy pwr marketing
3986,collinsville city of
3989,City of Colorado Springs - (CO)
3990,Colorado River Indian Irr Proj
3991,cms marketing serv & trade co
3994,colorado-ute electric assn inc
3998,Desert View Power Inc
4003,colton city of
4005,columbia basin elec coop inc
4006,columbia basin project irr dt
4007,columbia city city of
4008,columbia power coop assn inc
4021,conectiv delmarva generatn inc
4028,Columbia Energy LLC
4034,Collins Hydroelectric Partners
4040,calhoun county elec coop assn
4041,columbia rural elec assn inc
4045,City of Columbia - (MO)
4053,COB Energy Facility LLC
4055,Colorado Power Partners
4056,com/energy marketing inc
4061,columbiana village of
4062,Columbus Southern Power Co
4063,co-mo electric coop inc
4065,City of Columbus - (OH)
4068,columbus city of
4070,columbus rural electric coop
4071,columbus electric coop inc
4073,columbus city of
4078,comanche city of
4089,commonwealth electric co
4091,commerce city of
4093,"calpine morris, llc"
4100,"commerce energy, inc."
4101,commerce refuse of energy auth
4102,Copley Press Inc
4110,Commonwealth Edison Co
4111,commonwealth edison co in inc
4114,Commonwealth Atlantic LP
4117,community electric coop
4119,Hewlett-Packard Company
4120,commonwealth energy system
4129,Colmac Clarion Inc
4146,concho valley elec coop inc
4147,concord town of
4148,concord electric co
4149,conemaugh hydro station
4150,concord city of
4153,concordia electric coop inc
4158,Conectiv Atlantic Generation Inc
4160,callaway electric coop
4161,Constellation Power Source Gen
4163,constellation energy group
4166,constellation power source inc
4167,constellation nuclear
4172,Constellation Operatg Serv Inc
4174,Cokenergy Inc
4175,Conectiv Bethlehem LLC
4176,Connecticut Light & Power Co
4180,Connecticut Mun Elec Engy Coop
4181,Connecticut Resource Recv Auth
4184,connecticut valley elec co inc
4187,connecticut yankee atom pwr co
4188,Conectiv Mid-Merit Inc
4190,Centric Operating Services Company
4191,consolidated edison sol inc
4192,Conectiv Operating Services Co
4194,Commonwealth Chesapeake Co LLC
4198,commodore gas & electric inc
4199,Conoco Inc
4202,Conoco Inc
4203,conowingo power co
4204,conrail corp
4207,Consolidated Hydro NH Inc
4208,Phillips 66 Company
4210,Cordova Energy Co LLC
4211,"Consolidated Hydro NH, Inc"
4213,Consolidated Edison Energy Inc
4217,Colstrip Energy LP
4222,Ingredion Inc - Illinois
4226,Consolidated Edison Co-NY Inc
4237,consolidated electric coop
4241,consolidated papers inc
4247,Consolidated Water Power Co
4252,Conectiv Delmarva Gen Inc
4253,continental energy associates
4254,Consumers Energy Co
4262,cooke county elec coop assn
4265,continental divide el coop inc
4270,Continental Energy Servs Inc
4273,conoco inc
4277,Converse Energy Inc
4280,conway corp
4294,cookeville city of
4295,comanche county elec coop assn
4296,cookson hills elec coop inc
4299,consol energy inc
4300,CPV Cana Ltd
4302,CPV Pierce Ltd
4304,corwith city of
4305,City of Coon Rapids
4317,coos-curry electric coop inc
4319,copan public works authority
4322,coop power assn
4324,cool water coal gasifn corp
4327,coosa valley electric coop inc
4329,"Copper Valley Elec Assn, Inc"
4338,Coram Energy Group Ltd
4341,corbin utilities comm
4344,cordell city of
4346,coop l & p assn of lake county
4356,colorado river comm of nevada
4361,Ingredion Inc - Stockton
4362,Corn Belt Energy Corporation
4363,Corn Belt Power Coop
4365,town of cornelius
4366,Corona Energy Partners Ltd
4367,Conoco Inc - Lake Charles Refi
4369,cornell city of
4372,Corner Stone Power LLC
4373,cornhusker public power dist
4374,cook inlet energy suppl
4375,City of Corning - (IA)
4382,Colton Power LP
4383,Corpus Christi Cogeneration LLC
4384,u s army corps of engineers
4385,Anderson Power Products
4386,Cornell Hydro
4390,City of Corona
4397,Coso Operating Co LLC
4401,cotton electric coop inc
4405,Cottonwood Energy Co LP
4410,coral power llc
4413,Cox Interior Inc
4414,coulee dam city of
4417,Ingredion Inc - Winston Salem
4425,Covanta Fairfax Inc
4426,NAES Corp
4427,Covanta Projects LP
4429,covington city of
4430,covington electric coop inc
4431,covanta haverhill inc
4432,coweta-fayette el member corp
4433,covington city of
4434,New Martinsville Hannibal Hydro
4435,Covanta Energy Co
4436,Covanta Hydro Ops West Inc
4437,covington city of
4438,covanta energy group
4439,Covanta Projects Inc
4440,Covanta Union Operations LLC
4442,PUD No 1 of Cowlitz County
4447,Covanta Lancaster Inc
4458,Covanta Warren Energy Resource Co LP
4459,cozad city of
4464,Crockett Cogeneration
4468,Crestwood Corp
4471,craig-botetourt electric coop
4473,cpv atlantic ltd
4474,Covanta Bristol Inc
4475,Covanta Hennepin Energy Res Co
4476,Covanta Marion Inc
4482,Covanta Lake Inc
4483,crane city of
4484,Covanta Babylon Inc
4486,crane town of
4487,Covanta Onondega LP
4494,Craven County Wood Energy LP
4495,crawford electric coop
4496,Covanta Alexandria/Arlington
4497,Covanta Indianapolis Inc
4498,Covanta Stanislaus Inc
4508,"Crawfordsville Elec, Lgt & Pwr"
4509,craighead electric coop corp
4512,crescent electric member corp
4524,crawford electric coop inc
4527,City of Crete
4538,Crisp County Power Comm
4546,Cranston Print Works Co
4558,Cutrale Citrus Juices USA Inc
4562,City of Croswell - (MI)
4566,Crotched Mt Rehab Ctr Inc
4570,cross roads cogeneration co
4574,Crowder Lumber Co
4577,crow wing coop power&light co
4579,"Coram Energy, LLC"
4580,Georgia-Pacific LLC
4592,crown vantage inc
4604,City of Crystal Falls
4607,cuba city city of
4608,cuba city of
4610,cuero city of
4617,cullman city of
4618,cullman electric coop
4619,Town of Culpeper- (VA)
4622,cumberland valley rural e c c
4624,cumberland elec member corp
4627,City of Cumberland - (WI)
4632,cuming county public pwr dist
4660,CII Carbon LLC
4661,City of Curtis - (NE)
4662,ct jet power llc
4664,Curtis Specialty Papers
4667,City of Cushing - (OK)
4668,CPV Gulfcoast Ltd
4671,custer public power district
4675,cuivre river electric coop inc
4683,city of cuyahoga falls - (oh)
4685,cygnet village of
4686,"CPV Terrapin, LLC"
4693,CPV Cunningham Creek LLC
4694,"CPV Warren, LLC"
4704,d s & o rural e c a inc
4706,dte georgetown llc
4708,dairyland electric coop inc
4712,D R Johnson Lumber Co
4713,D/R Hydro Co
4715,Dahlberg Light & Power Co
4716,Dairyland Power Coop
4717,dakota valley elec coop inc
4718,dakota city city of
4720,dakota energy coop
4722,daishowa america co ltd
4725,custar city of
4732,Western Power & Steam Inc
4735,Dahowa Hydro
4739,dallas town of
4743,consumers power inc
4744,dalton city of
4755,dana commercial credit
4767,Dane County Public Works
4773,Dan River Inc
4775,Dakota Magic Casino
4777,cpn 3rd turbine inc.
4791,danville city of
4792,daggett village of
4793,darwin village of
4794,City of Danville - (VA)
4796,darke rural electric coop inc
4799,darlington light & power co
4806,Dartmouth Power Associates LP
4823,Dartmouth College
4831,Decisions Investments Corp
4836,City of David City
4844,davidson electric member corp
4848,daviess martin county r e m c
4856,DFO Partnership
4901,de soto oil & gas inc
4911,dawson county public pwr dist
4914,davenport village of
4919,City of Dayton - (IA)
4920,dayton city of
4922,Dayton Power & Light Co
4932,de soto city of
4934,de witt village of
4935,dean machinery
4939,deaf smith electric coop inc
4945,Dearborn Industrial Gen Inc
4956,decker energy intl inc
4958,decatur city of
4959,Aniak Light & Power Co Inc
4960,decatur county rural e m c
4961,decatur village of
4966,Casco Bay Energy Co LLC
4971,dfs inc
4975,deep east texas elec coop inc
4980,Haw River Hydro Co
4981,deaver city of
4983,deepwater operating co
4986,deerfield city of
4994,Deer Park Energy Center
5002,Dekalb County Hospital Auth
5008,Del Ranch Ltd Partnership
5011,Delano Energy Co Inc
5015,Delano Municipal Utilities
5017,delaware rural elec coop inc
5021,delaware county elec coop inc
5027,delmarva power & light co
5030,Delta Energy Center LLC
5033,Domtar Industries Inc
5036,City of Delta
5049,De Pere Energy LLC
5050,"Mojave Cogeneration, L.P."
5054,"delhi energy services, inc"
5056,City of Denison - (IA)
5060,Delta Person LP
5063,City of Denton
5065,Equistar Chemicals LP
5068,Denver City & County of
5070,Delaware Electric Cooperative
5071,dunreith city of
5076,denver city of
5078,denton county elec coop inc
5084,Delaware Municipal Electric Corp
5086,delta montrose electric assn
5089,Des Moines Metro WRF
5091,Derst Baking Co
5093,Desert Water Agency
5096,deshler city of
5097,City of Deshler - (NE)
5107,City of Detroit
5109,DTE Electric Company
5111,City of Detroit Lakes - (MN)
5128,dickens electric coop inc
5131,DIMON International Inc
5137,Desert Power LP
5139,dewitt county elec coop inc
5148,dickson city of
5149,Diamond Brands Inc
5151,Difwind Farms Ltd VII
5154,dighton city of
5155,City of Dike
5164,Denver City & County-Foothills
5165,Difwind Farms Ltd VIII
5175,dixie electric power assn
5178,Dinwiddie Power Inc
5187,Douglas County
5188,energy northwest inc
5189,Diamond Walnut Growers Inc
5196,"dittmer, harold"
5199,Devon Energy Production Co
5202,dixie electric membership corp
5204,dixie electric coop
5214,Dixon Marquette
5221,Dominion Nuclear Conn Inc
5226,Dodge Falls Associates LP
5232,Woodland Pulp LLC
5236,doerun city of
5248,Dominion Energy Inc
5252,Buffalo Paperboard
5255,Dominion Resources Inc
5259,Elwood Energy LLC
5262,Domtar Industries Inc
5267,donohue inc
5269,Dominion Energy Services Co
5273,"Dome Valley Energy Partners, L"
5277,"American Sugar Refining, Inc."
5282,dpl energy inc(tait)
5293,duke energy arlington valley
5302,AES Ohio Generation LLC
5309,dothan city of
5310,Doswell Ltd Partnership
5313,dunbarton energy partners lp
5315,Downtown Cogeneration Assoc LP
5321,"Drummond Company, Inc."
5325,douglas city of
5326,PUD No 1 of Douglas County
5327,douglas electric coop inc
5328,douglas electric coop inc
5330,douglas village of
5334,doniphan elec coop assn inc
5335,Dover City of
5336,City of Dover - (OH)
5338,Dow Chemical Co
5342,Double 'C' Ltd
5343,Dowagiac City of
5347,Dow Chemical Co
5350,dorchester village of
5352,Dow Chemical Co - St Charles
5354,drain city of
5359,Doyle I LLC
5360,dte energy marketing inc
5361,Duke Energy Baker LLC
5372,drexel town of
5374,Dow Chemical Company-Oyster Creek VIII
5377,dpl energy inc(darby)
5385,Dry Creek LLC
5389,eastern edison co
5392,dublin town of
5393,Duke Egy Arlington Vly Egy LLC
5394,dubois rural electric coop inc
5396,Duke Energy Fayette LLC
5397,dunnell village of
5399,duck river elec member corp
5401,abitibi consolidated inc
5402,due west city of
5403,abitibi consolidated inc
5405,Duke Energy Washoe LLC
5408,Duke Energy Knox LLC
5409,Duke Energy Metcalfe LLC
5410,Duke Energy Knox II LLC
5411,duke energy audrain
5413,duke/fluor daniel
5414,duke/lous dreyfus llc
5416,"Duke Energy Carolinas, LLC"
5417,dunn county electric coop
5421,Duke Energy Vigo LLC
5423,Duke Energy Bollinger LLC
5424,duke energy mcclain llc
5425,duke energy field services
5428,Duke Energy Hanging Rock LLC
5429,duncan city of
5431,"duke energy power service, inc"
5433,duke energy maricopa llc
5435,duke energy trading & mkt'g
5436,Duke Energy Ruston LLC
5437,Duke Energy Trimble LLC
5438,duncan valley elec coop inc
5439,Duke Energy Stephens LLC
5440,Duke Energy Lee LLC
5441,Duke Energy Orleans LLC
5442,duncannon borough of
5443,Duke Energy Wythe LLC
5444,Duke Energy Southaven LLC
5445,Duke Energy Washington LLC
5447,Duke Energy Homochitto LLC
5450,Duke Energy Kaufman LP
5456,duke energy field services
5458,Duke Energy Jack LP
5460,Duke Energy Field Services
5463,Duraco Products Inc
5468,Duke Energy Leavenworth LLC
5470,"dupont power marketing, inc"
5473,Durango-Georgia Paper Co
5474,Duke Energy Fort Pierce LLC
5476,Duke Energy Frederick LLC
5478,Duke Energy Curry LLC
5479,durant city of
5480,danvers town of
5482,Durgin & Crowell Lumber Co
5483,DuPage County
5487,duquesne light co
5490,DTE Crete Operations LLC
5491,Duke Energy North Amer-Murray
5494,Duke Energy New Albany LLC
5495,dutchess county res recvy agny
5497,eastern pacific energy
5499,Targa Midstream Services LP
5502,PPL Edgewood Energy LLC
5504,Dynegy Inc
5506,Dynegy Operating Co
5507,Duke Energy North America LLC
5509,dyersburg city of
5511,CCI Roseton LLC
5513,dynegy energy services inc.
5517,Dynegy Midwest Generation Inc
5518,dysart city of
5519,ExxonMobil Oil Corp
5522,DPL Energy LLC
5527,pattonsburg city of
5528,DTE East China LLC
5529,City of Durant - (IA)
5530,E F Kenilworth LLC
5531,edgar electric coop assn
5532,E I Colton LLC
5533,"EF Oxnard,  LLC"
5534,DSM Pharmaceuticals Inc
5535,egyptian electric coop assn
5543,E I DuPont De Nemours & Co
5551,eagle river city of
5552,east river elec power coop inc
5553,egegik light & power co
5554,Eagle Phenix Hydro Co Inc
5561,East Altamont Energy Ctr LLC
5563,City of Earlville - (IA)
5567,fircrest town of
5569,Duke Energy McAllen LP
5571,East Bay Municipal Util Dist
5574,east central electric assn
5575,east grand forks city of
5576,Eastern Conn Res Recvy Auth
5578,east mississippi elec pwr assn
5580,"East Kentucky Power Coop, Inc"
5582,east point city of
5583,easton city of
5584,east end mutual elec co ltd
5585,eastern illini electric coop
5586,east conemaugh borough of
5588,east-central iowa r e c
5595,Duke Energy Sandersville LLC
5598,east central okla el coop inc
5603,gateway energy services corporation
5605,eastern iowa light&power coop
5609,eastern maine electric coop
5610,Eastman Chemical Co-TN Ops
5614,ed herold family lp
5616,eagle village energy systems
5618,eastern utilities associates
5619,elwood energy llc
5622,Eastern Paper
5623,Rousselot Inc
5624,"RED-Rochester, LLC"
5625,Easton Utilities Comm
5630,eaton rapids city of
5631,eatonville town of
5632,eau claire electric coop
5644,edisto electric coop inc
5650,edgar city of
5653,edgerton village of
5655,edinburg city of
5656,edgecombe-martin county e m c
5659,Edison Sault Electric Co
5661,edmond city of
5662,energy east solutions inc
5663,"edison source energy, inc"
5670,Ebensburg Power Co
5677,Waste Energy Services Inc
5686,el dorado springs city of
5692,eitzen city of
5693,El Dorado County
5695,Desert Star Energy Center SDG&E
5700,engage energy us lp
5701,El Paso Electric Co
5702,eme homer city generation lp
5706,eron-se
5707,El Paso Field Services Ltd
5708,el paso natural gas co
5712,El Paso Merchant Engy-Muskego
5721,elfin cove utility commission
5722,el paso corp
5724,El Paso Field Operating Co
5728,elba city of
5729,electrical dist no8 of maricop
5730,elberton city of
5731,elk power co
5732,elbow lake city of
5733,ennis-tractebel co inc
5741,eldorado city of
5742,eldridge city of
5744,Electra City of
5748,Electric Energy Inc
5751,enron energy marketing corp
5752,eldorado city of
5759,El Dorado Hydro
5760,elizabeth city city of
5761,Ennis Power Company LLC
5762,elk creek village of
5763,elizabethton city of
5771,elk point city of
5773,City of Elk River
5775,Electro Ecology Inc
5777,elkhorn light & water comm
5779,elkhorn public service co
5780,elkhorn rural public pwr dist
5781,Eli Lilly & Co
5786,Enron Wind
5787,enron energy services inc
5789,Elmore Ltd Partnership
5790,elkland electric co
5792,elkem metals co
5794,elkton town of
5795,elsmore city of
5796,ellaville city of
5802,City of Ellinwood - (KS)
5807,ellicottville energy inc
5810,enserch development corp
5811,Empire Hydro Partners
5817,ellis city of
5820,energy america llc
5821,energy america llc
5827,ellsworth city of
5828,ellwood city borough of
5832,elmhurst mutual power&light co
5833,elmore village of
5834,City of Elroy - (WI)
5838,"engelhard power marketing, inc"
5839,elwood city of
5840,pseg energy technology inc
5841,ely city of
5850,City of Emerson - (NE)
5859,energy west resources inc
5860,Empire District Electric Co
5861,empire state pwr resources inc
5862,empire electric assn inc
5874,entergy nuclear oper-indian
5875,endicott village of
5876,entergy corp
5877,energetix
5879,Endless Mountains Energy LLC
5880,energy coop of new york inc
5886,Energy Developement Group
5888,Entergy Power Generation Corp
5890,Energy Serv & Tech Support Inc
5891,energy southwest inc
5892,Energy Systems North East LLC
5896,enfield town of
5897,environmental energy co
5901,Encina Joint Powers Authority
5905,excelsior electric member corp
5906,EDF Renewable Services Inc
5914,Erie Boulevard Hydropower LP
5915,enosburg falls village of
5919,enterprise city of
5923,entergy power marketing corp
5927,endicott village of
5928,etna green town of
5929,fairfield electric coop inc
5930,fairport village of
5932,City of Ephraim - (UT)
5935,ephrata borough of
5942,Equity Office Properties Trust
5943,Entergy Nuc Fitzpatrick LLC
5945,erath town of
5948,Energy Transfer-Hanover Ven LP
5954,erath county el coop assn inc
5956,Entergy Nuclear Vermont Yankee
5957,City of Erie - (KS)
5959,Erie Coke Corp
5960,endless energy corp
5961,erwin city of
5964,escambia river elec coop inc
5966,Mead Paper Corp
5969,City of Escondido - (CA)
5971,great bay power corporation
5973,"Equus Power, Inc."
5976,Enviro Power LLC
5988,"energy services, inc"
5989,Erving Paper Mills Inc
5995,estelline city of
5997,estes park town of
5998,City of Estherville - (IA)
6001,entergy operations inc
6008,etowah city of
6012,enron sand hill lp
6013,Eugene Water & Electric Board
6017,ESI Vansycle Partners LP
6019,eudora city of
6022,Eugene City of
6023,encogen one partner ltd
6027,Entergy Nuclear Indian Point 2
6028,Entergy Nuclear Indian Point 3
6030,Entergy Indian PT Peaking Fac
6033,Evergreen Energy LLC
6035,Exelon Power
6036,ESOCO Orrington LLC
6037,Everett Delta II Power Co LLC
6041,Entergy Power Ventures LP
6042,EUI Management PH Inc
6043,evansville city of
6044,eugene f burrill lumber co
6052,evergreen city of
6059,Entergy Power Generation Corp
6068,Luz Solar Partners Ltd VIII
6069,town of elizabeth
6072,ECO Springfield LLC
6077,exeter & hampton electric co
6080,exeter energy lp
6081,Exelon Gen Co LLC-ExTexLaPorte
6083,Exelon Gen Co LLC
6088,Exxon Mobil Corp
6090,ExxonMobil Oil Corp
6091,Exxon Mobil Refining and Supply Co.
6092,exxonmobile corp
6096,eu resources
6111,far north utilities
6112,farmers electric coop inc
6123,Fairless Energy LLC
6127,fairbank city of
6129,fairbanks city of
6130,fairburn city of
6131,Fairhaven Power Co
6132,City of Fairbury
6136,fairmont city of
6137,filley city of
6138,City of Fairfax - (MN)
6141,City of Fairfield- (IL)
6145,fairhope city of
6149,ellensburg city of
6151,Fairmont Public Utilities Comm
6152,City of Fairview
6154,fairview city corp
6155,farmers electric co ltd
6157,faith city of
6159,Farmland Hydro Ltd Partner
6168,Farmers Electric Coop - (IA)
6169,Fall River Rural Elec Coop Inc
6172,fallon city of
6173,fannin county electric coop
6175,City of Falls City - (NE)
6178,falmouth city of
6181,farmers electric coop inc
6182,farmers electric coop inc
6183,fayette electric coop inc
6192,City of Farmer City - (IL)
6194,farmers rural elec coop corp
6197,epec marketing company
6198,farmers electric coop inc
6199,farmers mutual electric co
6201,Farmer's Irrigation District
6203,farmersville city of
6204,City of Farmington - (NM)
6205,City of Farmington - (MO)
6206,farmers electric coop corp
6207,Farmington River Power Company
6209,farmville town of
6210,farnhamville city of
6223,energy atlantic llc
6231,City of Fayette
6232,fayette-union county r e m c
6234,fayetteville city of
6235,Public Works Comm-City of Fayetteville
6238,utility com
6255,"federal energy sales, inc"
6257,farmers mutual power assn
6258,Federated Rural Electric Assn
6272,fem electric assn inc
6274,City of Fennimore - (WI)
6276,ferdinand town of
6288,Mink Creek Hydro Entity
6297,pud no 1 of ferry county
6298,fale-safe inc
6306,"Benson Power, LLC."
6309,FiberMark
6310,figor d j
6315,Fellsway Development LLC
6316,fillmore city corp
6319,fishbowl lp
6322,Finch Pruyn & Co Inc
6335,firelands electric coop inc
6338,Flambeau Hydro LLC
6342,first electric coop corp
6344,firstenergy trading serv inc
6354,FPL Energy Upton Wind LP
6359,Falls Creek Hydroelectric Project LP
6369,Fishers Island Utility Co Inc
6371,First National Bank-Commerce
6374,fitchburg gas & elec light co
6378,Fish Lake Power Co
6380,fitzgerald wtr lgt & bond comm
6389,firstenergy generation corp
6390,flandreau city of
6395,Flathead Electric Coop Inc
6396,flatonia city of
6404,Edison Capital
6411,flint electric membership corp
6414,Flint Valley Energy Dev Co LLC
6417,City of Flora - (IL)
6418,fleming city of
6420,fletcher electric light co inc
6422,florence city of
6424,florence utility commission
6425,flora town of
6426,Flint Hills Resources Corpus Christi LLC
6427,floresville city of
6431,flint hills rural e c a inc
6440,Equilon Enterprises LLC
6442,fleming-mason rural e c c
6443,"Florida Keys El Coop Assn, Inc"
6449,firstenergy co
6452,Florida Power & Light Co
6455,"Duke Energy Florida, Inc"
6457,florida public utilities co
6458,first energy services
6472,Floydada City of
6480,Foothills Generating Co LLC
6490,Foote Creek IV LLC
6491,foley city of (riviera utils)
6493,foote creek ii llc
6495,Fort Miller Associates
6496,fonda city of
6497,Fond du Lac Energy Center LLC
6501,fontanelle city of
6502,Foote Creek I LLC
6509,fort laramie town of
6514,flathead irrigation & pwr proj
6519,Frontera Generation Limited Partnership
6526,FirstEnergy Generation Corp
6527,Ford Hydro Ltd Partnership
6529,Exxon Mobil Production Co
6531,fonda group inc
6538,Ford Motor Co
6541,Formosa Plastics Corp
6545,fieldcrest cannon inc
6554,FortisUS Energy Corp
6562,Franklin Power LLC
6564,Formosa Plastics Corp
6567,Florida Municipal Power Agency
6570,enviro power of illinois
6571,Fortistar LLC
6577,Fort James Operating Co
6579,City of Forest City- (IA)
6580,forest city town of
6582,forest grove city of
6585,forest oil corp
6589,Georgia-Pacific Consr Prods LP-Muskogee
6598,forsyth city of
6604,fort collins city of
6605,fort dodge city of
6607,FPL Energy Vansycle LLC
6608,fort loudoun electric coop
6609,fort meade city of
6610,fort morgan city of
6611,fort belknap electric coop inc
6612,fort payne improvement auth
6613,fountain town of
6615,City of Fort Pierre - (SD)
6616,Fort Pierce Utilities Authority
6617,Fort Valley Utility Comm
6618,fort supply town of
6620,fort wayne city of
6622,Fort James Operating Co
6623,Fort Pierce Repwrg Proj LLC
6627,fosston city of
6632,Fountain Valley Power LLC
6636,Foss Manufacturing Company LLC
6638,fountain city of
6640,four county elec member corp
6641,4-county electric power assn
6648,fourth branch associates-long
6652,Fourth Branch Assoc-Long Fall
6657,fox creek rural elec coop corp
6659,Foster Wheeler Power Sys Inc
6660,four dam pool agency
6662,Foster Wheeler Martinez Inc
6667,Ergon Refining Inc
6675,Fox Metro Water Reclamation
6683,fox river paper co
6684,fpl energy maine inc
6687,Franklin County Power LLC
6693,FPL Energy Marcus Hook LP
6702,franklin electric light co inc
6707,frankfort city of
6708,frankfort city of
6709,easley city of
6710,Town of Edenton - (NC)
6711,frankfort village of
6715,City of Franklin - (VA)
6716,PUD No 1 of Franklin County
6717,franklin electric coop
6718,franklin city of
6719,frank oil co
6722,franklin rural electric coop
6723,City of Franklin - (NE)
6727,Franklin County Pwr of IL LLC
6733,franklin county rural p p d
6735,frankton town of
6738,Franklin Heating Station
6739,Fraser Paper Co
6749,friendly power co llc
6750,frederick city of
6752,frederick town of
6753,city of fredonia
6758,fredericksburg city of
6759,fredericksburg city of
6761,fredericktown city of
6762,City of Fredonia
6763,Freestone Power Generation LLC
6764,Village of Freeburg - (IL)
6765,Frederickson Power LP
6767,Free State Electric LLC
6775,Village of Freeport - (NY)
6778,Fraser NH LLC
6779,City of Fremont - (NE)
6780,fremont town of
6782,freeborn-mower electric coop
6784,french broad elec member corp
6789,French Paper Co
6793,friend city of
6797,fresno power investors lp
6798,fresno cogen inc
6801,fple energy lp
6803,front royal town of
6804,frontier power co
6807,Fresno Cogeneration Partners
6808,Front Range Power Co
6811,FPL Energy Operating Servs Inc
6815,Front Range Energy Assoc LLC
6818,FPL Energy AVEC LLC
6820,el segundo power llc
6829,fulton cogeneration associates
6830,Fulcrum Inc
6831,Ft Worth City of
6832,RISEC Opeating Services
6833,Cherokee County Cogen Partners LLC
6837,Fulton Cogen Assoc- Fulton Cogen
6838,CCI Rensselaer LLC
6839,City of Fulton - (MO)
6840,fulton city of
6843,fruit belt electric coop
6844,FPLE Forney LP
6848,fulton county rural e m c
6850,"FPL Energy Hancock County Wind, LLC"
6854,NextEra Energy Seabrook LLC
6860,fpl energy services inc
6862,FPL Energy Pennsylvania Wind LLC
6865,FPL Energy Meyersdale Windpower LLC
6866,g & k incorporated
6870,"Backbone Mountain Windpower, LLC"
6883,Evanston Board of Education
6889,GAMET
6894,gaffney city of
6896,galt city of
6897,G-P Gypsum Corp
6907,greendale town of
6909,Gainesville Regional Utilities
6914,galion city of
6915,Galena Electric Utility
6923,gallatin city of
6924,City of Gallatin - (MO)
6930,gallup city of
6931,galva city of
6941,garden city city of
6949,City of Gardner - (KS)
6950,garland light & power co
6957,"Garkane Energy Coop, Inc"
6958,City of Garland - (TX)
6965,City of Garnett - (KS)
6970,garrett city of
6985,Garwin McNeilus
6986,gator generating co lp
6993,gas city city of
6996,Western Refining Southwest Inc
7004,"Buckeye Power, Inc"
7008,gate city electric coop inc
7011,Gas Recovery Services-IL Inc
7013,Gateway Power Project LP
7014,Landfill Generating Partners
7019,Gay & Robinson Inc
7024,gascosage electric coop
7027,gastonia city of
7042,Gaylord Container Corp
7043,Temple-Inland Corp
7048,geary city of
7049,General Electric Aircraft Engines
7055,General Growth Properties Inc
7057,General Mills Inc
7066,general electric capital corp
7067,Tata Chemicals Partners
7075,General Electric Co
7080,General Electric Co
7084,declo city of
7085,general motors corp
7088,Generator Power Systems Inc
7090,greystone power corp
7091,Geneva Steel
7092,General Mills Inc
7095,City of Geneseo - (IL)
7096,City of Geneva- (IL)
7097,General Electric Erie Power
7098,general electric co
7100,Village of Genoa - (OH)
7109,GenPower Anderson LLC
7112,Genova Arkansas I LLC
7113,Genova Oklahoma I LLC
7119,G E Contractual Services
7127,Georgia-Pacific Consr Prods LP-Savannah
7128,georgetown city of
7129,georgetown city of
7130,georgetown city of
7131,georgetown village of
7134,Georgia-Pacific Corporation
7136,Georgia-Pacific Consr Prods LP-Naheola
7139,Georgia Pacific Corp
7140,Georgia Power Co
7149,gering city of
7156,GenPower LLC
7160,Geysers Power Co LLC
7165,geothermal energy partners ltd
7166,Georgia-Pacific Monticello LLC
7167,GP Big Island LLC
7168,CITGO Petroleum Corp
7171,Georgia Pacific Corp
7172,Georgia-PacificCedar Springs LLC
7174,gibson county elec member corp
7175,General Mills Operations Inc
7180,General Motors Corp-Powertrain
7184,giddings city of
7187,Georgia-Pacific Corp-LeafRiver
7188,Georgia-Pacific West Inc
7189,Gila Bend Power Partners LLC
7191,Axiall Corp
7192,Glenville Energy Park LLC
7193,FPL Energy Mojave Op Serv LLC
7194,gilbert city of
7197,georgia transmission corp
7199,Gilberton Power Co
7200,gilman city city of
7209,The Gillette Company
7222,gillette city of
7239,General Motors Corp-Warren
7240,General Motors Corp-WFGPontiac
7249,giltner city of
7256,girard borough of
7257,City of Girard - (KS)
7258,glacier highway electric assn
7262,glacier electric coop inc
7264,glades electric coop inc
7265,gladstone city of
7269,glasco city of
7270,glasgow city of
7274,Glenns Ferry Cogen Ptnrs Ltd
7277,Calpine Corporation
7283,gleason power llc
7287,glen elder city of
7292,Glencoe Light & Power Comm
7294,City of Glendale - (CA)
7295,glidden city of
7300,glenwood springs city of
7301,Glenwood Springs Salt Co LP
7303,glidden rural electric coop
7308,Hawkeye Energy Greenport LLC
7311,glouster village of
7318,goldenwest electric coop inc
7349,"Golden Spread Electric Cooperative, Inc"
7353,Golden Valley Elec Assn Inc
7356,Goldendale Energy Inc
7359,goldsboro borough of
7368,goldthwaite city of
7370,City of Gonzales
7374,City of Goodland - (KS)
7375,Goodyear Tire & Rubber Co
7392,Goodyear Tire & Rubber Co
7402,Gordonsville Energy LP
7411,gothenburg city of
7419,city of goldsmith
7422,gouverneur village of
7423,gpu nuclear corp
7424,Gowrie Municipal Utilities
7427,Goose Lake Generating Co LLC
7441,goltry public works authority
7442,grafton city of
7443,City of Graettinger - (IA)
7444,City of Grafton - (ND)
7445,grafton city of
7450,grady county el member corp
7456,graham county elec coop inc
7460,goodhue county coop elec assn
7475,Graphic Packaging Corp
7477,Granger Electric Co
7478,granada town of
7480,granbury city of
7483,City of Grand Haven - (MI)
7484,grand electric coop inc
7485,grant city of
7486,City of Grand Junction - (IA)
7487,City of Grand Marais - (MN)
7489,grand rapids public util comm
7490,Grand River Dam Authority
7494,City of Granite Falls - (MN)
7495,Gorham Energy LP
7496,granite falls town of
7498,Grane Creek LLC
7500,granite peak energy
7501,granite city of
7505,grant electric coop
7515,grantville city of
7531,Gray County Wind Energy LLC
7538,Great Falls Hydroelectric
7544,grayling generating station lp
7548,pud no 1 of grays harbor cnty
7552,griffin energy marketing llc
7554,green mountain energy co
7558,grayson rural elec coop corp
7559,grayson-collin elec coop inc
7560,great plains electric coop inc
7561,greenbelt electric coop inc
7563,grand valley rrl pwr line inc
7564,Grays Ferry Cogen Partnership
7565,Great Northern Paper Inc
7570,Great River Energy
7593,green cove springs city of
7594,Green Power Energy Holdings LL
7595,Great Lakes Hydro America LLC
7597,Green Country OP Services LLC
7600,green island city of
7601,Green Mountain Power Corp
7604,green river electric corp
7622,Green Tree Chemical Techs Inc
7624,greene village of
7625,greeneville city of
7626,City of Greenfield - (IA)
7627,greenfield city of
7630,Village of Greenport - (NY)
7631,City of Greensburg
7633,greenup village of
7634,City of Greenville - (TX)
7639,greenville utilities comm
7643,greenwich village of
7646,greenwood city of
7650,greenwood city of
7651,Greenwood Utilities Comm
7654,greer city of
7661,Green Ridge Services LLC
7662,Greenville Steam Co
7665,gresham village of
7667,Gregory Power Partners LP
7673,Greenville Generating Co LLC
7677,gridley city of
7679,griffin city of
7685,Gregg Falls Hydro Elec Assoc Ltd Ptnrsp
7698,Guadalupe Power Partners LP
7711,gpu advanced resources inc
7712,groton city of
7713,groton village of
7715,groton city of
7716,groton city of
7719,grove city borough of
7720,grundy electric coop inc
7723,groveland city of
7724,GWF Energy LLC
7726,Sharp Grossmont Hospital
7732,grove city city of
7733,glen park associates
7734,Grupo Mexico
7743,Grundy Center Mun Light & Power
7750,guthrie county rural e c a
7751,Guadalupe Blanco River Authority
7752,guadalupe valley elec coop inc
7759,guernsey town of
7760,gueydan town of
7785,gulf coast electric coop inc
7787,gunnison county elec assn inc
7801,Gulf Power Co
7804,Gulf States Paper Corp
7806,Entergy Gulf States Inc
7822,gustavus electric co inc
7826,gunnison city of
7827,guntersville city of
7829,gpu corp
7833,Gwitchyaa Zhee Utility Co
7837,guttenberg city of
7839,gpm gas services co
7840,"GWF Power Systems, L.P."
7857,Great Lakes Tissue Co
7860,NRG Energy Center Dover LLC
7864,grundy county rural elec coop
7869,Hermiston Power Partnership
7870,h-d electric coop inc
7879,hl power co
7887,habersham electric member corp
7891,guernsey-muskingum el coop inc
7907,hagerstown town of
7908,hagerstown city of
7913,haines light & power co inc
7958,hallettsville city of
7969,City of Halstad - (MN)
7972,Hamakua Energy Partners LP
7973,hamersville village of
7977,City of Hamilton - (OH)
7978,halifax electric member corp
7979,hamilton county elec coop assn
7995,hamilton village of
7996,hamilton town of
8000,hancock county rural e m c
8009,International Paper Co
8013,hancock county rural elec coop
8020,Hammond Energy LLC
8022,hampton city of
8027,Handsome Lake Energy LLC
8032,Hanford L.P.
8034,hancock-wood electric coop inc
8055,hannibal city of
8061,hanover power llc
8063,hampton village of
8079,"harbert power, llc"
8083,harbor springs city of
8102,Hancock Hydro Inc
8104,Hardwick Town of
8106,Hardee Power Partners Ltd
8116,harkers island el member corp
8122,Harlan Municipal Utilities - (IA)
8129,hartford power sales llc
8131,harmony city of
8139,harquahala valley pwr district
8147,harriman city of
8153,Hartford Steam Co
8155,Chambers Energy LP
8158,Harris Energy & Realty Corp
8179,harrison county rural e m c
8181,Harrisburg Authority
8183,harmon electric assn inc
8190,harwood hotels & resorts
8192,harrison rural elec assn inc
8198,City of Harrisonburg - (VA)
8199,harrisonville city of
8205,City of Hart Hydro - (MI)
8207,Hartburg Power LLC
8209,hartford city of
8210,hart county elec member corp
8212,hartford city of
8214,hartley city of
8218,Hartwell Development Co LLC
8222,hardin county r e c inc
8226,hartselle city of
8240,haskins village of
8244,harza hydropower inc
8245,City of Hastings - (NE)
8248,Hastings Lock & Dam
8254,hatfield borough of
8273,Haywood Power I LLC
8276,havana power & light co
8279,haven city of
8283,harrison county rrl elec coop
8286,Hawaiian Commercial and Sugar Company
8287,Hawaii Electric Light Co Inc
8288,hawarden city of
8289,harrison county rural e c c
8294,Hawkeye Power Partners LLC
8298,hawkeye tri-county el coop inc
8303,Harbor Cogeneration Co.
8307,Hawley Public Utilities Comm
8311,haxtun town of
8319,heartland power coop
8321,Haypress Hydroelectric Inc
8326,hayfork valley pub util dist
8329,Haywood Energy Center LLC
8333,haywood electric member corp
8336,hazel green village of
8340,Heber Geothermal Co
8347,head of lakes electric coop
8348,healdsburg city of
8353,Sprague Hydro LLC
8359,hearne city of
8364,heath springs light & power co
8365,Hazelton/Wilson Joint Venture
8366,Heber Light & Power Company
8367,Heartland Energy&Recycling LLC
8375,hebron city of
8379,hecla city of
8400,henderson-union rural e c c
8428,helper city of
8430,hemingford village of
8432,hemphill city of
8435,hempstead city of
8447,hendricks county rural e m c
8449,Henderson City Utility Comm
8452,Hemphill Power & Light Co
8453,Hendricks Regional Health
8459,henning city of
8466,henry county rural e m c
8479,Hercules Inc
8481,Hercules Inc
8483,Hercules Inc
8486,PInova Inc
8490,City of Herington - (KS)
8493,hermann city of
8497,herndon city of
8501,Heritage Power LLC
8503,Hermiston Generating Co LP
8517,hertford city of
8524,hetch hetchy water & power
8530,HYPOWER INC
8532,heyburn city of
8543,Hibbing Public Utilities Comm
8548,hickman city of
8559,Hidalgo Energy Center LP
8565,"FPLE High Winds, LLC"
8566,high plains power inc
8567,City of Higginsville - (MO)
8568,High Sierra Ltd
8570,highline electric assn
8571,high point town of
8573,City of Highland
8574,jackson electric coop inc
8579,highlands city of
8596,High Shoals Hydro
8599,City of Hill City
8610,hinton city of
8620,hill county electric coop
8628,City of Hillsboro - (ND)
8629,hillsboro city of
8631,Hillsdale Board of Public Wks
8632,hill county electric coop inc
8633,Hillsborough County
8634,Hilo Coast Processing Co
8641,Hillman Power Co
8654,High Desert Power Project LLC
8675,Hillsborough Hydroelectric LP
8677,hobgood town of
8683,CSL Behring LLC
8687,aventis pharmaceuticals
8688,Hofstra University
8693,Aventis Pharmaceuticals Inc
8696,Hoge Lumber Co
8698,hogansville city of
8699,inland power & light co
8700,hohokam irrigation&drainage dt
8701,Hoffman LaRoche Inc
8703,City of Hoisington - (KS)
8705,Hoffer Plastics
8709,holbrook village of
8714,holden town of
8715,holden city of
8717,Holdrege City of
8722,Holland Energy LLC
8723,City of Holland
8725,Hollow Dam Power Company
8733,holley village of
8736,Hollingworth & Vose Co
8748,holly springs city of
8751,Town of Holly - (CO)
8758,Honeywell Farm Inc
8761,holmes-wayne electric coop inc
8764,holston electric coop inc
8770,City of Holton - (KS)
8773,Holy Cross Electric Assn Inc
8774,holyoke city of
8775,exelon energy co
8776,City of Holyoke Gas and Electric Dept.
8777,holyoke city of
8778,holyoke power & electric co
8779,Holyoke Water Power Company
8780,fox islands electric coop inc
8781,holyrood city of
8784,home light & power co
8785,Homestretch Geothermal  LLC
8786,horry electric coop inc
8787,Humboldt Bay Mun Water Dist
8795,City of Homestead - (FL)
8796,hingham city of
8797,Hull Municipal Light Plant
8799,hominy city of
8801,hondo city of
8814,hoonah city of
8819,hopewell cogeneration inc
8824,m j m electric coop inc
8825,hookerton town of
8826,hooversville boro elec lgt co
8830,hood river electric coop
8837,home light & power co
8840,hope city of
8843,horizon electric coop inc
8846,hopkinsville city of
8847,City of Hopkinton - (IA)
8855,"horne, roger"
8856,Hot Spring Power Co LLC
8862,Horseshoe Bend Hydroelectric Co
8871,horton city of
8883,houlton water co
8884,Terrebonne Parish Consol Gov't
8896,houston city of
8898,houston county elec coop inc
8901,Reliant Energy HL&P
8911,howard electric coop
8919,howard city of
8924,howard greeley rural p p d
8926,hot springs rural el assn inc
8927,Hunterdon Cogeneration LP
8930,Howden Wind Park Inc
8933,Howell Petroleum Corp
8934,howell-oregon elec coop inc
8936,hinson power company
8949,hubbard city of
8966,city of hudson
8972,hudson city of
8973,Town of Hudson - (MA)
9000,hughes power & light co
9011,City of Hugoton - (KS)
9022,hubbell city of
9023,humboldt city of
9025,hunnewell city of
9026,humboldt county r e c
9043,hunt-collin electric coop inc
9067,hope city of
9087,huntersville town of
9088,huntingburg city of
9093,Hydro Energies Inc
9094,huntsville city of
9096,City of Lafayette
9097,Huntington Resource Recovery
9109,Hutzel Hospital
9114,hydro i inc
9124,hustisford city of
9128,Hurricane City Power
9130,Hutchinson Utilities Comm
9131,hydra-co enterprises inc
9136,HNG Storage Co
9143,Hydro Technology Systems Inc
9144,hyde park village of inc
9155,Inland Empire Energy Ctr LLC
9162,Interstate Power and Light
9163,hyrum city corp
9176,ida-west energy co
9183,Icicle Seafoods Inc
9185,ida county rural electric coop
9186,idaho cnty l&p coop assn inc
9187,City of Idaho Falls - (ID)
9188,"I-N-N Electric Coop, Inc"
9190,International Paper Co - Pine
9191,Idaho Power Co
9192,igiugig electric co
9194,IDC Bellingham
9200,ilion village of
9202,illinois valley elec coop inc
9205,Illinois Electricial Gen Partn
9208,AmerenIP
9209,Illinois Rural Electric Coop
9210,International Paper Co-Riegelwood
9216,Imperial Irrigation District
9217,imperial city of
9223,imperial holly corp
9224,indeck-rockford llc
9227,Ingersall Machine Tools Inc.
9230,City of Independence
9231,City of Independence - (MO)
9234,Indiana Municipal Power Agency
9236,igi resources inc
9238,inland pacific engy serv corp
9240,indeck-rockford ii llc
9243,Indeck-Yerkes Ltd Partnership
9244,Indeck-Oswego Ltd Partnership
9245,Indeck-Energy Serv Silver Spg
9246,indian electric coop inc
9248,it's electric & gas llc
9249,indiana michigan power co
9252,Island End Power LLC
9253,Indiantown Cogeneration LP
9255,Indeck Operations Inc
9256,indeck-ilion ltd partnership
9260,mahaska city of
9261,Indeck-Olean Ltd Partnership
9262,Indeck Operations  Inc
9263,Indeck-Corinth Ltd Partnership
9267,"Hoosier Energy R E C, Inc"
9269,Indiana-Kentucky Electric Corp
9270,Indeck-Pepperell Power Assoc
9271,Indeck-Niles LLC
9272,illini electric coop
9273,Indianapolis Power & Light Co
9274,indianola city of
9275,Indianola Municipal Utilities
9279,Indeck-Elwood LLC
9284,IMC Chemicals Inc
9286,Illinois Municipal Elec Agency
9287,manchester city of
9292,inter county rural e c c
9293,indian valley hydroel partners
9297,IPT SRI Cogeneration Inc
9302,inland steel co
9303,Verso Bucksport LLC
9304,IPC-Androscoggin Mill
9308,Inland Container Corp
9312,IPC-Mansfield Mill
9314,university of illinois
9320,intercounty electric assn inc
9323,indeck-bourbonnais llc
9324,Indiana Michigan Power Co
9325,InterGen North America
9331,intercounty electric coop assn
9332,Indian River Operations Inc
9335,Indiana University of Penn
9336,intermountain rural elec assn
9339,International Bound & Wtr Comm
9341,indeck-ontario llc
9348,International Paper
9350,IPC-Ticonderoga
9353,International Paper Co-Augusta
9356,International Paper Co
9357,Hampshire Paper Co Inc
9358,International Paper Co
9362,International Paper Co-HudsonR
9363,International Paper Co-Quinnes
9366,hydro-op one associates
9367,Intertrade Holdings Inc
9368,International Paper Co-Sartell
9369,Indeck N Smithfield Energy Ctr
9370,Hydrodynamics Inc
9371,itt powercom
9374,international paper co
9377,"International Steel Group, Inc"
9378,International Paper Co-Thilmany
9379,"Inter-Power/AhlCon Partners, L.P."
9382,International Paper Co-Vicksbg
9383,Mosaic Fertilizer LLC
9384,International Paper Co-Courtld
9385,International Paper Co
9386,International Paper Co-PineBlf
9389,international energy partners
9390,International Paper Co-GT Mill
9392,interstate power co
9393,International Paper Co-Riverdl
9394,Interstate Paper LLC
9397,International Turbine Res Inc
9398,International Paper Co
9401,International Paper Co-Pensacola
9404,ipc-louis
9407,International Paper Co-Buckspt
9413,Iowa Methodist Medical Center
9415,ISG Indiana Harbor Inc
9416,ipnatchiaq electric co
9417,Interstate Power and Light Co
9418,City of Iola - (KS)
9422,j-a-c electric coop inc
9423,iowa electric light & power co
9424,International Paper Co-Eastovr
9425,Iowa Lakes Electric Coop
9429,iowa power inc
9431,irwin county elec member corp
9432,iowa southern utilities co
9434,Iowa State University
9435,iowa public service co
9436,Mosaic Phosphates Co.
9438,iowa-illinois gas&electric co
9439,Isabella Partners
9441,isg energy llc
9442,Town of Ipswich - (MA)
9447,international paper co
9448,iron gate town of
9449,ISPAT Inland Inc
9450,IPP Energy LLC
9451,HDI Associates I
9452,International Paper Co-Natchez
9454,ArcelorMittal Cleveland Inc
9458,Islip Resource Recovery Agency
9459,ipp energy llc
9461,ipc-camden
9463,isabel city of
9472,itta bena city of
9475,itasca-mantrap coop elec assn
9482,IPC-Moss
9490,ivex corp
9498,Ispat Inland Inc
9512,IVEX Packaging Paper LLC
9536,J M Huber Corp
9541,iuka city of
9561,J & R Energy Inc
9562,Jackson County Generating LLC
9570,Jackson County Res Recovery
9572,jackson center village of
9573,jackson city of
9575,jackson county rural e c c
9576,jackson county rural e m c
9578,Jackson County Power LLC
9590,jackson electric coop inc
9591,Jefferson Smurfit Corp
9595,jackson valley energy part lp
9598,Jackson City of
9599,jackson city of
9601,jackson electric member corp
9603,City of Jackson - (MO)
9604,james river corp
9605,jackson purchase el coop corp
9610,jacksonville village of
9612,jackson city of
9613,lebanon city of
9616,jacksonville beach city of
9617,JEA
9619,james valley electric coop inc
9621,Jefferson Smurfit Corp-LA
9628,Hopewell Operating Services LLC
9635,Jefferson Smurfit Corp-SC
9637,Jacobs Energy Corp
9645,Jamestown Board of Public Util
9646,jamestown city of
9650,City of Janesville - (MN)
9664,jasper city of
9665,jasper county rural e m c
9666,jay county rural e m c
9667,City of Jasper - (IN)
9668,jasper-newton elec coop inc
9669,Japan Energy Corp Ltd
9680,klukwan indian village
9681,Jeanerette Sugar Co Inc
9682,jefferson davis elec coop inc
9686,RockTenn-Jackson Fenandina
9689,jefferson electric member corp
9690,jefferson city of
9697,jellico city of
9699,jemez mountains elec coop inc
9703,jefferson smurfit corp
9705,Jefferson Smurfit Corp
9726,Jersey Central Power & Lt Co
9732,City of Jetmore
9734,jewett city city of
9737,jewell-mitchell coop elec inc
9739,joe wheeler elec member corp
9745,John Hancock Life Insuance Co
9750,jo-carroll electric coop inc
9764,Johnstown Cogeneration Co LLC
9765,John Deere Dubuque Works
9776,City of Johnson - (KS)
9777,johnson city city of
9778,Johnson County Rural E M C
9788,John Deere Harvester Works Co
9806,johnson village of inc
9813,johnson county elec coop assn
9832,kuiggluum kallugvia
9837,jones-onslow elec member corp
9878,jonesboro town of
9879,City Water and Light Plant
9880,jonesville city of
9897,City of King Cove
9898,kotlik city of
9918,JRW Associates Ltd Partnership
9922,jump river electric coop inc
9928,City of Julesburg - (CO)
9936,juneau utility comm
9948,Kyocera America Inc
9961,Kansas Electric Power Coop Inc
9964,kenergy corp
9973,City of Kahoka
9975,kanab city corporation
9979,kamo electric coop inc
9985,dixie valley power partnership
9989,Kalaeloa Partners LP
9991,kandiyohi coop elec power assn
9995,kanosh town of
9996,City of Kansas City - (KS)
9998,kandiyohi city of
9999,kankakee valley rural e m c
10000,Kansas City Power & Light Co
10001,Kannapolis Energy Partners LLC
10004,King County Dept-Natural Res
10005,Kansas Gas & Electric Co
10009,karnes electric coop inc
10012,kay electric coop
10015,kpl western resources co
10019,kaw valley elec coop co inc
10021,kaw city city of
10023,TC Ravenswood LLC
10025,kaplan city of
10027,Kapaa Generating Partners
10032,KJC Operating Co
10035,Kansas Municipal Energy Agency
10037,kasota city of
10040,kasson city of
10041,Katy Industries
10046,Kas Brothers Windfarm LLC
10047,Katco Funding LP
10054,kauai electric co
10055,kaufman county elec coop inc
10056,City of Kaukauna
10057,lamar city of
10063,kaysville city corp
10065,KBR Rural Public Power Dist
10066,k c electric assn
10071,Kauai Island Utility Cooperative
10077,Kaweah Delta Hospital
10081,Kansas State University
10089,keewatin public utilities comm
10099,Kaweah River Power Authority
10103,KN/Thermo LLC
10107,kti environmental group inc
10118,Kentucky Mountain Power LLC
10127,Kenetech Windpower Inc
10131,Kendall New Century Dev LLC
10144,kennebunk light & power dist
10152,City of Kennett - (MO)
10153,kem electric coop inc
10162,Kent County
10170,kiamichi electric coop inc
10171,Kentucky Utilities Co
10172,marathon city of
10175,Kentucky Pioneer Inc
10179,Kenyon Municipal Utilities
10181,keosauqua city of
10197,Kern Front Ltd
10203,Kern River Cogeneration Co
10210,Ketchikan Public Utilities
10213,kincaid generation llc
10218,kes chateaugay lp
10220,kn marketing inc
10223,keystone energy services inc
10226,Key West City of
10227,Kinder Morgan Virginia LLC
10229,hickman city of
10230,Keystone Recovery Inc
10238,kimble electric coop inc
10243,kiel city of
10260,City of Kimball - (NE)
10262,kimball light & water co
10265,kimballton city of
10273,Kimberly-Clark Corp
10277,Kinsley's Landfill Inc
10280,Kinder Morgan Illinois LLC
10281,Kinder Morgan Missouri LLC
10285,Kinder Morgan Power Co
10289,Kinder Morgan Alabama LLC
10301,Kinder Morgan Arkansas LLC
10304,keyspan energy services inc
10306,Kinder Morgan Georgia LLC
10308,Thermo Cogeneration Partnership LP
10320,City of Kingfisher - (OK)
10321,City of Kingman - (KS)
10324,kings mountain city of
10325,Kings River Conservation Dist
10326,pud no 1 of kittitas county
10329,kingsbury electric coop inc
10330,kingsford heights town of
10331,kingsport power co
10337,KES Kingsburg LP
10339,Kings Bay Naval Base
10345,kinston city of
10347,Kinneytown Hydro Co Inc
10349,KIAC Partners
10351,kiowa city of
10359,kirbyville light & power co
10362,Kiowa Power Partners LLC
10363,Koyle Hydro Inc
10365,KMS Bakery Power Partners LP
10370,kirkwood city of
10375,kiwash electric coop inc
10376,Kissimmee Utility Authority
10378,kit carson electric coop inc
10379,Klamath Generation LLC
10384,Klein Tools Inc
10388,Wrightsville Power Fac LLC
10393,PUD No 1 of Klickitat County
10401,KMS Joliet Power Partners LP
10402,KMS Crossroads Inc
10405,kms energy inc
10407,knightstown town of
10417,knox county rural e m c
10421,knoxville city of
10426,kock exploration co llc
10430,"koch energy trading, inc"
10432,Koppers Inc
10433,Kodiak Electric Assn Inc
10435,koma kulshan associates
10439,Kimberly-Clark Corp
10446,Koopers Industries Inc-Chicago
10447,kosciusko city of
10448,kosciusko county rural e m c
10451,Kotzebue Electric Assn Inc
10454,kootenai electric coop inc
10455,kokhanok village council
10456,Koppers Inc - Susquehanna
10488,KMS Macon Power Inc
10491,kwig power co
10494,kutztown borough of
10508,l'anse village of
10510,LCO Hydro
10519,lafayette energy partners lp
10525,La Farge Municipal Electric Co
10529,l b industries inc
10530,la paloma generating trust ltd
10532,la grange city of
10533,la harpe city of
10536,City of La Junta - (CO)
10538,City of La Plata - (MO)
10539,la plata electric assn inc
10542,La Porte City Utilities
10545,Teton Operating Services LLC
10550,mccook public power district
10556,lacomb hydro ltd partnership
10558,lacreek electric assn inc
10559,City of La Crosse - (KS)
10562,lagrange county rural e m c
10568,ladoga town of
10570,lafayette city of
10571,la fayette city of
10572,lafayette electric coop
10573,hildreth village of
10574,l & o power coop
10575,Lachute Hydro Co Inc
10576,Lake Road Generating Co LP
10578,Lake Worth Generation LLC
10579,lafollette city of
10585,la grange city of
10586,la grange town of
10595,lake city city of
10596,City of Lake Crystal - (MN)
10599,lake region electric coop inc
10603,laclede electric coop inc
10604,Lake Lure Town of
10605,lake mills city of
10606,City of Lake Mills
10608,City of Lake Park - (IA)
10609,lake park city of
10610,lake placid village inc
10612,lake road trust ltd
10615,lake superior district pwr co
10616,lakeview village of
10617,lake view city of
10618,lake region coop elec assn
10620,City of Lake Worth - (FL)
10622,City of Lakefield - (MN)
10623,City of Lakeland - (FL)
10624,southern rivers energy
10625,lamb county electric coop inc
10627,lakeview light & power co
10628,City of Lakin - (KS)
10629,lakota city of
10632,lake region electric assn inc
10633,City of Lamar - (CO)
10647,lakefield junction llp
10649,lamar county elec coop assn
10650,City of Lamoni - (IA)
10653,lakewood cogeneration lp
10656,lampasas city of
10657,Lagoon Corp
10665,landfill power llc
10666,Lancaster County Solid WR Auth
10668,licking rural elecificatn inc
10669,landis town of
10681,lane electric coop inc
10685,Lanesboro Public Utility Comm
10687,lanett city of
10697,lake country power
10702,lansdale borough of
10704,Lansing City of
10706,larchwood city of
10707,large scale distr gen ii s t
10713,City of Larned - (KS)
10714,Little Falls Hydroelec Assoc
10716,larsen bay city of
10723,Lateral 10 Ventures
10724,lassen municipal utility dist
10728,lane-scott electric coop inc
10730,City of Las Animas - (CO)
10753,lauhoff grain co
10755,Lamar Power Partners LP
10757,Laidlaw Energy & Envl Inc
10760,City of Laurel - (NE)
10761,laurel hill electric co inc
10766,Lavalley Lumber LLC
10767,linneus city of
10768,laurens electric coop inc
10769,City of Laurens - (IA)
10770,laurinburg city of
10776,lavallette city of
10777,Town of Laverne - (OK)
10784,lawler city of
10786,Liberty Generating Co LLC
10793,"Lawrence Energy Center, LLC"
10794,lawrence park heat lgt&pwr co
10798,lawrenceburg city of
10799,lawrenceburg city of
10800,lawrenceville city of
10801,leavenworth-jefferson e c inc
10810,LAX Airport
10814,le sueur city of
10817,lea county electric coop inc
10828,Leathers LP
10830,City of Lebanon - (OH)
10831,lebanon city of
10832,lebanon city of
10837,Lebanon Methane Recovery Inc
10849,Wyeth-Averst Lederle
10857,lee county electric coop inc
10868,leesburg city of
10875,Lee County Board-Commissioners
10878,Leviton Manufacturing Inc
10879,lehi city city of
10881,lehigh city of
10882,lehighton borough of
10885,LFG Energy Inc
10886,leigh village of
10892,leland city of
10906,lenoir city city of
10908,City of Lenox - (IA)
10911,Lenzing Fibers Corp
10913,Lee Power Partners LLC
10921,lg&e westmoreland altavista
10922,lg&e westmoreland hopewell
10924,lg&e power marketing
10931,LG&E Power Tiger Creek LLC
10935,City of Lewes
10937,LG&E Power Services
10941,lfc no 47 corp
10944,PUD No 1 of Lewis County
10946,lg&e westmoreland southampton
10950,Lewis Bakeries
10959,lewisberry borough of
10960,lewisburg city of
10961,lewisville city of
10962,lewis county rural e c a
10963,Lewiston City of
10966,lexington city of
10967,lexington city of
10968,lexington city of
10969,lexington city of
10970,lexington town of
10977,liberal city of
10978,levan town corp
10982,liberty city of
10987,LG&E Power Inc
10996,dighton power associates lp
10998,Lima Energy Co
11003,Lihue Plantation Co Ltd
11011,licking valley rural e c c
11014,lighthouse electric coop inc
11017,City of Lincoln Center - (KS)
11018,Lincoln Electric System
11019,little river electric coop inc
11020,little bay power corp
11021,lincoln county power dist no 1
11022,lincoln electric coop inc
11026,Longview Energy Develop LLC
11027,lincoln-union electric co
11035,lincolnton city of
11036,lincoln electric coop inc
11039,lindsay city of
11040,lindsborg city of
11045,lincoln & ellendale elec co
11049,Limerick Partners LLC
11053,linn county rural e c a
11055,linton city of
11058,Lindsay City of
11059,Pasadena Cogeneration LP
11062,lindale manufacturing inc
11064,Litchfield Public Utilities
11066,Live Oak Ltd
11068,Little Co of Mary Hospital
11079,Little Rock Wastewater Utility
11082,Littlewood Irrigation District
11083,little valley village of
11085,littleton town of
11089,Live Oaks Company LLC
11093,livermore city of
11097,livingston city of
11099,lingle town of
11101,Llano Estacado Wind LP
11103,llano city of
11109,lockheed martin fed sys inc
11111,Lockville Hydropower Co
11118,Lockhart Power Co
11119,lockhart city of
11121,lockwood water & light co
11122,lodgepole city of
11124,lodi city of
11125,lodi city of
11126,lodi city of
11127,Lockport Energy Associates LP
11128,LTV Steel Co Inc
11132,Logan Generating Co LP
11135,City of Logan - (UT)
11136,Lone Star Steel Co
11138,logan dennis b
11139,lone wolf electric coop inc
11141,long grove city of
11142,City of Logansport - (IN)
11146,Hoover Inc
11148,lompoc city of
11152,long peak partners power co
11161,Loma Linda University
11165,Lockport Merchant Assoc LLC
11169,Longview Fibre Co
11171,long island power authority
11172,long island lighting co
11180,long sault inc
11181,long beach generation llc
11182,LSP-Pike Energy LLC
11187,longmont city of
11196,littleton city of
11200,lorain-medina r e c inc
11203,logan cnty coop p&l assn inc
11204,Los Alamos County
11205,lucama town of
11206,mulberry city of
11207,muscotah city of
11208,Los Angeles Department of Water & Power
11211,lost river electric coop inc
11213,Lotus Engineering Inc
11216,Los Angeles County
11217,Los Angeles County Sanitation
11222,loudon city of
11228,louisburg town of
11233,Louisiana Tech University
11235,lafayette public power auth
11237,Louisiana Pacific Samoa Inc
11239,Louisiana Pacific Co
11240,louisiana pacific corp
11241,Entergy Louisiana LLC
11247,louisville city of
11249,Louisville Gas & Electric Co
11250,loup valleys rural p p d
11251,Loup River Public Power Dist
11252,Louisiana Generating LLC
11256,loveland city of
11262,Los Angeles Cold Storage
11263,lowe paper co
11267,Lowell Cogeneration Co LP
11268,City of Lowell - (MI)
11269,Lower Colorado River Authority
11270,Lower Saranac Hydro Partner LP
11272,lower yellowstone r e a inc
11273,Lower Valley Energy Inc
11275,Lower Mount Bethel Energy LLC
11278,Lower Tule River Irrgtn Dist
11282,LSP Energy Ltd Partnership
11284,Lowndes County Hospital Authority
11288,lsp-nelson energy llc
11289,LSP-Kendall Energy LLC
11290,Lacomb Irrigation Dist
11291,lumbee river elec member corp
11292,City of Lubbock - (TX)
11293,lubec town of
11294,los angeles county - pitchess
11295,Los Angeles County-San Gabriel
11296,lucas village of
11298,lyon rural electric coop
11299,lucas city of
11303,LSP-Hardee Energy LLC
11305,ludlow village of
11306,luray city of
11316,luling city of
11318,lumberton city of
11329,Lutheran Medical Center
11330,lusk town of
11332,City of Luverne - (MN)
11333,luverne city of
11334,lyon county electric coop inc
11343,Luz Solar Partners Ltd III
11344,LSP-Cottage Grove LP
11345,"Lyon-Lincoln Electric Cooperative, Inc."
11346,lyman village of
11349,LSP-Whitewater LP
11350,Luz Solar Partners Ltd IV
11355,lynches river elec coop inc
11359,Village of Lyndonville - (VT)
11360,macclesfield town of
11362,Lyonsdale Biomass
11364,lyntegar electric coop inc
11372,City of Lyons - (NE)
11375,Luz Solar Partners Ltd V
11376,lyons town of
11380,m & a electric power coop
11382,lsp whitewater i inc
11384,Luz Solar Partners Ltd VI
11386,massachusetts water res auth
11387,Luz Solar Partners Ltd VII
11389,Luz Solar Partners Ltd IX
11390,M&M Mars Inc
11392,M C Dixon Lumber Co Inc
11393,LSP Cottage Grove Inc
11401,Mars Chocolate North America LLC
11409,MM Cuyohega Energy LLC
11415,"M.A. Patout & Son Limited, LLC"
11417,MC Energy Partners LP
11424,mabel city of
11426,Massachusetts Water Res Auth
11427,Massachusetts Wtr RAuth-Deer I
11446,michigan university
11451,Madison Paper Industries Inc
11452,mack oil co inc
11455,macmillan bloedel packaging
11458,macon city of
11459,March Point Cogeneration Co
11460,City of Macon - (MO)
11461,Magnolia Generating LLC
11463,macon electric coop
11467,macpherson power co
11468,Madison Hydro Partners
11470,maddock city of
11475,madison city of
11476,madison city of
11477,madison town of
11479,Madison Gas & Electric Co
11481,City of Madison - (NE)
11482,madison city of
11488,madisonville city of
11491,Madison Windpower LLC
11493,MM Hackensack Energy
11495,Magic Reservoir Hydroelec Inc
11501,magic valley electric coop inc
11504,Magnolia Energy LP
11515,maiden town of
11517,Maine Energy Recovery Co
11519,magnolia electric power assn
11521,maine electric power co inc
11522,maine public service co
11525,maine yankee atomic power co
11540,City of Malden - (MO)
11541,manitou city of
11556,Brookfield Energy Marketing LP
11560,City of Manassas - (VA)
11564,Manchester Renewable Pwr Corp
11566,City of Mangum - (OK)
11568,Town of Manilla
11569,Manchief Power Co LLC
11571,Manitowoc Public Utilities
11572,mankato city of
11578,mannford town of
11581,City of Manning
11585,mansfield city of
11586,town of mansfield - (ma)
11587,mansfield town of
11588,City of Manti - (UT)
11589,harney electric coop inc
11591,manley utility co inc
11592,MM Tacoma LLC
11601,Marlborough Hydro Corp
11609,mapleton city of
11611,City of Maquoketa - (IA)
11614,maryland dept-pub safety&corr
11618,marathon village of
11619,Marathon Oil Co
11624,City of Marblehead - (MA)
11626,City of Marceline - (MO)
11631,marathon oil co
11634,MM Hartford Energy
11637,Marathon Electric Mfg Corp
11643,marias river electric coop inc
11646,marietta city of
11647,marion rural electric coop inc
11651,Martinez Refining Co
11658,marion city of
11664,Mark Technologies Corp
11677,Mammoth Pacific LP
11691,marlow city of
11693,marlboro electric coop inc
11701,City of Marquette - (MI)
11704,Maryland Environmental Service
11713,City of Marshall - (MI)
11714,marshall-de kalb electric coop
11716,Marsh Valley Development Inc
11724,Massachusetts Bay Trans Auth
11731,City of Marshall - (MN)
11732,City of Marshall - (MO)
11736,City of Marshall - (IL)
11739,marshallville village of
11740,City of Marshfield - (WI)
11741,Masspower
11767,marshall county rural e m c
11770,City of Martinsville - (VA)
11782,Marysville Hydro Partners
11788,marshall county rrl elec coop
11789,maryville city of
11790,City of Mascoutah
11793,mason city of
11804,Massachusetts Electric Co
11806,Massachusetts Mun Wholes Electric Co
11811,massena town of
11820,Massachusetts Inst of Tech
11824,Matanuska Electric Assn Inc
11833,municipal energy agency of ms
11843,Maui Electric Co Ltd
11844,matinicus plantation elec co
11871,mayfield city of
11892,mayville village of
11895,vazomanie village of
11904,Mt Vernon Energy LLC
11910,mcleod coop power assn
11936,McBryde Sugar Co Ltd
11943,McCallum Enterprises I LP
11965,mccleary city of
11989,mccone electric coop inc
12006,mccormick town of
12030,mccook electric coop inc
12035,mcculloch electric coop inc
12070,mcdonough power coop
12087,mckenzie electric coop inc
12090,mclean electric coop inc
12094,MM Tajiguas Energy LLC
12114,City of McGregor- (IA)
12119,McGrath Light & Power Co
12150,McKittrick Ltd
12153,MM Tulare Energy LLC
12155,mclennan county elec coop inc
12159,Midwest Electric Power Inc
12167,City of McLeansboro - (IL)
12169,Mint Farm Generation LLC
12186,McMinnville Electric System
12187,mcminnville city of
12191,mcmullen valley water c&d dist
12193,MM Velusia Energy LLC
12199,Montana-Dakota Utilities Co
12208,City of McPherson - (KS)
12218,MEP Investments LLC
12221,MRWPCA
12222,Mead Coated Board Inc
12227,meeker coop light & power assn
12228,mead corp
12239,Mega Renewables
12242,City of Meade - (KS)
12243,meade county rural e c c
12247,Mead Paper Corp
12254,MeadWestvaco Corp
12258,Medical Area Total Egy Plt Inc
12260,mecklenburg electric coop inc
12265,medford city of
12268,"Medina Electric Coop, Inc"
12285,mellon bank
12286,Melrose Public Utilities
12289,meadow town corp
12292,meadville city of
12293,memphis city of
12294,City of Memphis - (MO)
12296,merrimac town of
12298,City of Menasha
12299,Menasha Packaging Co LLC
12300,mid-continent power co inc
12301,nodak electric coop inc
12302,mendon city of
12303,Merck & Co Inc-West Point
12307,WestRock (TX)
12308,Memphis Hardwood Flooring Co
12311,Merck & Co Inc
12312,Merced Irrigation District
12313,Mendota Biomass Power Ltd
12320,Merck & Co Inc
12323,miami power corp
12327,Merck & Company Inc - Cherokee
12328,merck & company inc cherokee
12330,meriwether lewis electric coop
12336,merrillan village of
12339,Merrimac Paper Co Inc
12341,MidAmerican Energy Co
12345,Metropolitan Wastewater Reclam
12351,mesa city of
12363,Mesquite Power LLC
12373,"Medford Energy, LLC"
12374,Metropolitan Sewerage District
12377,midwest energy coop
12380,Montana Dept-Natural Res&Consv
12382,Metropolitan Dist of Hartford
12384,Midwest Generations EME LLC
12385,Metlakatla Power & Light
12388,metropolis city of
12389,massachusetts water res auth
12390,Metropolitan Edison Co
12395,menard electric coop
12397,Metropolitan Water District of S CA
12398,midcon power services corp
12399,Metro Dade County
12401,Merimil Ltd Partnership
12402,micron
12406,miami-cass county rural e m c
12408,miami city of
12411,Miami Dade Water & Sewer Dept
12416,Michigan Cogeneration Sys Inc
12421,Mill Shoals Hydro Co Inc
12427,michigan power pool
12433,Michigan Power Co
12435,Mid-America Power LLC
12436,Michigan State University
12439,midstate electric coop inc
12449,Mid Set Cogeneration Co
12450,midland power cooperative
12452,mid-south electric coop assn
12453,Midway Development Co LLC
12454,Mi-28 Water Power Project LLC
12455,Michigan Power Limited Partnership
12462,mid-carolina electric coop inc
12463,mid-yellowstone elec coop inc
12464,mid-state service co
12465,"System Energy Resources, Inc"
12469,Milford Power Ltd Partnership
12470,middle tennessee e m c
12472,middle georgia el member corp
12473,middleborough town of
12474,middletown borough of
12476,middletown town of
12477,middleton city of
12478,middletown town of
12481,Middle Falls Ltd Partnership
12485,middle kuskokwim elec coop inc
12490,Middletown Power LLC
12492,Midland Cogeneration Venture
12496,michigan automotive research
12501,Midlothian Energy LLC
12502,Middle Fork Irrigation Dist
12503,Midwest Wind Developers
12506,energy services inc
12507,midwest electric coop inc
12515,midwest electric inc
12516,Midway Power LLC
12523,mifflinburg borough of
12524,Midwest Energy Inc
12529,Midwest Power LLC
12531,milan city of
12532,milan city of
12533,milan village of
12539,midwest electric member corp
12540,milford city of
12541,City of Milford - (IA)
12543,Midway Energy Center LLC
12546,mille lacs electric coop
12562,FPL Energy FPL E Mill Run WIndpower LLC
12564,"SEPG Operating Services, LLC MGC"
12568,Milford Power Co LLC
12574,midwest statutory trust
12579,mirant neenah llc
12580,miller city of
12582,Minwind Energy LLC
12583,"minwind ii, llc"
12588,Mirant Potomac River LLC
12593,Mine Falls Ltd Partnership
12594,Mills Shoals Hydro Co Inc
12596,millennium inorganic chemicals
12608,milltown borough of
12609,minidoka city of
12615,milton-freewater city of
12616,milton city of
12617,Mirant Americas Inc
12619,Milwaukee Metro Sewerage Dist
12622,Mirant Potrero LLC
12625,City of Minden - (LA)
12626,minden city of
12627,mindenmines city of
12628,NRG Chalk Point LLC
12631,NRG Delta LLC
12632,Minnesota Mining & Mfg Co
12635,Minergy Neenah LLC
12642,maquoketa valley rrl elec coop
12647,"ALLETE, Inc."
12651,minnesota valley electric coop
12653,GenOn Mid-Atlantic LLC
12655,mingo junction energy cntr llc
12657,mission energy co
12658,"Minnkota Power Coop, Inc"
12660,minster village of
12663,Mobil Explrtn & Prodg SE Inc
12664,mirant mid-atlantic serc llc
12665,Masco Retail Cabinet Group
12666,Mission Iowa Wind
12667,Minnesota Municipal Power Agny
12668,Mirant Corp
12669,middletown lfg ltd
12670,Missouri Jnt Muni.Pwr Elec. Ut. Comm.
12672,Mirant Zeeland LLC
12674,mishawaka city of
12676,Mirant Wyandotte LLC
12681,mississippi cnty elec coop inc
12683,MissChem Nitrogen LLC
12685,Entergy Mississippi Inc
12686,Mississippi Power Co
12687,Midway-Sunset Cogeneration Co
12692,missoula electric coop inc
12694,Missisquoi Associates
12695,missouri public service comm
12698,KCP&L Greater Missouri Operations
12700,missouri rural electric coop
12701,aera energy llc
12702,aera energy llc
12703,Missota Paper Company
12704,Mississippi Baptist Medical
12705,mirant wisconsin investts inc
12706,mitchell electric member corp
12710,Missouri Basin Muni Power Agny
12713,Millennium Power Partners LP
12716,Minnesota Methane LLC
12717,mitchell city of
12718,Mirant Gastonia LLC
12719,Mirant Wichita Falls LP
12721,Mirant Danville LLC
12728,Mirant Las Vegas LLC
12729,mitex inc.
12736,Exxon Mobil Oil Corporation
12739,Mobile Energy LLC
12744,modern electric water co
12745,Modesto Irrigation District
12751,Mobile Energy Service Holdings
12757,Mobil Oil Corp-Chalmette
12758,Model City Energy LLC
12759,mohawk municipal comm
12767,molokai electric co ltd
12773,Monmouth Energy Inc
12774,monona county rural elec coop
12782,monett city of
12785,Mother Energy Inc
12789,monmouth city of
12792,NRG New York LLC
12796,Monongahela Power Co
12797,monroe city of
12800,city of monroe
12801,monroe city of
12802,City of Monroe City - (MO)
12803,monroe county elec coop inc
12807,Michigan South Central Pwr Agy
12811,monroeville city of
12813,monsanto co
12817,mont alto borough of
12819,montana-dakota utilities co
12822,champion international corp
12823,Montenay Charleston RRI
12825,NorthWestern Energy LLC - (MT)
12827,Montclair State Univ Cogen
12828,montana power tradg&marketg co
12830,Moll Industries Inc
12833,montaup electric co
12834,Dutchess County RRA
12838,montezuma city of
12839,City of Montezuma - (IA)
12840,montezuma town of
12844,Montezuma Hills Windplant
12850,Monterey Cnty Water Res Agency
12851,monticello city of
12853,monticello city of
12860,morgan county rural elec assn
12861,montpelier city of
12865,Montrose Partners
12866,Moon Lake Electric Assn Inc
12867,Moon Lake Water Users Assn
12869,Monterey Regional Waste Mgmt
12873,Montclair Cogeneration Proj
12876,uoore haven city of
12888,Montenay Montgomery LP
12892,mooreland city of
12894,City of Moorhead - (MN)
12896,morrill city of
12897,Moose Lake Water & Light Comm
12899,mor-gran-sou electric coop inc
12900,City of Mora - (MN)
12901,mora-san miguel elec coop inc
12909,moran city of
12915,moreau-grand electric coop inc
12916,moreau manufacturing corp
12917,morgan stanley capital group
12919,morenci water & electric co
12920,Moretown Hydro Energy Co
12927,Morgan City City of
12928,morgan city corp
12929,south central indiana remc
12944,City of Morganton - (NC)
12949,Morgantown Energy Associates
12952,morrill village of
12971,Worcester Energy Partners Inc
12981,Motiva Enterprises LLC
12985,Morrow Power LLC
12986,Morton Salt Inc
12988,morristown city of
12989,Village of Morrisville - (VT)
12990,morrow electric coop inc
12993,MM San Diego LLC
13002,Motiva Enterprises LLC
13008,Expera Mosinee LLC
13025,moulton city of
13026,moultrie city of
13027,mountain electric coop inc
13029,moundridge city of
13032,mt carmel public utility co
13033,mount dora city of
13034,Morton International Inc
13035,mount hope city of
13036,mt horeb village of
13037,City of Mt Pleasant - (UT)
13038,City of Mt Pleasant - (IA)
13039,mt pleasant city of
13040,mount vernon city of
13044,mountain iron city of
13046,Mountain  View Power Inc
13048,City of Mountain Lake - (MN)
13050,mountain parks electric inc
13052,Mountain View Power Ptnrs LLC
13053,Mountain View Pwr Ptnrs II LLC
13057,mountain view city of
13058,mountain view elec assn inc
13059,mountrail electric coop inc
13060,Mt Poso Cogeneration Co
13069,Mountainview Power Co Inc
13073,mt wheeler power inc
13090,Village of Mullen
13095,City of Mulvane - (KS)
13100,Municipal Electric Authority
13119,murfreesboro city of
13124,Murphy - Brown LLC
13137,City of Murray - (UT)
13138,murray city of
13143,Board of Water Electric & Communications
13144,muscle shoals city of
13145,muscoda city of
13149,needles city of
13157,Omaha City of
13159,MWRD:W/SW Facility
13168,NRG Huntley Operations Inc
13181,MM Prima Deshecha Energy LLC
13183,n c k electric coop inc
13186,NAWP Inc
13187,mep clarksdale power llc
13188,MM Nashville Energy LLC
13190,n w electric power coop inc
13192,NRG Arthur Kill Operations Inc
13193,Naniwa Energy LLC
13196,northern plains electric coop
13201,"Naknek Electric Assn, Inc"
13202,noresco llc
13204,Nantahala Power & Light Co
13205,new enterprise r e c inc
13206,Nantucket Electric Co
13208,naperville city of
13209,City of Napoleon
13210,MM Lowell Energy LLC
13211,napakiak ircinaq power co
13213,new albany power i llc
13214,narragansett electric co
13216,Nashville Electric Service
13219,nashwauk city of
13224,np energy inc
13227,natchez trace elec power assn
13228,City of Natchitoches
13229,Nashville Thermal Tran Corp
13231,NASA
13232,national gas & electric lp
13233,neligh village of
13241,national fuel resources inc
13257,national petroleum associates
13262,north atlantic engy serv corp
13266,usdi-national park service
13286,new hampton village precinct
13292,uorris electric coop
13306,"nesi power marketing, inc"
13314,navajo tribal utility auth
13318,navopache electric coop inc
13332,navarro county elec coop inc
13334,City of Nebraska City
13337,Nebraska Public Power District
13345,NRG Bourbonnais LLC
13351,NEO Chester Gen LLC
13352,negaunee city of
13353,Nelson Creek Power Inc
13355,new england hydro trans elec
13356,new england hydro-trans corp
13365,Nevada Cogeneration Assoc # 2
13367,nelson industrial steam co
13375,nelson city of
13377,"nrg energy, inc"
13380,City of Neodesha
13382,neola city of
13386,nemaha-marshall e c a inc
13387,nespelem valley elec coop inc
13388,nephi city corp
13389,Neshkoro Power Assc LLC
13395,MM Burnsville Energy LLC
13396,MM SKB Energy LLC
13397,MM West Covina LLC
13398,Nevada Sun-Peak Ltd Partners
13399,Nevada Cogeneration Assoc # 1
13402,Nevada Irrigation District
13404,new charleston power 1 lp
13407,Nevada Power Co
13410,Nevada Power Authority
13412,new albany city of
13413,New Albany Energy Dev Co LLC
13416,new bern city of
13418,new braunfels city of
13420,new bremen village of
13423,new carlisle town of
13424,new castle city of
13428,newcorp resources el coop inc
13433,new england power co
13434,new england power exchange
13437,newbern city of
13438,new glarus city of
13441,new hampshire elec coop inc
13442,New Hampshire Hydro Associates
13444,City of New Hampton - (IA)
13448,new holstein city of
13449,new era electric coop inc
13458,NewsTech New York Inc
13464,Village of New Knoxville
13465,nielsville city of
13466,City of New Lisbon
13467,new london city of
13468,New London Municipal Utilities
13470,new madrid city of
13471,new martinsville city of
13472,new england elec transm'n corp
13474,new mexico electric service co
13477,nelson lagoon elec coop inc
13478,Entergy New Orleans Inc
13480,New Prague Utilities Comm
13481,new richmond city of
13482,new river light & power co
13483,City of New Roads - (LA)
13484,New York Methodist Hospital
13485,New Smyrna Beach City of
13487,New York Zoological Society
13488,New Ulm Public Utilities Comm
13489,new wilmington borough of
13491,New York University
13492,New Hope Power Company
13495,newfolden city of
13498,Newgulf Power Venture Inc
13501,new york power pool
13504,New Hanover County
13511,New York State Elec & Gas Corp
13512,New Heights Recovery&Power LLC
13515,Nuevo Energy Co-Dome
13516,national grid
13519,newark city of
13520,new-mac electric coop inc
13521,newberry city of
13522,new horizon electric coop inc
13523,newberry city of
13524,newberry electric coop inc
13525,Newberry Water & Light Board
13527,newburg city of
13529,Newark Group Inc
13530,newkirk city of
13532,Newport Hydro Associates
13533,newenergy inc
13535,Newark Atlantic Paperboard Co
13538,Essential Power Newington LLC
13539,new york mun power agency
13542,Newman & Co Inc
13543,Northeast Maryland W D Auth
13547,newnan wtr sewer & light comm
13549,newport electric corp
13550,newport city of
13556,northeast utilities
13559,North American Natural Res
13560,newton city of
13561,newton city of
13563,newton falls city of
13566,newton county rural e m c
13570,ninnescah rural e c a inc
13572,NP Cogen Inc
13573,Niagara Mohawk Power Corp
13575,Navitas Energy
13577,nicholasville city of
13579,Dunkirk Power LLC
13582,NRG Astoria Gas Turbine Operations Inc
13583,nightmute power plant
13584,NRG El Segundo Operations Inc
13587,Nissequoque Cogen Partners
13588,Nord Kaolin Co
13589,northern/aes energy llc
13592,New World Power TX Ren Elec LP
13593,Nicor Gas
13594,nicor energy llc
13602,City of Niles
13603,newton city of
13604,niles city of
13606,Nine Mile Point Nuclear Sta LLC
13610,niobrara valley el member corp
13612,nordic electric llc
13630,North Carolina Mun Power Agny #1
13632,North American Power Group
13633,Nordic Energy
13638,NorthWestern Operations LLC
13640,northern virginia elec coop
13642,Nome Joint Utility Systems
13644,Northern Alternative Energy
13645,nordic marketing llc
13646,norcross city of
13647,noble county rural e m c
13651,nolin rural electric coop corp
13657,Norfork Southern Corp
13664,norris public power district
13666,North American Hydro Inc
13669,north alabama electric coop
13670,"Northeast Texas Elec Coop, Inc"
13675,nishnabotna valley r e c
13676,north arkansas elec coop inc
13679,north attleborough town of
13681,North Branch Water & Light Comm
13683,North Carolina El Member Corp
13684,nobles coop electric
13685,niobrara electric assn inc
13687,north carolina eastern m p a
13690,north central mo elec coop inc
13691,northway power & light inc
13693,north central elec coop inc
13694,north central elec coop inc
13695,"North Carolina Power Holdings, LLC"
13697,North Central Power Co Inc
13698,North Central Public Pwr Dist
13700,north itasca electric coop inc
13703,o & a electric coop
13704,north western elec coop inc
13712,hydro op one associates
13714,north atlantic energy corp
13716,north georgia elec member corp
13718,City of North Little Rock - (AR)
13724,north pine electric coop inc
13725,north platte city of
13726,North Shore Towers Apts Inc
13727,Northbrook New York LLC
13729,Northern Electric Power Co LP
13730,north st paul city of
13731,north star electric coop inc
13734,northeast oklahoma el coop inc
13735,northcentral mississippi e p a
13737,northeast empire lp #1
13738,northeast missouri el pwr coop
13739,northeast nebraska rural p p d
13745,nodaway worth elec coop inc
13748,uorthern electric coop assn
13749,"norval electric cooperative, inc"
13750,northern electric coop inc
13752,northeast empire lp #2
13756,Northern Indiana Pub Serv Co
13757,north plains electric coop inc
13758,northern lights inc
13761,northern leasing co inc
13762,northern neck elec coop inc
13763,Northbrook Carolina Hydro LLC
13765,Northlake Energy
13777,northern rio arriba e c inc
13780,northern states power co - wisconsin
13781,Northern States Power Co - Minnesota
13782,new ross city of
13783,northeast louisiana power coop
13785,northwest missouri el coop inc
13786,North Iowa Municipal Coop Ass
13788,Northern Wasco County PUD
13789,northfield village of
13798,northwest iowa power coop
13799,norton-decatur coop el co inc
13802,Northwest Power Co LLC
13805,northwest rural pub pwr dist
13807,northwestern electric coop inc
13808,Northern Iowa Windpower LLC
13809,NorthWestern Energy - (SD)
13815,Northwestern Wisconsin Elec Co
13816,northwood city of
13819,City of Norton
13825,norwalk third taxing district
13826,City of Norway
13830,nueces electric coop inc
13831,City of Norwich - (CT)
13833,Northeastern Power Co
13838,northfork electric coop inc
13839,norwood city of
13841,Northern Sun/ADM-Enderlin K80
13842,Northwind Energy Inc
13843,norton co
13845,Northwestern Wind Power LLC
13848,northwest kansas e c a inc
13850,nove investments inc
13853,oahe electric coop inc
13858,nuclear management co llc
13866,NWP Indian Mesa Wind Farm LP
13870,"Nushagak Electric Coop, Inc"
13875,NRG Energy Center Paxton LLC
13876,Nove Investments I LLC
13878,nrg energy
13879,nyman electric coop inc
13880,"nui energy brokers, inc"
13881,oceana electric coop
13886,NRG Sterlington Power LLC
13894,PPL New Carlisle LLC
13898,Oildale Energy LLC
13899,NRG South Central Ops Inc
13901,nechoice llc
13902,NorthWestern Energy
13903,"northrup john, bill & lori"
13904,O'Connell Engineering&Fin Inc
13908,NRG South CentralOperationsInc
13910,oyster bay energy partners lp
13911,ogden projects inc-huntington
13914,Occidental Chemical Corporation
13922,Norwalk Power LLC
13923,NRG Oswego Harbor Power Operations Inc
13931,oak city town of
13932,oak harbor village of
13933,oak ridge city of
13934,ocmulgee electric member corp
13935,Oakdale&South San Joaquin Irrigation D.
13936,oakdale electric coop
13938,Oak Creek Energy System Inc II
13941,City of Oakley
13943,Ocean County Utilities Auth
13945,Oakwood Hospital Med Center
13947,Occidental Chemical Corp
13948,City of Oberlin - (KS)
13949,City of Oberlin - (OH)
13950,obetz village of
13952,oge energy resources inc
13955,ocala city of
13956,o'brien county rural elec coop
13960,NRG Cabrillo Power Ops Inc
13962,oconee electric member corp
13963,oconomowoc city of
13964,Oconto Electric Cooperative
13965,uconto falls water&light comm
13966,olustee city of
13967,ocracoke electric member corp
13971,City of Odessa - (MO)
13972,Offshore Systems Inc
13982,Ogden Projects Inc-Haverhill
13988,ogden projects inc-babylon
13989,California Resources Elk Hills LLC
13990,City of Ogden - (IA)
13993,oglesby city of
13994,Oglethorpe Power Corporation
13995,covanta energy inc
13997,ohio city village of
13998,Ohio Edison Co
14001,ogden energy group inc-warren
14006,Ohio Power Co
14012,ohop mutual light co
14013,Ohio State University
14015,Ohio Valley Electric Corp
14019,ohio valley transmission co
14022,oak city town of
14023,ogden energy group inc-stanisl
14027,okeelanta power lp
14030,Oklahoma State University
14046,Orion Power Operating Services
14054,oak creek town of
14055,pud no 1 of okanogan county
14057,okeene public works authority
14060,Ohio University
14062,oklahoma electric coop inc
14063,Oklahoma Gas & Electric Co
14068,Rio Nogales Power Project LP
14074,okanogan county elec coop inc
14075,ogden projects inc-wallingford
14077,Oklahoma Municipal Power Authority
14078,okalona city of
14081,Onondaga Cogeneration LP
14084,old dominion power co
14088,oliver-mercer elec coop inc
14103,olive hill city of
14107,olivia city of
14109,oregon trail el cons coop inc
14112,Outagamie County
14124,olyphant borough of
14125,oneida-madison elec coop inc
14127,Omaha Public Power District
14132,City of Onawa
14137,ONEOK Power Marketing Co
14138,onida city of
14146,opelika city of
14147,opelousas city of
14149,OLS Energy-Camarillo
14151,opp city of
14154,orange & rockland utils inc
14155,Orange County Sanitation Dist
14156,ontonagon county r e a
14159,orange city city of
14160,orange county rural e m c
14164,City of Orangeburg - (SC)
14165,NRG Power Midwest LP
14166,orient city of
14167,Oregon Energy LLC
14170,Orcas Power & Light Co
14171,orion power holdings inc
14172,City of Ord - (NE)
14173,Oroville Cogeneration LP
14174,tri-county electric assn inc
14175,tri-county electric coop inc
14176,orlando city of
14177,oswego harbor power llc
14178,p k m electric coop inc
14179,plymouth electric coop assn
14181,Orion Power Holdings Inc
14182,Sterling Power Partners LP
14184,Orlando CoGen Ltd LP
14185,Orion Power Holding of New Yor
14186,orlando city of
14190,opal springs hydroelectric
14191,South Feather Water and Power Agency
14192,osage valley elec coop assn
14194,City of Orrville - (OH)
14196,ortonville city of
14198,price municipal corp
14199,City of Osage City - (KS)
14201,City of Osage - (IA)
14202,osceola electric coop inc
14203,City of Osawatomie - (KS)
14206,Orion Power Atlantic LTD
14207,Orion Power Holdings Inc
14209,Ceredo Generating Station
14214,City of Osborne - (KS)
14216,City of Osceola - (AR)
14218,oxbow energy inc
14219,Orion Power Holdings-Newcastle
14220,oyster creek ltd
14222,Oswego County
14224,otero county electric coop inc
14229,City of Ottawa - (KS)
14230,ottumwa waterworks & hydroelec
14232,Otter Tail Power Co
14234,ouzinkie city of
14235,Oswego Hydro Limited Partnership
14236,Ottumwa City of
14237,panama village of
14238,ouachita electric coop corp
14240,Oswego City of
14243,Owyhee Irrigation District
14245,overton power district no 5
14246,City of Owatonna - (MN)
14249,Oxbow Power-N Tonawanda NY Inc
14251,owen county rural el coop corp
14252,Oxy Vinyls LP
14254,Oxy Vinyls LP
14255,oxbow geothermal corp
14261,orleans village of
14265,OLS Energy-Chino
14266,TalenEnergy Susquehanna LLC
14267,otsego electric coop inc
14268,City of Owensboro - (KY)
14271,Otis Hydroelectric Co
14272,City of Owensville
14274,Otay Mesa Energy Center LLC
14275,uxford city of
14276,City of Oxford - (KS)
14277,Village of Oxford - (NE)
14285,ozark border electric coop
14286,Ouachita Operating Services LL
14288,ozark electric coop inc
14289,Ozarks Electric Coop Corp - (AR)
14293,Nalco Co
14294,PSEG Power New York Inc
14298,Odessa-Ector Power Partners LP
14306,Eagle 2 US LLC
14307,PSEG Lawrenceburg Engy Co LLC
14310,P H Glatfelter Co
14313,Ounalshka Corp
14318,Pacific West I
14323,Pacific Northwest Generating Coop
14324,pud no 2 of pacific county
14326,pacific penobscot power co
14328,Pacific Gas & Electric Co
14344,Pacific Lumber Co
14349,PPM Energy Inc
14353,pacific energy resources inc
14354,PacifiCorp
14356,pacific power & light co
14359,Pacific Recovery Corp
14362,Packaging Corp of America
14367,Pacific Ultrapower Chinese Sta
14369,PCA-Tomahawk Mill
14371,paducah city of
14372,Pacific Klamath Energy Inc
14373,page city of
14381,City of Painesville
14382,Peducah Energy LLC
14387,Paper Pak Industries
14395,Palm Springs City of
14396,palmetto city of
14397,panda power corp
14398,palmetto electric coop inc
14400,City of Palmyra - (MO)
14401,palo alto city of
14402,Palomar Energy LLC
14403,Panda Black Prairie LP
14405,Power Choice/Pepco Energy Serv
14410,"KMC Thermo, LLC"
14412,Gila River Power Station LP
14413,panda energy international
14415,panaca power & light co
14417,Panduit Corp
14420,paper pak industries
14424,panola-harrison elec coop inc
14426,uanhandle rural el member assn
14429,Panda Tallmadge Power LP
14431,Panda-Rosemary LP
14432,"Panther Creek Power Operating, LLC"
14433,City of Panora - (IA)
14435,paoli town of
14438,Perryville Energy Partners
14443,paragonah town of
14446,Paragould Light & Water Comm
14450,pacificorp power marketing inc
14451,pardeeville village of
14455,paris city of
14456,paris city of
14459,City of Paris - (KY)
14460,paris city of
14465,Park 500 Philip Morris USA
14468,peoples coop power assn
14471,parke county rural e m c
14472,park ridge borough of
14473,paton city of
14474,park river city of
14475,Panda Global Services
14489,parker city of
14500,park electric coop inc
14505,parkland light & water co
14512,parowan city corp
14519,Pasco County
14522,Pasco Beverage Co
14532,Pasco Cogen Ltd
14534,City of Pasadena - (CA)
14537,pascoag fire district
14539,Passaic Valley Water Comm
14543,tohono o'odham utility auth
14547,pb power development lp
14557,pee dee electric coop inc
14563,pearl river valley el pwr assn
14570,Palomar Medical Center
14577,City of Paullina
14581,paw paw village of
14582,City of Pawhuska - (OK)
14583,pawnee city of
14584,Pawtucket Power Associates LP
14585,paxton town of
14588,pataula electric member corp
14597,Algonquin Northern Maine
14599,paulding-putman elec coop inc
14600,Payson City Corporation
14602,pea river electric coop
14605,City of Peabody - (MA)
14606,peace river electric coop inc
14610,Orlando Utilities Comm
14612,Peace River Station LLC
14624,PUD No 2 of Grant County
14626,pedernales electric coop inc
14628,Pecos Wind I LP
14629,Pecos Wind II LP
14632,Pegasus Power Partners LLC
14633,pedro bay village council
14634,pedricktown cogeneration lp
14635,Peace Valley Generation Co LLC
14641,pacific hydropower co
14645,City of Pella - (IA)
14648,pemberton borough of
14649,planters electric member corp
14650,pemberville village of
14653,PUD No 1 of Pend Oreille County
14655,Dynegy Operating Co
14656,City of Pender - (NE)
14659,pendleton town of
14661,Pekin Paperboard Co LP
14668,peninsula light co
14669,Pembroke Hydro Associates Limited Ptnrsp
14677,penn power energy inc
14685,Pelzer Hydro Co Inc
14687,Penn Power Systems
14700,penn yan village of
14711,Pennsylvania Electric Co
14712,pemiscot-dunklin elec coop inc
14715,pp&l inc
14716,Pennsylvania Power Co
14717,pee dee electric member corp
14719,pennsylvania state university
14724,pennyrile rural elec coop corp
14728,penobscot energy recovery co
14729,pennsylvania windfarms inc
14762,Pensacola Christian College
14768,Palm Beach Power Corp
14771,pud no 1 of asotin county
14775,peoples electric coop inc
14788,people's electric corp
14792,perkasie borough of
14794,Pepperell Paper Co Inc
14795,Perdue Agribusiness
14806,perry city of
14811,Phillips Alaska Inc
14829,perry city of
14832,perryville village of
14839,City of Peru - (IN)
14840,City of Peru - (IL)
14841,peterson city of
14852,Peter Pan Seafoods
14856,Petersburg Borough - (AK)
14857,pitt & greene elec member corp
14864,petit jean electric coop corp
14867,petoskey city of
14876,FPL Energy Cape LLC
14895,pdi operations inc
14897,Phelps Dodge Chicago Rod
14903,PPL Maine LLC
14925,Phelps Dodge Refining Corp
14928,Pfizer Inc
14932,US Operating Services Company
14933,PG&E Operating Service Co. - C
14937,pg energy services inc
14938,Phelps Dodge Corp-Hidalgo
14940,peco energy co
14945,philadelphia village of
14947,philadelphia city of
14952,ConocoPhillips
14953,phibro power llc
14954,philippi city of
14956,Phillips Alaska Inc
14966,Pharmacia Corp
14979,Phillips Petroleum Co
14989,Freeport McMoRan Inc
14994,phibro inc
14995,Pinetree Power Fitchburg Inc
14997,Pic Energy Services
15005,Pickering Environ Consultants
15006,Phelps Dodge Mining Co
15016,pickwick electric coop
15022,piedmont city of
15023,piedmont electric member corp
15026,pinnacle west capital corp
15028,piedmont municipal power agny
15033,Pierce Power LLC
15034,pierce-pepin electric coop
15039,pierce city of
15040,pierre city of
15041,pierz city of
15043,City of Piggott - (AR)
15045,pike county light & power co
15046,pikeville town of
15048,electrical dist no2 pinal cnty
15049,electrical dist no4 pinal cnty
15050,electrical dist no5 pinal cnty
15051,pine bluffs city of
15054,pioneer rural elec coop inc
15056,pinedale power & light co
15058,pinetops town of
15062,pineville town of
15064,Pinetree Power Inc
15065,Pinellas County Solid Waste
15072,pioneer city of
15073,pioneer electric coop inc
15075,pioche city of
15085,Pinetree Power Tamworth Inc
15086,pioneer power & light co
15090,PIMA County Wastewater Manage
15095,City of Piqua - (OH)
15104,pitcairn borough of
15112,Plymouth Cogeneration LP
15114,"Pittsfield Generating Company,  LP"
15116,pittsboro town of
15127,Placer County Water Agency
15129,plains elec gen&trans coop inc
15132,City of Plainview - (NE)
15134,plankinton city of
15136,Pleasants Energy LLC
15137,Plaquemine City of
15138,platte-clay electric coop inc
15141,plateau electric coop
15142,Plains End Operating Services LLC
15143,Platte River Power Authority
15145,plattsburgh city of
15147,PSEG Fossil LLC
15151,pleasant hill city of
15158,PPL University Park LLC
15159,plymouth city of
15161,Plymouth Energy LLC
15162,PPL Upper Hanover LLC
15163,Plummer Forest Products
15164,PG&E Dispersed Geng Co LLC
15165,platt midwest statutory trust
15166,pocahontas rural electric coop
15173,Placid Refining  Co LLC
15174,Freeport McMoRan Oil & Gas
15175,pointe coupee elec member corp
15177,plum street energy market co
15180,City of Pocahontas - (IA)
15181,power development assoc llc
15182,polaris power group
15188,polk county rural pub pwr dist
15197,Polk Power Partners LP
15201,pomona city of
15202,City of Ponca City
15203,plymouth village of
15208,Ponderosa Pine Energy LLC
15211,pontotoc electric power assn
15213,Pontook Operating LP
15222,"Ponnequin Acquisitions, LLC"
15229,City of Poplar Bluff - (MO)
15230,Mirant Portage County LLC
15231,port angeles city of
15237,PCS Nitrogen LP
15246,City of Portland - (MI)
15247,posdef power co lp
15248,Portland General Electric Co
15253,Power City Partners LP
15254,portland general exchange inc
15257,"poudre valley r e a, inc"
15262,Potlatch Land and Lumber LLC
15263,Potomac Edison Co
15270,potomac electric power co
15274,Potomac Power Resources
15276,TalenEnergy Martins Creek LLC
15282,Power Industry Consultants PIC
15284,powertec international llc
15286,Marco Power Inc
15291,prairie energy coop
15293,Powell Valley Electric Coop
15294,powell city of
15296,New York Power Authority
15297,plummer city of
15298,Talen Montana LLC
15300,Power Resources Ltd
15301,ppl great works llc
15305,the power co of america lp
15308,plumas-sierra rural elec coop
15309,p r & w electric coop assn inc
15311,prague public works authority
15312,prairie du sac village of
15315,Prairie Gen LP
15317,prairie power coop inc
15320,Praxair Inc
15321,City of Pratt- (KS)
15322,PPL Shoreham Energy LLC
15327,pud no 1 of wahkiakum county
15329,PPL Sundance Energy LLC
15330,Prairie State Generating Co LLC
15334,prentiss county elec pwr assn
15336,prescott city of
15337,prescott city of
15338,PPL Hatfield LLC
15340,presque isle electric coop inc
15343,Portside Energy Corp
15344,polk-burnett electric coop
15346,polk village of
15348,Preston Public Utilities Comm
15349,City of Preston
15352,prague village of
15356,price electric coop inc
15359,Primary Childrens Medical Ctr
15361,preston electric co
15365,primary energy
15371,Town of Princeton - (MA)
15375,Procter&Gamble Paper Products Co-Oxnard
15377,City of Primghar - (IA)
15380,Prince George's County
15381,Progress Genco Ventures LLC
15382,Prime Energy LP
15384,princeton city of
15385,princeton city of
15386,princeton city of
15387,Princeton Public Utils Comm
15388,City of Princeton - (IL)
15394,Procter & Gamble Ppr Prdts Co
15398,procter & gamble paper product
15399,Avangrid Renewables Inc
15400,Procter & Gamble Co
15401,aes corp
15402,aes corp
15403,aes corp
15404,Procter & Gamble Mfg Co KCSOAP
15410,prince george electric coop
15419,pud no 3 of mason county
15425,proliance energy llc
15426,"progress power marketing, inc"
15430,Detroit Renewable Power
15432,prospect corp
15433,prosperity town of
15434,Project Orange Associates LP
15436,protection city of
15440,Providence City of
15443,providence city of
15444,Provo City Corp
15452,PSEG Power Connecticut LLC
15458,TalenEnergy Holtwood LLC
15460,proctor public utilities comm
15461,PPL West Earl LLC
15462,pryor city of
15465,PSEG Morristown Energy Co LLC
15466,Public Service Co of Colorado
15470,"Duke Energy Indiana, LLC"
15472,Public Service Co of NH
15473,Public Service Co of NM
15474,Public Service Co of Oklahoma
15476,PPL Wallingford Energy LLC
15477,Public Service Elec & Gas Co
15478,PSEG Nuclear LLC
15491,PDC-El Paso Meriden LLC
15493,Putnam Energy Center LLC
15494,pei power ii llc
15497,puerto rico electric pwr auth
15500,Puget Sound Energy Inc
15501,PPL Eden LLC
15504,pukwana light & power co
15507,pulaski city of
15509,Pure Resources
15515,purcell city of
15519,"Puyallup Energy Recovery Company, LLC"
15522,PG&E Dispersed Geng Co LLC
15526,Purdue University
15530,ppl global llc
15531,pg&e energy services
15534,TalenEnergy Montour LLC
15537,Brunner Island LLC
15541,quakertown borough of
15564,"qst energy trading, inc"
15566,quincy city of
15567,quest energy llc
15573,quitman city of
15574,Questar Gas Management Co
15577,PSEG Waterford Energy LLC
15580,qst energy inc
15591,R J Reynolds Tobacco Co
15593,riceland electric coop inc
15597,Riceland Foods Inc.
15609,Rabun Apparel Inc
15616,rainy river energy corporation
15619,City of Radford
15621,radiant electric coop inc
15630,
15642,Ramapo Energy Ltd Partnership
15665,randall city of
15671,randolph electric member corp
15672,ralls county electric coop
15674,randolph city of
15686,Village of Rantoul - (IL)
15694,Rapidan Redevelopment LLC
15698,Raton Public Service Company
15700,rayle electric membership corp
15708,"Rathdrum Operating Services Co., Inc."
15710,Rapids Energy Center
15711,rainbow energy marketing
15718,readsboro town of
15726,Rayonier Advanced Materials
15728,City of Rayne
15734,NRG Energy Center San Diego LLC
15743,Frito-Lay Inc
15746,red river valley rrl elec assn
15748,reading town of
15750,redwood electric coop
15751,readlyn city of
15770,red bluff wtr pwr control dist
15771,ree electric coop inc
15772,City of Red Bud - (IL)
15773,City of Red Cloud - (NE)
15776,Reedy Creek Improvement Dist
15778,red springs town of
15783,City of Redding - (CA)
15787,Redlands Water & Power Company
15790,Reliant Energy Bighorn LLC
15793,Redwood Falls Public Util Comm
15795,William G. Reed Jr
15799,republic gypsum co
15804,reedsburg utility comm
15811,rich mountain elec coop inc
15818,Reliant Energy Renewables Inc
15824,Ecomaine
15830,RRI Energy Mandalay Inc
15832,RAMCO Inc
15836,"RRI Energy Etiwanda, Inc."
15843,Reliant Energy Power Ops I Inc
15844,RRI Energy Coolwater LP
15845,renville-sibley coop pwr assn
15846,remsen city of
15849,reliant energy inc
15850,RRI Energy Ellwood Inc
15851,Reliant Energy Arrow Canyon
15853,Reliant Energy Indian Riv LLC
15860,City of Rensselaer - (IN)
15862,renwick city of
15864,Reliant Energy NJ Holding LLC
15865,republic city of
15873,GenOn Northeast Management Company
15875,Reliant Energy MD Holdings LLC
15880,CenterPoint Energy Svs.
15881,Reliant Energy Signal Peak LLC
15885,Reliant Energy Hunterstown LLC
15898,reynolds metals co
15906,Reunion Power
15908,NRG California South LP
15912,Resource Technology Corp
15917,Presence Health
15923,pond creek city of
15927,Rhodia Inc
15931,Rhone-Poulenc Inc
15934,Ridgewood Providence Power PLP
15936,rhoads energy corp
15938,rice lake city of
15941,Rice University
15942,sherrard power system inc
15943,City of Rich Hill
15945,rhoden investments
15950,Raquette Hydro Power Ltd
15951,Ridgewood Maine Hydo Partnersh
15967,r s r electric coop inc
15978,richland center city of
15979,richland city of
15981,richland city of
15982,richlands town of
15983,richland electric coop
15984,richmond city of
15986,Rio Bravo Fresno
15988,Reliant Energy Channelview LP
15989,City of Richmond - (IN)
15991,richmondville village of
15998,Reliant Energy Seward LLC
16001,Rhode Island Hospital
16002,Rio Bravo Poso
16003,Ridgewood/Elmsford Power PLP
16007,Ridgewood/Mass Power PLP
16008,Ridge Energy Stor&Grid Serv LP
16011,Ridge Generating Station LP
16020,Ridgewood/Byron Power PLP
16022,reynolds village of
16023,rideta electric coop inc
16024,Riverwood Intl USA Inc
16027,ridge crest wind partners llc
16028,ri hope energy lp
16031,Riverside Canal Power Co Inc
16040,riviana foods inc
16045,Riverside County Waste Management Dept
16049,Reliant Energy Oseola LLC
16057,rio grande electric coop inc
16060,riverland energy coop
16061,Rio Bravo Jasmin
16062,ripley city of
16063,rita blanca electric coop inc
16064,Graphic Packaging International
16068,rising sun city of
16070,Rio Blanco Water Conserv Dist
16073,Riverview Energy Systems
16077,Rio Bravo Rocklin
16082,City of River Falls
16088,City of Riverside - (CA)
16092,riverton village of
16093,riverton valley elec assn inc
16098,"Rio Grande Valley Sugar Growers, Inc."
16099,Rock-Tenn Co
16101,roanoke electric member corp
16105,"riverdale, city of"
16113,robersonville city of
16124,Riverside Generating Co LLC
16135,robinson city of
16140,robertsdale city of
16146,navasota valley elec coop inc
16164,roosevelt public power dist
16168,rock creek i
16175,City of Robstown
16176,Roche Vitamins
16179,Rochelle Municipal Utilities
16181,Rochester Public Utilities
16182,rochester electric lgt&pwr co
16183,Rochester Gas & Electric Corp
16185,Rock Creek Ltd
16190,Sappi Fine Paper North America-Somerset
16191,Robbins Lumber Inc
16195,rock hill city of
16196,rock energy cooperative
16197,Rocky Road Power LLC
16198,City of Rock Falls - (IL)
16203,Rock-Tenn
16204,Rock River Energy LLC
16206,Rock Rapids Municipal Utility
16207,Rocky Mount Mills
16211,City of Rockford- (IA)
16213,rockland electric co
16214,Rolling Hills Generating LLC
16217,Village of Rockville Centre - (NY)
16219,rockville town of
16223,rockwood city of
16226,rocky mount city of
16233,Heorot Power Management
16236,rome city of
16238,Rocky Mountain Energy Ctr LLC
16245,Rollling Hills Landfill LLC
16259,rolla city of
16269,roodhouse city of
16273,roosevelt irrigation district
16284,roseau electric coop inc
16285,Roseau City of
16286,rosebud electric coop inc
16294,Roseburg Forest Products Co
16295,City of Roseville - (CA)
16325,rouses point village of
16368,runestone electric assn
16375,royalton borough of
16377,rowley town of
16380,RTC Properties Inc
16382,rural electric coop inc
16387,Rumford Power Associates LP
16397,Rowan University
16415,Rumford Cogeneration Co
16416,rupert city of
16419,rural electric co
16420,rural electric conven coop
16423,rush county rural e m c
16427,Rushford City of
16438,russell city of
16440,City of Russell - (KS)
16441,Rupert Cogeneration Partn Ltd
16443,rushmore electric power coop
16447,RS Cogen
16451,rushmore city of
16458,russellville city of
16459,russellville city of
16461,rusk county electric coop inc
16462,ruston city of
16463,City of Ruston
16487,ryan town of
16490,Ryegate Associates
16496,rutherford elec member corp
16498,SFR Hydro Cor
16502,S&L Cogeneration Co
16504,Salk Institute
16506,Salinas River Cogeneration Co
16509,s w e c llc
16510,STEAG Power LLC
16511,sac-osage electric coop inc
16518,City of Sabetha - (KS)
16524,sabine river authority of la
16525,sabine river authority of tx
16528,sabula city of
16529,sac county rural electric coop
16534,Sacramento Municipal Util Dist
16535,sacamento co-generation auth
16537,Safe Harbor Water Power Corp
16538,safford city of
16544,Saint - Gobain Abrasives Inc
16546,Sacramento County of Dpt Waste
16548,St Francis Hospital
16549,salamanca city of
16553,Saguaro Power Co
16555,salem city of
16557,salem city corp
16558,City of Salem - (VA)
16559,salem city of
16560,City of Salisbury - (MO)
16561,sallisaw city of
16565,salmon river electric coop inc
16568,SB Geo Inc
16572,Salt River Project
16578,Saint Agnes Medical Center
16579,Santa Maria Cogeneration Inc
16580,Salton Sea Power Generatn LP 1
16581,Salton Sea Power Generatn LP 2
16583,San Antonio Regional Hospital
16586,"Samoa Pacific Cellulose, LLC"
16587,salt river rural el coop corp
16603,san luis valley r e c inc
16604,City of San Antonio - (TX)
16605,san augustine city of
16606,santee electric coop inc
16607,u s alliance corp
16609,San Diego Gas & Electric Co
16610,city of scribner
16611,s e iowa coop electric assn
16612,City & County of San Francisco
16613,sam houston electric coop inc
16615,San Diego Port
16616,san isabel electric assn inc
16620,San Joaquin Valley Energy Center
16622,San Miguel Power Assn Inc
16624,"San Miguel Electric Coop, Inc"
16625,San Diego State University
16627,san patricio electric coop inc
16628,Sanborn City of
16629,sand mountain electric coop
16630,San Gorgonio Farms Inc
16633,santa rosa energy llc
16636,Sargent Canyon Cogeneration Co
16637,sandersville city of
16638,san bernard electric coop inc
16647,sanger city of
16648,city of santa clara
16649,sangre de cristo elec assn inc
16653,Sappi Cloquet LLC
16655,City of Santa Clara - (CA)
16657,San Jose/Santa Clara Water P C
16667,City of Sargent - (NE)
16668,Sabine Cogen LP
16674,satilla rural elec member corp
16679,sauk centre city of
16680,sauk city city of
16685,sargeant city of
16687,Savannah Electric & Power Co
16694,Sauder Woodworking Co
16699,seward city of
16704,San Gorgonio Windplant
16707,seymour city of
16713,Santa Fe Irrigation District
16719,S D Warren Co
16721,S D Warren Co.- Westbrook
16723,Schering Corp
16727,Salton Sea 4/Fish Lake Pwr Gen
16729,Saranac Power Partners LP
16732,San Jose State University Fclts Dev &Ops
16740,scenic rivers energy coop
16751,three rivers electric coop
16759,sheridan electric coop inc
16764,City of San Diego
16765,schulenburg city of
16778,schuyler city of
16779,Schweitzer-Maudit Intl Inc
16780,schuylkill haven borough of
16788,scotland neck town of
16793,Schuylkill Energy Resource Inc
16799,San Joaquin Cogen Ltd
16805,scott-new madrid-ms elec coop
16814,Scrubgrass Generating Company LP
16821,sam rayburn municipal pwr agny
16827,south fork ii inc
16829,scottsboro city of
16830,scottsburg city of
16834,scranton city of
16835,Sea World of California
16839,Seneca Power Partners LP
16840,sempra energy solutions
16845,shickley village of
16851,se-ma-no electric coop
16852,City of Seaford
16853,st clair borough of
16854,sekan electric coop assn inc
16864,Seaside Heights Municipal Utility
16865,sawnee electric member corp
16868,City of Seattle - (WA)
16873,City of Sebewaing - (MI)
16875,SE Hazelton A Ltd Partnership
16876,savonburg city of
16877,sebring utilities comm
16885,Sempra Energy Resources
16886,Second Imperial Geothermal Co
16899,SERRF Joint Powers Authority
16900,seguin city of
16905,seneca hydroelectric co inc
16909,Selkirk Cogen Partners LP
16912,sei texas lp
16914,selma town of
16920,sedgwick cnty el coop assn inc
16921,City of Seneca - (SC)
16922,seneca city of
16929,SEMASS Partnership
16930,sequachee valley electric coop
16932,sergeant bluff city of
16935,CHI Energy Inc-Theresa
16949,sevier county
16950,severance city of
16951,seville village of
16953,seward city of
16954,seward county rrl pub pwr dist
16955,City of Seward - (AK)
16959,seymour city of
16961,seymour city of
16965,"scana energy marketing, inc"
16968,Simplot Phosphates LLC
16971,shakopee public utilities comm
16988,City of Sharon Springs - (KS)
16989,select energy
16990,Sheep Creek Hydro Inc
16992,stanton city of
16993,shawmut bank
16997,Shasta Hydroelectric Inc
17004,sharpsburg city of
17008,sharyland utilities lp
17011,shawano municipal utilities
17020,Shell Exploration & Prod Co
17022,shell offshore inc
17028,sheboygan falls city of
17033,sheffield city of
17035,City of Shelbina - (MO)
17037,shelby city of
17038,shelby county rural e m c
17040,shelby electric coop
17042,Shelby Power I LLC
17043,City of Shelby - (OH)
17044,shelby rural elec coop corp
17045,sharon city of
17046,shelby city of
17047,shelbyville city of
17052,Shell Chemical LP
17058,Shell Wind Energy Inc.
17060,shell renewables
17061,shell gas pipeline co
17062,Shenango Inc
17066,shenandoah valley elec coop
17069,Shepherd Center
17074,shelly city of
17079,sherburne village of
17085,sherrill city of
17097,sheridan-johnson rrl elec assn
17098,shiloh village of
17101,shiner city of
17105,Sherman Hospital
17106,Sho-Me Power Electric Coop
17120,shoshone river power inc
17127,Town of Shrewsbury - (MA)
17129,Shreveport-Bossier Port of
17130,shullsburg city of
17139,Shell Oil Co-Deer Park
17141,City of Sibley - (IA)
17145,Sid Richardson Carbon Ltd
17146,sheyenne valley elec coop inc
17149,City of Sidney - (NE)
17150,Shorock Hydro Inc
17164,Sierra Pacific Industries Inc
17166,Sierra Pacific Power Co
17177,City of Sikeston - (MO)
17184,siloam springs city of
17186,silver springs village of
17191,Simplot Leasing Corp
17202,Simon Industries Inc
17207,Simkins Industries Inc
17219,Simpson Paper Co
17235,NRG REMA LLC
17252,singing river elec power assn
17254,Sithe/Independence LLC
17256,Exelon New England Holdings LL
17257,sithe new jersey holdings llc
17259,Resurrection Medical Center
17260,north west rural elec coop
17261,slope electric coop inc
17264,sioux center city of
17265,sioux falls city of
17267,sioux valley energy
17271,City & Borough of Sitka - (AK)
17272,Sissonville Ltd Partnership
17279,pud no 1 of skamania county
17280,skaneateles village of
17282,sithe pennsylvania holding llc
17283,Seneca Energy II
17286,skiatook town of
17287,skygen energy llc
17288,Sky River LLC
17290,slash pine elec member corp
17297,sithe power marketing lp
17312,slater city of
17320,Sleepy Eye Public Utility Comm
17321,Slate Creek Hydro Assoc LP
17324,slinger village of
17329,Allegheny Hydro No 9 L P
17330,Walter Coke
17337,smethport borough of
17345,Small Hydro of Texas Inc
17355,Oklahoma Cogeneration LLC
17368,smartenergy inc
17373,Smith Falls Hydropower
17412,County of Sonoma Dept of Trnsp
17423,Soda Lake Ltd Partnership
17424,solid waste auth-central ohio
17427,Smurfit-Stone Container Corp
17437,smithtown energy partners lp
17445,Solid Waste Authority of Palm Beach Co
17449,Smithfield Farmland Corp.
17451,smithfield town of
17452,smithville city of
17453,smithville city of
17454,smoky hill elec coop assn inc
17457,smyrna town of
17460,South Oak Hospital
17465,WestRock-West Point Mill
17470,PUD 1 of Snohomish County
17479,Smurfit Newsprint Corp
17483,SRW Cogeneration LP
17492,socorro electric coop inc
17493,soda springs city of
17496,
17497,snyder city of
17512,solvay village of
17513,Southern California P P A
17515,Somerset Windpower  LLC
17518,sonoco hutchinson llc
17520,somerville city of
17534,south alabama elec coop inc
17535,south beloit water gas&elec co
17539,South Carolina Electric&Gas Company
17540,south central ark el coop inc
17542,Sonoco Products Co
17543,South Carolina Public Service Authority
17548,south central public pwr dist
17549,south jersey energy co
17550,south central electric assn
17553,south coffeyville city of
17554,"South Carolina Genertg Co, Inc"
17555,South Eastern Elec Devt Corp
17557,south fork resources inc
17559,sonat power mkt'g limited
17560,south hadley town of
17561,south plains electric coop inc
17562,south haven city of
17564,south kentucky rural e c c
17565,south louisiana elec coop assn
17566,South Houston Green Power LLC
17568,South Mississippi El Pwr Assn
17569,City of South Norwalk
17571,south river borough of
17572,south river elec member corp
17573,South San Joaquin Irr District
17574,southeastern michigan rec inc
17576,south side electric lines inc
17577,south sioux city city of
17578,South Orange Co Wastewtr Auth
17583,"South Texas Electric Coop, Inc"
17584,South Point Energy Center LLC
17585,southeastern il elec coop inc
17588,south vienna corporation
17589,south whitley town of
17592,southeast colorado power assn
17593,southeast electric coop inc
17594,Southeast Missouri State Univ
17599,southeastern indiana r e m c
17603,southeastern electric coop inc
17604,Southern Minnesota Beet Sugar
17607,South Glens Falls Energy LLC
17609,Southern California Edison Co
17610,SP Fiber Technologies LLC
17611,Southern Calif Sunbelt Devel
17612,Southern California Water Co
17622,southern electric generatg co
17623,southern energy retail t&m inc
17627,South Forks Joint Venture
17631,southern illinois elec coop
17632,Southern Illinois Power Coop
17633,Southern Indiana Gas & Elec Co
17637,southern maryland el coop inc
17638,Southaven Operating Servs LLC
17642,southern nebraska rural p p d
17643,southern iowa elec coop inc
17646,southern pine elec coop inc
17647,southern pine elec power assn
17650,Southern Power Co
17651,southwest power llc
17664,Spartanburg Commissioners PW
17668,southport city of
17669,southern energy ca potrero llc
17671,southwest arkansas e c c
17679,South Glens Falls LP
17681,southwest rural elec assn inc
17683,southwest mississippi e p a
17684,southwest louisiana e m c
17690,SOWEGA Power LLC
17692,southwest public power dist
17693,southwest texas elec coop inc
17694,southwest tennessee e m c
17697,Southwestern Electric Coop Inc - (IL)
17698,Southwestern Electric Power Co
17699,southwestern electric serv co
17706,southwest iowa service coop
17711,Solano County
17713,southwestern minnesota coop el
17714,southern energy trd'g & mkt'g
17715,southwestern electric coop inc
17716,southwestern power admin
17718,Southwestern Public Service Co
17722,Southeast Chicago Energy Proj.
17723,South Florida Cogen Associates
17725,Snow Mountain Hydro LLC
17727,Village of Spalding - (NE)
17729,Solutia Inc-Chocolate
17732,spanish fork city corp
17740,sparta city of
17749,southern nuclear oper co llc
17754,summerfield town of
17766,Southern Energy Co
17771,Specialty Minerals Inc
17783,City of Spencer - (IA)
17787,spencer city of
17789,spencerport village of
17790,spiceland town of
17795,CenturyLink Regional HQ
17802,spiro city of
17808,spokane water division
17811,spooner city of
17823,spring grove city of
17824,Spring Valley Pub Utils Comm
17826,"Springer Electric Coop, Inc"
17827,springer town of
17828,City of Springfield - (IL)
17829,springfield city of
17832,snapping shoals el member corp
17833,City Utilities of Springfield - (MO)
17834,City of Springfield - (CO)
17836,Springfield Public Utils Comm - (MN)
17837,spink electric coop inc
17838,spoon river electric coop inc
17839,springfield city of
17844,spring city corp
17845,City of Springville - (UT)
17846,springville village of
17856,springerville power llc
17858,square butte electric coop inc
17860,st charles city of
17862,City of St Charles - (MN)
17865,st clairsville city of
17867,st cloud city of
17868,st croix county electric coop
17872,City of St Francis - (KS)
17874,City of St George
17876,City of St James - (MN)
17877,st james city of
17879,City of St. John - (KS)
17881,St Joseph Light & Power Co
17882,smoky valley el coop assn inc
17886,City of St Louis - (MI)
17887,St Joseph's Hospital
17888,st francisville energy llc
17889,st martinville city of
17891,City of St Marys - (OH)
17894,st marys city of
17896,shasta dam area pub util dist
17897,St Mary's Hospital
17898,st paul city of
17899,st paul city of
17900,Saint Peter Municipal Utils
17902,"Somersworth Hydro Company, Inc."
17918,st robert city of
17919,St John's Riverside Hospital
17924,City of Stafford - (KS)
17927,St Vincent's Medical Center
17945,St Mary's Hospital
17946,City of Stanberry - (MO)
17949,springfield water & sewer comm
17950,stockton cogen co
17956,chevrontexaco corp
17966,stamford electric coop inc
17969,stand energy corporation
17976,STS HydroPower Ltd-Ada Dam
17977,statewide electricity coop llc
17979,stanton county public pwr dist
17981,stantonsburg town of
17983,staples city of
17999,state street bank & trust co
18000,State of Rhode Island
18004,starke city of
18006,starkville city of
18007,Starwood Hotels & Resorts
18009,state of alaska
18012,l s starrett co
18014,City of State Center - (IA)
18016,State Farm Mutual Auto Ins Co
18019,stearns coop electric assn
18020,Starrett City Inc
18022,statesville city of
18028,State of Wisconsin
18031,Steamboat Development Corp
18035,Stillwater Hydro Partners LP
18039,steamboat envirosystems llc
18041,State Line Energy LLC
18045,steelville city of
18047,steele-waseca coop electric
18049,Still Pines Energy LLC
18050,State Farm Mutual Auto Ins Co
18051,steilacoom town of
18056,star group ie geothermal partn
18059,Star Group Stillwater I
18063,stephen city of
18065,Smithfield Farmland Corp-Wilson
18074,stephenson city of
18085,south central power co
18086,City of Sterling - (KS)
18087,sterling town of
18100,steuben county rural e m c
18102,steuben rural elec coop inc
18121,Stillwater Associates
18125,Stillwater Utilities Authority
18126,stilwell city of
18129,stratton city of
18137,City of Stockton - (KS)
18142,stillwater power
18147,RockTenn-Hopewell
18153,RockTenn-Uncasville
18154,stone container corp
18155,Westrock (LA)
18157,WestRock Corp-Panama City
18158,RockTenn CP LLC Coshocton
18162,WestRock-Florence
18163,Stora Enso North America
18165,stonington & deer isle pwr co
18166,Sun Trust Plaza Associates LLC
18174,storm lake power partners ii l
18177,City of Story City - (IA)
18181,stoughton city of
18189,Sun Premium Paper Advisors LLC
18190,"Mas Suffolk RNG, LLC"
18193,strategic energy limited
18194,STS Hydropower Ltd
18195,Southern Co Services Inc
18199,swisher electric coop inc
18200,stratford village of
18201,stratford city of
18203,tallapoosa river elec coop inc
18204,City of Strawberry Point
18205,Strawberry Water Users Assn
18206,strawberry electric serv dist
18210,sun offshore gathering co
18214,Swanmill Windfarm I
18217,stromsburg city of
18224,stroud city of
18230,City of Stuart - (NE)
18231,City of Stuart - (IA)
18232,STS HydroPower Ltd-Schoolfield Dam
18236,Summer Shade Devt Co LLC
18249,sturgeon bay combined utils
18250,straughn town of
18252,City of Sturgis
18260,Surprise Valley Electrification
18273,sullivan city of
18274,sullivan county rural e m c
18277,City of Sullivan - (IL)
18280,sulphur springs valley e c inc
18282,sumas city of
18284,summerhill borough of
18301,City of Sumner - (IA)
18304,sumter electric coop inc
18305,sumter electric member corp
18311,Summit Property Co LLC
18312,sun prairie water & light comm
18313,Suncook Energy LLC
18315,Sunflower Electric Power Corp
18316,sumner-cowley elec coop inc
18319,Sumpter Energy Associates
18320,Sunrise Power Co LLC
18323,Toledo Refining Company
18325,Sunset Energy Fleet LLC
18326,Sunray Energy Inc
18329,sunoco power marketing llc
18330,superior city of
18335,Sumas Energy 2 Inc
18336,superior water light&power co
18337,Sunnyside Cogen Partners
18339,surry-yadkin elec member corp
18340,PES
18344,Susquehanna Electric Co
18348,Veolia Glacier Ridge Landfill LLC
18350,Sutherland City of
18354,sutton city of
18360,suwannee valley elec coop inc
18368,swans island electric coop inc
18371,Village of Swanton - (VT)
18383,taylor county electric coop
18384,sweetwater city of
18385,svilar light & power inc
18389,Sweetheart Cup Owings Mills
18390,Sycamore Cogeneration Co
18393,sycamore city of
18395,sylacauga city of
18397,sylvania city of
18401,sun river electric coop inc
18403,sylvester city of
18408,syracuse city of
18410,Synergics Inc
18414,TES Filer City Station LP
18415,STS HydroPower Ltd-Cascade Dam
18419,STS HydroPower Ltd-French LDam
18426,talbot elect membership coop
18428,talmage village of
18429,City of Tacoma  - (WA)
18433,tahlequah public works auth
18436,"Ampersand Tannery Island Hydro, LLC"
18437,Tampa City of
18443,tapoco inc
18445,City of Tallahassee - (FL)
18446,t i p rural electric coop
18447,tallahatchie valley e p a
18448,tanner electric coop
18449,talquin electric coop inc
18452,Turner Properties Inc
18454,Tampa Electric Co
18456,tarentum borough of
18458,STI Capital Co
18461,Tamarack Energy Partners
18466,tarboro town of
18472,tarrant city city of
18474,tanana power co inc
18480,tatitlek electric utility
18483,Tampa Wastewater Department
18488,City of Taunton
18497,taylor energy partners lp
18498,taylor county rural e c c
18499,three notch elec member corp
18509,tbg cogen partners
18516,teche electric coop inc
18518,Tenaska Gateway Partners Ltd
18521,teller power co
18524,tecumseh utility authority
18525,City of Tecumseh
18533,TPS Dell LLC
18535,Tenaska Georgia Partners LP
18538,tell city city of
18540,television city cogen lp
18541,City of Tenakee Springs
18546,templeton town of
18553,tennessee power company
18554,tennant city of
18555,Tenaska Indiana Partners LP
18556,Tenaska Alabama IV Partners LP
18562,tpc 4 inc
18564,"American Sugar Refining, Inc."
18569,Tenaska Virginia Partners LP
18574,USCE-Wilmington District
18587,Sierra Power Corp
18589,"rayburn country elec coop, inc"
18592,TPS McAdams LLC
18593,tenaska iv texas partners ltd
18606,mirant americas engy mrktg lp
18611,Tenaska Frontier Partners Ltd
18617,Tesoro Alaska Company LLC
18628,tipton city of
18635,tennessee eastman co
18642,Tennessee Valley Authority
18643,tennessee valley electric coop
18654,TEMBEC
18664,texas municipal power pool
18668,Tesoro Refining and Marketing Co LLC
18679,tex-la electric coop-texas inc
18680,texaco natural gas inc
18686,texaco energy services inc
18688,texas a & m university
18693,Texaco Exploration&Prod'n Inc
18706,texaco harvest pipeline co
18711,tnp technologies llc
18715,Texas Municipal Power Agency
18716,txu generation co llc
18760,"TPC Group, LLC"
18776,Texas Wind Power Co
18781,"tcc attala ol,llc"
18801,Thermo Power & Electric LLC
18804,Thermo Cogeneration Partner LP
18805,thatcher city of
18806,thayer city of
18808,Thermal Energy Dev Partner L/P
18813,theresa city of
18814,Thermo Greeley LLC
18820,City of Thief River Falls
18831,tenderland power co inc
18832,Tesoro Hawaii Corp
18834,Thomas Hodgson & Sons Inc
18835,Tenaska Alabama B LP
18836,The Bentech Group of DE Inc
18843,Thiele Kaolin Co
18844,Tenaska Arkansas Partners LP
18846,thurston village of
18847,thomaston city of
18848,thomasville city of
18850,Thorton Township School Dist
18853,Thompson Creek Energy LLC
18870,Thoroughbred Generating Statio
18875,tenneco packaging
18877,Thorne Bay City of
18887,thorntown city of
18895,Thumb Electric Coop of Mich
18901,thurmont municipal light co
18912,Thunder Bay Power Co LLC
18917,tillamook peoples utility dist
18919,Tillotson Rubber Co Inc
18921,thornapple assn inc
18933,city of timpson
18936,Timber Energy Resources Inc
18938,TIFD VIII-W Inc
18940,tipmont rural elec member corp
18941,tipp city city of
18942,tipton city of
18943,tippah electric power assn
18944,tontogany village of
18945,toronto city of
18947,City of Tipton - (IA)
18951,tishomingo county e p a
18954,trenton city of
18955,tri-county electric coop inc
18956,tri-county elec member corp
18957,tri-county elec member corp
18958,Titan Land Development Co LLC
18959,troy city of
18961,twin county electric pwr assn
18962,twin valley electric coop inc
18963,"Inside Passage Elec Coop, Inc"
18973,torco energy marketing
18976,trinity valley elec coop inc
18981,Thomson Corp
18986,THUMS Long Beach Company
18995,tenaska power services co
18996,tiverton power associates lp
18997,The Toledo Edison Co
19002,"CPV Towantic, LLC"
19003,Toltec Power Station LLC
19007,tombigbee electric power assn
19013,Topsham Hydro Partners
19016,tonopah irrigation district
19018,tpc 3/5 inc
19022,tongue river electric coop inc
19025,tonkawa city of
19027,tombigbee electric coop inc
19029,Toquop Energy Inc
19030,Tosco Refining Co
19032,torrington city of
19034,top o'michigan rural elec co
19037,Tower Kleber Ltd Partnership
19048,toledo bend project joint oper
19060,traverse electric coop inc
19062,City of Traer - (IA)
19063,"TPC 3/5,  Inc."
19068,"Colorado Energy Nations Company, LLC"
19073,TransCanada Power
19084,transalta centralia mining llc
19090,tractebel energy marketing inc
19091,GDF Suez NA - Hopewell
19093,transalta energy mktg corp
19096,TransAlta Energy Mktg(US) Inc
19099,TransAlta Centralia Gen LLC
19102,Transcontinental Gas PL Corp
19107,engie resources llc
19108,tideland electric member corp
19114,trempealeau village of
19119,transcanada power market'g ltd
19121,Trafalgar Power Inc
19125,City of Traverse City
19128,transcanada power div-engy ltd
19130,Trigen-Baca Operating Corp
19131,trinity county pub util dist
19137,trigen-cholla llc
19139,trempealeau electric coop
19143,Tri-State Power LLC
19144,SUEZ-DEGS of Ashtabula LLC
19145,"DTE Tuscola, LLC"
19148,Veolia Energy Trenton L.P
19149,trenton city of
19150,Trenton Municipal Utilities - (MO)
19153,Nassau Energy Corp
19154,tri-state electric member corp
19155,trillium corp
19156,tri-county electric assn inc
19157,tri-county electric coop
19158,tri-county electric coop assn
19159,tri-county electric coop inc
19160,tri-county electric coop inc
19161,tri-county electric coop inc
19162,tri-county elec member corp
19164,Trigen-Cinergy Solutions - Baltimore
19165,Trigen-Cinergy Solutions College Park
19166,Trigen-Cinergy Solutions Owing
19169,Trigen-Boston Energy Corp
19170,tri-county electric coop inc
19171,Trent Wind Farm LP
19172,Trigen-Philadelphia Engy Corp
19173,Colorado Energy Nations Company LLC
19174,tuolumne county pub power agny
19175,TPS-Arkansas Operations
19176,tri-county rural elec coop inc
19185,
19189,trico electric coop inc
19194,Syracuse Energy Corp
19198,"Trigen Inner Harbor East, LLC"
19204,City of Trinidad - (CO)
19216,Tropicana Products Inc
19219,troup county elec member corp
19220,twelvepole creek llc
19222,TRW Inc
19225,troy city of
19227,troy city of
19229,truckee donner pub util dist
19233,Trigen-Peoples Dist Energy Co
19236,troy city of
19237,Truman Public Utilities Comm
19245,"twin oaks power, lp"
19246,truth or consequences city of
19258,Tug Hill Energy Inc
19259,tucson gas & electric co
19264,Tulia City of
19266,tullahoma city of
19267,tuntutuliak comm svc assn
19272,Doyon Utilities - Fort Greely
19273,tupelo city of
19274,tupper lake village of
19281,Turlock Irrigation District
19282,turlock modesto irrigation dis
19287,Turners Falls Ltd Partnership
19293,turner-hutchinson el coop inc
19294,Turner Energy Center LLC
19306,TXU Pedricktown LP
19307,tuscumbia city of
19308,tuskegee city of
19314,Twin Falls Hydro Associates LP
19316,Two Elk Generation Partners LP
19320,twin falls canal co
19321,City of Two Harbors
19323,TXU Generation Co LP
19324,two rivers city of
19325,umatilla electric coop assn
19332,tyler city of
19333,tyndall city of
19344,udall city of
19351,U S Gypsum Co
19356,ultramar diamond shamrock corp
19363,University of M&D-New Jersey
19365,United States Sugar Corp
19370,United States Steel Corporation
19375,USCE-Savannah District
19379,USBIA-Wapato Irrigation Proj
19383,u s bank national assoc
19384,u s military academy
19389,upper missouri g&t el coop inc
19390,"UGI Utilities, Inc"
19391,UGI Development Co
19393,UAE Mecklenburg Cogeneration
19396,tri-county electric coop
19397,City of Ukiah - (CA)
19400,USACE Northwestern Division
19406,USCE -Vickburg District
19417,Umatilla Generating Co LP
19420,usce-wilmgton
19424,undercurrents
19430,union city city of
19431,union city of
19432,union city village of
19433,Union Carbide C&P-Charleston
19435,union electric membership corp
19436,Union Electric Co - (MO)
19437,south crawford rural elec corp
19443,united rural elec member corp
19445,southern indiana r e c inc
19446,"duke energy kentucky, inc."
19448,u s navy-public works center
19449,USACE-Fort Worth District
19450,Union Carbide Corp-Seadrift
19454,City of Unalaska - (AK)
19461,union power co
19462,USCE-Nashville District
19465,upton wind i lp
19467,upton wind ii lp
19469,upton wind iii lp
19471,upton wind iv lp
19473,us dept of navy
19474,City of Unionville - (MO)
19482,united electric coop inc
19486,unitil power corp
19490,united electric coop serv inc
19491,United Cogen Inc
19493,union county electric coop inc
19494,union river electric coop inc
19497,United Illuminating Co
19498,united light & power co
19499,"United Power, Inc"
19501,union rural electric coop inc
19502,unity light & power co
19508,usdoe-wapa-upper colorado
19511,University of Alaska
19514,united power assn
19515,united states steel corp
19516,united rural electric coop inc
19517,United States Steel- Clairton
19518,usce-r b russell
19519,United States Steel-Mon Valley
19524,University of California-LA
19526,United States Steel-Gary
19527,unicom energy inc
19528,University of Illinois
19531,united states coast guard
19532,United Water Conservation Dist
19533,University of Oklahoma
19537,University of Texas at Austin
19539,University of Iowa
19540,university of wisconsin
19541,University of North Carolina
19542,university of wyoming
19543,U S Agri Chemicals Corp
19545,"Black Hills Power, Inc. d/b/a"
19547,Hawaiian Electric Co Inc
19549,plains city of
19553,Unisea Inc
19558,Homer Electric Assn Inc
19560,Tri-Dam Power Authority
19564,University of Notre Dame
19567,usbr-great plains region
19568,ugi power supply inc
19574,upper cumberland e m c
19577,upper peninsula generating co
19578,Upper Peninsula Power Company
19579,upshur rural elec coop corp
19580,usbr-lower colorado region
19581,upson county elec member corp
19586,Utica Water & Power Authority
19588,University of Michigan
19589,u s erda-los alamos area off
19603,usbia-mission valley power
19604,USBIA-San Carlos Project
19605,university of san diego
19610,usdoe-wapa-lower colorado
19627,us energy geothermal llc
19633,Utah State University
19634,ugi energy services inc
19635,USCE-Missouri River District
19647,USCE-Little Rock District
19651,usdoe-wapa-pick-sloan
19659,utah power & light co
19662,USBR - Glines Canyon & Elwha D
19663,Utah State University
19664,University of Washington
19667,utilities dist-western in remc
19668,utilimax com inc
19673,Valparaiso University
19674,Vaagen Brothers Lumber Inc
19676,Valero Refining Co California
19677,valentine city of
19684,Valencia Energy Facility
19685,Valero Refining Co
19687,valley city city of
19688,valley electric member corp
19691,Paulsboro Refining Company - LLC
19699,Valero Refining Co - TX
19702,van buren light & power dist
19716,vanceburg city of
19717,Valero Refining-Texas LP
19719,yale city of
19722,City of Vandalia
19724,Vanderbilt University
19726,Valdosta City of
19727,van buren township of
19728,"UNS Electric, Inc"
19735,"vastar power marketing, inc"
19740,AES Wind Generation Inc
19745,utility-2000 energy corp
19759,Velcro USA Inc
19765,Vermont Marble Power Co
19771,veedersburg town of
19772,verizon capital corp
19773,"vcc attala ol, llc"
19774,Valley Falls Associates
19780,vermont public pwr supply auth
19781,Viking Energy Corp
19784,vera irrigation district #15
19785,verdigris valley elec coop inc
19788,vermillion city of
19790,verendrye electric coop inc
19791,vermont electric coop inc
19792,vermont electric power co inc
19793,vermont electric g & t coop
19794,Omya Inc
19796,vermont yankee nuclear pwr co
19797,vernon city of
19798,City of Vernon
19804,City of Vero Beach - (FL)
19805,versailles city of
19806,victoria county elec coop co
19813,vernon electric coop
19817,van co
19820,victory electric coop assn inc
19827,Victory Garden Phase IV LLC
19828,vidalia town of
19830,NRG Vienna Operations Inc
19840,valley electric assn inc
19841,Victory Mills Co Inc
19843,City of Villisca - (IA)
19846,Vintage Petroleum Inc
19856,City of Vineland - (NJ)
19857,Vineland Cogeneration LP
19865,City of Vinton - (IA)
19866,vinton city of
19867,Village of Viola - (WI)
19875,virginia cogen inc
19876,Virginia Electric & Power Co
19879,virgin islands wtr&pwr auth
19882,virginia tech electric service
19883,City of Virginia - (MN)
19885,virginia municipal elec
19887,wabash county rural e m c
19889,Visteon Corp
19893,Voss Industries
19896,volga city of
19898,volunteer electric coop
19899,vermont group
19900,Viking Energy Corp
19906,Vulcan/BN Geothermal Power Co
19907,usce-j strom thurmond
19908,VPI Enterprise Inc
19913,Zond Cabazon Development Corp.
19928,vastar resources inc
19936,WTG Gas Processing LP
19946,Wadham Energy Ltd Partners
19947,wadena city of
19950,vermont electric trans co inc
19951,City of Wadsworth
19952,waelder city of
19968,City of Wahoo - (NE)
19969,waialua sugar co inc
19974,wake forest town of
19975,wakefield city of
19978,wakefield town of
19979,wakefield town of
19980,City of Wakefield - (NE)
19981,wake electric membership corp
19984,Warm Springs Forest Prod Indst
20021,walkerton city of
20025,wall lake city of
20032,Walla Walla City of
20038,wallingford town of
20042,walsenburg city of
20053,"Wawayanda Energy Center, LLC"
20061,walters public works authority
20063,walthill village of
20065,Walton Electric Member Corp
20069,City of Wamego - (KS)
20070,wampum borough of
20071,walstonburg town of
20077,wapakoneta city of
20078,war light & power co
20085,westvaco corp
20096,Ware Energy Corp
20100,Warm Springs Power Enterprises
20105,Warner Lambert Co
20109,Warner Lambert Co
20110,City of Warren
20111,warren county rural e m c
20118,Warrensburg Hydro Power LP
20122,warren town of
20130,warren rural elec coop corp
20134,warroad city of
20135,City of Washington - (UT)
20136,waseca city of
20138,wasco electric coop inc
20139,washington city of
20140,washington city of
20141,City of Washington - (KS)
20142,washington city of
20146,washington elec member corp
20148,Watervliet City of
20150,washington electric coop inc
20151,Washington Electric Coop - (VT)
20153,"Washington Island El Coop, Inc"
20159,Washington Parish Engy Ctr LLC
20160,Energy Northwest
20163,wagoner public works authority
20164,Waste Energy Partners LP
20165,west fork land develop co llc
20169,Avista Corp
20176,water valley city of
20180,City of Waterloo - (IL)
20182,waterloo light & water comm
20183,Waste Management Inc
20186,waushara electric coop
20187,watertown city of
20188,City of Watertown - (NY)
20189,waterville city of
20190,Wausau Paper Mills Co
20192,wathena city of
20193,watkins glen village of
20196,watonga city of
20206,watsontown borough of
20208,Waymart Wind Farm
20209,wauchula city of
20210,Warbasse Cogen
20211,waunakee village of
20212,wauneta village of
20213,waupun public utilities
20214,Waverly Municipal Elec Utility
20216,whitewater valley r e m c
20219,City of Wayne
20220,waterville town of
20221,wayne county public power dist
20222,wayne-white counties elec coop
20223,waynesfield village of
20224,waynesville city of
20225,waynesville city of
20226,waynetown city of
20227,waynoka city of
20228,weakley municipal utility sys
20230,Weatherford Mun Utility System
20232,weatherly borough of
20237,WCI Steel Inc
20238,Watchtower Bible & Tract Soc-NY
20242,Wausau Papers of New Hampshire
20246,Ocean Peaking Power LP
20255,Weber Basin Water Conserv Dist
20259,City of Webster City - (IA)
20267,WFEC GENCO
20273,weeks falls hydroelectric proj
20281,West Pharmaceutical Services
20297,weiser city of
20310,wellesley town of
20311,"wellhead electric company, llc"
20313,wellington city of
20315,City of Wellington - (KS)
20318,webster electric coop
20323,Wellhead Services Inc
20325,Westward Energy LLC
20326,Town of West Boylston - (MA)
20327,west american finance co
20328,Wells Manufacturing Co
20331,weimar city of
20332,wells rural electric co
20334,wellsborough electric co
20336,West Texas Energy LP
20337,wellsville village of
20340,wells electric assn
20343,welsh town of
20347,Wellesley College
20351,Wellton-Mohawk & Yuma & Dome
20359,wessington springs city of
20363,west central electric coop inc
20364,City of West Bend
20366,Westmoreland-LG&E Partners
20368,west central electric coop inc
20371,west florida el coop assn inc
20372,Westlake Energy Corp
20377,west kentucky rural e c c
20379,westfield town of
20380,City of West Liberty - (IA)
20382,west memphis city of
20385,west oregon electric coop inc
20387,west penn power co
20390,West Delaware Hydro Associates
20391,westplains energy
20392,City of West Plains - (MO)
20393,west point city of
20394,west point city of
20395,west plains electric coop inc
20396,west point city of
20397,City of West Point - (NE)
20401,west river electric assn inc
20402,vista energy ltd partnership
20404,AEP Texas North Company
20413,williams electric coop inc
20420,western michigan electric coop
20421,Western Minnesota Mun Pwr Agny
20422,whetstone valley elec coop inc
20424,West Texas Wind Energy Partners LLC
20430,City of Westbrook
20433,westchester county ida
20434,westby city of
20447,"Western Farmers Elec Coop, Inc"
20453,western indiana rural e m c
20455,western massachusetts elec co
20456,twin valleys public power dist
20459,Western New York Wind Corp
20466,whalan city of
20467,White Oak Power Co LLC
20471,wharton village of
20472,wharton county elec coop inc
20476,western coop electric assn inc
20477,westerville city of
20480,westfield village of
20481,westfield city of
20490,westminster city of
20492,Weyerhaeuser Co
20497,Western Hydro Electric Inc
20501,Weyerhaeuser Co
20502,wetumka city of
20505,Weyerhaeuser NR  Port Wentworth
20506,wheatland rural elec assn inc
20508,MeadWestvaco Corp
20509,wheat belt public power dist
20510,wheatland electric coop inc
20511,"Weyerhaeuser Co NR, New Bern CF"
20512,wheatland town of
20518,Westwind Trust
20519,westmoreland energy inc
20521,wheeling power co
20523,Westward Seafoods Inc
20524,wheeled electric power company
20534,whigham city of
20535,white mountain city of
20536,Weyerhaeuser Co
20541,Wheelabrator Environmental Systems
20542,Weyerhaeuser Co
20543,Weyerhaeuser Co-Valliant
20544,Weyerhaeuser Co-Wright City Complex
20545,Wheelabrator Spokane Inc
20546,Western Kentucky Energy Corp
20547,Cosmo Specialty Fibers
20548,Weyerhaeuser Co
20551,Weyerhaeuser Co-Rothschild
20553,"Wheelabrator Lisbon, Inc"
20558,White Springs Agrici Chem Inc
20565,Wheelabrator Martell Inc
20567,Wheelabrator Westchester LP
20574,white river valley el coop inc
20576,white river electric assn inc
20583,whitehall city of
20588,City of Whitesboro
20591,Whitefield Power & Light Co
20592,Whiting Clean Energy Inc
20599,Whitewater Hill Wind Partners
20603,northeastern rural e m c
20604,City of Whittemore - (IA)
20613,PSEG Power Development LLC
20617,southern energy wichita falls
20618,wickenburg town of
20630,Wildwood Associates
20632,City of Wilber
20639,wild rice electric coop inc
20641,wilcox village of
20645,williams energy services co
20659,washington gas engy serv inc
20666,Willamina Lumber Co
20668,Willamette Industries Inc
20680,William Beaumont Hospital
20681,Williams Generation Co-Hazeltn
20697,Williams Energy Services
20700,Wildflower Energy LP
20704,Willamette Industries-Albany
20705,Willamette Industries-Johnsnbg
20707,Wintec Energy Ltd
20712,Snowbird Corporation
20721,windpower partners 1993 lp
20726,williamette industries inc
20729,williamsport town of
20730,williamsport city of
20731,williamstown utility comm
20735,williston city of
20737,Willmar Municipal Utilities
20739,willow springs city of
20744,Willamette Industries Inc
20755,wood river refining co
20769,wilson power co
20785,wilson city of
20789,City of Wilton
20791,Windland Inc
20792,winamac town of
20793,winchester city of
20806,City of Windom
20811,windsor town of
20813,City of Winfield - (KS)
20823,winner city of
20824,Village of Winnetka - (IL)
20825,winnebago rural elec coop assn
20826,winnsboro town of
20827,winona city of
20835,City of Winterset - (IA)
20836,winterville city of
20837,winthrop city of
20838,Wim-Sam Inc
20839,windpower partners 1989 lp
20841,wiregrass electric coop inc
20844,wisconsin dells electric util
20845,wolverine power marketing coop
20846,woolstock city of
20847,Wisconsin Electric Power Co
20848,City of Blue Hill - (NE)
20852,windpower partners 91 lp
20854,Winnebago County
20856,Wisconsin Power & Light Co
20857,Winooski One Partnership
20858,WPPI Energy
20860,Wisconsin Public Service Corp
20862,wisconsin rapids w w & l comm
20863,Wisconsin River Power Company
20880,City of Wisner
20882,Wisvest Corp
20884,Wisvest Connecticut LLC
20885,withlacoochee river elec coop
20893,Wolf Creek Nuclear Optg Corp
20910,Wolverine Power Supply Coop
20913,wolfeboro town of
20918,"working assets green power,inc"
20919,Boyce Hydro Power LLC
20924,wonewoc village of
20927,wood county electric coop inc
20934,Wood Scott
20936,Wood Products Division
20945,wood river city of
20948,wise electric coop inc
20949,woodbine city of
20950,winside village of
20951,woodbury county rural e c a
20961,Woodland Biomass Power Ltd
20963,woodruff electric coop corp
20965,Woodstock Hills LLC
20977,City of Woodsfield - (OH)
20978,Wheelabrator Falls Inc
20979,woodville village of
20980,woodsville city of
20983,worley city of
20991,wright county rural elec coop
20996,wright-hennepin coop elec assn
20997,yellowstone vlly elec coop inc
21002,york electric coop inc
21012,Viking Wind Projects
21013,City of Worthington - (MN)
21015,City of Wrangell - (AK)
21020,Wythe Park Power Inc
21021,wray city of
21025,WPS Power Developement
21048,Wyandotte Municipal Serv Comm
21056,wymore city of
21060,Wyandotte County Gen LLC
21063,WPI Packaging & Maint Co Inc
21066,wynnewood city of
21075,y-w electric assn inc
21079,wyrulec co
21081,yampa valley electric assn inc
21083,yankee atomic electric co
21086,Yakima-Tieton Irrigation Dist
21095,Public Serv Comm of Yazoo City
21101,yellow springs village of
21108,yoakum city of
21111,york county rural pub pwr dist
21114,yazoo valley elec power assn
21116,YKK USA Inc
21128,York County Solid W & R Auth
21130,Yuba City Cogen Partners LP
21140,Yuba County Water Agency
21143,City of Yuma
21144,Ziegler Power Systems
21148,Zapco Energy Tactics Corp
21156,1st rochdale coop group
21158,City of Zeeland - (MI)
21159,Zinc Corp of America
21160,zelienople borough of
21191,Zion Energy LLC
21216,CoGen Funding LP
21223,University of Northern Iowa
21239,electrical dist no7 maricopa
21244,southside electric coop inc
21249,hq energy services (us) inc
21250,Western Sugar Co
21260,191 Peachtree Associates
21264,USACE-Detroit District
21291,dte edison america inc
21301,pg&e energy trading-power lp
21305,el paso energy marketing co
21316,edison mission mktg & trdg inc
21329,el paso energy
21330,"allegheny energy supply co, ll"
21333,Duke Energy Morro Bay LLC
21335,Duke Energy Moss Landing LLC
21336,Duke Energy Oakland LLC
21346,public power assn-new jersey
21349,west harrison gas & elec co
21350,central vermont ps corp
21352,Municipal Energy Agency of NE
21355,ormesa geothermal ii
21403,vermont electric g&t coop inc
21410,panda energy international inc
21412,usbr-pacific northwest region
21417,tongass power & light co
21418,citizens utilities co
21421,Chalk Cliff Ltd
21444,Yuma Cogeneration Associates
21454,Renaissance Power LLC
21459,newenergy california llc
21460,newenergy east llc
21461,NRG Canal LLC
21463,Mirant Kendall LLC
21466,University of Tennessee
21468,"Bayonne Plant Holding, LLC"
21478,sacramenta power authority
21482,O'Brien Biogas IV LLC
21483,usce-vickburg district
21498,union camp corp
21507,colonial energy inc
21508,Cornell University
21513,fergus electric coop inc
21514,flowell electric assn inc
21517,SEI Wisconsin LLC
21521,Solutia Inc-Pensacola
21526,laurens city of
21531,Quinnipiac Energy LLC
21533,City of Minneapolis - (KS)
21535,STP Nuclear Operating Co
21538,mohave electric coop inc
21554,Seminole Electric Cooperative Inc
21559,Solar Turbines Inc
21567,washington-st tammany e c inc
21574,central valley financing auth
21577,statoil energy pwr paxton inc
21579,New Covert Generating Company  LLC
21581,Midwest Hydro LLC
21584,gen-sys energy
21607,Cogent Little Falls GP
21621,United Technologies
21622,The University of Texas at Dallas
21632,energyunited elec member corp
21662,university of tx-san antonio
21664,willwood light & power co
21667,energy group inc
21668,Wise County Power Company  LLC
21678,Riverdale Mills Corp
21683,gpu service corporation
21686,york haven power co
21687,northeast nuclear energy co
21690,Moose International
21695,Calaveras County Water Distric
21704,msr public power agency
21712,"xenergy, inc"
21713,txu energy trading co
21733,Entergy Power Group
21734,Sunnyside Cogeneration Assoc
21737,Brown Bear II Hydro Inc
21759,Yankee Caithness Joint Vent LP
21773,Yellowstone Energy LP
21795,"integrys energy services, inc."
21826,Valero Refining Co-Texas City
21836,tifd viii-t
21838,lake superior paper co
21857,union camp corp
21884,Energy Development Corp
21944,Sonoma County Water Agency
21964,University of New Mexico
21965,New Mexico State University
21970,Northeast Energy Associates LP
21982,ocean state power company
21992,Orange Cogeneration LP
21994,county sanitation-orange cnty
21995,Olmsted County Public Works
22001,Sunbury Generation LP
22029,ormesa geothermal
22035,Southwestern Bell Telephone Co
22040,Washington State University
22045,Oxnard City of
22048,Pacific Oroville Power Co
22053,Kentucky Power Co
22056,smarr emc
22079,Yolo County Flood Control WCD
22091,New-Indy Ontario LLC
22093,power development co inc
22117,Riverside Manufacturing Co
22122,AES Jennison LLC
22125,"Cayuga Operating Company, LLC"
22127,San Gorgonio Westwind II LLC
22129,Somerset Operating Co LLC
22131,Red Oak Operating Services LLC
22142,Santa Cruz Cogeneration Assoc
22146,AES Westover LLC
22148,AES Alamitos LLC
22154,Seven Oaks Land Co Inc
22155,Texas State University - San Marcos
22165,air production & chemical inc
22174,PEI Power Corp
22175,PCS Phosphate
22187,Nelson Industrial Steam Co
22192,UAH-Hydro Kennebec Ltd Partner
22198,TCID Hydro
22199,U S Air Force-Eielson AFB
22200,U S Army-Ft Wainwright
22206,interstate brands co
22207,"illinova power marketing, inc"
22208,University of Colorado
22214,Sweeny Cogeneration LP
22218,U S Army-Radford
22219,Mid-Maine Waste Action Corp
22225,Imperial Sugar Co
22228,Enterprise Mill LLC
22244,Altamont-Midway Ltd
22251,Modesto Energy LP
22252,Bayou Verret Energy Center
22256,Yountville Cogeneration Assoc
22269,Goal Line LP
22290,North Jersey Energy Assoc LP
22294,Warren Power LLC
22296,Burney Mountain Power
22297,Mt Lassen Power
22312,Indeck-Maine Energy LLC
22313,Oleander Power Project LP
22326,u s trust co of california
22331,Salem Energy Systems LLC
22337,Alcoa World Alumina LLC
22350,Devon Power LLC
22354,"VC Porterdale Hydroelectric, LLC"
22355,pud no 1 of mason county
22362,american optical co
22366,NRG North Central Op Inc
22371,Des Plains Green Land Dev LLC
22379,Connecticut Jet Power LLC
22380,NRG Montville Operations Inc
22382,unitil resources inc
22394,Electro-Generators LLC
22400,aig trading corporation
22430,allenergy marketing co llc
22432,nrg norwalk operations inc
22448,aes aurora
22484,AES Redondo Beach LLC
22491,chevron usa inc-kern
22500,Westar Energy Inc
22502,Petro Operating Co
22509,amerada hess corp
22532,Venture Pacific Inc
22600,pg&e national energy group
22609,Vulcan Materials Co
22611,Weyerhaeuser Co
22614,Rocky Brook Electric Inc
22635,San Gabriel Valley Mun Wtr Dt
22646,united electric coop inc
22650,Calpine Corp-Sutter
22652,Texas City Cogeneration LLC
22656,Empire Energy LLC
22669,U S Borax Inc
22682,epc power corp of bethlehem
22690,roosevelt county elec coop inc
22696,Notch Butte Hydro Co Inc
22735,Difwind Farms Ltd I
22737,UAE Lowell Power LLC
22752,Difwind Farms Ltd II
22753,Difwind Farms Ltd IV
22754,Difwind Farms Ltd V
22776,Solano Irrigation District
22782,NRG Rockford LLC
22791,NRG Rockford II LLC
22803,SDS Lumber Co
22805,Difwind Farms Ltd VI
22809,Armstrong World Industries Inc
22814,raft river rural elec coop inc
22815,delta electric power assn
22822,clark county rural e m c
22836,United Supply Corp
22843,union county utilities auth
22845,Union Oil Co of California
22846,arthur kill power llc
22939,us trust co of california
22963,Zond Cabazon Development Corp
22979,Astoria Energy LLC
22983,Astoria Generating Co LP
22999,Aera Energy LLC-Weir
23005,Aera Energy LLC-Coalinga
23011,new west energy
23013,"EIF Northampton GP, LLC"
23037,Errol Hydroelectric Co LLC
23057,odgen projects inc-hall
23071,Union Oil Company of California
23089,western power services inc
23093,ormesa geothermal 1h trust
23102,FreePort-McMoRan-Corp-Cobre Mines
23106,U S Gen New England Inc
23142,Augusta Energy LLC
23279,Allegheny Energy Supply Co LLC
23326,sierra electric coop inc
23330,Bay County Board-County Comm
23333,"midwest power systems, inc"
23389,united energy management inc
23476,Engineered Carbons Inc
23571,usce-hartwell
23576,Lawrence Hydroelectric Assoc
23586,vigilante electric coop inc
23588,Heard County Power LLC
23598,Weyerhaeuser Co
23619,amoco research center
23632,Inland Paperboard - Rome Mill
23693,AES Huntington Beach LLC
23801,Bluegrass Generation Co LLC
23815,Blue Ridge Paper Products Inc
23826,bluestem electric coop inc
23868,bboss llc
23913,Borger Energy Associates LP
23931,Resolute Forest Products
23955,University of Massachusetts Medical
24008,University of Oregon
24010,University of San Francisco
24031,C & L Processors Partnership
24033,Merchant Energy Partners
24067,Swift Creek Power Co
24097,cadillac renewable energy llc
24106,Calpine Construction Finance C
24121,Calpine -RockGen Energy
24202,Carr Street Generating Sta LP
24205,Sinclair Oil Corp
24206,Amalgamated Sugar Co-Nampa
24210,Riverbay Corp
24211,Tucson Electric Power Co
24213,york cogen facility
24263,Cellu Tissue Holdings Inc
24431,Utah Municipal Power Agency
24457,Calpine Eastern Corp
24486,akutan city of
24508,Tenaska III Inc
24536,Aera Energy LLC-San Ardo
24540,Aero Energy LLC-South Belridge
24558,escanaba city of
24559,northeast utilities
24587,heartland energy services
24591,Kraft Foods Global Inc
24636,Hartwell Energy Ltd Partners
24697,u s air force-loring
24748,bossier rural elec member corp
24749,nicole energy services inc
24753,boone county rural e m c
24791,bradshaw village of
24793,Briar-Hydro Associates
24889,brunswick electric member corp
24900,"The Mosaic Company, Plant City Facility"
24901,cpn south point llc
24931,Palmer Hydroelectric
24947,cedar valley electric coop
24949,cass county electric coop inc
24954,crystal flash ltd
24971,c & w rural elec coop assn inc
24972,champion international corp
24979,Chasm Hydro Partnership
24998,Equinox Mountain Windpower LLC
25000,IBM Corp
25049,Gas Recovery Systems Inc
25060,wellton-mohawk irr&drain dist
25062,Confederated Tribes-Warm Spgs
25104,Denver City Energy Assoc LP
25150,d e k rural electric coop
25177,dakota electric assn
25251,entergy power inc
25258,Duke Energy Hot Spring LLC
25259,Duke Energy Marshall Cnty LLC
25260,Duke Energy Bell LP
25262,dte energy trading inc
25265,dukesolutions inc
25266,duke energy lp
25295,western indiana energy remc
25312,eagle power llc
25322,exxon co usa
25381,firstenergy services corp
25410,howell power systems
25422,National Power Coop Inc
25431,usbr-mid-pacific region
25438,Friant Power Authority
25471,usdoe-wapa-upper missouri-west
25472,usbr-upper colorado region
25477,USCE-Kansas City District
25495,garrison city of
25531,Nuevo Energy Co-Rincon
25698,Parkedale Pharmaceuticals Inc
25725,western gas resources inc
25757,Hershey Foods Corp
25771,Quinebaug Associates LLC
25835,Portland City of
25866,ak-chin electric utility auth
25915,El Dorado Irrigation District
25983,Sparks Regional Medical Center
26000,north american energy inc
26001,FPL Energy
26003,Kankakee City of
26096,gem resources
26108,lake benton power partners llc
26120,langford town of
26218,little ocmulgee el member corp
26223,Griffith Energy LLC
26232,livingston city of
26253,Louisiana Energy & Power Authority
26256,Love Box Co Inc
26287,Madera-Chowchilla Power Auth
26315,Western Gas Resources Inc
26317,manokotak city of
26450,Indeck-Chicago Heights LLC
26469,Ingleside Cogeneration LP
26474,merchant energy group-amer inc
26494,merrill lynch
26510,granite state electric co
26561,MBC Holding Co
26599,Mt Ida Associates
26615,u s dept of interior
26616,North Slope Borough Power & Light
26618,USCE-St Louis District
26642,PE Bay Shore LLC
26644,Nitram Inc
26650,nyseg solutions inc
26651,Ripon Cogeneration Inc-Gabriel
26751,"National Grid Generation, LLC"
26754,paxson lodge inc
26765,pella coop elec assn
26792,west co
26840,Port Townsend Paper Co
26853,La Paloma Generating Co LLC
26867,Lake Benton Power Part II LLC
26882,pulp & paper of america llc
26894,radium city of
26916,ravalli county elec coop inc
26934,red lake electric coop inc
26939,red river valley coop pwr assn
26940,U S West Financial Service Inc
26977,Ridgewood Power Management LLC
27000,western area power admin
27009,Rockingham Power LLC
27026,round lake city of
27031,Liberty Electric Power LLC
27058,rural electric co
27071,san gabriel hydroel associates
27075,San Diego County Water Auth
27131,Imperial Savannah LP
27202,smurfit-stone container corp
27207,Lyondell Chemical Co
27211,Snider Industries Inc
27222,ripley city of
27238,southwest electric coop inc
27248,MM Yolo Power LLC
27269,stanhope city of
27316,Town of Stowe- (VT)
27321,Mantua Creek Generating Co
27332,astoria gas turbines power llc
27369,taylor electric coop inc
27371,Mirant Sugar Creek LLC
27378,Tenet Hospital Ltd
27422,todd-wadena electric coop
27470,USCE-Tulsa District
27471,utilities holding co
27490,valley electric coop inc
27545,vermillion city of
27599,white county rural e m c
27694,University Park Energy LLC
27695,calaveras county water distric
27703,u s army corps of engineers
27718,RockTenn-Seminole
27721,yadkin inc
27727,Enron Wind Systems LLC
27738,enron power marketing
27753,chevron usa inc-coalinga
27762,Ptarmigan Res & Engy Inc
27769,Ocean State Power Co
27770,Ocean State Power II
27813,USCE-Mobile District
27972,Northeast Generating Co
28022,aes newenergy inc
28086,Energy Unlimited Inc
28120,Nuevo Energy Co
28192,
28273,
28297,devon power llc
28316,Eagle Point Cogen Partnership
28473,Williams Field Services Co
28502,usdoe-wapa-billings
28503,usdoe-wapa-loveland-ft collins
28541,Clatskanie Peoples Util Dist
28543,Bay State GPX Inc
28604,kerrville public utility board
28622,Jefferson Power LLC
28705,peoples energy resources corp
28764,Pine Bluff Energy LLC
28802,ppl energyplus llc
28978,san marcos city of
28981,san saba city of
29040,Williams Field Services Co
29086,coastal field services co
29116,Colorado Energy Management LLC
29120,calpine construction fin co lp
29122,Morgan Energy Center LLC
29123,Calpine Construction Fin Co LP
29295,City of Wells - (MN)
29296,western illinois elec coop
29297,Pelican Utility
29299,DSM Copolymer
29301,western illinois pwr coop inc
29304,southeastern power admin
29305,City of Madelia - (MN)
29485,middle south services inc
29568,questar energy trading company
29615,West End Dam Associates
29660,Calpine Construction Fin Co LP
29704,tpc windfarm llc
29729,Davenport City of
29762,Eastex CoGeneration LP
29763,entergy nuclear inc
29767,Illinois Institute-Technology
29771,north american energy cons
29773,powercom e & c access inc
29780,genesee
29820,Smurfit-Stone Corp MI Plant
29829,sun co r&m-philadelphia
29833,Edinburg Energy LP
29849,Wasatch Integrated Waste Management
29851,Redington Mountain Windpwr LLC
29857,intercoast power marketing co
29864,Western Gas Resources Inc
29868,Northeast Generation Services Company
29872,citizens lehman power sales
29878,Somerset Power LLC
29889,rathdrum power llc
29925,Enterprise Products Optg LP
29926,Entergy Nuclear Generation Co
29929,fortisus energy corp
29941,Reliant Energy Desert Basin LP
29945,Reliant Energy Power Gen Inc
29959,Tenaska Washington Partners LP
29986,Ridgetop Energy LLC II
29988,Ridgetop Energy LLC
30002,International Paper Co
30030,"skookumchuck dam, llc"
30038,WestRock (IL)
30052,Huntsman Corp
30067,Rolls Royce Corp
30076,Calleguas Mun Water District
30119,Salton Sea Power Generatn LP 3
30121,louis dreyfus elec pwr
30141,San Jose City of
30146,LG&E Power Monroe LLC
30150,CBY DBA Yakutat Power
30151,"Tri-State G & T Assn, Inc"
30347,Olcese Water District
30415,Smurfit-Stone Corp
30517,pioneer electric coop inc
30518,electrical dist no3 pinal cnty
30551,southworth milton
30706,statoil energy trading inc
30759,state farm
30772,MM Lopez Energy LLC
30803,University of California
30856,winnfield city of
30897,Sunlaw Energy Partners I LP
30900,sunrise cogeneration&power co
30948,coastal electric service co
30968,Taft Cogeneration LP
30997,electric clearinghouse
31007,tate & lyle north am sugar inc
31041,Duke Energy Madison LLC
31164,PCS Nitrogen Fertilizer LP
31216,Mascoma Hydro Corp
31288,Duke Energy Cook LLC
31322,Duke Energy Kankakee LLC
31349,West Georgia Generating Co LP
31380,Duke Energy Enterprise LLC
31386,Tenaska Alabama Partners LP
31396,Duke Energy Vermillion LLC
31431,K-W Co
31441,klamath falls city of
31516,midvale irrigation district
31518,Fort Smith City of
31613,Washington Cnty Wtr Consv Dist
31719,FPL Energy Wyman LLC
31724,Smurfit Stone Container Corp
31798,mep flora
31833,okefenoke rural el member corp
31921,onondaga energy partners lp
32075,bruin energy inc
32080,Dunn Paper
32173,New Athens Generating Company LLC
32208,first energy corp
32384,B P Amoco Chemical Co
32487,Gaylord Entertainment Co
32501,Air Liquide America Corp
32502,air liquide america corp
32790,"New Harquahala Generating Co, LLC"
32874,Air Solutions Inc
33106,Pasadena Paper Co LP
33143,pepco energy service inc
33205,Pinnacle West Energy
33308,International Malting Co.
33800,calpine geyser llc
33926,cayuga energy inc
34012,FPL Energy MH50 LP
34026,Calpine Parlin Inc
34028,Calhoun Power Co LLC
34090,Fletcher Warehousing Co
34153,dpl energy inc(harrod)
34164,Elk Hills Power LLC
34174,ponnequin windsource invest ii
34359,Curators of the University of Missouri
34362,Delaware Mountain LP
34363,FPL Energy Mason LLC
34388,ziegler inc
34389,"WindPower Partners, 1994, L.P."
34390,wisvent
34391,wanula development group llc
34392,waste management
34393,west texas energy lp
34394,whiting programs inc
34395,v1 fw1 inc
34396,vandalia id
34397,venoco inc
34398,viacom inc
34399,viejo energy co
34400,vienna power llc
34401,volta funding lp
34402,w w hornstein trust
34403,tenaska virginia inc
34404,tenaska washington i lp
34405,texaco coalinga energy co
34406,texaco midway-sunset cogen co
34407,texaco power&gas holdings inc
34408,texaco san ardo energy co
34409,texaco yoakam energy
34410,texas paris cogen llc
34411,textron financial corp
34412,thermo ft lupton lp
34413,tifd iii-p inc
34414,tpc crockett inc lp
34415,tps hamakua inc
34416,tractabell
34417,twin falls hydro co inc
34418,united bridgeport energy lc
34419,tenaska alabama i partners lp
34420,tenaska alabama inc
34421,tenaska arkansas i lp
34422,tenaska arkansas inc
34423,tenaska georgia i lp
34424,tenaska georgia inc
34425,tenaska iii partners ltd
34426,tenaska indiana i lp
34427,tenaska indiana inc
34428,tenaska oklahoma i lp
34429,tenaska oklahoma inc
34430,tenaska paris llc
34431,tenaska rusk partners lp
34432,tenaska vi partners lp
34433,tenaska vii partners lp
34434,tenaska virginia i lp
34435,ace operating partners
34436,ace power partners
34437,Aeroturbine Energy Corporation
34438,aes nh biomass inc
34439,ag energy inc
34440,aircraft services corp
34441,al cogen inc
34442,allen boyarsky trust
34443,alpha gen power co
34444,american consumers inc
34445,american national power
34446,amor-ix
34447,anacapa energy co
34448,annabelle cohen
34449,anp hartwell energy co
34450,antelope co
34451,aquilla selkirk lp
34452,arguello inc
34453,armstrong & bander ex
34454,babcock&wilcox ebensburg p inc
34455,betty billip
34456,bloomfield idaho management
34457,bp amoco - ngl business unit
34458,bp- watson cogeneration co
34459,british energy plc
34460,bt capital partners inc
34461,bucksport energy llc
34462,business asset funding group
34463,caesfa bond issue
34464,ce generation
34465,capine
34466,casella waste systems
34467,catamana rumford corp
34468,catamount energy corp
34469,caterpillar financialserv corp
34470,chas leahy
34471,cii wood power inc
34472,cinergy global foote crkiv inc
34473,long beach city sani dist ca
34474,cleco corp
34475,cmd carson gp llc
34476,cmd carson llc
34477,cms generation genesee co
34478,cms generation grayling co
34479,cms generation holdings co
34480,cms generation honey lake co
34481,cogentrix eastern america inc
34482,combined locks energy ctr llc
34483,concrete hydro partners ltd
34484,conoco global power
34485,covanta power pacific inc
34486,crete energy venture llc
34487,csw ft lupton inc
34488,ctvm
34489,david buley
34490,del mar energy co
34491,del sol energy co
34492,desert arc i
34493,desert arc ii
34494,dktra
34495,dominion expl&prod inc
34496,dpc northeast power llc
34497,duke energy bridgeport llc
34498,duke energy mohave llc
34499,dynegy danskammer llc
34500,dynegy power corp
34501,dynegy power holdings
34502,dynegy rosteon llc
34503,ebensburg investors lp
34504,edison international
34505,Edison Mission Energy
34506,elaine boyarsky
34507,empeco inc
34508,energy factors inc
34509,energy investor funds lp
34510,energy investors fund ii lp
34511,energy national inc
34512,eni crockett ltd
34513,enterprise gas processing llc
34514,EPCOR Generation Inc
34515,exelon generation co llc
34516,exeter management co
34517,ford motor credit co
34518,fortistar leasing corp
34519,g gallagher
34520,generation ii locomotives inc
34521,gentex power corp
34522,geo products corp
34523,gps newco llc
34524,grayling development partners
34525,green ridge service llc
34526,gs electric generating coopinc
34527,h l capital corp
34528,hart county ipp inc
34529,hartwell indep pwrpartners inc
34530,headington oil co
34531,henry harris
34532,hoisery mill hydro co
34533,honey lake energy ii lp
34534,huntman international llc
34535,i reingold trust
34536,i smaen trust
34537,igc grimes county inc
34538,igc grimes frontier inc
34539,indeck energy services inc
34540,indian river power llc
34541,ipp investment partnership
34542,iroqouis power
34543,jason treuman
34544,jave lin rumfold ltd llc
34545,john hancock mut life ins co
34546,johnson
34547,jones hamakua inc
34548,kinder morgan inc
34549,kti speciality waste services
34550,kucc ferndate corp
34551,largo co
34552,lg&e power inc
34553,lower saranac corp
34554,lsp-borber inc
34555,mabco steam co llc
34556,martin elkins
34557,meryl boyarsky trust
34558,messer hill associates
34559,mitex apparel group inc
34560,panda energy international inc
34561,monsanto envir-chem sys inc
34562,montana grimes county llc
34563,montana grimes frontier lp
34564,monterey county
34565,morton resen
34566,mosbacher borber-gp inc
34567,mosbacher borber-lp llc
34568,nathan wechzler
34569,new bern energy recovery inc
34570,nichimen america inc
34571,nichimen america wind powerinc
34572,nordex usa inc
34573,northwest texas electric coop
34574,norwalk power llc
34575,nrg mcclain llc
34576,nrr conemaugh inc
34577,nuevo energy inc
34578,nwp indian mesa delaware llc
34579,nwp indian mesa texas llc
34580,ollp
34581,orlando cogen i inc
34582,orlando power gen ii inc
34583,orlando power holdings llc
34584,oroville energy inc
34585,oswego cogen
34586,pacific crockett energy inc
34587,pacific power marketing
34588,penobscot hydro co inc
34589,penstock power co
34590,persi
34591,pinellas county
34592,pioneer water co
34593,pitney bowes credit corp
34594,plymouth state lp
34595,pmcc calpine neweng invest llc
34596,porterville id
34597,ppl industries inc
34598,ppl southwest gen holdings llc
34599,prairie material sales inc
34600,pseg power llc
34601,quixx cogen inc
34602,Quixx Corp
34603,rcm selkirk gp inc
34604,rri energy sabine de inc
34605,ridgewood/maine llc
34606,robert c rier
34607,rumfold cogen inc
34608,san joaquin energy co
34609,san jose state university
34610,sarco oil properties llc
34611,set perc investment llc
34612,"Sheldon Vermont Hydro Co., Inc."
34613,silverado energy co
34614,sithe energies usa
34615,slate creek hydro co inc
34616,sowega energy resources llc
34617,stockton co gen 1 inc
34618,stuart a goss trust
34619,suntrust leasing corp
34620,tanaska grimes partners lp
34621,teco energy
34622,tejas coral energy llc
34623,Tejas Power Generation LLC
34624,ultrapower energy res inc
34625,tpc generating inc
34626,ttp inc
34627,tenaska alabama ii inc
34628,tenaska alabama iv inc
34629,tevco cogeneration co
34630,house of makad llc
34631,orlando power gen i inc
34632,oxford/cms development lp
34633,oxy cogener holding co inc
34634,power development co
34635,rme petroleum co
34636,sasol north american inc
34637,sithe energies inc
34638,stockton co gen (11) inc
34639,akins
34640,altura
34641,burlington resources
34642,conoco global pwr assets inc
34643,diamond alabama ii llc
34644,diamond alabama llc
34645,diamond frontier llc
34646,diamond gateway llc
34647,diamond georgia llc
34648,diamond oklahoma llc
34649,DCOR LLC
34650,dynegy midstream serv llc
34651,equity charter municipalities
34652,gecc twin fall hydro trust
34653,genesee power partners lp
34654,gpp-borber llc
34655,haskill corp
34656,honey lake energy i lp
34657,ipg ferndale inc
34658,john kinn trust
34659,ltrid
34660,marsha perelman
34661,mep rumford llp
34662,mobil rocky mt inc
34663,barre energy partners lp
34664,independent power producer
34665,cedar bay cogeneration inc
34666,cedar ii power corporation
34667,mission energy of ny
34668,b-41 associates
34669,tenaska v inc
34670,ja jones
34671,southwestern power group iillc
34672,DTE Energy Services
34673,general electric capital bafgp
34675,reliant energy channelview -tx
34676,mp channelview limited
34677,reliant energy channelview -de
34678,"dctc-burney, inc"
34680,"forest product, l.p."
34681,hutchinson wind ventures
34682,signal capital norwalk inc
34683,waste energy ii llc
34684,neo corp
34685,ziegler inc
34686,cogentrix energy inc
34687,tomen power corp
34688,CHI Energy Inc
34689,Triton Power Co
34690,Beowawe Power LLC
34691,Ormat Nevada Inc
34707,ponnequin windsource invest vi
34709,ponnequin windsource invest v
34710,ponnequin windsource invest i
34713,ponnequin windsource invest ii
34714,ponnequin windsource invest ii
34715,ponnequin windsource invest iv
34717,FPL Energy New Mexico Wind LLC
34718,FPL Energy North Dakota Wind I
34719,FPL Energy Oklahoma Wind LLC
34720,FPL Energy Sooner Wind LLC
34721,FPL Energy South Dakota Wind LLC
34722,FPL Energy Wyoming Wind LLC
34723,FPL Energy North Dakota Wind  LLC
34981,Devon Gas Services
35006,Cousins Properties Inc
35120,Norit Americas Inc
35402,Duke Energy Moapa LLC
35403,Duke Energy Luna LLC
35475,Worthington Generation LLC
35477,worley & obetz co
35723,destec power services inc
36055,KTZ Hydro LLC
36189,mid-ohio energy coop inc
36737,Koch Petroleum Group LP
36740,MM Miramar Energy LLC
37921,european american realty ltd
38000,cl power sales seven llc
38001,"Ottauquechee Hydro Company, Inc."
38002,CHI Energy Inc
38009,Consolidated Edison E MA Inc
38021,Athens Regional Medical Center
38041,power energy partners llc
38084,Great Lakes Energy Coop
38117,neo corp
38120,MM Taunton Energy LLC
38127,ESI Mojave LLC
38128,tosco corp-franklin
38215,Phillips 66 - Los Angeles
38221,tosco power inc
38246,DFD Operating Services LLC
38282,total gas & electric
38412,energy transfer group llc
38658,Ripon Cogeneration Inc-Ripon
39004,"RRI Energy Services, LLC"
39006,Brookfield White Pine Hydro LLC
39066,Union Carbide Corp-Texas City
39125,Vandolah Power Co LLC
39184,aquila power corp
39185,AmerGen Energy Co LLC
39186,"aes power, inc"
39188,conagra energy services inc
39240,hermiston generating co lp
39245,Saint John's Health Center
39347,"East Texas Electric Coop, Inc"
39878,Solutia Inc-Indian
40020,tate & lyle north am suger inc
40033,midamerican power llc
40036,westfield milling & el lgt co
40045,kanawha valley power co
40051,Texas-New Mexico Power Co
40052,AG Energy LP
40127,clarke-washington e m c
40165,dixie escalante r e a inc
40166,chickasaw electric coop inc
40167,somerset rural elec coop inc
40180,norwalk harbor power llc
40192,Shady Hills Power Co LLC
40208,ark valley elec coop assn inc
40210,greene county rural elec coop
40211,"Wabash Valley Power Assn, Inc"
40212,colquitt electric members corp
40215,"Cordova Electric Coop, Inc"
40217,saluda river electric coop inc
40218,central electric pwr coop inc
40219,united electric coop inc
40220,adams electric coop inc
40221,bedford rural elec coop inc
40222,valley rural electric coop inc
40223,warren electric coop inc
40224,central electric coop inc
40228,rappahannock electric coop
40229,Old Dominion Electric Coop
40230,Deseret Generation & Tran Coop
40233,sam rayburn g & t inc
40236,forked deer electric coop inc
40289,claverack rural elec coop inc
40290,tri-county rural elec coop inc
40291,sullivan county r e c inc
40292,southwest central r e c corp
40293,northwestern rural e c a inc
40294,Power Resources Cooperative
40299,sussex rural electric coop inc
40300,nebraska electric g&t coop inc
40301,central montana e p c inc
40302,north east mississippi e p a
40303,monroe county elec power assn
40304,minnesota valley coop l&p assn
40305,hickman-fulton counties recc
40306,allied power coop of iowa
40307,"Prairie Power, Inc"
40354,roosevelt water consvt dist
40355,maricopa county m w c dist #1
40356,village of holbrook
40357,electrical dist no6 pinal cnty
40362,electrical dist no1 pinal cnty
40363,cortaro-marana irrigation dist
40364,courtland city of
40367,ladd village of
40369,oxford city of
40382,City of Rockport
40383,osceola city city of
40384,ogden projects inc-lake county
40390,buffalo city of
40428,guam power authority
40429,american samoa power authority
40430,Lafarge Corp
40433,enterprise city of
40435,white city of
40437,Emerald People's Utility Dist
40438,columbia river peoples ut dist
40440,stanton city of
40441,murphy city of
40444,Truckee-Carson Irrigation District
40456,pud no 1 of whatcom county
40457,goldsboro city of
40497,penoyer valley electric coop
40548,Unalakleet Valley Elec Coop
40575,Utah Associated Mun Power Sys
40576,intermountain power agency
40577,"American Mun Power-Ohio, Inc"
40580,Southern Minnesota Mun P Agny
40581,northern municipal power agny
40582,Michigan Public Power Agency
40603,wyoming municipal power agency
40604,heartland consumers power dist
40606,City of Grand Island - (NE)
40613,Northern California Power Agny
40614,Alabama Municipal Elec Authority
40845,Weirton Steel Corp
41530,Elkem Metals Co
42018,Southeastern Public Serv Auth
42093,ogden martin sys-onondaga lp
42652,quincy-columbia basin irr dist
42653,east columbia basin irr dist
42654,south columbia basin irr dist
42659,Pennsylvania Renewable Resources
42662,N E W Hydro LLC
42741,south sutter water district
42744,Desehutes Valley Water District
42806,BP Hydro Associates
42889,alaska energy authority
42890,Woonsocket City of
42892,City of Spokane
43164,Kaiser Aluminum&Chemical Corp
43261,arco chemical co
43897,Wolf Hills Energy LLC
44129,cbs corp
44134,Duke Energy Hinds LLC
44135,8309 Tujunga Avenue Corp
44372,txu electric delivery company
44373,St Charles Development Co LLC
44388,new england electric transmn
44466,BP PLC
44497,SeaWest Windpower
44765,arco alaska inc
44858,NYSD Ltd Partnership
45549,
47852,"Calcasieu Development Company,"
48782,"igi resources, inc"
49728,PG&E Dispersed Generating Co L
49730,"american powernet mangt, lp"
49731,Chevron Business & Real Estate Services
49732,Chevron Products Company-Richmond
49733,ChevronTexaco Exploration & Prod Co
49734,s e choctaw llc
49735,HGST a Western Digital Company
49736,"Loring BioEnergy, LLC"
49744,Merit Energy Company
49745,Cash Creek Generating LLC
49747,Katahdin Paper Inc
49748,"ORCAL Geothermal, Inc"
49750,FPL Energy Green Power
49751,FPL Energy Cabazon Wind
49752,Commonwealth Shore Power
49753,"Brooks Energy, LLC"
49756,Illinois Power Resources Generating LLC
49757,Peabody Power LLC
49760,"Covanta Montgomery, Inc."
49761,"eif woodland gp, llc"
49762,"eif woodland lp, llc"
49763,national park service dept of interior
49764,Fortistar North Tonawanda
49765,"Fall Line Hydro Company, Inc."
49768,"Bastrop Energy Partners, LP"
49769,BFI Waste Systems of America
49770,"Energy Recovery Operations, Inc"
49774,Kinder Morgan Yates Operation
49775,Middlesex Generating Company LLC
49777,SP Fiber Technologies NW LLC
49778,Kraft Foods
49779,OMI/Thames Water
49780,green knight economic development corpor
49782,brazos wind lp
49785,"Groveton Paper Board, Inc"
49786,"Jamaica Bay Peaking Facility, LLC"
49787,CEMEX Central Plains Cement
49789,"Chanarambie Power Partners, LLC"
49791,Eastman Cogeneration LP
49795,Kauai Island Utility Cooperative
49796,Desert Sky Wind Farm LP
49798,"freeport energy center, lp"
49800,centennial power
49801,Expera Specialty Solutions
49805,Kennecott Utah Copper
49806,"ironside energy, llc"
49810,NM Colton Genco LLC
49812,NEO Freehold Gen LLC
49813,NM Mid Valley Genco LLC
49814,NM Milliken Genco LLC
49820,Dominion Armstrong Inc.
49821,Dominion Dresden Inc.
49822,Dominion Troy Inc.
49829,harquahala power corporation
49831,Unilin Flooring NC LLC-Columbia Flooring
49833,Stockton Pacific Enterprises
49834,NRG California Peaker Operations
49835,"Sheboygan Power, LLC"
49837,Pinelawn Power LLC
49840,"Waterside Power, LLC"
49841,Colville Indian Power & Veneer
49842,Georgia-Pacific Consr Prods LP-Wauna
49843,Boise Cascade Corporation
49844,Eurus Combine Hills I LLC
49845,"Equus Power I, L.P.,"
49846,Covanta Honolulu Resource Recovery
49851,Coleman Falls Company
49852,Great Bay Hydro Corp
49855,"j. l. bates, lp"
49856,"e. s. joslin, lp"
49857,"barney m. davis, lp"
49858,Smithfield-Kinston Division
49859,Cinergy Solutions of Narrows LLC
49860,"Barlow Operators of Tulsa, LLC"
49861,we power
49862,Cogen Lyondell
49863,"River Hill Power Company, LLC"
49864,TG Windfarm LLC
49865,CG Windfarm LLC
49866,Bisson Windfarm LLC
49867,Tofteland Windfarm LLC
49868,Westridge Windfarm LLC
49869,Fey Windfarm LLC
49870,Windcurrent Farms LLC
49871,K-Brink Windfarm LLC
49872,DL Windy Acres LLC
49873,S&P Windfarm LLC
49874,Boeve Windfarm LLC
49875,B&K Energy Systems LLC
49876,gregory j jaunich
49877,marubeni oil and gas
49878,Alliant Energy Generation Operations LLC
49879,"Montenay Savannah Operations,  LP"
49880,EDP Renewables North America LLC
49881,J & L Electric
49882,"babcock & brown sweetwater 1, llc"
49883,catamount sweetwater corporation
49884,f c energy finance 1
49885,kef equity investment corp
49886,"Longleaf Energy Associates, LLC"
49887,"G E Wind Energy, LLC"
49888,Estill County Energy Partners LLC
49889,Mount Carmel Cogen Inc
49890,arclight capital partners llc
49893,Invenergy Services LLC
49894,Harvard University
49895,mendota hills llc
49896,"Newmont Nevada Energy Investment, LLC"
49897,amalgamated warbasse houses
49898,warbasse-cogen technologies partnership
49899,CalEnergy Operating Corporation
49900,ge commercial finance
49901,Northern Star Generation Services Co LLC
49903,Aeolus Wind  LLC
49904,"Detroit Thermal, LLC"
49905,Olympus Power
49906,George Weston Bakeries
49907,"wynn - crosby 2000, ltd"
49908,great western oil & gas
49909,"lowe partners, lp"
49910,"shawville lessor genco, llc"
49911,"Swift River Hydro Operations Co., Inc"
49912,western generation agency
49913,University of Arizona
49914,minwind shareholders
49916,ge energy rentals
49917,"wachovia bank of deleware, nat. assoc."
49918,Dalton Hydro Co LLC
49919,Falcon Power Operating Company
49920,counties of warren & washington ida
49923,American Eagle Paper Mills
49924,"enxo wind farm ii, inc."
49925,fortistar llc
49926,lightyear rockland partners ll
49927,"high falls hydro company, inc"
49928,omega joint venture 6
49929,enxco windfarm iv
49930,"volkar, coombs partners"
49931,"havoco wind energy, llc"
49932,"Enel North America, Inc."
49933,Calpine Eastern Corp-Lone Oak
49934,Calpine Eastern Corp-Blue Heron
49935,"dps mecklenburg, llc"
49941,"DEGS of O&M, LLC"
49942,Eagle Point Power Generation LLC
49948,Ramco Generating One Inc
49949,Kinder Morgan Production Company LP
49950,"Caithness Long Island, LLC"
49951,Wabash River Energy LTD
49952,penstar power
49953,competitive energy services d.b.a.
49954,Catoctin Power LLC
49955,Ainsworth Engineered USA LLC
49956,merrill lynch commodities services
49957,"millenium power partners, l.p."
49958,"new covert generating company, llc"
49959,"new harquahala generating company, llc"
49960,"new athens generating company, llc"
49961,Summit Vineyard LLC
49962,dominion energy marketing (ma)
49963,"FPL Energy Operating Services, Inc."
49964,DSM Nutritional Products
49965,Constellation Mystic Power LLC
49966,Covanta Camden Energy Recovery Center
49967,"Decorative Panels International, Inc."
49968,Searles Valley Minerals Operations Inc.
49969,"Lincoln Paper and Tissue, LLC"
49970,Goose Haven Energy Center
49971,Creed Energy Center LLC
49972,Gilroy Energy Center LLC
49973,RM Mills Acquisition LLC
49974,NAES Corporation - (WA)
49975,Invenergy Cannon Falls LLC
49976,Plains Exploration & Production Company
49977,CAMS Michigan LLC
49978,"nordic marketing of michigan, llc"
49979,Topaz Power Group  LLC
49980,"DPC Juniper,  LLC"
49981,Diamond Generating Corporation
49982,Trigen Oklahoma City
49983,citadel energy products llc
49984,electric now
49985,north carolina electric membership corp
49986,southwest iowa rural electric cooperativ
49987,harvard direct energy limited
49988,"Valley Queen Cheese Factory, Inc."
49989,"State Auto Insurance, Inc."
49990,City of Perham
49991,Kindred Public School
49992,dakota magic casinl
49993,Stevens Community Medical Center
49994,"calpine power america-ca, llc"
49995,calpine energy management lp
49996,"calpine power america-me, llc"
49997,"Consolidated Hydro New York, Inc."
49998,berea municipal utilities
49999,"Besicorp-Empire Power Company, LLC"
50000,northern illinois municipal power agency
50001,missouri joint municipal power electric
50002,kentucky municipal power agency
50003,Brunswick Cellulose LLC
50004,"kgen enterprise, llc"
50006,Invista
50007,"Unifi Kinston, LLC"
50008,brascan power corporation
50009,sithe/independence equity llc
50010,atlantic power corporation
50011,Calpine Operating Services
50012,"FPL Energy Callahan Wind, LLC"
50013,Diablo Wind LLC
50014,"FPL Energy Weatherford, LLC"
50015,"dominion energy salem harbor, llc"
50016,"dominion energy brayton point, llc"
50017,"dominion energy manchester street, llc"
50018,"Dominion Energy New England, LLC"
50020,neenah paper inc.
50021,Neenah Paper Michigan Inc.
50022,bny midwest trust
50023,"Texas Genco II, LP"
50024,"texas genco gp, llc"
50025,Matthew D. Swift WC Bradley Co.
50026,Energy Operations Group
50028,Trigen Revere Energy Corp.
50029,juniper capital lp
50030,"skookumchuck dam, llc"
50031,"Grubb & Ellis Management Services, Inc."
50033,PPG Industries Inc Natrium
50034,PPG Industries Inc Works 14
50035,PPG Industries Inc Shelby
50036,PPG Industries Inc Works 4
50040,
50043,
50044,KGen LLC
50045,Phillips 66 Company
50047,"Alpena Power Generation,  LLC"
50048,"TransCanada Hydro Northeast Inc.,"
50049,"perc holdings, llc"
50050,"powerminn9090, llc"
50051,"Arcadia Energy II, LLC"
50052,"arcadia energy iii, llc"
50053,Calhoun Port Authority
50054,zond windsystems partners ltd. series85c
50055,zond windsystems partners ltd. series85a
50056,zond windsystems partners ltd. series85b
50057,helzel & schwarzhoff
50058,"z.c.o., inc."
50059,zond windsystems partners ltd. i
50060,"twin saranac holdings, llc."
50061,zond windsystems partners ltd. ii
50063,FPL Energy Horse Hollow LLC
50066,bear stearns & co. inc
50067,cti partners ii
50068,"burrows hydro, llc"
50069,pseg resources inc
50070,citicorp-bankers leasing corp.
50071,"phelps dodge energy services, llc"
50072,pnmr development & management corp.
50073,dj power llc
50074,seadrift cogeneration trust
50075,"harbinger independent power fund ii, llc"
50076,Maine Renewable LLC
50077,maryland economic development corporatio
50078,"osaka gas gateway power, llc"
50079,Utility Board of Key West City
50080,"conduit nh energy, llc"
50081,AE Operations LLC
50082,Boise Cascade Wood Products LLC
50083,Brookfield Power New England
50084,Algonquin-Cambrian Pacific GenLLC
50085,Covanta Southeast Florida Renewable Ltd
50086,"red hawk energy, llc"
50087,R J Reynolds Tobacco Co
50088,"eif-borger, lp"
50089,"eif-borger, gp"
50090,eif-borger holdings
50091,quixx borger cogen inc.
50092,quixx resouces inc.
50093,ctv marketing group
50094,Lincoln Generating Facility LLC
50095,Phillips 66
50096,RRI Energy Florida LLC
50097,NewPage Corp-Luke
50098,DTE Biomass
50099,Laidlaw Energy Group Inc.
50100,"R.E. Ginna Nuclear Power Plant, LLC"
50101,"black river energy, llc"
50102,Rock-Tenn Company
50103,Sunoco Inc
50104,Mississippi Power Co
50105,ced rock springs llc
50106,CED Operating Co LLC
50107,geismar statutory trust
50109,DeKalb Regional Health System
50110,Cousins Properties Incorporated
50111,Lafayette Utilities System
50112,superior renewable energy llc
50113,"rri energy sabine texas, inc"
50114,"WTG Jameson, L.P."
50115,allegheny power
50116,al cogen partner inc.
50117,Premcor
50118,US Army Corps of Engineers
50119,Illinois Wind Energy LLC
50120,Middlesex Generating Co. LLC
50121,bio energy llc
50122,CF Industries Nitrogen LLC
50123,"Leeward Asset Management, LLC"
50124,Padoma Wind Power LLC
50126,arco
50127,Exergy Development Group
50128,Georgia-Pacific Consr Ops LLC-Palatka
50129,Georgia-Pacific Cons Op LLC Port Hudson
50130,Trigen St Louis Energy Corporation
50131,Enel Stillwater LLC
50132,tenaska power fund
50133,Leaf River Cellulose  LLC
50134,Holcomb Rock Company
50135,Hutchinson Hydro LLC
50136,North American Energy Services
50137,"U.S. Dept of the Interior, Bureau of Rec"
50138,lion capital management group
50139,"fph marketing, inc"
50140,DKRW Energy LLC
50142,union bank of california na
50143,the northwestern mutual life ins co
50145,Hydro Kennebec LP
50146,Bottle Rock Power Corporation
50147,US Geothermal Inc.
50148,white mountain energy llc
50150,bay corp holdings
50151,Caterpillar Power Generation Systems
50152,"Fauquier Landfill Gas, LLC"
50155,Crescent Ridge LLC
50157,South Point Energy Center LLC
50158,Innovative Energy Systems Inc
50159,"morris energy group, llc"
50160,Pedricktown Cogeneration Company LP
50161,FirstEnergy Nuclear Operating Company
50163,Valero Energy Corporation
50164,"General Electric International, Inc."
50165,Chillicothe Paper Inc
50166,Crete Energy Venture LLC
50167,Benton Falls Associates
50168,Maxim Power (USA) Inc
50169,invenergy tn llc
50170,wolverine creek energy llc
50171,spring canyon energy llc
50172,Yoakum Electric Generating Cooperative
50173,Nacogdoches Power LLC
50174,Electric Transmission Texas LLC
50492,
51074,
51389,hays energy limited partmershi
54678,cneaf plant
54679,BP Piney & Deep Creek LLC
54680,San Joaquin LLC
54681,Evergreen Pulp Inc.
54682,Maverick Cnty Wtr Control & Imp Dst No 1
54683,Maverick Cty Water Control & Improvement
54684,"Flat Rock Windpower, LLC"
54685,Edison Mission Op & Maintenance Inc
54686,Gauley River Power Partners  LP
54687,North American Energy Services Company
54688,efs crockett lp holdings llc
54689,ogpa crockett llc
54690,Western Renewable Energy  LLC
54691,Auburndale Peaker Energy Center LLC
54692,Santa Rosa Energy Center LLC
54693,Osprey Energy Center
54694,calpine construction finance co lp
54695,Wharton County
54696,Little Mac Power Company
54697,Little Mac Power Services
54698,la paloma acquisition company llc
54699,Solo Cup Co
54700,Paris Generation LP
54701,ontelaunee power operating company llc
54702,Navasota Wharton Energy Partners LP
54703,Navasota Odessa Energy Partners LP
54704,Metropolitan Pier and Exposition Auth
54705,Seadrift Coke L P
54707,Blue Canyon Windpower II LLC
54708,EPCORUSA
54709,High Trail Wind Farm LLC
54710,Golden State Water Company
54711,Basic Chemical Company LLC
54713,Chevron USA Inc
54714,boott sheldon holdings llc
54716,St Marys Cement Inc
54717,FPL Energy Burleigh County Wind LLC
54718,Dominion Energy Kewaunee Inc.
54719,K & M Energy LLC
54720,hawthorne power systems
54721,Viridis Energy
54722,Grizzly Mountain Ranch
54723,edgecombe genco llc
54724,spruance genco llc
54725,CHI Operations Inc
54726,Pepperell Realty LLC
54727,DPS Gregory  LLC
54729,babcock & brown sweetwater 2 llc
54730,catamount sweetwater 2 llc
54731,babcock & brown kumeyaay llc
54732,babcock & brown sweetwater 3 llc
54733,catamount sweetwater 3 llc
54734,new york life insurance company
54735,halsey street investments llc
54736,AltaGas Pomona Energy Inc.
54737,3200 windy hill road investors llc
54738,Thilmany LLC
54739,fpl duane arnold llc
54740,black hills idaho management
54741,Dan's Mountain Wind Force LLC
54742,Liberty Gap Wind Force LLC
54744,Northern Iowa Windpower II LLC
54745,International Paper - Orange
54746,kohlberg and company
54747,Mount Storm Wind Force LLC
54748,Savage Mountain Wind Force LLC
54749,northern iowa windpower iii llc
54750,columbia community windpower llc
54751,wisconsin community windpower llc
54752,midwest renewable energy projects llc
54753,winnebago windpower llc
54754,clipper windpower inc
54755,Morris Cogeneration LLC
54756,western wind energy co
54757,Invenergy LLC
54758,Airtricity Forest Creek Wind Farm LLC
54759,Mesquite Wind LLC
54760,Hawthorne Power Systems
54761,Community Energy Inc
54762,xto energy
54763,huntley power llc
54765,Bear Swamp Power Company LLC
54766,emera inc
54767,West Texas Renewables LP
54769,INEOS USA LLC
54771,alliance energy group llc
54772,centennial energy resources llc
54773,Wood Group Power Operations - Dartmouth
54775,Lock 7 Hydro Partners LLC
54776,firstenergy nuclear generation corp
54777,CCI Signal Hill LLC
54778,Solargenix Energy LLC
54779,AES Western Power LLC
54780,Mint Farm Energy Center LLC
54781,d e shaw synoptic acquisition i llc
54782,fpp whitewater ii llc
54783,Amp Resources (Cove Fort) LLC
54784,NewPage Corporation
54785,ogpa whitewater llc
54786,RP Operations Company LLC
54787,The Premcor Refining Group Inc
54788,DG Fairhaven Power LLC
54789,AgriWind LLC
54790,Stahl Wind Energy LLC
54791,Carstensen Wind LLC
54792,Northern Lights Wind LLC
54793,Lucky Wind LLC
54794,Greenback Energy LLC
54795,Professional Plant Operations Inc
54796,Union Power Partners LP
54797,blue heron paper co of california llc
54798,Storm Lake Power Partners I LLC
54799,FPL Energy Oliver County Wind II LLC
54800,Michigan Wind 1 LLC
54801,LS Power - Morro Bay LLC
54802,Dynegy -Moss Landing LLC
54803,"Dynegy Oakland, LLC"
54804,Dynegy - South Bay LLC
54805,Dynegy - Arlington LLC
54806,DTE Energy Services-Woodland
54807,ogpa cottage grove llc
54808,Sexton Energy LLC
54809,Wailuku Holding Company LLC
54810,Broad River Energy LLC
54811,Huber Renewable Energy Works LLC
54812,AMERESCO Chicopee Energy LLC
54813,AMERESCO Janesville LLC
54814,AMERESCO Santa Cruz Energy LLC
54815,AMERESCO Delaware South
54816,AMERESCO Delaware Central
54817,Fairless Energy LLC
54818,tenaska iii inc
54819,FPL Energy Mower County LLC
54820,direct energy services
54821,Rumford Power
54822,Geneva Energy LLC
54823,Wausau Paper Mills LLC
54824,SUEZ Energy Generation NA Inc
54825,Crozer Chester Medical Center
54826,amp resources (cove fort) llc
54827,Telogia Power LLC
54828,cq inc
54829,fpp cottage grove ii llc
54830,"ogpa selkirk, inc"
54831,international energy services usa inc
54832,Escambia Operating Co  LLC
54833,escambia assetts co. llc
54834,douglas muth
54835,mission minnesota wind llc
54836,ineos usa llc
54837,INEOS Nitriles Greenlake
54838,Windsor Machinery Co Inc
54839,Eagle Materials Co LLC
54840,Spindle Hill Energy LLC
54841,pre-buy electric
54842,WM Renewable Energy LLC
54843,WM Illinois Renewable Energy LLC
54844,Modern Mallard Energy LLC
54845,Colorado & Santa Fe Energy Co
54846,Hawi Renewable Development LLC
54847,fossil gulch twin park llc
54848,jasper energy
54849,primesouth inc
54850,Wabash Power Equipment Company
54851,babcock & brown renewable holdings inc
54852,orni 3 llc
54853,Evergreen Wind Power LLC
54854,Kaheawa Wind Power LLC
54855,cedar creek wind holdings llc
54856,ecogen wind holding llc
54857,catamount sweetwater 5 llc
54858,catamount sweetwater 4 llc
54859,babcock & brown wind park jersey llc
54860,ch wind community energy llc
54861,fc energy finance i inc
54862,champion energy services
54863,U S Power Generating Company LLC
54864,Gamesa Energy USA  LLC
54865,ANP-Coleto Creek
54866,Robinson Power Company LLC
54867,Christian County Generation LLC
54868,LSP Services Plum Point  LLC
54869,WMPI PTY  LLC
54870,FPL Energy Red Canyon LLC
54871,glacial energy holdings
54872,"accent energy holdings, llc"
54873,freedom energy
54874,Lea Power Partners LLC
54875,"new york industrial energy buyers, llc"
54876,Flambeau River Papers
54878,Oregon Environmental Industries LLC
54879,General Electric International Inc
54880,P H  Glatfelter Company
54881,Horsehead Corporation
54882,MMC Energy Inc
54883,mmc chula vista llc
54884,mmc escondido llc
54885,NRG Wholesale Generation LP
54886,duquesne keystone llc
54887,duquesne conemaugh llc
54888,NRG Texas Power LLC
54889,Carlyle/Riverstone Renewable Energy
54890,Russell City Energy Company LLC
54891,Altura Power
54892,"integrys energy services of texas, lp"
54893,noco electric
54894,Roseburg Forest Products
54895,FirstLight Power Resources Services LLC
54897,firstlight hydro generating company
54898,mt tom generating company
54899,NAES Corporation - (DE)
54900,Stimson Lumber Company
54901,american powernet
54902,SunE Alamosa1 LLC
54903,Unisource Energy Development Company
54904,High Prairie Wind Farm II LLC
54905,duke energy carolinas llc
54906,"Tradewind Energy, Inc."
54907,ReNu Power Holdings LLC
54908,westmoreland coal company
54909,GE Energy Services
54910,general electric international inc
54911,Tesoro Refng Marketing Co Mntn Region
54912,fox energy company llc
54913,NSTAR Electric Company
54914,Squirrel Creek Energy LLC
54915,"Dogwood Power Management, LLC"
54916,Phillips 66 Billings Refinery
55114,alliant energy neenah llc
55115,alon usa lp
55118,aes ironwood
55130,aep texas central company
55131,desert sky wind
55134,amergen energy
55136,calpine eastern corporation
55137,"mayo hydropower, llc"
55145,bayou cove
55148,beowawe power llc
55151,western kentucky energy corp
55153,black river generation llc
55155,allete inc
55167,calpine corporation-pwd
55168,calpine geysers company lp
55169,calpine oneta power lp
55170,calpine geysers co lp
55172,calpine corp-yuba city
55175,calpine magic valley
55176,fenner wind corporation
55179,murphy-brown llc
55182,sts hydropower
55184,Acadia Power Partners
55191,union light heat & power
55195,delta-person generating sta
55197,"quachita operating services, llc"
55200,constellation nuclear llc
55201,covanta mid-conn inc
55206,conectiv delmarva generation
55207,great river energy
55208,coso finance partners
55209,coso energy developers
55213,sts hydropower
55218,elwood energy llc
55219,dominion resources inc
55220,dominion resources
55226,kincaid generation llc
55227,"dpl energy, llc"
55229,duke energy south bay llc
55231,dutchess county resource
55232,dynegy power corporation
55233,dynegy northeast generating
55234,duke energy murray llc
55235,"cinergy solutions o & m, llc"
55240,eme homer city generation lp
55243,entergy nuclear power marketing llc
55245,exelon corp
55246,exeter energy ltd partnership
55251,cameron ridge
55252,altamont power llc
55255,cellu tissue corp
55263,fpl energy maine inc
55267,fpl energy operating srvce inc
55269,NextEra Energy Duane Arnold LLC
55270,gamet
55281,grayling generating station lp
55285,green knight energy center
55287,northbrook energy
55288,duke energy field services
55289,"gwf power systems, l.p."
55290,hl power company
55292,anp operations company - hays
55297,power investment inc
55302,dynegy midwest generation
55304,indianapolis power & light co
55305,indianapolis power & light co
55306,yolo co flood control & wcd
55307,Colorado Energy Management
55308,inland steel company-2ac
55329,westar energy inc.
55332,kauai island utility cooperative
55334,boralex new york inc
55337,koma kulshan associates
55339,lacomb irrigation district
55341,algonquin power - cambrian pacific llc
55346,fpl energy san gorgonio
55347,koogler&associates
55348,lewiston (city of)
55349,dighton power associates lp
55350,shell wind energy
55353,keyspan energy
55358,massachusetts water res auth
55362,mead paper-rumford mill
55368,ipa operations co
55369,"minwind ii, llc"
55372,j w operating co
55374,minnesota methane llc
55386,cinergy solutions o&m llc
55388,city of new martinsville
55390,caithness energy
55394,boralex - livermore falls
55395,boralex fort fairfield inc
55396,calpine newark llc
55397,NRG Energy Inc
55408,covanta fairfax inc
55414,oswego harbor power
55415,opal springs hydro
55417,caithness dixie valley llc
55419,ppg industries inc
55420,ppg industries inc
55421,ppg industries inc
55423,palomar energy center llc
55426,penobscot hydro llc
55430,pilgrim nuclear power station
55436,ppl corporation
55439,ppm energy inc
55443,pseg fossil llc
55449,ridgecrest wind partners llc
55450,shorock hydro incorporated
55460,"enel north america, inc"
55461,dexter plant
55462,amercian ref-fuel company
55463,shell offshore inc
55464,seawest windpower
55469,reliant energy mid-atlantic power holdin
55473,mirant new york inc
55476,mirant california
55491,storm lake power partnerii llc
55498,tapoco inc
55499,tpc 4 inc
55507,sts hydropower
55509,west group
55510,Tiverton Power LLC
55511,tpc 3/5 inc
55512,transalta centralia generation llc
55514,"twin oaks power, llp"
55521,usace-r b russell
55522,usbr-great plains region
55523,usbr-lower colorado region
55525,valdosta city of
55526,sts hydropower ltd
55527,aes seawest inc
55528,aes seawest inc
55530,indian river operations inc.
55531,vintage petroleum
55532,usce-j strom thurmond
55534,weeks falls hydroelectric proj
55536,wps westwood generation llc
55557,lamar power partners lp
55558,usbr-pacific northwest region
55559,usce-vickburg district
55571,ormesa llc
55573,berkshire power company llc
55581,amergen
55583,nrg dunkirk power llc
55585,covanta union inc
55588,nrg energy inc arthur kill
55590,ameren energy generating co
55595,phelps dodge corporation - tyrone
55596,"allegheny energy supply co, llc"
55597,usce-hartwell power plant
55600,Cadillac Renewable Energy LLC
55603,calpine south point power plant
55610,gas recovery systems inc
55612,great lakes hydro america-nh
55614,usbr-upper colorado region
55615,western gas resources inc
55616,western gas resources inc
55617,gray county wind energy llc
55618,lake benton power partners ii llc
55619,"badger windpower, llc"
55621,lake benton power partners llc
55622,west pharmaceutical services
55623,liberty electric power llc
55627,astoria gas
55629,mirant zeeland llc
55630,mirant sugar creek llc
55631,yadkin inc
55634,us steel fairfield works
55638,orion power new york - ny
55641,aes southland l l c-redondo
55643,nrg devon operations inc
55649,Ontelaunee Energy Center
55650,tpc windfarms llc
55651,genesee power station lp
55653,vermillion generating stat llc
55654,"rathdrum operating services co, inc."
55656,rock-tenn co
55657,sunrise power co llc
55664,cousins properties inc
55666,delaware mountain lp
55669,norwalk harbor power llc
55671,american mun power-ohio inc
55673,dry creek llc
55676,altech iii
55677,seawest windpower ind
55682,horsehead corporation
55683,calenergy operation corp
55684,northern star generation svcs
55685,lincoln generator facility llc
55687,brascan power new york
55688,dominion energy salem harbor llc
55689,dominion energy brayton point
55690,dominion energy manchester str
55691,padoma wind power llc
55692,exergy development group
55694,tenaska power fund
55696,FPL Energy Oliver County Wind
55697,idaho water resources board
55698,Hawks Nest Hydro LLC
55699,brookfield energy marketing us llc
55700,casselman windpower llc
55701,sempra generation
55702,DRG School Land LLC
55703,Otsego Paper Inc
55704,Tiber Montana LLC
55705,rockgen ol-1
55706,rockgen ol-2
55707,rockgen ol-3
55708,rockgen ol-4
55709,lsp mohave llc
55710,Barrick Goldstrike Mines Inc
55711,FPL Energy Operating Services Inc - SEGS
55712,BTEC Turbines LP
55713,FPL Energy OSI Blythe
55714,"Worley Parsons Group, Inc."
55715,Vintage Production California LLC
55716,"fpl energy, llc"
55717,carlyle/riverstone
55718,Northern Arizona Energy LLC
55720,Iberdrola Renewable Energies USA
55721,Fortis Capital
55723,PPL Renewable Energy LLC
55724,fpl energy segs iii-vii gp llc
55725,hyperion viii inc
55726,hyperion ix inc
55727,Orion Engineered Carbons
55728,Bright Light Capital LLC
55729,Duke Energy Kentucky Inc
55730,southaven power llc
55731,CalTex Holdings LP
55732,DEGS of Narrows LLC
55733,Waste Management Energy Solutions Inc
55734,Cow Branch
55735,Conception
55736,Loess Hills
55737,Wind Capital Holdings LLC
55738,Verso Paper Androscoggin LLC
55739,Edgecombe Operating Services LLC
55740,Spruance Genco LLC
55741,Altivity Packaging
55742,windom transmission
55743,eastridge transmission
55744,Acciona Solar Power
55745,Redbud Energy LP
55746,SI Group Energy LLC
55747,columbia flooring inc
55748,Tenaska Armstrong Energy
55749,Pleasants Energy LLC
55750,osaka gas rusk power llc
55751,harbert tvp general llc
55752,concord hydro associates
55753,Essex Hydro Associates LLC
55754,Boralex Hydro Operations Inc
55755,Fox Valley Energy Center LLC
55756,Duke Energy Generation Services
55757,Johnson Controls Inc
55759,H H Management LLC
55760,desert power associates
55761,Airstreams LLC
55762,verde resources corp
55764,john deere renewables llc
55766,Boralex Sherman LLC
55767,Fred Duchi and Associates
55768,RC Cape May Holdings LLC
55769,APT Generation LLC
55770,fred duchi jr
55771,KapStone Kraft Paper Corp
55772,Paducah Power System
55773,"Dighton Power, LLC"
55776,Entegra Power Group LLC
55777,quachita operating llc
55778,pepperell hydro company llc
55779,WVA Manufacturing LLC
55782,MMA Renewable Ventures
55783,Cumberland and Western Resources
55784,California Power Holdings LLC
55785,FPL Peetz Table Wind Energy
55786,DTE Energy Services Pontiac North
55788,river bounty inc
55789,Red Shield Environmental LLC
55790,keystone power llc
55791,RPL Holding Inc
55792,Caithness VG Wind LLC
55793,Cascades Boxboard Group Connecticut LLC
55794,North American Energy Services
55795,Bethlehem Renewable Energy LLC
55796,Eastern Landfill Gas LLC
55797,commonwealth green energy llc
55798,commonwealth landfill gas
55799,FPL Energy Langdon Wind LLC
55800,Lion Copolymer LLC
55801,cedar bay generating company lp
55802,keystone urban renewal lp
55803,quachita power llc
55804,lsp-whitewater lp
55805,cogentrix cottage grove llc
55806,Westmoreland Power Operations LLC
55807,Niagara Generation LLC
55808,Westmoreland Partners
55809,Niagara Wind Power LLC
55810,Augusta Canal Authority
55811,melaver enterprise mill llc
55816,Robbins Community Power LLC
55817,Sunset Breeze LLC
55818,Minnesota Breeze LLC
55819,G Flow Wind LLC
55820,Wolf Wind Enterprises LLC
55821,Green Acres Breeze LLC
55822,Roadrunner I LLC
55823,Windy Dog I LLC
55824,Blue Breezes LLC
55825,Blue Breezes II LLC
55826,Breezy Bucks I LLC
55827,Breezy Bucks II LLC
55828,Salty Dog I LLC
55829,Salty Dog II LLC
55830,Wally's Wind Farm LLC
55831,black bear power llc
55832,Cowell
55833,EXC Wind 6
55834,EXC Wind 5
55835,EXC Wind 4
55836,EXC Wind 3
55837,EXC Wind 2
55838,EXC Wind 1
55839,Domtar Paper Company LLC
55840,EWP RENEWABLE CORP.
55842,city of new york
55843,Dynegy Morro Bay LLC
55844,"Bridgeport Energy II, LLC"
55845,CAMS Mackinaw Power Operations LLC
55846,Newark Bay Cogeneration Partnership LP
55847,Snyder Wind Farm LLC
55848,Sugar Creek Power Company LLC
55849,Domtar Paper Co LLC Kingsport Mill
55850,Thermal Energy Development Part LP
55851,zeeland power company llc
55852,Las Vegas Power Company LLC
55854,Crosstex Energy Inc
55855,Rough and Ready Lumber Company
55856,langdon wind llc
55857,Edom Hills Project 1 LLC
55858,Energy Developments Inc
55859,Thompson River Co-Gen LLC
55860,Renew Hydro LLC
55861,Sandy Creek Energy Associates  L P
55862,Logan Wind Energy LLC
55863,Evergreen Packaging Inc
55864,ls power associates lp
55865,sandy creek gp
55866,Old Trail Wind Farm LLC
55867,Verso Corp Escanaba Paper Co
55868,Noble Wind Operations LLC
55869,noble environmental power
55870,purenergy operating services llc
55871,"Covanta Projects, LLC"
55872,"deliddo & associates, inc. dba deers"
55873,Harvest I
55876,Capitol Broadcasting Company Inc
55877,Severstal Sparrows Point LLC
55879,Optim Energy LLC
55880,Telocaset Wind Power Partners
55881,BC Energy LLC
55882,KC Energy LLC
55883,K&D Energy LLC
55884,KSS Turbines LLC
55885,Prairie Wind Power LLC
55886,Smoky Hills Wind Farm I LLC
55887,Canandaigua Power Partners LLC
55888,Canandaigua Power Partners II LLC
55889,Windfarm Prattsburgh LLC
55890,Bennett Creek Windfarm LLC
55891,Hot Springs
55892,Starwood Power Midway LLC
55893,St Paul Cogeneration LLC
55894,Worcester County Renewable Energy  LLC
55895,ever green energy llc
55896,starwood energy infrastructure fund lp
55898,wharton county generation llc
55899,Calpine Bosque Energy Center LLC
55900,apex power company llc
55901,Osceola Windpower LLC
55903,Domtar Paper Company LLC
55904,Wellington Development WVDT LLC
55905,Wood Group Power Operations Inc
55906,NextEra Energy Point Beach LLC
55907,White Creek Wind 1 LLC
55908,Brookfield Power
55909,Generation Energy Inc
55910,Lanai Sustainability Research LLC
55911,Whitewater Operating Services LLC
55912,Cottage Grove Operating Services LLC
55913,West Georgia Generating Company LLC
55914,GE Energy Financial Services
55915,Cascades Tissue Group
55916,morgan stanley senior funding inc
55917,National Institutes of Health
55918,Acciona Wind Energy USA LLC
55919,Georgia-Pacific Consr Prods LP-Green Bay
55920,Bio-Gas Technologies LTD
55921,Renegy Susanville LLC
55922,Whirlwind Energy LLC
55923,Planergy Ramsey Methane LLC
55924,"Longview Power, LLC"
55925,Novo Biopower LLC
55926,Wellhead Power Margarita LLC
55927,Power4Georgians LLC
55928,Coram Tehachapi  LP
55929,Cape Wind Associates LLC
55930,klamath energy llc
55931,Orion Energy Group LLC
55932,Georgia-Pacific Brewton LLC
55933,georgia pacific llc
55934,City of Stockton MUD
55935,pratt & whitney power systems
55936,Entergy Gulf States Louisiana LLC
55937,Entergy Texas Inc.
55938,Industrial Power Generating Company LLC
55939,Columbia Basin Hydropower
55940,Cannon Power Corporation
55941,Northbrook Lyons Falls LLC
55942,CalPeak Power - Border LLC
55943,CalPeak Power  - El Cajon LLC
55944,CalPeak Power - Enterprise LLC
55945,CalPeak Power - Panoche LLC
55946,CalPeak Power - Vaca Dixon LLC
55951,Exelon Nuclear
55952,Merced Power LLC
55953,Ampersand Chowchilla Biomass LLC
55954,Christoffer Wind Energy I LLC
55955,Christoffer Wind Energy II LLC
55956,Christoffer Wind Energy III LLC
55957,Christoffer Wind Energy IV LLC
55958,Capricorn Ridge Wind LLC
55959,roughrider electric cooperative
55960,GreenHunter Energy Inc
55961,CalRenew-1 LLC
55962,City of Victorville
55963,AE Power Services LLC
55964,bp wind energy north america inc
55965,Verso Corporation
55966,mission bingham lake wind llc
55967,mission wind texas ii inc
55968,Evergreen BioPower LLC
55969,Winnebago Energy Center LLC
55970,JHP Pharmaceuticals LLC
55972,Valencia Power LLC
55973,Catalyst Paper Corp
55975,sherbino i holdings llc
55976,nrg sherbino llc
55977,fowler ridge iii llc
55978,dominion fowler ridge wind llc
55979,fowler ridge holdings llc
55980,winnebago energy center llc
55981,Elbow Creek Wind Project LLC
55982,heart of texas electric coop
55983,Luminant Generation Company LLC
55985,Tesoro Refining and Marketing Company
55987,CER Generation LLC
55988,Virginia Polytechnic Inst and State Unv
55989,Covanta Mendota LP
55990,"Cloud County Windfarm, LLC"
55992,"Pioneer Prairie Wind Farm I, LLC"
55993,"Kleen Energy Systems, LLC"
55994,University of Arizona - Biosphere 2
55995,Plum Point Energy Associates LLC
55996,plum point energy associates llc
55997,Domtar Paper Company Rothschild
55998,oncor
55999,tres vaqueros wind farms llc
56000,mendota hills llc
56001,sweetwater wind 1 llc
56002,sweetwater wind 2 llc
56003,caprock wind llc
56004,kumeyaay wind llc
56005,crescent ridge llc
56006,wind park bear creek llc
56007,jersey atlantic wind llc
56008,sweetwater wind 3 llc
56009,aragonne wind llc
56010,sweetwater wind 4 llc
56011,cedar creek wind energy llc
56012,sweetwater wind 5 llc
56013,buena vista energy llc
56014,gsg llc
56015,allegheny ridge wind farm llc
56016,Yellow Pine Energy Company LLC
56017,Avenal Power Center LLC
56018,goldman sachs and co
56019,"Panoche Energy Center, LLC"
56020,NRG Cedar Bayou Development Company LLC
56021,mackinaw power llc
56022,mitsui & co
56023,Arizona Solar One LLC
56024,Kamin LLC
56025,cdo r&d campus holdings llc
56026,MMA DAS Power
56027,MMA LA Power LP
56028,MMA Fresno Power LP
56029,Fibrowatt LLC
56030,TransCanada Maine Wind Development Inc
56031,CPV Maryland LLC
56032,mid-kansas electric company llc
56033,Hackberry Wind LLC
56034,Marshall Wind 1 LLC
56035,Marshall Wind 2 LLC
56036,Marshall Wind 3 LLC
56037,Marshall Wind 4 LLC
56038,Marshall Wind 5 LLC
56039,Marshall Wind 6 LLC
56040,cajun gas energy llc
56041,EXC Wind 7
56042,EXC Wind 8
56043,EXC Wind 9
56044,EXC Wind 10
56045,EXC Wind 11
56046,High Plains
56047,ecogen wind llc
56048,butler ridge llc
56049,majestic wind power llc
56050,south trent wind llc
56051,wessington wind llc
56052,north allegheny wind llc
56053,hatchet ridge wind llc
56054,rock run wind park llc
56055,aragonne wind ii llc
56056,lancaster wind farm llc
56057,texas gulf wind llc
56058,el paso wind llc
56059,paragon assets
56060,Western GeoPower Inc
56061,Reedsport OPT Wave Park LLC
56062,Montenay Islip Inc
56063,lake cogen ltd
56064,occidental energy ventures corporation
56065,York Haven Power Company LLC
56066,cms exeter llc
56067,"Plainfield Renewable Energy, LLC"
56068,itc transmission
56069,"SunCoke Energy, Inc."
56070,olympus power
56071,"Sagebrush Power Partners, LLC"
56072,"Marble River, LLC"
56073,Wheat Field Wind Power Project LLC
56074,Arlington Wind Power Project LLC
56075,Rail Splitter Wind Farm LLC
56076,State Farm Insurance
56077,brazos sandy creek electric coop inc
56078,CMP Sartell LLC
56079,Vanguard Natural Resources LLC
56080,enxco inc
56081,Southeastern Chester County Refuse Auth
56082,Biofuels Power Corporation
56083,masco retail cabinet group llc
56084,Springfield Power LLC
56085,Rockgen Energy LLC
56086,prairie power inc
56087,lively grove energy partners llc
56088,alliant energy
56089,sacramento financing authority
56090,Star  West Gen Griffith Energy LLC
56091,grays harbor energy llc
56093,alcoa power generating inc yadkin div
56094,Medicine Bow Fuel & Power LLC
56095,pjm interconnection llc
56096,eagle rock energy partners
56097,Noranda Alumina LLC
56098,suez-degs of tuscola llc
56099,Covanta Delano Inc
56100,AMERESCO Stafford LLC
56101,AMERESCO Ox Mountain Energy LLC
56102,AMERESCO Jefferson City LLC
56103,AMERESCO Keller Canyon LLC
56104,AMERESCO Chiquita Canyon LLC
56105,MMA WBF Power LP
56106,riverwood 100 vaf llc
56107,Fifth Street Management Co LLC
56108,Targa Pipeline Mid-Continent WestTex LLC
56109,atlas pipeline mid continent llc
56110,Thompson River Power LLC
56112,los angeles community college district
56113,MMA GDC Power LP
56114,MMA Belmar Power LLC
56115,Fortistar Methane Group
56116,mma rc power lp
56117,GreenVolts Inc
56118,entity to hold plants that need deletion
56119,FPL Energy Story Wind LLC
56120,Blue Lake Power LLC
56121,Osceola Windpower II
56122,FPL Energy Ashtabula Wind LLC
56123,FPL Energy Crystal Lake Wind LLC
56124,FPL Energy Crystal Lake Wind II LLC
56125,Covanta Springfield LLC
56126,city of columbia sc
56127,Orange Grove Energy LP
56128,SAS Institute Inc
56129,stirling energy systems inc
56130,ken lever
56132,SunE SR1 Rifle EIC LLC
56133,L'Anse Warden Electric Company LLC
56134,traxys na
56135,nrg cedar bayou development company llc
56136,optim energy cedar bayou 4 llc
56137,Domtar LLC
56138,Atlas Pipeline Mid Continent WestOK LLC
56139,southwest transmission coop inc
56140,terra-gen power llc
56141,Federal Power Avenal LLC
56142,"Alliance NYGT, LLC"
56143,Fairfield University
56144,burney biomass power llc
56145,AES Alternative Energy
56146,Black Hills/Colorado Elec.Util
56147,ArcelorMittal Burns Harbor Inc
56148,Aspen Power LLC
56149,xcel energy inc
56150,ArcelorMittal USA Inc
56151,Dynegy South Bay LLC
56152,New Smyrna Beach Utilities Commission
56153,fortress investment group
56155,Lansing Board of Water and Light
56156,harvest energy inc
56157,Cassia Gulch
56158,Cassia Wind
56159,Threemile Canyon Wind I
56160,NAEA Operating Company LLC
56161,itc midwest llc
56162,american transmission systems inc
56163,michigan electric transmission company
56164,International Paper - Valliant
56165,ArcelorMittal Indiana Harbor West
56166,Stirling Energy Systems Solar One LLC
56167,"Imperial Valley Solar, LLC"
56168,Stirling Energy Systems Solar Three LLC
56169,we energies
56170,cogentrix whitewater llc
56171,Bicent Power
56172,walter b hall resource recovery facility
56173,uspfii ferndale holdings llc
56174,Finch Paper LLC
56175,Fairbanks Morse Engine
56176,usrg tracy gp llc
56177,empire gen holdco llc
56178,Montgomery L'Energia Power Partners LP
56179,Integral Energy Management
56180,oskienergy llc
56181,brp holdco
56182,covanta w b h generating
56183,SunE NC Progress 1 LLC
56184,California New Power 2006-1 LLC
56185,efs-g llc
56186,terra-gen california wind holdings llc
56187,Verso Paper - Quinnesec
56188,FSE Blythe 1 LLC
56189,American Profol Incorporated
56190,Savannah River Nuclear Solutions LLC
56191,u s department of energy
56192,Entergy Nuclear Palisades LLC
56193,usrg tracy lp llc
56195,BP Alternative Energy
56198,plains end ii llc
56199,masco corporation
56200,karnavati holdings inc
56201,Engie North America
56203,Solar Star NAFB LLC
56204,CPV Valley LLC
56205,Philadelphia Water Department
56206,CommonWealth Resource Management Corp
56207,Ausra CA I LLC
56208,Smart Papers Holdings LLC
56209,plainfield asset management llc
56211,KCP&L Greater Missouri Operations Co
56213,IPA Operations Inc - Calumet
56214,Hazleton Generation LLC
56215,E ON Climate Renewables N America LLC
56216,Multitrade Rabun Gap LLC
56217,Portsmouth Operating Services LLC
56218,Coolidge Power LLC
56219,Peregrine Biomass Development Company
56221,New England Confectionery Co Inc
56222,Bull Creek Wind LLC
56224,rancho cucamonga municipal utility
56225,Clearwater Paper Corporation
56226,Four Peaks Energy Inc
56227,Greenville Gas Producers LLC
56228,tenaska elkhorn ridge i llc
56229,tenaska elkhorn ridge ii llc
56230,tenaska elkhorn ridge iii llc
56231,Martifier Renewables Solar Thermal LLC
56232,san joaquin solar i llc
56233,san joaquin solar ii llc
56234,pyron wind farm llc
56235,inadale wind farm llc
56236,West Deptford Energy LLC
56237,QVC Inc
56238,Butter Creek Power LLC
56239,Big Top LLC
56240,Four Corners Windfarm LLC
56241,Four Mile Canyon Windfarm LLC
56242,Oregon Trail Windfarm LLC
56243,Pacific Canyon Windfarm LLC
56244,Sand Ranch Windfarm LLC
56245,Wagon Trail LLC
56246,Greensburg
56248,"young energy, llc"
56249,NGP Blue Mountain I LLC
56250,stony creek wind farm llc
56251,ec&r panther creek wind farm iii llc
56252,ec&r papalote creek i llc
56256,city of atka
56261,Iredell Transmission LLC
56262,michigan wind 1 llc
56263,wellhead power helm llc
56266,Green Gas-Pioneer Crossing Energy LLC
56267,Bayonne Energy Center LLC
56268,City of Rock Island
56271,Duke Energy DEGS Happy Jack
56272,Duke Energy DEGS Notrees
56273,Duke Energy DEGS Ocotillo
56274,teton operating services llc
56275,El Cajon Energy LLC
56277,FLS Energy Solar 10
56280,Evergreen Wind Power III LLC
56281,Stetson Mountain Wind II
56282,Evergreen Wind Power II LLC
56283,Evergreen Wind Power V LLC
56284,MF Mesa Lane LLC
56285,Smoky Hills Wind Project II LLC
56287,Sun Energy Operating LLC
56289,International Paper Corporation
56290,CPV Vaca Station LLC
56291,International Paper Co.
56293,DTE Stoneman LLC
56294,SunE WG113 Moreno Valley LLC
56295,SunE MPC Vacaville LLC
56296,SunE WG45 Woodland LLC
56297,SunE CPA CDC2 LLC
56299,SunEdison Origination1 LLC
56300,SunE KHL55 San Bernardino LLC
56301,sune ab fairfield llc
56302,SunE CPA CDC1 LLC
56303,SunE WMT7033DC Apple Valley LLC
56304,Air Products LLC
56305,Town of Scotia Company  LLC
56306,DeKalb County GA
56307,"tyr energy, inc"
56308,new england waste services of ny inc
56309,hyland facility associates
56310,Boise White Paper LLC
56311,ocotillo windpower lp
56312,te notrees llc
56313,degs wind 1 llc
56314,ipa central llc
56316,Covanta Tulsa Renewable Energy LLC
56317,Standard Binghamton LLC
56318,CB&I
56319,gesf birchwood llc
56320,gesf birchwood-gp llc
56321,tifd iii-t llc
56322,j-power birchwood lp
56323,j-power birchwood power gp llc
56327,Ashland Inc
56328,International Power America Inc
56329,drawbridge long dated value fund i
56330,daimler chrysler capital services llc
56331,philip morris capital corporation
56332,pacific harbor capital inc
56333,mwr capital inc
56334,WEHRAN Energy Corporation
56335,southwest generation llc
56336,Milford Wind Corridor Phase I LLC
56337,Vermont Wind LLC
56338,Kahuku Wind Power LLC
56339,Champlain Wind LLC
56340,Pioneer Valley Wind LLC
56341,Kaheawa Wind Power II LLC
56342,Blue Sky East LLC
56343,raft river energy i llc
56344,SeaWest Asset Management Services Inc
56345,naea ocean peaking power llc
56346,Conectiv Vineland Solar LLC
56347,frontier technology inc
56348,gary p marcus
56349,westex holdings llc
56350,fulcrum power services lp
56351,Denton Power LLC
56352,GenConn Devon LLC
56353,Twin Cities Hydro LLC
56354,GenConn Middletown LLC
56355,LES Project Holdings LLC
56356,Erie Wind LLC
56357,hodges wind holdings llc
56358,CAMS NM LLC
56359,ipa operations inc
56361,Solar Partners I LLC
56362,Solar Partners II LLC
56363,Solar Partners VIII LLC
56364,United States Steel Granite City Works
56365,NaturEner Glacier Wind Energy 1 LLC
56366,NaturEner Glacier Wind Energy 2 LLC
56367,Columbus Water Works
56368,Mancelona Renewable Resources LLC
56369,Truckee Meadows Water Authority
56370,j power usa development co ltd
56371,TPF II Rolling Hills LLC
56372,Stillwater Hydro Associates LLC
56373,groveton acquisition llc
56374,rio nogales power project llc
56375,Graphic Packaging International Inc
56376,sylvan power company llc
56377,Duke Energy DEGS Silver Sage Wndpwr LLC
56378,Duke Energy DEGS Campbell Hill
56380,EIF Channelview Cogeneration LLC
56381,Enel Cove Fort LLC
56382,lyonsdale associates llc
56383,Geneva Wood Fuels Inc
56384,city of pelican
56385,Duke Energy DEGS North Allegheny
56386,Essential Power Rock Springs LLC
56387,International Paper
56388,Sconza Candy Company
56389,Doyon Utilities - Ft. Wainwright
56390,capital power usa
56391,Freshwater Pulp Company
56392,Chalmette Refining LLC
56393,Adage Hamilton LLC
56394,Chevron USA
56395,J&A-Whittier LLC
56396,J&A-Santa Maria LLC
56397,J&A-Santa Maria II LLC
56398,DTE Pontiac North LLC
56399,j calumet energy team llc
56400,Simpson Tacoma Kraft Co LLC
56401,NAEA Energy Massachusetts  LLC
56402,Covanta  Maine LLC
56403,og&e electric services inc
56404,National Grid
56405,outagamie clean energy project llc
56406,Newark America
56407,BIOENERGY POWER LLC
56408,"UGI Energy Services, LLC"
56409,Milford Wind Corridor Stage II LLC
56410,Mesalands Community College
56411,Grays Harbor Paper LP
56412,IPA Operations Inc - Armstrong
56413,Koda Energy LLC
56414,Ashtabula Wind II LLC
56415,Wilton Wind II LLC
56416,Blue Canyon Windpower V LLC
56417,Meadow Lake Wind Farm LLC
56418,Blackstone Wind Farm LLC
56419,Lost Lakes Wind Farm LLC
56420,Meadow Lake Wind Farm II LLC
56421,Blackstone Wind Farm II LLC
56422,Black Prairie Wind Farm LLC
56423,Meadow Lake Wind Farm III LLC
56424,Quilt Block Wind Farm LLC
56425,Simpson Ridge Wind Farm LLC
56426,Greensburg Wind Farm LLC
56427,University of California Irvine
56430,sune alamosa1 holdings llc
56431,SunE U6 Holdings LLC
56432,sune solar trust vi
56433,wf-se-1 solar statutory trust
56434,SunE M5 Holdings LLC
56435,sune solar trust v
56436,citi renewable investments i llc
56437,Heritage Stoney Corners Wind Farm I LLC
56438,Catskill Mts Energy Corporation
56439,Beaver Ridge Wind LLC
56440,G2 Energy LLC
56442,united health care
56443,john t bean
56444,rod jones
56445,todd lindsey
56446,toby prehn
56447,peter wachtell
56448,Red Shield Acquisition LLC
56449,nick king
56450,joe wolf
56451,cindy wolf
56452,gina wolf
56453,ryan wolf
56454,mike wolf
56455,jerry schwarzrock
56456,amos schwarzrock
56457,daniel moore
56458,roger moore
56459,david norgaard
56460,renata norgaard
56461,wayne hesse
56462,sherri hesse
56463,paul schwarzrock
56464,shane cowell
56465,fort chicago
56466,Juniper Generation  LLC
56467,Ampersand Gilman Hydro LP
56468,north american energy alliance llc
56469,Elk City Oklahoma Pipeline LP
56470,esi cherokee holdings inc
56471,jay cashman inc
56472,mirsap1
56473,empeco iv llc
56475,Tuana Springs Energy LLC
56476,Ameresco
56477,Tallassee Shoals LLC
56478,University of Michigan NCampus Research
56479,PIC Group Inc
56480,Empire Generating Co  LLC
56481,pattern renewables lp
56482,Gamesa Wind US
56483,Eurus Combine Hills II LLC
56484,Butler Ridge Wind Energy Center
56485,ppl new jersey biogas llc
56486,ppl new jersey solar llc
56487,Krayn Wind LLC
56488,Ascend Performance Materials
56489,mike hooks inc
56490,LS Power Development LLC
56491,Tilton Energy LLC
56492,Maricopa Solar LLC
56493,RV CSU Power LLC
56494,Beech Ridge Energy LLC
56497,Big Valley Power LLC
56498,Weaver Bridgewater Dairy
56499,Harvest Wind Project TIC
56500,KPAQ Industries LLC
56503,tdx manley generating llc
56505,National Grid Generation LLC
56506,Langford Wind Power LLC
56507,mission wind goat mountain inc
56508,"cielo wind services, inc"
56509,oreg 4 inc
56510,Imperial Valley Resource Recovery Co LLC
56511,leucadia national corporation
56512,Liberty Green Renewables Indiana LLC
56513,LG Biomass Missouri LLC
56514,Windy Flats Partners LLC
56515,White River Hydroelectric
56516,"Morris Energy Operations Company, LLC"
56517,castleton energy center
56518,First State Marine Wind
56519,macquarie lg biomass llc
56520,Meadow Lake Wind Farm IV LLC
56523,Colorado Highlands Wind LLC
56524,Baca Energy LLC
56525,michigan waste energy inc
56526,itc great plains
56527,suez denver metro llc
56529,"orangeburg county biomass, llc"
56530,alterna springerville llc
56531,EIF Haypress LLC
56532,eif haypress llc
56533,Troy Energy LLC
56534,Cricket Valley Energy Center LLC
56535,city of williams - az
56536,riverside electric cooperative
56537,Evonik Degussa Corporation
56538,KEI (USA) Power Management Inc
56539,wm nevada renewable energy llc
56540,Northbrook Wisconsin LLC
56541,northbrook wisconsin llc
56542,waste management of carolinas inc
56543,Black Bear Hydro Partners LLC
56545,Pattern Operators LP
56547,intercontinental materials management
56548,Lost Creek Wind LLC
56549,powerpackages llc
56550,Vantage Wind Energy LLC
56552,The Dow Chemical Company
56553,chautauqua county
56554,air products manufacturing corporation
56555,FPL Energy Montezuma Wind
56556,spring valley wind llc
56557,ripley westfield wind llc
56558,Rolling Hills Generating LLC
56559,High Desert Power Project LLC
56560,tpf generation holdings llc
56561,Day County Wind LLC
56562,georgia energy cooperative
56563,Solar Star North Carolina I LLC
56564,valtec llc
56565,TX Solar I LLC
56566,duke energy generation services
56567,city and county of honolulu
56568,United Materials of Great Falls Inc
56569,dean baughman industrial services
56570,Coleto Creek Power LP
56572,black hills wyoming inc
56574,compression and engine services company
56575,Sunray Operating Services LLC
56576,cms generation filer city inc
56577,western michigan cogeneration lp
56578,kcr power co llc
56579,louisiana iron works inc
56580,waterbury generation llc
56581,global infrastructure partners
56582,Jacksonville Solar LLC
56583,Wyandot Solar LLC
56584,PSEG Solar Hackettstown LLC
56585,edison mission midwest ii inc
56588,j power tvp general llc
56589,Bottle Rock Power LLC
56590,Silverstreet Hydro
56591,Orange County Biomass LLC
56592,Idaho Wind Partners 1 LLC
56593,nrg solar pv llc
56594,kpaq industries llc
56595,ridgline energy llc
56596,Union Tribune LLC
56597,Hydro Kennebec LLC
56598,"Major Oak Power, LLC"
56599,Wind Energy America Inc
56600,Ascend Performance Materials LLC
56601,Covanta MacArthur Renewable Energy
56602,multitrade biomass holdings llc
56603,Roth Rock Wind Farm LLC
56604,green energy partners
56605,Delaware City Refining Company LLC
56606,Calpine New Jersey Generation LLC
56607,Calpine Bethlehem LLC
56608,Calpine Mid-Merit LLC
56609,Calpine Mid-Atlantic Generation LLC
56610,Calpine Vineland Solar LLC
56611,Gainesville Renewable Energy Center LLC
56612,Kit Carson Windpower LLC
56613,Frederickson Power LP
56614,CPI USA NC LLC
56615,First Solar Energy LLC
56616,ArcelorMittal Warren Inc
56617,Iowa Lakes Community College
56618,Victor Valley Community College District
56619,Air Force Civil Engineer Center
56621,Yakama Power
56622,NextEra Energy Resources
56623,renewable energy services of ohio llc
56624,TMC LLC
56625,Flat Water Wind Farm LLC
56626,blue hen wind
56627,DeWind Co.
56628,Iowa Stored Energy Plant Agency
56629,Lubbock Wind LLC
56630,Texico Wind LP
56631,Green Energy Capital Partners LLC
56633,Lake Country Wind Energy
56634,Massachusettes Electric
56635,NRG Marsh Landing LLC
56636,Community Wind Energy Transmission LLC
56637,SUNY-University at Buffalo
56638,woodstock municipal wind project llc
56639,"Rentech, Inc"
56640,Rice Solar Energy LLC
56641,Tonopah Solar Energy LLC
56642,Grant County Wind LLC
56643,mission wind cedro llc
56644,Solar Trust of America
56645,Aqua America Inc
56646,Covanta Plymouth Renewable Energy L P
56647,NRG Solar Alpine LLC
56648,higher perpetual energy
56649,mission wind laredo inc
56650,mission wind taloga inc
56651,alta wind i llc
56652,DTE Stockton LLC
56653,Northern Colorado Wind LLC
56654,Carleton College
56655,alta wind ii llc
56656,alta wind iii llc
56657,ENEL Salt Wells LLC
56658,alta wind iv llc
56659,alta wind v llc
56660,Mojave Solar LLC
56661,Criterion Power Partners LLC
56662,Cedar Point LLC
56663,Mayberry Solar LLC
56664,Garnet Energy Corporation
56665,Dutch Energy Corporation
56666,Valley Bio-Energy LLC
56667,Loraine Windpower Park LLC
56668,georgia system operations corporation
56669,midwest iso
56670,northern maine independent sys. admin.
56672,Targa Co-Generation LLC
56673,White Oak Solar Energy LLC
56674,NRG NM Suntower LLC
56675,NRG Gaskell LLC
56676,"PV2 Energy, LLC"
56677,Cyrq Energy Corp
56678,FPL Energy Illinois Wind LLC
56679,Sierra SunTower LLC
56680,Diamond Shamrock Refining Company LP
56681,Kent County Levy Court Dept of Pub Work
56682,Duke Energy Top Of the World WindPower
56683,Elk City LLC
56684,White Oak Energy LLC
56685,Cargill Inc
56686,aria resort and casino
56687,CityCenter Land LLC
56688,Baldwin Wind LLC
56689,Renew Energy Maintenance LLC
56690,Town of Portsmouth
56691,Garrison Energy Center LLC
56693,Fox Island Wind LLC
56694,Thermo No 1 BE 01 LLC
56695,Brockton Power Company LLC
56696,Alamosa Operating Services LLC
56697,ameren illinois company
56698,Red Mesa Wind LLC
56699,CPV Keenan II Renewable Energy Co LLC
56700,Avenal Solar Holdings LLC
56701,The Hankin Group
56702,510 REPP One LLC
56703,MP Durham LLC
56704,MP Wayne LLC
56705,Pocono International Raceway Inc
56706,Chevron Technology Ventures
56707,Yuma County Water User's Association
56708,MP Wilson LLC
56709,Turning Point Solar LLC
56710,agile energy inc
56712,First Solar Inc
56713,Adams Wind Generations LLC
56714,enXco Development Corporation
56715,Ridgewind Power Partners LLC
56718,DF-AP #1 LLC
56720,Greater Sandhill I LLC
56721,Danielson Wind Farms LLC
56722,AV Solar Ranch 1 LLC
56723,Genesis Solar LLC
56724,Klamath Falls Bioenergy LLC
56725,Avery Solar LLC
56726,IPA Texas Solar LLC
56727,Ashtabula Wind III LLC
56728,Dow Jones & Co
56730,Cedar Bay Operating Services LLC
56732,GlaxoSmithKline Consumer Healthcare L P
56740,Eco Energy LLC
56741,Knouse Food Cooperative Inc
56742,Notus Clean Energy LLC
56743,"K Road Calico Solar, LLC"
56744,Elk Wind Energy LLC
56748,RP1 Fuel Cell LLC
56749,UTS SJ1 LLC
56750,Gratiot County Wind LLC
56751,Yolo County of
56753,AgPower Jerome LLC
56754,Terna Energy USA Holding Corporation
56756,Bellefontaine Gas Producers LLC
56757,Valley View Transmission LLC
56758,Solar Star North Carolina II LLC
56760,Davidson Gas Producers LLC
56761,6th St Solar Park of Gainesville FL
56762,"High Plains Ranch II, LLC"
56764,USG Nevada LLC
56765,CER Colorado Bend Energy Partners LP
56766,CER Quail Run Energy Partners LP
56767,NRG Solar LLC
56768,Sun Farmer I
56769,Consolidated Edison Development Inc.
56771,Black Hills Service Company LLC
56772,"TX LFG Energy, LP"
56773,"Toyon Landfill Gas Conversion, LLC"
56774,S Montana Elec Gen and Trans Coop Inc
56776,Seneca Sustainable Energy LLC
56777,Avidan Energy Solutions
56778,Bloom Energy 2009 PPA
56779,"Martins Creek Solar NC, LLC"
56780,Enfinity BNB Napoleon Solar LLC
56781,Bishop Hill Energy LLC
56782,"EGP Stillwater Solar, LLC"
56783,Romark Logistics of PA Inc.
56785,The Westervelt Co
56786,Crystal Lake 3 LLC
56787,Garden Wind LLC
56788,Domtar Paper Company Bennettsville
56789,TBE Montgomery LLC
56790,Ralls Wind Farm LLC
56791,Hudson Ranch Power I LLC
56792,Black Bear Power II LLC
56794,CE Obsidian Energy LLC
56795,Chittenden County Solar Partners LLC
56797,Penobscot River Restoration Trust
56798,Taylorsville Solar LLC
56799,Oak Grove Gas Producers
56800,Brewster
56801,Cisco
56802,Echo 1
56803,Echo 2
56804,Echo 3
56805,Exelon Wind LLC
56806,Marshall Wind
56807,Moore 1
56808,Norgard 1
56812,Arlington Valley LLC
56813,Allegheny Hydro LLC
56814,Black Creek Renewable Energy LLC
56815,NorthWestern Energy DGGS
56816,Masser Farms Realty Ltd
56817,Outagamie Clean Energy Project LLC
56818,Conemaugh Power LLC
56819,CSOLAR IV South LLC
56821,MMA RC Power LP
56823,Meldahl LLC Corporation LTD
56824,Competitive Power Ventures
56825,Oneida Energy Inc
56826,Texas Medical Center Central
56827,FRV SI Transport Solar LP
56828,RV CSU Power II LLC
56829,McKinney LFG LLC
56830,Carson Solar 1 LLC
56831,"Ponca, City of"
56832,"Kit Carson Electric Coop, Inc"
56833,Central Ohio BioEnergy
56834,Intercontinental Materials Management
56835,CSUCI Site Authority
56836,Tellus Operating Group LLC
56837,KEI (Maine) Power Management (II) LLC
56838,KEI (Maine) Power Management (III) LLC
56839,KEI (Maine) Power Management (IV) LLC
56840,Emporia Hydro Power LP
56841,Box Canyon LP
56842,Union Falls Hydro Power LP
56843,Banister Hydro LP
56844,Blackstone Hydro Inc.
56845,"MS Greenrock, LLC"
56846,Energy Source LLC
56847,Ocotillo Express LLC
56848,Walnut Creek Energy LLC
56849,Majestic Wind Power 2 LLC
56850,Pattern Gulf Wind
56851,Texas Gulf Wind 2 LLC
56852,Edgewood Energy LLC
56853,Shoreham Energy LLC
56854,Messalonskee Stream Hydro LLC
56855,Performance Services
56856,Trexlertown Solar Array North and South
56857,SunE M5C Holdings LLC
56858,"TC Gateway GP, LLC"
56859,Georgia TC GP LLC
56860,TC Alabama GP LLC
56861,TC Oklahoma GP LLC
56862,TC Virginia GP LLC
56863,Kapaa Solar LLC
56864,MDL Holding Company LLC
56865,Caithness Shepherds Flat LLC
56866,HL Power Company
56867,Greyback Wind LLC
56868,Kawailoa Wind LLC
56869,Palouse Wind LLC
56870,Blue Sky West LLC
56872,Contra Costa Generating Station LLC
56873,Milford Wind Corridor Phase III LLC
56874,Winona County Wind LLC
56875,Bruce Nichols
56876,TianRun Uilk LLC
56877,Uilk Wind I
56878,Uilk Wind II
56879,Uilk Wind III
56880,Shoshone Irrigation District
56881,Valley NG Power Company LLC
56882,DeCordova Power Company LLC
56883,Tradinghouse Power Company LLC
56884,Big Brown Power Company LLC
56885,Collin Power Company LLC
56886,Big Sandy Peaker Plant LLC
56887,CPV Sentinel LLC
56888,Brea Generation LLC
56889,Rhode Island LFG Genco
56891,Shirley Wind LLC
56892,Solar Star Colorado II LLC
56893,Greenleaf Power LLC
56894,Woodstock Hills
56895,Pio Pico Energy Center LLC
56898,Sunnyvale City of WPCP
56899,Wind Stream Operations LLC
56900,SE Solar Trust V-C
56901,"AP Holdings Southaven, LLC"
56902,"RE SFCity1, LP"
56903,Juhl Wind
56904,"RP-Orlando, LLC"
56905,Algonquin Power Sanger LLC
56906,"Siemens Financial Services, Inc."
56907,AP Brockton Energy Holdings Inc.
56908,Brockton Power Holdings Inc.
56909,Record Hill Wind LLC
56910,Magic Wind LLC
56911,Kalaeloa Solar One LLC
56912,"V.H. Cooper & Co., Inc."
56913,"Diversified Communications, Inc."
56914,Central Contra Costa Sanitary District
56915,"Solar Star New Jersey IV, LLC"
56916,PaTu Wind Farm LLC
56917,DST Output
56918,University of California San Diego
56919,International Paper Co-Huenene
56920,"Shiloh III Wind Project, LLC"
56921,Charleston Clean Energy LLC
56922,GenOn Sabine Delaware Inc
56923,GenOn Sabine Texas Inc
56924,Long Island Solar Farm LLC
56925,"FPLE Wind, LLC"
56926,"Hatch Solar Energy Center I, LLC"
56927,Wallingford Energy LLC
56928,LSP University Park LLC
56929,Alliance Star Energy LLC
56930,"Foundation HA Energy Generation, LLC"
56931,Edison Mission Midwest II Inc
56932,Midwest Wind Energy Development Group LLC
56933,City Of Gillette
56934,Town Of High Point
56935,Number Nine Wind Farm LLC
56936,Paulding Wind Farm II LLC
56937,Rising Tree Wind Farm LLC
56938,IPL FIT Monrovia I LLC
56939,Lexington Chenoa Wind Farm II LLC
56940,Lexington Chenoa Wind Farm LLC
56941,Meadow Lake Wind Farm V LLC
56943,Blackstone Wind Farm III LLC
56944,Blackstone Wind Farm IV LLC
56945,Blue Canyon Windpower VI LLC
56946,Hidalgo Wind Farm LLC
56947,Antelope Ridge Wind Power LLC
56948,Waverly Wind Farm LLC
56949,Paulding Wind Farm LLC
56951,Michigan Wind 2 LLC
56952,Lincoln Electric Company
56953,"Bos Dairy, LLC"
56956,T & M Limited Partnership
56957,Southern Nevada Water Authority
56958,"Foundation ST Owner, LLC"
56959,CTV Marketing Group
56960,Gastonia City of
56961,"Bulldog Wind Energy, LLC"
56962,"Wolverine Wind Energy, LLC"
56963,"Beaver Wood Energy Fair Haven, LLC"
56964,Sundevil Power Holdings LLC
56965,"Auburn Energy, LLC"
56967,Ironwood Windpower LLC
56968,Oregon State University
56969,FRV Mojave Solar LP
56970,FRV Mojave Solar 4 LP
56971,"500 Virginia Solar, LP"
56972,"Vestas Towers America, Inc"
56973,Prairie Rose Wind Farm LLC
56974,"Denver Airport Solar, LLC"
56975,"Constellation Solar Maryland, LLC"
56976,"Constellation Solar New Jersey II, LLC"
56977,Zotos International
56979,Adobe Solar LP
56980,"Regulus Solar, LLC"
56981,Town of Falmouth
56982,Kern Community College District
56983,Gibson County Generation LLC
56984,"Temescal Canyon RV, LLC"
56985,NRG Solar Avra Valley LLC
56987,RRE Austin Solar LLC
56988,"Cimarron Windpower II, LLC"
56989,SAF Hydroelectric LLC
56990,NJR Clean Energy Ventures Corporation
56991,Astoria Energy II LLC
56992,Foxwoods Resort Casino
56993,SBS Energy Partners LLC
56994,Carlisle Area School District
56995,"Sacramento PV Energy, LLC"
56996,DCO Energy LLC
56997,Marina Energy LLC
56998,"Macys Corporate Services, Inc"
56999,Western Massachusetts Electric Company
57001,"Murphy Farm Power, LLC"
57002,"Post Rock Wind Power Project, LLC"
57003,Arlington Valley Solar Energy LLC
57004,Arlington Valley Solar Energy II LLC
57005,"SunE NLB-2, LLC"
57006,"SunE GIL1, LLC"
57007,"SunE WF3-ST Holdings, LLC"
57008,WF-SE-I Solar Statutory Trust
57009,Blue Chip Energy LLC
57011,"CS Murphy Point, LLC"
57012,Gaston Memorial Hospital
57013,Master Tenant 2008-C LLC
57014,"Solar Tax Partners 2, LLC"
57015,Third Taxing District of Norwalk
57017,DOE National Renewable Energy Laboratory
57018,Turnbull Hydro LLC
57019,ConocoPhillips Texas
57020,Sun Edison
57021,FRV AE Solar LLC
57022,Solar Power Inc.
57024,"Vasco Winds, LLC"
57026,"NextEra Energy Montezuma Wind II, LLC"
57027,"Signal Hill Petroleum, Inc"
57028,West Butte Wind Power LLC
57029,Blue Water Renewables Inc
57030,"Mesquite Solar 1, LLC"
57031,Beacon Power LLC
57032,UTAS Aerostructures
57033,City of Palo Alto
57034,Watkins Manufacturing Corporation
57035,"Stephentown Spindle, LLC"
57036,Copper Mountain 1 LLC
57041,Idaho Winds LLC
57042,Gordon Butte Wind LLC
57043,University Park Energy LLC
57044,"Constellation Solar New Jersey, LLC"
57045,Guadalupe Power Partners LP
57046,University of Minnestoa Morris Campus
57047,BioFuels Point Loma LLC
57049,NFI Solar LLC
57050,TPW Petersburg LLC
57051,Frederick County Virginia
57052,NRG Solar Arrowhead LLC
57053,Laurel Wind Energy LLC
57054,Suzlon Project VIII LLC
57055,"SunE SPS1, LLC"
57056,"SunE SPS2, LLC"
57057,"SunE SPS3, LLC"
57058,"SunE SPS5, LLC"
57059,"SunE SPS4, LLC"
57060,"North Palm Springs Investments, LLC"
57061,ReEnergy Holdings LLC
57062,Apex Power Contracting and Consulting
57063,"Los Vientos Wind 1A, LLC"
57064,"Los Vientos Wind 1B, LLC"
57065,Constellation Solar Horizons LLC
57066,Coastal Community Action Program
57068,Power County Wind Park South LLC
57069,Power County Wind Park North LLC
57070,NAES Corportation- (MA)
57071,Modern Mallard Energy LLC
57072,"MFP CO III, LLC"
57073,"Solar Star California XV, LLC"
57075,Ridgeline Energy LLC
57076,MetLife Capital Credit L.P.
57077,Adams Electric Cooperative
57078,Ecogy Pennsylvania Systems LLC
57079,Ameresco Butte County LLC
57081,"WGL Energy Systems, Inc"
57082,Windstar Energy LLC
57083,Kingman Energy Corp
57085,BP Solar International
57086,"Jackson Power Company, LLC"
57087,RE Dillard LLC
57090,RE Kammerer LLC
57093,RE Bruceville LLC
57096,Luminant Gen Co LLC Fin Holding
57097,Oak Grove Management Co LLC
57098,Sandow Power Co LLC
57101,FC Landfill Energy
57103,US GSA Heating and Transmission
57104,Golden Springs Development Company LLC
57106,"Peak Power 1, LLC"
57107,RE Bagdad Solar 1 LLC
57108,The County of Sonoma
57109,St Joseph Energy Center LLC
57110,Foundation AB Owner LLC
57111,"Foundation IE Owner, LLC"
57112,RE Ajo 1 LLC
57113,"ISH Solar Central, LLC"
57114,RE McKenzie LLC
57120,OBP Cogen LLC
57122,Lime Wind LLC
57123,Middlebury College Biomass
57124,Nautilus Solar WPU LLC
57125,Third Quadrant Energy LLC
57127,GL Wind LLC
57128,Bloom Energy
57129,New Jersey Power Development LLC
57130,Janssen Pharmaceutical Co
57136,GL Envision LLC
57137,ALM Holding Company
57138,University of Minnesota WCROC
57139,W&T Offshore Inc
57140,Berkshire Wind Power Cooperative Corp
57141,Dynegy Kendall Energy LLC
57142,Gundersen Lutheran Biogas I LLC
57143,Mountain View-Los Altos HS District
57144,Northbrook Carthage LLC
57145,Louisiana Sugar Refining LLC
57146,Tulsa LFG LLC
57147,Tioga Solar Dinuba
57148,Glendale Energy LLC
57149,Rippey Wind Energy LLC
57150,Bethel Wind Energy LLC
57151,Celanese Acetate LLC
57152,PNC Energy Capital LLC
57153,Bicent CA Malburg LLC
57154,Heliocentric LLC
57155,"IPR-GDF Suez NA, Generation"
57157,Wolf Wind Project
57158,Ewington Wind Project
57159,L-8 Solar Project LLC
57160,DuPont Sabine River Works
57161,Alta Wind IX LLC
57162,Alta Wind VIII LLC
57163,Alta Wind VII LLC
57164,Alta Wind VI LLC
57165,Otay Landfill Gas LLC
57166,Woodbridge Energy Center
57167,ISH Solar Hospitals LLC
57168,James River Genco LLC
57169,"Congentrix of Alamosa, LLC"
57170,"EDF Renewable Asset Holdings, Inc."
57171,Franklin County Wind LLC
57172,SC Landfill Energy LLC
57173,AC Landfill Energy LLC
57174,SX Landfill Energy LLC
57175,BC Landfill Energy LLC
57176,WC Landfill Energy LLC
57177,SEAI Elk Grove LLC
57178,Energy Equipment
57181,Cherokee County Cogen Partners LLC
57182,ReEnergy Sterling CT LP
57183,Shasta Renewable Resources LLC
57184,Ampersand Mount Ida Hydro LLC
57186,Alstom
57187,Siemens Corp.
57189,Hidden Hollow Energy LLC
57190,River Bounty Inc
57191,Caney River Wind Project
57193,K Road Moapa Solar LLC
57194,City of Industry
57195,Fort Worth Methane LLC
57196,Trinity Oaks Energy LLC
57197,Santa Cruz Energy LLC
57198,Richmond LLC
57199,"LSP-Whitewater I, LLC"
57200,"EIF Whitewater, LLC"
57202,E&E Enterprises LLC
57204,Howard Wind LLC
57206,McKee City Solar Phase 2
57207,Great Northern Paper Company LLC
57208,Richard Stockton College of New Jersey
57209,Apogee Technology Inc
57210,L'Oreal USA Products Inc
57211,Solano 3 Wind LLC
57212,Heller Industrial Parks
57213,Castle Rock Cooling
57214,LCEC Generation LLC
57215,Regents of the University of Minnesota
57216,Glenns Ferry Holdings LLC
57217,Rupert Holdings LLC
57218,L'Energia Energy
57219,Siete Solar LLC
57220,Bank of America Leasing & Capital LLC
57221,City of Columbia SC
57222,Liberty Utilities (CalPeco Electric) LLC
57223,Sycamore Energy 1 LLC
57224,MM West Covina Energy LLC
57225,MM Yolo Power LLC
57226,MM Taunton Energy LLC
57227,MM San Diego Energy-Miramar
57228,Lowell LLC
57229,MM Albany Energy LLC
57230,MM Prince William Energy LLC
57231,MM Tulare Energy LLC
57232,MM Lopez Energy LLC
57233,MM Tomoka Farms Energy LLC
57234,MM Hartford Energy LLC
57235,MM San Diego Energy-North City
57236,MM Cuyahoga Energy LLC
57238,Newby Island II LLC
57239,Guadalupe Power LLC
57240,Marsh Road Power LLC
57242,Coyote Canyon Energy LLC
57247,Pine Bend LLC
57249,EPP Renewable Energy
57250,MM Prima Deshecha Energy LLC
57251,MM Tajiguas Energy LLC
57252,MM Colton Genco
57253,MM Mid Valley Genco LLC
57254,MM Milliken Genco LLC
57256,Harvest II Windfarm LLC
57257,Wildcat Wind LLC
57258,Concord Energy LLC
57259,Richmond Energy LLC
57260,CSOLAR IV West LLC
57261,AL Sandersville
57262,Kern County Water Agency
57263,"Mas Countryside RNG, LLC"
57264,Wolf Hills Energy LLC
57265,Rio Nogales Power Project LLC
57266,Lockheed Martin Corporation
57267,Franklin Templeton Companies LLC
57268,Adobe Systems Incorporated
57269,Hilco Industrial/Aaron Federal JV
57270,Solar Partners
57271,NRG Solar Borrego I
57272,Kootenai Electric Cooperative Inc
57273,SS San Antonio West LLC
57274,WF-SunE-SPS Solar Statutory Trust
57275,Metropolitan Transportation Authority
57276,Los Angeles Community College District
57277,Hidden Hills Solar I LLC
57278,Hidden Hills Solar II LLC
57279,California Portland Cement Co
57280,Eagle Creek RE LLC
57281,University of Cincinnati
57282,Piedmont Green Power LLC
57283,Northbrook Energy LLC
57284,Moorhead Public Service
57285,Roseburg LFG Energy LLC
57295,DTE Calvert City LLC
57296,Sidney Sugars Incorporated
57297,Tronox
57299,Spreckels Sugar Company
57300,Bayer CropScience
57301,Orchard Mesa Irrigation District
57302,Sonoco Products Co
57303,State of Illinois
57305,Wright Patterson AFB
57306,Southern Illinois University Carbondale
57308,Amonix UASTP Solar Generation 1 LLC
57309,Holyoke Solar LLC
57310,General Motors LLC
57311,Constellation Solar Federal LLC
57312,ACE - Sacramento Solar LLC
57313,SolarCity Corporation
57314,"ADA Carbon Solutions (Red River), LLC"
57315,Western Sugar Cooperative
57316,Miller Coors LLC
57317,Wausau Paper Middletown
57318,Constellation Solar Net Metering LLC
57319,Constellation Solar Massachusetts LLC
57320,Konoike Pacific
57321,The Port of Los Angeles
57322,Naval Facilities Engineering Command
57323,Honeywell Inc
57324,Michigan Sugar Company
57325,Eagle Rock Field Services LLP
57326,NJ Oak Solar LLC
57327,Element Power US LLC
57328,Shore Point Solar LLC
57329,DTE Silver Grove LLC
57331,Soitec Solar Development LLC
57332,Roquette America
57333,Musselshell Wind Project LLC
57335,GSG 6 LLC
57336,Brookfield Renewable Energy Group
57337,Aegis Renewables LLC
57338,Musselshell Wind Project Two LLC
57339,General Electric International Inc
57340,Cashton Greens Wind Farm LLC
57341,Veolia Energy
57343,CROPP Cooperative
57344,Hampton Lumber Mills - Washington Inc
57345,Butte-Glenn Community College District
57348,AES ES Westover LLC
57353,Plumas Sierra Rural Electric Coop
57354,X-Elio North America Inc
57355,Stephens Ranch Wind Energy LLC
57356,Alabama River Cellulose LLC
57357,AltaGas Renewable Energy CO LLC
57359,Richland-Stryker Generation LLC
57360,SunE EPE1 LLC
57361,SunE EPE2 LLC
57362,Energy 2001 Inc
57363,Canadian Hills Wind LLC
57364,Highland North LLC
57365,Consolidated Edison Solutions Inc
57369,"Apple, Inc"
57370,NaturEner Rim Rock Energy LLC
57372,Auwahi Wind Energy LLC
57373,Big Savage LLC
57374,Patton Wind LLC
57375,"SPS Alpaugh 50, LLC"
57376,"SPS Alpaugh North, LLC"
57377,PPG - O&M Panda Temple Power LLC
57378,Granite Reliable Power
57379,PPG - O&M Panda Sherman Power LLC
57381,BAIF Granite Holdings LLC
57382,Freshet Wind Energy LLC
57383,Wasatch View Solar LLC
57384,Brea Power II
57385,California Ridge Wind Energy LLC
57386,SunE CPS3 LLC
57389,IKEA Property Inc
57390,Siemens Government Technologies Inc
57391,"Copper Mountain Solar 2, LLC"
57393,Duke Energy Commercial Asset Management
57395,Shooting Star Wind Project LLC
57396,High Mesa Energy LLC
57397,Beebe Renewable Energy LLC
57398,Whitetail Wind Energy LLC
57399,Abenaki Timber Coporation
57400,"Evergreen Community Power, LLC"
57401,Mt Wachusett Community College
57402,Spruce Mountain Wind LLC
57403,SunE CPS2 LLC
57405,NLH1 Solar LLC
57406,Deepwater Wind Block Island LLC
57407,Riverside Renewable Energy
57408,Constellation Solar Arizona LLC
57409,Buffalo Center Wind LLC
57410,RET Modesto Solar LLC
57411,KDC Solar O&M LLC
57412,Chisholm View Wind Project
57413,Black Mountain Solar LLC
57414,Eli Lilly and Company
57416,"Acciona Energy USA Global, LLC"
57417,Zephyr Wind LLC
57419,SunE CPS1 LLC
57420,Jordache Enterprises
57421,BayWa r.e Wind LLC
57422,PPG Ind Fiber Glass Prdcts Inc
57423,PPG Monroeville Chemicals Center
57424,Miller Coors Eden LLC
57425,"PPG Industries, Inc. Works 6"
57427,RockTenn-Battle Creek Mill
57429,"PPG Industries, Inc. Works 15"
57430,"Berlin Station, LLC"
57431,ReEnergy Biomass LLC
57432,ReEnergy Livermore Falls
57433,ReEnergy Chateaugay LLC
57434,T&M Limited Partnership
57435,MillerCoors Irwindale Brewery
57436,MillerCoors Shenandoah Brewery
57437,MillerCoors LLC Trenton Brewery
57438,Paramount Petroleum Corporation
57439,Imperial Valley Solar Company 1 LLC
57440,"SABIC IP Mt. Vernon, LLC"
57441,MARTA
57442,"PCA, Filer City Mill"
57443,MWRA Charlestown
57444,5045 Wind Partners LLC
57445,Pasadena Refining System Inc
57446,FRIT Solar Inc
57448,Frontier El Dorado Refinery LLC
57449,Borrego Solar Systems Inc
57450,"Martin Midstream Partnership,LP"
57451,Rocky Ridge Wind Project LLC
57454,"BA Leasing BSC, LLC"
57456,"GLC-(CA) Edwards AFB,LLC"
57457,"Newark Energy Center, LLC"
57458,Energy Investment Fund
57460,NextEra Wolf Ridge LLC
57463,Kimberly-Clark Worldwide Inc
57464,Kimberly-Clark Corporation
57465,"Keystone Solar, LLC"
57466,"Interstate Resources, Inc."
57468,PRC-Desoto Intl Corp./PPG
57469,Stony Creek Wind Farm NY
57470,"Noble Energy Systems, Inc."
57473,"DESRI II, LLC"
57474,Bed Bath & Beyond
57475,HOW GM LLC
57476,Foundation CA Fund VI Manager LLC
57477,Kern Oil & Refining Co
57478,CAMS Nevada LLC
57480,Heritage Garden Wind Farm I LLC
57481,Red River Mill Intl Paper Company
57482,Sandy Ridge Wind Energy LLC
57484,"Foundation CA Fund V Manager, LLC"
57485,"Diamond State Generation Partners, LLC"
57492,Georgia-Pacific Toledo LLC
57493,MidAmerican Renewables LLC
57494,TDX North Slope Generating Inc.
57495,Cellu Tissue LLC
57496,"Silver State Solar Power North, LLC"
57497,Golden State Energy LLC
57499,NRG Energy Services
57500,Lower South Fork LLC
57501,NAES Salem Harbor
57503,Limon
58081,Blue Mountain Biogas LLC
58082,Prairies Edge Dairy Farms LLC
58083,"Outback Solar, LLC"
58084,"Oberlin Spear Point Solar One, LLC"
58088,Washington White Post Solar LLC
58089,Adkins Energy LLC
58090,NextEra Energy Resources Ensign Wind
58091,Andrew Seesel
58093,Otter Creek Ethanol LLC - Poet Ashton
58094,Dogwood Energy LLC
58097,Kent State University
58098,New Energy One LLC
58099,Emcor Energy Services
58100,Middle Tennessee State University
58101,Solar Star California II LLC
58102,Kansas Power Pool
58103,Twin Rivers Paper Co LLC
58104,California State University at Fullerton
58105,University of Redlands
58106,Western Michigan University
58107,University of Rochester
58108,"SunE AZ1, LLC"
58109,President & Trustees of Williams College
58110,SUNY Old Westbury College
58111,RE Kansas South LLC
58112,TA-High Desert LLC
58113,"Texas A&M, Utilities & Energy Services"
58115,"DTE Ashtabula, LLC"
58120,Danbury Hospital
58121,North Sky River Energy LLC
58122,Eastern Maine Medical Center
58129,Rock River Water Reclamation District
58130,University of Connecticut
58131,Wesleyan University
58132,Perrin Ranch Wind LLC
58133,Mercy Medical Center
58134,Cirrus Wind 1 LLC
58135,Ecos Energy LLC
58136,William Floyd School District
58137,The College of New Jersey
58138,The Trustees of Smith College
58140,San Bernardino Comm College Dist
58141,AZ Solar Trust
58143,Cimarron Wind Energy LLC
58144,BMW Manufacturing Co LLC
58146,Gaelectric LLC
58147,Connecticut Valley Hospital
58148,U.S. General Services Administration
58149,Renewable World Energies LLC
58150,Big Blue Wind Farm LLC
58151,Loyola University Health System
58152,Amherst College
58153,US Magnesium
58154,Hudson Valley Community College
58156,Rand Whitney Containerboard L.P.
58157,Prairie Horizon Agri Energy LLC
58159,Penn State University
58163,Poet Biorefining Lake Crystal
58164,"180 Raritan Energy Solutions, LLC"
58166,Bonanza BioEnergy LLC
58167,Arkalon Ethanol LLC
58168,Rio Mesa Solar I LLC
58169,Rio Mesa Solar II LLC
58170,Cargill Salt Hersey
58171,University of California-San Francisco
58172,NRG Energy Center Phoenix LLC
58173,Almatis Burnside Inc.
58174,Monroe Newpower Corporation
58175,RE Victor Phelan Solar One LLC
58176,Veolia Energy Kansas City
58177,Raven Power Holdings LLC
58178,GSA Metropolitan Service Center
58179,Cinnamon Bay LLC
58180,"Blackwell Wind, LLC"
58182,SunE AZ2 LLC
58183,J.R. Simplot Company
58184,Greenwood County
58185,"FirstLight Power Resources, Inc. - MA"
58186,GL Dairy Biogas LLC
58187,Haviland Plastic Products Co
58188,Central Connecticut State University
58189,"Oak Tree Farm Dairy, Inc."
58190,Bluestem LLC
58192,Senate Wind Energy LLC
58193,Minonk Wind Energy LLC
58194,E.B. Eddy Paper Inc
58195,Hoag Memorial Presbyterian Hospital
58197,Newberry Solar 1 LLC
58198,"Highlander Solar 2, LLC"
58199,TalenEnergy Ironwood LLC
58200,Prairie Lakes Municipal Solid Waste Auth
58201,Milford Solar LLC
58202,Energy Alternatives Wholesale LLC
58203,NRG Energy Center Eagles LLC
58206,Tioga Solar Hemet WF1 LLC
58208,"Horse Butte Wind I, LLC"
58209,CPI USA NC Southport LLC
58210,CPI USA NC Roxboro LLC
58211,"Highlander Solar 1, LLC"
58212,"Georgia Mountain Community Wind, LLC"
58213,"New Britain Renewable Energy, LLC"
58214,RPMA Wind Holding I LLC
58215,Chevelle Wind Iowa LLC
58216,Leaf Clean Energy
58217,Bostonia WSMR SPV LLC
58219,Tioga Solar Hemet DLL1 LLC
58220,Northeastern Illinois University
58221,LES Operations Services LLC
58223,C&H Sugar Company Inc
58224,Westwood Generation LLC
58225,Footprint Power Salem Harbor Op LLC
58226,"Black Hills Colorado IPP, LLC"
58227,Pattern Panhandle Wind LLC
58229,Howard County - Maryland
58231,California Holdings Delano LLC
58232,California Holdings Delano 2 LLC
58233,Kalaeloa Solar Two LLC
58234,OL Elk Grove Trust
58235,EAM Nelson Holding LLC
58236,Mitchell Technical Institute
58237,South Dakota Wind Partners
58238,Enfinity NorCal 1 FAA LLC
58239,Desert Sky Solar LLC
58240,COT/Division of Water Reclamation
58241,Sumitomo Corporation of America
58242,AP Cricket Valley Holdings I Inc
58243,AP Cricket Valley Holdings II Inc
58244,MC CVEC Project Holdings I LLC
58245,Patua Project LLC
58246,Escanaba Operating Services LLC
58247,National Centers for Animal Health
58249,South Robeson Farm LLC
58250,Raeford Farm LLC
58251,Mass Midstate Solar 3 LLC
58252,Mass Midstate Solar 2 LLC
58253,National Animal Disease Center
58254,National Veterinary Services Laboratory
58255,Mass Midstate Solar 1 LLC
58256,Millbury Solar LLC
58257,Mililani South PV LLC
58258,SunRay Power LLC
58259,Freetown Solar LLC
58261,Arkwright Summit Wind Farm LLC
58262,Belectric Inc
58264,"New-Indy, Oxnard LLC"
58265,"Hazle Spindle, LLC"
58266,AZ Solar 1 LLC
58267,Scottsdale Solar Holdings LLC
58268,Tulare PV I LLC
58269,Tulare PV II LLC
58270,GE Wind Energy LLC
58271,PCIP Solar LLC
58273,Roll Global
58274,"Xilinx, Inc."
58275,"American Honda Motor Co., Inc."
58276,"Juniper Networks, Inc."
58277,Life Technologies Corporation
58278,Taylor Fresh Foods
58279,Chadbourn Farm LLC
58280,Warrenton Farm LLC
58281,Mocksville Lessee LLC
58282,Belwood Farm LLC
58283,Strata Fund 2 Lessee LLC
58284,Railroad Farm LLC
58285,Watts Farm LLC
58286,Farrington Solar Farm LLC
58287,Rain CII Carbon LLC
58288,"Topaz Solar Farms, LLC"
58289,"NextEra Energy Desert Sunlight 300, LLC"
58290,"NextEra Energy Desert Sunlight 250, LLC"
58291,"NC Renewable Investor 1, LLC"
58292,"Strata Fund 1, LLC"
58293,"Strata West Fund 1, LLC"
58294,"Red Stone Renewable Energy Fund, LLC"
58295,"Strata West Fund 2, LLC"
58296,"Strata Fund 4, LLC"
58297,"Strata Fund 3, LLC"
58298,FPL Energy Stateline II Inc
58299,BAL Green Biogas I LLC
58300,Ameresco Select Inc
58302,"Upstate New York Power Producers, Inc."
58303,Energy Systems Group LLC
58304,Constellation Solar Maryland II LLC
58305,Rockland Capital
58306,Noble Americas Gas & Power Corp
58307,Amalgamated Bank of Chicago
58308,Sapphire Power Holdings LLC
58309,Radiance Solar LLC
58312,"GLC-(MA) Easthampton, LLC"
58313,The Andersons Albion Ethanol LLC
58315,SSA Solar of CA 2 LLC
58316,SSA Solar of NJ LLC
58317,Fuquay Farm LLC
58318,Haynes Farm LLC
58319,Lenoir Farm LLC
58320,Lenoir Farm 2 LLC
58321,Marshville Farm LLC
58322,Mile Farm LLC
58323,Moore Solar Farm LLC
58324,Moorings Farm LLC
58325,New Bern Farm LLC
58326,Roxboro Farm LLC
58327,White Cross Farm LLC
58328,Wilson Farm 1 LLC
58329,Yanceyville Farm LLC
58330,AM Best Farm
58331,Mt Olive Farm 2 LLC
58332,Dibrell Farm LLC
58333,Rock Farm LLC
58334,Two Lines Farm LLC
58335,Bolton Farm LLC
58336,McCallum Farm LLC
58337,Lakeside Syracuse LLC
58338,Lakeside Beaver Falls LLC
58340,Tuscola Bay Wind LLC
58341,Nippon Paper Industries USA
58343,Strata RS Solar Holding Fund LLC
58344,"Strata Solar Development, LLC"
58345,"CSI Project Holdco, LLC"
58346,"Strata Solar Farms, LLC"
58347,KDC Solar Master Tenant 2011 LLC
58348,380 Middlesex Solar LLC
58349,KDC Solar NJMG LLC
58350,KDC Solar GG LLC
58351,KDC Solar ACF LLC
58352,KDC Solar TLS LLC
58353,NextEra Energy Majestic Wind
58354,Portsmouth Genco LLC
58355,SPS Atwell Island LLC
58356,Atwell Solar Trust 2012
58358,Light Beam Power Co LLC
58360,Blue Summit Wind LLC
58361,Triton College
58362,Rochelle Energy Center LLC
58363,Oakley Solar Project LLC
58365,Petra Nova Power I LLC
58366,Toro Energy of California SLO
58368,"Doyon Utilities, LLC"
58369,"Key Government Finance, Inc."
58370,"TMF Biofuels, LLC"
58371,"NextEra Blythe Solar Energy Center, LLC"
58372,Riverside Investments LLC
58373,CU Solar LLC
58374,CES Sterling LLC
58375,Sterling Municipal Light Department
58376,IND Solar Farm
58377,MidAmerican Solar LLC
58378,Jordan Hydroelectric LTD PTP
58379,"alta wind x, llc"
58380,"alta wind xi, llc"
58381,Troutdale Energy Center LLC
58382,Ameresco Johnson Canyon LLC
58383,CH4 Biogas LLC
58384,Clemson University - Main Campus
58385,SR Enterprise South LLC
58386,Synergy Biogas LLC
58387,Solar Star New Jersey VI LLC
58388,Pantex (NNSA)
58389,Luther College Wind Energy Project LLC
58390,Luther College
58391,Chilocco Wind Farm LLC
58409,Future Power PA
58411,Agincourt Solar Project
58412,Headwaters Wind Farm LLC
58413,Lone Valley Solar Park I LLC
58414,Victor Dry Farm Ranch
58415,The Martifer-Silverado Fund I LLC
58416,"California State University, Northridge"
58417,Panda Liberty O&M LLC
58418,State Fair Community College
58419,"PPS Group, LLC"
58420,Harbor Wind Tenant LLC
58421,Panda Patriot O&M LLC
58422,Fire Island Wind LLC
58423,NRG Energy Center Eagles LLC
58424,Revolution Energy LLC
58425,LSU and A&M College
58426,Sunshine Gas Producers LLC
58427,Centinela Solar Energy LLC
58428,UT West Tennessee Solar Farm
58429,Houweling's Tomatoes
58430,Gamesa Wind US LLC
58431,"Ameresco Vasco Road, LLC"
58432,"Ameresco San Joaquin, LLC"
58433,"Ameresco Forward, LLC"
58434,City of Spearfish
58435,Collinwood BioEnergy
58436,ClearEdge Power
58437,ACI Energy Partners LLC
58438,Sunstream Energy LLC
58439,Junction Hilltop Management LLC
58440,CD US Solar MT 2 LLC
58441,CD US Solar PO 2 LLC
58442,Dixon Dairy Road
58443,EBD Hydro LLC
58444,"Cumberland Rose Wind Energy, LLC"
58445,"Forward Fontanelle Power, LLC"
58446,"Greenfield Wind Power, LLC"
58447,"Meadow Ridge Wind Energy, LLC"
58448,"Sky Volt, LLC"
58449,"Wiota Wind Energy, LLC #1"
58451,"McCoy Solar, LLC"
58452,SMECO Solar LLC
58453,AltaGas Blythe Operations Inc
58455,Broadview Energy LLC
58456,"State of Hawaii Department of Transportation, Airport Division"
58459,C-Drop
58460,Buena Vista Biomass LLC
58461,Buffalo Dunes Wind Project LLC
58462,Battery Utility of Ohio LLC
58463,Dart Container Corp
58464,City of Las Vegas
58465,"Green States Energy, Inc."
58466,SunEnergy1
58467,"SSA Solar of CO 1, LLC"
58468,Dominion Renewable Energy
58469,Tinton Falls Solar
58470,"Dominion Solar Holdings, LLC"
58471,"SDD Solar Project 4, LLC"
58472,MAS ASB Cogen LLC
58473,"NVT LICENSES, LLC"
58474,Macquarie Infrastructure Company
58475,Southern Turner Renewable Energy
58477,"O2energies, Inc."
58478,RE Rosamond One LLC
58479,RE Rosamond Two LLC
58480,"RE Rio Grande, LLC"
58481,RE Gillespie 1 LLC
58482,RE Columbia 3 LLC
58485,"Rutgers, The State University of NJ"
58486,Chuckawalla Solar LLC
58487,Montefiore Medical Center Moses Division
58488,Alaska Environmental Power
58489,OCI Solar Power
58490,Ironwood Solar LLC
58491,"Constellation Solar Holding, LLC"
58492,Chattanooga Metropolitan Airport
58494,WSACC
58495,"Syncarpha Alethea I, LLC"
58496,The Joan Turnure 2010 Irrevocable Trust
58497,"GLC - (CA) Madera, LLC"
58498,F H Stoltze Land & Lumber Co
58499,NRSF OPCO LLC
58500,City of Hayward
58501,Five Crowns Inc
58502,"Uwharrie Mountain Renewable Energy, LLC"
58503,Garnet Solar Power Station 1 LLC
58504,"North Carolina Solar II, LLC"
58505,"North Carolina Solar I, LLC"
58506,Westford Solar Park
58507,Solar Star Arizona III LLC
58508,Carolina Solar Energy II LLC
58509,"Affordable Solar Silver City, LLC"
58510,Wells Fargo Equipment Finance Inc
58511,SunGen Sharon 1 LLC
58512,Pinnacle Power Holdings LLC
58513,Salty Shores LLC
58514,"Gilbert Solar Facility I, LLC"
58515,NextEra Energy Mountain View Solar
58517,"SWG Arapahoe, LLC"
58518,NRG Solar Community 1 LLC
58519,Clean Energy Collective LLC
58520,"Huerfano River Wind, LLC"
58521,University of Wisconsin Oshkosh Foundation
58522,Revolution Energy Solutions LLC
58523,Enerdyne Power Systems Inc
58524,South Boston Energy LLC
58525,NOVEC Energy Production
58526,Hometown Bio Energy LLC
58527,Gettysburg Energy and Nutrient Rec Facility LLC
58528,NextEra Energy Operating Services LLC
58529,RES Agriculture NC1 LLC
58530,Employers Mutual Casualty Company
58531,EMCASCO Insurance Corporation
58532,Standard Insurance Company
58534,Brayton Point Energy LLC
58535,Eagle Valley Clean Energy LLC
58536,Smithfield-Farmland Packaged Food Group
58537,Fresh Air Energy IV LLC
58539,Pheasant Run Wind LLC
58540,California PV Energy LLC
58541,"Forbes Street Solar, LLC"
58542,Trustees of Princeton University
58543,DESRI V LA County Solar Holdco LLC
58544,Sierra Nevada Brewing Co
58545,Tuscola Wind II LLC
58546,Cascade Solar LLC
58547,Port of Tillamook Bay
58548,State of CA DGS BPM
58549,County of Alameda GSA
58550,"Indeck Energy-Alexandria, LLC"
58551,Steele Flats Wind Project LLC
58552,Mound Solar Owner V LLC
58553,PAR Petroleum
58554,"Beryl Solar, LLC"
58555,The University of Utah
58556,"Cedar Valley Solar, LLC"
58557,"Buckhorn Solar, LLC"
58558,"Milford Flat Solar, LLC"
58559,"Laho Solar, LLC"
58560,"Greenville Solar, LLC"
58561,"Granite Peak Solar, LLC"
58562,"Blueberry One, LLC"
58563,Isabella Fish Flow Hydro Project LLC
58564,Paramount Group Inc
58565,"Saddleback Ridge Wind, LLC"
58566,Abengoa Bioenergy Biomass of Kansas
58567,"Blue Renewable Energy IMS, LLC"
58568,"Westlands Solar Farms, LLC"
58569,City of Rochester
58570,CF Gainesville Owner One LLC
58571,Green Energy Development Archer LLC
58572,Starwood Energy Group Global
58573,Transamerica Pyramid Properties LLC
58574,Canton Mountain Wind LLC
58575,"Sol Orchard Imperial 1, LLC"
58576,"Holstein Holdings, LLC"
58577,Northern Colorado Water Conservancy District
58578,PPS Berkshire Solar LLC
58579,Silverado Power
58580,Simon Solar Farm LLC
58581,"Lightning Dock Geothermal HI-01, LLC"
58582,RP Wind LLC
58583,Museum of Science and Industry
58584,AU Solar 1 LLC
58585,National Bank of Arizona
58586,Banyan SolarCity Owner 2010 LLC
58587,Pacific Energy Capital
58588,National Solar Power Partners LLC
58589,Orbit Energy Charlotte
58590,SEDC Jersey Gardens Owner LLC
58591,CF Jersey Gardens Owner Two LLC
58593,Sequoia PV 1 LLC
58594,Rockford Solar Partners
58595,INEOS New Planet BioEnergy
58596,Hanwha Q CELLS USA
58597,"Enivromission, Inc"
58598,"Mass Solar, LLC"
58599,"Kalaeloa Renewable Energy Park, LLC"
58600,Waihonu North LLC
58601,Waihonu South LLC
58602,Utah Red Hills Renewable Energy Park LLC
58603,Aloha Solar Energy Fund I LLC
58604,US Air Force
58605,Holsum Elm Dairy
58606,Mauka Fit One LLC
58607,Frito Lay Incorporated Dayville
58608,TransAlta Wyoming Wind LLC
58609,OwnEnergy Inc
58610,"Celina Solar Project #1, LLC"
58611,Forest City Sustainable Resources Pearl City LLC
58613,Route 66 Wind Power LLC
58614,Hancock Wind LLC
58615,NRG Homer City Services LLC
58616,"Osage Wind, LLC"
58617,Mahoning Creek Hydroelectric Company LLC
58618,Finley BioEnergy LLC
58619,BioFuels Washington LLC
58620,AEP Generation Resources Inc
58621,"SSA Solar of NM, LLC"
58622,Costco Wholesale
58623,"Grande Prairie Wind, LLC"
58624,"Walnut Ridge Wind, LLC"
58625,"Black Oak Wind, LLC"
58626,"Paynesville Wind, LLC"
58627,Puget Sound Hydro LLC
58628,ABEC Bidart-Old River LLC
58629,TIG Sun Energy I LLC
58638,"Lenape Solar II, LLC"
58639,Axio Green LLC
58640,New Generation Holdings Inc
58641,MAV Brokerage Inc
58642,East Kapolei Solar LLC
58643,Zeeland Farm Services
58649,Solar Star Arizona II LLC
58650,IHI Power Services Corp
58651,"Allegany Generating Station, LLC"
58652,Roundtop Energy LLC
58653,Oxbow Creek Energy LLC
58654,Orion Solar I LLC
58655,"Orion Solar II, LLC"
58656,"Pheasant Run Wind II, LLC"
58658,Sunlight Partners
58660,GreenWhey Holdings
58661,"Sustainable Power Group, LLC"
58662,Blue Mountain Power Partners
58664,FTP Solar LLC
58666,AlphaGen Power LLC
58672,Everpower Wind Holdings Inc
58673,"Longhorn Holdings, LLC"
58674,"Sonne One, LLC"
58675,Delta-Montrose Electric Association
58676,Ameren Energy Medina Valley
58677,CD US Solar MT1 LLC
58678,"Maywood, LLC"
58679,"Kirkwall Holdings, LLC"
58680,"Ayrshire Holdings, LLC"
58681,MSM Solar LLC
58682,WR-TGC Solar Generation IV LLC
58684,Hop Bottom Energy LLC
58685,Beaver Dam Energy LLC
58686,Alpaca Energy LLC
58687,Bayles Energy LLC
58688,Kelly Energy LLC
58689,Milan Energy LLC
58690,Red Glen Energy LLC
58691,Shippenville Energy LLC
58692,Florey Knob LLC
58694,"Argand Energy Solutions, LLC"
58695,Heliosage LLC
58696,Ignite Solar Holdings LLC
58697,UTS Project Company HNY-1 LLC
58698,PSEG Solar Soure
58699,Millville City Sewer Auth WTP
58700,Port Arthur Steam Energy LP
58701,Maine Township High School Dist 207
58702,AES Energy Storage
58703,Apple One LLC
58704,Sonne Two LLC
58705,Washington Gas Energy Systems
58706,67RK 8me LLC
58707,Torch Renewable Energy LLC
58709,Richland Center Renewable Energy LLC
58710,Lakeswind Power Partners
58711,"Gato Montes Solar, LLC"
58712,"Bethel Price Solar, LLC"
58713,"Dogwood Solar, LLC"
58714,"Washington Airport Solar, LLC"
58715,"Washington Millfield Solar, LLC"
58716,"Windsor Cooper Hill Solar, LLC"
58717,"Painted Hills Wind Developers, JV"
58718,Na Pua Makani Power Partners LLC
58720,Enbridge
58721,Solar Sudbury One LF LLC
58722,Jordan Cove Energy Project LP
58723,Warsaw Farm LLC
58724,Castalia Solar LLC
58725,Greenville Farm 2 LLC
58726,Oakboro Farm LLC
58727,Mayodan Farm LLC
58728,McKenzie Farm LLC
58729,Nash 58 Farm LLC
58730,Nash 64 Farm LLC
58731,Ostrich Farm LLC
58732,Pate Farm LLC
58733,Peanut Farm LLC
58734,Sunfish Farm LLC
58735,Waco Farm LLC
58736,Wagstaff Farm LLC
58738,Sigmon Catawba Farm LLC
58739,Enfield Farm LLC
58740,Erwin Farm LLC
58743,Garrell Solar Farm LLC
58744,Angier Farm LLC
58745,Blandenboro Farm LLC
58746,Chatham Park Solar Farm LLC
58748,Clean Energy LLC
58749,Rentech Nitrogen Pasadena LLC
58750,"Berkley East Solar, LLC"
58751,Dement Farm LLC
58752,DG Solar Lessee LLC
58753,Sunlight General Morris Solar LLC
58754,Sunlight General Mercer Solar LLC
58756,Albany Engineering Corporation
58757,"Wheelabrator Frederick, LLC"
58758,CPV Smyth Generation Company LLC
58759,Perpetual Energy Systems
58760,FPC Services Inc.
58761,White Camp Solar LLC
58762,"Sargas Texas, LLC"
58763,"LotusWorks-Summit Ridge I, LLC"
58764,"Origis Energy USA, Inc"
58765,FGE Texas I LLC
58766,FGE Texas II LLC
58767,Temple University
58768,Pondera Development LLC
58769,Sunlight General Somerset Solar LLC
58770,Balko Wind LLC
58771,Tri-County Water Conservancy District
58772,MHI Wind Power
58773,Kingfisher Wind LLC
58774,K4 Wind Farm I LLC
58775,Sol Orchard San Diego 22 LLC
58776,Sol Orchard San Diego 23 LLC
58783,Marseilles Land and Water Company
58784,"Fourmile Wind Energy, LLC"
58785,"Beebe 1B Renewable Energy, LLC"
58786,Sol Orchard San Diego 20 LLC
58787,Sol Orchard San Diego 21 LLC
58789,DOD USMC Marine Air Ground Combat
58790,"Copper Mountain Solar 3, LLC"
58791,Pristine Sun LLC
58792,ClearVista Energy LLC
58793,Missouri University of Science and Technology
58794,American Wind Energy Management Corp.
58795,Hamilton Wind Energy LLC
58796,Trishe Wind Colorado
58797,"Norsemen Wind Energy, LLC"
58798,Shell Chemical Appalachia LLC
58800,Cross Pollination Inc
58801,"Integrys MA Solar, LLC"
58802,"Walpole Solar 2, LLC"
58803,"Gardner Solar 1, LLC"
58804,Lake Erie Energy Development Corp
58808,Rockville Solar I LLC
58809,Simonds International
58810,Geenex LLC
58811,Ameresco Dallas LLC
58812,GLT Cloverdale Solar LLC
58814,Sibley Wind Substation LLC
58815,KDC Solar RTC LLC
58816,Dessie Solar Center LLC
58817,"Rockville Solar II, LLC"
58818,BearPond Solar Center LLC
58819,Graham Solar Center LLC
58820,Shankle Solar Center LLC
58821,Camelot Wind LLC
58822,MC Power Companies Inc
58823,MCP-Butler LP
58824,City of Santa Rosa
58825,WE 90 Technology Drive LLC
58826,"Thunder Spirit Wind, LLC"
58827,Fairfield Wind Master Tenant LLC
58828,St. Olaf College
58832,IDE 4 LLC
58833,California Dairy Energy I LLC
58834,CH4 Power Inc
58835,Akron Energy Systems LLC
58836,"Sunwind Energy Solutions, LLLP"
58837,Fairview Farms Solar LLC
58838,"Parrey, LLC"
58839,Central Valley Ag Power LLC
58840,"Copenhagen Wind Farm, LLC"
58841,"Broken Bow Wind II, LLC"
58842,Power Company of Wyoming LLC
58843,Searchlight Wind Energy LLC
58844,Dept of Corrections NCCI Wind
58845,Pine Tree Landfill
58846,"Southeast Renewable Fuels, LLC"
58847,Carlsbad Energy Center
58848,Green Energy Partners LLC
58849,Mariah North West LLC
58850,Mariah South LLC
58856,65HK 8me LLC
58857,87RL 8me LLC
58860,"Southbridge Recycling and Disposal Park, Inc"
58862,DC Water
58863,Main Street Power
58864,Lake County Solar LLC
58865,Hoopeston Wind LLC
58866,Ipswich Wind Independence
58867,Kingston Wind Independence
58869,Case Western Reserve University
58870,City Council of Baltimore City
58871,Citizens Enterprises Corporation
58872,Shannon Wind LLC
58873,Green Energy Team LLC
58874,"Battleground Solar 1, LLC"
58875,FLS Solar 110 Solar LLC
58876,Beulaville Solar LLC
58877,Blue Heron Hydro LLC
58878,Watkins Glen Wind LLC
58879,651 Chase Solar NG LLC
58880,Gallegos Wind Farm LLC
58881,Apex Bethel Energy Center
58883,ERWR Whitcomb Farm Solar LLC
58884,FLS Solar 100 LLC
58885,Wallace Solar LLC
58886,Kenansville Solar LLC
58887,Michelangelo Wind 3 LLC
58888,City of Pittsfield
58889,"Dominion Cove Point LNG, LP"
58891,Jericho Power LLC
58892,Wooster Renewable Energy LLC
58893,Xeres Ventures LLC
58894,CF CVEC Owner One LLC
58895,Marshall Wind Energy LLC
58896,Siskiyou Power Authority
58897,70SM 8me LLC
58898,"Foundation CA Fund V Owner, LLC"
58899,"Foundation CA Fund VI Owner, LLC"
58900,"Polaris Whitewater, LLC"
58901,Hydro Green Energy
58902,Rockland Solar
58903,"Fairfield Wind Owner, LLC"
58905,NRG Energy Services - Plum Point
58906,Chauncey Farm
58907,Dobbins Mill Farm
58908,Dragstrip Farm LLC
58909,Fremont Farm LLC
58910,Gantt Farm LLC
58911,Market Farm LLC
58912,Mount Olive Farm LLC
58914,Roady Lane Farm LLC
58915,Spicewood Solar Farm LLC
58916,Springfield Solar 1 LLC
58917,West Salisbury Farm LLC
58918,West Siler Farm LLC
58919,Yanceyville Farm 2 LLC
58920,Redmon Solar Farm LLC
58921,Bailey Farm LLC
58922,Daniel Farm LLC
58923,Kinston Solar LLC
58924,Martin Creek Farm LLC
58925,Moncure Farm LLC
58926,Anderson Farm LLC
58927,Snow Hill Solar 2 LLC
58928,Berry Plastics Solar
58929,Cape May County Municipal
58930,Tantgent Energy Solutions
58931,"FGE Power, LLC"
58932,"Strata Solar, LLC"
58933,Strata Solar Farms 2 LLC
58934,Strata Fund 12
58935,"Strata Master Lessee 1, LLC"
58936,Churchill Hill Stateside Tax Credit Fund II LLC
58937,Strata Fund 11 Lessor LLC
58938,Strata RS Solar Holding Fund 3 LLC
58939,Cameron Wind 1 LLC
58940,"Warsaw Solar, LLC"
58941,Warsaw Solar 2 LLC
58942,Strata Fund 17 Lessor
58943,Strata Fund 16 LLC
58944,"Enerparc CA 1, LLC"
58945,EthosEnergy Power Plant Services
58948,Manatee County Utilities Department
58949,Hangar 160 LLC
58959,Freeport LNG Development L.P
58960,Timberline Energy LLC
58961,United Therapeutics Corporation
58962,Fair Wind Power Partners
58968,RE Mustang LLC
58969,Harvest Power Orlando LLC
58970,"Ecoplexus, Inc"
58971,Danskammer Energy
58975,Jakana Solar
58976,"PsomasFMG Lancaster Solar Crest, LLC"
58977,Bridgeport Disposal LLC
58979,Windsor Solar LLC
58980,Lewiston Solar LLC
58981,Bethel Solar LLC
58982,Woodland Solar LLC
58983,Williamston Solar LLC
58984,Winton Solar LLC
58985,Marion Solar LLC
58986,AgriReNew
58987,B&H Wind LLC
58992,"AgPower DCD, LLC"
58993,East Wayne Solar LLC
58995,Vickers Farm LLC
58996,Soluga Farms 1 LLC
58997,Soluga Farms 2 LLC
58998,Chapman Ranch Wind LLC
58999,Sonoran West Solar Holdings LLC
59000,Holger Holdings LLC
59001,Faison Farm LLC
59002,Garland Farm LLC
59003,Jackson Solar Farm LLC
59004,Sequoia PV 3 LLC
59005,Angus Holdings LLC
59006,Calypso Farm LLC
59007,Clipperton Holdings LLC
59008,Guersney Holdings LLC
59009,Hereford Holdings LLC
59010,Rhubarb One LLC
59011,Tiburon Holdings
59014,"Cook Inlet Region, Inc."
59015,ESG Biofuels (Southern Georgia) Company LLC
59016,Passadumkeag Windpark LLC
59017,Optimum Wind 5 LLC
59018,Optimum Wind 6 LLC
59019,Optimum Wind 7 LLC
59021,Venus Wind 3 LLC
59022,Leonardo Wind 1 LLC
59023,Leonardo Wind 3 LLC
59024,Optimum Wind 4 LLC
59025,Optimum Wind 3 LLC
59026,Michelangelo Wind 1 LLC
59027,Michelangelo Wind 4 LLC
59028,"EIF CV Holdings, LLC"
59029,NSG New Nevada Holdings LLC
59030,Bonneville Nevada Corporation
59031,"GLC-(CA) CSD 2, LLC"
59032,"GLC-(CA) SDCCD, LLC"
59033,"GLC-(CA) Aqua SD, LLC"
59034,"GLC-(MA) Dartmouth, LLC"
59035,"GLC-(MA) Easton, LLC"
59036,"GLC-(MA) Ludlow, LLC"
59037,"GLC-(MA) Methuen, LLC"
59038,"GLC-(MA) PlymouthSite 1, LLC"
59039,Arbuckle Mountain Wind Farm LLC
59040,Rising Tree Wind Farm II LLC
59041,Lone Valley Solar Park II LLC
59042,Rising Tree Wind Farm III LLC
59043,GE Capital
59044,Windthorst-2 LLC
59045,Eagle Springs Solar LLC
59047,"GLC-(MA) Acushnet - Braley Road 1, LLC"
59048,"GLC-(MA) Acushnet - High Hill, LLC"
59049,Adirondack Hydro-Fourth Branch LLC
59050,Algonquin Power Co
59051,RPG Windthorst-2 Investco
59056,"Tri Global Energy, LLC"
59063,"Camden Solar Center, LLC"
59068,"Apex Wind Energy Holdings, LLC"
59069,CIP II/AR Bridgewater Holdings LLC
59070,Fresh Air Energy XVI LLC
59071,Fresh Air Energy IX LLC
59072,Fresh Air Energy X LLC
59073,Fresh Air Energy XIV LLC
59074,"ReNew Albany Holdings, LLC"
59075,Fresh Air Energy XIII LLC
59076,Fresh Air Energy VII LLC
59077,Fresh Air Energy XII LLC
59078,Fresh Air Energy VIII LLC
59079,Van Erk Dairy LLC
59080,"Soleil Energy Solutions, LLC"
59081,Westside Solar Farm LLC
59087,Verizon
59089,Merced Solar LLC
59090,Mission Solar LLC
59091,Hollister Solar LLC
59092,Ampersand Moretown Hydro LLC
59093,"Hidden View Dairy, LLC"
59094,Kellogg's - San Jose
59095,eBay - South Jordan
59096,U.S. Government
59097,WED NK Green LLC
59098,Trishe Wind Ohio LLC
59099,"New Dimension Energy Company, LLC"
59100,"Sunlight General Solar Fund II, LLC"
59101,"NTE Texas, LLC"
59102,Wessington Wind
59103,Connecticut Airport Authority
59104,"Sequoia PV 2, LLC"
59105,"WED Coventry One, LLC"
59106,"WED Coventry Two, LLC"
59107,"WED Coventry Three, LLC"
59108,"WED Coventry Four, LLC"
59109,"SUNE BEACON SITE 2, LLC"
59110,"SUNE BEACON SITE 5, LLC"
59111,"Crawford Renewable Energy, LLC"
59112,"Hecate Energy Beacon Solar 1, LLC"
59113,"Hecate Energy Beacon Solar 3, LLC"
59114,"Hecate Energy Beacon Solar 4, LLC"
59115,NextEra Energy Seiling Wind
59116,"WED Coventry Five, LLC"
59117,"WED Coventry Six, LLC"
59119,"Los Vientos Windpower III, LLC"
59120,"Los Vientos Windpower IV, LLC"
59121,"Pumpjack Solar I, LLC"
59122,The Medical Center Company
59123,"NTE Carolinas, LLC"
59124,NTE Ohio LLC
59125,Marlboro Mushroom
59129,"Foundation CA Fund VII Manager, LLC"
59130,"Foundation CA Fund VII Owner, LLC"
59131,Sumitomo Corporation of the Americas
59132,Faison Solar LLC
59133,SAH Holdings
59134,"Centaurus Holdings, LLC"
59135,Inst and Envir Div Marine Logistics Base
59136,Ampersand Hollow Dam Hydro LLC
59137,Palmer Renewable Energy
59138,"SunPower Corporation, Systems"
59139,SunEdison LLC
59140,"Dorena Hydro, LLC"
59141,Devens
59142,"Hydrogen Energy California, LLC"
59143,Old Mill Solar
59144,"SunE CREST1, LLC"
59145,"SunE CREST2, LLC"
59146,Red Horse 2
59147,Broshco Fabricated Products
59148,BP Helios Plaza
59149,"Dunn Solar, LLC"
59150,Rose Hill Solar LLC
59151,"Rose Hill Owner, LLC"
59152,"Dunn Owner, LLC"
59153,"FLS Solar 80, LLC"
59154,"FLS 80 Owner, LLC"
59155,"First Wind O&M, LLC"
59156,Wapsie Valley Creamery
59157,The Methodist Hospital
59158,"Wildwood Solar I, LLC"
59159,Central Electric Power
59160,"East Kansas Agri-Energy, LLC"
59161,"Great Bay Wind I, LLC"
59162,COMM Engineering
59163,"DESRI V LA County Solar, LLC"
59164,"Energy XXI Pipeline II, LLC"
59166,"Enterprise Solar Owner, LLC"
59167,"Escalante Solar I Owner, LLC"
59168,"Escalante Solar II Owner, LLC"
59169,"Escalante Solar III Owner, LLC"
59170,"North American Biofuels, LLC"
59171,"Suncore Photovoltaics, Inc"
59172,"Emcore Solar New Mexico, LLC"
59173,City of Tulare Water Pollution Control
59174,"CD US Solar MT3, LLC"
59175,Searchlight Solar LLC
59176,Diamond Valley Solar LLC
59177,Petra Engineering
59178,"Brookfield Black Bear Hydro, LLC"
59179,American Capital Energy - Searchlight Solar LLC
59180,Newman Solar LLC
59181,Indigo Solar
59182,Energy Operations Group LLC (MN)
59183,Shafter Solar LLC
59184,Humphrey Realty
59185,"CD US Solar PO 3, LLC"
59186,Mesquite Lake Water & Power Plant #1
59187,Anaheim Public Utilities
59188,Pleasant Hill Wind Energy LLC
59189,"TAQA North USA, Inc"
59190,Plymouth State University
59191,Humboldt Bay Harbor Rec & Con Dist
59192,"Amity Energy, LLC"
59193,"Basswood Energy, LLC"
59194,"Purdys Run Energy, LLC"
59195,Landfill Energy Systems
59196,"SunE CREST 6, LLC"
59197,"SunE CREST 5, LLC"
59198,"SunE CREST 7, LLC"
59199,"SolNCPower2, LLC"
59200,"Indy Airport Solar Project II, LLC"
59201,Haida Corporation
59202,"SolNCPower1, LLC"
59205,"Baker Station Associates, LP"
59206,"Downs Farm Solar, LLC"
59207,"FLS 2014 Solar B, LLC"
59208,NRG Solar Las Vegas MB-1
59209,"Half Moon Ventures, LLC"
59210,"Oak Tree Energy, LLC"
59211,"Adelanto Solar, LLC"
59212,"Adelanto Solar II, LLC"
59213,Maas Energy Works
59214,"RE Cranbury Solar 1, LLC"
59215,"SA Solar Services, LLC"
59216,"S.C. Johnson & Son, Inc."
59217,"CBC Alternative Energy, LLC"
59218,East. Michigan Univ. Heating Plant
59219,Albany Medical Center
59220,"Valencia Solar, LLC"
59221,"Tech Park Solar, LLC"
59222,Qualcomm Incorporated
59223,"BFI Waste Systems of GA, LLC"
59224,Logans Gap Wind LLC
59225,Cary Oil Company
59226,St. Albans Solar Partners
59227,Kay Wind LLC
59228,"Bowerman Power LFG, LLC"
59229,Denver Int'l Airport IV Solar
59230,"DESRI V Mass Solar Holdco, LLC"
59231,"SH COD I, LLC"
59232,Kearsarge Solar LLC
59233,Kearsarge SW LLC
59234,Kearsarge Master Tenant LLC
59235,"Cogentrix Development Holdings, LLC"
59236,"Alamo Solar, LLC"
59237,"Ulysses Solar, LLC"
59238,Palo Duro Wind
59239,Bannock County Landfill
59240,"Clarendon Solar Farm, LLC"
59241,Claire Solar Partners LLC
59244,GEM Energy LLC
59245,Lanier Solar
59246,Highwater Solar I
59247,Bearford Solar II LLC
59248,Dale Solar Investments
59249,NLN LLC
59250,RL Solar
59251,Brigham Young Univ Idaho
59252,GRE 314 East Lyme LLC
59253,"Oregon Windfarms, LLC"
59254,NuGen Capital Management
59255,"Oregon Int'l Holdings, LLC"
59256,8030 Companies Inc.
59257,"Giffen Solar Park, LLC"
59258,"Five Points Solar Park, LLC"
59259,"Blackwell Solar Park, LLC"
59260,"Wright Solar Park, LLC"
59261,"Colonial Eagle Solar, LLC"
59262,"NRG Solar Oasis, LLC"
59263,"Fresh Air Energy XVIII, LLC"
59264,"Fresh Air Energy II, LLC"
59265,"Fresh Air Energy XXI, LLC"
59266,"Fresh Air Energy XIX, LLC"
59267,"Fresh Air Energy XXII, LLC"
59268,"Fresh Air Energy XXXIII, LLC"
59269,"Fresh Air Energy XV, LLC"
59270,"Fresh Air Energy XX, LLC"
59271,"Fresh Air Energy XXXI, LLC"
59272,"41MB 8me, LLC"
59273,"62SK 8me, LLC"
59274,"SR Hazlehurst, LLC"
59275,CF SBC Master Tenant One LLC
59276,"ESA Four Oaks NC 1, LLC"
59277,"ESA Princeton NC, LLC"
59278,"Sarah Solar, LLC"
59279,"Nitro Solar, LLC"
59280,"Holocene Renewable Energy Fund 3, LLC"
59281,"Coronus Adelanto West 1, LLC"
59282,"Coronus Adelanto West 2, LLC"
59283,"Gateway Energy Center, LLC"
59284,"Kona Solar, LLC"
59285,"Innovative Solar 6, LLC"
59286,Heliovaas LLC
59287,Laurel Capital Partners
59288,"Creswell Alligood Solar, LLC"
59289,"Everetts Wildcat Solar, LLC"
59290,Solvida Energy Group
59291,Fowler Ridge Wind LLC
59292,Putah Creek Solar Farm LLC
59293,"FLS Solar 200, LLC"
59294,"FLS Solar 170, LLC"
59295,"Innovative Solar 14, LLC"
59296,"Innovative Solar 15, LLC"
59297,"FLS 2014 Solar A, LLC"
59298,"Vega Solar, LLC"
59299,Ameresco Solar Acton LLC
59300,PNM Resources
59301,"Clear Horizons Dane, LLC"
59302,"Crockett Farm, LLC"
59303,"Eastover Farm, LLC"
59304,"Foxfire Farm, LLC"
59305,"Hutchinson Solar, LLC"
59306,"Keen Farm, LLC"
59307,"Ashley Solar Farm, LLC"
59308,"Bearford Farm, LLC"
59315,Bradley Farm LLC
59316,Laurinburg Industrial Solar LLC
59317,Toprak LLC
59318,Soy Solar LLC
59319,"Cotton Solar, LLC"
59320,"Manway Solar, LLC"
59321,"Millikan Farm, LLC"
59322,"Misenheimer Farm, LLC"
59323,"Monroe Moore Farm, LLC"
59324,Franklin Solar 2 LLC
59325,"North Siler Farm, LLC"
59326,"Stout Farm, LLC"
59327,"Tarboro Farm, LLC"
59328,"Tart Farm, LLC"
59329,"Wellons Farm, LLC"
59330,"Wommack Farm, LLC"
59331,"Woodland Church Farm, LLC"
59332,"Yadkin 601 Farm, LLC"
59333,"Pit 64 Farm, LLC"
59334,"Rutherford Farm, LLC"
59335,"Sandy Ridge Solar Farm, LLC"
59336,"Schell Solar Farm, LLC"
59337,"Sedberry Farm, LLC"
59338,"Spring Valley Farm 2, LLC"
59339,"Spring Valley Farm, LLC"
59340,"Stikeleather Farm, LLC"
59341,"Maricopa West Solar PV, LLC"
59342,"Maricopa West Solar PV 2, LLC"
59343,"Maricopa East Solar PV, LLC"
59344,Energy Transfer Field Services LLC
59345,"Colton Solar One, LLC"
59346,"Colton Solar Two, LLC"
59347,W Power LLC
59348,WestRock (WA)
59349,Walters Solar (FLS 260)
59350,Stagecoach Solar
59351,Vicksburg Solar
59352,Soul City Solar
59353,"AP North Lake I, LP"
59354,"LKL BLBD, LLC"
59355,"LKL Kingfisher, LLC"
59356,SSA Solar of NY LLC
59357,Navasota Energy Generation Holdings
59358,"REUT Origination, LLC"
59359,"BHE Renewables, LLC"
59360,Clarkson Solar LLC
59362,Jericho Rise Wind Farm LLC
59363,"Silver State Solar Power South, LLC"
59364,Safe Harbor
59365,Capital Power Corporation
59366,"EnLink Midstream Services, LLC"
59367,"West Valley Power, LLC"
59368,"Calpine Fore River Energy Center, LLC"
59369,"HXOap Solar One, LLC"
59370,"ENERGYneering Solutions, Inc"
59371,Mainline Generation LLC
59372,"Biscoe Solar, LLC"
59373,"Nick Solar, LLC"
59374,"Selma Solar, LLC"
59375,"Turkey Branch Solar, LLC"
59376,"Beth Solar, LLC"
59377,"Big Boy Solar, LLC"
59378,"Charlie Solar, LLC"
59379,"Lotus Solar, LLC"
59380,"Enel Green Power NA, Inc."
59381,EE Kettleman California LLC
59382,"Border Winds Energy, LLC"
59383,"Pleasant Valley Wind, LLC"
59384,Avalon Solar
59385,"Dynegy Energy Services, LLC"
59386,Ampersand Collins Hydro LLC
59387,Sandstone Solar LLC
59388,"Charlton Solar I, LLC"
59389,"Boseman Center Solar, LLC"
59390,"Rams Horn Solar Center, LLC"
59391,"Flemming Solar Center, LLC"
59392,"Upchurch Solar Center, LLC"
59393,"Coronal Lost Hills, LLC"
59394,NextEra Energy Resources Breckinridge
59395,Philips Lightolier
59396,Agua Caliente Solar
59397,NRG Solar Alpine
59398,NRG Solar Avra Valley
59399,NRG Solar Blythe
59400,NRG Solar Roadrunner
59401,Jamesville Solar LLC
59402,Garysburg Solar LLC
59403,Gaston Solar LLC
59404,Seaboard Solar LLC
59405,Weldon Solar LLC
59406,Mt. Olive Solar 1
59407,FLS Solar 230 (Warren)
59408,"FLS 2014 Solar D, LLC"
59409,Eco Services Operations LLC
59412,Tarboro Solar LLC
59413,Crestmark Bank
59414,"Nelson Gardens Energy, LLC"
59415,"SEPG Operating Services, LLC Walton"
59416,"SEPG Operating Services, LLC WCP"
59417,"SEPG Operating Services, LLC ALS"
59421,"SEPG Operating Services, LLC MPC"
59422,"Mid-Georgia Cogen, LP"
59423,"SEPG Operating Services, LLC Effingham"
59424,"SSA Solar of NM 4, LLC"
59425,"MKM Oakdale Solar, LLC"
59426,"Forever 21 Retail, Inc."
59428,"Sendero Wind Energy, LLC"
59429,Comanche LLC
59430,"Comanche Solar PV, LLC"
59431,"Athens-Johnston Renewables, LLC"
59432,Clear Creek Power
59433,"Imperial Valley Solar Co (IVSC) 2, LLC"
59434,"Mattawoman Energy, LLC"
59435,"Innovative Solar 37, LLC"
59436,"Innovative Solar 47, LLC"
59437,"Innovative Solar 48, LLC"
59438,"Innovative Solar 53, LLC"
59439,"Innovative Solar 54, LLC"
59440,"Innovative Solar 23, LLC"
59441,"Innovative Solar 46, LLC"
59442,"Innovative Solar 33, LLC"
59443,"Innovative Solar 34, LLC"
59444,"Innovative Solar 38, LLC"
59445,"Innovative Solar 44, LLC"
59446,"Innovative Solar 55, LLC"
59447,"Innovative Solar 64, LLC"
59448,"Innovative Solar 67, LLC"
59449,"Innovative Solar 68, LLC"
59450,"Innovative Solar 71, LLC"
59451,"Innovative Solar 72, LLC"
59452,"Ingenco Renewable Development, LLC"
59453,"NextSun Energy, LLC"
59454,"Solscient Energy, LLC"
59455,"Venable Solar, LLC"
59456,"Zuni Solar, LLC"
59457,"Sun Harvest Solar, LLC"
59458,Landfill Energy Systems Florida
59462,"Heelstone Energy Holdings, LLC"
59463,Narragansett Bay Commission
59464,Current Energy Group
59465,"Clark Solar 1, LLC"
59466,"Clark Solar 2, LLC"
59467,"Clark Solar 3, LLC"
59468,"Clark Solar 4, LLC"
59469,"Mountain Home Solar, LLC"
59470,"Pocatello Solar 1, LLC"
59471,Raft River Energy 1 LLC
59473,"JC-Biomethane, LLC"
59474,BQ Energy LLC
59475,Imperial Solar 1 LLC
59476,"BRE NC Solar, LLC"
59477,PMG Focus Funds SICAV plc
59478,"Green Lane Energy, Inc"
59479,"Covanta Energy Americas, Inc."
59480,Aulander Solar LLC
59481,Franklinton Solar LLC
59482,Ameresco Tempe
59483,Metropolitan Airports Commission
59484,Framingham State University
59487,"Moundsville Power, LLC"
59488,Charlotte Solar LLC
59489,Perennial-Wind Chaser LLC
59490,"Neches Station, LLC"
59491,Seville Solar One LLC
59492,Seville Solar Two LLC
59493,Scituate Wind LLC
59494,Fairhaven Wind LLC
59495,Ameren Missouri
59496,Allete Clean Energy
59497,Eversource
59498,CB&I Government Solutions
59499,"MCP-Macon, LLC"
59500,"Sunny Templeton, LLC"
59501,"Green Pastures Wind I, LLC"
59502,"Green Pastures Wind II, LLC"
59503,Capital Dynamics
59504,Kirkwood Community College
59506,"Valentine Wind, LLC"
59508,"Barton Solar, LLC"
59509,Paul Spencer
59510,"Clean Energy Capital Fund I, LLC"
59511,"South Street Solar, LLC"
59512,"Team-Solar, Inc."
59513,WF-SunE-XII Solar Statutory Trust
59514,"River Mountains Solar, LLC"
59515,"SunE Coalinga SH Owner, LLC"
59516,"SunE Pleasant Valley SP Owner, LLC"
59517,SE Solar Trust X
59518,"Wilzig Associates, LLC"
59519,"TerraForm Solar XVII, LLC"
59520,"BWC Origination 5, LLC"
59522,Chester Power Partners LLC
59523,"SunE Solar XV Lessor, LLC"
59524,Seneca Generation LLC
59525,SE Solar Trust VII
59526,State Correctnl Inst Laurel Highlands
59527,"Calpeak Operating Services, LLC"
59528,Veolia - Kendall Green Energy
59529,Robeson County Landfill
59530,FLS 2013 Solar A LLC
59531,"FLS 2013 Solar B, LLC"
59532,CAMS
59533,Facile Solar LLC
59534,Oregon Clean Energy Center
59535,"FLS Operations, LLC"
59536,Nationwide Life Insurance Company
59537,"FLS USB Fund 2, LLC"
59539,BioTown Ag
59540,"SunE SEM 1, LLC"
59541,Carroll County Energy LLC
59542,Adams Farm Solar LLC
59543,Heartland Community College
59544,"SunE DM, LLC"
59545,"BWC Origination 4, LLC"
59546,"Nexamp Treasure Valley Solar, LLC"
59547,Quantum Utility Generation LLC
59548,Bayou Power LLC
59549,Targa Pipeline Mid-Continent West OK LLC
59550,Croda Inc.
59551,Occidental College
59552,Dependable Highway Express Inc
59553,VA Sepulveda Ambulatory Care Center
59554,CBS Television City
59555,"Red Oak Power, LLC"
59559,Novi Energy LLC
59560,"SunE Solar XVII Project 1, LLC"
59561,"SunE Solar XVII Project 2, LLC"
59562,Indus Energy LLC
59563,NE BioFuels LLC
59564,North Central Cooperative
59565,Frontier Management Company
59567,"Three Rivers Solar I, LLC"
59568,"United Water, Inc."
59569,"TWE Ahoskie Solar Project, LLC"
59570,"TWE Kelford Solar Project, LLC"
59571,"Mound Solar Owner VII, LLC"
59572,East to West Solar LLC
59573,amazon
59574,IBM
59575,Maxim
59576,Pixar Animation Studio
59577,Starbucks
59578,Yahoo!
59582,Bayonne Municipal Utilities Authority
59583,"FLS 2015 Solar H, LLC"
59584,Colon FiT LLC
59585,Foothill Solar LLC
59586,DeCordova ll Power Company LLC
59587,Eagle Mountain Power Company LLC
59588,Lake Creek 3 Power Company LLC
59589,Rockfish Solar LLC
59590,"WTE-Dairyland, LLC"
59591,Town of Munster
59592,"Computershare Trust Company, N.A."
59593,NC Renewable Power - Lumberton LLC
59594,Black Oak Wind Farm LLC
59595,"Copper Mountain Solar 4, LLC"
59596,Industrial Power Services Corp.
59597,"Broome Energy Resources, LLC"
59598,Tooele Army Depot
59599,"Shoe Show, Inc."
59600,"Mohave Sunrise Solar I, LLC"
59601,Hunt Farm Solar LLC
59602,SH Solarne2 LLC
59603,SE Solarne2 LLC
59604,Bulldog Energy Airport LLC
59605,South Louisburg Solar LLC
59606,Westminster Place
59607,Sunshine Valley Solar LLC
59608,Playa Solar LLC
59609,TWE Kinston Solar
59610,TWE Laurinburg Solar
59611,Royal Solar
59612,GES MegaOne LLC
59613,BayWa r.e. Solar Projects LLC
59614,"Munich Reinsurance America, Inc"
59615,FLS 2015 Solar F
59616,"63SU 8me, LLC"
59617,"Constellation Solar Georgia, LLC."
59621,North Carolina Renewable Power
59622,"Ahana Renewables, LLC"
59626,Northwest Community Hospital
59627,NRG Renew
59628,Infigen Energy US Development LLC
59630,DeltaPro Energy Inc
59631,"Colorado Shared Solar 1, LLC"
59632,Medicine Bow Wind LLC
59633,Great Bay Solar I LLC
59634,North Star Solar PV LLC
59636,HP Hood LLC
59637,"SolNCPower6, LLC"
59638,"SolNCPower5, LLC"
59639,Citizens Solar Holdings LLC
59640,Mesa Wind Power Corporation
59646,Summit Texas Clean Energy
59648,Lockheed Martin Solar System
59649,Malacha Hydro Limited Partnership
59650,Pikes Peak Solar Garden 1 LLC
59651,Adams Community Solar Garden LLC
59652,Adams Community Solar Garden III LLC
59653,Palmer Solar LLC
59654,Lowell Solar Landfill LLC
59655,Little Bear Solar 1 LLC
59656,Desert Quartzite LLC
59657,Kingbird Solar LLC
59659,"Aiya Solar Project, LLC"
59660,"Solar Star California XXXII, LLC"
59661,SunPower Holding Company
59662,"Riverside Fuel Cell, LLC"
59663,North Rosamond Solar LLC
59664,"Windhub Solar A, LLC"
59666,Little Bear Solar 2 LLC
59667,NAVFAC Midlant PWD Great Lakes
59668,Mount Olive Solar LLC
59669,Louisburg Solar LLC
59672,"SunEnergy1-Scotland Neck, LLC"
59673,Choco Solar LLC
59674,Albertson Solar LLC
59675,Moxie Freedom LLC
59677,Middlesex Energy Center LLC
59678,"KDC Solar PR1, LLC"
59680,Lillington Solar LLC
59681,Smithfield Solar LLC
59682,Pollocksville Solar LLC
59683,Rockwood Energy Center LLC
59684,"SunE DB13, LLC"
59685,AstraZeneca Pharmaceuticals LP
59686,Coronado Power Ventures LLC
59687,AltaGas Sonoran Energy Inc
59688,"FCPC Renewable Generation, LLC"
59690,Vance Solar Farm LLC
59691,Meadowbrook Solar Farm LLC
59692,Coats Solar Farm LLC
59693,Cline Solar Farm LLC
59694,BG Stewart Solar Farm LLC
59695,"SunE Solar XVII Project 3, LLC"
59696,Soluga Farms IV
59697,"Snow Mountain Solar Project, LLC"
59698,"Sky Global Power One Pledgor, LLC"
59699,Hunt Road Solar LLC
59700,RE Tranquillity LLC
59701,RE Tranquillity 8 LLC
59702,"BayWa r.e. USA, LLC"
59703,"Anderson Wind Project, LLC"
59704,"Brahms Wind, LLC"
59705,"Iron Springs Solar, LLC"
59706,Rattlesnake Den
59707,"Conetoe II Solar, LLC"
59708,"Granite Mountain Solar West, LLC"
59709,Granite Mountain Solar East LLC
59710,"SR Camden, LLC"
59711,Bakersfield 111 LLC
59712,AES Tait LLC
59713,"Potrero Hills Energy Producers, LLC"
59714,Antrim Wind Energy LLC
59716,SunE DB24 LLC
59717,Joliet Battery Storage LLC
59718,West Chicago Battery Storage LLC
59719,Western Antelope Blue Sky Ranch B
59720,North Lancaster Ranch
59721,Central Antelope Dry Ranch C LLC
59722,Elevation Solar C
59723,Latigo Wind Park
59724,"Pepperidge Farm, Inc.- Bloomfield"
59725,"Ariel Solar, LLC"
59726,"Windhub Solar B, LLC"
59727,RE Astoria LLC
59728,RE Astoria 2 LLC
59729,"Golden West Power Partners, LLC"
59730,"Carousel Wind Farm, LLC"
59731,Windham Solar LLC
59732,"Bearkat Renewable Energy, LLC"
59733,"Easter Renewable Energy Project, LLC"
59735,"Enerparc CA2, LLC"
59736,Columbia Solar Energy LLC
59737,American Capital Energy
59739,"ACE of Cape Cod Solar IV, LLC"
59740,ONFORCE Solar
59741,RE Roserock
59742,GASNA 31P LLC
59744,"Solar Star Colorado III, LLC"
59745,First Solar Asset Management
59747,"Fresh Air Energy XXIX, LLC"
59749,"Fresh Air Energy XXV, LLC"
59750,"Fresh Air Energy XXIII, LLC"
59751,"Fresh Air Energy XXIV, LLC"
59752,"Fresh Air Energy XXXVIII, LLC"
59753,"Fresh AIr Energy XXXII, LLC"
59754,Farm Credit Leasing Services Corporation
59755,"Murphy Flat Power, LLC"
59756,"Orchard Ranch Solar, LLC"
59757,American Falls Solar LLC
59758,"American Falls Solar II, LLC"
59759,"Grant Wind, LLC"
59760,Findlay Wind Farm
59761,"McLean Homestead, LLC"
59762,"UGT Renewable Energy 13, LLC"
59764,"Waipio PV, LLC"
59765,Eight Flags Energy LLC
59766,"SR Jenkins, LLC"
59767,Stephens Ranch Wind Energy ll LLC
59768,"West Hills Construction, Inc"
59769,"Adera Solar, LLC"
59770,"Shorthorn Holdings, LLC"
59771,Pecan Solar LLC
59772,"SunE Solar XVIII Project 1, LLC"
59773,"SunE Solar XVI Lessor, LLC"
59774,Crawfordsville Energy LLC
59775,"Solar Star California XXXI, LLC"
59776,"Frontier Solar, LLC"
59777,"Buckthorn Westex, LLC"
59778,Innovative Solar 10
59779,Shoreham Solar Commons
59780,"Golden Hills Wind, LLC"
59781,TWE Chocowinity Solar
59782,"Innovative Solar 18, LLC"
59783,"Innovative Solar 26, LLC"
59784,"Innovative Solar 63, LLC"
59785,"Syncarpha Palmer, LLC"
59786,"FLS 2015 Solar G, LLC"
59787,Innovative Solar 16
59788,Steel Bridge Solar. LLC
59789,"Avalon Solar Partners II, LLC"
59790,"River Bend Solar, LLC"
59791,Lindberg Field Solar I LLC
59792,"Los Vientos Windpower V, LLC"
59802,"Live Oak Solar, LLC"
59803,"White Pine Solar, LLC"
59804,"Federal Road Solar 1, LLC"
59805,"BWC Swan Pond River, LLC"
59806,"Grand View PV Solar Two, LLC"
59817,"Cedar Bluff Wind, LLC"
59819,"Fresh Air Energy X, LLC"
59822,"Syncarpha Massachusetts, LLC"
59823,"Syncarpha North Adams, LLC"
59824,"Fisher Road Solar I, LLC"
59825,"Neisler Street Solar I, LLC"
59826,"Syncarpha Bondsville, LLC"
59827,"Ampersand Long Falls Hydro, LLC"
59828,Solid Waste Authority of Central Ohio
59831,"White Oak Solar, LLC"
59833,PCA-Valdosta Mill
59834,"GR Catalyst One, LLC"
59835,Green Farm Solar LLC
59836,Simons Solar Farm LLC
59837,"South Plains Wind Energy II, LLC"
59838,"SunE DB27, LLC"
59839,Sunflower Wind Project
59840,Wallace Solar 2 LLC
59841,70SM1 8ME LLC
59842,"Blythe Solar 110, LLC"
59843,"Blythe Solar II, LLC"
59844,"Blythe Solar III, LLC"
59845,"Blythe Solar IV, LLC"
59849,Dinuba Energy
59850,Kenneth Solar LLC
59851,Jacob Solar LLC
59852,Angel Solar LLC
59853,Happy Solar LLC
59854,Tracy Solar LLC
59855,Andrew Solar LLC
59856,Maverick Solar LLC
59857,Murdock Solar LLC
59858,Chei Solar LLC
59859,Elliana Solar LLC
59860,Jett Creek
59861,Benson Creek
59862,Durbin Creek
59863,Prospector
59864,Willow Spring
59865,"Dom Solar Lessor I, LP"
59866,Electron Hydro LLC
59867,"Hood Container of Louisiana, LLC"
59868,"Pinyon Pines Wind I, LLC"
59869,"Pinyon Pines Wind II, LLC"
59870,"Bishop Hill Energy II, LLC"
59871,"TX Jumbo Road Wind, LLC"
59872,"Solar Star California XX, LLC"
59873,"Solar Star California XIX, LLC"
59874,Topaz Solar Farms LLC
59875,Olin Blue Cube Operations
59876,Lorin Industries
59878,Clean Fuel Partners Dane
59879,Greenleaf Energy LLC
59880,Pioneer Crossing Energy LLC
59881,Port Charlotte Energy LLC
59882,"Javelina Wind Energy, LLC"
59883,NRG Energy Gas & Wind Holdings Inc
59885,"UIL Distributed Resources, LLC"
59889,ProEnergy
59890,"Mound Solar Owner X, LLC"
59891,"Louis Solar II, LLC"
59892,"UCI Fuel Cell, LLC"
59893,Northern Water Hydropower Enterprise
59894,"HCE Johnston I, LLC"
59895,Patheon Manufacturing Service LLC
59896,"Upco Power 1, LLC"
59897,"LKL Goldfinch, LLC"
59898,"Kawailoa Solar, LLC"
59899,"OEE XVII, LLC"
59900,"Mesquite Creek Wind, LLC"
59901,Yavi Energy LLC
59902,"Greg TeVelde, DBA Pacific Rim Dairy"
59903,Candace Solar LLC
59904,Sun Devil Solar LLC
59905,"OEE XIX, LLC"
59907,"RPG Elk/Hawkeye Investco, LLC"
59909,RPMA Wind Holding II
59910,Audrey Solar LLC
59911,Milo Solar LLC
59912,Amethyst Solar LLC
59913,Minnie Solar LLC
59914,Sophie Solar LLC
59915,Star Solar LLC
59916,Owen Solar LLC
59917,Dynegy Dicks Creek
59918,Dynegy Kincaid Generation
59919,Dynegy Miami Fort
59920,Dynegy W H Zimmer
59921,Dynegy Lee Energy Facility
59922,Dynegy Washington Energy Facility
59923,Dynegy Fayette Energy Facility
59924,Dynegy Hanging Rock Energy Facility
59925,"All Dams Generation, LLC"
59926,"Lake Lynn Generation, LLC"
59927,"PE Hydro Generation, LLC"
59928,Footprint Salem Harbor Development LP
59930,"Track 702, LLC"
59934,"EFS Birchwood, LLC"
59935,"Baltimore Church Solar, LLC"
59936,Georgia-Pacific Consumer Products (Camas) LLC
59937,"Lemoore PV1, LLC"
59938,"Cohen Farm Solar, LLC"
59939,"Floyd Solar, LLC"
59940,"McDougald Solar, LLC"
59941,"Innovative Solar 43, LLC"
59942,Argos Solar LLC
59944,"Broadview Energy JN, LLC"
59945,"Broadview Energy KW, LLC"
59946,"ADS Renewable Energy- Wolf Creek, LLC"
59951,"Conetoe Solar, LLC"
59952,"Sugar Run Solar, LLC"
59957,Springerville Unit 3 Holding LLC
59959,"Walton County Power, LLC."
59960,"MPC Generating, LLC."
59961,"Washington County Power, LLC."
59962,SRI International
59963,"TWE New Bern Solar Project, LLC"
59964,ESC Brooke County Power I
59965,ESC Tioga County Power
59966,ESC Harrison County Power
59967,Phoenix Energy
59968,"Effingham County Power, LLC"
59969,Whitethorn Solar LLC
59970,"JDM Partners MM III, LLC"
59971,Kenansville Solar 2 LLC
59972,The Regents of the Univ. of California
59973,Marshall Solar Energy Project
59974,"Mountain State Energy Holdings, LLC"
59975,"Rhode Island State Energy Center, LP"
59976,"WestRock Mill Company, LLC"
59977,Hemlock Solar LLC
59978,HXNAir Solar One LLC
59979,"Cotton Plains Wind I, LLC"
59980,NRG Walnut Creek LLC
59982,"Corona Energy Partners, Ltd"
59983,Bear Mountain Limited
59984,Badger Creek Limited
59985,Chalk Cliff Limited
59986,Double C Generation Limited Partnership
59987,Kern Front Limited
59988,High Sierra Limited
59989,McKittrick Limited
59990,Live Oak Limited
59991,"Caprock Solar 1, LLC"
59992,"Caprock Solar 2, LLC"
59994,General Motors-Lordstown
59995,CRE-Avalon Arizona LLC
59996,"Long Farm 46 Solar, LLC"
59997,Customized Energy Solutions
59998,"Frontier Windpower, LLC"
59999,"Rocksprings Val Verde Wind, LLC"
60000,PG Coachella Power Holdings Inc
60001,Voltage Finance LLC
60002,"Halyard Energy Wharton, LLC"
60003,Zero Waste Energy Development Company LLC
60004,"Strata Roof 1, LLC"
60005,Buddy Solar LLC
60006,"Charlotte Solar, LLC (NC)"
60007,Flash Solar LLC
60008,Melinda Solar LLC
60009,Porter Solar LLC
60010,Quincy Solar LLC
60011,PSEG New Haven LLC
60012,"Malaga Power, LLC"
60013,"ESS Wesel Project, LLC"
60014,"ESS Fairgrounds Project, LLC"
60015,NRG Yield LLC
60016,"Citizens Solar Holdings II MA, LLC"
60017,"Citizens Solar Holdings III, LLC"
60018,"NET Power, LLC"
60019,"96WI 8ME, LLC"
60020,"McDonald Solar Farm, LLC"
60021,"Pastime Farm, LLC"
60022,"ESS Lewes Project, LLC"
60023,EONY Generation Limited
60024,8point3 Operating Company LLC
60025,Greenbacker Renewable Energy Corporation
60026,"Yanceyville Farm 3, LLC"
60027,Prudential Insurance Company of America
60028,"Tenaska Energy, Inc."
60029,"Tenaska Energy Holdings, LLC"
60030,"Firstar Development, LLC"
60031,Equinix
60032,Intel
60033,JDR Holdings LLC
60034,31st Street Energy LLC
60035,"Michigan Wind 3, LLC"
60036,SR Clinch
60037,"Seward Generation, LLC"
60038,Silicon Valley Clean Water
60039,REC Solar
60040,Hale Wind Energy
60042,Fluvanna Wind Energy LLC
60043,Electricity de France
60044,"Bluestem Wind Energy, LLC"
60045,"Stainback Solar Farm, LLC"
60046,"TPE Alta Luna, LLC"
60047,Clean Water Services
60048,PHR Holdings LLC
60050,"Halyard Energy Henderson, LLC"
60051,RE Garland
60054,Duke Energy Florida Solar Solutions
60055,Hennepin County Department of Environmental Services
60056,Emerald City Renewables LLC
60058,Hollingsworth and Vose Co.
60059,ZGlobal Inc
60060,"SR Mavericks, LLC"
60061,Clarkstown Solar LLC
60064,"Clean Path Energy Center, LLC"
60067,Westside Assets LLC
60068,Red Horse III
60069,Jester Solar LLC
60070,Organ Church Solar
60071,"Trinity Solar, LLC"
60072,"Willard Solar, LLC"
60073,"St. Matthews Solar, LLC"
60074,"Ajax Solar, LLC"
60075,"Climax Solar, LLC"
60076,"Crawford Solar, LLC"
60077,"Crimson Solar, LLC"
60078,"Bladen Solar Farm, LLC"
60079,"Whiteville Solar 2, LLC"
60081,"Coram California Development, L.P."
60082,ECOsponsible LLC
60083,"GL Castor I, LLC"
60085,Naperville Trust
60086,USG Oregon LLC
60087,"TD Farm Investments, LLC"
60088,"MYSUE, LLC"
60089,"Legacy Family Holdings, LLC"
60090,"Fair Valley, LLC"
60091,"RB Farm Investment, LLC"
60092,"GD Farm Investment, LLC"
60093,"RD Farm Investment, LLC"
60094,"Clinton Battery Utility, LLC"
60095,"High Pockets Solar, LLC"
60096,Calvert Energy LLC
60097,"San Isabel Solar, LLC"
60098,"MS Solar 2, LLC"
60099,"MS Solar 3, LLC"
60100,"PSEG Keys Energy Center, LLC"
60102,Valley View Wind Investors LLC
60103,Valley View Wind Holdings
60104,"Howell Midland Farm, LLC"
60105,"Solano Wind 3, LLC"
60106,"Mesquite Solar 2, LLC"
60107,"Mesquite Solar 3, LLC"
60108,Camino Energy LLC
60109,TPGH Holdings
60110,"Augustus Farm, LLC"
60112,"97WI 8ME, LLC"
60113,Cielo Goat Limited
60114,"Odin Holding Company, LLC"
60115,Mercuria Energy America Inc
60116,"Origis DevCo USA, INC"
60117,SunShare
60118,"83WI 8ME, LLC"
60119,"Pilot Hill Wind, LLC"
60120,"Moulton Wind Power Partners, LLC"
60121,"Champepadan Wind Power Partners, LLC"
60122,"EDF Renewable Windfarm V, Inc"
60123,Southeast Alaska Power Agency
60125,"Providence Solar Center, LLC"
60126,"Ollo, LLC"
60127,"SSA Solar of NM 3, LLC"
60128,"Electra Wind, LLC"
60129,"Horse Creek Wind, LLC"
60130,"Albany Green Energy, LLC"
60131,"South Field Energy, LLC"
60133,"American Refining and Biochemical, Inc"
60134,AltaGas Ripon Energy Inc.
60135,DCP NGL Services
60136,"Boulder Solar Power, LLC"
60142,"Wortham Solar Farm, LLC"
60143,Bison Solar LLC
60145,NRG Solar Las Vegas MB 2
60146,Ameresco Federal Solutions
60147,"Enerparc Solar Development, LLC"
60148,"Brady Wind, LLC"
60149,"Brady Wind II, LLC"
60150,"SunE DB42, LLC"
60151,Toyota Tsusho Corporation
60152,"U.S. Air Force, Hill AFB"
60153,Mendocino Forest Products
60154,White Street Renewables LLC
60155,"Old Settler Wind, LLC"
60156,"White Farm Solar, LLC"
60157,"Battleboro Farm, LLC"
60158,"Flint Hill Solar, LLC"
60159,RES America Developments Inc
60160,Merlin One LLC
60161,"Snow Camp, LLC"
60162,Panda Hummel Station LLC
60163,Soltage LLC
60164,ILR Landfill
60165,Tesoro SoCal Cogen LLC
60166,Materials Innovation Recycling Authority
60167,"Concord Blue Eagar, LLC"
60168,"Shelby County Energy Center, LLC"
60170,"Clean Energy Future-Lordstown, LLC"
60171,"Grady Wind Energy Center, LLC"
60173,"Western Energy Solutions, LLC"
60174,"Concord Blue Development, LLC"
60175,Samchully Power & Utilities 1 LLC
60176,MVUT 27 Owner LLC
60177,"Solar Star Arizona XIII, LLC"
60178,"Shoe Creek Solar, LLC"
60179,"Duroc Holdings, LLC"
60180,MM Lopez Energy LLC
60182,"SRJFC, LLC"
60183,"SolNCPower10, LLC"
60184,"Tropico, LLC"
60185,"Nicolis, LLC"
60187,Granger Energy of Morgantown
60189,"SJA Solar, LLC"
60190,"MC1 Solar Farm, LLC"
60191,"RE Barren Ridge 1, LLC"
60192,"Warbler Holdings, LLC"
60193,"Tamworth Holdings, LLC"
60194,"Fuyao Glass Illinois, Inc"
60195,"Groton Fuel Cell 1, LLC"
60197,"St. Pauls Solar 1, LLC"
60198,"Kennedy Solar, LLC"
60199,"Innovative Solar 65, LLC"
60200,"Lincoln Solar, LLC"
60201,"Exum Farm Solar, LLC"
60203,"Bizzell Church Solar 1, LLC"
60204,"CB Bladen Solar, LLC"
60205,"Currin Solar, LLC"
60206,"Solar Star California XL, LLC"
60207,"Pisgah Mountain, LLC"
60208,Chaves Solar LLC
60209,"Roswell Solar, LLC"
60211,"Nash 97 Solar, LLC"
60212,"South Winston Farm, LLC"
60213,"Modlin Solar, LLC"
60214,"Maxton Solar, LLC"
60215,"Hardison Farm Solar, LLC"
60216,"Sullivan Solar, LLC"
60217,San Bernardino Valley Municipal Water District
60220,Equinox Vermont Corporation
60221,North Slope LLC
60222,"Haida Energy, Inc."
60223,Ketchikan Electric Company
60224,"EGPNA REP Hydro Holdings, LLC"
60225,"Walden Hydro, LLC"
60226,"Cherokee Falls Hydroelectric Project, LLC"
60227,ORNI 37 LLC
60228,CoServ Electric
60229,"Quail Holdings, LLC"
60230,"ORNI 47, LLC"
60231,"SEC LHNY Solar One, LLC"
60232,Clenera LLC
60233,CRE-Three Peaks Utah LLC
60234,"Williamston West Farm, LLC"
60235,"ID Solar 1, LLC"
60237,"Whitakers Farm, LLC"
60238,Pavant Solar II LLC
60239,"Oneida DG Solar, LLC"
60240,"SEC CRSD Solar One, LLC"
60242,"Athens Energy, LLC"
60244,3880 North Mission Road Solar LLC
60245,Three Peaks Power LLC
60246,"Sunray Energy 2, LLC"
60247,Sunray Energy 3 LLC
60248,Agilon Energy LLC
60249,"Tenaska Pennsylvania Partners, LLC"
60250,"DG Bethlehem Solar, LLC"
60251,"GRP Franklin Renewable Energy Facility, LLC"
60252,"Friendswood Energy Genco, LLC"
60253,"Three Rivers Solar II, LLC"
60254,CRE-Sunray California LLC Delaware
60255,CRE-Sunray Energy 3 California LLC Delaware
60256,"Renewable Energy Alternatives, LLC"
60257,Solar Glynn LLC
60258,Paulding Wind Farm III LLC
60259,"Green River Wind Farm, LLC"
60261,"Solar Integrated Fund IV-A, LLC"
60262,Electrical Power worX Corp
60263,"SR Skylark B, LLC"
60264,"Germantown Solar, LLC"
60265,Bayshore Solar B LLC
60266,Bayshore Solar C LLC
60267,Hartz Solar Hamilton LLC
60268,Hartz Solar LLC
60269,Bayshore Solar A LLC
60270,"Clark Canyon Hydro, LLC"
60271,"Longboat Solar, LLC"
60273,"Tyler Bluff Wind Project, LLC"
60277,54 KR 8me LLC
60278,64KT 8me LLC
60279,"Greenfield Wind, LLC"
60280,"River Road Solar, LLC"
60281,"Altus Power America Management, LLC"
60282,Valley Center
60283,"HA MA Solar, LLC"
60284,"RT MA Solar, LLC"
60285,"RP MA Solar, LLC"
60286,"MEBA Solar I, LLC"
60287,"LB RI Solar, LLC"
60288,"Cattle Ridge Wind Farm, LLC"
60289,"Blazing Star Wind Farm, LLC"
60290,"Crocker Wind Farm, LLC"
60291,"SWD Solar, LLC"
60292,"Advanced Solar Power Holdings, Inc"
60293,"DG Colorado Solar, LLC"
60295,University Of Arkansas
60297,"Limerick Road Solar, LLC"
60298,"Langdon Solar Farm, LLC"
60301,158th Fighter Wing
60302,"Wind GEM, LLC"
60303,"Innovative Solar 42, LLC"
60304,"Innovative Solar 31, LLC"
60307,NRG Solar Blythe II LLC
60309,GMP VT Solar LLC
60310,"Albany Solar, LLC"
60311,"West Waconia Solar, LLC"
60312,"West Faribault Solar, LLC"
60313,"Waseca Solar, LLC"
60314,"Paynesville Solar, LLC"
60315,"Montrose Solar, LLC"
60316,"Lawrence Creek Solar, LLC"
60317,"Lake Pulaski Solar, LLC"
60318,"Annandale Solar, LLC"
60319,"Atwater Solar, LLC"
60320,"Chisago Solar, LLC"
60321,"Hastings Solar, LLC"
60322,"Lake Emily Solar, LLC"
60324,"Eastwood Solar, LLC"
60325,"Dodge Center Distributed Solar, LLC"
60326,"Hattiesburg Farm, LLC"
60327,"Southerland Farm Solar, LLC"
60328,Big Level Wind LLC
60330,"SR South Loving, LLC"
60331,"Selmer North Solar I, LLC"
60332,"Selmer North Solar II, LLC"
60333,Peanut Solar LLC
60334,"SR Millington, LLC"
60336,SDGE Batteries
60338,HQC Rock River Solar Power Generation Station LLC
60340,"M&G Resins USA, LLC"
60341,"Wadesboro Farm 2, LLC"
60342,"Wadesboro Farm 3, LLC"
60343,"Hector Farm, LLC"
60344,"Kojak Farm, LLC"
60345,"Meriwether Farm, LLC"
60346,"Soluga Farms III, LLC"
60347,"AL Solar A, LLC"
60348,"FL Solar 1, LLC"
60349,"Juneau Hydropower, Inc"
60350,"CPV Fairview, LLC"
60352,"Golden Fields Solar I, LLC"
60353,"Solar Star California, XLI, LLC"
60354,"Kelly Creek Wind, LLC"
60356,Hexagon Energy
60358,BC Solar
60359,Summit Farms LLC
60363,"NRG Solar Mule, LLC"
60364,Ninnescah Wind Energy LLC
60365,NRG Renew Canal 1 LLC
60366,"BRE NC Solar 2, LLC"
60367,"BRE NC Solar 3, LLC"
60368,"BRE NC Solar 4, LLC"
60369,City of Worcester DPW
60370,"DG AMP Solar, LLC"
60371,"Kingman Wind Energy, LLC"
60378,"Bunn Level Farm, LLC"
60379,"Howardtown Farm, LLC"
60380,Cork Oak Solar LLC
60381,Sunflower Solar LLC
60382,Farm Credit Leasing Service Corp
60383,Henrietta D Energy Storage LLC
60384,"Javelina Wind Energy II, LLC"
60385,Energy Nuevo Storage Farm
60387,"Townsite Solar, LLC"
60388,"Mission Rock Energy Center, LLC"
60389,Rabbit Hill Energy Storage Project
60390,"North Nash Farm, LLC"
60392,"Moffett Solar 1, LLC"
60393,"Ridgeland Solar Farm I, LLC"
60394,"Willey Battery Utility, LLC"
60395,"California Ethanol Power, LLC"
60396,Constellation New Energy Inc.
60397,Osborn Wind Energy LLC
60398,"Nixa Solar, LLC"
60399,"GASNA 6P, LLC"
60400,"Phantom Solar, LLC"
60401,"Tannery Road Solar, LLC"
60403,"TRS Fuel Cell, LLC"
60404,"Constellation Solar Arizona 2, LLC"
60405,"FDS Coke Plant, LLC"
60406,"Cimarron Bend Wind Project I, LLC"
60407,"Cimarron Bend Wind Project II, LLC"
60408,Pierre Solar
60409,"Blue Summit Storage, LLC"
60410,"Tanager Holdings, LLC"
60411,"Friesian Holdings, LLC"
60412,"Portal Ridge Solar, LLC"
60413,"Rancho Seco Solar, LLC"
60414,TC Ironwood
60415,"CP Crane Power, LLC"
60416,Holtwood LLC
60417,Wallenpuapack Hydro
60419,WakeSun LLC
60420,"BentonSun, LLC"
60421,Brandon Shores LLC
60422,H.A. Wagner LLC
60423,RPMA Operations LLC
60424,"Rincon Solar I, LLC"
60427,WPD Wind Projects Inc
60428,"Green City Recovery, LLC"
60429,Chicago Bridge & Iron Company
60430,Wind Colebrook South
60431,"MRP Generation Holdings, LLC"
60432,"Middle River Power II, LLC"
60433,"Sadiebrook Solar, LLC"
60434,Chisago Community Solar
60435,Ursa Community Solar
60436,Sunrise Community Solar
60437,Rosemount Community Solar
60438,Paynesville Community Solar
60439,Orion Community Solar
60440,Northfield Community Solar
60441,Green Cow Power LLC
60442,New Colony Wind LLC
60443,"Rattlesnake Power, LLC"
60444,Argonne National Laboratory
60445,"SEPV Imperial, LLC"
60446,KDC Solar Bergen 1
60447,KDC Solar GRQ LLC
60448,Simcoe Solar
60449,KDC Solar PFI LLC
60450,Powin Energy
60451,"Roper Farm, LLC"
60452,Victory Solar LLC
60453,Novatus Energy
60454,"Williamston Speight Solar, LLC"
60455,"PVN Milliken, LLC"
60456,"Apple Blossom Wind, LLC"
60458,South Fork Wind LLC
60459,CXA Sundevil Power I
60460,CXA Sundevil Power II
60461,"LSDP 11, LLC"
60462,Community Foodbank of NJ
60464,"Hew Fulton Farm, LLC"
60465,"McGoogan Farm, LLC"
60466,Rowan Solar NC LLC
60467,Royal Wine Corp
60470,Jersey Holdings LLC
60471,"Mt. Tom Solar, LLC"
60472,Tungsten Mountain
60473,Renovo Energy Center
60474,"Vanguard Energy Partners, LLC"
60475,Mariah Holdings II LLC c/o CAMS
60476,"Bluebell Solar, LLC"
60477,LaFrontera Holdings LLC
60478,South Atlantic Services Inc
60479,"Iron Horse Solar 4, LLC"
60480,Catawba Solar LLC
60481,Northwestern Lake Forest Hospital
60483,"Shotco Energy, LLC"
60484,"Bashaw Solar 1, LLC"
60485,Dodge Holdco LLC
60486,Webster Holdco LLC
60487,Wabasha Holdco LLC
60488,"Hwy 14 Holdco, LLC"
60489,Big Lake Holdco LLC
60490,"Pine Island Holdco, LLC"
60491,Forest Lake Holdco LLC
60492,Walton Discover LLC
60493,Walton Bainbridge LLC
60495,"Sunpin Holdings, LLC"
60496,Enerparc Inc.
60500,Bluesphere Corporate
60501,Farmington Holdco LLC
60503,Aurora Generation LLC
60504,Rockford Generation LLC
60505,"Kokomo Solar 1, LLC"
60507,"Fresh Air Energy XXXV, LLC"
60508,"UGI Energy Services, LLC"
60510,"Conergy Projects, Inc."
60511,"SR Houston Holdings, LLC"
60513,"Bird Machine Solar Farm, LLC"
60514,"Iron Horse Solar 1, LLC"
60515,Astra Wind LLC
60516,NES Rutgers LLC
60517,126 Grove Solar LLC
60518,"California PV Energy 2, LLC"
60519,"Williams Solar, LLC"
60520,SoCore Energy LLC
60521,Equity Industrial Turbines
60523,Springfield Project Development LLC
60524,"Pico Energy, LLC"
60525,"Solar Star California, XLIV, LLC"
60526,"Alternative Power Development Northwest, LLC"
60527,Milestone Wildomar LLC
60529,"Sutton Solar, LLC"
60530,"Nexamp Peak, LLC"
60531,Standard Solar
60532,Bernhardt Furniture Company
60533,Carl Friedrich Gauss Solar LLC
60534,Halifax Solar LLC
60536,Pavant Solar III LLC
60537,"Deerfield Wind Energy, LLC"
60538,Vitro Architectural Glass
60539,Will County Energy LLC
60540,31st Street Energy LLC
60541,Ameresco Glendale Road Solar PV LLC
60542,"Willow Springs Windfarm, LLC"
60543,"Dermott Wind, LLC"
60545,"City of Auburn, New York"
60546,SoCore 2016 ProjectCo-W5 LLC
60547,SoCore 2016 ProjectCo-W2 LLC
60548,SoCore 2016 ProjectCo-W3 LLC
60549,SoCore 2016 ProjectCo-W10 LLC
60550,SoCore 2016 ProjectCo-W11 LLC
60551,SoCore 2016 ProjectCo-W9 LLC
60552,SoCore 2016 ProjectCo-W1 LLC
60553,SoCore 2016 ProjectCo-W4 LLC
60554,SoCore 2016 ProjectCo-W7 LLC
60555,SoCore VT Alburgh LLC
60556,"Fusion Solar Centre, L.L.C"
60557,"PB Nutclif Master, LLC"
60558,"Rock County Energy Center, LLC"
60560,Big Blue River Wind Farm LLC
60561,Nippon Dynawave Packaging Co.
60562,"Oliver Wind III, LLC"
60564,GP Center Holdings LLC
60567,"Green Energy Machine, LLC"
60568,Sugar Creek Wind One LLC
60569,"Lincoln Land Wind, LLC"
60570,Sierra Southwest Cooperative
60571,AEP Onsite Partners
60572,AlsoEnergy
60573,Oak Leaf Solar V LLC
60577,"Creston Ridge, LLC"
60578,"CCC Hastings Renewable Energy, LLC"
60580,"Community Renewables, LLC"
60581,"Dublin Solar I, LLC"
60582,Kettle Butte Dairy LLC
60584,Onyx Asset Services Group
60586,Westlake Chemical Natrium Plant
60587,Antlia Community Solar
60588,Aries Community Solar
60589,Centaurus Community Solar
60590,Gemini Community Solar
60591,Mapleton Community Solar
60592,Morgan Community Solar
60593,Spica Community Solar
60594,Vega Community Solar
60595,"Spartan PV 1, LLC"
60596,"Western Grid Development, LLC"
60597,"Violet Solar, LLC"
60598,"Jacumba Solar, LLC"
60599,"Washington Solar, LLC"
60600,"Adams Solar, LLC"
60601,"River Otter Solar, LLC"
60602,"Tyler Solar, LLC"
60603,"Eisenhower Solar, LLC"
60604,"Mountain Lion Solar, LLC"
60605,"Rio Bravo Solar I, LLC"
60606,"Rio Bravo Solar II, LLC"
60607,"Wildwood Solar II, LLC"
60608,Vitro Flat Glass LLC
60609,"Clean Focus Renewables, Inc."
60610,"OSLH, LLC"
60611,"Darlington Solar, LLC"
60612,"Florence Solar W3-080, LLC"
60614,"Westside Solar, LLC"
60616,"Atkinson Farm, LLC"
60617,"Buckthorn Wind Project, LLC"
60618,"Lindberg Field Solar 2, LLC"
60619,"Whitney Point Solar, LLC"
60620,Elizabethtown Solar LLC
60621,"WED Portsmouth One, LLC"
60622,"MCP-Trenton, LLC"
60623,"MCP-Rolla, LLC"
60624,"MCP-Waynesville, LLC"
60625,"MCP-Marshall, LLC"
60626,City of Los Angeles
60627,"Hecate Energy Old Midville Road, LLC"
60628,"Inovateus Solar, LLC"
60629,Alterra Power Corp.
60630,"Solar Star California XLVIII, LLC"
60633,"Iron Horse Battery Storage, LLC"
60634,AEM Wind LLC
60635,Northern Cardinal Solar LLC
60636,"SolaireHolman 1, LLC"
60637,"Sentinel Peak Resources California, LLC"
60638,"Victoria WLE, LP"
60639,AEP Renewables
60640,"Brick Standard, LLC"
60641,Veolia NA - Municipal & Commercial Business
60642,"Dunn Paper East Hartford, LLC"
60643,Artemis Solar LLC
60644,OEE XXIV LLC
60645,OEE XXIII LLC
60646,"Reading Wind Energy, LLC"
60647,"RES Cactus Flats Wind Energy, LLC"
60648,"SCDA Solar 1, LLC"
60649,"Redbrook Solar 1, LLC"
60650,"Brook Street Solar 1, LLC"
60651,"Spring Street Solar 1, LLC"
60652,"Stafford St Solar 1, LLC"
60653,"Stafford St Solar 2, LLC"
60654,"Stafford St Solar 3, LLC"
60655,"Bullock Road Solar 1, LLC"
60656,Chestnut Solar LLC
60657,"Torrance Refining Company, LLC"
60658,Pacific Ethanol Stockton
60659,"Hickory Run Energy, LLC"
60660,Catalyst Paper - Biron Mill
60661,Midwest Power Partners LLC
60662,WCAC Operating Company
60664,"High Plains Ranch II, LLC"
60665,Warrensburg II Corporation
60666,"State Dam II, LLC"
60667,Aksamit Energy Development
60668,"Heart of Texas Wind, LLC"
60669,Laertes Solar LLC
60670,"Floyd Road Solar Farm, LLC"
60672,Birdsboro Power LLC
60674,"WGP Redwood Holdings, LLC"
60675,Montefiore-Westchester Square
60676,New York Presbyterian Hospital
60677,"Hudson Falls, LLC"
60678,"South Glens Falls, LLC"
60679,"Sissonville II, LLC"
60680,"Boralex Middle Falls, LLC"
60681,NES Bank
60683,BPIF LLC
60684,Top Deer Wind Ventures LLC
60685,Novel Energy Solutions
60687,Alpine Pacific Utilities Hydro
60688,"FGE Goodnight, LLC"
60690,"Foundation CA Fund VIII Manager, LLC"
60691,"AES LAWAI SOLAR, LLC"
60692,Ameresco BWC Wading River LLC
60693,Saratoga Wind Energy LLC
60694,Washburn Wind Energy LLC
60695,Lemond Solar Center LLC
60699,"Stone Solar, LLC"
60700,"Tripple State Farm, LLC"
60701,"Wadesboro Farm 1, LLC"
60702,"Delco Farm, LLC"
60703,"Fisher Solar Farm, LLC"
60704,"Kinston Davis Farm, LLC"
60705,"Laurinburg Farm, LLC"
60706,"Mills Anson Farm, LLC"
60707,"Old Wire Farm, LLC"
60708,"Railroad Farm 2, LLC"
60709,"Sampson Solar, LLC"
60710,"Marie's Way Solar I, LLC"
60711,"Battle Mountain SP, LLC"
60712,South Maui Renewable Resources LLC
60713,Ku'ia Solar LLC
60714,Burke Wind LLC
60716,"Quantum Auburndale Power, LP"
60717,"Quantum Lake Power, LP"
60718,"Energy Resources USA, Inc."
60719,Harvest Ridge Wind Farm
60720,Martinsdale Wind Farm LLC
60723,VRF Battery Plant
60727,"Manteca Land PV, LLC"
60728,"Delano Land 1, LLC"
60729,"Bakersfield PV 1, LLC"
60730,"Bakersfield Industrial PV 1, LLC"
60731,Quichapa 1 LLC
60732,Quichapa 2 LLC
60733,Quichapa 3 LLC
60734,"Elizabeth Mines Solar 1, LLC"
60735,"Pristine Sun Fund 8, LLC"
60736,"Bio Energy Washington, LLC"
60737,"Hanwha PVPLUS, LLC"
60738,Gulf Coast Solar Center I (CA)
60739,Gulf Coast Solar Center II (CA)
60740,Gulf Coast Solar Center III (CA)
60741,Fortistar Castleton Power
60742,"MCP-Independence, LLC"
60743,"Todays Power, Inc."
60746,"Bedford Solar, LLC"
60747,"Gamble Solar, LLC"
60748,"Salisbury Solar, LLC"
60749,"Wadesboro Solar, LLC"
60750,"Bear Poplar Solar, LLC"
60751,"Tolson Solar, LLC"
60752,RB Manufacturing LLC
60753,"punta lima wind farm, llc"
60755,"Phelps 158 Solar Farm, LLC"
60756,"Vitruvio Partners, LLC"
60757,"Harmonyvale Energy, LLC"
60761,hsea pr isla solar iii llc
60762,"MCP-Lebanon, LLC"
60766,"Toyota Motor Manufacturing, Kentucky, Inc."
60767,CalPERS
60768,Mammoth Plains Wind Project
60769,"4C Acquisition, LLC"
60771,Marcus Hook 50 L.P
60772,"Big Timber Wind, LLC"
60776,Aksamit Resource Management
60777,MILL SOLAR 1 LLC
60779,"Black River Hydroelectric, LLC"
60780,"Sempra Renewables, LLC"
60781,"BE MA Solar, LLC"
60782,"SL MA Solar, LLC"
60783,"SW MA Solar, LLC"
60784,"North Hanover Solar W2-082, LLC"
60785,"MD MA Solar, LLC"
60786,REDP Cedarville Solar I LLC
60787,"Cedarville Solar Phase II, LLC"
60788,"Cedarville Solar III, LLC"
60789,Nautilus Power LLC
60790,Clarkstown Solar LLC
60791,Monroe County (NY)
60792,"BCC Solar III, LLC"
60793,EE Waianae Solar Project LLC
60795,Columbus Solar Project
60796,91MC 8me LLC
60797,68SF 8me LLC
60798,69SV 8me LLC
60799,33UI 8me LLC
60800,"Soltage VUL 1600 Chemung, LLC"
60801,"Coventry Photovoltaic, LLC"
60802,"Wayne Solar III, LLC"
60803,"Wayne Solar II, LLC"
60804,"Duplin Solar I, LLC"
60805,"Wayne Solar I, LLC"
60806,"Morin Solar 2013, LLC"
60807,"Brookfield Solar 2013, LLC"
60808,"WYM 1250 Palmer, LLC"
60809,"Southern Sky Renewable Energy Berkley, LLC"
60810,"West Brookfield Solar, LLC"
60811,"Golden Hills Interconnection Wind, LLC"
60812,Merck - Upper Gwynedd Solar Array
60813,Shavano Falls Hydro LLC - Drop 4 Project
60814,Drop 5 Hydro LLC
60815,Shavano Falls Hydro LLC ? Shavano Project
60816,Boston Medical Center
60817,Winton Solar 2 LLC
60818,"J.T. Hobby and Son, Inc."
60819,Rush Springs Wind Project
60820,Janus Solar Fund LP
60821,Olsen Power Partners
60822,Taurus Community Solar
60823,Pegasus Community Solar
60824,Antares Community Solar
60825,Corvus Community Solar
60826,Capella Community Solar
60827,Carina Community Solar
60828,Andromeda Community Solar
60829,Caelum Community Solar
60830,Lyra Community Solar
60831,Argo Navis Community Solar
60832,Sugar River Power LLC
60833,"Finger Lakes Solar I, LLC"
60834,Pima Energy Storage System
60835,"NTE Carolinas II, LLC"
60836,"NTE Connecticut, LLC"
60837,"Neuse River Solar Farm, LLC (NRSF)"
60838,Town of West Warwick
60840,93LF 8me LLC
60841,"Barker Solar, LLC"
60842,"Paradise Solar Urban Renewal, LLC"
60843,"Mill Pond Solar Farm, LLC"
60844,"Flat Top Wind I, LLC"
60845,"231 Dixon 74 Solar I, LLC"
60846,"GRP Madison Renewable Energy Facility, LLC"
60847,"West Fork Wind, LLC"
60848,"Spencer Farm, LLC"
60849,"Green Beanworks C, LLC"
60850,"Green Beanworks D, LLC"
60851,North Side Energy Company
60852,Green Island Power Authority
60853,ET CAP OR HOLDINGS LLC
60854,Project Company Phase II-T LLC
60855,"SoCore MN Acquisition, LLC"
60856,SoCore Bandera LLC
60857,"350 Clark Solar NG, LLC"
60858,"433 Purchase Solar NG, LLC"
60859,Redbed Plains Wind Farm LLC
60860,"Broadridge Solar, LLC"
60861,"Kelly Solar, LLC"
60862,"ACE-Stanton, LLC"
60863,"ACE-Stanton A, LLC"
60864,Glopak Corporation
60865,"CD Global Solar Holdings, LLC"
60867,"MCP-Chillicothe, LLC"
60868,Redwood Coast Energy Authority
60869,EDF Renewable Energy
60871,"Stuttgart Solar, LLC"
60872,"SUNE LADWP, LLC"
60873,Munro Valley Solar LLC
60874,Niles Valley Energy LLC
60875,Wolf Run Energy LLC
60876,"Antelope Expansion 2, LLC"
60877,Antelope DSR 3 LLC
60878,"Green Beanworks B, LLC"
60879,"NGI-Kayenta Solar Lessor I, LLC"
60880,The Biltmore Company
60881,"Thunder Ranch Wind Project, LLC"
60882,"Red Dirt Wind Project, LLC"
60883,NY - PRESBYTERIAN HOSPITAL-525 E 68TH ST
60884,Indiana American Water Co.
60885,City of Greenwood
60886,"Gray Hawk Solar, LLC"
60888,"GCL New Energy, Inc."
60890,"US Dept of Army, Garrison, APG"
60895,"Biltmore Natural Resources, LLC"
60896,"Biltmore Energy Company, LLC"
60897,Salinas Valley Solid Waste Authority
60898,Axium US Solar Holdings LLC
60899,"Bear Creek Solar Center, LLC"
60900,"Smith Creek Hydro, LLC"
60901,ETCAP NES CS MN 12 LLC
60902,Novel-OYA Two LLP
60903,Novel-OYA Six LLP
60904,ETCAP NES CS MN 06 LLC
60905,ETCAP NES CS MN 03 LLC
60906,CF Novel Solar Gardens Two LLC
60907,CF Novel Solar Gardens Eleven LLC
60910,"Sun Farm V, LLC"
60911,"Town of Stafford, CT"
60912,Farm Credit Leasing Services Corporation
60916,"SR Kersey, LLC"
60917,"Golden Hills Solar, LLC"
60919,"Sampson Road Solar, LLC"
60920,"Peterson Road Solar, LLC"
60921,"Farley Road Solar, LLC"
60922,"Belchertown Renewables, LLC"
60923,"Theodore Drive Solar, LLC"
60924,"Upton Solar, LLC"
60925,"Pleasantdale Road Solar, LLC"
60926,"Hatfield Renewables, LLC"
60927,Anchor Energy LLC
60928,Holdridge Energy LLC
60929,Mineral Point Energy LLC
60930,Red Glen Energy LLC
60931,Stourbridge Energy LLC
60932,Wrighter Energy LLC
60933,"Fresh Air Energy XVII, LLC"
60934,"Flat Meeks PV1, LLC"
60935,"Fresh Air Energy XXXVIII, LLC"
60936,"Fresh Air Energy XXIX, LLC"
60937,"Fresh Air Energy XXV, LLC"
60938,"Fresh Air Energy XXIII, LLC"
60939,"Fresh Air Energy XXIV, LLC"
60940,"Whitehurst PV1, LLC"
60941,"Fresh Air Energy XXXIV, LLC"
60942,Goldman Sachs/General Electric
60943,State Street Bank and Trust Company
60944,"Bluff Point Wind, LLC"
60945,"Rock Creek Wind, LLC"
60946,"Fresh Air Energy XXXII, LLC"
60947,Tesla Inc.
60948,KeyBank
60949,Wells Fargo
60950,USPS LA Solar FiT A & B
60951,BRE Partner - BRE
60952,"Energix Mt. Jackson, LLC."
60953,"Farmingdale Fuel Cell, LLC"
60954,Amherst Consulting LLC
60955,"Summit Water Nexus, Mount Holly, LLC"
60956,Virginia Solar LLC
60957,"VA Solar, Inc."
60958,Ohio River Partners Shareholder LLC
60959,Scatter Solar - Mashpee Landfill
60960,Deutsche Bank
60961,"Gemini Technologies Services, Inc."
60962,"Saluda Solar II, LLC"
60963,"Odyssey Solar, LLC"
60964,"Hampton Solar I, LLC"
60965,"Cameron Solar II, LLC"
60966,"Barnwell Solar, LLC"
60967,Crater Community Solar
60968,Delphinus Community Solar
60969,Hog Creek Wind Project LLC
60970,SunShare Management
60971,NYC ENERGY LLC
60972,NRG DG Lakeland LLC
60973,Energy Keepers Inc
60974,Fuel Cell Energy
60975,"SR Innovation, LLC"
60978,"SP Solar 5, LLC"
60979,"BWC Salmon Brook, LLC"
60980,"BWC French River, LLC"
60982,RE Maplewood LLC
60986,"Imperial Valley Solar 2, LLC"
60987,Lanikuhana Solar LLC
60988,"BWC Stillwater River, LLC"
60989,Prudential Insurance Company of America (NJ)
60990,"Cline Solar, LLC"
60991,"Westmont Solar, LLC"
60992,Westmont Solar II
60993,Goya Foods Inc.
60994,"IGS Solar I, LLC"
60995,Tarrant Regional Water District
60996,OEE XXV LLC
60997,"Red Pine Wind Project, LLC"
60998,Utica Aero Solar Max
60999,"Catalyst Paper Operations, Inc"
61000,"Equuleus Community Solar Gardens, LLC"
61001,"Hu Honua Bioenergy, LLC"
61004,Midway Solar LLC
61005,Sweetwater Solar LLC
61006,Bearkat TE Partnership LLC
61007,Bearkat I TE Partnership LLC
61008,Bearkat II TE Partnership LLC
61009,LSE Centaurus LLC
61010,"Ord Mountain Solar, LLC"
61011,Kearsarge Bellingham LLC
61012,AES Distributed Energy
61013,Northern Westchester Hospital
61014,"DodgeSun, LLC"
61015,ETCAP NES CS MN 08 LLC
61016,"SunE Koppelman 1, LLC"
61017,"Lindstrom CSG 1, LLC"
61018,"SunE Rengstorf 1, LLC"
61019,"SunE St. Cloud 1, LLC"
61020,"Nordic Solar, LLC"
61021,"Hecate Energy Clarke County, LLC"
61022,Hecate Energy Cherrydale LLC
61023,Sabert Corporation
61024,"Deep Branch Farm, LLC"
61025,LSE Canis Major LLC
61028,LSE Cassiopeia LLC
61029,Upper Michigan Energy Resources Company
61030,"Bluegrove Wind, LLC"
61031,"Byers Wind, LLC"
61032,"Constellation Solar Georgia 2, LLC"
61033,"Boswell Wind Project I, LLC"
61034,"Boswell Wind Project II, LLC"
61035,"Boswell Wind Project III, LLC"
61036,"Boswell Wind Project IV, LLC"
61037,"Foard City Wind, LLC"
61038,"Cube District Energy, LLC"
61039,"Pikeville Farm, LLC"
61040,"Moorings Farm 2, LLC"
61042,Cottonwood Wind Project
61043,LSE Canis Minor LLC
61044,"Comanche Peak Power Co, LLC"
61049,NYC-HH Coney Island Hospital
61050,The NY Times Production Facility
61051,"MCP-KCBPU, LLC"
61052,"MCP-Higginsville, LLC"
61053,Mount Sinai Hospital
61054,Fluvanna Wind Energy 2 LLC
61055,FRB Solar LLC
61056,"Green Light FIT 2, LLC"
61058,"one ten partner, llc"
61060,Cypress Creek Renewables
61061,Panasonic Battery Project
61062,Denver Braswell
61063,"REDP Big George Solar, LLC"
61064,"GL Merced 2, LLC"
61065,"GL Madera, LLC"
61066,"Gopher CSG 1, LLC"
61067,"Richmond CSG 1, LLC"
61068,"Taylors Falls 1 CSG 1, LLC"
61069,RE Gaskell West LLC
61070,"Foundation CA Fund IX Manager, LLC"
61071,Northfield Holdco LLC
61072,Waterford Holdco LLC
61073,"Minnesota Solar CSG 9, LLC"
61074,"Minnesota Solar CSG 21, LLC"
61075,"Minnesota Solar CSG 19, LLC"
61076,"Minnesota Solar CSG 4, LLC"
61077,"IGS ORIX Solar I, LLC"
61078,"CoreSite Real Estate 2972 Stender, L.P."
61079,"MCP-Farmington, LLC"
61080,"North Smithfield Solar Power 1, LLC"
61081,SR Platte
61082,"Vandenberg Solar I, LLC"
61084,Hull Street Energy
61085,Pasadena Statutory Trust
61086,"CoreSite Real Estate 2901 Coronado, L.P."
61087,"CoreSite Real Estate 3032 Coronado, L.P."
61088,"CoreSite Real Estate 55 S. Market Street, LLC"
61089,"CoreSite Real Estate 1656 McCarthy, L.P."
61090,San Luis Solar Garden LLC
61091,Hopewell Valley High School
61093,"SL Babylon, LLC"
61094,NYU LANGONE HEALTH
61095,"Hampton Solar II, LLC"
61096,"Cameron Solar, LLC"
61097,"Estill Solar I, LLC"
61099,First Citizens Bank
61100,e-volve energy holdings llc
61101,"Minnesota Solar CSG 1, LLC"
61102,"Minnesota Solar CSG 8, LLC"
61103,Adams Solar Center LLC
61104,Elbe Solar Center LLC
61105,ABEC #2 LLC
61106,ABEC #3 LLC
61107,ABEC #4 LLC
61108,RJC I CSG LLC
61109,Huneke I CSG LLC
61110,Krause CSG LLC
61111,"DG New Jersey Solar, LLC"
61112,"Cuyama Solar, LLC"
61113,"DG Camden, LLC"
61114,School Sisters CSG LLC
61118,"Ameresco, Inc - Candlewood"
61119,"SRE Utility Solar 1, LLC"
61120,"K-brink Windfarm, LLC"
61121,"Helix, Ironwood LLC"
61122,"Great River Hydro, LLC"
61123,Upton County Solar 2 LLC
61124,"Great Valley Solar Portfolio Holdings, LLC"
61125,"301 Chestnut Solar NG, LLC"
61126,"Swamp Fox Solar, LLC"
61127,"Champion Solar, LLC"
61128,"Haley Solar, LLC"
61129,Fremont Regional Digester
61130,"Helix Ravenswood, LLC"
61132,"Syncarpha Lexington, LLC"
61133,"Lorenzo Wind, LLC"
61134,"Darby Power, LLC"
61135,"Gavin Power, LLC"
61136,"Waterford Power, LLC"
61137,"Lawrenceburg Power, LLC"
61138,City Point Energy Center
61139,Bisson Windfarm LLC
61140,CG Windfarm LLC
61141,TG Windfarm LLC
61142,Westridge Windfarm LLC
61143,Bridge Energy LLC
61144,"WasecaSun, LLC"
61146,"Ameresco, Inc - Weston"
61147,"Ameresco, Inc - Braintree"
61148,"Ameresco, Inc - GELD"
61149,Fort Hays State University
61151,NRG DG Haverhill LLC
61152,Good Samaritan Hospital
61153,"Montevue Lane Solar, LLC"
61155,NRG DG Crystal Spring LLC
61156,"NMRD Data Center, LLC"
61157,"Essex Solar Center, LLC"
61158,"Martin Solar Center, LLC"
61159,"Palmer Solar Center, LLC"
61160,"Woodline Solar, LLC"
61161,"Norwest Energy 7, LLC"
61162,Woodhull Hospital
61163,Denver Metro Solar LLC
61164,The Allen Hospital
61165,Mount Sinai Beth Israel
61166,Green Power Energy LLC
61167,"Genesis Alkali, LLC"
61168,Veseli Solar I LLC
61169,New Germany Solar I LLC
61170,Lake Waconia Solar LLC
61171,Lake Waconia Solar IV LLC
61172,Zumbro Solar LLC
61173,CXA La Paloma LLC
61175,Dominion Renewable Energy - Fremont
61176,Dominion Renewable Energy - Clipperton
61184,Harbert Power Fund V
61185,Cycle Power Partners
61186,"DCII-250 Williams Street NW, LLC"
61187,"DG Minnesota CSG, LLC"
61188,West Texas A&M University
61189,NRG DG Foxborough Elm LLC
61190,Town of Foxborough - Landfill (SREC II)
61191,"Helix Maine Wind Development, LLC"
61192,Elgin Energy Center LLC
61193,"MCP-Independence II, LLC"
61194,Generate Capital
61195,Square Butte Electrical Cooperative
61196,"Colmac Utah, Inc."
61197,"Sunnyside Holdings I, Inc."
61198,esVolta LP
61199,"Peaker Power, LLC"
61202,"Flambeau Solar Partners, LLC"
61203,"Solar Park Gainesville, LLC"
61204,"Today's Power, Inc."
61208,"Red Marlin Wind Ventures, LLC"
61209,NC 102 Project LLC
61210,Stenner Creek Solar LLC
61211,Montgomery County Solar
61212,Lightstone Generation LLC
61213,"Hamakua Energy, LLC"
61214,"Heartland Divide Wind Project, LLC"
61215,techren solar llc
61216,"WED Kingstown Solar I, LLC"
61217,"WED Stilson Solar, LLC"
61218,"Citizens Solar Holdings V, LLC"
61219,Longroad Energy Services LLC
61220,Radian Generation
61221,"Alstom Power, Inc. c/o GE Renewable Energy"
61222,174 Power Global Corp.
61223,POSCO Energy
61224,"SunE Solano SP Owner, LLC"
61225,"SunE Corcoran SP Owner, LLC"
61226,"SunE Wasco SP Owner, LLC"
61227,Nautilus Solar Solutions
61228,Dundas Solar Holdings LLC
61229,Waterville Solar Holdings LLC
61230,"CD Arevon USA, Inc."
61231,NRG DG Tufts Knoll LLC
61232,NRG DG Webster LLC
61233,NRG DG Tufts Science LLC
61234,NRG DG Dighton LLC
61235,Pasadena Statutory Trust
61236,"Energy Developments, Inc II"
61237,"Golden Renewable Energy, LLC"
61238,"MCP-El Dorado Springs, LLC"
61242,"Golden Renewable Energy of Iowa 1, LLC"
61243,"Golden Renewable Energy of Iowa 2, LLC"
61244,"Golden Renewable Energy of Iowa 3, LLC"
61245,"Ebensburg Generation, LLC"
61246,"Revloc Reclamation Service, Inc."
61247,"CBS Broadcasting, Inc."
61248,"Bruce Power, LLC"
61249,"Entropy Investment Management, LLC"
61251,"LA3 West Baton Rouge, L.L.C."
61252,"C-S Canal Hydro, LLC"
61253,"Hitchcock Hydro, LLC"
61254,"August Wind Energy, LLC"
61256,Betcher CSG LLC
61257,Blazing Star 2 LLC
61259,"Altair Community Solar Garden, LLC"
61260,"Capricornus Community Solar Garden, LLC"
61261,Berkeley Cogeneration Facility
61262,"Alexander & Baldwin, Inc."
61263,Jeffco Community Solar Gardens LLC
61266,"Fiber Recovery, Inc"
61267,Springdale Energy LLC
61269,"Cougar Solar, LLC"
61270,One Energy Capital LLC
61271,Todd A.Stoller Living Trust
61272,Craig A Stoller Revocable Living Trust
61273,One Energy Capital Corporation LLC
61275,Seward Wind LLC
61276,West Liberty Renewables LLC
61277,"Vista Energy Storage, LLC"
61278,OEE XXVI LLC
61279,"HH Management, LLC"
61280,"Creston Ridge II, LLC"
61282,"Kepco Alamosa, LLC"
61284,Scandia CSG LLC
61285,RJC II CSG LLC
61286,CCP Power Solutions
61287,Johnson I CSG LLC
61288,"Perennial Wind, LLC"
61289,"Kaus Community Solar Garden, LLC"
61290,"SoCore Sherburne 1, LLC"
61291,"Wildcat Ranch Wind Project, LLC"
61292,"NC State University, Energy Systems"
61295,"Pinal Central Energy Center, LLC"
61296,Sempra Generation
61297,"Renewables Pipeline Parent, LLC"
61298,Pine Gate Renewables
61299,HQC Tatanka Wi Solar Power Generation LLC
61301,Plum Creek Wind Farm LLC
61302,"Depot Solar Center, LLC"
61303,Grimm CSG LLC
61304,Foreman's Hill CSG LLC
61305,North Gooding Main Hydro LLC
61307,Lockheed Martin RMS
61308,"Middle Daisy, LLC"
61309,Johnson II CSG LLC
61310,"GL IVC Solar, LLC"
61312,"Eagle Creek Madison Hydro, LLC"
61313,VH Kilroy LLC
61314,VH West Brookfield LLC
61315,Solarenewal LLC
61316,Custom Farm Systems
61317,Gans Energy LLC
61318,"Buchanan Generation, LLC"
61319,"Hunlock Energy, LLC"
61320,"Chambersburg Energy, LLC"
61321,"Seabrook Solar, LLC"
61322,"TIG Sun Energy IV, LLC"
61323,"PowerFin ASL 1, LLC"
61324,Yolo County Community Services Department
61325,"Aquarius Community Solar Gardens, LLC"
61326,"Aquila Community Solar Gardens, LLC"
61327,"Arcturus Community Solar Garden, LLC"
61328,"Auriga Community Solar Garden, LLC"
61329,"Canopus Community Solar Garden, LLC"
61330,Turtle Creek Wind Farm LLC
61331,Popular Camp Wind Farm LLC
61332,Sikorsky Aircraft Corporation
61333,"Sagitta Community Solar Garden, LLC"
61334,"Libra Community Solar Garden, LLC"
61335,CommonWealth New Bedford Energy LLC
61336,Katahdin KI 50 LLC
61337,"Cassiopeia Community Solar Garden, LLC"
61338,"Crux Community Solar Gardens, LLC"
61339,"Deneb Community Solar Garden, LLC"
61340,"Hydra Community Solar, LLC"
61342,"Leo Community Solar, LLC"
61343,SoCore 2017 ProjectCo-NM6 LLC
61344,Advanced Microgrid Solutions
61345,Lisbon West
61346,Lisbon East
61347,Scotch Settlement
61348,"PCS Energy, LLC         "
61350,"nautilus hydro, llc"
61351,APTIM Environmental & Infrastructure
61352,Macquarie Capital
61353,Philadelphia Authority for Industrial Development
61354,"Solten Plainville 6000, LLC"
61356,"Solten Randolph 4500, LLC"
61357,Haywood Solar
61358,"Forked River Power, LLC"
61360,Solar Mission SunE LLC
61361,Walton Solar
61362,GWCC PV Solar Farm
61363,Seneca Nation
61364,Lockheed Martin RMS Syracuse
61365,"Hilltopper Wind Project, LLC"
61366,"Woods Hill Solar, LLC"
61368,Silicon Ranch Corporation
61369,"Kimball Wind, LLC"
61370,"EUI Affiliate, LLC"
61372,"Enel Kansas, LLC"
61373,MERIT SI
61374,"Foxtail Wind, LLC"
61375,"Southern Current One, LLC"
61376,SunSelect 1
61379,ARP-Loyalton Cogen LLC
61381,Meadow Lake Wind Farm VI LLC
61382,Gaston County Solid Waste and Recycling Division
61383,"MN Solar Community, LLC"
61384,"Rotor Clip Company, Inc."
61386,"C4GT, LLC"
61387,"HGS solar I, LLC"
61388,"Syncarpha Hancock I, LLC"
61389,"Syncarpha Hancock II, LLC"
61390,"Syncarpha Hancock III, LLC"
61391,"Gore Mountain Solar II, LLC"
61392,"Syncarpha Still River, LLC"
61393,Douglas County Forest Products
61394,"Solar Integrated Fund V, LLC"
61395,"Indeck Niles, LLC"
61396,"Midway Wind, LLC"
61397,Town of Otis
61398,"Tenaska West Investments, LLC"
61400,"Brevard Energy, LLC        "
61401,North 301 Solar
61402,Hernando Energy
61403,"Seminole Energy, LLC        "
61404,Edenton Solar
61406,"Delta Solar Power I, LLC"
61407,"Delta Solar Power II, LLC"
61409,Heyer CSG LLC
61410,"Broad Street Fuel Cell, LLC"
61411,Tioga Solar Morris County 1 LLC
61412,Cardinal Operating Company
61413,"Enel Green Power Diamond Vista Wind Project, LLC"
61414,"Rattlesnake Creek Wind Project, LLC"
61415,"hilltopper power, llc"
61416,"cattle ridge wind holdings, llc"
61417,"Lavio Solar, LLC"
61418,"Stage Gulch Solar, LLC"
61419,"Constellation Solar MC, LLC"
61420,ENGIE Storage Services NA LLC
61421,"LeGore Bridge Solar Center, LLC"
61422,"Mason Dixon Solar Center, LLC"
61423,"California Flats Solar 130, LLC"
61425,"Ranchland Solar, LLC"
61426,Kearsarge Granby LLC
61428,Kearsarge Concord II LLC
61429,"Harvest Wind Energy, LLC"
61430,"Summit Lake Wind, LLC"
61435,"EGP Stillwater Solar PV II, LLC"
61436,"Titan Solar, LLC"
61438,Pacific Ultrapower Chinese Station
61440,Princeton Energy Center LLC
61441,"Sun Farm VI, LLC"
61442,Dignity - Siena Campus
61443,"Good Fellow Solar 1 PH1, LLC"
61444,"Terra-Gen 251 Wind, LLC"
61445,"SP Solar 6, LLC"
61446,"Freedom Solar, LLC"
61447,"SP Solar 1, LLC"
61448,"Sheep Solar, LLC"
61449,"Silverton Solar, LLC"
61450,"SP Solar 8, LLC"
61451,"SP Solar 7, LLC"
61452,Andeavor
61453,Soboba Band of Luiseno Indians
61454,"NorWest Energy 14, LLC"
61455,"Scituate RI Solar, LLC"
61456,"Hope Farm Solar, LLC"
61457,"Cleveland Thermal, LLC"
61458,"Minco Wind IV, LLC"
61459,"Minco Wind V, LLC"
61461,Mustang Solar LLC
61463,GenE Solar I LLC
61464,SW Solar Mission III LLC
61465,Brush Solar Center
61466,"Bakersfield Fuel Cell 1, LLC"
61467,"Central CA Fuel Cell 2, LLC"
61468,Bankers Commercial Corporation
61469,City of Binghamton
61470,"PYCO Industries, Inc."
61472,Vale Solar Center
61473,Morgan Solar Center
61474,Baker City Solar
61476,Central Utah Water Conservancy District
61477,325MK 8me LLC
61478,Toray Plastics America
61480,Ontario Solar Center
61481,Dignity - San Martin
61482,"AES ES GILBERT, LLC"
61483,"Dix Solar, L.L.C"
61484,"Powergen Development Group, LLC"
61485,"Rio Bravo Windpower, LLC"
61486,Scenic Hill Solar III LLC
61487,Montevideo Solar LLC
61488,"ARE RP Bartow, LLC"
61491,"ReNew Petra Integrators, LLC"
61492,StraightUp Solar
61493,New Energy Solar
61494,Radian Generation
61495,"Persimmon Creek Wind Farm 1, LLC"
61497,Shelter Insurance Companies
61499,Georgia-Pacific Wood Products LLC
61500,Shine Development Partners
61502,"Sholes Wind Energy Center, LLC"
61504,SoCore 2016 ProjectCo 2 LLC
61505,NRG Chalk Point CT
61506,"Stryker 22, L.L.C."
61507,Plumsted 537 LLC
61508,BNB Camden Solar LLC
61509,"PGC Plano I, LLC"
61510,National Raisin
61513,"Redstone Solar I, LLC"
61514,"Agilitas Energy, LLC"
61515,"Phoebe Energy Project, LLC"
61516,"Stratford Solar Center, LLC"
61518,Frontenac Holdco LLC
61519,"Blackville Solar Farm, LLC"
61520,Kearsarge Oppenheim LLC
61521,"Pegasus Wind, LLC"
61522,"Viridity Energy Solutions, Inc."
61523,225DD 8me LLC
61524,226HC 8me LLC
61525,231RC 8me LLC
61527,"Tahoka Wind, LLC"
61528,"Cumberland Land Holdings, LLC"
61529,"Adams Nielson Solar, LLC"
61530,"Armadillo Flats Wind Project, LLC"
61531,"Casa Mesa Wind, LLC"
61532,Techren Solar I LLC
61533,Techren Solar II LLC
61534,Techren Solar III LLC
61535,Techren Solar IV LLC
61536,"Consolidated Edison Energy, Inc."
61537,"Pratt Wind, LLC"
61538,Ecogy Delaware II LLC.
61539,"EFS Parlin Holdings, LLC"
61540,"coolridge solar i, llc"
61541,"1634 Solar, LLC"
61542,"Abbot Solar, LLC"
61543,"ACE Solar, LLC"
61544,"Bani Solar, LLC"
61545,"Blacktip Solar, LLC"
61546,"Bloom Solar, LLC"
61547,"Bond Solar, LLC"
61548,"Gary Solar, LLC"
61549,"Goldenrod Solar, LLC"
61550,"Jessamine Solar, LLC"
61552,"Pelzer Solar I, LLC"
61553,"Redwing Solar, LLC"
61554,"River Solar, LLC"
61555,"Sapphire Solar, LLC"
61556,"South Solar, LLC"
61557,"Vincent Solar, LLC"
61558,"Watauga Solar, LLC"
61559,"Whitt Solar, LLC"
61560,"Willis Solar, LLC"
61561,CCC Solar Holdings LLC
61562,"Torrecillas Wind Energy, LLC"
61563,"Blue Summit II Wind, LLC"
61566,"Peony Solar, LLC"
61567,DP-C2 Episode 1 LLC
61568,Chisago Holdco LLC
61571,"Clara City CSG I, LLC"
61573,"Prinsburg CSG I, LLC"
61574,Bank of the West
61575,Pacific Ethanol Madera
61576,Ameren Illinois
61577,Saint Catherine of Siena Medical Center
61578,The Bank of New York
61579,"FL Solar 5, LLC"
61580,USS Big Lake 1 LLC
61581,USS Good Solar LLC
61582,USS Kasch Solar LLC
61583,USS Rockpoint Solar LLC
61584,Brooklyn Hospital Center
61585,Pisces Community Solar Garden LLC
61586,"Rankin Solar Center, LLC"
61587,Sagittarius Community Solar Gardens LLC
61588,"San Pablo Raceway, LLC"
61589,RE Mustang Two LLC
61590,Richmond Spider Solar LLC
61591,"Solar University, LLC"
61592,Pleinmont Solar 1 LLC
61593,Pleinmont Solar 2 LLC
61594,Highlander Solar Station 1 LLC
61595,Holsum Irish Dairy
61596,Lincoln Land Energy Center LLC
61597,Caldwell Wastewater Treatment Plant
61598,"Novel Solar Three, LLC"
61599,Enfield Community Solar
61600,"Solar Star California LXVI, LLC"
61601,"Solar Star California XLVII, LLC"
61602,"Solar Star California XLII, LLC"
61603,"Page Solar Farm, LLC"
61605,Riverhead Solar Farm LLC
61608,"Agilon Energy Holdings II, LLC"
61610,"Delaware River Solar, LLC"
61611,Glaciers Edge Wind Project LLC
61612,"Panda Solar NC 1, LLC"
61613,Sartell Holdco LLC
61614,Rollingstone Holdco LLC
61616,Solar Provider Group MN I LLC
61617,"Alpha Value Solar, LLC"
61618,Kingsbrook Jewish Medical Center
61619,St Johns Riverside Hospital
61620,IOS II LLC
61624,SR Snipesville
61625,USS Brockway Solar LLC
61626,USS Dubhe Solar LLC
61627,USS JJ Solar LLC
61628,USS Nillie Corn Solar LLC
61629,USS Norelius Solar LLC
61630,USS Solar Dawn LLC
61631,USS Solar Rapids LLC
61633,AVS Phase 2 LLC
61634,"SR Terrell, LLC"
61635,"SR Hazlehurst III, LLC"
61636,"Citizens Solar Holdings VIII, LLC"
61637,"TUUSSO Energy, LLC"
61638,Harrison Power LLC
61639,Atkinson Solar II LLC
61640,Quarter Horse Farm LLC
61641,Sadiebrook Solar LLC
61642,Lane Solar Farm LLC
61644,Bladenboro Farm 2 LLC
61645,Warrenton Solar I LLC
61646,Wisconsin Power and Light Co
61647,"Weisshorn Solar I, LLC"
61648,"WED Green Hill, LLC"
61649,"WED Plainfield II, LLC"
61650,"WED Plainfield III, LLC"
61651,"WED Plainfield, LLC"
61652,"WED Shun I, LLC"
61653,"WED Shun II, LLC"
61654,"WED Shun III, LLC"
61655,"Panda Solar NC 2, LLC"
61656,"Panda Solar NC 3, LLC"
61657,"Panda Solar NC 4, LLC "
61658,"Panda Solar NC 5, LLC"
61659,"Panda Solar NC 7 , LLC"
61660,"Panda Solar NC 6, LLC"
61661,"Panda Solar NC 8, LLC"
61662,"Panda Solar NC 9, LLC"
61663,"Panda Solar NC 10, LLC"
61664,"Panda Solar NC 11, LLC"
61666,"WED GW Solar, LLC CSG"
61667,Galactic Wind
61668,Strauss Wind LLC
61669,"AES Alamitos Energy, LLC"
61670,"AES Huntington Beach Energy, LLC"
61671,Great Plains Windpark Legacy LLC
61672,Willow Spring Solar LLC
61673,MCRD Parris Island / U.S. Marine Corps
61674,Greenskies
61675,SS PA II PSU LLC
61676,"Roseman Energy, LLC"
61677,Sol Systems
61678,RE Rambler LLC
61679,MSC-GreyCloud01 LLC
61680,MSC-Scandia01 LLC
61681,Minisink Solar 1 LLC
61682,Minisink Solar 2 LLC
61683,Amadeus Wind LLC
61684,"Diablo Energy Storage, LLC"
61685,"Syncarpha Eagle Nest I, LLC"
61686,Chaffey Community College District
61687,"KCE NY 1, LLC"
61688,ENGIE Generation North America LLC
61689,SoCore 2018 ProjectCo-W26 LLC
61690,Maimonides Medical Center
61691,"SR Jonesborough II, LLC"
61692,"Ashby Solar, LLC"
61693,"Griffin Road Solar, LLC"
61694,John Laing US Solar Corp.
61695,"Clif Bar Bakery of Twin Falls, LLC"
61696,"Solten East Bridgewater 6000, LLC"
61697,"Hillcrest Solar I, LLC"
61698,"Dudley Solar, LLC"
61699,SR Meridian II
61700,"Hadley 2 Solar, LLC"
61701,SR Meridian III
61702,"Epic Hosting, LLC"
61703,Ballston Solar LLC
61704,Labish Solar LLC
61705,Boring Solar LLC
61706,Birch Power LLC
61707,Ahlstrom-Munksjo
61708,NRG Canal 3 Development LLC
61709,"Desert Harvest, LLC"
61710,"Maverick Solar, LLC"
61711,Ashley Solar (SC)
61712,Atlantic Solar
61713,B & K Solar
61714,Battle Solar
61715,Bell Solar
61716,Big Fork Solar
61717,Birch Solar
61718,Chapman Solar
61719,Clark Solar
61720,Colleton Solar
61721,Collins Farm Solar
61722,Crossroads Solar
61723,Pixelle Specialty Solutions LLC - (OH)
61724,New Mexico Renewable Development LLC
61725,"Monson Solar, LLC"
61727,Reloj del Sol Wind Farm LLC
61728,GlidePath Power Operations LLC
61729,Culpepper Solar
61730,Dadswell Solar
61731,Denmark Solar
61732,Fairfield Solar
61733,Fishwater Solar
61734,Flip Solar
61735,Foreman Solar
61736,Gaines Solar
61737,GEB Solar
61738,Gedosch Solar II
61740,"NJ Solar 1, LLC"
61743,"Patriot Wind Farm, LLC"
61744,"Westminster Renewables, LLC"
61745,"Burgaw Solar, LLC"
61746,Holliday Solar I
61747,Indigo Solar
61748,Ion Solar
61749,Jackson Solar
61750,Jefferson Solar
61751,Juniper Solar
61752,Lone Star Solar
61753,Luz Solar
61754,Madison Solar
61755,Marshall Solar
61756,Otis Elevator Company
61757,EDP Renewables North America LLC
61758,"Prevailing Wind Park, LLC"
61759,"Felton Farms CSG 1, LLC"
61760,"Randolph CSG 1, LLC"
61762,Long Ridge Energy Generation LLC
61766,"Solar Star California LXIII, LLC"
61768,Arrow Canyon Solar LLC
61770,Mesteno Wind
61771,Ranchero Wind Farm LLC
61773,Childress Solar Park LLC
61774,NYC-HH-New Bellevue Hospital
61781,Seward Generating LLC
61783,Alabama Ledge Wind Farm LLC
61784,Rolling Upland Wind Farm LLC
61785,EDP Renewables North America LLC
61786,"Edgewater Generation, LLC"
61787,Martin East Solar
61788,Martin West Solar
61789,McClain Solar
61790,McCormick Solar
61791,Melsam Solar
61792,Middleton Solar
61793,Pee Dee Solar I
61794,Pee Dee Solar II
61795,Power Solar
61796,Martin Central Solar
61797,Hecate Energy LLC
61798,"Kern Highschool District Solar,LLC"
61800,NYPH-Queens
61801,"d e shaw & co., lp"
61802,Westchester County Medical Center
61803,"Stoneray Power Partners, LLC"
61804,Pruger Solar I
61805,Pruger Solar II
61806,Pruger Solar III
61807,Quest Solar
61808,Rollins Solar
61809,Ross Solar
61810,Rutledge Solar
61811,AES LA FiT Sun Valley LLC
61812,AES LA FiT Francisco LLC
61813,nd paper llc
61814,Sandifer Solar
61815,"Palmer's Creek Wind Farm, LLC"
61816,"Valentine Solar, LLC"
61817,"Collard Holdings, LLC"
61818,CC Polymers LLC
61819,Western Sugar Cooperative  - Billings
61820,"SunPower Commercial Holding Company III, LLC"
61821,"Northstar Macy's Maryland 2015, LLC"
61822,Mechanicville Hydroelectric Station
61824,"Cedar Falls Solar Farm, LLC"
61825,"Antelope Expansion 1B, LLC"
61826,"Pawcatuck Solar Center, LLC"
61827,"Annapolis Solar Park, LLC"
61828,Scarlet Solar
61829,Shem Solar
61830,Shining Sun Solar
61831,Shorthorn Solar
61832,Snoopy Solar
61833,Southard Solar
61834,Stamey Solar
61835,Tarpon Solar I
61836,Tedder Solar
61837,Ten Governors Solar
61838,"Aulander Holloman Solar, LLC"
61839,USS Kost Trail Solar LLC
61840,USS Rapidan Solar
61841,USS Lake Patterson Solar
61842,USS Webster Solar
61845,"Polk County Renewables, LLC"
61846,USS Hockey Pad Solar LLC
61847,USS Centerfield Solar LLC
61853,Innogy Renewables US LLC
61854,Veolia Energy Operating Service
61856,Turkey Hill Solar I
61857,Five Forks Solar
61859,Ulmer Solar
61860,Trask East Solar
61861,Topaz Solar
61862,Thomas Solar
61863,Washington Solar (SC)
61864,Washington Solar II (SC)
61865,Wayfair Solar
61866,Weaver Solar
61867,Webster Solar
61868,WSW Solar
61869,Wysong Solar
61870,Yemassee Solar
61871,York Solar
61872,Gavilan District College Solar Project
61873,GA Solar 4
61874,Osaka Gas USA
61875,"Biscoe Owner, LLC"
61876,"Camden Plant Holdings, L.L.C."
61877,"Elmwood Park Power, L.L.C."
61879,Dartmouth Power Associates LP
61880,Graphic Packaging International - Augusta
61881,USS King 2 CSG
61882,USS Eggo Solar CSG
61883,USS DVL Solar CSG
61884,USS Brude Solar CSG
61885,USS East Hauer Watt Solar CSG
61886,"Lockett Windfarm, LLC"
61888,Gloversville Community Solar LLC
61889,Barre Solar III LLC
61890,"Nobles 2 Power Partners, LLC"
61891,Cushaw Hydro LLC
61892,NYP-Lower Manhattan Hospital
61893,"Lake Region Community Hybrid, LLC"
61894,"BWC Origination 18, LLC"
61895,"BWC Gibbs Brook, LLC"
61896,"BWC Wareham River, LLC"
61897,"BWC Harlow Brook, LLC"
61898,"BWC Pocasset River, LLC"
61899,"SR Arlington II, LLC"
61900,"SR Arlington, LLC"
61901,NextEra Energy Partners LP
61902,Wright Kirby 1-5 CSG
61903,Stanton Clean Energy LLC
61904,Stanton Clean Energy LLC
61905,Oleander Holdings LLC
61906,Rye Development
61907,"JBAB Solar I, LLC."
61908,GMP VT Microgrid LLC
61909,Equilon Enterprises LLC d/b/a Shell Oil
61910,"Quitman Solar, LLC"
61911,"Dougherty County Solar, LLC"
61912,"Grazing Yak Solar, LLC"
61913,"Kestrel Acquisition, LLC"
61914,Juwi Inc
61915,"Emmons-Logan Wind, LLC"
61916,"Spencer-Tioga Solar, LLC"
61918,Carlsbad Energy Center LLC
61919,Kimura Power LLC
61923,"Temple Generation I, LLC"
61924,"Panda Temple Power II, LLC"
61925,"Middlesex-Yates Solar, LLC"
61926,"Dryden-Tompkins Solar I, LLC"
61927,Bell Bay Solar Farm
61928,Jamison Solar Farm
61929,Runway Solar Farm
61930,Edgecombe Manager LLC
61931,Keystone Power Pass-Through Holders LLC
61932,Chief Keystone Power LLC
61933,Montour LLC
61934,CI III VK I TE Partnership LLC
61936,Albert Einstein College of Medicine
61937,Conemaugh Power Pass-Through Holders LLC
61938,Conemaugh Power LLC
61939,"Clearway Energy, Inc"
61941,Metropolitan State Hospital
61942,"Griffin Trail Wind, LLC"
61943,"North Rosamond Solar, LLC"
61944,GSRP
61945,CFW Solar X LLC
61946,"Prairie State Power, LLC"
61947,NYP-Hudson Valley Hospital Center
61948,Regeneron Pharmaceuticals Inc.
61949,"Assembly Solar, LLC"
61950,Terra-Gen Operating Co-Solar
61951,"Dodge County Wind, LLC"
61952,Hanford Renewable Energy LLC
61953,Four Peaks Energy LLC
61954,Techren Solar V LLC
61955,JLL-One Rockwood Road
61956,South Nassau Communities Hospital
61957,Kearny Mesa Storage LLC
61958,"Hydro Sierra Energy, LLC"
61960,Lapetus Energy Project LLC
61961,HCG GP LLC
61962,Homer City Holdings LLC
61963,Graphic Packaging International - Texarkana
61964,Kimberly Clark - Mobile Alabama
61965,St. Johns Episcopal Hospital
61966,"Spencer TGC Westminster, LLC"
61967,Beloit Memorial Hospital
61968,5 Research Parkway Wallingford LLC
61969,Altorfer Inc.
61970,St. Joseph Hospital (NY)
61971,Mt.Sinai-St.Lukes Rsvlt. Hospital Center
61973,Black Hills Electric Generation LLC
61974,Blue Cloud Wind Energy
61975,BlackRock Inc.
61976,"Latitude Solar Center, LLC"
61977,ACB Energy Partners LLC
61978,Convergent Energy and Power LP
61979,"City of Nashua, NH"
61980,Valta Energy
61981,Willow Creek Wind Power LLC
61982,International Paper - Flint River Mill
61984,MBS TextBook  Exhcange LLC
61985,Beech Ridge II Wind Energy Center
61986,Perfect Fit Industries LLC
61987,Sonoma County Junior College District
61988,Pixelle Specialty Solutions LLC - (PA)
61989,Town of Enfield
61990,Town of Greenbush
61991,BE Minnesota Wind Holdings LLC
61992,"Tenaska Nobles 2 Holdings, LLC,"
61993,"ALLETE South Wind, LLC"
61994,"CD Global II CSOLAR, LLC"
61995,"Tenaska CSOLAR West Holdings, LLC"
61996,"Tenaska CSOLAR West, LLC"
61997,Town of Hancock
61998,Town of Hermon
61999,Town of Orland
62000,Penobscot County
62001,Town of Searsport
62002,Key Equipment Finance
62003,"CMR Solar, LLC"
62004,Flowers Solar LLC
62005,Eastridge Wind Project
62006,"7X Energy, Inc."
62007,Windom Wind Project
62008,Hale Kuawehi Solar LLC
62009,Palmer Solar LLC
62010,Prairie Queen Wind Farm LLC
62013,"WIM Core Portfolio Owner, LLC c/o Oak Street Real Estate Capital, LLC"
62014,Clover US Blocker LLC
62015,"Tenaska Pennsylvania I, LLC"
62016,"Tenaska Pennsylvania Holdings, LLC"
62017,"DGC Westmoreland, LLC"
62018,"J-POWER Westmoreland, LLC"
62020,"Tenaska CSOLAR South, LLC"
62021,"Tenaska CSOLAR South Holdings, LLC"
62022,"Tenaska IV South Partners, LLC"
62023,Skeleton Creek Energy Center
62024,Silver State Power North
62026,"Mountain Creek Power, LLC"
62027,"LaPorte Power, LLC"
62028,PFMG Solar Grossmont Helix LLC
62029,Renew Solar ABC Sacramento LLC
62031,"Walleye Power, LLC "
62032,Granite Shore Power
62033,NRG MN Community LLC
62034,Depot Park Solar Farm
62035,MSC-Scott01 LLC
62036,Paeahu Solar LLC
62037,MSC-Chisago02 LLC
62038,MSC-Chisago01 LLC
62039,MSC-Rice01 LLC
62040,"Three Bridge Farm, LLC"
62041,"HCE Moore I, LLC"
62042,SRIV Partnership LLC
62043,Cox Operating LLC
62044,"TG High Prairie Wind, LLC"
62045,"Wood Hydro, LLC"
62046,"High Lonesome Wind Power, LLC"
62047,"Roadrunner Solar, LLC"
62048,Westlands Almond LLC
62049,Aquamarine Westside LLC
62050,Castleman Power Development LLC
62051,Airport Solar LLC
62052,Kearsarge Johnstown 1 LLC
62053,Kearsarge GB LLC
62054,Kearsarge SKSC1 LLC
62055,Kearsarge Uxbridge LLC
62056,Kearsarge Johnstown 2 LLC
62057,Kearsarge Montague LLC
62058,Kearsarge SKSC2 LLC
62059,Kearsarge Wilmington LLC
62060,CleanCapital
62061,"GD West Greenwich Victory I, LLC"
62062,"GD Richmond Buttonwoods I, LLC"
62063,"Blue Summit III Wind, LLC"
62064,"Hill Top Energy Center, LLC"
62065,"Ares EIF Management, LLC"
62067,EnterSolar
62068,Tolland Solar NG LLC
62069,"Jiminy Peak Mountain Resort, LLC"
62070,Plainfield Solar LLC
62071,"Route 14A CDG Solar North and South, LLC"
62072,Newfield Solar LLC
62073,Tanglewood Circle Solar 1 LLC
62075,Trinity Hills Wind Farm LLC
62076,Silver Star I Power Partners LLC
62077,Sherbino II Wind Farm LLC
62079,"White Cloud Wind Project, LLC"
62080,"Lamesa Solar II, L.L.C."
62082,"Orca Acquisitions, LLC"
62083,Arizona State University FDM
62084,DG Florham Park Solar LLC
62085,Mesquite Star LLC
62087,Montefiore Mount Vernon Hospital
62088,Lower Mount Bethel Project Company LLC
62089,"Hill Top MM RH, LP"
62091,Derby Fuel Cell LLC
62092,"Tehachapi Wind Wall, LLC"
62093,Groton Fuel Cell 1 LLC
62095,Connell East LLC.
62096,Cricket Valley Energy Holdings LLC
62098,"Cookstown Solar Farm, LLC"
62099,"Changeup Solar, LLC"
62100,"Starr Farm, LLC"
62101,"Badger Farm, LLC"
62103,Whitney Hill Wind Power LLC
62104,"Arborgate Farm, LLC"
62105,"Achilles Farm, LLC"
62106,Hidalgo Wind Farm II LLC
62109,"Searcy Solar, LLC"
62110,Rockland Bakery Inc.
62112,Overlook Medical Center
62113,"Sage Draw Wind, LLC"
62114,"Wadesboro Farm 4, LLC"
62118,"Antelope Expansion 3B, LLC"
62119,"Antelope Expansion 3A, LLC"
62121,"Nevada Valley Solar Solutions II, LLC"
62122,"Minuteman Eenergy Storage, LLC"
62123,"SunRaise Investments, LLC"
62124,New York Presbyterian-The Allen Hospital
62125,New York Community Bank
62126,The Walt Disney Company
62127,"Generate Fremont Digester, LLC."
62128,OEE XXX LLC
62129,"SFDK Solar, LLC"
62130,Foundation CA Fund X Manager LLC
62131,HL Solar LLC
62132,DWW Solar ll LLC
62133,"Washburn Solar Holdings, LLC"
62134,Hunter Solar LLC
62135,cen juncos solar llc
62136,Llano Estacado Wind Ranch
62137,"Mitsubishi Heavy Industries America, Inc."
62138,"Pecan Grove Solar, LLC"
62139,"1025 Traveller Solar, LLC"
62140,"1047 Little Mountain Solar, LLC"
62141,"Ennis Solar, LLC"
62142,CTGB Solar Mission III LLC
62143,"Atlantic-VMD Revere Realty, LLC"
62144,Solar Mission Sunstone US LLC
62146,Sigurd Solar LLC
62147,Lafayette Horizon Solar CSG LLC
62149,Nautilus Goat Island Solar CSG LLC
62150,"2016 ESA Project Company, LLC"
62151,"Happy Hollow Solar Holdings, LLC"
62152,"Skipjack Solar Center, LLC"
62153,Hecate Energy Highland LLC
62155,"DG Northeast Solar II, LLC"
62157,"Shiloh Hwy 1108 Solar, LLC"
62158,"Sandy Solar, LLC"
62159,"Chowan Jehu Road Solar, LLC"
62160,"AES ES Alamitos, LLC"
62161,"Cubico USA, LLC"
62162,"RP Napa Solar 1, LLC"
62627,Alchemy Renewable Energy
62628,County of Santa Clara (CA)
62629,G&S Solar Installers LLC
62630,"NY Mooers I, LLC"
62631,"NY Mooers II, LLC"
62632,"NY Mooers III, LLC"
62633,"Plum Creek Wind, LLC"
62634,"Chester Woods Point Solar, LLC"
62635,Wildcat Creek Wind Farm LLC
62637,Walcott Solar LLC
62638,Helen Solar LLC
62639,"Rosendale Renewable Energy, LLC"
62640,Northfield Solar LLC
62641,Warsaw Solar LLC
62642,"SolarStorage Fund C, LLC"
62643,MC Project Company LLC
62644,OEE XXVIII LLC
62645,General Services Administration - Region 8
62646,"Painter Energy Storage, LLC"
62647,Belcher Solar LLC
62648,"DG 1 Acquisition Co., LLC"
62649,KDC Solar ASGM LLC
62650,"Victorville Energy Center, LLC"
62651,"Montauk Energy Storage Center, LLC"
62652,"East Hampton Energy Storage Center, LLC"
62655,RC Energy AA LLC
62656,Phoenix Solar South Farms LLC
62657,Harbec Energy
62658,Mount Joy Wire Corp
62659,BMP Wind LLC
62660,"MSC-Empire01, LLC"
62661,"Lock 12 Hydro Partners, LLC"
62662,"Butter Solar, LLC"
62663,Lock 13 Hydro Partners
62664,"Lock 14 Hydro Partners, LLC"
62665,Fifth Third Bank
62666,KDC Solar CSCP LLC
62667,"East Line Solar, LLC"
62668,"Wheatridge Wind Holdings, LLC"
62669,"Westtown NY 1, LLC"
62670,"Carver MA 2, LLC"
62671,"Chester NY 1, LLC"
62673,"Hopkinton MA 1, LLC"
62674,"Greenville NY 1, LLC"
62675,Meherrin Solar LLC
62676,Commonwealth of Massachusetts
62677,Massachusetts Department of Correction
62678,"RIT Henrietta Solar 1, LLC"
62679,Constellation Solar Rhode Island LLC
62680,BT Coniglio Solar LLC
62681,"BT Cooke Solar, LLC"
62682,Kellam Solar LLC
62684,Ulster Solar LLC
62685,"10 Briggs Solar NG, LLC"
62688,"Helios NY I, LLC"
62689,"Piney Creek, LLC"
62690,Hecate Energy Blair Road LLC
62691,Novel Martin Solar One LLC
62692,Wildberry Solar Center
62693,Georgia-Pacific Chemicals LLC
62694,"Rappahannock Solar, LLC"
62695,NASA Johnson Space Center
62696,"Gichi Noodin Wind Farm, LLC"
62697,"Kettle Butte Digester, LLC"
62698,SunEast Skyline Solar LLC
62699,SunEast Dog Corners Solar LLC
62700,SunEast Clay Solar LLC
62701,"Vista Solar, Inc."
62702,"Empire Renewables, LLC"
62703,Bloomington Solar I
62704,Grizzly Wind LLC
62705,Concho Bluff LLC
62706,"NY Baldwin I, LLC"
62707,Marengo Battery Storage LLC
62708,Black Bear Wind LLC
62709,Bakerstand Solar LLC
62710,"DG LF Solar, LLC"
62711,Wabasha Solar LLC
62712,Winona Solar I LLC
62713,Buenos Aires Windpower LLC
62714,"SCP 7, LLP"
62715,Westbound Solar LLC
62716,"Stony Knoll Solar, LLC"
62717,"Speedway Solar NC, LLC"
62718,"Broad River Solar, LLC"
62719,Green Street Power Partners
62720,"Frontier Windpower II, LLC"
62721,"Maryneal Windpower, LLC"
62723,Vistra Energy
62724,Seventus LLC
62726,"Mountain Breeze Wind, LLC"
62727,Nextsun Energy Littleton LLC
62731,"Gopher Energy Storage, LLC"
62732,Acushnet Company
62733,Cranberry Point Energy Storage LLC
62734,Blue Marmot IX LLC
62735,Blue Marmot V LLC
62736,Blue Marmot VI LLC
62737,Blue Marmot VII LLC
62738,Blue Marmot VIII LLC
62739,Otter River Road Solar LLC
62740,"Maverick Creek Wind, LLC"
62742,"ENEL BELLA ENERGY STORAGE, LLC"
62743,RoxWind LLC
62744,"St. James Solar, LLC"
62745,Enel Energy Storage Holdings LLC
62746,Don Lee BESS 1 LLC
62747,Acorn I Energy Storage LLC
62748,Wildcat I Energy Storage LLC
62749,Carolina Poultry Power
62750,"JSF Energy, LLC"
62751,Renewable Strategies LLC
62752,"Holiday Hill Community Wind, LLC"
62753,Olean Gateway Turnkey LLC
62754,Jarlene Development LLC
62755,"1951 Hamburg Turnpike, LLC"
62756,SunEast Watkins Road Solar LLC
62757,SunEast Hills Solar LLC
62758,"Orchard Windfarm, LLC"
62759,Geronimo Energy
62760,EDPR CA Solar Park VI LLC
62761,Rosewater Wind Farm LLC
62762,"GSPP Boxborough Littleton, LLC"
62763,"Hecate Grid, LLC"
62764,C2 Starratt Solar LLC
62765,"High Bridge Wind, LLC"
62766,"Somerville Solar, LLC"
62767,"Phoenix Contact Services, Inc"
62768,"TGCOP Operating Hodings I, LLC"
62769,"Augusta Solar Farm, LLC"
62770,Day Four Solar LLC
62771,"NorthPark Solar, LLC"
62772,CA ODEVI LLC
62773,Kearsarge Gill LLC
62774,Solar Hagerstown LLC
62775,"Central Rivers Power NH, LLC"
62777,Burrstone Energy Center
62778,"Rattlesnake Flat, LLC"
62780,RE Slate LLC
62784,Kenyon Energy KS Solar 1 LLC
62787,"Jackson Generation, LLC"
62788,Oberon Solar IA
62789,Oberon Solar IB
62791,"ACE West Holdings, LLC"
62792,"Great American West Wind, LLC"
62794,"AP Solar 2, LLC"
62795,"Dickinson Solar, LLC"
62796,Paulding Wind Farm IV LLC
62800,DG Edison New Jersey LLC
62801,DG Linden New Jersey LLC
62802,Cove Mountain Solar LLC
62803,Cove Mountain Solar 2 LLC
62804,NASA Wallops Flight Facility
62805,"Bluestone Farm Solar, LLC"
62806,Guernsey Power Station LLC
62807,"Hawtree Creek Farm Solar, LLC"
62808,"Whitehorn Solar, LLC"
62809,Deuel Harvest Wind Energy LLC
62810,NedPower Mt Storm LLC
62811,Sherbino Mesa I Windfarm LLC
62812,"Syncarpha Tewksbury, LLC"
62813,"Syncarpha Westminster, LLC"
62814,"Syncarpha Leicester, LLC"
62815,Stored Solar J&WE
62816,"Cobalt Power, L.L.C."
62817,"DG Georgia Solar II, LLC"
62818,Mahi Pono LLC
62819,"Syncarpha Halifax, LLC"
62820,"Syncarpha Millbury, LLC"
62821,"Syncarpha Northampton, LLC"
62822,"Syncarpha Blandford, LLC"
62824,"Syncarpha Northbridge I, LLC"
62825,"Syncarpha Northbridge II, LLC"
62826,"Syncarpha Puddon I, LLC"
62827,"Syncarpha Puddon II, LLC"
62828,"TWE Bowman Solar Project, LLC"
62829,Novel Brooten Solar LLC CSG
62832,Novel Herber Solar LLC
62833,Novel Herickhoff Solar LLC
62834,Caden Energix Pamplin LLC
62835,Caden Energix Hickory LLC
62836,Navisun LLC
62837,Novel DeCook Solar LLC
62838,"LSE Dorado, LLC"
62839,"Whitetail Solar 2, LLC"
62840,"Whitetail Solar 1, LLC"
62841,"Whitetail Solar 3, LLC"
62842,"Lightsource Renewable Energy Asset Management, LLC"
62843,"Wildflower Solar I, LLC"
62844,"Spring Hope Solar 3, LLC"
62845,ESA Four Oaks 2 NC LLC
62846,Novel Schmoll Farms Solar LLC CSG
62847,Novel Pederson Solar LLC CSG
62848,Novel Jewison Solar LLC
62849,Novel Byron Solar LLC CSG
62850,Novel Kanewischer Solar LLC
62851,State of Minnesota Department of Administration
62852,ESA Hamlet NC LLC
62854,"Solar Star California LXXVIII, LLC"
62855,"Clear Creek Wind, LLC"
62856,"Forefront Power, LLC"
62857,"Johnson Corner Solar I, LLC"
62858,"Continental Divide Solar I, LLC"
62859,"Continental Divide Solar II, LLC"
62860,"COE Bridgewater LLC c/o Thor Equities, LLC"
62861,Open Mountain Energy LLC.
62863,Novel Bartel Solar LLC
62864,Novel Haley Solar LLC CSG
62865,Novel Holmquist Solar LLC
62866,Novel MNDot Solar LLC
62867,Novel Winegar Partnership Solar
62868,Novel Peter Solar LLC
62869,Novel Benedix Solar LLC
62870,Heritage Sustainable Energy. LLC
62871,"Ray Wilson Solar, LLC"
62872,"Carolina Lily Solar, LLC"
62873,"Plott Hound Solar, LLC"
62875,"Shakespeare Solar, LLC"
62876,"Department of the Army, Fort Carson"
62877,Jefferson Torresdale Hospital
62879,Hickory Grove #1 LLC
62880,Hickory Grove #2
62881,Chambers Road Solar LLC
62883,"Kruger Energy Hertford, LLC"
62884,Energy Power Partners
62885,"CalCity Solar 1 , LLC"
62886,"Clover Creek Solar, LLC"
62887,"Canadian Breaks Holdings, LLC"
62892,Ringer Hill Wind LLC
62893,Mililani I Solar LLC
62894,Imeson Solar Farm LLC
62895,Vineyard Wind LLC
62896,"Rooney Ranch, LLC"
62897,"MSB Investors, LLC"
62898,"Dflex Power, LLC"
62900,Caden Energix Rives Road LLC
62901,Hannibal Board of Public Works Power Plant
62902,"Highline Services, LLC"
62903,"Silicon Hills Campus, LLC"
62904,"Syncarpha El Rito I, LLC"
62905,"Syncarpha Taos I, LLC"
62906,"Syncarpha Questa I, LLC"
62907,"Sand Hill A, LLC"
62908,"Sand Hill B, LLC"
62909,"Sand Hill C, LLC"
62910,300MS 8me LLC
62911,Drew Solar LLC
62912,Iris Solar LLC
62913,"Roundhouse Renewable Energy, LLC"
62915,Madison Energy Holdings LLC
62916,Mohave County Wind Farm
62918,TPE Hopkins Solar Holdings1 LLC
62919,TPE King Solar Holdings1 LLC
62920,Cabin Point Solar Center LLC
62921,Arroyo Solar LLC
62923,Solar Planet Power
62935,TREX US Green Holly LLC
62936,TREX US Red Holly LLC
62946,USS All In Solar LLC
62947,Johnson Melloh Solutions
62948,Gamma Genco CV LLC
62949,Gamma Genco CV II LLC
62950,"HG Solar Development, LLC"
62951,"FL Solar 4, LLC"
62953,USS Reindeer Solar LLC
62954,USS Bush Solar LLC
62955,USS Hancock Solar
62956,USS Pheasant Solar LLC
62958,USS Kass Solar LLC
62959,USS Chariot Solar LLC
62961,"Mountain Parks Services, Inc."
62962,Hartmann Community Solar LLC
62963,E. Goenner Community Solar LLC
62964,Prawer Community Solar LLC
62965,Schwinghamer Community Solar LLC
62966,STAG St. Paul Community Solar LLC
62967,"New Creek Wind, LLC"
62968,"Silver State Solar Power North, LLC"
62969,"Keechi Wind, LLC"
62970,Burney Power Operations
62971,South Energy Investments LLC
62972,Bluestone Coke LLC
62973,USS Dot Com Solar LLC
62975,USS Zanzibar Solar LLC
62976,USS Water Town Solar LLC
62977,USS Water Fowl Solar LLC
62978,USS Water City Solar LLC
62981,Aero Haven Solar LLC
62982,"AC Power 1, LLC"
62983,"SE Athos I, LLC"
62984,AC Power 2 LLC
62985,Pettinos Solar LLC
62988,DG California Solar LLC
62989,Rafael Solar LLC
62990,Case Creek Solar LLC
62991,Kale Patch Solar LLC
62992,O'Neill Creek Solar LLC
62993,"Aviator Wind, LLC"
62994,"Dynamic Energy Solutions, LLC"
62995,Broad Mountain Power LLC
62997,Veolia North America
62998,Cox Enterprises
62999,"Old Court Rd Solar, LLC"
63000,City of Truman
63001,"MN CSG 2, LLC"
63004,Abundant Solar Power Inc.
63006,AGA TAG Solar IV LLC
63010,"Northbrook Carolina Hydro II, LLC"
63011,"Northbrook Tuxedo, LLC"
63012,"2W Permian Solar, LLC"
63014,Novel Debra Solar LLC
63015,Novel Loren Solar LLC
63016,Limelight Solar II LLC
63017,Novel Wayne Solar LLC
63018,ATOOD Solar III LLC
63019,AGA TAG Solar III LLC
63021,"Aurora Wind Project, LLC"
63022,"Impact Solar 1, LLC"
63023,Macerich
63024,"BEAM US, LLC"
63026,"Oppidum Renewables USA, LLC"
63030,"Niles Power, LLC"
63031,"New Castle Power, LLC"
63032,"Brunot Island Power, LLC"
63033,"Gilbert Power, LLC"
63034,"Sayreville Power, LLC"
63035,"Hamilton Power, LLC"
63036,"Hunterstown Power, LLC"
63037,"Mountain Power, LLC"
63038,"Orrtanna Power, LLC"
63039,"Portland Power, LLC"
63040,"Shawnee Power, LLC"
63041,"Titus Power, LLC"
63042,"Tolna Power, LLC"
63043,"Blossburg Power, LLC"
63044,"Shawville Power, LLC"
63045,"Warren Generation, LLC"
63046,Logan Generating Company LP
63047,KeyCon Operating LLC
63048,Misae Lessee LLC
63049,Cannon Garden LLC
63050,"Bergenmand Solar Partners, LLC"
63051,Sheridan School Corporation
63052,"Falck Middleton Generation, LLC"
63054,Francis Scott Key Mall
63055,Altamonte Mall
63056,Pembroke Lakes Mall
63057,Short Hills Mall
63058,"DG Northeast 1, LLC"
63059,Diamond Properties
63060,Brass Mill Center
63061,Natick Mall
63062,White Marsh Mall
63064,Crowned Ridge Wind II LLC
63065,SOLV Inc.
63067,Valero Wilmington
63068,CVI CleanCapital Solar 4 LLC
63069,CVI CleanCapital Solar 5 LLC
63070,GR Catalyst Two LLC
63071,"DG Amaze New Jersey, LLC"
63072,Cerro Gordo Wind Farm
63073,"Chicot Solar, LLC"
63074,Scout Clean Energy LLC
63075,Pennsylvania Real Estate Investment Trust
63076,Altamonte Mall LLC
63077,Brookfield (GGP)
63078,Taubman
63079,Cincinnati Zoo & Botanical Garden
63080,"Bluefin Origination 1, LLC"
63081,Exus North America Management Partners LLC
63082,ProEnergy Services
63083,Coyote Ridge LLC
63084,"Gulfwinds Generation, LLC"
63086,GGP Solar
63088,Bio-Rad USA
63090,Hopkinton Industrial Park LLC
63091,"Solar Star California LXIV, LLC"
63092,"SE Titan, LLC"
63093,"ARE-RP Woodsdale, LLC"
63094,Grand Prix NY Racing LLC
63095,DP 21 LLC
63096,Photo File Inc
63097,Safe Haven Partners LLC
63098,New York Sports Management
63099,RDI Electronics
63100,"SE Juno, LLC"
63101,"SE Aragorn, LLC"
63102,"AMOR IX, LLC"
63103,DP57 LLC
63104,"Watsonville Coast Produce, Inc."
63105,US Solar
63106,"Sutton Solar 2, LLC"
63107,"Lansing Renewables, LLC"
63108,"Granby Solar, LLC"
63109,"Hales Mills Solar, LLC"
63110,"Owlville Creek Solar 2, LLC"
63111,"Owlville Creek Solar, LLC"
63113,"Architect of the Capitol, Capitol Power Plant"
63114,"GA Solar 3, LLC"
63115,"AZ Solar 1, LLC"
63116,"Bluebell Solar II, LLC"
63117,Gemini Solar
63118,224WB 8me LLC
63119,"Scotch Bonnet Solar, LLC"
63120,"Cubera Solar, LLC"
63121,"Starvation Solar I, LLC"
63124,Cuming County Renewables. LLC
63125,Phelan Pinon Hills Community Services District
63128,"Jordan Creek Wind Farm, LLC"
63129,Wapello Solar LLC
63130,"Bridgeport Fuel Cell, LLC"
63131,Strandness Garden LLC
63137,Idemitsu Renewables
63138,"Logan Solar, LLC"
63139,Minonk Stewardship Wind LLC
63140,"Three Rivers Solar Power, LLC"
63141,"Rancho Seco Solar II, LLC"
63142,"Solar Star California XXVIII, LLC"
63143,Falls Creek Garden LLC
63144,Star Garden LLC
63145,"Live Oak Wind Project, LLC"
63146,Waterbury Generation LLC
63147,"Dakota Range III, LLC"
63148,"King Plains Wind Project, LLC"
63149,"Jumbo Hill Wind Project, LLC"
63150,"Las Lomas Wind Project, LLC"
63151,"Prairie Hill Wind Project, LLC"
63152,"Triple H Wind Project, LLC"
63153,"Seymour Hills Wind Project, LLC"
63154,"Solomon Forks Wind Project, LLC"
63155,"East Fork Wind Project, LLC"
63156,Engie Longdraw Solar LLC
63157,Buffalo Garden LLC
63158,Loon Garden LLC
63159,Stearns Solar I LLC
63160,Olinda Trail Solar LLC
63161,New Munich Solar LLC
63162,Clara City Solar LLC
63163,Kearsarge Amesbury LLC
63164,"Robin Solar, LLC"
63166,"Marshall Wind Farm, LLC"
63170,Brigham Young University (BYU)
63171,Straight Garden LLC
63172,Leven Garden LLC
63173,Zumbro Garden LLC
63174,Maston Garden LLC
63175,Mud Garden LLC
63176,Erin Garden LLC
63177,Chub Garden LLC
63179,NY Enfield I LLC
63180,Big Blue River Wind Farm LLC
63181,Dichotomy Collins Hydro LLC
63182,SunSelect Produce (California) Inc
63183,Oxy Renewable Energy LLC
63184,CI-II Mitchell Holding LLC
63185,Neighborhood Power Corp.
63186,"1001 Ebenezer Church Solar, LLC"
63187,Rush Springs Energy Storage
63188,"West Deptford Distributed Solar, LLC"
63189,"Rock County Wind Fuel, LLC"
63190,"1009 Yadkin Solar, LLC"
63191,"1073 Onslow Solar, LLC"
63192,"1008 Matthews Solar, LLC"
63193,"1045 Tomlin Mill Solar, LLC"
63194,Malmedal Garden LLC
63195,Wollan Garden LLC
63197,"Lang Solar Farm, LLC"
63198,RE-VFO LLC
63199,Frontier Operation Services
63201,"Bonefish Solar, LLC"
63202,"Pika Solar, LLC"
63203,Selective Insurance
63204,"Mohea Solar Energy Center, LLC"
63205,"Brush Creek Solar, LLC"
63206,"Minke Solar, LLC"
63207,"Drift Creek Solar, LLC"
63208,"Bighorn Solar, LLC"
63209,The George Washington University
63210,Saint Solar LLC
63213,Jemez Cuba LLC
63214,"Tenaska Clear Creek Debt Holdco, LLC"
63215,Clear Garden LLC
63216,North Valley
63217,Obsidian Solar Center LLC
63218,DCO Burlington
63219,Roberds Garden LLC
63220,ECP Uptown Campus LLC
63221,CD4
63222,"ACM Energy, LLC"
63224,"Tehachapi Plains Wind, LLC"
63225,Wister Solar
63226,CalCom Energy
63227,"el segundo energy center, llc"
63228,Gohman Community Solar LLC
63229,Essex County Correctional Facility Cogen
63230,UMM Energy Partners LLC.
63231,"Maverick Wind Project, LLC"
63233,USF Surry LLC
63234,"Garrett Solar, LLC"
63235,Brookfield Renewable Trading and Marketing LP
63236,"Bsalt Infrastructure Partners, LLP"
63237,"Emerald Hills Holding I, LLC"
63238,OE_ALC
63239,Vermillion Power LLC
63240,"Solar Integrated Fund VI, LLC"
63241,TWE Ahoskie Solar Project LLC
63242,CBH Lessor LLC
63243,"Solar Carver 3, LLC"
63244,"KSI II Consolidated, LLC"
63245,Montefiore Weiler (Einstein) Hospital
63246,"EDF Renewables Distributed Solutions, Inc"
63247,"Citizens Solar Holdings IX, LLC"
63248,Palmetto Power Management LLC
63249,Terraform Arcadia
63250,Central Antelope Dry Ranch B LLC
63253,Assembly Solar II LLC
63254,"Apex Eagle Creek, LLC"
63255,"Tickle Creek Solar, LLC"
63256,"Thomas Creek Solar, LLC"
63257,"Solar Carver 1, LLC"
63258,"Arcadia Solar, LLC"
63259,Solar Star Prime 1 LLC
63260,Cobb Electric Membership Corporation
63261,"WCMD Spear Point Solar IV, LLC"
63262,"WCMD Spear Point Solar I, LLC"
63263,WCMD Spear Point Solar II LLC
63264,WCMD Spear Point Solar III LLC
63266,Fordham University
63267,D'Arrigo Brothers
63268,Moonlight Companies
63269,Essex County
63270,St. Luke's Cornwall Hospital - Newburgh
63271,Onyx Solar Mission III LLC
63272,Pima Solar Mission III LLC
63273,NorthStar Battery
63274,Vassar Brothers Medical Center
63275,"Samoset Solar, LLC"
63276,"Woodfields Solar, LLC"
63277,Richmond University Medical Center
63279,Outlaw Wind Project LLC
63281,"38 Degrees North, LLC"
63282,"SR Kersey II, LLC"
63283,"SR Skylark C, LLC"
63284,WestRock North Charleston
63285,Brookfield Wire Company
63286,4 Rivers Electric Cooperative Inc.
63287,"Axium Arizona Renewables, LLC"
63288,Gas South
63289,Key Capture Energy
63290,Taylor Creek Solar LLC
63291,NYPH - Lawrence
63292,Harmony Florida Solar LLC
63293,Mount Sinai - Brooklyn
63294,Nutmeg Solar LLC
63295,Brooten CSG1 LLC
63296,Buffalo Lake CSG1 LLC
63299,"Ponderosa Wind, LLC"
63300,Lowry CSG2 LLC
63301,Paynesville CSG1 LLC
63302,Plato CSG1 LLC
63303,Sacred Heart CSG1 LLC
63304,Stewart CSG1 LLC
63305,St. Louis Solar
63306,"St. Joseph's Solar, LLC"
63307,"Boutillier Solar, LLC"
63308,"Blair Wire Village Solar, LLC"
63309,"Barton Acres Solar, LLC"
63310,"Cherry Valley Solar, LLC"
63311,"ISM Solar Dighton 2, LLC"
63312,"Incom Solar, LLC"
63313,"JH Solar, LLC"
63314,"Woodchuck Solar, LLC"
63315,"Dudley River 3 Solar, LLC"
63316,"Dudley River 2 Solar, LLC"
63317,"Dudley River Solar, LLC"
63318,"Ledeaux Solar, LLC"
63319,"Cohasse Solar, LLC"
63320,"Solar Star LA County I, LLC"
63321,"Palombo B Solar, LLC"
63322,"Palombo Solar, LLC"
63323,"AC Power 3, LLC"
63324,"AC Power 4, LLC"
63325,Montefiore-New Rochelle
63326,USS Solar Brick
63327,USS Grandpa Solar
63328,USS Goodrich Solar
63329,USS Sycamore Solar
63330,"Televison City Studios, LLC."
63331,"Organic Energy Solutions, Inc."
63332,Acushnet
63333,NYU Langone - Orthopedic
63334,Illumina
63335,Cresmark Equipment Finance
63336,"ARE RP Ventures, LLC"
63337,"Emerald Hills Holdings, LLC"
63338,"Crown Solar Center, LLC"
63339,"Fort Rock Solar I, LLC"
63340,Sk Holdings Co. Ltd.
63341,SUSI Partners AG
63342,New Jersey Transit Corporation (NJ Transit)
63344,"SunE P11L Holdings, LLC"
63345,Flodquist Community Solar LLC
63346,"Tate and Lyle Ingredients, LLC"
63347,North Central Bronx Hospital
63348,Wyckoff Heights Medical Center
63349,"Daystar Solar, LLC"
63350,"Manchester Street, LLC."
63351,St.Joseph's Regional Medical Center
63352,Stonemont Financial Group
63353,Jacobi Medical Center
63354,The Kraft Group LLC
63355,"AIE Tawhiri Power Holding, LLC"
63357,Sheriff Rd Solar LLC
63358,"Dunn Road Solar, LLC"
63359,"REA Investments, LLC"
63360,Camden Plant Holdings LLC
63363,Elmwood Park Power LLC
63365,Siems Community Solar LLC
63366,Schueler Community Solar LLC
63368,38DN Power Fund 1 LLC
63369,"Yaphank Fuel Cell Park, LLC"
63370,"Bowden Solar, LLC"
63371,Montefiore Nyack Hospital
63373,"Bitter Ridge Wind Farm, LLC"
63374,"Sanford Airport Solar, LLC"
63375,"River Valley Solar, LLC"
63376,"Mt Hope Solar, LLC"
63377,"Williams Acres Solar, LLC"
63378,St. Mary's Hospital For Children
63380,Brenda Luhman Community Solar LLC
63381,Carlson Community Solar
63382,Harlem Hospital Center
63383,UBS Asset Management (Americas) Inc
63384,"Allied Beverage Group, LLC"
63385,"TicketNetwork Campus Realty, LLC"
63386,Chanel Inc.
63387,Colonial Pipeline Company
63388,"ESCT-CORB-3, LLC"
63389,Medline Industries Inc.
63390,"ESCA-NIA-STOCKTON, LLC"
63391,"C2 MA Lakeville, LLC"
63392,Norwalk Hospital
63393,VS Dedeaux LLC
63394,"MSAP 13, LLC"
63395,"Spencer Solar Farm, LLC"
63396,"Sturbridge Road Solar Farm, LLC"
63397,Paulson Community Solar LLC
63398,Laurel Village Community Solar LLC
63399,Hertzberg Community Solar
63400,Hammer Community Solar LLC
63402,Oak Leaf Solar XXXIII LLC (Lantz-Chaffey)
63403,"Luna Storage, LLC"
63404,"Hunker Solar River, LLC"
63405,"PG Solar, LLC"
63406,"Freight Line Solar, LLC"
63407,"Butler Solar, LLC"
63408,"Holly Swamp Solar, LLC"
63409,"GWE Cranberry Solar RT, LLC"
63410,"Topaz Generating, LLC"
63411,"CMFC, Inc."
63412,"Westmoreland County Solar Project, LLC"
63413,Brady Sullivan Properties
63414,"Cool Springs Solar, LLC"
63415,CO Buffalo Flats LLC
63416,Ho'Ohana Solar 1 LLC
63417,"ISM Solar Cranston, LLC"
63418,Elora Solar
63419,"Augusta Solar, LLC"
63420,"Taos Mesa Energy Facility, LLC"
63421,"Biggs Ford Solar Center, LLC"
63423,NVSS-II
63424,"Silverstrand Grid, LLC"
63426,RE Bravepost LLC
63427,"Neptune Energy Center, LLC"
63428,"Bearkat Wind Energy 1, LLC"
63430,"Astral Electricity, LLC"
63431,"Las Majadas Wind Farm, LLC"
63432,SkyHigh 2 Solar
63433,USS Bluff Country Solar
63434,USS Viceroy Solar LLC
63435,USS Solar Way LLC
63436,USS Hubers Solar LLC
63437,"Helena Wind, LLC"
63438,Lordstown Motors Corp
63439,Southern Idaho Solid Waste
63440,Milford Solar I (NES)
63441,Fogarty Solar LLC
63442,Mount Hope Solar 2 LLC
63443,Mount Hope Solar 1 LLC
63444,Bluestone Solar LLC
63445,Underhill Solar LLC
63446,Grabinski Solar LLC
63447,"Imperial Valley Solar 3, LLC"
63448,"Aiya Solar CEI, LLC"
63449,"Renewable Properties, LLC"
63450,"DG South Carolina Solar, LLC"
63451,"Madero Grid, LLC"
63452,Ralph's Grocery Company
63453,"Johnson Development Associates, Inc."
63454,"Thunder Wolf Energy Center, LLC"
63455,"RPSC Solar 5, LLC"
63456,"RPSC Solar 7, LLC"
63457,"RP Napa Solar 2, LLC"
63458,"RP Napa Solar 3, LLC"
63459,"Suntex Solar, LLC"
63460,"Rock Garden, LLC"
63461,NY- CSG- Johnstown 2
63462,NY- CSG- Livingston 4
63463,"Palomino Solar, LLC"
63464,"Crossroads Solar, LLC"
63465,"Candela Renewables, LLC"
63466,Conductive Power
63467,naturgy candela devco llc
63468,"Alkali Solar, LLC"
63469,"West Hines Solar I, LLC"
63470,"Illinois PV Fulton 1, LLC"
63471,NES Olympos
63472,"Willow Creek Wind Power, LLC"
63473,"Odom Solar, LLC"
63474,Hecate Energy Gedney Hill LLC
63475,"Black Bear Alabama Solar 1, LLC"
63476,"Elm Branch Solar 1, LLC"
63477,"Oasis Alta, LLC"
63479,Viresco Turtle Lake
63482,"Happy Solar 1, LLC"
63483,"Elk Hill Solar 2, LLC"
63484,"Briar Creek Solar 1, LLC"
63485,"Bighorn Solar 1, LLC"
63486,"Elk Hill Solar 1, LLC"
63487,"Bronco Plains Wind, LLC"
63488,"Shady Hills Energy Center, LLC"
63490,Williamsville Road LLC
63491,"Partridgeville Road Solar 1, LLC"
63492,"West River Solar, LLC"
63493,"Sugar Solar, LLC"
63494,"Allora Solar, LLC"
63495,"Centerfield Cooper Solar, LLC"
63496,"Lick Creek Solar, LLC"
63497,"Highest Power Solar, LLC"
63499,"Gunsight Solar, LLC"
63501,"Panther Grove Wind, LLC"
63502,"Partin Solar, LLC"
63503,Hardin Solar Energy II LLC
63504,"Kruger Energy Mantura Solar, LLC"
63505,"DG Illinois Solar, LLC"
63506,POET Biorefining - Jewell
63507,Bluebird Solar LLC
63508,"POET Biorefining-Hanlontown, LLC"
63509,"POET Biorefining Caro, LLC"
63510,"POET Biorefining - Marion, LLC"
63511,"Constellation Solar Illinois 2, LLC"
63512,"Gateway Energy Storage, LLC"
63513,Allendale Biomass LLC
63514,Dorchester Biomass LLC
63515,"Sparta Solar, LLC"
63516,"TC-8 71 Ranch, LP"
63517,"TC-9 DA Wind Investors, LLC"
63518,"TC-7 Oversight Resources, LLC"
63519,"Trent River Solar, LLC"
63520,Arida Solar
63521,"DG Southwest Solar Portfolio 2019, LLC"
63522,Santa Ana Storage 1
63523,"DePue Holdings, LLC"
63524,Freepoint Commodities LLC
63525,"Westlands Solar Blue, LLC"
63526,"Chestnut Westside, LLC"
63527,"Westlands Cherry, LLC"
63528,"Westlands Grape, LLC"
63529,"Medusa NY 1, LLC"
63530,"POET Biorefining - North Manchester, LLC"
63531,POET Biorefining- Chancellor
63532,"Walden NY 1, LLC"
63533,"Westtown NY 2, LLC"
63534,"Middletown NY 1, LLC"
63535,"Westerlo NY 1, LLC"
63536,SunEast Valley Solar LLC
63537,SunEast Grassy Knoll Solar LLC
63538,SunEast Limestone Solar LLC
63539,SunEast Fairway Solar LLC
63540,SunEast Highview Solar LLC
63541,SunEast Tabletop Solar LLC
63543,SunEast Hilltop Solar LLC
63545,"Golden Field Solar III, LLC"
63548,"GD Hopkinton Main I, LLC"
63549,"Lily Solar, LLC"
63550,"Ventura Energy Storage, LLC"
63551,SunEast Flat Hill Solar LLC
63552,Key Capture Energy
63553,Haymaker Energy Project LLC
63554,Samson Solar Energy II LLC
63555,Samson Solar Energy III LLC
63556,Delilah Solar Energy II LLC
63557,Delilah Solar Energy III LLC
63558,Chickahominy Power LLC
63559,"Edmondson Ranch Wind, LLC"
63560,"TDX Sand Point Generating, LLC"
63561,TransAlta Holdings U.S. Inc.
63565,BD Solar Oxford LLC
63566,BD Solar Fairfield LLC
63567,BD Solar Augusta LLC
63568,BD Solar 1 LLC
63569,Cornillie 2 Community Solar LLC
63571,"Azure Sky Solar Project, LLC"
63572,Marbury Point Solar LLC
63573,SulusSolar17
63574,Otter Creek Solar LLC
63575,"Bluegrass Solar, LLC"
63576,MEC North
63577,MEC South
63578,"Dodge Flat Solar, LLC"
63579,Illinois Winds LLC
63580,"Cedar Springs Wind, LLC"
63581,"Cedar Springs Transmission, LLC"
63582,"Cedar Springs Wind III, LLC"
63583,"Cottonwood J20 Holdings, LLC"
63584,POET Biorefining - Hudson
63585,POET Biorefining - Portland
63586,POET Biorefining LLC - Corning
63587,"POET Biorefining - Alexandria, LLC."
63588,Fostoria Ethanol
63589,POET Biorefing- Shelbyville
63590,Novel Martens Solar LLC
63591,POET  Biorefining - Gowrie
63592,Riley Solar I LLC
63593,Fort Rock Solar IV LLC
63594,"POET Biorefining - Leipsic, LLC"
63595,"Blandford Sun, LLC"
63596,Clinton Solar 4 LLC
63597,"Vermilion Solar 1, LLC"
63598,Citigroup
63599,Pure Hedge LLC
63600,"Cal Flats BESS, LLC"
63601,"CPV Three Rivers, LLC"
63602,"Titan Solar 1, LLC"
63603,Nevada Power Company DBA NV Energy
63604,Union Garden LLC
63605,Nicollet Garden LLC
63606,"Central 40, LLC"
63607,Marion Garden LLC
63608,Silver Lake Garden LLC
63609,Lyman Garden LLC
63610,Severson Garden LLC
63612,Perquimans Solar LLC
63613,Cortland Solar 2 LLC
63614,"Easthampton Park Solar 1, LLC"
63615,"Erving Poplar Mountain Solar 1, LLC"
63616,Lena Solar 1 LLC
63617,Mendota US Solar 1 LLC
63618,Ridge Farm Solar 1 LLC
63619,City of Tampa
63620,"Birch Creek Development, LLC"
63621,CVI CleanCapital Solar 6
63622,CVI CleanCapital Solar 7
63623,"Thor Solar 1 CEI, LLC"
63624,SulusSolar35
63625,"CCUA Solar, LLC"
63626,Two Rivers Wind LLC
63627,Cardinal Solar LLC
63628,"Hayes Solar, LLC"
63629,"Harrison Solar, LLC"
63630,New Columbia Solar
63631,"Four Brothers 2, LLC"
63632,North American Central - LLC
63633,Red Toad Powatan Phase 2 LLC
63634,"Red Toad 315 Vinson Road, LLC"
63635,NCS CN LLC
63636,"Homestead Fuel Cell 1, LLC"
63637,Molson Coors USA LLC
63638,"Horseshoe Solar, LLC"
63639,"Rocket Solar, LLC"
63640,"Safari Energy, LLC"
63643,"Peterman Solar II, LLC"
63644,"Kish Solar, LLC"
63645,"Nostrand Solar, LLC"
63646,"Vulcan Solar, LLC"
63647,"Muscle Shoals Solar, LLC"
63648,Family Tree Farms
63649,Mike Woolf Farming
63650,Interfaith Medical Center
63651,"Energix Hollyfield, LLC"
63652,"Energix Buckingham, LLC"
63653,"Energix Nokesville, LLC"
63654,BristolSolar
63655,MilfordSolar
63656,SulusSolar28
63657,SulusSolar33
63658,"Long Beach Trigen, LLC"
63659,SulusSolar22
63660,"Route 76 Boone Solar 1, LLC"
63661,"Brick Church Solar 1, LLC"
63662,"Edwardsville Solar II, LLC"
63663,"28 Livermore Hill Road Solar, LLC"
63664,"Somonauk Road Solar 1, LLC"
63665,"Bainbridge Solar, LLC"
63666,"Altavista Solar, LLC"
63667,"California PV Energy 3, LLC"
63668,Bauer Community Solar LLC
63669,"San Bernardino Fuel Cell, LLC"
63670,SulusSolar25
63671,GreenparkSolar
63672,MTSUN LLC
63673,Ballenger Road Solar A
63674,White Horse Solar A
63675,Soscol Ferry Solar
63676,Silveira Ranch Road Solar
63677,"Caden Energix New Kent, LLC"
63678,SunEast Manchester Solar LLC
63679,"Sullivan Solar Garden, LLC"
63680,"ACM Solar, LLC."
63681,"Wappinger 9D Solar, LLC"
63682,"Montague Road Solar, LLC"
63683,"Olney Solar II, LLC"
63684,"Off Airport Road - West, LLC"
63685,"Fitchburg Renewables, LLC"
63686,"6140 Route 209 - North, LLC"
63688,SulusSolar29
63689,"Wonderful Renewable Energy, LLC."
63690,US Army Fort Bragg
63691,"2662 Freeport Solar 1, LLC"
63692,"Whiteside Solar 1, LLC"
63693,Captona N.P. LLC
63694,"Hecate Energy West Newberry, LLC"
63696,BD Solar Palmyra LLC
63697,BD Solar Auburn LLC
63698,BD Solar Hancock LLC
63699,BD Solar 2 LLC
63700,BD Solar Ellsworth LLC
63701,BD Solar Lewiston Junction LLC
63702,"Barbers Point Solar, LLC"
63703,"Kahana Solar, LLC"
63704,Camp Riley Solar Facility
63705,"MEC Holdings, LLC"
63706,Newton Municipal Solar LLC - Rumford
63707,OYA Blanchard Road LLC
63708,OYA Blanchard Road 2 LLC
63709,OYA NYS Rte 12 LLC
63710,OYA 2643 Moore Road LLC
63711,OYA Great Lakes Seaway LLC
63712,Pittsfiled Solar LLC
63713,CatanSolar
63714,"Route 66 Energy Center, LLC"
63715,Hecate Energy Albany 1 LLC
63718,"Sunflower County Solar Project, LLC"
63720,"Ocean Wind, LLC"
63721,"Skipjack Offshore Energy, LLC"
63722,"Alta Farms II Wind Project, LLC"
63723,"Ignacio Grid, LLC"
63726,Renewable Energy Ventures LLC
63727,Kaieie Waho Company LLC
63728,Tweite Community Solar LLC
63729,"Morgan Solar 4, LLC"
63730,"DG New York Solar, LLC"
63731,Desert Harvest II LLC
63732,"Maverick Solar 4, LLC"
63733,"Maverick Solar 6, LLC"
63734,"Maverick Solar 7, LLC"
63735,Captona Canton LLC
63736,Captona Chicopee LLC
63737,Captona Lippitt Ave Cranston LLC
63738,Captona Ravenbrook LLC
63739,Captona Hudson LLC
63740,Captona A Street 2 Johnston LLC
63741,Captona Berkley LLC
63742,Captona Kilvert Street Warwick LLC
63743,Captona A Street 1 Johnston LLC
63744,Captona Carver LLC
63745,Captona Plainfield Pike Johnston LLC
63746,"Meadowlark Solar, LLC"
63747,"Nash 97 Solar 2, LLC"
63748,"Nickelson Solar 2, LLC"
63749,"Siler City Solar 2, LLC"
63751,James W. Broderick Hydropower Plant
63752,Captona Partners Solar I Finco LLC
63753,"Marlow Solar, LLC"
63754,Innolith Snook LLC
63755,"Old 300 Solar Center, LLC"
63756,"Lily Pond Solar, LLC"
63757,"OR Solar 2, LLC"
63758,"IGS Stockton DG, LLC"
63759,Triple Oak Power LLC
63761,"REG Juhl Glenville Wind, LLC"
63763,Still Water Power LLC
63764,"Haystack Wind Project, LLC"
63765,"Irish Creek Wind, LLC"
63766,"Branch Street Solar Partners, LLC"
63767,"Beam Renewable Energy, LLC"
63768,"Cash Solar, LLC"
63769,Lancaster Solar LLC
63770,"SR Perry, LLC"
63771,"SR Rattlesnake, LLC"
63772,"Fish Springs Ranch Solar, LLC"
63773,Orsted Onshore North America
63774,Novel Novak Solar LLC
63775,Novel Shelly Solar LLC
63776,"JSD Flatwood PV-1, LLC"
63777,"Mechanicsville Solar, LLC"
63778,"SR Litchfield, LLC"
63779,"Morgan Solar 2, LLC"
63781,"SR North Stonington, LLC"
63782,Hecate Energy Cider Solar LLC
63783,"Rockhaven Wind Project, LLC"
63784,"Azure Sky Wind Project, LLC"
63785,"Hybrid-Electric Building Technologies West Los Angeles 1, LLC"
63786,Tygart LLC
63788,Hayfield Solar I LLC
63789,Hayfield Solar III LLC
63790,Pipestone City Solar LLC
63791,Hunters Cove Solar
63792,Hornet Solar
63793,Bear Branch Solar
63794,"Albemarle Beach Solar, LLC"
63795,"Moore Solar, LLC"
63796,"Bo Biggs Solar, LLC"
63798,"SR Lumpkin, LLC"
63799,Cabin Creek Solar I LLC
63800,Longroad Energy Services 2
63802,Independence Wind Energy LLC
63803,Apex Solar LLC
63804,"Pacific Energy Solutions, LLC"
63805,50LW 8me LLC
63806,26SB 8me LLC
63807,302PN 8me LLC
63810,"Pioneer Solar (CO), LLC"
63811,CRE-Apex Montana LLC
63812,"Tillamook BioGas, LLC Digester "
63813,"Assembly Solar III, LLC"
63814,"McDonough Solar 1, LLC"
63815,"Dressor Plains Solar, LLC"
63816,"Orsted US East Coast Offshore Wind HoldCo, LLC"
63817,Tucci Energy Services
63818,Jack's Solar Garden
63819,Cabin Creek Solar II LLC
63820,"SR Baxley, LLC"
63821,Pike Solar LLC
63822,"Hadley 3 Solar, LLC (South)"
63823,"Solar Lee, LLC"
63824,"Acme Solar, LLC"
63825,45MG 8me LLC
63826,201LC 8me LLC
63827,Bioenergy DevCo
63828,Empire Community Solar LLC
63829,CRE-Cabin Creek Montana LLC
63830,"7V Solar Ranch, LLC"
63831,St. Cloud Hydroelectric Generation Facility
63832,Hecate Energy Harley Hand Solar LLC
63833,Iroquois Solar 1B LLC
63834,Blue Goose Solar
63835,Indiana Crossroads Wind Farms LLC
63837,Hecate Energy Frye Solar LLC
63838,Hecate Grid Swiftsure LLC
63839,Hecate Grid Clermont 1 LLC
63840,"Clear Energy Capital, LLC"
63841,"Hadley 3 Solar, LLC (North)"
63842,"BCSB, LLC"
63843,"Ormond Beach Power, LLC"
63844,"Ellwood Power, LLC"
63845,Sullivan B Community Solar LLC
63846,"Bulloch County GA S1, LLC"
63847,"Franklin County GA S1, LLC"
63848,"Greene County GA S1, LLC"
63849,"Lowndes County GA S1, LLC"
63850,"Lowndes County GA S2, LLC"
63851,"Meriwether County GA S1, LLC"
63852,"Putnam County GA S1, LLC"
63853,"Terrell County GA S1, LLC"
63854,"Troup County GA S1, LLC"
63855,"Ware County GA S1, LLC"
63856,"Ware County GA S2, LLC"
63858,"Valcour Operating Services, LLC"
63859,Pickford Solar
63860,Kent School Road Solar 1
63861,Schulte 2 Community Solar
63863,Kankakee Solar 4 LLC
63864,"1051 Lucky Solar, LLC"
63865,"Sweet Tea Solar, LLC"
63866,"RBC-Kellam Holding Company, LLC"
63867,"Kenwood Creek Holdings, LLC"
63868,"DG Harvest Solar, LLC"
63869,"SE Athos II, LLC"
63873,Lincoln Medical and Mental Health Center
63875,"DTE Atlantic, LLC"
63879,"Coachella Wind Holdings, LLC"
63880,"Painted Hills Wind Holdings, LLC"
63881,"Milepost Power, Inc."
63882,"Murray County GA S1, LLC"
63883,Broad Reach Power
63884,Oklaunion Power Station
63885,CF Birchwood GP Holdings LLC
63886,CF Birchwood LP Holdings LLC
63887,Soldier Creek Wind LLC
63888,Shell Chemical LP - Geismar
63890,"Kankakee County IL S1, LLC"
63891,"McHenry Franks IL S2, LLC"
63892,"McHenry Franks IL S1, LLC"
63893,"AES Griggs Solar, LLC"
63894,"IGS East Central, LLC"
63895,SV CSG Lily Lake 2 LLC
63896,"SRC P9 - Lena Solar, LLC"
63897,Tatanka Ridge LLC
63898,"Sun Farm VIII, LLC"
63899,"Altamont Winds, LLC"
63900,Corning Riverview Project
63901,"TE Taygete Energy HoldCo, LLC"
63903,Two Dot Wind Broadview East LLC
63904,"WED Coventry Seven, LLC"
63905,"GD Glocester White Oak I, LLC"
63907,"Apex Nevada Solar, LLC"
63909,"SP Butler Solar, LLC"
63910,"SP Butler Solar Farm, LLC"
63911,"Calipatria, LLC"
63912,"Campo Verde Solar, LLC"
63913,"SP Cimmaron I, LLC"
63914,"SP Decatur County Solar, LLC"
63915,"SP Decatur Parkway Solar, LLC"
63916,"Desert Stateline, LLC"
63917,"East Pecos Solar, LLC"
63918,RE Garland LLC
63919,RE Garland A LLC
63920,RE Gaskell West 1 LLC
63921,"Granville Solar, LLC"
63922,"Parrey, LLC"
63923,BNB Lamesa Solar LLC
63924,"Lost Hills Solar, LLC"
63925,"Blackwell Solar, LLC"
63926,"Macho Springs Solar, LLC"
63927,"Morelos Solar, LLC"
63928,"North Star Solar, LLC"
63929,"SP Pawpaw Solar, LLC"
63932,"SP Sandhills Solar, LLC"
63933,"SG2 Imperial Valley, LLC"
63934,"Spectrum Nevada Solar, LLC"
63936,"Beech Ridge Energy II, LLC"
63937,Bethel Wind Farm LLC
63938,"SP Cactus Flats Wind Energy, LLC"
63939,"Glass Sands Wind Energy, LLC"
63941,"Grant Plains Wind, LLC"
63945,"Saltfork Wind, LLC"
63946,"Skookumchuck Wind Energy Project, LLC"
63948,Wake Wind Energy LLC
63949,"Wildhorse Wind Energy, LLC"
63950,"Toms River Merchant Solar, LLC"
63951,"SC Oregon 2 Lessor Parent, LLC"
63952,"Irwindale Brew Yard, LLC"
63953,Hopewell Campus Owners LLC
63954,Shepherd's Run Solar
63955,"Farmington Solar, LLC"
63956,"Little Blue Wind Project, LLC"
63957,"Quitman II Solar, LLC"
63958,Midland and Gladwin Counties
63959,"Horizon Hill Wind, LLC"
63960,"White Rock Wind West, LLC"
63961,"White Rock Wind East, LLC"
63962,"Solar Star Prime 2, LLC"
63963,"DG Fuel Cell, LLC"
63964,"Armadillo Solar Center, LLC"
63965,"Badger Wind , LLC"
63966,"Emerick Wind, LLC"
63967,"Happy Hollow Solar Center,LLC"
63968,"Mockingbird Solar Center, LLC"
63969,"Placid Solar, LLC"
63970,"CVI Renewables Holdings, LLC."
63973,"Stored Solar Fitchburg, LLC"
63979,6685 Santa Barbara Ct
63985,Hydroland Omega LLC
63986,53 SP Solar Trust
63987,Koma Kulshan Associates
63988,Signature Breads Inc.
63989,"Mas Durham Power, LLC"
63990,"Mas Wayne Co Power, LLC"
63991,"DG New York CS, LLC"
63992,"Tranquillity Solar 1, LLC"
63993,"Milligan 1 Wind, LLC"
63994,"IXYS Integrated Circuits Division, LLC"
63995,"Glacier Sands Wind Power, LLC"
63996,"Corporate Growth Solutions, LLC"
63997,Western Power and Steam II LLC
63998,Gilcrest V LLC
63999,"Quinebaug Solar, LLC"
64000,"Flat Ridge 3 Wind Energy, LLC"
64001,West of the Pecos Solar
64002,Wilmot Energy Center LLC
64003,"Stored Solar Services, LLC"
64004,Viking Energy of Lincoln LLC
64005,Viking Energy of McBain LLC
64006,"HO Clarke Generating, LLC"
64007,"HO Clarke II, LLC"
64009,"Topaz II, LLC"
64010,"Braes Bayou Generating, LLC"
64012,"SP Garland Solar Storage, LLC"
64013,"SP Tranquillity Solar Storage, LLC"
64014,"Anderson North Solar Project, LLC"
64015,"Anderson South Solar Project, LLC"
64016,Centerville Solar Array LLC
64017,"Crawfordsville 2 Solar Array, LLC"
64018,"Valcour Clinton Windpark, LLC"
64019,"Valcour Ellenburg Windpark, LLC"
64020,"Valcour Bliss Windpark, LLC"
64021,"Valcour Altona Windpark, LLC"
64022,"Valcour Wethersfield Windpark, LLC"
64023,"Valcour Chateaugay Windpark, LLC"
64024,"St Louis Solar, LLC"
64025,Hamilton Patriot O & M LLC
64029,Panwest NCA2 Holdings LLC
64030,"Lincoln Operating Services, LLC"
64031,"Siler Solar,  LLC"
64032,Steuart Investment Company
64033,"AEP Resources, Inc"
64034,"Los Palos Street Operating, LLC"
64035,"Pamlico Partners Solar, LLC"
64036,"Crawfordsville 3 Solar Array, LLC"
64037,"Crawfordsville 4 Solar Array, LLC"
64038,"Crawfordsville 5 Solar Array, LLC"
64039,"Gas City Solar Array, LLC"
64040,"Greenfield Solar Project, LLC"
64041,"Rensselaer 2 Solar Array, LLC"
64042,"Richmond 2 Solar Array, LLC"
64043,"Richmond 3 Solar Array, LLC"
64044,"Richmond 4 Solar Array, LLC"
64045,Alliance HP Virginia Drive LLC
64046,"Scottsburg Solar Array, LLC"
64047,"Tell City 2 Solar Array, LLC"
64048,"Tipton Solar Array, LLC"
64049,"Global Net Lease, Inc."
64050,"Anderson Solar Farm, LLC"
64051,"Briarwood Solar, LLC"
64052,"Delanco Coopertown Rd Solar 2, LLC"
64053,"Gold Mine Solar, LLC"
64054,"Pontiac Solar, LLC"
64055,Rockford Baxter Rd Holdco LLC CSG
64056,"Sandoval Holdco, LLC"
64057,"BWC East Brook, LLC"
64058,East Brookfield Adams Road Solar LLC
64059,Ware Palmer Road Solar LLC
64060,"Stored Solar NH Merchant, LLC"
64061,"Stored Solar Leaf Merchant, LLC"
64062,Tides Lane Solar LLC
64063,Schull CSG LLC
64064,Ullico Infrastructure Southland Borrower LLC
64065,City of Scribner
64066,"IMPA Anderson 1 Solar Project, LLC"
64067,"ISM Solar Dighton 3, LLC"
64068,"Black Rock Wind Force, LLC"
64069,"Breckenridge Street Solar 1, LLC"
64070,"Dresser Hill Solar, LLC"
64071,"Rounseville Solar 1, LLC"
64072,"MA CS Ware West, LLC"
64073,"Wilmarth Lane Solar 1, LLC"
64074,Freepoint Solar LLC
64075,"Chief Conemaugh Power II, LLC"
64076,"Chief Keystone Power II, LLC"
64077,JVR Energy Park LLC
64078,"Central Rivers Power US, LLC"
64079,"Central Rivers Power WV, LLC"
64080,Hamilton Patriot LLC
64081,Point Beach Solar
64082,"GenOn Bowline, LLC"
64083,"DG Central 1, LLC"
64084,OE_TN1
64085,American Beech Solar LLC
64086,OE_ALD
64087,OE_MS5
64088,"SSA Solar of CA 5, LLC"
64089,"Pine Road Solar, LLC"
64093,White Plains Hospital Medical Center
64095,"RPCA Solar 3, LLC"
64096,"RPSC Solar 3, LLC"
64098,"Clendenin A Community Solar, LLC"
64099,"Kern A Community Solar, LLC"
64100,Lukuc B Community Solar LLC
64101,"CSG Mt. Morris 2, LLC"
64102,"Tower Road Solar, LLC"
64103,"13 Mile Solar, LLC"
64104,"Captain Solar, LLC"
64105,"Coldwater Solar, LLC"
64106,"Geddes 1 Solar, LLC"
64107,"Interchange Solar, LLC"
64108,"Brazoria West Solar Project, LLC"
64109,"Wythe County Solar Project, LLC"
64110,"Calhoun County Solar Project, LLC"
64111,"Jack Francis Solar, LLC"
64112,"May Shannon Solar, LLC"
64113,"Stoneheart Solar, LLC     "
64114,"Workman Road Solar Farm, LLC"
64115,"Swansboro Solar, LLC"
64116,"Suncaster, LLC"
64117,"1034 Catherine Lake Solar, LLC"
64118,"Grissom Solar, LLC"
64119,Merrimack Solar Farm
64120,Smithfield Solar Farm
64121,KOSPO USA
64122,DL-Energy
64123,"ARG STELDCA001, LLC"
64124,Indeck Energy Services
64125,Ada Cogeneration LLC
64127,Novel Stavem Solar LLC
64128,Novel Handeland Solar LLC
64129,Novel Sunnyfield Farms Solar LLC
64130,Novel Schroeder Solar LLC
64131,"Novel Caroline Solar, LLC"
64132,Novel David Solar LLC
64133,Novel Huneke Solar LLC
64134,Novel Denzer Solar LLC
64135,Resurgence Solar
64137,"Chautauqua Green Energy, LLC"
64138,"Birch Creek Development, LLC (NC)"
64139,"Angola Solar, LLC"
64140,"Bullhead Solar, LLC"
64141,"Geddes 2 Solar, LLC"
64142,"Hazel Solar, LLC"
64143,"Hendershot Solar, LLC"
64144,Arlington Energy Center II
64145,Kern and Tule Hydro LLC
64147,Rice Community Solar Two LLC
64148,Cokato Holdco LLC
64149,Palmer Community Solar LLC
64150,Medin 2 Community Solar LLC
64151,Svihel Community Solar LLC
64152,Studenski Community Solar LLC
64153,"Stamford Health Systems, Inc."
64154,"Flatwood Farm, LLC"
64156,Sky River Wind LLC
64157,"Ludie Brown Solar NCEMC, LLC"
64158,"Member EMC Solar Five, LLC"
64159,"Hall Solar NCEMC, LLC"
64160,SoCore Clovis 1 LLC
64161,"Member EMC Solar Six, LLC"
64162,"Old Cedar Solar NCEMC, LLC"
64163,Solar Troupsburg LLC
64164,Noosa Energy Storage LLC
64165,Knickerbocker Solar LLC
64166,Brushy Creek Solar LLC
64167,Corazon Energy LLC
64168,Tyre Bridge Solar LLC
64169,Prairie Solar LLC
64170,Camden Solar LLC
64172,Arevon Asset Management
64173,SLB Milbank LLC
64174,FPS Cedar Creek Solar LLC
64175,FPS Coxsackie Solar LLC
64176,FPS Potic Solar LLC
64177,"Ranchland Wind Project I, LLC"
64178,"Ranchland Wind Project II, LLC"
64179,"Ranchland Wind Storage, LLC"
64180,John Hancock
64181,Riverstart Solar Park LLC
64186,"Chuckwalla Solar, LLC"
64187,"Wallingford Renewable Energy, LLC"
64188,Novel Stein Solar LLC
64189,"237 State Route 96 Site 2, LLC"
64190,"237 State Route 96 Site 1, LLC"
64191,Minisink Solar LLC
64192,Slate Hill Solar LLC
64193,Washingtonville
64194,"Tiger Solar Partners, LLC"
64197,AMP MA Dudley
64198,AMP MA Joe Jenny
64199,Arlington Energy Center III
64200,BWC Bass River LLC
64201,BWC Box Pond LLC
64202,BWC Buckmaster Pond LLC
64203,BWC Connecticut River LLC
64204,BWC Hamilton Brook LLC
64207,"Letts Creek Solar, LLC"
64209,"El Algodon Alto Wind Farm, LLC"
64210,"Lapeer-Cortland Solar, LLC"
64211,3 MW LLC
64212,"BRE Fortnight Owner, LLC"
64213,Solar Star Arizona IV LLC
64214,Solar Star California XXIX LLC
64216,The LYCRA Company - Waynesboro VA Plant
64217,Bald Mountain Solar LLC
64218,Greens Corners Solar
64220,"Solar Star Prime 5, LLC"
64221,MC6 Hydro Facility
64225,Energy Harbor Nuclear Generation LLC
64226,Energy Harbor Generation LLC
64227,Eaton Corporation - Arecibo - Puerto Rico
64228,Alta Mesa 640 LLC
64229,"SEPV Sierra, LLC"
64230,"Sanford ESS, LLC"
64233,"South Portland ESS, LLC"
64234,Kearsarge William Way LLC
64235,Kearsarge Haverhill LLC
64236,Kearsarge Upper Union LLC
64237,Kearsarge Montague BD LLC
64238,ST TOTAL Strong Solar Statutory Trust
64240,"Madera DP 2, LLC"
64241,"Blodgett Street Solar 1, LLC"
64243,Citrine Solar LLC
64244,"92JT 8me, LLC"
64245,"90FI 8me, LLC"
64246,"99MT 8me, LLC"
64247,20SD 8me LLC
64248,"Big Plain Solar, LLC"
64249,"Big River Solar, LLC"
64250,"Borderlands Wind, LLC"
64251,TG East Wind Project LLC
64252,Oberlin College
64254,"Adams Solar SC, LLC"
64255,"Acton H Road Solar 1, LLC"
64256,"Van Buren Solar, LLC"
64257,"Naples Casco Solar 1, LLC"
64258,"Clark Road Solar 1, LLC"
64259,Heartland Divide II
64260,Nextera Energy Resources
64261,Sac County Wind
64262,City of Salem Public Works
64264,Bolthouse Solar LLC
64265,Notch Peak Solar LLC
64266,"Blue Jay Solar I, LLC"
64267,Big Creek Solar LLC
64268,Black Rock Solar LLC
64269,Exelon
64270,Gardner Capital
64272,"Oak Trail Solar, LLC"
64273,"Angel Fire Energy Facility, LLC"
64274,Swan Garden LLC
64276,"Stanly Solar, LLC"
64277,Pier Van Der Hoek
64278,"Crawford Solar, LLC"
64279,Robin Solar LLC
64280,"Soluga Solar, LLC"
64281,"Thigpen Solar, LLC"
64282,"LeConte Energy Storage, LLC"
64283,Canal Generating LLC
64284,Canal 3 Generating LLC
64285,"BCD Project Holdings 1, LLC"
64287,Terra-Gen Operating Co-BESS
64288,"White Mesa Wind, LLC"
64290,"Renewal Energy Alternatives, LLC"
64291,Novel Ventures Holding LLC
64292,Revity Energy LLC
64293,Novel Froehle Solar LLC
64294,Novel Milbradt Solar LLC
64295,SPG IL Brush Creek Solar LLC
64296,"Maple Street Solar 1, LLC"
64297,"Segunda Solar II, LLC"
64298,"Woodlawn Solar II, LLC"
64299,"Dodds Solar, LLC"
64300,"Olmstead Solar II, LLC"
64301,"Wolfcastle Solar, LLC"
64302,"Mulberry BESS, LCC"
64303,VESI 10 LLC
64304,Morgan Solar 1 LLC
64305,Morgan Solar 1b LLC
64306,"Elektron Solar, LLC"
64307,"Castle Solar, LLC"
64308,TotalEnergies
64309,Annadale Community Clean Energy Projects LLC
64310,Bronx Community Clean Energy Project LLC
64311,Wind Wall 1 LLC
64313,Catamaran Renewables LLC
64315,"Walmart Stores Texas, LLC"
64316,IGS Solar LLC
64317,"AE-Manorville 2, LLC"
64318,"Old Middleboro Road Solar, LLC"
64319,"Ocean State BTM, LLC"
64320,"AE-ESS Cassel, LLC"
64323,"Madison ESS, LLC"
64325,"Madison BTM, LLC"
64327,Kearsarge Westerly LLC
64328,Kearsarge Fogland LLC
64329,"Rumford ESS, LLC"
64330,Kearsarge East Providence LLC
64331,DTE Sustainable Generation
64333,"Moraine Solar, LLC"
64334,"Freehold Solar, LLC"
64335,"Viking Solar, LLC"
64336,SPG IL Hurricane Creek Solar LLC
64337,"Woodlawn Solar, LLC"
64338,"Long John Solar, LLC"
64339,"VESI Upton County BESS, LLC"
64340,"Energix Leatherwood, LLC"
64341,"Brightwood Solar, LLC"
64342,"Wyse Fork Solar Farm, LLC"
64343,"Broadway Road Solar, LLC"
64344,City of Los Angeles Harbor Department
64345,"Chaparral Solar, LLC"
64347,"Silver Queen Wind Farm, LLC"
64348,ASD Three Rivers Road MA Solar LLC
64349,Yellowbud Solar LLC
64350,"Saco River Solar, LLC"
64351,"Roxbury Solar, LLC"
64353,"Prairie Street Operating, LLC"
64354,"Wilkes Solar, LLC"
64355,"Solariant Capital, LLC"
64356,"Bedington Energy Facility, LLC"
64357,ConnectGen Albany County LLC
64358,New Market Solar
64359,"SR Washington I, LLC"
64360,"SR Clay, LLC"
64361,"SR Cedar Springs, LLC"
64362,"SR DeSoto I, LLC"
64363,"SR Turkey Creek, LLC"
64364,Daggett Solar Power 2 LLC
64365,Daggett Solar Power 3 LLC
64366,Terra-Gen Operating Co-Hybrid
64367,Tate & Lyle Lafayette South Plant
64368,Dolores Canyon Solar LLC
64369,Coyote Gulch Solar LLC
64370,"IP Radian, LLC"
64371,"RPNY Solar 3, LLC"
64372,Keeversville Solar Energy Center LLC
64373,Helen CSG 1 LLC
64374,USS Quail Solar LLC
64375,USS Wildcat Solar LLC
64376,USS Danube Solar LLC
64377,Novel Blilie Solar LLC
64378,IMG Energy Solutions
64379,Peoples Gas
64380,"0HAM WHAM8 Solar, LLC"
64381,"276FED WHAM8 Solar, LLC"
64382,UXI CSG Venture 1 8301 LLC
64383,"Bayou Cove, LLC"
64384,"ES 1A Group 2 Opco, LLC"
64385,PanCentral CGC Holdings LLC
64387,sandy creek solar llc
64388,connectgen montgomery county llc
64389,connectgen chautauqua county llc
64390,brighter future solar llc
64391,"pine valley solar, llc"
64393,"tulare solar center, llc"
64394,"cuba 2.5ac, llc"
64395,"bay4 energy services, llc"
64396,uss foley solar llc
64397,uss prokosch solar llc
64398,uss rosebud solar llc
64399,trona solar iii llc
64400,flower valley
64401,swoose
64402,triple butte
64403,"ced crane solar, llc"
64404,denbury inc
64406,"nextera energy garrison butte wind, llc"
64407,huntsman wind
64408,stockyard wind
64409,"hecate energy ramsey , llc"
64410,cg leon county llc
64411,"gala solar, llc"
64412,"prophet solar, llc"
64413,"pretzel solar, llc"
64414,sv csg gardner 1 llc
64415,"rpny solar 1, llc"
64416,"rpny solar 2, llc"
64417,"59fed wham8 solar, llc"
64418,gseone
64420,"196tre wham8 solar, llc"
64421,nexteraenergy
64422,solar advocate development llc
64423,excelsior energy capital
64424,"big beau solar, llc"
64426,"dg connecticut iii, llc"
64427,umass boston
64428,"evergy, inc."
64429,north wales diesel
64430,"calpine greenleaf holding, inc."
64431,"Enel X Morrissey Blvd. Project, LLC"
64432,"swvp alpharetta owners, llc"
64433,novel bo hu 1 solar llc
64434,"beaver creek wind i, llc"
64435,"beaver creek wind ii, llc"
64436,"beaver creek wind iii, llc"
64437,"beaver creek wind iv, llc"
64438,"enel green power roseland solar, llc"
64440,"esil-al-melrose, llc"
64441,mn csg 2019-16 llc
64442,mn csg 2019-17 llc
64443,novel brock solar llc
64444,novel swenson solar llc
64445,mazeppa csg 1 llc
64446,asd cotuit ma solar llc
64447,"briel solar farm, llc"
64448,"gardy's mill solar, llc"
64449,"texas microgrid, llc"
64451,ineos us chemicals company - naperville campus
64452,"edf renewables development, inc."
64453,"ameresco, inc south region"
64454,"Cottontail Solar 1, LLC"
64455,cg wharton county llc
64456,orange cove irrigation district
64457,"vcp, llc d/b/a verogy"
64458,"enfield solar one, llc"
64459,"blythe mesa solar ii, llc"
64460,"Cottontail Solar 2, LLC"
64461,"niyol wind, llc"
64462,"Cottontail Solar 3, LLC"
64463,"Cottontail Solar 4, LLC"
64464,"Cottontail Solar 5, LLC"
64465,"Cottontail Solar 6, LLC"
64466,"Cottontail Solar 8, LLC"
64467,cg pike creek llc
64468,hubbard wind llc
64469,hollyfrontier corporation
64470,"71cfr wham8 solar, llc"
64471,"77f2m wham8 solar, llc"
64472,"160tih wham8 solar, llc"
64473,"299f2m wham8 solar, llc"
64474,waiawa solar power llc
64475,cg leon county ii llc
64476,"hope solar one, llc"
64477,"meriden solar one, llc"
64478,"middletown solar one, llc"
64479,"middletown solar two, llc"
64480,"millstone solar one, llc"
64481,tc solar rce llc
64482,everson garden llc
64484,asa dekalb ny solar iii llc
64485,ameresco san joaquin solar llc
64486,"dg nebraska energy storage, llc"
64487,coolangatta solar llc
64488,vineyard reliability llc
64489,"cs wind america, inc."
64490,"Ventress Solar Farm 1, LLC"
64491,"Bellflower Solar 1, LLC"
64492,"Sun Mountain Solar 1, LLC"
64493,jicarilla solar 2 llc
64494,bellwether housing
64495,canadian breaks llc
64496,"atlanta farms solar project, llc"
64497,deer park refinery limited partnership (dprlp)
64499,big sky wind llc
64500,"norridgewock river road solar, llc"
64501,"thunderhead solar, llc"
64502,"ridgeback solar, llc"
64503,Pocket Solar Master Lessee LLC
64504,"phobos solar, llc"
64505,"cabin creek solar, llc"
64507,"north haven solar one, llc"
64508,"westrock kraft paper, llc"
64509,mn csg 2019-23 llc
64510,mn csg 2019-53 llc
64511,mn csg 2019-21 llc
64512,mn csg 2019-41 llc
64513,re crimson llc
64514,"royalston solar one, llc"
64515,"waterbury solar one, llc"
64516,"azimuth 180 solar electric, llc"
64517,WEC Energy Group
64518,"deer wood energy, llc"
64519,"deer wood storage, llc"
64520,"energix aditya, llc"
64522,"caa ct solar one, llc"
64523,"deptford solar one, llc"
64524,"east windsor solar two, llc"
64525,"ellington solar one, llc"
64526,asa dekalb ny solar ii llc
64527,asa dekalb ny solar i llc
64528,lily garden llc
64529,asa gouverneur ny solar i llc
64530,asa gouverneur ny solar ii llc
64531,asa volney ny solar i llc
64532,asa clayton ny solar i llc
64533,"lacy creek windpower, llc"
64534,"cranberry highway solar, llc"
64535,"engie 2019 projectco ma-1, llc"
64536,clearway energy operating llc
64537,"pinnacle wind, llc"
64538,donaghy sales inc.
64539,"chf-davis i, llc"
64540,TransAlta Corporation
64541,ces agawam tuckahoe solar llc
64542,"caden energix endless caverns, llc"
64545,vesper energy development llc
64546,"truman solar, llc"
64547,"waverly solar, llc"
64548,"apple grove solar, llc"
64549,phare garden llc
64550,uxi csg venture 2 8302 llc
64551,uxi csg venture 3 8303 llc
64552,uxi csg venture 4 8304 llc
64553,anaergia
64555,
64556,"tls capital, inc"
64557,"Red Prairie Solar, LLC"
64558,ok produce
64559,"hunter solar, llc"
64560,"charlemont ma, llc"
64561,"fairhaven ma 1, llc"
64562,Wonderful Pistachio & Almonds LLC
64564,byrd ranch storage llc
64566,uss peach solar llc
64567,"AE-ESS NWS, LLC"
64568,"bt noble solar, llc"
64569,west texas solar project ii llc
64570,glass house camarillo cultivation
64571,MPUA
64572,"hampstead solar, llc"
64573,"Napoleon Biogas, LLC"
64574,yards creek energy
64575,"Dickerson Power, LLC"
64576,"Chalk Point Power, LLC"
64577,caden energix wytheville llc
64578,caden energix piney river llc
64579,"shasta sustainable resource management, inc."
64580,biourja renewables llc
64581,oe_fl10
64582,oe_ms6
64583,oe_fl7
64584,oe_ms4
64585,"jdc 65r owner, llc"
64587,"renegade renewables, llc"
64588,"Eagle Creek Racine Hydro, LLC"
64589,"Eagle Creek Hydro Power, LLC"
64590,"Eagle Creek Reusens Hydro, LLC"
64592,"Eagle Creek Beaver Falls, LLC"
64593,"Andro Hydro, LLC"
64594,"Woronoco Hydro, LLC"
64595,"Eagle Creek Sartell Hydro, LLC"
64596,"Terminus Hydroelectric, LLC"
64597,"South Fork II Associates, LP"
64599,Cube Yadkin Generation LLC
64600,"Indian River Power Supply, LLC"
64602,doccs midstate
64603,doccs eastern
64604,doccs wende
64605,doccs greenhaven
64606,"steward creek solar, llc"
64607,salt city solar llc
64608,sun valley solar llc
64609,engie solidago solar llc
64610,"powells creek farm solar, llc"
64611,"limestone wind project, llc"
64612,"sunnybrook farm solar, llc"
64613,"amp americas ii holdings, llc"
64614,avra valley solar
64615,antares group inc
64616,broken bow wind llc
64617,alpine solar
64618,alta wind energy center i
64620,alta wind energy center ii
64621,alta wind energy center iii
64622,alta wind energy center iv
64623,alta wind energy center v
64624,"cedar creek wind, llc"
64625,"ma cs uxbridge, llc"
64626,star peak geothermal llc.
64627,"Shenvalee Solar, LLC"
64628,"Elm Spring Solar 1, LLC"
64629,clearway renewable operation & maintenance llc
64630,"dg dighton, llc"
64631,"elkhorn ridge wind, llc"
64632,"forward windpower, llc"
64633,"buffalo bear, llc"
64634,"cedro hill wind, llc"
64635,community solar i
64636,"crofton bluffs wind, llc"
64637,crosswind energy project
64638,dg crystal spring csg
64639,"20333 normandie pv, llc"
64640,"8500 balboa pv, llc"
64641,"icfts md solar, llc"
64642,"northbrook virginia hydro, llc"
64643,dg foxborough elm
64644,goat wind lp
64645,goldfinch (lakeland)
64646,"hardin hilltop wind, llc"
64647,dg haverhill
64648,"high lonesome mesa, llc"
64649,laredo ridge wind llc
64650,"lookout windpower, llc"
64651,mountain wind power llc
64652,mountain wind power ii llc
64654,Axium Infrastructure US Inc.
64655,"appaloosa run wind, llc"
64657,"vacherie solar energy center, llc"
64658,"solar mule, llc"
64659,"solar oasis, llc"
64661,"spanish fork wind park 2, llc"
64662,spring canyon expansion wind energy ctr
64663,taloga wind llc
64664,"dg tufts knoll, llc"
64665,"dg tufts science, llc"
64666,"dg webster, llc"
64668,"wildorado wind, llc"
64669,"cpv maple hill solar, llc"
64670,gibson city energy center llc
64671,"Maybrook Solar, LLC"
64672,"gorham solar 1, llc"
64673,"ross county solar, llc"
64674,noria hondo solar llc
64675,"Sellers Farm Solar, LLC"
64676,"macbeth solar, llc"
64677,"lyons road solar farm, llc"
64679,NJR Clean Energy Ventures II Corporation
64680,NJR Clean Energy Ventures III Corporation
64681,"Bernards Solar, LLC"
64683,ford ridge
64684,mulligan solar
64686,linden hawk rise solar llc
64687,bwc maces pond llc
64689,"emery meadow solar station, llc"
64690,topsham meadow solar station llc
64691,west baldwin solar station llc
64692,"Mark One Generating, LLC"
64693,"Brotman Generating, LLC"
64696,"luminace solar chicago, llc"
64697,poet bioprocessing- mitchell
64698,"renewable solar, inc"
64699,"oya state route 122, llc"
64700,"oya robinson road, llc"
64701,oswego harbor power
64702,"seaboard energy california, llc"
64703,"sr snipesville ii, llc"
64706,"CleanLight Energy, LLC"
64707,sds lumber llc
64708,"OE Holdings, LLC"
64709,potomac energy center llc
64710,bedford solar
64711,fort powhatan solar
64712,rochambeau solar
64713,sebera solar
64714,maplewood solar
64715,quillwort solar
64716,springfield solar
64718,"Texas Wind Repower HoldCo, L.P. c/o Concord Infrastructure Investments, LLC"
64719,victoria port power ii
64720,orsted north america inc.
64722,allie l.l.c.
64724,"lincoln solar star, llc"
64725,bodega avenue solar llc
64726,"rivers electric, llc"
64728,enernet global
64729,"midway green solar, llc"
64730,"flint hills resources pine bend, llc"
64731,county of kern
64732,"AR Solar, LLC"
64733,"Howard Lane Solar, LLC"
64734,USA Energy Group LLC
64735,"ledyard windpower, llc"
64736,"beartooth energy storage, llc"
64737,"Cleco Corporate Holdings, LLC"
64738,"hummingbird energy storage, llc"
64739,black walnut energy storage llc
64740,"santa paula energy storage, llc"
64741,"homestead energy storage, llc"
64742,"mountain air projects, llc"
64743,ppm solar llc
64744,"boswell wind, llc"
64745,"kp vacaville solar, llc"
64746,"kp sacramento point west medical offices solar, llc"
64747,"kp rancho cordova medical offices solar, llc"
64748,Citicorp North America Inc.
64749,"Forsyth Street Renewables I, LLC"
64750,antioch medical center (site#6) solar llc
64752,"perendale holdings, llc"
64753,desper solar
64754,gilead sciences inc.
64755,gilead sciences inc. foster city
64756,City of Long Beach - (CA)
64757,"bt cunningham storage, llc"
64758,sjrr
64759,uss franklin solar llc
64760,uss catfish solar llc
64761,uss itasca clean energy solar llc
64762,uss mesa solar llc
64763,uss wells creek solar llc
64764,uss verbena solar llc
64765,oya wayside drive llc
64766,oya pulaski llc
64767,oya main street llc
64768,oya church road a llc
64769,solarclub 15 llc
64770,solarclub 20 llc
64771,solarclub 23 llc
64772,solarclub 28 llc
64773,solarclub 35 llc
64774,solarclub 10 llc
64775,"harts mills solar, llc"
64776,"wolf pit branch solar, llc"
64778,"strata manager, llc"
64779,"cummins, inc."
64780,Florida Renewable Partners
64781,cp bloom wind llc
64782,cardinal point llc
64783,spanish peaks solar llc
64784,sims energy
64785,sealed air corporation
64786,vasquez v
64787,axial basin solar llc
64788,"big cypress solar, llc"
64789,"west memphis solar, llc"
64790,"gd johnson scituate i, llc"
64791,"gdim 1, llc"
64792,"gdim 2, llc"
64793,"gdim 3, llc"
64794,"gdim 4, llc"
64795,"green providence wind i, llc"
64796,"green providence wind ii, llc"
64797,Dry Lake Solar Holdings LLC
64798,"prudential drive investors, llc"
64799,meadowlark wind i llc
64800,"nolin hills wind, llc"
64801,"storey energy center, llc"
64802,"longbow solar, llc"
64803,"Moss Landing Energy Storage 3, LLC"
64804,"ball hill wind energy, llc"
64805,"bluestone wind, llc"
64806,"western plains wind, llc"
64807,"herrema dairy, llc"
64808,verizon communications
64809,doc brown llc
64810,eversource energy
64811,42nd road solar llc
64812,"power depot group a, llc"
64814,anderson erickson dairy
64816,Granite Rock Company
64818,kearsarge acushnet llc
64819,kearsarge ludlow llc
64822,"Shannon Farm, LLC"
64823,"Arndt Farm, LLC"
64824,"Mocksville Farm, LLC"
64825,"Beaker Farm, LLC"
64826,"Belafonte Farm, LLC"
64827,"Wedge Solar Farm, LLC"
64828,"Gilead Farm, LLC"
64829,"Gladstone Farm, LLC"
64830,"Henry Farm, LLC"
64831,"Kalish Farm Solar, LLC"
64832,"Kendall Farm, LLC"
64833,"Peake Road Farm, LLC"
64834,"Seagrove Farm, LLC"
64835,Tres Power Victoria LLC
64837,"kansas ethanol, llc"
64838,"bear grove solar, llc"
64839,"dodge renewables 1, llc"
64840,"dodge renewables 2, llc"
64841,acc renewable resources
64842,baron winds ii
64843,"dakota county, mn"
64844,"bell ridge solar, llc"
64845,"gilead sciences, inc. - la verne"
64846,"google, inc."
64847,"inertia wind project, llc"
64848,"maine dg solar baldwin, llc"
64849,"maine dg solar augusta, llc"
64850,"maine dg solar monmouth, llc"
64851,"sun streams 2, llc"
64852,"Clean Capital Partners, LLC"
64853,"Aspen Creek Power Holdings, LLC"
64854,"Bradford Solar, LLC"
64855,"Smith Solar Farm, LLC"
64856,"Sneads Grove, LLC"
64857,"Tinker Farm, LLC"
64858,"balanced rock power, llc"
64860,"Truman Farm, LLC"
64861,"Trent River Farm, LLC"
64867,"LE Corona Austrina, LLC"
64869,"LSE Crater, LLC"
64872,"distributed solar development, llc"
64873,"Calibrant Bakersfield, LLC"
64874,"Solar Star Prime 3, LLC"
64875,us funding 1
64876,nes euryalus
64877,nes rigel
64878,west valley-mission community college district
64880,"dartmouth farms solar, llc"
64881,"foster solar, llc"
64882,"webster solar, llc"
64883,"whatley renewables, llc"
64884,"wachusett solar, llc"
64888,"rt32 westerlo solar 1, llc"
64889,"brockelman road solar 2, llc"
64890,"cruise solar, llc"
64891,"richlands solar, llc"
64892,skyhigh 3 solar
64893,clean energy systems mendota
64894,clean energy systems delano
64895,Danell Brothers Inc.
64896,clearwater energy resources llc
64897,"generate er-ng, llc"
64898,gridliance
64899,gilcrest sun
64900,mn csg 2019-38 llc
64901,tpe md mo32 llc
64902,tpe md mo33 llc
64903,"snowden river parkway, llc"
64904,aes clean energy
64905,"solar star coastal pirate, llc"
64908,"Jessamine Hills Holding, LLC"
64909,"pisgah ridge solar, llc"
64910,sr greenville i
64911,"sr greenville ii, llc"
64912,"sr bolivar, llc"
64913,"sr paris, llc"
64914,"sr jackson ii, llc"
64915,"sr mckellar, llc"
64916,"sr bell buckle, llc"
64917,"rayos del sol solar project, llc"
64918,"ef ny cdg 011, llc"
64919,"ef ny cdg 003, llc"
64920,"ef ny cdg 001, llc"
64921,"ef ny cdg 002, llc"
64922,"ef ny cdg 007, llc"
64924,"ip lumina, llc"
64925,"ma cs dighton, llc"
64926,croton solar llc
64927,"ip lumina ii, llc"
64930,engie 2020 projectco-wi1 llc
64931,"texas solar nova 1, llc"
64932,"texas solar nova 2, llc"
64933,"sunpower capital services, llc"
64934,"chiquito grid, llc"
64935,"ortega grid, llc"
64936,"san jacinto grid, llc"
64937,hecate energy desert storage 1 llc
64938,"faunce corner road dartmouth solar 1, llc"
64939,"ventura drive dartmouth solar 1, llc"
64940,"cattail solar, llc"
64941,hecate energy pulaski llc
64943,Project Comapny FinCo Phase V LLC
64944,RF TOST Solar Trust
64945,FHN TOST Solar Trust
64946,edpr ca solar park llc
64947,edpr ca solar park ii llc
64948,"Canal Energy S23, LLC"
64949,"appaloosa solar i, llc"
64950,"li solar generation, llc"
64951,"warren meadow solar station, llc"
64952,"turner meadow solar station, llc"
64953,"putnam meadow solar station, llc"
64954,contango oil and gas
64955,"Columbia City Solar Array, LLC"
64956,"Anderson 3 Solar Array, LLC"
64957,"Anderson 5 Solar Array, LLC"
64958,"Peru 2 Solar Array, LLC"
64959,"Anderson 4 Solar Array, LLC"
64960,"Richmond 5 Solar Array, LLC"
64961,"koosh, inc."
64963,Boulder Solar III LLC
64964,Komipo
64965,ORIX Corporation
64966,"vikings energy farm, llc"
64967,Contour Global
64968,"CRE Fund 2, LLC"
64969,meadow lake solar park
64970,hecate grid humidor storage 1 llc
64971,IP Oberon LLC
64972,"IP Oberon II, LLC"
64976,great prairie wind llc
64978,Hecate Grid Carris Storage 1 LLC
64979,"kossuth county wind, llc"
64980,"long plain solar, llc"
64981,"settlers solar, llc"
64982,"griffin road solar 2, llc"
64984,"woodland avenue solar 1, llc"
64985,"rt405 westerlo solar 2, llc"
64986,"lr wheatfield solar 1, llc"
64987,"pendleton solar 1, llc"
64988,"Rockford CS 2, LLC"
64989,great pathfinder wind
64990,"Rockford CS 1, LLC"
64991,"Canoe Brook Solar Partners, LLC"
64992,"Sunflower Energy Center, LLC"
64993,"EdSan 1B Group 3, LLC"
64994,SolRiver Capital LLC
64995,"Victory Pass I, LLC"
64996,"Arica Solar, LLC"
64998,"Deerfield Wind Energy 2, LLC"
64999,"EdSan 1B Group 1 Sanborn, LLC"
65000,"EdSan 1B Group 2, LLC"
65001,Energy Power Investment Company
65002,"Carnes Creek Solar, LLC"
65003,"Cosper Creek Solar, LLC"
65004,"Fruitland Creek Solar, LLC"
65005,"Kaiser Creek Solar, LLC"
65006,"Linkville Solar, LLC"
65007,"Sandy River Solar, LLC"
65008,"Sesqui-C Solar, LLC"
65009,"Ahern Community Solar I, LLC"
65010,"SolAmerica Energy, LLC"
65011,"El Sauz Ranch Wind, LLC"
65012,"Buffalo Ridge Wind, LLC"
65013,"Young Wind, LLC"
65014,"Waco Solar, LLC"
65015,"Walleye Wind, LLC"
65016,"High River Energy Center, LLC"
65017,Dover Dairy Farms
65018,"East Point Energy Center, LLC"
65020,"Jera Energy America, LLC"
65021,"Driver Solar, LLC"
65022,Generation Bridge Acquisition
65023,Ventura Solar LLC
65024,"Alden Road Harvard Solar 1, LLC"
65028,Little Falls Solar
65029,"Little Falls Solar 1, LLC"
65030,"Cream Street Solar, LLC"
65032,"1639 RT 29 Solar 1, LLC"
65033,"1639 RT 29 Solar 2, LLC"
65034,"Franklin Charter, LLC"
65035,Wonderful Nurseries LLC
65036,POM Wonderful LLC
65037,"Jackpot Holdings, LLC"
65038,"Magdaline Solar, LLC"
65039,"Bishopville Solar II, LLC"
65040,"Hickson Solar, LLC"
65041,"Ogburn Solar, LLC"
65042,MN CSG 2019-55 DE LLC
65043,Madison Energy Investments LLC
65044,"Castle Gap Wind Power, LLC"
65045,"Lilly Hills Holding, LLC"
65046,"Star Blue Holding, LLC"
65047,"Clear Solar Holding, LLC"
65049,Elba Solar LLC
65050,SV CSG South Dekalb 1 LLC
65051,SV CSG South Dekalb 2 LLC
65052,Limestone CSG 1 LLC
65053,Limestone CSG 2 LLC
65054,Easton CSG 1 LLC
65055,"Concho Valley Solar, LLC"
65056,NY - Mines Press
65057,SV CSG Barrass Farms II LLC
65058,SV CSG Baileyville 1 LLC
65059,"Sunlight Storage, LLC"
65060,BPL Crown Solar LLC
65061,BPL Sol Solar LLC
65062,"CVS Energy Holdings, LLC"
65067,"233 Randolph 74 Solar I, LLC"
65068,"Limelight Solar I, LLC"
65069,"Clear Solar I, LLC"
65071,"SloughHouse Solar, LLC"
65072,"Sacramento Valley Energy Center, LLC"
65073,"Hunt Energy Network, LLC"
65074,John Hancock Funding Company
65075,"Manulife Infrastructure II Holdings A, L.P."
65076,"HEN Infrastructure, L.L.C."
65077,SV CSG Baileyville 2 LLC
65079,Solar Proponent LLC
65080,Elio Energy LLC
65081,Oriana Solar LLC
65082,"Talitha Energy Project, LLC"
65083,Cutlass Solar II LLC
65084,Eldora Energy LLC
65085,"Hunt Energy Network Land Company, L.L.C."
65086,"Landrace Holdings, LLC"
65087,"SMS DC CS01B, LLC"
65088,"Nighthawk Energy Storage, LLC"
65089,"DG Penwell North, LLC"
65091,"Rosebud Solar, LLC"
65092,"Springwater Solar, LLC"
65093,"RPCA Storage 1, LLC"
65094,"Guadalupe Peaking Energy Center, LLC"
65095,"UE - 00602CO, LLC"
65096,"Hatchery Solar, LLC"
65097,"Gans Solar, LLC"
65098,"Pechin Solar, LLC"
65099,"Porter Solar, LLC"
65100,"Listonburg Solar, LLC"
65101,"Redbud Run Solar, LLC"
65102,"Clear View Solar,  LLC"
65103,"Highbanks Solar, LLC"
65104,"Vermillion Rise Solar, LLC"
65105,"Peeler Solar, LLC"
65106,"Sagebrush ESS, LLC"
65107,"White Trillium Solar, LLC"
65108,Unison Energy
65110,Winding Stair Wind
65111,Shasta College
65112,"TotalEnergies Distributed Generation, LLC"
65113,Grey Fox Wind
65114,"Rocking R Solar, LLC"
65115,"Honeysuckle Solar, LLC"
65116,"Discovery Wind, LLC"
65117,Hecate Energy Upshur Rural LLC
65118,AlphaStruxure Service Co LP
65119,AlphaStruxure Montgomery County LLC
65120,Kearsarge Smithfield LLC
65121,Kearsarge West Shore Solar LLC
65122,Kearsarge Beverly LLC
65123,"Tres Bahias Solar Power, LLC"
65124,Plum Nellie Wind Farm LLC
65125,Madison Solar One LLC
65127,VESI 24 LLC
65128,VESI 25 LLC
65129,VESI 21 LLC
65130,Tesoro Marketing & Refining Co. LLC (Martinez)
65131,"Mammoth North, LLC"
65133,OwnSolar
65134,ALDI Inc.
65135,Prologis
65136,CCG Marketing Solutions
65137,Breakthru Beverage
65138,Continental Building Products
65139,"Nautilus Solar Energy, LLC"
65140,"Solar Star Track Anacostia, LLC"
65141,"Solar Star Track Cheverly, LLC"
65142,"Solar Star Track, LLC"
65143,"Solar Star Track Southern Ave 2, LLC"
65144,"Samsung Solar Energy 2, LLC"
65145,Shadow Wolf Energy
65146,Rainbow Energy Center
65147,"Java Solar, LLC"
65148,"Seven Cowboy Wind Project, LLC"
65153,BBCP Kauai Operating LLC
65154,Phelan Solar LLC
65155,The Greater Light USA LLC
65156,Kankakee Solar 2 LLC
65157,"Garcitas Creek Solar, LLC"
65158,Elora LLC
65159,"BT Generation Holdings, LLC"
65160,Norton Powerhouse 2
65161,South Garden LLC
65162,Starr Solar Ranch LLC
65163,"Prairie Ronde Solar Farm, LLC"
65164,CleanCapital Holdings
65165,ibV Energy Partners
65166,"Bronco Plains Wind II, LLC"
65167,"TX Gulf Solar I, LLC"
65168,"Desert Peak Energy Storage I, LLC"
65169,"Desert Peak Energy Storage II, LLC"
65170,"Bio Town Biogas, LLC"
65171,USS Golly Gee Solar LLC
65172,Titlow Garden LLC
65173,United States Solar Corporation
65174,USS Giveback Solar LLC
65175,USS Dressen Family Solar LLC
65176,USS Wolf Solar LLC
65177,USS Wonder Solar LLC
65178,"Limelight Solar III, LLC"
65179,"SolarGen of South Carolina, LLC"
65180,Cedar Island Solar LLC
65181,House Mountain
65182,Flower Valley II
65183,Swoose II
65184,Crossett Power Management LLC
65185,"Maine DG Solar Harmony, LLC"
65186,MP CSG 1 LLC
65187,Odessa Energy Services LLC
65188,Ballantyne LLC
65189,Cascade Solar LLC
65190,Cannon River LLC
65195,Westlake Chemicals & Vinyls LLC
65196,"Lyons Solar, LLC"
65197,"Clay FC, LLC"
65198,"IL Sidney Project1, LLC"
65199,"IL West Hallock Project1, LLC"
65200,"Sugar Hill Solar 1, LLC"
65201,"3104 Batavia Solar, LLC"
65202,"3232 Batavia Solar, LLC"
65203,"Sweden Solar, LLC"
65204,"Niagara Depot Solar, LLC"
65205,Eureka South Solar LLC
65206,Eureka North Solar LLC
65207,"Arctaris Saddleback Solar, LLC"
65208,"TPE RI WA2, LLC"
65209,"TPE RI WA1, LLC"
65210,"Bird Dog Solar, LLC"
65211,"Blackwater Solar, LLC"
65212,"Hobnail Solar, LLC"
65213,"Wolfskin Solar, LLC"
65214,"Solar Star Prime 6, LLC"
65215,Courtland CSG LLC
65216,Innergex
65217,Green Street Carolinas LLC
65218,"Glover Creek Solar, LLC"
65219,"Juhl Clean Energy Assets, Inc."
65220,"Middleton Biogas Solar, LLC"
65221,Brazoria County Solar Project
65222,"Elara Energy Project, LLC"
65223,"Generate Colchester Fuel Cells, LLC"
65225,"Eight Point Wind, LLC"
65226,"FGE Goodnight I, LLC"
65227,"Cathcart Solar, LLC"
65232,"Birch Solar 1, LLC"
65233,"NSF Angelica Site 1, LLC"
65234,"Kapolei Energy Storage I, LLC"
65235,"NSF Angelica Site 2, LLC"
65236,"NSF Angelica Site 3, LLC"
65237,"NSF Angelica Site 4, LLC"
65238,"West Valley Solar, LLC"
65239,"Hallador Power Company, LLC"
65240,"Sequitur Renewables, LLC"
65241,"Terreva Suffolk RNG, LLC"
65242,"Scale Sustainable I, LLC"
65243,"Cottontail Solar 7, LLC"
65244,"AES Waiawa Phase 2 Solar, LLC"
65245,"Terreva Wayne County RNG, LLC"
65246,"Marlborough Solar, LLC"
65247,"Lenox Renewables, LLC"
65248,"OE IL Solar 3, LLC"
65249,"French Road Solar II, LLC"
65250,"Rafterville Solar, LLC"
65251,"Rockford Solar, LLC"
65252,"Blacksmith Road Solar 1, LLC"
65253,"Electric Avenue Lunenburg Solar 1, LLC"
65254,"Harbor Road Solar 1, LLC"
65255,"Milo CSG, LLC"
65256,"Solar Star Urbana Landfill East, LLC"
65257,"Solar Star Urbana Landfill Central, LLC"
65258,"Livermore Falls CSG, LLC"
65265,Repsol Renewables NA
65266,Putah Creek Solar Farms LLC
65268,"Moraine Sands Wind Power, LLC"
65269,"Blue Elk IV Solar, LLC"
65270,"Blue Elk I Solar, LLC"
65271,"Blue Elk II Solar, LLC"
65272,"Blue Elk III Solar, LLC"
65273,"Blue Elk VII Solar, LLC"
65274,"Midcontinent Solar, LLC"
65275,"Greenstone Solar, LLC"
65276,"Newport Solar, LLC"
65277,Leyline Renewable Capital
65280,"Babbitt Ranch Energy Center, LLC"
65281,"Horus Louisiana 1, LLC"
65282,Prairie Switch Wind LLC
65286,Fengate Asset Management
65287,Vitol PA Wind LLC
65288,"West Line Solar, LLC"
65290,"Cottontail Solar 9, LLC"
65291,"Peony Solar 1, LLC"
65292,"Trinity River Solar 1, LLC"
65293,"Bartonsville Energy Facility, LLC"
65295,"High Banks Wind, LLC"
65296,UB Fuel Cell
65297,Central CA Fuel Cell 1
65298,"Mayapple Solar, LLC"
65299,"Snowdrop Solar, LLC"
65300,"Agriwind Holdings, LLC"
65302,"Ponderosa Wind II, LLC"
65303,"SR McNeal, LLC"
65304,"SR Ailey, LLC"
65305,"Clean Focus Yield, LLC"
65306,"SR DeSoto II, LLC"
65307,"SR Snipesville III, LLC"
65308,Cattlemen Solar Park LLC
65311,"Clearwater Wind East, LLC"
65312,"Clearwater Wind II, LLC"
65313,"Crane 2 BESS, LLC"
65315,"Crooked Lake Solar, LLC"
65318,"SPPW1, LLC"
65321,"Huxley Solar, LLC"
65322,"Beacon Solar, LLC"
65323,"Town of Amherst Solar, LLC"
65324,"Van Epps Solar, LLC"
65325,"Mohawk View Solar, LLC"
65326,"Merrillville Solar, LLC"
65327,"Southeastern Solar Farm Fund, LLC"
65328,Generate NY Community Solar IV
65329,"Yaupon Solar, LLC"
65330,"Westbound Solar 3, LLC"
65331,Generate NY Community Solar Lessor III
65332,Meridian Clean Energy
65333,"Orange County Energy Storage 2, LLC"
65334,"Orange County Energy Storage 3, LLC"
65337,Coggon Municipal Light Plant
65338,BiOrigin Specialty Products
65339,"North Central Valley Energy Storage, LLC"
65340,"NextGrid Peppertree, LLC"
65341,Generate NY Community Solar Lessor II
65342,Generate NY Community Solar V
65343,Sculpin Solar LLC
65344,Misenheimer Solar LLC
65345,"Ash Mesa Solar, LLC"
65346,"Polk County GA S1, LLC"
65347,"Pearl River Solar Park, LLC"
65348,"Ragsdale Solar, LLC"
65349,"NextGrid Mastic, LLC"
65350,"NextGrid Mangrove, LLC"
65351,"NextGrid Cliffrose, LLC"
65354,"Riesel HoldCo, LLC"
65355,Mayacma Geothermal
65356,Jax LNG
65357,"REV LNG SSL BC, LLC"
65358,"TotalEnergies Petrochemicals & Refining USA, Inc."
65359,Diamond Leaf Energy
65361,CT Cutlass II Solar LLC
65362,Generate MN Community Solar I
65363,Generate NY Community Solar I
65364,Blue Harvest Solar Park LLC
65365,Timber Road Solar Park
65366,"Speedway Solar, LLC"
65367,"Morpho Ventures III, LLC"
65368,"Eleven Mile Solar Center, LLC"
65369,OEE XXXIII LLC
65370,"Cutlass Solar 1, LLC"
65371,Apex Generating Station
65379,"Earthrise Energy, PBC"
65380,"Steel Solar, LLC"
65381,"Gravel Pit Solar, LLC"
65384,"Cartier Energy, LLC"
65385,Bergen Generating Station
65386,Burlington Generating Station
65387,Essex Generating Station
65388,Kearny Generating Station
65389,Linden Combined Cycle
65391,Sewaren Generating Station
65392,Riverstart Solar Park III LLC
65393,"CXA Temple 2, LLC"
65394,"Proxima Solar, LLC"
65395,Ameresco HCE Solar LLC
65396,Viracocha Wind LLC
65397,Condor Energy Storage LLC
65398,"Peregrine Energy Storage, LLC"
65399,"NMRD Data Center III, LLC"
65400,"Horus West Virginia 1, LLC"
65401,Wharton County Generation LLC
65402,WEB Silver Maple Wind LLC
65403,WEB Brimfield Solar LLC
65404,WEB Brookfield Solar LLC
65405,Woodruff County Solar
65406,Hanover PV LLC
65408,"King Creek Wind Farm 1, LLC"
65409,"King Creek Wind Farm 2, LLC"
65410,ACTX BESS Project LLC
65411,Duke Energy Renewables Services
65412,BPL Files Solar LLC
65414,"SSC Cicero, LLC"
65415,"SSC Lysander, LLC"
65416,"SSC Oswego, LLC"
65417,Generation Bridge II New York LLC
65418,"Sierra Estrella Energy Storage, LLC"
65419,"Superstition Energy Storage, LLC"
65421,BluEarth Renewables
65422,Clearway Energy Group
65423,"SSC Scriba, LLC"
65424,National Energy of Lincoln LLC
65425,National Energy of McBain LLC
65426,St. Gall Energy Storage I
65427,Tidwell Prairie
65428,Callisto I Energy Center
65429,"Cataract Hydro, LLC"
65430,"Atlantic Oklahoma Wind, LLC"
65431,"Ector County Generation, LLC"
65432,CVI CleanCapital Solar 1 LLC
65433,"Oppidum Green Energy USA, LLC"
65434,"Vitol Wind I, LLC"
65435,AP Cutlass Holdings LLC
65436,Eneos Renewable Energy USA LLC
65437,Fuyo General Lease (USA) Inc
65438,"Virginia Line Solar, LLC"
65439,"Lotus Infrastructure Global Operations, LLC"
65440,"Bear Point Solar, LLC"
65441,"Black Walnut Solar, LLC"
65442,"Cobalt Solar, LLC"
65444,"Erie Solar, LLC"
65445,"MRG Goody Solar Project, LLC"
65446,"Ruler Solar Partners, LLC"
65447,"Royal Solar Partners, LLC"
65448,"Generation Bridge II Connecticut, LLC"
65451,Grizzly Ridge Solar LLC
65452,BWC Unity Pond LLC
65453,"Yellow Pine Solar, LLC"
65454,"Healing Springs Solar, LLC"
65455,"Hyco Solar, LLC"
65456,"Ostrea Solar, LLC"
65457,"Panther Branch Solar, LLC"
65458,"Cereal City Solar, LLC"
65459,"Wildflower Solar, LLC"
65460,"Edison Farm, LLC"
65461,"Overhill Solar, LLC"
65462,"Polk Farm, LLC"
65463,"Selwyn Farm, LLC"
65464,"Shieldwall Solar, LLC"
65465,"Summit Solar, LLC"
65466,"Dichotomy Power, LLC"
65467,NY USLE Albion Long Bridge A LLC
65468,NY USLE Oswego SR104 LLC
65469,NY USLE Rome Rome-Oriskany LLC
65470,"Lock+ Hydro Friends Fund XLII, LLC"
65471,"Georgia Gulf Generating, LLC"
65472,"AJMS, LLC"
65473,"Westside Solar, LLC (Ecofin)"
65474,"Signal Street Operating, LLC"
65475,"Gransolar Texas Fifteen, LLC"
65476,"Gransolar Texas Eight, LLC"
65478,"Gransolar Texas Fourteen, LLC"
65479,"Goleta Energy Storage, LLC"
65480,VC Renewables
65481,"Hecate Grid Gwent Storage 1, LLC"
65482,"Gransolar Texas Thirteen, LLC"
65483,"Hecate Energy Ramsey Storage, LLC"
65485,"Hecate Grid East Valley Storage, LLC"
65486,"Buena Vista Energy Center, LLC"
65487,"Chaves County Solar II, LLC"
65488,"NTUA Generation - Utah, LLC"
65489,"Canyon Wind Project, LLC"
65490,Edom Hills Project 1 LLC
65491,Hayhurst New Mexico Solar
65493,Navajo Transitional Energy Company
65496,"Emerald Kemble, LLC"
65497,"Emerald Gardens PKI, LLC"
65498,"Emerald Marshfield, LLC"
65499,"Emerald Newark Arch, LLC"
65500,ASD Wallum MA Solar LLC
65501,Dane County Solar LLC
65502,"Five Wells Solar Center, LLC"
65503,"Solar DG NY Sunnyside 1, LLC"
65504,"Catalyze Blackstone 83 Federal Street Microgrid, LLC"
65507,"Chesapeake Solar Project, LLC"
65509,Algonquin Power Fund (America) Inc.
65510,"Chevron Renewable Investments, LLC"
65511,Aragon Energy Storage LLC
65512,Catalyze Bloomington 2551 S Lilac Avenue Microgrid LLC
65513,Catalyze Mira Loma 3251 De Forest Circle Microgrid LLC
65514,Catalyze Manteca 730 Spreckels Avenue Microgrid LLC
65515,"Catalyze Moss Landing Hilltop Rd Microgrid, LLC"
65516,"ECG Utah Solar1, LLC"
65517,"Paris Farm Solar, LLC"
65518,"ELP Claverack Solar, LLC"
65519,"ELP Livingston Solar, LLC"
65520,Generation Bridge II New Haven LLC
65521,"Spring Hope Solar 2, LLC"
65522,"Blue Skies Solar, LLC"
65525,San Manuel Mission Band of Indians
65526,"Black Mesa Solar, LLC"
65528,USS Fair Park Solar LLC
65529,USS Cosmo Solar LLC
65531,"Granite Hill Solar, LLC"
65532,"Crossvine Solar 1, LLC"
65533,"Champion Solar 1, LLC"
65534,Bright Canyon Energy
65535,SunVest Solar LLC
65537,Henry Miller Reclamation District
65538,"Moyer Solar, LLC"
65539,Pivot Energy
65540,"EG1 PKI Holdings, LLC"
65541,"EG2 Kemble Holdings, LLC"
65543,Desert Vine Solar LLC
65544,"NE Renewable Whitefield, LLC"
65545,"NE Renewable Fitchburg, LLC"
65546,"NE Renewable Springfield, LLC"
65547,"NE Renewable Tamworth, LLC"
65548,"NE Renewable Bethlehem, LLC"
65549,McHenry Battery Storage
65550,"Nova Power, LLC"
65551,"Magruder Solar, LLC"
65552,Terra-Gen Operating Co-BESS 2
65553,"Sweetland Wind Farm, LLC"
65554,Generate NY Community Solar VI
65555,West Tambo Clean Power II
65556,EnerSmart Chula Vista Sub Station
65559,Catalyze Riverside 2356 Fleetwood Drive Microgrid LLC
65560,"SOL ME Augusta 13 York Farm, LLC"
65561,"TJA 540R Main St. Acushnet, LLC"
65562,"TJA Off South Main St. Lanesboro, LLC"
65563,"SRI Solar 4, LLC"
65564,"Catalyze Dallas 7750 Dynasty Drive Microgrid, LLC"
65565,"Catalyze Houston Express Lane Microgrid, LLC"
65566,"Catalyze La Porte 10060 Porter Road Microgrid, LLC"
65567,"Catalyze Pasadena 10585 Red Bluff Road Microgrid, LLC"
65568,"Catalyze Sunnyvale 367 Long Creek Road Microgrid, LLC"
65569,Afton Solar LLC
65570,Amherst Community Solar LLC
65571,"Solitude Solar Dix Duvall Rd Microgrid, LLC"
65572,Greene Community Solar LLC
65573,"SL Fredonia, LLC"
65574,NYSolar03 LLC
65575,Grand Island Sunrise LLC
65576,"AC Power 14, LLC"
65577,"Potsdam Community Solar 2, LLC"
65578,Shamrock Wind LLC
65580,"Pioneer Hutt Wind Energy, LLC"
65581,Grand Valley Power LLC
65582,"7th Road Solar 1, LLC (Briscoe 1A)"
65583,"7th Road Solar 2, LLC (Briscoe 2A)"
65584,"Solar DG MD Holabird Broening ACC, LLC"
65585,"Solar DG MD Holabird AJCFB, LLC"
65586,GEG PA Solar LLC
65587,Mammoth Central LLC
65588,Mammoth South LLC
65589,Bulldog Solar LLC
65590,MN CSG 2019-54 DE LLC
65591,"Cane Creek Solar, LLC"
65592,"Moonshot Solar, LLC"
65593,"Northwest Ohio Solar, LLC"
65594,EnerSmart Storage
65595,"Wolverine Solar, LLC"
65596,EnerSmart Imperial Beach 1 BESS LLC
65597,"McGrigor Farm Solar, LLC"
65598,"PCSP3 Airport, LLC"
65599,"Cabaniss Farm, LLC"
65600,AP Sunray LLC
65601,Wheatridge East Wind LLC
65602,EnerSmart Mesa Heights LLC
65603,"Tenaska Gateway Investments, LLC"
65605,"Jones City Solar, LLC   "
65606,"Mowata Solar, LLC"
65607,"Mountain Daisy Solar, LLC"
65608,"Mountain Holly Solar, LLC"
65609,Everpoint Services Inc
65614,"Shady Oaks Wind 2, LLC"
65615,Second Imperial Geothermal Company
65616,Winona Garden LLC
65617,Sturgeon Garden LLC
65618,Pickerel Garden LLC
65619,Pepin Garden LLC
65620,Fox Garden LLC
65621,Crane Garden LLC
65624,GSRP Project Holdings I LLC
65625,Sunlight Storage II
65626,"San Juan Solar I, LLC"
65627,NRG THW GT LLC
65628,North Kingstown Solar LLC
65629,Phillips Route 82 Solar LLC
65630,White Rock Road LLC
65631,French King Solar LLC
65632,Green Correctional Coxsackie NY Solar LLC
65633,"BKV Barnett, LLC"
65634,Highpeak Solar LLC
65635,"Remy Jade Generating, LLC"
65637,"Beckwith Solar, LLC"
65638,"Arthur Solar 2, LLC"
65639,Cross Town Energy Storage LLC
65640,Vineyard Wind 1 LLC
65641,"EnLink Processing Services, LLC"
65642,Wolf Tank Storage LLC
65643,Cald BESS LLC
65644,Fish Lake Geothermal LLC
65645,"Wadley Solar, LLC"
65646,"AFTW Storage, LLC"
65647,Resurgence Solar II
65648,"Prairie Mist Solar Project, LLC"
65650,"Harvest Gold Solar Power, LLC"
65651,"Double Back Diamond Solar Power, LLC"
65652,"Sonoran Solar Energy, LLC"
65653,Dunns Bridge Solar Center LLC
65654,Birch Creek Development
65655,Harquahala Sun Solar Project
65656,"Kiowa County Solar Project, LLC"
65657,Adams Solar LLC (PA)
65658,Caden Energix Axton LLC
65660,Enchanted Rock
65661,"Arco Wind, LLC"
65662,KDC Solar CV Ascend One LLC
65663,KDC Solar CV Cedar Lane Park LLC
65664,KDC Solar CV Central MD Regional Transit LLC
65665,KDC Solar CV Animal Control LLC
65666,KDC Solar CV O'Donnell Property LLC
65667,West Shore Solar LLC
65668,"ELP Kipp Solar, LLC"
65669,Copia Power
65671,"Martin County Solar Project, LLC"
65672,"Elkhart County Solar Project, LLC"
65673,"Blackwell Test Facility, LLC"
65674,Bear Canyon Energy Storage
65675,West Ford Flat Energy Storage
65676,"Long Lake Solar, LLC"
65677,Dimension Energy LLC
65678,Malaga BESS LLC
65680,Hanford BESS LLC
65681,Henrietta BESS LLC
65682,"IP Aramis, LLC"
65683,Dublin Street LLC
65684,549 Doles Ridge Rd Solar LLC
65685,"Tumbleweed Energy Storage, LLC"
65686,"Samsung C&T Renewables, LLC"
65687,"Accalia Point Solar, LLC"
65688,"Cold Creek Solar, LLC"
65689,"Alfred Oaks Solar, LLC"
65690,Premium Energy Holdings
65691,"Branch Solar, LLC"
65693,"Graceland Solar, LLC"
65694,"Bright Arrow Solar, LLC"
65695,Seven Flags BESS LLC
65696,"Brazos Bend BESS, LLC"
65697,"Briggs Solar, LLC"
65698,"Holly Branch Solar, LLC"
65699,"Coati Solar, LLC"
65700,Atrisco Energy Storage LLC
65701,Horsepen Branch Solar
65702,"Banner Solar, LLC"
65703,"Winfield Solar I, LLC"
65704,Oxon Run Community Renewable Energy Facility
65705,"DLS-Sylvan Project Co., LLC"
65706,"DLS-Laskin Project Co., LLC"
65707,"DLS-Jean Duluth Project Co., LLC"
65708,Buffalo Branch Wind and Solar LLC
65709,"Austin Creek Solar, LLC"
65710,"Chiltepin Solar, LLC"
65711,"Longwing Solar, LLC"
65712,"Patoka Solar, LLC"
65713,"Prairie Oak Solar, LLC"
65714,"Peri Peri Solar, LLC"
65715,Strata Clean Energy
65716,"Scioto Farms Solar Project, LLC"
65717,Wash. DC Department of General Services
65718,"AFTW Holdings, LLC"
65719,"Crystal Farms Local Solar, LLC"
65720,"Fresno Community Solar Developers, LLC"
65721,NY USLE Carthage SR26 A LLC
65722,NY USLE Carthage SR26 B LLC
65723,"Beulah Solar, LLC"
65724,"Brick City Solar, LLC"
65725,"Clovelly Solar, LLC"
65726,"Coogee Solar, LLC"
65727,Saint Energy Storage II LLC
65728,Brenneman Solar LLC
65730,"Eastover Solar, LLC"
65731,"ESA Albemarle NC Solar, LLC"
65732,"Millers Chapel Solar, LLC"
65733,"Oakwood Solar, LLC"
65734,"Overman Solar, LLC"
65735,"Saw Solar, LLC"
65736,"Sawtell Solar, LLC"
65737,"Southwick Solar, LLC"
65738,"Whiskey Solar, LLC"
65739,"Lake Iris Solar, LLC"
65740,"Genesee Solar Energy, LLC"
65741,"Hart Solar Partners, LLC"
65742,"Blue Bird Solar, LLC"
65743,"SR Russellville, LLC"
65744,Inland Empire Energy Storage
65747,"AB Newark (Fund IV) Operating, LLC"
65748,"Herrington Solar, LLC"
65749,Avon Solar Farm LLC
65751,RE Papago LLC
65752,"DG Empire Shine, LLC"
65753,"Arlington Energy Associates, Co."
65754,VESI 12 LLC
65755,VESI 23 LLC
65756,"Toms River Net Meter Solar, LLC"
65757,"Briscoe Wind Farm, LLC"
65758,Helios Energy New York 15 LLC
65759,Ash Creek
65760,"Solar DG NJ Brookdale, LLC"
65761,GB Arthur Kill Storage LLC
65762,"Elevate Middletown, LLC"
65764,Pier S Energy Storage LLC
65765,Borden County Battery Energy Storage System LLC
65766,"Solar DG NJ BEMS East, LLC"
65767,"Solar DG NJ BEMS West, LLC"
65769,LSE Pegasus LLC
65770,NY USLE Copenhagen CR194 LLC
65771,NY USLE Glenville Freemans Bridge LLC
65772,"River Ferry Solar 1, LLC"
65773,Renew Solar VMC LLC
65774,"Fence Post Solar Project, LLC"
65775,"RPCA Solar 1, LLC"
65776,"RPCA Solar 7, LLC"
65777,Urban Grid Solar
65778,OE_CAB1
65779,"SEPV Cuyama, LLC"
65780,"Clearwater Wind III, LLC"
65781,Sky Ranch Solar and Storage
65782,Ben Milam Solar 3 LLC
65783,Hayhurst Texas Solar
65785,"Luminace Sunbeam Development Holdings, LLC"
65786,"SR DeSoto III, LLC"
65787,"White Pine Fleet, LLC"
65788,Ben Milam Solar 1 LLC
65789,"Marion County Solar Project, LLC"
65791,"Robin Hollow Solar, LLC"
65792,"IIT Energy Tech Partners, LLC"
65793,"DG Empire Lumen 2023, LLC"
65794,Indiana Crossroads Wind Farm II LLC
65795,South County Packing
65796,"North Fork Solar Project, LLC"
65799,"Enel Green Power Estonian Solar Project, LLC"
65800,"Angelo Solar, LLC"
65801,"Angelo Storage, LLC"
65803,"Raven Storage, LLC"
65805,"GulfStar Power, LLC"
65806,Elk Street Solar LLC
65807,"Energy 49, LLC"
65808,"La Casa Wind, LLC"
65809,"Cannonball Solar, LLC"
65810,Big Spring Solar LLC
65811,Solops 371 Hoes LLC
65812,"Lumberton PV I, LLC"
65813,"CES Electron Farm One, LLC"
65814,GGS Energy LLC
65815,Sunraycer Assets I LLC
65816,OE_ESCL
65817,"Mound Creek Storage, LLC"
65818,"Ables Springs Storage, LLC"
65819,"Ables Springs Solar, LLC"
65821,Hecate Grid Intrepid 1 LLC
65823,"Myrtle Solar, LLC"
65824,"BT Hickerson Solar, LLC"
65826,"Roadrunner Crossing Wind Farm, LLC"
65827,Fork in the Road Solar LLC
65828,Santa Barbara County
65829,"Hill Solar 1, LLC"
65830,"Myrtle Storage, LLC"
65831,"Danish Fields Solar, LLC"
65832,"Cottonwood Bayou Solar, LLC"
65833,"Danish Fields Storage, LLC"
65834,DE Shaw Renewable Investments
65835,"Clean Energy Future - Trumbull, LLC."
65836,Big Wolf Solar LLC
65837,Freestone Solar LLC
65838,SMT Mercedes LLC
65839,SMT Mission LLC
65840,SMT Los Fresnos LLC
65841,SMT Elsa LLC
65842,SMT Bay City LLC
65843,SMT Alamo LLC
65844,SMT Santa Rosa LLC
65845,SMT Rio Grande I LLC
65846,SMT Rio Grande II LLC
65847,SMT Harlingen II LLC
65849,ClearGen LLC
65850,"Hull Street Energy, LLC"
65851,"Omnis Pleasants, LLC"
65852,Ben Milam Solar 2 LLC
65853,Skysol Holdco LLC
65854,BE-Pine1 LLC
65855,BE-Pine2 LLC
65856,Rayburn Energy Station LLC
65857,Prescott Wind Energy LLC
65858,East Victory Way Solar LLC
65859,EDPR Scarlet II LLC
65860,"Madison Fields Solar Project, LLC"
65861,"Enel X North America, Inc"
65862,"NY Lodi I, LLC"
65863,"Three Corners Solar, LLC"
65864,"Maine DG Solar Pittsfield, LLC"
65865,"Umbriel Solar, LLC"
65867,Monroe Solar LLC
65869,Prologis Logistics Services Incorporated
65870,"Carol Wind, LLC"
65871,"MPW Solar 1, LLC"
65872,MN CSG 2019-24 LLC
65874,"Liberty County Solar Project, LLC"
65875,"Washington County Solar, LLC"
65876,USS Jayhawk Solar LLC
65877,USS Maverick Solar LLC
65878,USS Riley Solar LLC
65879,Spring Prairie Solar LLC
65880,"Byrne Solar, LLC"
65881,"Lightfoot Solar, LLC"
65882,"Shipsterns Solar, LLC"
65883,"Willford Solar, LLC"
65884,MN East Regal LLC
65885,MN Buffalo Lake 212-1 LLC
65887,MN Buffalo Lake 212-2 LLC
65888,"Lakota Ridge, LLC (Longroad)"
65889,"Shaokatan Hills, LLC (Longroad)"
65890,"Prospero Energy Project, LLC (Longroad)"
65891,Hemings Solar Partners LLC
65892,"Mule Farm Solar, LLC"
65893,"Ramp Solar, LLC"
65894,"Hubble Solar, LLC"
65896,"Prospero Solar II, LLC (Longroad)"
65897,"Stahl Wind Energy, LLC (Longroad)"
65898,"Carstensen Wind, LLC (Longroad)"
65899,Northern Lights Wind LLC (Longroad)
65900,"Little Bear Solar 3, LLC (Longroad)"
65901,"Milford Wind Corridor Phase III, LLC"
65902,"Little Bear Solar 1, LLC (Longroad)"
65903,"Little Bear Solar 4, LLC (Longroad)"
65904,"Little Bear Solar 5, LLC (Longroad)"
65905,"El Campo Wind, LLC (Longroad)"
65906,"Weaver Wind, LLC (Longroad)"
65907,"Greenback Energy, LLC (Longroad)"
65908,"Milford Wind Corridor Phase I, LLC (Longroad)"
65909,"Lucky Wind, LLC (Longroad)"
65910,Howard Wind LLC (Longroad)
65911,"Mustang Hills, LLC (Longroad)"
65912,"Sunny Cow Solar, LLC"
65913,"Scooby Solar, LLC"
65914,"Elawan Dileo Solar, LLC"
65915,"Elawan Pitts Dudik Solar, LLC"
65920,Kindle Energy LLC
65921,Magnolia Power Holdings LLC
65922,"SunE W12DG-B, LLC"
65923,"SunE WF3 KHL A Holdings, LLC"
65924,"FRV SI Transport Solar, L.P. (Sacremento)"
65925,Taygete Energy Project LLC
65928,Atrisco Solar LLC
65929,"North Bend Wind Project, LLC"
65930,MN CSG 2019-51 LLC
65931,"Cardinal Solar, LLC"
65932,Greasewood II LLC
65933,"Sycamore Trail Solar, LLC"
65934,"River Fork Solar, LLC"
65935,Preston Garden LLC
65936,"CPV Backbone Solar, LLC"
65937,"CPV Stagecoach Solar, LLC"
65938,Wales Pond Road Solar LLC
65939,Wales Leeds Junction Solar LLC
65940,Norridgewock Martin Stream Solar LLC
65941,Leeds Route 106 Solar LLC
65942,Gray Yarmouth Road Solar LLC
65943,Exeter Mills Road Solar LLC
65944,Enfield Hammet Road Solar LLC
65945,Glenburn Broadway Solar One LLC
65946,"Quartz Solar, LLC"
65947,"Northern Orchard Solar PV, LLC"
65948,"Roundhouse Renewable Energy II, LLC"
65949,Bravo REC Management LLC
65951,Randolf Solar Partners LLC
65952,"Henry Gibson Solar, LLC"
65953,Heimlich Solar Partners LLC
65954,Small Mouth Bass Solar Partners LLC
65955,"Solitude Solar Russell County Rd 21 Microgrid, LLC"
65956,ME Sandy River LLC
65957,"Solitude Solar New Hartford Oxford Microgrid, LLC"
65958,"SL Sherman, LLC"
65959,"SL Sherman II, LLC"
65960,"DG Empire Sun, LLC"
65961,"Grimes County Solar Project, LLC"
65962,"Catalyze Fort Worth 5200 Gold Spike Drive Microgrid, LLC"
65963,"Ashwood Solar I, LLC"
65964,"Montgomery Ranch Wind Farm, LLC"
65965,"Crow Creek Solar, LLC"
65966,"ESNJ-PLD-ELIZABETH1, LLC"
65967,"Iron Belt Energy Storage Project, LLC"
65968,"Yellow Pine Solar II, LLC"
65969,"SR Marion, LLC"
65970,"Sunlight Road Solar, LLC"
65971,"ESNJ-PLD-CRANBURY2, LLC"
65972,"ESNJ-PLD-NEWARK2, LLC"
65973,ODT Solar LLC
65974,"ESNJ-PLD-NEWARK1, LLC"
65975,"ESNJ-PLD-EDISON3, LLC"
65976,"ESNJ-PLD-EDISON6, LLC"
65977,"ESNJ-PLD-CARTERET8, LLC"
65978,"ESCA-PLD-TRACY4, LLC"
65979,"ESNJ-PLD-SOUTHBRUNSWICK1, LLC"
65980,"BESSP1, LLC."
65981,"Forgeview Solar, LLC"
65982,"Flat Fork Solar, LLC"
65983,UPC Power Solutions
65984,"Longbow BESS, LLC"
65985,"EF NY CDG 010, LLC"
65986,"Gransolar Texas Three, LLC"
65988,"Township Road 215 Solar Project 2021, LLC"
65989,Allie L.L.C
65990,Belmar Gateway Solar LLC
65991,"THD NJ Riverview Main Distribution Center Solar Project 2020, LLC"
65992,"ADP Boulevard Solar Project 2021, LLC"
65993,"SR Clarksville, LLC"
65994,"SR Clarksville II, LLC"
65995,"SR Byhalia, LLC"
65996,"SR Franklin, LLC"
65997,"Amite Solar, LLC"
65998,"Flint Mine Solar, LLC"
65999,"NextGrid Bitterbush, LLC"
66000,"NextGrid Corkwood, LLC"
66001,"Bayou Galion Solar Project, LLC"
66002,"Pastoria Solar Energy Company, LLC"
66003,Reactivate
66005,"Rhode Island Solar Renewable Energy IV, LLC"
66006,"GD West Greenwich Nooseneck I, LLC"
66007,"NY Pulteney I, LLC"
66008,"SR Panola II, LLC"
66009,"SR Panola III, LLC"
66010,"SR Panola I, LLC"
66011,"SR Monroe, LLC"
66012,"SR Marshall, LLC"
66013,"SR West Marshall, LLC"
66014,"DG Kendall, LLC"
66015,Solar Breakers LLC
66016,"DG Moorman Creek, LLC"
66018,"Excel Advantage Services, LLC"
66019,"SR Blount, LLC"
66020,"SR Christiana, LLC"
66021,"SR Albany, LLC"
66022,"SR Lambert I, LLC"
66023,"SR Scottsville, LLC"
66024,"SR Toombs I, LLC"
66025,IRG Acquisition Holdings LLC
66027,Orsted Wind Power North America LLC
66028,"Temple Generation II, LLC"
66029,Novel Froehle Solar HQ LLC
66030,Novel Milbradt Solar HQ LLC
66031,Novel Brock Solar HQ LLC
66032,Novel Swenson Solar HQ LLC
66033,Groton BESS 2 LLC
66034,"Auburn Renewables, LLC"
66037,"SR White Pine, LLC"
66038,"SR Warren, LLC"
66039,"SC Oregon 2 Lessor Parent, LLC"
66040,"Milford Solar 1, LLC"
66041,"USF Essex Lessor, LLC"
66042,"USF Surry, LLC"
66043,Oak Solar LLC
66044,Sun E N7 Holdings LLC
66045,Ashland Solar LLC
66046,Falmouth Landfill Solar II LLC
66047,Oxford Community Solar LLC
66048,Spencer Landfill Solar LLC
66049,"Foxhound Solar, LLC"
66050,Solar Star Prime 4 LLC
66053,"Beehive Energy Storage, LLC"
66054,"Solar Star Bear Creek, LLC"
66055,Colice Hall Solar LLC
66056,Mohave Energy
66057,"Rodeo Ranch Energy Storage, LLC"
66059,"Hornshadow Solar, LLC"
66060,LSE Perseus LLC
66061,BQ Energy Development
66063,"FRP Tupelo Solar, LLC"
66064,"Bexar ESS, LLC"
66065,"CTMW Solar, LLC"
66066,Barnabas Investment Group
66067,Groton BESS 1 LLC
66068,Holden BESS 1 LLC
66069,Paxton BESS 1 LLC
66070,"Hornshadow Solar II, LLC"
66071,Franklin Solar Idaho
66072,"Anticline Wind, LLC"
66074,"Overlook Solar Partners, LLC"
66075,"Old Gold Energy Center, LLC"
66076,"Sun Ridge Solar, LLC"
66077,"Shifting Sands Solar, LLC"
66078,"Sunny Rock Solar, LLC"
66079,"River Trail Solar, LLC"
66080,"Prairie Solar, LLC (VA)"
66081,Salka Cabazon Wind LLC
66083,Johnson County Power LLC
66084,Brush Power LLC
66085,"Jack County Power, LLC"
66086,RW Miller Power LLC
66087,Quail Ranch Solar and Battery Energy Storage System
66088,"FRP Gadsden County Solar, LLC"
66089,"FRP Columbia County Solar, LLC"
66090,"FRP Gilchrist County Solar, LLC"
66091,"Harmony Florida Solar II, LLC"
66092,"Storey Bend Solar, LLC"
66093,LSE Chamaeleon LLC
66094,"Pleasant Valley Solar, LLC"
66095,Stillhouse Solar LLC
66096,Helios Energy New York 3 LLC
66097,Helios Energy New York 2 LLC
66098,Elevate Power Management LLC
66099,Jade Meadow LLC
66100,Boralex US Operations LLC
66102,Nightpeak Energy
66103,Hartree Partners LP
66104,Billerud Wisconsin LLC
66105,Trestles Grid LLC
66106,Broadway CDG Solar LLC
66107,"Carne Energy Storage, LLC"
66108,"Hinds Solar, LLC"
66109,"Entegrity Solar ACC, LLC"
66110,"Anemoi Energy Storage, LLC"
66111,"Ebony Energy Storage, LLC"
66112,"Temple Generation Holdings, LLC"
66114,Apex Energy Solutions LLC
66115,Mahipapa LLC
66117,"Autoliv ASP, Inc."
66119,Mesa Wind Repower
66120,McCormick NY CSG LLC
66121,Rock Rose Energy Storage LLC
66122,Alina Energy LLC
66123,Summit Ridge Energy
66124,"Dos Palos Clean Power, LLC"
66125,"Foster Clean Power A, LLC"
66126,"ENI New Energy US, Inc"
66127,Howard University
66128,Nationwide Solar Energy LLC
66129,"Cedar Springs Wind IV, LLC"
66130,Dynamic Energy Holdings LLC
66131,"Surbrook Solar, LLC"
66132,"MEVS DOT, LLC"
66141,Solar PV Development NM 18 II LLC
66142,Goose Prairie Solar LLC
66143,"Alcosta Boulevard BR 15-DD Solar Project 2020, LLC"
66144,"Camino Ramon BR 2600 Solar Project 2020, LLC"
66145,"Highland Ave Solar 1, LLC"
66146,"Ruggirello Solar, LLC"
66147,"FFP NY Goshen Project1, LLC"
66148,"FFP NY Goshen Project2, LLC"
66149,"Magic Mountain Parkway Solar Project 2023, LLC"
66150,"TJA-NY-11202 Ridge Rd Medina, LLC"
66151,"Sun Streams PVS, LLC"
66152,"Sun Streams Expansion, LLC"
66154,"Bowser Road Solar Project 2021, LLC"
66155,"ESNY-RT-ELMSFORD, LLC"
66156,"Dudley Road Solar Project 2021, LLC"
66157,"Morristown Solar II, LLC"
66158,Locust Solar LLC
66159,"Whaling Solar, LLC"
66160,"Freemans Way Solar Project 2019, LLC"
66161,"FFP MD Freeland Project1, LLC"
66162,"Wyman Hill Solar, LLC"
66163,"SR Canadaville, LLC"
66165,IOWN Renewable
66166,Eolus North America
66167,LSE Coma Berenices LLC
66168,LSE Canes Venatici LLC
66169,"Pluto Energy Storage, LLC"
66171,"SGT Hoskins Solar Project, LLC"
66172,"Hat Creek Bioenergy, LLC"
66174,"Carvers Creek, LLC"
66177,LSE Pisces LLC
66178,Liberty Renewables Incorporated
66180,"CPV Rogue's Wind, LLC"
66181,"CPV County Line Solar, LLC"
66182,"Green Mile Solar, LLC"
66183,"Tower Solar Partners, LLC"
66184,Exeter Bulk Plant
66185,Erath County Solar LLC
66186,"Funston Solar, LLC"
66187,"Lake Whitney Solar, LLC"
66188,"Tiger Solar, LLC"
66189,"Throckmorton Wind, LLC"
66190,"Waco Solar II, LLC"
66191,"Mineral Basin Solar Power, LLC"
66194,"RPNY Solar 4, LLC"
66195,"RPNY Solar 6, LLC"
66196,"RPNY Solar 7, LLC"
66197,LSE Delphinus LLC
66198,LSE Pictor LLC
66199,Hopkins Energy LLC
66200,"Century Oak Wind Project, LLC"
66201,Geer Rd Solar 2 LLC
66202,Geer Rd Solar 3 LLC
66203,"Princetown Solar 1, LLC"
66204,"County Highway Solar 1, LLC"
66205,"County Highway Solar 2, LLC"
66206,"Exeter Renewables 1, LLC"
66207,Geer Rd Solar 1 LLC
66208,"Camco International Group, Inc."
66209,Double J Dairy
66210,"Lane City Wind, LLC"
66211,"Cherrywood Solar, LLC"
66212,RA Jones
66213,Vitol Green Gas LLC
66214,Union Sanitary District
66215,LSE Phoenix LLC
66216,LSE Fornax LLC
66217,Copia Power
66218,"TAI Huntsville Solar, LLC"
66219,Cavalry Energy Center LLC
66220,Spectrum Solar LLC
66221,Finchville Tpke LLC
66222,"Lower Road II, LLC"
66223,"Lower Road III, LLC"
66224,Johnson & Johnson Consumer Inc
66225,TRITEC Americas
66226,"Serrano Solar, LLC"
66229,Walnut Bend Solar Station
66230,LSE Ara LLC
66231,LSE Indus LLC
66232,"Green River Energy Center, LLC"
66233,"Oliver Wind IV, LLC"
66234,Nexus Renewables U.S. Inc.
66235,"Entegrity Solar ADC, LLC"
66236,"Entegrity Solar Green Forest, LLC"
66237,"Entegrity Solar Crossett SD, LLC"
66238,BluePath Solar Sacramento I LLC
66239,"Entegrity Solar El Dorado SD, LLC"
66240,"Nabholz Solar FPS Ozarks, LLC"
66241,"Nabholz Solar FPS, LLC"
66242,"Entegrity Solar LRWRA, LLC"
66243,"Entegrity Solar Rivercrest SD, LLC"
66244,"Entegrity Solar SWU, LLC"
66245,"Entegrity Solar SWU 2, LLC"
66246,"Entegrity Solar Southside SD, LLC"
66248,"Entegrity Solar UA AG, LLC"
66249,"Entegrity Solar WRMC, LLC"
66250,"Milagro Solar I, LLC"
66251,InfraRed Energy Transition Fund LP
66252,"Greenalia Wind Power Blue Hills, LLC"
66253,"Greenalia Solar Power Donegal, LLC"
66254,"Greenalia Solar Power Leitrim, LLC"
66255,"RIC Development, LLC"
66256,LSE Lepus LLC
66257,LSE Ophiuchus LLC
66258,"Greenalia Solar Power Ratcliff, LLC"
66259,Vista Sands Solar LLC
66260,"Greenalia Solar Power Reis, LLC"
66261,"Greenalia Solar Power Roscommon, LLC"
66262,"Greenalia Solar Power Wensowitch, LLC"
66263,"Greenalia Solar Power Wittig, LLC"
66264,AETS OpCo Holdings LLC
66265,"Kuna BESS, LLC"
66266,Form Energy Inc.
66267,"Solar DG IL 4, LLC"
66268,"Solar DG IL 5, LLC"
66269,RC5 Whetstone LLC
66270,"Fulcrum, LLC"
66271,"Boott Hydro, LLC - Hybrid "
66272,"Cedar Hill ESS Assets, LLC"
66273,"Catalyze Newark Solar Farm 1 Microgrid, LLC"
66274,AstraZeneca Pharmaceuticals
66275,Lower Lowline LLC
66276,"Solar DG NY Sunnyside 2, LLC"
66277,"Generate Community Solar VII, LLC"
66279,CHI NV Solar LLC
66280,"Markum Solar Farm, LLC"
66281,Deriva Energy
66282,Frankfort Solar Farm LLC
66283,"Catalyze Newark Solar Farm 2 Microgrid, LLC"
66284,"SV CSG Afton I, LLC"
66285,DSI Don Solar LLC
66286,Adams PV Plant (WI)
66287,"SL Evans, LLC"
66288,"Catalyze Pombrio Solar Farm 1 Microgrid, LLC"
66289,"Catalyze Pombrio Solar Farm 2 Microgrid, LLC"
66290,NSF Energy One LLC
66291,Portage Solar Plant
66292,Desert Willow Energy Storage
66293,"NSF Torrey Site 3, LLC"
66294,"NSF Torrey Site 2, LLC"
66295,"NSF Torrey Site 1, LLC"
66296,"EFR Solar, LLC"
66297,"EFR Solar 2, LLC"
66298,Zonneveld Dairies INC
66299,River Ranch Farms LLC
66300,NY CDG Genesee 1 LLC
66301,NY CDG Genesee 4 LLC
66302,"Generate C&I Warehouse, LLC"
66303,PFMD LL Jessup LLC
66304,PFMD LL Baltimore LLC
66305,"Rio Vista Executive Boat & RV Storage, LLC"
66306,Town Of Cary
66307,Hardin Holdco LLC
66308,Crosswind Holdco LLC
66309,Junction Hilltop 1 LLC
66310,Junction Hilltop 2 LLC
66311,Junction Hilltop 3 LLC
66312,Junction Hilltop 4 LLC
66313,Junction Hilltop 5 LLC
66314,JGT2 Energy LLC
66315,"Arlington Energy Storage, LLC"
66316,"Northumberland Solar I, LLC"
66317,"Kola Energy Storage, LLC"
66318,"Zeta Solar, LLC"
66319,"Heartwood Solar, LLC"
66320,"White Tail Solar, LLC"
66321,NY CDG Montgomery 1 LLC
66331,"Birch Creek Power, LLC"
66334,Twin Lakes Solar LLC
66335,REV Renewables LLC
66336,"Wild Plains Wind Project, LLC"
66337,Exus New Mexico
66338,Al Pastor BESS LLC
66339,AL-Spring Lane LLC
66342,"Catalyze Joliet 1101 Cherry Hill Road Microgrid, LLC"
66343,"Catalyze Rochelle Wiscold Drive Microgrid, LLC"
66344,Kingstree West 115 LLC
66345,"Sebree Solar, LLC"
66346,"Silver Peak Solar, LLC"
66347,"Placid Solar II, LLC"
66348,"Silver State South Storage, LLC"
66349,"DG Harlem, LLC"
66350,Wigeon Whistle BESS LLC
66351,Citadel BESS LLC
66352,SMT Ironman BESS LLC
66353,"Solar DG IL 2, LLC"
66354,"Anole Energy Storage, LLC"
66355,Bollinger Canyon Road BR 1-X Solar Project 2020
66356,Milford Pepes Farm Road Solar LLC
66357,Shapham Place Solar Project 2020 LLC
66358,Russell Pacific LLC
66359,"Fort Duncan BESS,  LLC"
66360,Reliability Design & Development LLC
66361,Stampede Solar Project LLC
66362,"All World Machinery Supply, Inc."
66363,Bypass BESS LLC
66364,"Hart Wind, LLC"
66365,"Golden Fields Solar IV, LLC"
66366,"Compadre Solar, LLC"
66367,"Pittsburg RV & Boat Storage, LLC"
66368,Valley Sun Solar LLC
66369,Mission Clean Energy Devco LLC
66370,Gransolar Texas Nine LLC
66371,Gransolar Texas Twenty LLC
66372,Gransolar BESS Texas Six LLC
66373,Gransolar Texas Two LLC
66374,Gransolar Texas Four LLC
66375,"Gransolar Texas Sixteen, LLC"
66376,Gransolar Texas Five LLC
66377,"Gransolar Texas Seventeen, LLC"
66378,Gransolar Texas Seven LLC
66380,Gransolar Texas Twenty Two LLC
66381,Gransolar Texas Twelve LLC
66382,Gransolar Texas Eleven LLC
66383,Gransolar Texas Nineteen LLC
66384,"GRS BESS Texas Seven, LLC"
66385,Gransolar Texas Ten LLC
66386,Gransolar Texas Six LLC
66387,"Babacomari Solar, LLC"
66388,"Heedeh Solar, LLC"
66389,"Hanover Solar, LLC"
66390,"Arthur Solar, LLC"
66391,"County Home Solar, LLC"
66392,"ESA Church Road Solar, LLC"
66393,"NorWest Energy 9, LLC"
66394,Randolph Solar Park LLC
66395,Temo Renewables LLC
66396,"Solar Powered Ag, LLC"
66397,CG Northwestern Solar I LLC
66402,Hickory Solar LLC
66404,Open Sky Ranch
66405,Mordor ES1 LLC
66406,Mordor ES2 LLC
66408,Dixie Creek Dairy
66409,Great Bend Solar LLC
66410,"127 CVF, LLC"
66411,Kearsarge Onset LLC
66412,"Emeren US, LLC"
66413,Ray Ranch Solar LLC
66414,Rivanna Solar LLC
66415,Gibson Renewables LLC
66416,SBESS TX7 LLC
66417,SBESS TX6 LLC
66418,SBESS TX5 LLC
66419,ME Fort Fairfield LLC
66420,"Luna Valley Solar I, LLC"
66421,"BT Signal Ranch, LLC"
66422,ORNI 30 LLC
66423,VESI 34 LLC
66424,Hardy Hills Solar LLC
66425,Delta Electronics (Americas) Ltd
66426,Dill Holdings LLC
66427,McDowell Creek Solar LLC
66428,Dill & McDowell LLC
66429,"Adapture Solar Investments 6, LLC"
66430,Kingstree East 230 LLC
66431,Liberty 1 Solar LLC
66432,"BT Connolly Storage, LLC"
66433,Giga Texas Energy LLC
66434,"Foster Clean Power B, LLC"
66438,Harris Farms Inc
66440,RMQ Ventures LLC
66441,Ratts 1 Solar LLC
66442,"Heirloom Solar (Ratts 1 Phase 2 Solar, LLC)"
66443,TWC
66444,"Troutdale Grid, LLC"
66445,"NineDot Holdings, LLC"
66446,Clermont Solar LLC
66447,Gladys Solar LLC
66448,Parks Valley Energy LLC
66449,Potter Solar LLC
66450,Spout Spring Solar LLC
66451,Stony Creek Solar LLC
66454,Wyatt Mill Solar LLC
66455,Bullard Garden LLC
66456,Darwin Winter Garden LLC
66457,Ganzer Garden LLC
66458,Horseshoe Garden LLC
66459,Jones Garden LLC
66460,Koronis Garden LLC
66461,Two Oaks Solar and Storage
66462,Dunns Bridge II Solar and Storage Generation LLC
66463,"51LV 8me, LLC"
66464,"210MS 8me, LLC"
66465,"229HD 8me, LLC"
66466,"452HL 8me, LLC"
66467,Escape Solar LLC
66468,Estuary Power LLC
66469,"Holtec Palisades, LLC"
66470,Los Angeles County DHS
66471,"TPC Solar Investors 2022, LLC"
66472,"Perkins Solar Holdings, LLC"
66473,Timbermill Wind
66474,Apex Clean Energy
66475,"Catskill View Solar, LLC"
66476,"Claverack Creek Solar, LLC"
66477,Wonderful Orchards LLC
66478,City of Springfield (MO)
66479,"Crossroads Solar, LLC - (IN)"
66480,Daggett Solar Power 1 LLC
66481,"Bodhi Solar, LLC"
66482,"PCR Rapids 1 Op, LLC"
66483,"BHS Solar, LLC"
66485,"Vernon Solar and Storage, LLC"
66486,"Clearview Solar I, LLC"
66487,"Goshen Solar, LLC"
66488,"Flora Solar, LLC"
66489,RREF IV-P CP III Marietta Street LLC
66490,"Pigeon Run Solar, LLC"
66491,"Zenith Solar, LLC"
66492,"AZ-REA 2021 Solar Holdings ME, LLC"
66493,"Solar Holdings 2023 I, LLC"
66494,"SB-REA 2021 Solar Holdings, LLC"
66495,"Lake Street 2022 Parent, LLC"
66496,"Nobleboro Solar Holdings, LLC"
66497,"Nutting Ridge 2023 Parent, LLC"
66499,"Lyonsdale Hydroelectric Co., Inc."
66500,700Eubanks LLC
66501,MaxSolar
66502,"Route 3 China 2022 Parent, LLC"
66503,"Sherburne Solar Holdings, LLC"
66504,"Solar Acquisition 2023 II, LLC"
66505,"Skyway 2023 Parent, LLC"
66506,Willow Creek Wind LLC
66507,"Ward Solar Holdings, LLC"
66508,"Moonlight Flats Solar Power, LLC"
66509,Red River Clean Energy
66511,"Boyles Run Solar I, LLC"
66512,"Boyles Run Solar II, LLC"
66513,"East Atmore Solar, LLC"
66514,DSI Julie Solar LLC
66515,"Crossover Wind, LLC"
66516,"Dans Mountain Wind Force, LLC"
66517,"Two Hearted Solar, LLC"
66518,180th Fighter Wing
66519,Caron Garden LLC
66520,Wells Garden LLC
66521,Hodson Greendefine Jay Desoto LLC
66522,"Greenvolt Power USA, Inc"
66523,"Cowboy Energy, LLC"
66524,Cattlemen Solar Park II LLC
66525,"Quaker Creek Farm Solar, LLC"
66526,"Burksol, LLC"
66527,May Renewables LLC
66528,Brookhaven 1
66529,Mompano
66530,"Sandersville Solar, LLC"
66531,"Drawhorn Solar, LLC"
66533,"Ozark Hydro Management, LLC"
66534,"Cooks Mill PV I, LLC"
66535,Belgian Renewable Energy Group (BREG)
66536,"Cherry Valley PV I, LLC"
66538,"Crooked Creek PV I, LLC"
66540,"Apex NC Solar, LLC"
66541,"Solar DG CA Long Beach, LLC"
66542,"Piney Woods Solar, LLC"
66543,"Old Hayneville Solar, LLC"
66544,"Foley Solar, LLC"
66545,"Catalyze Breesport Road Microgrid, LLC"
66546,"NY CDG Ontario 2, LLC"
66547,Above Grid Montour Solar LLC
66548,Above Grid Binghamton Solar LLC
66549,Caballero CA Storage LLC
66550,Telyon AMZ Windsor LLC
66551,Renewco Power Holdings
66552,Blue Moon Energy LLC
66554,Cowboy Solar I
66555,BCE Seal Beach
66556,"SL Jamestown, LLC"
66557,"SL Jamestown II, LLC"
66559,Leprino Foods
66560,Elliot Solar LLC
66561,Selkirk Solar LLC
66562,"Lake Wilson Solar, LLC"
66563,"Lake Lilian Solar, LLC"
66564,Rodatherm Energy Corporation
66565,"Robeson Solar I, LLC"
66566,Wolf Run Solar LLC
66567,"Prospect Power, LLC"
66568,"Alabama Creek Solar, LLC"
66569,Whetstone Power Operations LLC
66570,"Catalina Solar, LLC"
66571,Clenera DevCo LLC
66572,"Montpelier Solar, LLC"
66573,EDPRNA DG VA Manassas LLC
66574,EDPRNA DG CA Livermore LLC
66575,"hep Solar Holdings I, LLC"
66576,Chillingham Solar LLC
66577,"DG Niagara, LLC"
66578,Poet Bioprocessing Emmetsburg
66579,Cape HoldCo LLC
66580,"Old Frontier Solar III PV, LLC"
66581,GRS BESS Texas Eight LLC
66583,"SR Arcadia South, LLC"
66584,"SR Benton, LLC"
66585,"SR Brownsville, LLC"
66586,"SR Cherry Valley, LLC"
66587,"SR Clifton, LLC"
66588,"SR Copeland, LLC"
66589,"SR Dumas, LLC"
66590,"SR Fisher, LLC"
66591,"SR Forked Deer, LLC"
66592,"SR Hickman, LLC"
66593,"SR Jasper, LLC"
66594,"SR Lexington, LLC"
66595,"SR Maryville East, LLC"
66596,"SR Milan, LLC"
66597,"SR Robins I, LLC"
66598,"SR South Gibson, LLC"
66599,"SR Trenton, LLC"
66600,"SR Trezevant, LLC"
66601,"Ticon Solar, LLC"
66602,"SR Hope Hull, LLC"
66603,"SR Maryville, LLC"
66604,"SR Lambert II, LLC"
66605,"MPH AL Pierce, LLC"
66606,"Templeton Wind Energy Center, LLC"
66607,"Belltown Power Texas 2, LLC"
66608,"NSF Enfield Site 3, LLC"
66609,"NSF Enfield Site 2, LLC"
66610,"NSF Enfield Site 1, LLC"
66611,"Maumee Solar, LLC"
66612,"NSF Coventry Site 2, LLC"
66613,"NSF Coventry Site 3, LLC"
66614,"Rush Solar Farm 1, LLC"
66615,"Big Elm Solar, LLC"
66616,"Fremont Solar, LLC"
66617,"Big Elm Storage, LLC"
66618,"Bowman Wind, LLC"
66619,"Coldwater River Solar, LLC"
66620,"Coles Wind, LLC"
66621,"Downeast Wind, LLC"
66622,"Firelands Wind, LLC"
66623,"Great Kiskadee Storage, LLC"
66624,"Heritage Wind, LLC"
66625,"Lotus Wind, LLC"
66627,Helios Energy New York 13 LLC
66628,Apex SA Investor
66629,"GridFlex Storage, LLC"
66630,"Riverstone Solar, LLC"
66631,"Rocky Forge Wind, LLC"
66632,"Two Rivers Solar, LLC"
66633,"Wheatsborough Solar, LLC"
66634,Sequoia 1 Solar Project
66635,"Rio Lago Solar, LLC"
66636,"IP Roman, LLC"
66638,MN CSG 2019-82 LLC
66639,MN CSG 2019-60 LLC
66640,"IP Meitner, LLC"
66641,"Greenwood Solar I, LLC"
66642,City of Little Rock
66643,Trousdale Solar I
66644,"Trousdale Solar II, LLC"
66645,Northern Power & Light
66646,"ReWild Renewables, LLC"
66647,"Prosperity Wind, LLC"
66649,Viridis Solar
66650,Noble Solar LLC
66651,Thomas Baker
66652,"ESCA-PLD-FONTANA1, LLC"
66653,"SR Adamsville, LLC"
66654,"SR Altheimer, LLC"
66655,"SR Bacon, LLC"
66656,"SR Delhi, LLC"
66657,"SR Denmark, LLC"
66658,"SR Des Arc, LLC"
66659,"SR Dunn, LLC"
66660,"SR Bear Creek, LLC"
66661,SR Georgetown. LLC
66662,"SR Gray, LLC"
66663,"SR Horus, LLC"
66664,"SR Metter, LLC"
66665,"SR Quincy Valley, LLC"
66666,"SR Rochelle I, LLC"
66667,"SR Sequatchie, LLC"
66668,"SR North Bastrop, LLC"
66669,"Solar Star 3, LLC"
66670,"Solar Star 4, LLC"
66671,"SR Shelby, LLC"
66672,"SR South Bastrop, LLC"
66673,"SR Winnsboro, LLC"
66674,"SR Wynne South, LLC"
66675,DG Green Arrow LLC
66676,"Gransolar Texas One, LLC"
66677,"BT Jungmann, LLC"
66679,NY CDG Oneida 2 LLC
66680,Mondu Solar LLC
66681,"EAGL bn, LLC"
66682,"MAHI bn, LLC"
66683,"DYSP, LLC"
66684,"JUGU bn, LLC"
66685,"GGSO, LLC"
66686,"FRON bn, LLC"
66687,MS1
66688,Rich Road Solar Energy Center
66689,Sweetleaf Solar LLC
66690,"Morris Ridge Solar Energy Center, LLC"
66691,Erin Solar LLC
66692,GCC Trident LLC
66693,"Catalyze Oxnard 2600 Sakioka Drive Microgrid, LLC"
66694,Sandman Solar LLC
66695,Gigawatt Solar LLC
66696,Ion Solar LLC (TX)
66697,Alpin Holding LLC
66698,"Eagle Point Energy Center, LLC"
66699,"SR Millington II, LLC"
66700,"BOCA bn, LLC"
66701,"CENT bn, LLC"
66702,"DESA bn, LLC"
66703,"Green River Solar, LLC"
66704,"THIS BN, LLC"
66705,"TUAL bn, LLC"
66706,"SINC bn, LLC"
66707,Puuloa Energy LLC
66708,Puuloa Solar LLC
66709,U.S. BANCORP Community Development Corporation
66710,"Industrial Kilo Project, LLC"
66711,"ARFL bn, LLC"
66712,"BIGL bn, LLC"
66713,"DUTC bn, LLC"
66714,Lake Trout Solar
66715,"Yuma bn, LLC"
66716,"ATLAS BESS IV, LLC"
66717,Atlas VII LLC
66718,Atlas VIII LLC
66719,Atlas IX LLC
66720,Cabin Creek Solar LLC
66721,"WestDevCo bn, LLC"
66722,"Cordelio BNC Holdings, LLC"
66723,"WestDevco, LLC"
66724,"Cordelio Power Holdings, LLC"
66725,Whitemarsh Continuing Care Retirement Community
66726,Nimbus Wind Farm LLC
66727,Blackwell Creek Solar LLC
66728,"Show Me State Solar, LLC"
66729,"Industrial Bravo Project, LLC"
66731,BrightNight Power
66732,Verde Light Community Solar LLC
66733,"Crossroads bn, LLC"
66734,"CVSO, LLC"
66735,"DEGA bn, LLC"
66736,"GREE bn, LLC"
66737,"HOHI bn, LLC"
66738,"GRVA bn, LLC"
66739,"LOSN, LLC"
66740,"OPPO bn, LLC"
66741,Lotus Solar LLC
66742,Evans Creek Energy Storage LLC
66743,"DG Sand Prairie, LLC"
66744,Bronson Solar LLC
66745,MN CSG 2019-105 LLC
66746,MN CSG 2019-67 LLC
66747,KKR/GA
66748,Peoples Electric Cooperative
66749,"Warrior Solar Partners, LLC"
66750,Abeja Solar Farm LLC
66751,Alamo City ESS LLC
66752,Avant Prairie ESS LLC
66753,"Ryan Companies US, Inc."
66754,Bravo ESS LLC
66755,Clairemont Solar LLC
66756,Girasol Solar Farm LLC
66757,La Salle ESS LLC
66758,La Salle Solar LLC
66759,Lazy U ESS 1 LLC
66760,Lazy U ESS 2 LLC
66761,Lazy U Solar 1 LLC
66762,Lazy U Solar 2 LLC
66763,Pepper Solar Farm LLC
66764,Prost ESS LLC
66765,Rush ESS LLC
66766,Sun Angel ESS LLC
66767,SunShiner ESS LLC
66768,Tex-Bar ESS LLC
66769,"Old 300 Storage Center, LLC"
66771,"Dos Rios Wind Farm, LLC"
66772,Swan Creek Wind LLC
66773,"Cotton Belle Solar, LLC"
66774,Old Town Wind LLC
66775,"Quick Draw Wind, LLC"
66776,DIVOCSG 13 LLC
66777,"McCrae Wind Energy II, LLC"
66778,"Sunstone Solar, LLC"
66781,Mammoth Central II LLC
66782,"Brazoria Solar i, LLC"
66783,"OneEnergy, Inc."
66784,"311SV 8me, LLC"
66785,Fairbanks Solar Energy Center LLC
66786,Gatsby Energy Storage LLC
66787,515 Main Saugus LLC
66788,Aegean Drive Solar LLC
66789,Banner Solar Ironwood LLC
66790,Downing Parkway Solar LLC
66791,Millbury MA #1092 LLC
66792,Millis MA 1 LLC
66793,Rochester MA 2 LLC
66794,Sutter Santa Rosa Solar LLC
66795,Wendell MA 1 LLC
66796,Equinor Wind US LLC
66797,Cadence Solar Energy LLC
66798,"Imperator Solar, LLC"
66799,"WPR RE Holdings, LLC"
66800,"NorCal FPV 1, LLC"
66801,"Ellis Creek Solar, LLC"
66802,LSE Crater LLC
66803,"Bradford Solar, LLC"
66804,LSE Corona Austrina LLC
66805,"Antelope Creek Solar, LLC"
66806,"Gun Club Solar, LLC"
66807,"Marquam Creek Solar, LLC"
66808,"Clayfield Solar, LLC"
66809,"Cork Solar, LLC"
66810,"Dover Solar, LLC"
66811,"Belvedere Solar, LLC"
66812,Callisto II Energy Center LLC
66813,St Gall Energy Storage II LLC
66814,Tibbits Energy Storage LLC
66815,Tidwell Prairie II LLC
66816,Voyager Energy Storage LLC
66817,"KDC Solar Madera, LLC"
66818,301AK 8me LLC
66819,Kentucky Municipal Energy Agency
66820,DIVOCSG 14 LLC
66821,Roadrunner Crossing Energy Storage LLC
66822,"Bob Creek Wind, LLC"
66823,"Stafford Solar, LLC"
66824,Walden Solar Maine V LLC
66825,"Blue Summit II Storage, LLC"
66826,"Gibson Solar, LLC"
66827,"Wichita Solar I, LLC"
66828,"Laurens Solar I, LLC"
66829,"Hill Solar II, LLC"
66830,Kootenai Renewable Energy LLC
66831,Key Energy Storage LLC
66832,Pine Grove Solar LLC
66833,Orchard Knob Solar LLC
66834,Round Lake Solar LLC
66835,"Diver Solar, LLC"
66836,"Mustang Creek Solar I, LLC"
66837,Clinton Solar (OH) LLC
66839,Solar DG IL 1 LLC
66840,Solar DG IL 3 LLC
66841,"SL Energy Power Plant I, LLC"
66842,Azalea Springs Solar Park LLC
66843,Kearsarge Riverpark I LLC
66844,Pediment BESS I LLC
66845,Brookside Solar LLC
66847,Open Sky Dairy
66848,VESI 15 LLC
66849,VESI 37 LLC
66850,VESI 38 LLC
66852,"PVS 2, LLC"
66853,"Sun Pond, LLC"
66854,"Catalyze Bedford Park 7035 W 65th Street Microgrid, LLC"
66855,"Mars Hill Road Solar Farm, LLC"
66856,22SV 8ME LLC
66857,44ST 8ME LLC
66858,Garnet Mesa Solar LLC
66861,Rock Creek Wind II LLC
66862,"Rock Creek Wind I, LLC"
66863,Pixley Solar Energy LLC
66864,"Broadleaf Solar, LLC"
66865,"Freedom Pine Solar, LLC"
66866,University of Massachusetts Amherst
66869,"Rifle Range Road Solar, LLC"
66870,"Delaware Ave Solar, LLC"
66871,Division of Capital Asset Management and Maintenance
66872,MN CSG 2019-79 LLC
66873,MN CSG 2019-22 LLC
66874,"Excelsior Energy Center, LLC"
66875,Clay Solar NY LLC
66876,Dog Corners Solar NY LLC
66877,Fairway Solar NY LLC
66878,Flat Hill Solar NY LLC
66879,Grassy Knoll Solar NY LLC
66880,Highview Solar NY LLC
66881,Hills Solar NY LLC
66882,Hilltop Solar NY LLC
66883,Limestone Solar NY LLC
66884,Tabletop Solar NY LLC
66885,Valley Solar NY LLC
66886,Watkins Road Solar NY LLC
66887,Zena Solar LLC
66890,"Morgantown Power, LLC"
66891,Apex Power Generation Corp.
66892,"Three Rivers District Energy, LLC"
66893,Executive Parkway BR8-O Solar Project 2020 LLC
66894,Executive Parkway BR8-Q Solar Project 2020 LLC
66895,Alcosta Boulevard BR 15-AA Solar Project 2020 LLC
66896,"Alcosta Boulevard BR 15-CC Solar Project 2020, LLC"
66897,Barrier Solar Inc
66898,J&D Food Service
66899,Northern Farms LLC
66900,Town of Orrington
66901,"Greer Solar, LLC"
66902,"Wildwood Solar, LLC"
66904,Boot Hill Solar LLC
66905,HEC Renewable Energy America LLC
66907,Laketricity USA Inc.
66908,Flatland Storage LLC
66910,OE_IN1
66911,OE_MS7
66912,OE_SAS1
66913,MN CSG 2019-77 LLC
66914,"Catalyze University Park Central Ave Microgrid, LLC"
66915,"Catalyze Bolingbrook 279 Marquette Drive Microgrid, LLC"
66916,"Camino del Sol 2 Solar Project 2022, LLC"
66917,"East Avenue Q Solar Project 2022, LLC"
66918,"Mountain Street Solar Project 2019, LLC"
66920,"Kelly Creek Solar, LLC"
66921,"Catalyze Bedford Park 6901 W 65th Street Microgrid, LLC"
66922,Pacifico Power
66924,"Pineview Solar, LLC"
66925,"NY Thompson III, LLC"
66926,Bullrock-NxtGenREA
66927,"SR Bacon II, LLC"
66928,"SR Bacon III, LLC"
66929,"SR Cordova, LLC"
66930,"SR Durhamville, LLC"
66931,"SR Forrest City, LLC"
66932,"SR Lott, LLC"
66933,"SR Magnolia, LLC"
66934,"SR Marion Junction, LLC"
66935,"SR Middleton, LLC"
66936,"SR Mount Pleasant, LLC"
66937,"SR Norwood, LLC"
66938,"SR Puryear, LLC"
66939,"SR Rochelle II, LLC"
66940,"SR Sipsey, LLC"
66941,"SR Sunset, LLC"
66942,"SR Tullahoma, LLC"
66943,"SR Ulm, LLC"
66944,"SR West Helena, LLC"
66945,"South Springfield Avenue Solar Project 2022, LLC"
66946,"South Springfield Avenue II Solar Project 2022, LLC"
66947,"North Narragansett Avenue Solar Project 2022, LLC"
66948,"Riverside Drive Solar Project 2022, LLC"
66949,Breckinridge Energy Storage LLC
66950,Lydian Energy
66951,"Woodward Energy Storage, LLC"
66952,"Aspenall Energies (Delaware), LLC"
66953,United Parcel Service
66954,Stamford Health Tully Health Center
66955,Linea Energy Development Co LLC
66956,OE_SAS2
66957,OE_SAS3
66960,Hardin Solar Energy III
66961,"UPC Power Asset Management, LLC"
66963,"Dominguez Grid, LLC"
66965,"OE_RHA, LLC"
66966,"OE_RHC, LLC"
66967,"OE_RHD, LLC"
66968,"OE_FL8, LLC"
66969,"TMF-RIG, LLC"
66970,Macadamia Nut Road Solar Project 2019
66971,"Anatolian Energy, LLC"
66972,Exus Pennsylvania Wind Holdings
66973,Cottonwood Energy Company LP
66974,MPH Cross Island Power
66975,Cedar Bayou 5 LLC
66976,Pelicans Jaw Solar LLC
66977,"Las Virgenes Road Solar Project 2022, LLC"
66978,"SunE B9 Holdings, LLC"
66980,Dahlia Energy LLC
66981,Barber Pool Hydro LLC
66982,Tule Hydro LLC
66983,SCV Water
66985,Digihost Technology Inc
66987,"Gregory Power Holdings, LLC"
66988,Sky Ranch Bess II
66989,Route 66 Energy Storage
66990,EGCO Tower
66991,CAMS (Georgia) Washington County Power
66992,CAMS (Georgia) AL Sandersville
66993,"REC CSD, LLC"
66994,"Guajillo Energy Storage, LLC"
66995,Corix Cleveland Thermal Generating LP
66996,"REC KDO, LLC"
66997,"Alamosa Enhanced, LLC"
66998,"Prairie Enhanced, LLC"
66999,USG Paper LLC
67000,"JERA Power Linden, LLC"
67001,"EGCO Linden II, LLC"
67002,Rose Capital Investment Inc
67003,HPJV1 LLC
67004,"Dowmont Solar, LLC"
67005,"Hidden Meadows Solar, LLC"
67006,"REC SHW, LLC"
67007,"Heuvelton Solar, LLC"
67008,"REC RWD, LLC"
67009,Kingbird Solar Energy LLC
67010,"Tenaska TVP General, LLC"
67011,"Lock 11 Hydro Partners, LLC"
67012,Avalon Dairy
67013,US SFR Owner LLC
67014,"OE_ALH, LLC"
67015,"OE_ALG, LLC"
67016,"OE_CHA, LLC"
67017,"OE_SLW, LLC"
67018,64NB 8me LLC
67019,CVE US EI7 Belair LLC
67020,Kilmer Solar LLC
67021,CVE US EI5 Manlius East LLC
67022,CVE US EI4 Manlius North LLC
67023,CVE US EI5 Manlius West LLC
67024,Mantisi Solar LLC
67025,Sunrise on Knight Rd. LLC
67026,Sunrise on West Main Rd. LLC
67027,CVE US EI8 Quaker LLC
67028,Rak 1 Solar LLC
67029,Sunrise on Blandford Rd. LLC
67030,Sunrise on Clubhouse Rd. LLC
67031,Sunrise on Montague Rd. LLC
67032,Sunrise on Drift Rd. LLC
67033,CVE US EI3 Wheatfield LLC
67034,Wolf Solar LLC
67035,Prologis Logistics Services Incorporated BESS
67036,NW Stadium Solar Plant
67037,"Tierra Seca BESS, LLC"
67038,"IP Easley, LLC"
67039,"IP Quantum BESS, LLC"
67040,"IP Quantum, LLC"
67041,"IP Quantum II BESS, LLC"
67042,"IP Quantum II, LLC"
67044,"Greenalia Solar Power Hutcherson, LLC"
67045,"Greenalia Wind Power Pioneer Field, LLC"
67046,"Greenalia Wind Power Blackwelder Ranch, LLC"
67047,"Greenalia Solar Power Blackwelder Ranch, LLC"
67048,"Greenlia Solar Power Misae III, LLC"
67049,"Port Huron Multimodal Hub, LLC"
67050,"Flying Goose Solar, LLC"
67051,USS Origami Solar LLC
67052,USS Cattail Solar LLC
67053,USS Ducks Solar LLC
67054,USS Beard Solar LLC
67056,Superior Almond Hulling
67057,Chalk Bluff Solar Energy LLC
67058,"DECH bn, LLC"
67059,Rak 2 Solar LLC
67060,"Hays Ranches, LLC"
67061,Sunrise on Wing Ln. LLC
67062,Taft Associates c/o Wilson Associates
67063,Cushman Wakefield
67064,"Catalyze Chicago S Western Avenue 2 Microgrid, LLC"
67065,MD CDG 001 LLC
67066,MD CDG 002 LLC
67067,ME CDG 004 LLC
67068,ME CDG 005 LLC
67069,NY CDG 009 LLC
67070,NY CDG 010 LLC
67071,Kingman Energy Storage LLC
67073,Franklin CSG 1 LLC
67074,Minco II Energy Storage LLC
67075,Hudson River-Black River Regulating District
67077,Pome BESS LLC
67078,A2B Development LLC dba Mars Energy Development
67079,Evelyn Energy Storage LLC
67080,TC Energy
67081,Dos Palos Cooperative Gin
67082,"Headwater Energy, LLC"
67083,"1000 Mile Solar, LLC"
67084,Hermes BESS LLC
67085,"MSS Energy Holdings, LLC (d.b.a. Calibrant Energy)"
67086,Chillingham Storage LLC
67087,"Aligned Digesters Co., LLC"
67088,CalPortland Company
67089,Bavaria Solar LLC
67090,Tupper Lake
67091,Da Silva Dairy
67092,"Scatter Wash Energy Storage, LLC"
67094,"EdSan 1C Solar, LLC"
67095,"Bell 1 Solar, LLC"
67096,"Bell 1 Storage, LLC"
67097,Limewood Bell Renewables LLC
67098,Gambit Energy Storage LLC
67100,"Bridgewater Solar, LLC"
67101,"Bridgewater Solar 2, LLC"
67102,"Bloomfield Solar, LLC"
67103,"Emerson Solar, LLC"
67104,CP Tully Four LLC
67105,CP Tully Five LLC
67106,"Endicott NY Solar Farm, LLC"
67107,"Cavern Solar, LLC"
67108,"DG Richmond, LLC"
67109,"Tyson Nick Solar Project, LLC"
67110,"Tracy Renewable Energy, LLC"
67111,Angiola East LLC
67114,Santa Teresa Solar
67115,"Shallow Basket Energy, LLC"
67117,Pleasantville Solar Park LLC
67118,"Newark Road Kendall Solar 1, LLC"
67120,"CoreSite Real Estate 3045 Stender, LP"
67123,"NY Union I, LLC"
67124,"NY Union II, LLC"
67126,"NY Tioga IV, LLC"
67127,"Big Sampson Wind Project, LLC"
67128,Inertia Energy Storage LLC
67129,Lightshift Energy
67130,Bocanova Power LLC
67131,PAC Aviation
67132,Longhorn Storage LLC
67133,"Okolona Solar, LLC"
67134,"Wildcat Ranch Energy Storage, LLC"
67135,Riverstart Solar Park IV LLC
67136,P66 Rodeo Solar
67137,"Chapman Creek Solar, LLC"
67138,Onyx Renewables LLC
67139,Libra Storage LLC
67140,Eagle Creek Solar Park LLC
67141,Clover Creek Solar Project LLC d/b/a New Frontiers Solar Park
67142,Sun Valley Storage LLC
67143,Mississippi State University
67144,"Shining Solar Partners, LLC"
67145,"Buckner Creek Solar, LLC"
67146,Badger State Solar LLC
67148,"BT Claxton Solar, LLC"
67149,"BT Ferguson Solar, LLC"
67150,"BT Thompson Solar, LLC"
67151,"Pine Forest Solar I, LLC"
67152,CDH Vidal LLC
67153,Tesoro RV & Boat Storage
67154,Imperial Sun Solar LLC
67156,Toledo Zoological Society
67157,Flint
67158,Padua 1
67159,Padua 2
67160,Padua 3
67162,"Ferdinand Grid, LLC"
67164,"Anthony Vineyards, Inc."
67165,"Beavertail Solar, LLC"
67166,"MC Solar, LLC"
67167,Enterprise BESS LLC
67168,Panoche BESS LLC
67169,Midway BESS LLC
67171,Overnight Solar LLC
67172,"SV CSG Corbell, LLC"
67173,SV CSG East St Louis LLC
67174,SV CSG Roxana 1 LLC
67175,"SV CSG Naplate, LLC"
67176,"Kifer Energy Storage, LLC"
67177,JKB Energy
67179,"Border Basin, LLC"
67180,Strinestown Solar LLC
67181,MPG Solar LLC
67182,Ho-Fel Solar LLC
67183,Moseley Hermon Solar
67184,Gilman Solar LLC PV
67185,Ridge Farm Renewables LLC PV
67186,Ashley Solar LLC PV
67187,Washington Street Solar 1 LLC
67189,Clear Fork
67190,GD Richmond Beaver River I LLC
67191,White Brook Renewables LLC
67192,RWE Clean Energy
67194,Sunset Ridge Solar LLC
67195,Hanover II PV LLC
67196,"Gonzaga Ridge Battery Facility, LLC"
67197,"Gonzaga Ridge Wind Farm, LLC"
67198,Kaiser Permanente South Sacramento Medical Center
67199,"Radial Harris Ag 3, LLC"
67200,"RP Farmers Coop 1, LLC"
67201,"Radial O'Neil Rooftop, LLC"
67203,"Radial O'Neil Tracker 1, LLC"
67205,Dover Solar LLC (PA)
67206,"Ohio Solar, LLC"
67207,TotalEnergies Renewables USA LLC
99990,
99991,x
99996,several municipals and coops
99997,ownership uncommitted
99999,State-Fuel Level Increment
1937004,
