region,year,dc_avg_added_mw,dc_peak_added_mw,nondc_avg_added_mw,nondc_peak_added_mw,dc_minus_nondc_avg_mw,dc_avg_share_of_total
p1,2023,0.0,0.0,0.0,0.0,0.0,
p1,2024,41.89246187501976,41.89246187501976,41.36436250378938,71.05137070360979,0.5280993712303825,0.50317150801253
p1,2025,84.10592450275999,84.10592450275999,83.04168365460009,142.64030900159923,1.0642408481598977,0.5031835359772483
p1,2026,126.64284754967957,126.64284754967957,125.03433126638993,214.7708820768603,1.6085162832896458,0.5031955942347581
p1,2027,169.50570952940961,169.50570952940961,167.3446910677494,287.4471878841596,2.1610184616602055,0.5032076827841516
p1,2028,212.69700794718938,212.69700794718938,209.97516683747017,360.67335538301086,2.7218411097192075,0.5032198016241617
p1,2029,256.21925944535997,256.21925944535997,252.9281805410801,434.45354477219007,3.291078904279857,0.5032319507531723
p1,2030,300.07499995004946,300.07499995004946,296.20617246846996,508.7919477261603,3.868827481579501,0.503244130169235
p1,2031,323.3872306446501,323.3872306446501,394.3461586428202,677.3665398736994,-70.95892799817011,0.45056734920148095
p1,2032,346.7936928793897,346.7936928793897,494.15728176933953,848.8116360953009,-147.36358888994982,0.41238277061780887
p1,2033,370.2947675523001,370.2947675523001,595.6679981258794,1023.1761156052999,-225.37323057357935,0.3833426926060912
p1,2034,393.89083710108025,393.89083710108025,698.9072485464394,1200.5096899381006,-305.01641144535915,0.3604424662472635
p1,2035,417.58228550930016,417.58228550930016,803.9044666723003,1380.8629171206994,-386.3221811630001,0.3418639496199935
p1,2036,441.36949831263973,441.36949831263973,910.6895873435496,1564.2872160868992,-469.3200890309099,0.3264424631993295
p1,2037,465.25286260517987,465.25286260517987,1019.2930551335794,1750.8348813370994,-554.0401925283995,0.31339742142422033
p1,2038,489.2327670456798,489.2327670456798,1129.74583302882,1940.5590978473992,-640.5130659831402,0.30218606164600753
p1,2039,513.3096018639399,513.3096018639399,1242.07941125639,2133.5139562325003,-728.76980939245,0.2924192859971792
p1,2040,537.4837588671098,537.4837588671098,1356.3258162619595,2329.754468167401,-818.8420573948497,0.2838108783088598
p1,2041,555.7697481186296,555.7697481186296,1417.6191686534594,2435.0377709630993,-861.8494205348297,0.2816321422478206
p1,2042,574.1114233792396,574.1114233792396,1479.4630970848102,2541.266795629899,-905.3516737055706,0.27956688089873
p1,2043,592.5089542285896,592.5089542285896,1541.8625471816595,2648.4500372459006,-949.3535929530699,0.2776034789806271
p1,2044,610.9625107627298,610.9625107627298,1604.8225089944399,2756.5960671970006,-993.85999823171,0.27573185363880015
p1,2045,629.4722635957396,629.4722635957396,1668.3480173973694,2865.7135338630997,-1038.8757538016298,0.273943209920527
p1,2046,648.0383838612297,648.0383838612297,1732.44415249115,2975.8111633091994,-1084.4057686299202,0.272229841624556
p1,2047,666.6610432139796,666.6610432139796,1797.1160400091794,3086.8977599835,-1130.4549967951998,0.27058496799630966
p1,2048,685.3404138315,685.3404138315,1862.3688517274795,3198.9822074211006,-1177.0284378959796,0.2690025989606522
p1,2049,704.0766684156197,704.0766684156197,1928.20780587825,3312.073468955199,-1224.1311374626302,0.26747742323879853
p1,2050,722.8699801941202,722.8699801941202,1994.6381675672,3426.1805884328005,-1271.7681873730799,0.2660047149406413
p10,2023,0.0,0.0,0.0,0.0,0.0,
p10,2024,56.32548349839999,56.32548349839999,110.47057302209942,199.09506688909823,-54.145089523699426,0.33769073845866093
p10,2025,112.85275028989963,112.85275028989963,221.7173369719003,399.58902020049936,-108.86458668200066,0.33730675450848885
p10,2026,169.58252325349895,169.58252325349895,333.7457455402,601.4916888225998,-164.16322228670106,0.3369223104832333
p10,2027,226.51552785740023,226.51552785740023,446.56129073669945,804.8129707039989,-220.04576287929922,0.3365374079150999
p10,2028,283.65249216919983,283.65249216919983,560.1695031591989,1009.5628333382992,-276.5170109899991,0.33615204834617746
p10,2029,340.99414686449927,340.99414686449927,674.5759522647986,1215.7513142530988,-333.58180540029934,0.3357662333273219
p10,2030,398.5412252365986,398.5412252365986,789.7862466427996,1423.3885215019982,-391.245021406201,0.33537996441863466
p10,2031,428.93040914479934,428.93040914479934,1065.347118461299,1920.0167973028983,-636.4167093164997,0.2870486915720172
p10,2032,459.3768781975996,459.3768781975996,1345.5065834447978,2424.932865850202,-886.1297052471982,0.2545188583974161
p10,2033,489.8807403804003,489.8807403804003,1630.3413834722978,2938.2750348318004,-1140.4606430918975,0.2310516124085283
p10,2034,520.4421038821001,520.4421038821001,1919.9295411006988,3460.1839200311006,-1399.4874372185986,0.21326346130602108
p10,2035,551.0610770956991,551.0610770956991,2214.3503809365993,3990.8024838448982,-1663.2893038409002,0.19926910894041108
p10,2036,581.737768618299,581.737768618299,2513.684551365399,4530.2760744433035,-1931.9467827470999,0.1879348626721031
p10,2037,612.4722872518996,612.4722872518996,2818.0140466424,5078.752465584701,-2205.5417593905004,0.17853803444732544
p10,2038,643.2647420033991,643.2647420033991,3127.4222293529983,5636.381897093597,-2484.1574873495993,0.17059616639882544
p10,2039,674.1152420853996,674.1152420853996,3441.993853247399,6203.3171160148995,-2767.8786111619993,0.16377487245169714
p10,2040,705.0238969162983,705.0238969162983,3761.8150864567997,6779.7134184548995,-3056.7911895405014,0.15783508193167625
p10,2041,728.2981462726984,728.2981462726984,3911.245074644101,7049.022906760198,-3182.9469283714025,0.15697626072093854
p10,2042,751.6053699864005,751.6053699864005,4061.821071547698,7320.397783845401,-3310.2157015612975,0.15614767964478432
p10,2043,774.9456147748006,774.9456147748006,4213.551866139498,7593.8538895936,-3438.6062513646975,0.1553464981669726
p10,2044,798.3189274212982,798.3189274212982,4366.446314796,7869.407185367003,-3568.1273873747014,0.15457022536005335
p10,2045,821.7253547755008,821.7253547755008,4520.513341814798,8147.073754939098,-3698.787987039297,0.15381666777637054
p10,2046,845.1649437534998,845.1649437534998,4675.761939935901,8426.869805432703,-3830.596996182401,0.15308388637610645
p10,2047,868.6377413378996,868.6377413378996,4832.201170866299,8708.811668266499,-3963.5634295284,0.15237016072815945
p10,2048,892.1437945777998,892.1437945777998,4989.840165809199,8992.915800108,-4097.696371231399,0.15167395909034442
p10,2049,915.6831505887985,915.6831505887985,5148.6881259968995,9279.198783834501,-4233.004975408101,0.1509939132724633
p10,2050,939.2558565536001,939.2558565536001,5308.754323227398,9567.677329500497,-4369.498466673798,0.15032879741347066
p100,2023,0.0,0.0,0.0,0.0,0.0,
p100,2024,35.11472295651595,35.11472295651595,1.8611883962639695,3.3755024814180388,33.25353456025198,0.9496648404820442
p100,2025,73.41050153512896,73.41050153512896,3.731313415643001,6.767212668386037,69.67918811948596,0.9516304689224108
p100,2026,115.17550873049498,115.17550873049498,5.610417967942965,10.17520838330995,109.56509076255202,0.9535507312706197
p100,2027,160.72402323446795,160.72402323446795,7.498545169004956,13.599567822261974,153.225478065463,0.955424856247468
p100,2028,210.398794360784,210.398794360784,9.395738341690958,17.040369556782025,201.00305601909304,0.9572521744459881
p100,2029,264.57362120912194,264.57362120912194,11.302041016884004,20.497692535671945,253.27158019223793,0.9590321200294029
p100,2030,323.65616547660295,323.65616547660295,13.217496934481971,23.97161608681597,310.438668542121,0.9607642317898015
p100,2031,359.0980268373979,359.0980268373979,17.855474824045984,32.38318038971602,341.24255201335194,0.9526321555699921
p100,2032,396.305902495885,396.305902495885,22.54711732497998,40.89207230824195,373.758785170905,0.9461693810047664
p100,2033,435.367790271025,435.367790271025,27.29304537394495,49.49941799020996,408.07474489708005,0.9410085244498874
p100,2034,476.37607277988093,476.37607277988093,32.09388709227096,58.20635661374399,444.28218568760997,0.936881449003712
p100,2035,519.427735925471,519.427735925471,36.950277869085994,67.014040538048,482.477458056385,0.9335878180787893
p100,2036,564.624598271537,564.624598271537,41.862860445408955,75.92363545591604,522.7617378261281,0.9309748951215382
p100,2037,612.073551846712,612.073551846712,46.83228499921796,84.93632054801606,565.241266847494,0.9289241612680255
p100,2038,661.886814947602,661.886814947602,51.85920923149695,94.05328863895295,610.0276057161051,0.9273422093087779
p100,2039,714.182197538642,714.182197538642,56.94429845329,103.27574635513395,657.237899085352,0.9261544004138514
p100,2040,769.083379876452,769.083379876452,62.088225673745,112.60491428446903,706.995154202707,0.9253003528282882
p100,2041,814.4899838582519,814.4899838582519,65.75902982759396,119.26238569090594,748.7309540306579,0.9252949690312714
p100,2042,861.6790309855719,861.6790309855719,69.45979735373999,125.97419949370499,792.2192336318319,0.9254033928779216
p100,2043,910.720491335182,910.720491335182,73.190772831745,132.74079926909303,837.529718503437,0.925612425126858
p100,2044,961.687081669862,961.687081669862,76.952202837583,139.56263221404004,884.734878832279,0.9259105601093491
p100,2045,1014.6543732600019,1014.6543732600019,80.74433595993298,146.44014917581205,933.9100373000689,0.9262877203703905
p100,2046,1069.700903937672,1069.700903937672,84.567422816609,153.37380468177298,985.1334811210629,0.926735039976011
p100,2047,1126.908294549502,1126.908294549502,88.42171607112095,160.36405696941597,1038.486578478381,0.9272446863827815
p100,2048,1186.361369980872,1186.361369980872,92.30747044937698,167.41136801665402,1094.053899531495,0.9278097130932531
p100,2049,1248.148284930922,1248.148284930922,96.22494275651297,174.516203572349,1151.923342174409,0.9284239370624501
p100,2050,1312.360654624942,1312.360654624942,100.17439189386897,181.67903318709295,1212.1862627310732,0.9290818361351469
p101,2023,0.0,0.0,0.0,0.0,0.0,
p101,2024,22.971895865797705,22.971895865797705,85.83951209649967,165.14833399280178,-62.86761623070197,0.21111661264191486
p101,2025,45.97263948559703,45.97263948559703,172.08182729629698,331.0716288374024,-126.10918781069995,0.2108309917429049
p101,2026,69.00226708579794,69.00226708579794,258.7288357583966,497.77352104849706,-189.72656867259866,0.21054537237072082
p101,2027,92.06081493849706,92.06081493849706,345.78243651159937,665.2576642049025,-253.7216215731023,0.21025975536587613
p101,2028,115.14831936139672,115.14831936139672,433.244537495797,833.5277290301965,-318.09621813440026,0.2099741415694303
p101,2029,138.26481671759757,138.26481671759757,521.117055604198,1002.5874034727021,-382.8522388866004,0.20968853182260483
p101,2030,161.41034341609702,161.41034341609702,609.4019167246988,1172.4403927863968,-447.9915733086018,0.20940292696773397
p101,2031,173.5867193526974,173.5867193526974,838.9903208780997,1614.1500614917022,-665.4036015254023,0.17143062942957082
p101,2032,185.7711294248984,185.7711294248984,1071.367323993698,2061.2247708587965,-885.5961945687995,0.14777300695855905
p101,2033,197.96357893369714,197.96357893369714,1306.5667966155997,2513.7296850967978,-1108.6032176819026,0.13157831982050983
p101,2034,210.16407318369966,210.16407318369966,1544.6230206821965,2971.730759904698,-1334.4589474984969,0.11976613796531646
p101,2035,222.37261748269884,222.37261748269884,1785.5706945230995,3435.294752084701,-1563.1980770404007,0.11074646189117947
p101,2036,234.58921714249664,234.58921714249664,2029.4449379165999,3904.4892292721997,-1794.8557207741032,0.10361558222003649
p101,2037,246.81387747789995,246.81387747789995,2276.2812972083993,4379.3825797846,-2029.4674197304994,0.09782186576001309
p101,2038,259.0466038076993,259.0466038076993,2526.115750493198,4860.0440225893035,-2267.0691466854987,0.09300951644979508
p101,2039,271.2874014536974,271.2874014536974,2778.984712858397,5346.543617392599,-2507.6973114046996,0.08893875408059417
p101,2040,283.5362757415969,283.5362757415969,3034.9250416916984,5838.952274851501,-2751.3887659501015,0.08544209156576865
p101,2041,292.7358072206989,292.7358072206989,3209.047714115197,6173.9503259675985,-2916.311906894498,0.08359620331670962
p101,2042,301.9398945547,301.9398945547,3384.5919453757997,6511.6833422284035,-3082.6520508210997,0.08190350922356128
p101,2043,311.14853999989646,311.14853999989646,3561.5693412538967,6852.173652224301,-3250.4208012540003,0.08034371455406973
p101,2044,320.3617458134977,320.3617458134977,3739.9916022812977,7195.443766839402,-3419.6298564678,0.07889996715773967
p101,2045,329.57951425399733,329.57951425399733,3919.870524513997,7541.516380739296,-3590.29101026,0.07755815723145892
p101,2046,338.8018475808967,338.8018475808967,4101.2180003127,7890.414373871601,-3762.416152731803,0.07630638131981071
p101,2047,348.02874805489773,348.02874805489773,4284.0460191285965,8242.160812978596,-3936.017271073699,0.0751345273009301
p101,2048,357.2602179377973,357.2602179377973,4468.366668296298,8596.778953122397,-4111.1064503585,0.07403394965262267
p101,2049,366.4962594922981,366.4962594922981,4654.192133833098,8954.292239221999,-4287.6958743407995,0.07299721288808236
p101,2050,375.73687498259824,375.73687498259824,4841.5347012442,9314.724307604003,-4465.797826261602,0.07201788703020445
p102,2023,0.0,0.0,0.0,0.0,0.0,
p102,2024,12.667359386001408,12.667359386001408,48.80896111850052,93.90189553700111,-36.14160173249911,0.20605266030965164
p102,2025,25.350145655000233,25.350145655000233,97.84695896520134,188.24442702349916,-72.4968133102011,0.20576900514952018
p102,2026,38.04837759470138,38.04837759470138,147.1150682981006,283.02966214979824,-109.06669070339922,0.20548536138568627
p102,2027,50.76207401549982,50.76207401549982,196.61436891860103,378.2596783088993,-145.8522949031012,0.20520172985518448
p102,2028,63.49125375060066,63.49125375060066,246.34594569510045,473.93656264200035,-182.8546919444998,0.20491811139587676
p102,2029,76.23593565640113,76.23593565640113,296.31088858650037,570.0624120842003,-220.07495293009924,0.20463450684710466
p102,2030,88.99613861220132,88.99613861220132,346.5102926667005,666.6393334105014,-257.51415405449916,0.20435091704812847
p102,2031,95.7085978836003,95.7085978836003,477.05590293270143,917.7915803975011,-381.3473050491011,0.1670993885745307
p102,2032,102.4253522152012,102.4253522152012,609.1871305327004,1171.9943424917983,-506.7617783174992,0.14393417020972463
p102,2033,109.14640435540059,109.14640435540059,742.9232345005003,1429.2846714914995,-633.7768301450997,0.12809563840574661
p102,2034,115.87175705400114,115.87175705400114,878.2837077918011,1689.7000692291986,-762.4119507378,0.1165529548962177
p102,2035,122.60141306300102,122.60141306300102,1015.2882801250998,1953.2784930376001,-892.6868670620988,0.10774455010617112
p102,2036,129.33537513570082,129.33537513570082,1153.9569208579014,2220.058361282201,-1024.6215457222006,0.10078403458002651
p102,2037,136.07364602750022,136.07364602750022,1294.3098418968002,2490.0785589609004,-1158.2361958693,0.0951308842532595
p102,2038,142.8162284955015,142.8162284955015,1436.3675006440008,2763.3784433719993,-1293.5512721484993,0.09043674010833565
p102,2039,149.56312529850038,149.56312529850038,1580.1506029788015,3039.997849850599,-1430.5874776803012,0.08646698170538132
p102,2040,156.31433919700066,156.31433919700066,1725.6801062760005,3319.977097575,-1569.3657670789999,0.08305781112850959
p102,2041,161.38463186599984,161.38463186599984,1824.6875043913005,3510.454053899499,-1663.3028725253007,0.08125819244920522
p102,2042,166.4573595071015,166.4573595071015,1924.5032110385,3702.4860874391015,-1758.0458515313985,0.07960808149704478
p102,2043,171.53252328960116,171.53252328960116,2025.1338253476006,3896.0858940348007,-1853.6013020579994,0.07808765468457186
p102,2044,176.61012438350008,176.61012438350008,2126.5860003246,4091.2662731778983,-1949.9758759410997,0.07668045395217184
p102,2045,181.69016395929975,181.69016395929975,2228.866443291401,4288.040128856501,-2047.1762793321013,0.07537270164608242
p102,2046,186.77264318800007,186.77264318800007,2331.9819163295015,4486.4204704082,-2145.2092731415014,0.0741527762132483
p102,2047,191.85756324130125,191.85756324130125,2435.939236726601,4686.4204133806015,-2244.0816734852997,0.0730108063316177
p102,2048,196.94492529140007,196.94492529140007,2540.745277427801,4888.053180398099,-2343.8003521364008,0.07193835339578789
p102,2049,202.03473051100082,202.03473051100082,2646.4069674897,5091.3321020365,-2444.372236978699,0.07092816070373055
p102,2050,207.12698007340077,207.12698007340077,2752.9312925385,5296.2706177037,-2545.8043124650994,0.06997395355012243
p103,2023,0.0,0.0,0.0,0.0,0.0,
p103,2024,14.196548945299583,14.196548945299583,46.9046228064999,83.29879847760094,-32.70807386120032,0.23234495408644076
p103,2025,28.412540675000855,28.412540675000855,94.02148412250062,166.9745153010008,-65.60894344749977,0.2320640910236635
p103,2026,42.648001816700344,42.648001816700344,141.35154430520015,251.0288559863002,-98.7035424884998,0.2317831903152949
p103,2027,56.902959034800006,56.902959034800006,188.89576805700017,335.46353376689876,-131.99280902220016,0.2315022527091772
p103,2028,71.17743902979964,71.17743902979964,236.6551244457005,420.28026962809963,-165.47768541590085,0.2312212789517459
p103,2029,85.47146853920094,85.47146853920094,284.6305869241005,505.48079234300167,-199.15911838489956,0.23094026979181723
p103,2030,99.78507433669984,99.78507433669984,332.82313334940045,591.0668385069002,-233.03805901270061,0.23065922597821745
p103,2031,107.31656029629994,107.31656029629994,463.9837506103995,823.9974362116991,-356.66719031409957,0.1878461436962636
p103,2032,114.85346618470066,114.85346618470066,596.7523264767005,1059.7836377314015,-481.8988602919999,0.1614004092844009
p103,2033,122.395795902401,122.395795902401,731.1485736557006,1298.4604512324986,-608.7527777532996,0.14339711005974765
p103,2034,129.9435533525011,129.9435533525011,867.1924465221,1540.0633140628015,-737.2488931695989,0.1303167806285629
p103,2035,137.4967424410006,137.4967424410006,1004.9041440802994,1784.6280980129013,-867.4074016392988,0.12035769935341081
p103,2036,145.05536707670035,145.05536707670035,1144.3041129640005,2032.191114642199,-999.2487458873002,0.11250188122254426
p103,2037,152.61943117130068,152.61943117130068,1285.413050471101,2282.789120670299,-1132.7936192998004,0.10613072591864642
p103,2038,160.18893863919948,160.18893863919948,1428.2519076377012,2536.459323434701,-1268.0629689985017,0.10084665035821862
p103,2039,167.7638933974995,167.7638933974995,1572.8418923481004,2793.2393864143996,-1405.0779989506009,0.0963824748667239
p103,2040,175.3442993664994,175.3442993664994,1719.2044724839998,3053.1674348224988,-1543.8601731175004,0.09255201131361321
p103,2041,181.03829437080094,181.03829437080094,1804.7923960475,3205.1646319102,-1623.754101676699,0.091165019880253
p103,2042,186.73536506250093,186.73536506250093,1890.9864617691,3358.238288213499,-1704.2510967065991,0.08987505577070487
p103,2043,192.4355131029006,192.4355131029006,1977.7909624076,3512.3960273232988,-1785.3554493046995,0.08867070569565055
p103,2044,198.13874015449983,198.13874015449983,2065.2102211235997,3667.6455268214995,-1867.0714809690999,0.08754228514661393
p103,2045,203.84504788020058,203.84504788020058,2153.248591694801,3823.9945186633013,-1949.4035438146002,0.08648152303230308
p103,2046,209.5544379441999,209.5544379441999,2241.9104587327,3981.450789562601,-2032.3560207885002,0.08548131291957835
p103,2047,215.26691201140056,215.26691201140056,2331.200237901101,4140.0221813793,-2115.9333258897004,0.08453551502472643
p103,2048,220.98247174780045,220.98247174780045,2421.1223761357996,4299.7165915103,-2200.139904387999,0.08363879727362583
p103,2049,226.70111881999946,226.70111881999946,2511.6813518666004,4460.5419732826995,-2284.980233046601,0.0827865067231307
p103,2050,232.4228548957999,232.4228548957999,2602.8816752395996,4622.506336349699,-2370.4588203437997,0.08197456478676757
p104,2023,0.0,0.0,0.0,0.0,0.0,
p104,2024,0.9339086918300836,0.9339086918300836,3.5645247057100278,6.329572563510055,-2.630616013879944,0.20760754006956622
p104,2025,1.8686641583799428,1.8686641583799428,7.141385069030093,12.681049713600032,-5.2727209106501505,0.20739777455323577
p104,2026,2.8042671674199937,2.8042671674199937,10.730623779659936,19.05450725489004,-7.9263566122399425,0.20718801343759605
p104,2027,3.7407184874100494,3.7407184874100494,14.332283675009876,25.450021254340072,-10.591565187599826,0.20697825705948886
p104,2028,4.6780188875300155,4.6780188875300155,17.946407740759923,31.867668042169953,-13.268388853229908,0.20676850575654135
p104,2029,5.616169137620091,5.616169137620091,21.573039111339995,38.30752421273996,-15.956869973719904,0.2065587598651349
p104,2030,6.555170008249888,6.555170008249888,25.212221070449914,44.76966662548011,-18.657051062200026,0.20634901972309472
p104,2031,7.048877119590088,7.048877119590088,36.48771614827001,64.79170888270005,-29.438839028679922,0.16190695207182784
p104,2032,7.542819379659932,7.542819379659932,47.883694785479975,85.02769535263997,-40.34087540582004,0.1360868438737923
p104,2033,8.036996900470058,8.036996900470058,59.40144440121003,105.4799121220899,-51.36444750073997,0.11917530632888208
p104,2034,8.531409794049978,8.531409794049978,71.04226617124004,126.15066970564999,-62.510856377190066,0.10721397108475135
p104,2035,9.026058172529929,9.026058172529929,82.80747517494001,147.04230330679002,-73.78141700241008,0.09828717074816333
p104,2036,9.52094214805993,9.52094214805993,94.69840054391989,168.15717308163994,-85.17745839585996,0.09135484740293429
p104,2037,10.016061832850028,10.016061832850028,106.71638561208988,189.49766440562007,-96.70032377923985,0.08580357948525306
p104,2038,10.511417339160062,10.511417339160062,118.86278806750988,211.06618814291005,-108.35137072834982,0.08124816926309904
p104,2039,11.007008779329908,11.007008779329908,131.13898010570006,232.86518091884,-120.13197132637015,0.07743453660329845
p104,2040,11.502836265719907,11.502836265719907,143.5463485846899,254.89710539511998,-132.04351231897,0.0741883053227126
p104,2041,11.875083155490074,11.875083155490074,151.2771802207501,268.62484299178004,-139.40209706526002,0.07278527989590514
p104,2042,12.247463090089923,12.247463090089923,159.05893895288,282.4430124907699,-146.81147586279008,0.07149448557688935
p104,2043,12.619976117069882,12.619976117069882,166.89196026494005,296.35220961510004,-154.27198414787017,0.07030159872051056
p104,2044,12.99262228400994,12.99262228400994,174.77658185078008,310.35303401211013,-161.78395956677014,0.06919463893921174
p104,2045,13.36540163848008,13.36540163848008,182.71314362882003,324.44608927932995,-169.34774199033996,0.0681635087625725
p104,2046,13.73831422810008,13.73831422810008,190.70198775669996,338.6319829905101,-176.96367352859988,0.06719963771684075
p104,2047,14.111360100479942,14.111360100479942,198.74345864604993,352.9113267218099,-184.63209854557,0.06629570419678364
p104,2048,14.484539303259908,14.484539303259908,206.83790297732003,367.2847360781898,-192.35336367406012,0.06544541599128587
p104,2049,14.857851884089996,14.857851884089996,214.98566971469995,381.75283071988997,-200.12781783060996,0.0646433355212228
p104,2050,15.231297890640008,15.231297890640008,223.18711012123003,396.31623438919996,-207.95581223059003,0.06388473951173138
p105,2023,0.0,0.0,0.0,0.0,0.0,
p105,2024,215.4021847335198,215.4021847335198,18.134172624480016,30.246653692100153,197.26801210903977,0.922349681096202
p105,2025,437.5438190879695,437.5438190879695,36.31611134138984,60.57297820709937,401.22770774657965,0.9233610841320046
p105,2026,666.6357652756096,666.6357652756096,54.54594196840935,90.97918340099932,612.0898233072003,0.9243658825223735
p105,2027,902.8954829127497,902.8954829127497,72.8237906546392,121.46547968239975,830.0716922581105,0.9253639928743197
p105,2028,1146.5472354377598,1146.5472354377598,91.14978388143936,152.0320780143993,1055.3974515563204,0.9263553337701527
p105,2029,1397.8223029873088,1397.8223029873088,109.52404846334957,182.6791899154996,1288.2982545239593,0.927339825808485
p105,2030,1656.9592019330603,1656.9592019330603,127.94671154892967,213.40702746150055,1529.0124903841306,0.9283173916437245
p105,2031,1799.8840688747996,1799.8840688747996,205.94336319324975,343.5005123026003,1593.9407056815498,0.8973274769799524
p105,2032,1945.2004931911297,1945.2004931911297,284.80753391368944,475.0409641276001,1660.3929592774402,0.872284076805118
p105,2033,2092.948492737579,2092.948492737579,364.54887270583004,608.0444768511006,1728.3996200317488,0.8516584889033831
p105,2034,2243.1687549872104,2243.1687549872104,445.1771358863798,742.5273233927,1797.9916191008306,0.8344048147235558
p105,2035,2395.90264823531,2395.90264823531,526.7021882868294,878.5059576678996,1869.2004599484808,0.8197833036800152
p105,2036,2551.1922329915697,2551.1922329915697,609.1340044604394,1015.9970166009007,1942.0582285311302,0.8072559733733219
p105,2037,2709.0802735628795,2709.0802735628795,692.4826699025998,1155.0173221606,2016.5976036602797,0.7964222090222134
p105,2038,2869.6102498299797,2869.6102498299797,776.7583822847992,1295.5838834184997,2092.8518675451805,0.7869775492681594
p105,2039,3032.8263692210903,3032.8263692210903,861.9714527022998,1437.7138986295995,2170.8549165187906,0.7786864704888257
p105,2040,3198.77357888598,3198.77357888598,948.1323069356695,1581.4247573369994,2250.6412719503105,0.7713639197413783
p105,2041,3327.61629755818,3327.61629755818,1003.5732373396995,1673.8967248772005,2324.0430602184806,0.7682915445621658
p105,2042,3458.1053424970787,3458.1053424970787,1059.4065870053391,1767.0232229411995,2398.6987554917396,0.7654889232086594
p105,2043,3590.261750127579,3590.261750127579,1115.6351335352792,1860.8088843949008,2474.6266165923,0.7629282661487221
p105,2044,3724.106825673679,3724.106825673679,1172.2616741924794,1955.2583748959005,2551.8451514811995,0.760585488158311
p105,2045,3859.6621465934795,3859.6621465934795,1229.2890260393797,2050.3763931264,2630.3731205541,0.7584396107688758
p105,2046,3996.94956605718,3996.94956605718,1286.72002607797,2146.1676710264,2710.22953997921,0.7564722767689185
p105,2047,4135.991216470679,4135.991216470679,1344.5575313910003,2242.6369740293994,2791.433685079679,0.7546673529880379
p105,2048,4276.80951304308,4276.80951304308,1402.804419284069,2339.7891012991004,2874.0050937590113,0.7530106031856134
p105,2049,4419.427157400579,4419.427157400579,1461.4635874287897,2437.628885968599,2957.963569971789,0.7514894170217757
p105,2050,4563.86714124618,4563.86714124618,1520.5379540069089,2536.1611953808006,3043.329187239271,0.7500925842046255
p106,2023,0.0,0.0,0.0,0.0,0.0,
p106,2024,71.76352733197996,71.76352733197996,4.835112303229835,8.062789075289857,66.92841502875012,0.9368773084449492
p106,2025,146.33263660560988,146.33263660560988,9.682960474049878,16.146815840109866,136.64967613156,0.9379359457945358
p106,2026,223.81701153241988,223.81701153241988,14.54357805918994,24.252136235340004,209.27343347322994,0.9389849719531744
p106,2027,304.33062388853,304.33062388853,19.416998693789992,32.37880634921021,284.91362519474,0.9400242740350849
p106,2028,387.9919011557902,387.9919011557902,24.303256101550005,40.526882417670095,363.68864505424017,0.9410537434802302
p106,2029,474.92390071669,474.92390071669,29.202384095019852,48.69642082481005,445.72151662167016,0.9420732761317397
p106,2030,565.2544908595398,565.2544908595398,34.114416575789846,56.88747810325003,531.14007428375,0.9430827723083538
p106,2031,615.6637045772798,615.6637045772798,54.91065458378989,91.56623427311979,560.7530499934899,0.9181139961085203
p106,2032,667.1313162723698,667.1313162723698,75.93819910050001,126.63070549460008,591.1931171718697,0.8978047174194806
p106,2033,719.6795481973497,719.6795481973497,97.19962283647988,162.08518188985,622.4799253608699,0.8810110157252932
p106,2034,773.3310891858998,773.3310891858998,118.69752711729984,197.93400129802012,654.6335620686,0.8669352922676253
p106,2035,828.1091044492098,828.1091044492098,140.43454220181002,234.18154980591999,687.6745622473998,0.8550044257815357
p106,2036,884.03724557803,884.03724557803,162.41332760396995,270.83226228471995,721.6239179740601,0.84479598772629
p106,2037,941.1396607548202,941.1396607548202,184.6365724182299,307.8906229324798,756.5030883365903,0.835991765523577
p106,2038,999.4410051801899,999.4410051801899,207.10699564851984,345.36116582287013,792.3340095316701,0.8283474876206585
p106,2039,1058.9664517183498,1058.9664517183498,229.82734654095998,383.24847545982993,829.1391051773899,0.821672522903685
p106,2040,1119.7417017660298,1119.7417017660298,252.80040492018975,421.5571873385602,866.94129684584,0.8158159201902117
p106,2041,1167.33184011946,1167.33184011946,267.58261364017994,446.20725201158984,899.74922647928,0.813520162864704
p106,2042,1215.6883196574101,1215.6883196574101,282.46945306149996,471.0317935577,933.2188665959102,0.8114554700411397
p106,2043,1264.8234807266801,1264.8234807266801,297.4616637760398,496.03204695051,967.3618169506403,0.8095983535254553
p106,2044,1314.7498623899198,1314.7498623899198,312.55999161769,521.2092559049402,1002.1898707722298,0.807928409670757
p106,2045,1365.48020562558,1365.48020562558,327.76518769945983,546.5646729391301,1037.7150179261203,0.8064278284815973
p106,2046,1417.02745657935,1417.02745657935,343.0780084508699,572.09955943673,1073.94944812848,0.8050809935727462
p106,2047,1469.4047698679099,1469.4047698679099,358.49921565555974,597.81518570965,1110.9055542123501,0.8038741539518588
p106,2048,1522.62551193596,1522.62551193596,374.02957648916004,623.7128310612602,1148.5959354468,0.8027951530187104
p106,2049,1576.7032644672897,1576.7032644672897,389.6698635575301,649.7937838500402,1187.0334009097596,0.8018332034729618
p106,2050,1631.6518278507199,1631.6518278507199,405.4208549351099,676.05934155366,1226.23097291561,0.8009786993065606
p107,2023,0.0,0.0,0.0,0.0,0.0,
p107,2024,112.38977140430006,112.38977140430006,7.675890877389975,12.801422706919766,104.71388052691009,0.936069224693224
p107,2025,229.1141201137698,229.1141201137698,15.372000339929855,25.63656484250987,213.74211977383993,0.9371252637515635
p107,2026,350.34021935226974,350.34021935226974,23.08838164410963,38.505515225019735,327.2518377081601,0.938171897967897
p107,2027,476.24168977435966,476.24168977435966,30.825088186739777,51.408362906619914,445.4166015876199,0.9392090163928969
p107,2028,606.9988481257001,606.9988481257001,38.582173505260016,64.34519717408966,568.4166746204401,0.9402365122075799
p107,2029,742.79896549365,742.79896549365,46.35969127811995,77.31610754935991,696.4392742155301,0.9412542827981326
p107,2030,883.8365355178998,883.8365355178998,54.15769532518971,90.32118379018993,829.6788401927101,0.942262229825751
p107,2031,962.4810709853,962.4810709853,87.17236873883985,145.3812148211,875.3087022464601,0.9169512855959872
p107,2032,1042.7541057657,1042.7541057657,120.55424841550985,201.0536519777097,922.1998573501901,0.8963694810733466
p107,2033,1124.68936133759,1124.68936133759,154.30741861305978,257.3453067574901,970.3819427245303,0.879352770052311
p107,2034,1208.3212574530994,1208.3212574530994,188.43600901658965,314.26306641894007,1019.8852484365098,0.8650903678540635
p107,2035,1293.6849265972,1293.6849265972,222.94419524368004,371.81389482417035,1070.74073135352,0.8530001883564843
p107,2036,1380.8162287463097,1380.8162287463097,257.83619935529987,430.00483329099006,1122.9800293910098,0.8426535152094425
p107,2037,1469.75176643252,1469.75176643252,293.1162903723398,488.8430014543801,1176.6354760601803,0.8337276069863088
p107,2038,1560.5289001198003,1560.5289001198003,328.78878479799005,548.3355981375798,1231.7401153218102,0.8259748546140896
p107,2039,1653.1857638985098,1653.1857638985098,364.8580471457799,608.48990223286,1288.3277167527299,0.8192021178385743
p107,2040,1747.7612815049802,1747.7612815049802,401.3284904736297,669.3132735920899,1346.4327910313505,0.8132565257596768
p107,2041,1821.7762693342797,1821.7762693342797,424.79570569953967,708.4505863366003,1396.98056363474,0.8109138231847013
p107,2042,1896.9663671440999,1896.9663671440999,448.42902541187004,747.8649188795998,1448.5373417322298,0.8088045082568445
p107,2043,1973.3502317431198,1973.3502317431198,472.2296253231998,787.5582320089698,1501.12060641992,0.8069048434633088
p107,2044,2050.94681614759,2050.94681614759,496.1986894679999,827.5325003913704,1554.7481266795903,0.8051942111771587
p107,2045,2129.77537428418,2129.77537428418,520.3374102615098,867.7897126704202,1609.4379640226703,0.803654616778617
p107,2046,2209.85546576738,2209.85546576738,544.64698855905,908.3318715656596,1665.20847720833,0.8022702838025842
p107,2047,2291.2069607527997,2291.2069607527997,569.1286337157899,949.1609939721902,1722.0783270370098,0.8010273218232191
p107,2048,2373.85004486756,2373.85004486756,593.7835636468899,990.2791110609996,1780.06648122067,0.7999134522727931
p107,2049,2457.80522421887,2457.80522421887,618.61300488811,1031.6882683800104,1839.19221933076,0.7989177807376078
p107,2050,2543.0933304822297,2543.0933304822297,643.6181926567897,1073.3905259558196,1899.47513782544,0.7980306067921693
p108,2023,0.0,0.0,0.0,0.0,0.0,
p108,2024,3.728720528114991,3.728720528114991,2.5348784068600025,4.198655924860077,1.1938421212549883,0.5953000131113723
p108,2025,7.471888283494991,7.471888283494991,5.076433778741034,8.408371267280017,2.395454504753957,0.5954491960308796
p108,2026,11.229559243083031,11.229559243083031,7.624683703018036,12.629175158160024,3.604875540064995,0.5955985225811058
p108,2027,15.00178960070798,15.00178960070798,10.179645813395041,16.86109680518007,4.822143787312939,0.5957479926782145
p108,2028,18.78863576792901,18.78863576792901,12.741337790022044,21.104165492899938,6.047297977906965,0.5958976062379537
p108,2029,22.590154374874032,22.590154374874032,15.309777359620057,25.35841058306005,7.2803770152539755,0.5960473631754307
p108,2030,26.40640227108804,26.40640227108804,17.884982295601958,29.623861514729924,8.521419975486083,0.5961972634052035
p108,2031,28.42262349972998,28.42262349972998,28.78771451034504,47.68264535489993,-0.36509101061506044,0.49680922169564207
p108,2032,30.442956083596982,30.442956083596982,39.81171254841297,65.94228832354997,-9.368756464815988,0.43332289051216644
p108,2033,32.46740840631196,32.46740840631196,50.95832519097303,84.40502447971994,-18.490916784661067,0.3891773797643726
p108,2034,34.49598886859599,34.49598886859599,62.228916221033046,103.07311273081996,-27.73292735243706,0.3566401935120088
p108,2035,36.52870588829899,36.52870588829899,73.62486459030299,121.9488371089999,-37.096158702004004,0.331616176666692
p108,2036,38.56556790043305,38.56556790043305,85.14756458792306,141.03450705058003,-46.581996687490005,0.311733824249118
p108,2037,40.60658335722303,40.60658335722303,96.79842601099301,160.33245767865992,-56.19184265376998,0.2955247668475177
p108,2038,42.651760728113004,42.651760728113004,108.57887433716303,179.84505008874999,-65.92711360905002,0.28203122144996035
p108,2039,44.70110849982302,44.70110849982302,120.49035089893312,199.57467163769002,-75.7892423991101,0.27060181357148066
p108,2040,46.754635176382976,46.754635176382976,132.53431306007303,219.52373623576,-85.77967788369006,0.26077812177647686
p108,2041,48.301446070953034,48.301446070953034,140.28410238036292,232.36013058035996,-91.98265630940989,0.25612485403897334
p108,2042,49.850627991042984,49.850627991042984,148.08874587753292,245.28738285885993,-98.23811788648993,0.25184796241773444
p108,2043,51.40218457108301,51.40218457108301,155.9486318177029,258.30613617743006,-104.54644724661989,0.2478996006203474
p108,2044,52.956119451063046,52.956119451063046,163.86415121523294,271.4170381942099,-110.90803176416989,0.24423970733145525
p108,2045,54.512436276542985,54.512436276542985,171.83569785210295,284.62074115157,-117.32326157555997,0.24083448483635658
p108,2046,56.071138698703066,56.071138698703066,179.8636682975731,297.91790190857,-123.79252959887003,0.23765522100174077
p108,2047,57.63223037428304,57.63223037428304,187.9484619278429,311.30918197360006,-130.31623155355987,0.23467736748368198
p108,2048,59.19571496564299,59.19571496564299,196.0904809459929,324.7952475372899,-136.89476598034992,0.23187981141813419
p108,2049,60.76159614077301,60.76159614077301,204.29013040194297,338.37676950570994,-143.52853426116997,0.22924429481496175
p108,2050,62.32987757325293,62.32987757325293,212.54781821262293,352.05442353365993,-150.21794063937,0.2267549478507221
p109,2023,0.0,0.0,0.0,0.0,0.0,
p109,2024,30.775149408419566,30.775149408419566,19.496257856009834,32.295008836919806,11.278891552409732,0.6121799862602051
p109,2025,61.71841509139995,61.71841509139995,39.059985902739754,64.70178016801947,22.658429188660193,0.6124170901956352
p109,2026,92.83071542243033,92.83071542243033,58.69141763250991,97.22070076686032,34.13929778992042,0.6126544917947462
p109,2027,124.11297379185999,124.11297379185999,78.39078734569011,129.85215874549067,45.72218644616987,0.6128921907161843
p109,2028,155.5661186342295,155.5661186342295,98.15833015349017,162.5965435590606,57.40778848073933,0.6131301866158944
p109,2029,187.1910834558903,187.1910834558903,117.9942819807502,195.45424601054037,69.19680147514009,0.6133684791473168
p109,2030,218.98880686267967,218.98880686267967,137.8988795687901,228.42565825530983,81.08992729388956,0.6136070679612262
p109,2031,235.83160045186014,235.83160045186014,199.57048452057006,330.5829564206306,36.26111593129008,0.5416409534804894
p109,2032,252.72286435542992,252.72286435542992,261.90107734178036,433.8318496614702,-9.178212986350445,0.49108260202966747
p109,2033,269.66273806161007,269.66273806161007,324.89769960387,538.1840021450498,-55.23496154225995,0.453549750333929
p109,2034,286.6513614600399,286.6513614600399,388.56746812051006,643.6512026752898,-101.91610666047018,0.4245310540852503
p109,2035,303.6888748429501,303.6888748429501,452.91757575163956,750.2453660245992,-149.22870090868946,0.4013828782510273
p109,2036,320.7754189062898,320.7754189062898,517.9552922160201,857.9785342799005,-197.17987330973028,0.3824534080516243
p109,2037,337.9111347509097,337.9111347509097,583.6879649125103,966.8628782029991,-245.77683016160063,0.3666574054535418
p109,2038,355.0961638837298,355.0961638837298,650.12301975012,1076.9106986055995,-295.0268558663902,0.35325247435098023
p109,2039,372.33064821888,372.33064821888,717.2679619869195,1188.1344277389999,-344.93731376803953,0.3417135858392436
p109,2040,389.6147300788998,389.6147300788998,785.1303770779195,1300.5466306982999,-395.51564699901974,0.3316589511250369
p109,2041,402.65693373385966,402.65693373385966,827.41435585823,1370.5888653905004,-424.75742212437035,0.32734438819996103
p109,2042,415.7273776903703,415.7273776903703,869.9768816760698,1441.0925055024,-454.24950398569945,0.3233460375212799
p109,2043,428.82612309719025,428.82612309719025,912.8197894688101,1512.0605905567008,-483.99366637161984,0.31962689937841166
p109,2044,441.9532312354895,441.9532312354895,955.9449262614899,1583.4961800990004,-513.9916950260003,0.31615552883110837
p109,2045,455.10876351913976,455.10876351913976,999.3541512465199,1655.4023538298006,-544.2453877273801,0.3129050310591563
p109,2046,468.29278149496986,468.29278149496986,1043.0493358637896,1727.7822117371998,-574.7565543688197,0.30985226714475755
p109,2047,481.5053468430997,481.5053468430997,1087.0323638813397,1800.6388742307008,-605.52701703824,0.306977220599123
p109,2048,494.7465213771802,494.7465213771802,1131.3051314766099,1873.9754822754003,-636.5586100994296,0.3042624879159767
p109,2049,508.01636704474004,508.01636704474004,1175.8695473181697,1947.7951975275992,-667.8531802734296,0.30169286571706116
p109,2050,521.3149459274,521.3149459274,1220.7275326479803,2022.1012024713,-699.4125867205803,0.2992550137776919
p11,2023,0.0,0.0,0.0,0.0,0.0,
p11,2024,9.019900620489807,9.019900620489807,15.243501943029969,27.472533580480103,-6.223601322540162,0.3717492052846414
p11,2025,18.077302056319695,18.077302056319695,30.594108136449904,55.13809531986999,-12.516806080130209,0.37141521038166214
p11,2026,27.17236021953977,27.17236021953977,46.05257111865967,82.99804147713985,-18.880210899119902,0.37108071968057543
p11,2027,36.30523167040974,36.30523167040974,61.619648715539824,111.05373784064022,-25.314417045130085,0.37074573415173534
p11,2028,45.476073620089664,45.476073620089664,77.29610407763994,139.3065597950599,-31.820030457550274,0.37041025477330636
p11,2029,54.68504393335979,54.68504393335979,93.08270571757976,167.75789238881998,-38.39766178421996,0.3700742825314596
p11,2030,63.932301131359964,63.932301131359964,108.98022754771955,196.40913040206033,-45.04792641635959,0.36973781842041303
p11,2031,68.82010537627957,68.82010537627957,147.00404303156984,264.9373827447098,-78.18393765529026,0.3188712008548188
p11,2032,73.71860636920974,73.71860636920974,185.66240454815988,334.60924285269994,-111.94379817895015,0.2842097272598498
p11,2033,78.62782751952,78.62782751952,224.96590147844972,405.44379539075,-146.33807395892973,0.25899028869613383
p11,2034,83.5477922878199,83.5477922878199,264.92529992026994,477.46044351079036,-181.37750763245003,0.23975392693427688
p11,2035,88.47852418602997,88.47852418602997,305.5515456373996,550.6789141669096,-217.07302145136964,0.22454764486801335
p11,2036,93.42004677756995,93.42004677756995,346.8557670578198,625.11926351896,-253.43572028024983,0.21218527986753738
p11,2037,98.37238367739974,98.37238367739974,388.84927832209996,700.80188242646,-290.4768946447002,0.20190478246326565
p11,2038,103.33555855215991,103.33555855215991,431.54358238254963,777.7475020340198,-328.2080238303897,0.1931942202337138
p11,2039,108.30959512028994,108.30959512028994,474.9503741541098,855.9771994501098,-366.64077903381985,0.18569694617484497
p11,2040,113.29451715212963,113.29451715212963,519.0815437179199,935.5124035205599,-405.78702656579026,0.17915687225138516
p11,2041,117.05057347267984,117.05057347267984,539.7009381228299,972.6736153808797,-422.6503646501501,0.17822657642358158
p11,2042,120.81280987733999,120.81280987733999,560.47846682194,1010.1198240695803,-439.66565694459996,0.177329160095303
p11,2043,124.58123653460962,124.58123653460962,581.4153425790196,1047.8532152848302,-456.83410604440996,0.17646153001338896
p11,2044,128.3558636297098,128.3558636297098,602.5127874588197,1085.8759914873299,-474.1569238291099,0.17562097298678933
p11,2045,132.13670136462997,132.13670136462997,623.7720328982996,1124.1903720289301,-491.6353315336696,0.17480509931331015
p11,2046,135.92375995812972,135.92375995812972,645.19431977861,1162.7985932821002,-509.27055982048023,0.17401179601929087
p11,2047,139.71704964580977,139.71704964580977,666.7808984974199,1201.7029087705296,-527.0638488516101,0.1732391879824061
p11,2048,143.51658068008965,143.51658068008965,688.5330290419897,1240.9055893006198,-545.0164483619001,0.17248560542925676
p11,2049,147.32236333025958,147.32236333025958,710.4519810626498,1280.40892309405,-563.1296177323902,0.17174955662089325
p11,2050,151.13440788250955,151.13440788250955,732.53903394694,1320.2152159213301,-581.4046260644304,0.17102970478508367
p110,2023,0.0,0.0,0.0,0.0,0.0,
p110,2024,2.7571803259199896,2.7571803259199896,2.16004937009302,3.5748761389299943,0.5971309558269695,0.5607182288343308
p110,2025,5.526540092445998,5.526540092445998,4.3275739666639765,7.162123758419966,1.1989661257820217,0.5608358153046542
p110,2026,8.308133100473924,8.308133100473924,6.502599659035013,10.761785672109909,1.8055334414389108,0.5609535487121562
p110,2027,11.10201338855802,11.10201338855802,8.685152406051998,14.37390484183993,2.416860982506023,0.561071429015983
p110,2028,13.908235233961022,13.908235233961022,10.875258256396023,17.998524378110005,3.0329769775649993,0.5611894561746328
p110,2029,16.726853153703928,16.726853153703928,13.072943348895024,21.635687540599974,3.6539098048089045,0.561307630145901
p110,2030,19.557921905633975,19.557921905633975,15.278233912834935,25.28543773872002,4.27968799279904,0.561425950887068
p110,2031,21.05496427201001,21.05496427201001,22.111017537905013,36.593677023420014,-1.0560532658950024,0.4877675287157209
p110,2032,22.555488133013,22.555488133013,29.016812421996974,48.02274975357,-6.461324288983974,0.43735664087651127
p110,2033,24.05950158514497,24.05950158514497,35.99639872210594,59.57394708700008,-11.936897136960965,0.4006184481800221
p110,2034,25.56701274373495,25.56701274373495,43.050564931542,71.24857397809001,-17.48355218780705,0.3726015054732367
p110,2035,27.078029742986928,27.078029742986928,50.18010796901194,83.04794932527011,-23.102078226025014,0.3504877355952818
p110,2036,28.59256073601898,28.59256073601898,57.38583326864102,94.9734061199199,-28.79327253262204,0.3325551851372017
p110,2037,30.110613894912035,30.110613894912035,64.668554870972,107.02629159704998,-34.55794097605997,0.3176923187550724
p110,2038,31.63219741075102,31.63219741075102,72.02909551491996,119.20796738744002,-40.39689810416894,0.30514955503625146
p110,2039,33.157319493671025,33.157319493671025,79.46828673072594,131.51980967149007,-46.31096723705491,0.29440302791896084
p110,2040,34.68598837289903,34.68598837289903,86.98696893389001,143.96320933469997,-52.30098056099098,0.28507557587706994
p110,2041,35.838148307404936,35.838148307404936,91.67173882173097,151.7164914218199,-55.83359051432603,0.28106172089313963
p110,2042,36.992323055804036,36.992323055804036,96.38736977826602,159.5208484980701,-59.395046722461984,0.2773459907560594
p110,2043,38.148516141458,38.148516141458,101.134065101754,167.37661702153991,-62.985548960296,0.273892943402908
p110,2044,39.30673109388795,39.30673109388795,105.91202942968698,175.28413566676,-66.60529833579903,0.2706725422539801
p110,2045,40.466971448787945,40.466971448787945,110.72146874761393,183.24374533927994,-70.25449729882598,0.2676591635988782
p110,2046,41.62924074803698,41.62924074803698,115.56259039801898,191.25578919037002,-73.933349649982,0.2648308149636406
p110,2047,42.793542539703935,42.793542539703935,120.43560308926203,199.32061263184005,-77.6420605495581,0.26216851393057816
p110,2048,43.95988037806603,43.95988037806603,125.34071690457597,207.43856335089004,-81.38083652650994,0.25965579025498886
p110,2049,45.12825782361301,45.12825782361301,130.278143311122,215.60999132512006,-85.14988548750898,0.25727828364113475
p110,2050,46.29867844306398,46.29867844306398,135.24809516911102,223.83524883763994,-88.94941672604705,0.2550234164004943
p111,2023,0.0,0.0,0.0,0.0,0.0,
p111,2024,153.3196432716095,153.3196432716095,19.75539686502998,32.53033466212946,133.5642464065795,0.8858564652105037
p111,2025,310.75713651072965,310.75713651072965,39.5791607163801,65.17324620438922,271.17797579434955,0.8870252353819837
p111,2026,472.4230766897499,472.4230766897499,59.47152814989022,97.92912421865913,412.9515485398597,0.888189262292254
p111,2027,638.4310311880599,638.4310311880599,79.43273658020007,130.79835964503945,558.9982946078599,0.889348452803036
p111,2028,808.8976175710295,808.8976175710295,99.46302424353962,163.78134477658932,709.4345933274899,0.8905027148194695
p111,2029,983.9425855117797,983.9425855117797,119.56263020060942,196.87847326393967,864.3799553111703,0.891651957328155
p111,2030,1163.68890091307,1163.68890091307,139.73179433942005,230.0901401200099,1023.95710657365,0.8927960904346757
p111,2031,1262.1589126773797,1262.1589126773797,202.22312165586027,332.9918335141392,1059.9357910215194,0.8619054885169114
p111,2032,1362.0398702576394,1362.0398702576394,265.38219593102986,436.99307616993065,1096.6576743266096,0.8369309342397329
p111,2033,1463.3519906525198,1463.3519906525198,329.21615233103967,542.1056172485496,1134.1358383214802,0.8163438563718473
p111,2034,1566.1157805436696,1566.1157805436696,393.73220226434023,648.3413314560003,1172.3835782793294,0.7991006416221054
p111,2035,1670.3520404465598,1670.3520404465598,458.9376341964198,755.7122203847994,1211.41440625014,0.7844644438651258
p111,2036,1776.0818689206799,1776.0818689206799,524.83981447318,864.2304138695999,1251.2420544474999,0.7719001831913543
p111,2037,1883.3266668401602,1883.3266668401602,591.4461881531397,973.9081713574997,1291.8804786870205,0.7610099096732088
p111,2038,1992.10814172552,1992.10814172552,658.7642798484894,1084.7578832931995,1333.3438618770306,0.7514915186083023
p111,2039,2102.4483121374897,2102.4483121374897,726.8016945751597,1196.7920725188997,1375.64661756233,0.7431115338514598
p111,2040,2214.3695121338396,2214.3695121338396,795.5661186119896,1310.0233956884003,1418.80339352185,0.7356866670218934
p111,2041,2300.8449650185894,2300.8449650185894,838.4121246510294,1380.576011002,1462.43284036756,0.7329265808111098
p111,2042,2388.26426353692,2388.26426353692,881.5403800998301,1451.5933938837006,1506.72388343709,0.7303996794379247
p111,2043,2476.63770939355,2476.63770939355,924.9527442852195,1523.0786060043993,1551.6849651083303,0.7280822730188178
p111,2044,2565.9757167322405,2565.9757167322405,968.6510887824197,1595.0347292038005,1597.3246279498208,0.7259537874631777
p111,2045,2656.2888133630695,2656.2888133630695,1012.6372974957094,1667.4648656237005,1643.65151586736,0.7239962684179859
p111,2046,2747.587642003009,2747.587642003009,1056.9132667396598,1740.3721378408009,1690.6743752633492,0.7221939770573076
p111,2047,2839.88296153012,2839.88296153012,1101.48090532085,1813.7596890021996,1738.40205620927,0.7205330584712292
p111,2048,2933.1856482513904,2933.1856482513904,1146.3421346201994,1887.6306829606,1786.843513631191,0.7190012678836847
p111,2049,3027.506697184439,3027.506697184439,1191.49888867579,1961.988304410601,1836.0078085086488,0.7175877432660828
p111,2050,3122.8572233531704,3122.8572233531704,1236.95311426622,2036.8357590260002,1885.9041090869505,0.7162828154259482
p112,2023,0.0,0.0,0.0,0.0,0.0,
p112,2024,151.3222115255794,151.3222115255794,25.447293476740015,41.89491823609933,125.87491804883939,0.8560425143669089
p112,2025,305.75846485693,305.75846485693,50.98265173783966,83.93482112240054,254.77581311909034,0.8570878170016157
p112,2026,463.3728434902496,463.3728434902496,76.60637954680988,126.1202104033,386.7664639434397,0.8581308756363903
p112,2027,624.2307496884096,624.2307496884096,102.31878272183985,168.45158955989973,521.9119669665697,0.8591716350261649
p112,2028,788.3989316196494,788.3989316196494,128.12016813944956,210.92946381550064,660.2787634801998,0.8602100401692391
p112,2029,955.9455110548506,955.9455110548506,154.01084373814956,253.5543401417999,801.934667316701,0.8612460363210663
p112,2030,1126.9400116347106,1126.9400116347106,179.99111852216993,296.3267272651992,946.9488931125406,0.8622795690079215
p112,2031,1219.7110491630892,1219.7110491630892,260.48735744042006,428.85097197039977,959.2236917226692,0.8240186205590241
p112,2032,1313.4969741036302,1313.4969741036302,341.84373361345934,562.7912957567005,971.6532404901709,0.7934904083372043
p112,2033,1408.3088890211593,1408.3088890211593,424.0694379812394,698.1628300437005,984.2394510399199,0.7685688420715073
p112,2034,1504.1580179392595,1504.1580179392595,507.1737596928597,834.9808679368998,996.9842582463998,0.7478418203634508
p112,2035,1601.0557076689702,1601.0557076689702,591.1660871560598,973.2608659552006,1009.8896205129104,0.7303347277398804
p112,2036,1699.0134291520599,1699.0134291520599,676.0559090977295,1113.0184457770993,1022.9575200543304,0.7153531906584583
p112,2037,1798.042778818949,1798.042778818949,761.8528156359798,1254.2693960057004,1036.1899631829692,0.7023891063032986
p112,2038,1898.1554799615706,1898.1554799615706,848.56649936347,1397.0296739519,1049.5889805981005,0.6910621075774147
p112,2039,1999.3633841211295,1999.3633841211295,936.2067564424206,1541.3154074375998,1063.156627678709,0.6810817961710517
p112,2040,2101.6784724911804,2101.6784724911804,1024.7834877112991,1687.1428966175008,1076.8949847798813,0.672222627124198
p112,2041,2180.18734348194,2180.18734348194,1079.9742235608892,1778.0056584244994,1100.2131199210507,0.6687359809162791
p112,2042,2259.3481099683695,2259.3481099683695,1135.52853011535,1869.466981527199,1123.8195798530196,0.665516997964513
p112,2043,2339.1661849405,2339.1661849405,1191.4488024081393,1961.5308089668997,1147.7173825323607,0.6625378845675628
p112,2044,2419.64702633495,2419.64702633495,1247.73745125002,2054.2011097598006,1171.90957508493,0.6597745726208465
p112,2045,2500.7961374081106,2500.7961374081106,1304.3969033330895,2147.4818790681,1196.399234075021,0.6572061155985373
p112,2046,2582.6190671124305,2582.6190671124305,1361.4296013353205,2241.3771383723997,1221.18946577711,0.6548141983574622
p112,2047,2665.121410475919,2665.121410475919,1418.8380040259499,2335.8909356448003,1246.2834064499693,0.6525827365013104
p112,2048,2748.3088089846196,2748.3088089846196,1476.6245863713802,2431.0273455235,1271.6842226132394,0.6504975467792061
p112,2049,2832.1869509686194,2832.1869509686194,1534.791839641969,2526.7904694888,1297.3951113266503,0.6485460742465902
p112,2050,2916.7615719905198,2916.7615719905198,1593.3422715193892,2623.1844360392006,1323.4193004711306,0.6467171651020348
p113,2023,0.0,0.0,0.0,0.0,0.0,
p113,2024,37.372467009859974,37.372467009859974,5.695844330869932,9.378426269609918,31.676622678990043,0.8677486032408392
p113,2025,75.59354002461987,75.59354002461987,11.411400121560064,18.789308214250013,64.1821399030598,0.8688419289480874
p113,2026,114.68248810005002,114.68248810005002,17.146735586999966,28.232758152400038,97.53575251305006,0.8699322114821469
p113,2027,154.65901782892,154.65901782892,22.901919178189928,37.70888879128006,131.7570986507301,0.8710193831806999
p113,2028,195.54328327601002,195.54328327601002,28.67701958302996,47.217813228150135,166.86626369298006,0.87210337682463
p113,2029,237.35589613872003,237.35589613872003,34.47210572710992,56.759644951619975,202.8837904116101,0.8731841256585302
p113,2030,280.11793613841996,280.11793613841996,40.28724677455989,66.33449784311006,239.83068936386007,0.874261563410784
p113,2031,303.3947645165499,303.3947645165499,58.30464601263998,96.0008371088602,245.09011850390993,0.8388035912822295
p113,2032,326.95290758968986,326.95290758968986,76.51456898260994,125.98417408728983,250.4383386070799,0.8103575296015245
p113,2033,350.79576521782997,350.79576521782997,94.91907288410994,156.28789603655014,255.87669233372003,0.7870408055331537
p113,2034,374.9267783503599,374.9267783503599,113.52023689886005,186.91542640912985,261.40654145149983,0.7675894552432904
p113,2035,399.34942952263987,399.34942952263987,132.32016242553004,217.87022523860014,267.0292670971098,0.7511233208943247
p113,2036,424.06724335858985,424.06724335858985,151.32097331716,249.15578953047998,272.74627004142985,0.7370106496246962
p113,2037,449.08378707937004,449.08378707937004,170.52481612107,280.77565365731016,278.55897095830005,0.7247862356328417
p113,2038,474.40267101818995,474.40267101818995,189.93386032138005,312.73338975794013,284.4688106968099,0.7140999307408297
p113,2039,500.02754914133016,500.02754914133016,209.5502985840899,345.0326081410799,290.47725055724027,0.7046831446953824
p113,2040,525.9621195755101,525.9621195755101,229.37634700476997,377.67695769315014,296.5857725707401,0.6963264057724365
p113,2041,545.9090776034998,545.9090776034998,241.72963872880996,398.01712657611006,304.1794388746898,0.6930957890764442
p113,2042,566.0392357088101,566.0392357088101,254.16430814987007,418.49128696007983,311.87492755894004,0.6901204462563719
p113,2043,586.35427646723,586.35427646723,266.68089134607,439.10032151828,319.67338512116,0.6873740949863896
p113,2044,606.85589790792,606.85589790792,279.27992792698,459.8451187385599,327.57596998094004,0.6848339500732319
p113,2045,627.54581365533,627.54581365533,291.96196105685,480.7265729617202,335.58385259848,0.6824801604877799
p113,2046,648.4257530725001,648.4257530725001,304.72753747806996,501.7455844200499,343.69821559443017,0.6802953517560117
p113,2047,669.4974614055398,669.4974614055398,317.5772075346799,522.9030592761701,351.9202538708598,0.6782642514009106
p113,2048,690.7626999295301,690.7626999295301,330.51152519614993,544.1999096620498,360.25117473338014,0.676373380366594
p113,2049,712.22324609575,712.22324609575,343.53104808123,565.6370537183702,368.69219801452005,0.6746107972508586
p113,2050,733.88089368022,733.88089368022,356.63633748201005,587.2154156340898,377.2445561982099,0.6729658850947993
p114,2023,0.0,0.0,0.0,0.0,0.0,
p114,2024,58.32289444337994,58.32289444337994,9.210291866219904,15.164673030790254,49.11260257716003,0.8636182835503105
p114,2025,117.92389061679978,117.92389061679978,18.452457549110022,30.38182604975009,99.47143306768976,0.8646945911276234
p114,2026,178.83099714444006,178.83099714444006,27.72660735356976,45.65164067299975,151.1043897908703,0.8657681598266361
p114,2027,241.0728364381198,241.0728364381198,37.032851966199814,60.974299145170335,204.03998447191998,0.8668389266732287
p114,2028,304.67865814799006,304.67865814799006,46.37130245667004,76.34998434160025,258.30735569132,0.8679068290541934
p114,2029,369.6783529079298,369.6783529079298,55.74207027902003,91.77887977048977,313.9362826289098,0.8689718047350906
p114,2030,436.1024663823,436.1024663823,65.14526727299972,107.26116957509021,370.9571991093003,0.8700337918778519
p114,2031,472.21496459289983,472.21496459289983,94.27975480691975,155.2308738786096,377.9352097859801,0.8335734622437333
p114,2032,508.74848132705984,508.74848132705984,123.72555698689985,203.7131552953897,385.02292434016,0.8043784416563158
p114,2033,545.70792504047,545.70792504047,153.4860003450499,252.7134909343804,392.22192469542006,0.7804815019518067
p114,2034,583.0982614141699,583.0982614141699,183.5644469589497,302.23741642982986,399.5338144552202,0.760566876471038
p114,2035,620.9245140217399,620.9245140217399,213.96429483142992,352.29052656663043,406.96021919031,0.7437212086656927
p114,2036,659.1917650042196,659.1917650042196,244.6889782744497,402.87847591239006,414.5027867297699,0.7292906391756027
p114,2037,697.9051557529197,697.9051557529197,275.7419682970799,454.0069794562096,422.16318745583976,0.7167947591216633
p114,2038,737.0698876002098,737.0698876002098,307.1267729976398,505.68181325436035,429.94311460256995,0.7058726726613013
p114,2039,776.69122251832,776.69122251832,338.84693795999965,557.9088150827401,437.8442845583204,0.6962480083920132
p114,2040,816.7744838263397,816.7744838263397,370.90604665413,610.6938850964498,445.8684371722097,0.6877055427488721
p114,2041,847.5766659809797,847.5766659809797,390.88156137639,643.58341278839,456.6951046045897,0.684380504128544
p114,2042,878.6516263260401,878.6516263260401,410.98866542891983,676.68960127641,467.66296089712023,0.6813152721293774
p114,2043,910.0017805326097,910.0017805326097,431.22822566057994,710.01387782033,478.77355487202976,0.6784830165822683
p114,2044,941.6295656644998,941.6295656644998,451.60111463059,743.5576790820496,490.02845103390973,0.675860486696331
p114,2045,973.5374403677097,973.5374403677097,472.10821064621996,777.3224511875396,501.4292297214897,0.6734274333996728
p114,2046,1005.7278850614998,1005.7278850614998,492.7503978005698,811.3096497891802,512.97748726093,0.6711661400528112
p114,2047,1038.2034021312697,1038.2034021312697,513.5285660107797,845.5207401284797,524.67483612049,0.6690610385338339
p114,2048,1070.96651612305,1070.96651612305,534.4436110563097,879.9571970993002,536.5229050667403,0.6670983931094883
p114,2049,1104.01977393979,1104.01977393979,555.4964346176098,914.6205053113999,548.5233393221802,0.6652660385278809
p114,2050,1137.3657450392798,1137.3657450392798,576.6879443149896,949.5121591544503,560.6778007242901,0.6635531617844225
p115,2023,0.0,0.0,0.0,0.0,0.0,
p115,2024,41.56143042473968,41.56143042473968,11.937776061539807,21.175863595490227,29.623654363199876,0.7768606892402901
p115,2025,83.62360769535962,83.62360769535962,23.916864873109716,42.425009949430205,59.70674282224991,0.7776012667427863
p115,2026,126.19256498735967,126.19256498735967,35.93740940468979,63.747692669569915,90.25515558266989,0.7783419781601342
p115,2027,169.27440816605986,169.27440816605986,47.999553120999735,85.14416624127989,121.27485504506012,0.7790828093865176
p115,2028,212.87531666243967,212.87531666243967,60.103439983239696,106.61468603063986,152.77187667919998,0.7798237462805478
p115,2029,257.00154435941977,257.00154435941977,72.24921445083964,128.15950828745008,184.75232990858012,0.7805647746662433
p115,2030,301.65942048895977,301.65942048895977,84.43702148313969,149.77889014833,217.22239900582008,0.7813058803343198
p115,2031,325.5650266163698,325.5650266163698,122.19923281143974,216.7635137524503,203.36579380493004,0.7270902484097411
p115,2032,349.62297764647974,349.62297764647974,160.3649497596798,284.46389713657027,189.25802788679994,0.6855514784922281
p115,2033,373.83424443813965,373.83424443813965,198.93848396055,352.8876885046702,174.89576047758965,0.6526746576836406
p115,2034,398.19980403725003,398.19980403725003,237.92419311842968,422.0426177850504,160.27561091882035,0.6259782775335198
p115,2035,422.7206397162299,422.7206397162299,277.32648150165005,491.9364975036997,145.39415821457987,0.6038459796546524
p115,2036,447.3977410136299,447.3977410136299,317.14980044006006,562.5772236667999,130.24794057356985,0.5851797524101117
p115,2037,472.2321037741399,472.2321037741399,357.3986488278997,633.9727766528003,114.83345494624018,0.5692075689010313
p115,2038,497.22473018869005,497.22473018869005,398.07757363205974,706.1312221139697,99.1471565566303,0.5553707703719261
p115,2039,522.3766288349998,522.3766288349998,439.19117040573974,779.0607118875596,83.18545842926005,0.5432551186171916
p115,2040,547.6888147181699,547.6888147181699,480.74408380760997,852.7694849167501,66.94473091055988,0.5325469610154063
p115,2041,566.92909355758,566.92909355758,506.6350354660199,898.69623524695,60.294058091560146,0.5280812559126753
p115,2042,586.2619833521799,586.2619833521799,532.6965445812198,944.9255294866198,53.5654387709601,0.5239353994959446
p115,2043,605.6879298745798,605.6879298745798,558.92973470581,991.4593606532599,46.75819516876982,0.5200744830646273
p115,2044,625.2073810430497,625.2073810430497,585.3357367938097,1038.2997348934396,39.871644249240035,0.5164684940427762
p115,2045,644.8207869318499,644.8207869318499,611.9156892494798,1085.4486715692801,32.90509768237007,0.5130914866823768
p115,2046,664.52859978166,664.52859978166,638.6707379762997,1132.9082033454997,25.857861805360244,0.5099209158016633
p115,2047,684.33127400994,684.33127400994,665.6020364264696,1180.6803762770796,18.72923758347042,0.5069370973509112
p115,2048,704.2292662214495,704.2292662214495,692.7107456505801,1228.7672498974498,11.518520570869441,0.5041227685057977
p115,2049,724.2230352187598,724.2230352187598,719.99803434765,1277.17089730727,4.225000871109842,0.5014627265036294
p115,2050,744.31304201285,744.31304201285,747.4650789155894,1325.8934052638297,-3.1520369027393826,0.49894353025476146
p116,2023,0.0,0.0,0.0,0.0,0.0,
p116,2024,0.0,0.0,7.181432907600083,11.662471043759979,-7.181432907600083,0.0
p116,2025,0.0,0.0,14.387718412629965,23.365302096679898,-14.387718412629965,0.0
p116,2026,0.0,0.0,21.618942521830377,35.10863283158005,-21.618942521830377,0.0
p116,2027,0.0,0.0,28.87519153956009,46.892603404659894,-28.87519153956009,0.0
p116,2028,0.0,0.0,36.15655206889005,58.71735445714012,-36.15655206889005,0.0
p116,2029,0.0,0.0,43.46311101256015,70.58302711695978,-43.46311101256015,0.0
p116,2030,0.0,0.0,50.79495557406017,82.4897630004698,-50.79495557406017,0.0
p116,2031,0.0,0.0,73.51164800480001,119.38111478112978,-73.51164800480001,0.0
p116,2032,0.0,0.0,96.47107815506024,156.66666666943001,-96.47107815506024,0.0
p116,2033,0.0,0.0,119.67583978275024,194.35063086464015,-119.67583978275024,0.0
p116,2034,0.0,0.0,143.12855436119025,232.43726457520006,-143.12855436119025,0.0
p116,2035,0.0,0.0,166.83187137530012,270.93087049967016,-166.83187137530012,0.0
p116,2036,0.0,0.0,190.78846862088994,309.83579731281,-190.78846862088994,0.0
p116,2037,0.0,0.0,215.00105250717024,349.15644015687985,-215.00105250717024,0.0
p116,2038,0.0,0.0,239.47235836251002,388.8972411381101,-239.47235836251002,0.0
p116,2039,0.0,0.0,264.2051507434703,429.06268982858,-264.2051507434703,0.0
p116,2040,0.0,0.0,289.2022237470701,469.6573237734001,-289.2022237470701,0.0
p116,2041,0.0,0.0,304.7774976750202,494.95118692306005,-304.7774976750202,0.0
p116,2042,0.0,0.0,320.45537420888013,520.4116741902099,-320.45537420888013,0.0
p116,2043,0.0,0.0,336.23652924655016,546.0398832164601,-336.23652924655016,0.0
p116,2044,0.0,0.0,352.12164313841004,571.8369188741499,-352.12164313841004,0.0
p116,2045,0.0,0.0,368.11140071667023,597.8038933140201,-368.11140071667023,0.0
p116,2046,0.0,0.0,384.2064913249101,623.9419260131299,-384.2064913249101,0.0
p116,2047,0.0,0.0,400.40760884777,650.2521438231402,-400.40760884777,0.0
p116,2048,0.0,0.0,416.7154517408703,676.7356810188599,-416.7154517408703,0.0
p116,2049,0.0,0.0,433.13072306095,703.3936793471998,-433.13072306095,0.0
p116,2050,0.0,0.0,449.65413049613016,730.2272880763403,-449.65413049613016,0.0
p117,2023,0.0,0.0,0.0,0.0,0.0,
p117,2024,0.0,0.0,5.961611501110156,9.67950489893019,-5.961611501110156,0.0
p117,2025,0.0,0.0,11.943854195550102,19.392507407840185,-11.943854195550102,0.0
p117,2026,0.0,0.0,17.946799481150038,29.13912345102017,-17.946799481150038,0.0
p117,2027,0.0,0.0,23.970519002820083,38.91946935395981,-23.970519002820083,0.0
p117,2028,0.0,0.0,30.015084653429994,48.73366184468978,-30.015084653429994,0.0
p117,2029,0.0,0.0,36.08056857460997,58.58181805524009,-36.08056857460997,0.0
p117,2030,0.0,0.0,42.167043157700164,68.46405552293982,-42.167043157700164,0.0
p117,2031,0.0,0.0,61.0251313143101,99.08278280203012,-61.0251313143101,0.0
p117,2032,0.0,0.0,80.08472632883013,130.02868447311994,-80.08472632883013,0.0
p117,2033,0.0,0.0,99.3479813895101,161.30525653662016,-99.3479813895101,0.0
p117,2034,0.0,0.0,118.81707269234016,192.91603234921013,-118.81707269234016,0.0
p117,2035,0.0,0.0,138.49419968690995,224.8645830230198,-138.49419968690995,0.0
p117,2036,0.0,0.0,158.38158532491002,257.15451782905984,-158.38158532491002,0.0
p117,2037,0.0,0.0,178.48147631120014,289.78948460497986,-178.48147631120014,0.0
p117,2038,0.0,0.0,198.79614335766996,322.77317016715006,-198.79614335766996,0.0
p117,2039,0.0,0.0,219.32788143975995,356.1093007271602,-219.32788143975995,0.0
p117,2040,0.0,0.0,240.07901005572012,389.80164231282015,-240.07901005572012,0.0
p117,2041,0.0,0.0,253.00870436277,410.7947981673001,-253.00870436277,0.0
p117,2042,0.0,0.0,266.02357343693006,431.9262470949602,-266.02357343693006,0.0
p117,2043,0.0,0.0,279.12417836967006,453.19690010577006,-279.12417836967006,0.0
p117,2044,0.0,0.0,292.3110839486301,474.6076742109799,-292.3110839486301,0.0
p117,2045,0.0,0.0,305.58485868205,496.1594924627002,-305.58485868205,0.0
p117,2046,0.0,0.0,318.94607482319,517.8532839936902,-318.94607482319,0.0
p117,2047,0.0,0.0,332.39530839507984,539.6899840573601,-332.39530839507984,0.0
p117,2048,0.0,0.0,345.9331392153101,561.6705340681801,-345.9331392153101,0.0
p117,2049,0.0,0.0,359.56015092101984,583.7958816421701,-359.56015092101984,0.0
p117,2050,0.0,0.0,373.2769309941102,606.0669806378401,-373.2769309941102,0.0
p118,2023,0.0,0.0,0.0,0.0,0.0,
p118,2024,181.01763145903988,181.01763145903988,9.316770402249858,16.908852676509923,171.70086105679002,0.9510505178720153
p118,2025,374.2065649767801,374.2065649767801,18.665783108669984,33.87622137816015,355.5407818681101,0.9524889364201062
p118,2026,580.3851771534,580.3851771534,28.047149699360034,50.90230860982956,552.33802745404,0.9539025977721473
p118,2027,800.4268707692099,800.4268707692099,37.460982140550186,67.98731757719997,762.9658886286597,0.9552911740987076
p118,2028,1035.2637746466999,1035.2637746466999,46.90739278597994,85.13145218919999,988.3563818607199,0.9566543683683034
p118,2029,1285.89069228465,1285.89069228465,56.38649437817003,102.33491706037967,1229.50419790648,0.9579919148306777
p118,2030,1553.36931599138,1553.36931599138,65.8984000498499,119.59791751343982,1487.4709159415302,0.9593035793914563
p118,2031,1708.8139368236998,1708.8139368236998,95.36970618037003,173.0849041010697,1613.4442306433298,0.9471396902692378
p118,2032,1869.9499314703198,1869.9499314703198,125.15592600985974,227.14342235812,1744.79400546046,0.9372685286143504
p118,2033,2036.98568112658,2036.98568112658,155.26042452788988,281.7795793485602,1881.72525659869,0.9291774659207167
p118,2034,2210.1371965556,2210.1371965556,185.68660268039002,336.9995473930003,2024.45059387521,0.9224957182829538
p118,2035,2389.62839743366,2389.62839743366,216.43789775390997,392.8095647659902,2173.1904996797502,0.9169484298409485
p118,2036,2575.69140192323,2575.69140192323,247.51778376385982,449.21593640071023,2328.17361815937,0.91232750834805
p118,2037,2768.5668268484096,2768.5668268484096,278.9297718470398,506.22503460133976,2489.63705500137,0.9084724911698205
p118,2038,2968.50409886078,2968.50409886078,310.67741065826976,563.8432997628497,2657.82668820251,0.9052576352494022
p118,2039,3175.76177699813,3175.76177699813,342.7642867712598,622.0772410986501,2832.99749022687,0.9025829905593886
p118,2040,3390.60788705322,3390.60788705322,375.1940250838502,680.9334373759202,3015.41386196937,0.9003680932141941
p118,2041,3564.0078910233096,3564.0078910233096,395.4004731570799,717.6057861442396,3168.6074178662298,0.9001364757588147
p118,2042,3742.3509478959004,3742.3509478959004,415.74003184129015,754.5197151612401,3326.6109160546102,0.9000166100580207
p118,2043,3925.77796754089,3925.77796754089,436.21357800681017,791.6768158443901,3489.56438953408,0.8999966933791849
p118,2044,4114.43387669623,4114.43387669623,456.8219943003701,829.0786900946796,3657.61188239586,0.9000664134338261
p118,2045,4308.46773347542,4308.46773347542,477.56616918317013,866.7269503656598,3830.9015642922495,0.9002167182898794
p118,2046,4508.03284513913,4508.03284513913,498.44699696917996,904.62321973298,4009.5858481699497,0.9004396277047076
p118,2047,4713.2868892242095,4713.2868892242095,519.4653778636998,942.76913196435,4193.821511360509,0.9007280774343271
p118,2048,4924.39203812552,4924.39203812552,540.62221800214,981.1663315899596,4383.76982012338,0.9010757899860982
p118,2049,5141.51508722937,5141.51508722937,561.9184294891202,1019.8164739734202,4579.59665774025,0.9014771667203682
p118,2050,5364.82758669944,5364.82758669944,583.3549304377798,1058.7212253830803,4781.47265626166,0.901927197298152
p119,2023,0.0,0.0,0.0,0.0,0.0,
p119,2024,4.706292028733003,4.706292028733003,0.8505840534500066,1.508224900252003,3.8557079752829964,0.8469312540228797
p119,2025,9.46616404884901,9.46616404884901,1.7029182734059987,3.019553132495048,7.763245775443011,0.8475328389322693
p119,2026,14.280226055532012,14.280226055532012,2.5570062610210016,4.53399108216297,11.72321979451101,0.8481338136252263
p119,2027,19.14909498861499,19.14909498861499,3.412851624857012,6.051545147828051,15.736243363757978,0.8487341680518312
p119,2028,24.07339481163899,24.07339481163899,4.270457980901028,7.572221741227963,19.802936830737963,0.8493338921790832
p119,2029,29.053756591819024,29.053756591819024,5.129828952581022,9.096027287292031,23.923927639238002,0.8499329759917069
p119,2030,34.090818580919006,34.090818580919006,5.99096817077799,10.622968224171018,28.099850410141016,0.8505314094930077
p119,2031,36.78434024171503,36.78434024171503,10.072534100352016,17.86025340725905,26.711806141363013,0.7850361501533378
p119,2032,39.49407518735802,39.49407518735802,14.193823731167981,25.16797522162301,25.30025145619004,0.735623408308308
p119,2033,42.22012101149602,42.22012101149602,18.35522367279202,32.546819189375015,23.864897338703997,0.6969852376662914
p119,2034,44.96257589522901,44.96257589522901,22.557124297458017,39.99747750444806,22.40545159777099,0.6659178842162402
p119,2035,47.721538610644984,47.721538610644984,26.79991977668203,47.52064909752903,20.921618833962953,0.6403731172652469
p119,2036,50.49710852437602,50.49710852437602,31.084008118242025,55.11703970162398,19.413100406133992,0.618980354799364
p119,2037,53.289385601178026,53.289385601178026,35.40979120351301,62.78736191826101,17.879594397665016,0.6007878260078701
p119,2038,56.098470407533,56.098470407533,39.77767482516498,70.53233528433805,16.32079558236802,0.5851139537512503
p119,2039,58.92446411526703,58.92446411526703,44.188068725234984,78.35268633962198,14.736395390032044,0.5714578285688453
p119,2040,61.76746850519601,61.76746850519601,48.64138663355703,86.24914869490203,13.126081871638974,0.559443066659568
p119,2041,63.926900969556016,63.926900969556016,50.669561274823025,89.84543466289199,13.257339694732991,0.5578435818832761
p119,2042,66.096147430955,66.096147430955,52.70663906358101,93.45750737022001,13.389508367373992,0.5563518279429827
p119,2043,68.27525249117599,68.27525249117599,54.75265908228101,97.08543611647497,13.522593408894977,0.5549574207834169
p119,2044,70.464260954704,70.464260954704,56.80766058493498,100.72929050545304,13.656600369769023,0.5536512696774035
p119,2045,72.66321782964803,72.66321782964803,58.87168299786998,104.38914044649096,13.791534831778051,0.5524253819519084
p119,2046,74.87216832866602,74.87216832866602,60.94476592048403,108.06505615581102,13.92740240818199,0.5512727020572884
p119,2047,77.09115786989202,77.09115786989202,63.026949126006,111.75710815786397,14.064208743886013,0.5501869781337316
p119,2048,79.320232077875,79.320232077875,65.11827256225803,115.46536728668605,14.201959515616977,0.5491626507453847
p119,2049,81.55943678451399,81.55943678451399,67.21877635242402,119.18990468725497,14.340660432089976,0.5481947596012952
p119,2050,83.80881803000102,83.80881803000102,69.32850079581601,122.93079181685596,14.480317234185009,0.5472788649599363
p12,2023,0.0,0.0,0.0,0.0,0.0,
p12,2024,41.72260452587011,41.72260452587011,21.34501313345004,40.689959020449805,20.377591392420072,0.6615535210359152
p12,2025,84.54548675345995,84.54548675345995,42.97799964543992,81.92888115930009,41.56748710802003,0.662979731349231
p12,2026,128.49766239344012,128.49766239344012,64.90284469015,123.72417267875016,63.59481770329012,0.664412231028442
p12,2027,173.60891233734992,173.60891233734992,87.12348583776998,166.0833397615802,86.48542649957994,0.665850939708483
p12,2028,219.9098028364101,219.9098028364101,109.64391378172013,209.01398985925016,110.26588905468998,0.6672957753082487
p12,2029,267.4317062124301,267.4317062124301,132.46817305528998,252.52383305811009,134.9635331571401,0.6687466540428565
p12,2030,316.2068221149,316.2068221149,155.6003627580801,296.6206834641098,160.60645935681987,0.6702034904365205
p12,2031,342.90723556987996,342.90723556987996,188.33973116568995,359.0316808494099,154.56750440419,0.64547612888407
p12,2032,369.9831958371701,369.9831958371701,221.6959213682801,422.61852448058016,148.28727446889002,0.6253105527614894
p12,2033,397.43998506001003,397.43998506001003,255.68055451632995,487.40336773524996,141.75943054368008,0.6085247071204002
p12,2034,425.28295967605004,425.28295967605004,290.3054707070901,553.4087813688898,134.97748896895996,0.5943122353841651
p12,2035,453.51755146236997,453.51755146236997,325.58273310961,620.6577613783102,127.93481835275998,0.5821042046102219
p12,2036,482.14926859508,482.14926859508,361.5246321674899,689.1737370134301,120.62463642759008,0.5714877136287856
p12,2037,511.1836967239399,511.1836967239399,398.14368988085994,758.9805789398702,113.04000684307994,0.5621558354605061
p12,2038,540.6265000620299,540.6265000620299,435.45266416892014,830.10260755541,105.17383589310975,0.5538756689760794
p12,2039,570.4834224907402,570.4834224907402,473.46455331480024,902.5646014631302,97.01886917593993,0.5464672911986238
p12,2040,600.76028868033,600.76028868033,512.1926004940899,976.39180610411,88.56768818624005,0.5397895045907734
p12,2041,624.14108186517,624.14108186517,541.7461585690601,1032.7296991501698,82.39492329610994,0.5353357170567465
p12,2042,647.7723058674599,647.7723058674599,571.71675617192,1089.8625938761797,76.05554969553987,0.5311833668964404
p12,2043,671.6566430424998,671.6566430424998,602.1102782782502,1147.8017088002098,69.54636476424957,0.5272994861148294
p12,2044,695.7968044761699,695.7968044761699,632.9326929083802,1206.5584207483498,62.86411156778968,0.5236557221358938
p12,2045,720.1955302927302,720.1955302927302,664.1900522992398,1266.14426708867,56.00547799349033,0.5202275575163936
p12,2046,744.8555899658002,744.8555899658002,695.8884940927799,1326.57094799664,48.9670958730203,0.5169936827833712
p12,2047,769.7797826326998,769.7797826326998,728.0342425411302,1387.85032875259,41.74554009156964,0.5139354884484824
p12,2048,794.9709374122401,794.9709374122401,760.6336097288101,1449.99444207152,34.337327683429976,0.5110366505891669
p12,2049,820.4319137258101,820.4319137258101,793.6929968121201,1513.0154904658802,26.73891691368999,0.5082827904888658
p12,2050,846.1656016219601,846.1656016219601,827.2188952761101,1576.9258486415802,18.94670634585009,0.5056611933422867
p120,2023,0.0,0.0,0.0,0.0,0.0,
p120,2024,2.9039307070009954,2.9039307070009954,0.8393708216450193,1.4880897770980255,2.064559885355976,0.7757672431083512
p120,2025,5.842629381875014,5.842629381875014,1.6816464319850013,2.981329347648,4.160982949890013,0.776503882421835
p120,2026,8.816512291991017,8.816512291991017,2.52683688354702,4.479736533406992,6.289675408443998,0.7772406681268218
p120,2027,11.826000688572009,11.826000688572009,3.3749522636450138,5.9833292178050215,8.451048424926995,0.7779775863885702
p120,2028,14.871520866364023,14.871520866364023,4.226002694502995,7.492125346162993,10.645518171861028,0.7787146233366847
p120,2029,17.953504224028023,17.953504224028023,5.079998333375016,9.00614292590302,12.873505890653007,0.7794517650663473
p120,2030,21.072387325239987,21.072387325239987,5.936949372666021,10.525400026766022,15.135437952573966,0.7801889976392384
p120,2031,22.741741832282997,22.741741832282997,8.592092021211016,15.232605150114978,14.149649811071981,0.7257886774601341
p120,2032,24.42166749093198,24.42166749093198,11.275606021506007,19.990108803518012,13.146061469425973,0.6841325705847744
p120,2033,26.11223124277703,26.11223124277703,13.987794533758034,24.798448448604006,12.124436709018994,0.651177417897244
p120,2034,27.81350045331598,27.81350045331598,16.72896395757502,29.65816729001,11.084536495740963,0.6244266189841834
p120,2035,29.525542914636986,29.525542914636986,19.499423966578007,34.569814336752984,10.02611894805898,0.6022552342804408
p120,2036,31.24842684811702,31.24842684811702,22.29948754338298,39.53394446424602,8.94893930473404,0.583560110663755
p120,2037,32.982220907149014,32.982220907149014,25.129471014963002,44.551118476989984,7.8527498921860115,0.5675660063616043
p120,2038,34.72699417986601,34.72699417986601,27.989694088381015,49.621903171925,6.737300091484997,0.5537121799437873
p120,2039,36.48281619190598,36.48281619190598,30.880479886909,54.74687140245999,5.602336304996982,0.5415830031419652
p120,2040,38.249756909171,38.249756909171,33.80215498653203,59.926602143193975,4.447601922638967,0.5308638716560151
p120,2041,39.59272987381101,39.59272987381101,35.62260372461199,63.15400901392201,3.970126149199018,0.5263917339674091
p120,2042,40.94212594016099,40.94212594016099,37.455044725898034,66.402676528722,3.4870812142629575,0.5222398409575043
p120,2043,42.2979758283,42.2979758283,39.29955698980203,69.67274474275303,2.998418838497969,0.5183732199672144
p120,2044,43.66031040523299,43.66031040523299,41.156220036145015,72.964354633793,2.504090369087976,0.514761806195425
p120,2045,45.02916068559503,45.02916068559503,43.02511390858703,76.27764810831701,2.004046777008,0.5113796109629208
p120,2046,46.404557832356005,46.404557832356005,44.90631917808,79.61276800760999,1.4982386542760082,0.5082040535767978
p120,2047,47.78653315752999,47.78653315752999,46.799916946338016,82.96985811393097,0.9866162111919721,0.5052154204439883
p120,2048,49.175118122887994,49.175118122887994,48.705988849335,86.34906315670901,0.46912927355299416,0.5023964240294407
p120,2049,50.570344340676996,50.570344340676996,50.624617060827035,89.75052881878196,-0.05427272015003837,0.4997318407982058
p120,2050,51.97224357433501,51.97224357433501,52.555884295888035,93.17440174267801,-0.5836407215530244,0.49720821211742333
p121,2023,0.0,0.0,0.0,0.0,0.0,
p121,2024,8.908094161871077,8.908094161871077,2.483492350530014,4.658067069709887,6.424601811341063,0.7819888961185135
p121,2025,17.926765997412076,17.926765997412076,4.97557925821809,9.33225419053997,12.951186739193986,0.7827480459890925
p121,2026,27.0573881259171,27.0573881259171,7.476290466026057,14.022617148759991,19.581097659891043,0.783507266794036
p121,2027,36.30135020523301,36.30135020523301,9.985655819842009,18.729211923639923,26.315694385390998,0.7842665430891665
p121,2028,45.660059143265016,45.660059143265016,12.503705268843078,23.452094688220086,33.15635387442194,0.7850258593950266
p121,2029,55.13493931210405,55.13493931210405,15.030468865853095,28.191321809920055,40.10447044625096,0.785785200198194
p121,2030,64.72743276480901,64.72743276480901,17.56597676769502,32.9469498512301,47.16145599711399,0.7865445499526076
p121,2031,69.86532464299808,69.86532464299808,25.421892516952084,47.68159658616992,44.44343212604599,0.7332077347344648
p121,2032,75.036957934876,75.036957934876,33.36175213610102,62.57368941751997,41.67520579877498,0.6922310965300555
p121,2033,80.242554226072,80.242554226072,41.38645260182807,77.62491072516991,38.856101624243934,0.6597320517433135
p121,2034,85.4823365574041,85.4823365574041,49.49690047540901,92.83696086594,35.98543608199509,0.633299894387635
p121,2035,90.756529434438,90.756529434438,57.69401200511709,108.21155836574007,33.062517429320906,0.6113586959963465
p121,2036,96.06535883710603,96.06535883710603,65.97871322973606,123.75044011366003,30.086645607369974,0.5928347616287976
p121,2037,101.40905222938909,101.40905222938909,74.3519400831791,139.45536155820992,27.057112146209988,0.5769713227895653
p121,2038,106.78783856906205,106.78783856906205,82.814638500216,155.32809690560998,23.97320006884604,0.5632196383702481
p121,2039,112.201948317507,112.201948317507,91.36776452334209,171.37043932025995,20.834183794164915,0.5511721107806766
p121,2040,117.65161344958301,117.65161344958301,100.01228441078206,187.58420112730005,17.639329038800952,0.5405196479806607
p121,2041,121.79568442204402,121.79568442204402,105.39854564236907,197.68673519241997,16.397138779674947,0.536086169034808
p121,2042,125.96031525221008,125.96031525221008,110.82028903889602,207.85582001780995,15.140026213314059,0.5319705793864358
p121,2043,130.14560794309705,130.14560794309705,116.27774834024103,218.09189400870991,13.867859602856015,0.5281382816385933
p121,2044,134.35166500379103,134.35166500379103,121.77115882604608,228.39539845833997,12.580506177744951,0.5245595179485121
p121,2045,138.57858945194903,138.57858945194903,127.30075732586806,238.76677756695995,11.277832126080966,0.5212085524181488
p121,2046,142.82648481632805,142.82648481632805,132.86678222938508,249.20647846102997,9.959702586942967,0.518063013822698
p121,2047,147.09545513932005,147.09545513932005,138.46947349667505,259.71495121244993,8.625981642645002,0.5151033631543046
p121,2048,151.38560497949902,151.38560497949902,144.1090726685601,270.2926488579801,7.276532310938933,0.5123124591766851
p121,2049,155.69703941418106,155.69703941418106,149.78582287702102,280.9400274187899,5.911216537160044,0.509675201569123
p121,2050,160.0298640420001,160.0298640420001,155.49996885567703,291.6575459200999,4.529895186323074,0.5071782359606423
p122,2023,0.0,0.0,0.0,0.0,0.0,
p122,2024,178.14373145349964,178.14373145349964,26.138322317399798,46.37225726740144,152.00540913609984,0.8720478777508586
p122,2025,358.7856531784,358.7856531784,52.33042699299949,92.83993035069943,306.45522618540053,0.8727113107052824
p122,2026,541.9607984287995,541.9607984287995,78.5764246896997,139.40321557809875,463.38437373909983,0.8733735515577692
p122,2027,727.7046917460993,727.7046917460993,104.87642629799848,186.06230968160162,622.8282654481009,0.8740345847088455
p122,2028,916.0533558485986,916.0533558485986,131.23054293679888,232.81740979820097,784.8228129117997,0.8746943946249958
p122,2029,1107.0433186172995,1107.0433186172995,157.63888595339995,279.6687134702988,949.4044326638996,0.8753529658410028
p122,2030,1300.7116201802,1300.7116201802,184.10156692429882,326.61641864689955,1116.6100532559012,0.8760102829613797
p122,2031,1404.7085586772992,1404.7085586772992,309.52748502619943,549.1357858654992,1095.1810736510997,0.819437068679594
p122,2032,1509.477803395599,1509.477803395599,436.1741065994993,773.8208152383013,1073.3036967960998,0.7758210991602305
p122,2033,1615.0250896663001,1615.0250896663001,564.0533120988985,1000.6925839985015,1050.9717775674017,0.7411505195765431
p122,2034,1721.3561954127,1721.3561954127,693.1770976055996,1229.7723745125986,1028.1790978071003,0.7129146656996019
p122,2035,1828.4769414663988,1828.4769414663988,823.5575759520998,1461.081676277001,1004.919365514299,0.6894619694642006
p122,2036,1936.3931918857998,1936.3931918857998,955.2069778584992,1694.6421879338013,981.1862140273006,0.6696614601655086
p122,2037,2045.1108542772,2045.1108542772,1088.137653080099,1930.475819306801,956.9732011971009,0.6527126238072077
p122,2038,2154.6358801181996,2154.6358801181996,1222.3620715657999,2168.6046934558,932.2738085523997,0.6380329247886433
p122,2039,2264.9742650833996,2264.9742650833996,1357.8928246277992,2409.0511487531003,907.0814404556004,0.6251883408905168
p122,2040,2376.1320493731,2376.1320493731,1494.7426261227993,2651.8377409782006,881.3894232503008,0.613848871009675
p122,2041,2460.8103538214,2460.8103538214,1557.0681332544991,2762.4100422886986,903.7422205669009,0.6124651011067062
p122,2042,2545.964168807199,2545.964168807199,1619.6672327933993,2873.467726606599,926.2969360137995,0.6111832573157914
p122,2043,2631.5961645570987,2631.5961645570987,1682.5411257375,2985.0129246344004,949.0550388195988,0.6099936064801024
p122,2044,2717.7090262924994,2717.7090262924994,1745.6910183567998,3097.0477764274983,972.0180079356996,0.6088876191033952
p122,2045,2804.3054543136986,2804.3054543136986,1809.1181222164996,3209.5744314360018,995.187332097199,0.6078577888620504
p122,2046,2891.388164084299,2891.388164084299,1872.8236542002996,3322.595048545001,1018.5645098839996,0.6068974836482757
p122,2047,2978.9598863167994,2978.9598863167994,1936.8088365334988,3436.1117961169984,1042.1510497833006,0.6060008218998384
p122,2048,3067.0233670578,3067.0233670578,2001.0748968070002,3550.1268520328013,1065.9484702507998,0.6051625693458768
p122,2049,3155.581367774499,3155.581367774499,2065.623068000099,3664.642403733498,1089.9582997744,0.6043780523423135
p122,2050,3244.6366654409994,3244.6366654409994,2130.454588504799,3779.660648262601,1114.1820769362002,0.6036430847679368
p123,2023,0.0,0.0,0.0,0.0,0.0,
p123,2024,111.82509016325002,111.82509016325002,15.3644748432298,28.855860847399526,96.46061532002022,0.8792001934872012
p123,2025,225.32482597483067,225.32482597483067,30.760563715840362,57.771095675499964,194.5642622589903,0.8798816138905993
p123,2026,340.52428622559,340.52428622559,46.188331667040075,86.74582665250091,294.33595455854993,0.8805616120861508
p123,2027,457.44892527582033,457.44892527582033,61.64784387987038,115.78017619800085,395.80108139594995,0.8812401703440759
p123,2028,576.1245786796599,576.1245786796599,77.13916567151045,144.87426698359923,498.9854130081494,0.8819172710279123
p123,2029,696.5774688936299,696.5774688936299,92.66236249353005,174.0282219331002,603.9151064000998,0.8825928965968841
p123,2030,818.8342110708099,818.8342110708099,108.21749993216054,203.24216422340032,710.6167111386494,0.883267029608218
p123,2031,884.583074534471,884.583074534471,181.94462518398996,341.7083134834993,702.6384493504811,0.8294046884745523
p123,2032,950.8536511149605,950.8536511149605,256.38929716847997,481.5220798200007,694.4643539464805,0.7876241086907686
p123,2033,1017.6500805732094,1017.6500805732094,331.55849938474057,622.6965788701,686.0915811884688,0.7542570479391155
p123,2034,1084.976535518891,1084.976535518891,407.45928329853996,765.2450539186993,677.5172522203511,0.7269837147024516
p123,2035,1152.8372216710695,1152.8372216710695,484.09876900380004,909.1808771401993,668.7384526672695,0.7042653031263503
p123,2036,1221.2363781209397,1221.2363781209397,561.4841458905303,1054.5175508534994,659.7522322304094,0.6850408472175543
p123,2037,1290.1782775966303,1290.1782775966303,639.6226733192207,1201.2687087881004,650.5556042774097,0.6685551051181384
p123,2038,1359.667226730061,1359.667226730061,718.5216813018405,1349.4481173636996,641.1455454282204,0.6542558385694114
p123,2039,1429.7075663260393,1429.7075663260393,798.1885711894402,1499.0696769807,631.5189951365992,0.6417299003536271
p123,2040,1500.30367163338,1500.30367163338,878.6308163665008,1650.1474233250992,621.6728552668792,0.630662037648115
p123,2041,1554.13943208806,1554.13943208806,915.2666292847107,1718.9527635913,638.8728028033493,0.6293575837519797
p123,2042,1608.2983930014498,1608.2983930014498,952.063263682131,1788.0601410095005,656.2351293193187,0.6281528192718945
p123,2043,1662.782494692331,1662.782494692331,989.0214255222809,1857.4708814425994,673.7610691700502,0.6270382519676497
p123,2044,1717.5936891280699,1717.5936891280699,1026.1418238677006,1927.1863165735995,691.4518652603692,0.626005561028986
p123,2045,1772.7339399946004,1772.7339399946004,1063.4251708935199,1997.2077839312005,709.3087691010805,0.6250474217715815
p123,2046,1828.205222766751,1828.205222766751,1100.8721819011198,2067.5366269155,727.3330408656311,0.6241573608991231
p123,2047,1884.0095247790096,1884.0095247790096,1138.4835753318794,2138.1741948238996,745.5259494471302,0.6233296362892902
p123,2048,1940.1488452967396,1940.1488452967396,1176.2600727809195,2209.1218428765005,763.8887725158202,0.6225591365890168
p123,2049,1996.6251955878006,1996.6251955878006,1214.202399011011,2280.3809322429006,782.4227965767896,0.6218412969125102
p123,2050,2053.4405989946,2053.4405989946,1252.311281966401,2351.9528300676993,801.1293170281988,0.6211720277075522
p124,2023,0.0,0.0,0.0,0.0,0.0,
p124,2024,6.615041481042397,6.615041481042397,0.15275013628330214,0.2777767551619945,6.462291344759095,0.9774298404974145
p124,2025,13.819531193889404,13.819531193889404,0.3058145721013972,0.5561250653300078,13.513716621788006,0.9783499407966566
p124,2026,21.665993256337202,21.665993256337202,0.4591939541590051,0.8350461065379875,21.206799302178197,0.9792456466112448
p124,2027,30.211632066487297,30.211632066487297,0.6128889304909961,1.1145410572399896,29.5987431359963,0.9801168384562706
p124,2028,39.5187493497083,39.5187493497083,0.7669001504660002,1.3946110983160054,38.7518491992423,0.9809634408286583
p124,2029,49.6551983675093,49.6551983675093,0.9212282647887946,1.6752574130759967,48.733970102720505,0.9817854220606306
p124,2030,60.694878599723296,60.694878599723296,1.0758739255029042,1.9564811872619998,59.61900467422039,0.9825827939353089
p124,2031,67.3042570222573,67.3042570222573,1.808852341290205,3.289405470640986,65.4954046809671,0.9738276521205939
p124,2032,74.23738351335228,74.23738351335228,2.548964444516997,4.635302394159993,71.68841906883529,0.9668044579237504
p124,2033,81.51011626801531,81.51011626801531,3.296279663552994,5.994298213596011,78.21383660446232,0.961131709143579
p124,2034,89.1390902653423,89.1390902653423,4.050868102477196,7.366520413507004,85.08822216286511,0.9565310665073111
p124,2035,97.1417553178403,97.1417553178403,4.8128005476541915,8.752097719190004,92.32895477018612,0.952794649471049
p124,2036,105.5364159845183,105.5364159845183,5.582148474374392,10.151160108758006,99.95426751014391,0.9497640335657913
p124,2037,114.3422734390503,114.3422734390503,6.3589840535591975,11.563838825327991,107.9832893854911,0.9473163396499945
p124,2038,123.5794693887753,123.5794693887753,7.143380158530704,12.990266389339013,116.43608923024459,0.94535477016246
p124,2039,133.2691321449783,133.2691321449783,7.935410371848505,14.430576610981007,125.3337217731298,0.9438020177650952
p124,2040,143.4334249498443,143.4334249498443,8.735148992211805,15.884904602744996,134.6982759576325,0.9425955782726988
p124,2041,151.8270283782563,151.8270283782563,9.099373963986494,16.54724922167901,142.7276544142698,0.9434563015667571
p124,2042,160.5442983335663,160.5442983335663,9.465197786559202,17.212501357407007,151.0791005470071,0.9443254759141733
p124,2043,169.5977157509933,169.5977157509933,9.832627478459898,17.880673773157014,159.7650882725334,0.9452008656869922
p124,2044,179.0002428442653,179.0002428442653,10.201670089028,18.55177928818,168.7985727552373,0.9460805129775576
p124,2045,188.7653416642463,188.7653416642463,10.572332698547697,19.225830778003,178.1930089656986,0.9469626966786715
p124,2046,198.9069933732033,198.9069933732033,10.944622418383801,19.902841174672005,187.9623709548195,0.9478458987456481
p124,2047,209.43971826230927,209.43971826230927,11.318546391117891,20.582823467000992,198.1211718711914,0.9487287762073728
p124,2048,220.37859654104227,220.37859654104227,11.694111790685696,21.26579070082201,208.68448475035657,0.9496101378109055
p124,2049,231.7392899282503,231.7392899282503,12.071325822514893,21.951755979235003,219.6679641057354,0.9504889244246248
p124,2050,243.5380640757843,243.5380640757843,12.450195723662603,22.640732462859006,231.0878683521217,0.9513641925086069
p125,2023,0.0,0.0,0.0,0.0,0.0,
p125,2024,1.7867866891499489,1.7867866891499489,2.789043277259907,5.841542280779777,-1.002256588109958,0.3904836286021007
p125,2025,3.575928711190045,3.575928711190045,5.5838253055599125,11.695104151639953,-2.0078965943698677,0.3903957141917712
p125,2026,5.367429170899868,5.367429170899868,8.384357893000015,17.56071034414981,-3.016928722100147,0.3903077575270216
p125,2027,7.16129117715991,7.16129117715991,11.190652871949851,23.438385640769866,-4.029361694789941,0.3902197586259151
p125,2028,8.957517842959987,8.957517842959987,14.002722099159882,29.32815487496009,-5.045204256199895,0.39013171750560366
p125,2029,10.756112285359904,10.756112285359904,16.820577455730017,35.23004293126996,-6.064465170370113,0.39004363418329513
p125,2030,12.557077625569946,12.557077625569946,19.6442308472499,41.144074745459875,-7.087153221679955,0.3899555086765805
p125,2031,13.504624225500038,13.504624225500038,33.027580758850036,69.17497874925994,-19.522956533349998,0.2902210249877902
p125,2032,14.45282712674998,14.45282712674998,46.541183667139876,97.47869257050979,-32.088356540389896,0.23695485734802357
p125,2033,15.40168678389,15.40168678389,60.18630725496996,126.05787132146997,-44.78462047107996,0.20375837432558347
p125,2034,16.35120365183002,16.35120365183002,73.96423154286003,154.91519595515,-57.613027891030015,0.1810455058604574
p125,2035,17.30137818575986,17.30137818575986,87.87624900908986,184.05337351690014,-70.57487082333,0.16449675322782964
p125,2036,18.252210841209944,18.252210841209944,101.92366471096989,213.4751373982399,-83.67145386975994,0.15187915841965233
p125,2037,19.20370207399992,19.20370207399992,116.10779640717988,243.1832475933702,-96.90409433317996,0.14192217431300508
p125,2038,20.155852340300044,20.155852340300044,130.42997468149997,273.1804909580301,-110.27412234119993,0.1338495975280736
p125,2039,21.108662096570015,21.108662096570015,144.89154306753994,303.46968147092,-123.78288097096993,0.12716045787836056
p125,2040,22.06213179959991,22.06213179959991,159.49385817478992,334.0536604977201,-137.43172637519,0.12151695905330351
p125,2041,22.778286177059954,22.778286177059954,166.14419076141985,347.9825225210802,-143.3659045843599,0.12056948726369607
p125,2042,23.49481286769992,23.49481286769992,172.8237165401299,361.9725285457798,-149.32890367243,0.1196770011397756
p125,2043,24.211712065079837,24.211712065079837,179.53256366127994,376.0239469777198,-155.3208515962001,0.11883382725116436
p125,2044,24.928983962839993,24.928983962839993,186.27086083777,390.13704740106004,-161.34187687493,0.1180350486828009
p125,2045,25.646628754749827,25.646628754749827,193.03873734750982,404.31210058334,-167.39210859276,0.11727638301484328
p125,2046,26.364646634669953,26.364646634669953,199.83632303590002,418.54937848068994,-173.47167640123007,0.11655408318128065
p125,2047,27.083037796559893,27.083037796559893,206.66374831835992,432.8491542430802,-179.58071052180003,0.11586485635462267
p125,2048,27.801802434479896,27.801802434479896,213.52114418275005,447.2117022195098,-185.71934174827015,0.11520579714525542
p125,2049,28.520940742590028,28.520940742590028,220.40864219196988,461.6372979633302,-191.88770144937985,0.11457433225237751
p125,2050,29.24045291515995,29.24045291515995,227.32637448643004,476.12621823744985,-198.0859215712701,0.11396817433997994
p126,2023,0.0,0.0,0.0,0.0,0.0,
p126,2024,55.5348903535305,55.5348903535305,18.260618504960803,37.83730926430144,37.2742718485697,0.7525510862730552
p126,2025,111.41729965271952,111.41729965271952,36.55881016068997,75.7524727878008,74.85848949202955,0.7529411321409327
p126,2026,167.6494025560296,167.6494025560296,54.89465227792971,113.7456507638999,112.75475027809989,0.7533313018903751
p126,2027,224.23338733015953,224.23338733015953,73.2682223264801,151.81700371540137,150.96516500367943,0.7537215936040066
p126,2028,281.1714559353004,281.1714559353004,91.67959793553928,189.9666924958001,189.49185799976112,0.7541120053604616
p126,2029,338.46582411074996,338.46582411074996,110.12885689403993,228.19487828919955,228.33696721671004,0.754502535234331
p126,2030,396.11872146119094,396.11872146119094,128.61607715098035,266.5017226115997,267.5026443102106,0.7548931812962536
p126,2031,426.6958329293593,426.6958329293593,216.24047833798068,448.06575703420094,210.45535459137864,0.6636673422415156
p126,2032,457.3737942203097,457.3737942203097,304.7176810218298,631.3968572310987,152.65611319847994,0.6001560299240826
p126,2033,488.1529379582007,488.1529379582007,394.0559850640093,816.5122211097005,94.09695289419142,0.5533303112440988
p126,2034,519.0335978642997,519.0335978642997,484.2637711041298,1003.4292139554018,34.76982676016996,0.5173277773049079
p126,2035,550.0161087605393,550.0161087605393,575.3495013460797,1192.1653700606985,-25.333392585540423,0.4887443723364088
p126,2036,581.1008065731494,581.1008065731494,667.3217203518907,1382.7383943698987,-86.2209137787413,0.4654680559188923
p126,2037,612.2880283363502,612.2880283363502,760.1890558432206,1575.166164140399,-147.90102750687038,0.4461189446396908
p126,2038,643.5781121959499,643.5781121959499,853.9602195107309,1769.4667306189986,-210.38210731478102,0.42975735483344274
p126,2039,674.9713974130409,674.9713974130409,948.6440078313499,1965.6583207356998,-273.672610418309,0.41572123252393167
p126,2040,706.4682243676598,706.4682243676598,1044.2493028933804,2163.7593388138994,-337.78107852572066,0.403530674347514
p126,2041,730.2560941293796,730.2560941293796,1087.7908238463897,2253.980488425499,-357.5347297170101,0.4016706537708354
p126,2042,754.1030238232906,754.1030238232906,1131.5234805010205,2344.5976848989994,-377.4204566777298,0.39992173534573505
p126,2043,778.0091600819105,778.0091600819105,1175.4481118921194,2435.612666774701,-397.4389518102089,0.39827293447565804
p126,2044,801.9746499018402,801.9746499018402,1219.5655607379194,2527.027180224799,-417.5909108360793,0.39671466621385587
p126,2045,825.9996406446207,825.9996406446207,1263.8766734555193,2618.8429790867012,-437.8770328108985,0.39523852922381203
p126,2046,850.0842800376704,850.0842800376704,1308.3823001781202,2711.0618248965984,-458.2980201404498,0.393837128556646
p126,2047,874.2287161751701,874.2287161751701,1353.0832947703202,2803.6854869236013,-478.8545785951501,0.3925039293457864
p126,2048,898.4330975190005,898.4330975190005,1397.9805148451196,2896.7157422031014,-499.5474173261191,0.3912331353035651
p126,2049,922.6975728996204,922.6975728996204,1443.0748217802193,2990.1543755714993,-520.3772488805989,0.3900195872496387
p126,2050,947.0222915170198,947.0222915170198,1488.3670807347207,3084.0031797000993,-541.344789217701,0.3888586779211453
p127,2023,0.0,0.0,0.0,0.0,0.0,
p127,2024,112.80801322770094,112.80801322770094,25.880633159900754,46.61490040690114,86.92738006780019,0.8133903975991621
p127,2025,226.4936799870011,226.4936799870011,51.80746110979999,93.31300455639939,174.6862188772011,0.8138438782333994
p127,2026,341.0638284785,341.0638284785,77.78056630370156,140.0944609602011,263.28326217479844,0.8142972252400624
p127,2027,456.5253400263009,456.5253400263009,103.80003134260005,186.95941839530133,352.72530868370086,0.8147504349320971
p127,2028,572.8851494919018,572.8851494919018,129.86593897490093,233.90802590390012,443.01921051700083,0.8152035036214168
p127,2029,690.1502456902017,690.1502456902017,155.97837209690078,280.94043279470134,534.1718735933009,0.8156564276187298
p127,2030,808.3276718099005,808.3276718099005,182.13741375280006,328.0567886425997,626.1902580571004,0.8161092032342315
p127,2031,871.1586680191012,871.1586680191012,320.7316533785015,577.6857925863005,550.4270146405997,0.7309050609602957
p127,2032,934.2475520038006,934.2475520038006,460.63420746860174,829.6712670257002,473.61334453519885,0.6697682765291653
p127,2033,997.5953822560004,997.5953822560004,601.8574263683004,1084.0354567846007,395.7379558877001,0.6237104195115568
p127,2034,1061.2032216122007,1061.2032216122007,744.4137770090001,1340.800816675499,316.78944460320054,0.5877233225111157
p127,2035,1125.0721372712014,1125.0721372712014,888.3158440087009,1599.9900134818017,236.75629326250055,0.5587954968103057
p127,2036,1189.2032008122005,1189.2032008122005,1033.5763307826,1861.6259279588012,155.62687002960047,0.5350072663117293
p127,2037,1253.5974882127011,1253.5974882127011,1180.2080606647014,2125.731656853801,73.38942754799973,0.5150770934805886
p127,2038,1318.2560798664017,1318.2560798664017,1328.2239780400014,2392.330514944799,-9.967898173599679,0.4981167630294775
p127,2039,1383.1800606015004,1383.1800606015004,1477.6371494871,2661.4460370987,-94.45708888559966,0.4834912400987209
p127,2040,1448.3705196988012,1448.3705196988012,1628.4607649316004,2933.1019803491,-180.09024523279913,0.4707344620856531
p127,2041,1497.6887985263002,1497.6887985263002,1684.9852055007013,3034.910972092399,-187.29640697440118,0.4705756218297229
p127,2042,1547.1595913479014,1547.1595913479014,1741.7077484520014,3137.0767759261,-194.54815710410003,0.4704232282722695
p127,2043,1596.7833698046015,1596.7833698046015,1798.6290880790002,3239.6006423768995,-201.84571827439868,0.47027670116987624
p127,2044,1646.5606069957012,1646.5606069957012,1855.7499211086015,3342.4838263542006,-209.18931411290032,0.47013552732770836
p127,2045,1696.4917774837013,1696.4917774837013,1913.070946709402,3445.7275871657002,-216.57916922570075,0.4699992511871205
p127,2046,1746.5773572987,1746.5773572987,1970.5928665005995,3549.3331885324988,-224.01550920189948,0.4698674669554231
p127,2047,1796.8178239429017,1796.8178239429017,2028.3163845601994,3653.301898604801,-231.4985606172977,0.46973981199108167
p127,2048,1847.2136563949007,1847.2136563949007,2086.242207433799,3757.6349899771994,-239.0285510388985,0.46961596121657817
p127,2049,1897.7653351148,1897.7653351148,2144.3710441432995,3862.3337397042997,-246.6057090284994,0.4694956223775703
p127,2050,1948.4733420483026,1948.4733420483026,2202.7036061955005,3967.3994293165997,-254.2302641471979,0.46937853200226115
p128,2023,0.0,0.0,0.0,0.0,0.0,
p128,2024,19.550403788580297,19.550403788580297,7.768240799310206,13.99419665555979,11.782162989270091,0.7156432569588894
p128,2025,39.26281981710008,39.26281981710008,15.562060490240128,28.034472732299946,23.700759326859952,0.7161496677603032
p128,2026,59.138590664750154,59.138590664750154,23.38154329775989,42.120979958340286,35.757047366990264,0.7166565033888284
p128,2027,79.17907003660002,79.17907003660002,31.22677372413,56.25387056139971,47.952296312470025,0.7171637599925941
p128,2028,99.38562285569014,99.38562285569014,39.09783654988996,70.43329727042965,60.28778630580018,0.7176714337025398
p128,2029,119.75962535607005,119.75962535607005,46.99481683472004,84.65941331731028,72.76480852135,0.7181795206333904
p128,2030,140.30246517647993,140.30246517647993,54.917799918400306,98.93237243844032,85.38466525807962,0.7186880168833427
p128,2031,151.23329862684022,151.23329862684022,81.79719827850022,147.35460809670985,69.43610034834,0.6489850068348473
p128,2032,162.21193495522994,162.21193495522994,108.97587941659003,196.31599053982973,53.2360555386399,0.5981534802032975
p128,2033,173.23858321388025,173.23858321388025,136.45717563127027,245.82252277968018,36.78140758260997,0.5593831309149456
p128,2034,184.31345336926006,184.31345336926006,164.24445632387005,295.88027466735,20.068997045390006,0.5287886122897896
p128,2035,195.43675630606003,195.43675630606003,192.34112841160004,346.49538363736974,3.0956278944599944,0.5039914961843607
p128,2036,206.60870383121028,206.60870383121028,220.75063674521016,397.67405546018017,-14.14193291399988,0.4834542835837807
p128,2037,217.82950867793033,217.82950867793033,249.4764645314399,449.4225650030303,-31.646955853509553,0.46613893501492804
p128,2038,229.09938450976006,229.09938450976006,278.5221337599801,501.74725699927967,-49.42274925022002,0.4513192925521749
p128,2039,240.41854592464006,240.41854592464006,307.8912056353802,554.6545468263503,-67.47265971074012,0.43847213229495674
p128,2040,251.78720845898033,251.78720845898033,337.5872810136202,608.1509212922901,-85.80007255463988,0.4272109040285933
p128,2041,260.3927430542699,260.3927430542699,348.66127647449,628.1003119260004,-88.26853342022014,0.4275363673910931
p128,2042,269.0266406374799,269.0266406374799,359.7807459160699,648.1316222433798,-90.75410527859003,0.4278363237938353
p128,2043,277.68899469021017,277.68899469021017,370.9458760716102,668.2451886373801,-93.25688138140004,0.4281129603224461
p128,2044,286.37989900215007,286.37989900215007,382.15685444112023,688.4413488823202,-95.77695543897016,0.4283682198879306
p128,2045,295.0994476721303,295.0994476721303,393.4138692945703,708.72044213955,-98.31442162244002,0.42860383437783606
p128,2046,303.8477351091001,303.8477351091001,404.7171096750403,729.0828089631204,-100.86937456594023,0.4288213525491309
p128,2047,312.6248560332001,312.6248560332001,416.0667654018903,749.5287913055599,-103.44190936869018,0.4290221636108763
p128,2048,321.43090547673,321.43090547673,427.4630270739599,770.0587325235501,-106.03212159722989,0.4292075172540853
p128,2049,330.2659787852199,330.2659787852199,438.90608607272,790.6729773837496,-108.64010728750009,0.4293785407381084
p128,2050,339.1301716184503,339.1301716184503,450.39613456558027,811.3718720685401,-111.26596294712999,0.4295362535259243
p129,2023,0.0,0.0,0.0,0.0,0.0,
p129,2024,0.2117973306909562,0.2117973306909562,0.0,0.0,0.2117973306909562,1.0
p129,2025,0.42366305075597666,0.42366305075597666,0.0,0.0,0.42366305075597666,1.0
p129,2026,0.6355971822770243,0.6355971822770243,0.0,0.0,0.6355971822770243,1.0
p129,2027,0.8475997473459529,0.8475997473459529,0.0,0.0,0.8475997473459529,1.0
p129,2028,1.0596707680580266,1.0596707680580266,0.0,0.0,1.0596707680580266,1.0
p129,2029,1.271810266518969,1.271810266518969,0.0,0.0,1.271810266518969,1.0
p129,2030,1.484018264839051,1.484018264839051,0.0,0.0,1.484018264839051,1.0
p129,2031,1.5954863635199672,1.5954863635199672,7.819213250444022,12.981910175300072,-6.223726886924055,0.16946758037330514
p129,2032,1.7069733624430228,1.7069733624430228,15.731638919676016,26.11857700055998,-14.024665557232993,0.09788470176570732
p129,2033,1.8184792648130497,1.8184792648130497,23.738388187902956,39.411845321430064,-21.919908923089906,0.07115423156525368
p129,2034,1.9300040738349935,1.9300040738349935,31.840585481655012,52.86358197588993,-29.91058140782002,0.05715044064195904
p129,2035,2.04154779271596,2.04154779271596,40.039368631688035,66.47567605638005,-37.997820838972075,0.048514813036058424
p129,2036,2.1531104246599853,2.1531104246599853,48.33588903277803,80.25003917513004,-46.18277860811804,0.042645139491723286
p129,2037,2.264691972875994,2.264691972875994,56.73131180541395,94.18860573255006,-54.46661983253796,0.03838720977418783
p129,2038,2.376292440569955,2.376292440569955,65.22681595942697,108.29333318898989,-62.85052351885702,0.03515063873261282
p129,2039,2.4879118309499972,2.4879118309499972,73.82359455955498,122.56620233954004,-71.33568272860498,0.032602053722000104
p129,2040,2.599550147225955,2.599550147225955,82.522854893003,137.00921759225002,-79.92330474577705,0.030538964988094545
p129,2041,2.6833090497569856,2.6833090497569856,85.32716241426704,141.66509116659995,-82.64385336451005,0.03048852034446651
p129,2042,2.7670786057769874,2.7670786057769874,88.14211953024505,146.33864581416992,-85.37504092446807,0.030437828762242207
p129,2043,2.8508588166399704,2.8508588166399704,90.96776668367204,151.0299486803201,-88.11690786703207,0.03038691732517963
p129,2044,2.934649683700968,2.934649683700968,93.804144470869,155.73906716542,-90.86949478716804,0.030335810047538558
p129,2045,3.018451208316037,3.018451208316037,96.65129364232303,160.46606892579007,-93.63284243400699,0.030284528297321946
p129,2046,3.1022633918399833,3.1022633918399833,99.50925510327704,165.21102187466,-96.40699171143706,0.03023309115133708
p129,2047,3.1860862356300004,3.1860862356300004,102.37806991431296,169.97399418319992,-99.19198367868296,0.03018151569463118
p129,2048,3.2699197410399847,3.2699197410399847,105.25777929194601,174.75505428144993,-101.98785955090602,0.030129817274077864
p129,2049,3.353763909427016,3.353763909427016,108.14842460921102,179.55427085931,-104.794660699784,0.030078009714279475
p129,2050,3.437618742148061,3.437618742148061,111.05004739626406,184.37171286756006,-107.612428654116,0.030026105501985548
p13,2023,0.0,0.0,0.0,0.0,0.0,
p13,2024,113.34094158955986,113.34094158955986,43.36585942358988,82.66159778459041,69.97508216596998,0.7232675343812875
p13,2025,230.6783994932498,230.6783994932498,87.31678351655,166.43841341613006,143.3616159766998,0.7254147604057917
p13,2026,352.1532949212401,352.1532949212401,131.86066560030986,251.3454927064604,220.29262932093025,0.7275684662933622
p13,2027,477.9115181081902,477.9115181081902,177.00550548797992,337.3980844559701,300.9060126202103,0.7297283486142457
p13,2028,608.10410352608,608.10410352608,222.75941092108997,424.61164319218005,385.3446926049901,0.7318940992741666
p13,2029,742.8874112752401,742.8874112752401,269.1305990256401,513.0018319453002,473.7568122496,0.7340654056683975
p13,2030,882.4233148714097,882.4233148714097,316.12739778792,602.5845250612101,566.2959170834897,0.7362419508420296
p13,2031,959.8463486222904,959.8463486222904,382.6427397605298,729.3723834762504,577.2036088617606,0.7149751584041057
p13,2032,1038.7325676265295,1038.7325676265295,450.41125534720004,858.5489719802799,588.3213122793295,0.6975367668330678
p13,2033,1119.1096240049897,1119.1096240049897,519.4565548017699,990.1592951306002,599.6530692032197,0.6829810345652015
p13,2034,1201.00569246426,1201.00569246426,589.8026932039502,1124.24920538699,611.2029992603098,0.6706500271474465
p13,2035,1284.4494801728601,1284.4494801728601,661.4741788400602,1260.86541908651,622.9753013328,0.6600718760079229
p13,2036,1369.47023682397,1369.47023682397,734.4959817415802,1400.0555327192596,634.9742550823898,0.650899346548279
p13,2037,1456.0977648883704,1456.0977648883704,808.8935423846001,1541.8680395108004,647.2042225037703,0.6428712376126067
p13,2038,1544.3624300611796,1544.3624300611796,884.69278055321,1686.3523463169804,659.6696495079696,0.6357872901829014
p13,2039,1634.2951719059597,1634.2951719059597,961.9201043697499,1833.5587908370599,672.3750675362098,0.6294913934295805
p13,2040,1725.9275147000603,1725.9275147000603,1040.6024194954002,1983.5386591511497,685.3250952046601,0.623860054202515
p13,2041,1797.3812210579003,1797.3812210579003,1100.6452705788502,2097.9890141555297,696.7359504790502,0.6202086924480713
p13,2042,1869.8683998706197,1869.8683998706197,1161.5354051672198,2214.05441401835,708.3329947033999,0.6168325040573996
p13,2043,1943.4039987926903,1943.4039987926903,1223.2847795438197,2331.7576491441905,720.1192192488706,0.6137022406772723
p13,2044,2018.00318167439,2018.00318167439,1285.9055187108202,2451.1218315401693,732.0976629635697,0.6107926594457972
p13,2045,2093.6813316887096,2093.6813316887096,1349.40991877007,2572.1703993542105,744.2714129186397,0.6080818599883852
p13,2046,2170.45405450353,2170.45405450353,1413.81044933762,2694.92712147726,756.6436051659102,0.605550748885167
p13,2047,2248.3371814997304,2248.3371814997304,1479.1197559921397,2819.416102210571,769.2174255075906,0.6031826039049
p13,2048,2327.34677303573,2327.34677303573,1545.3506627580596,2945.661785998749,781.9961102776706,0.6009627169747362
p13,2049,2407.49912175935,2407.49912175935,1612.5161746236004,3073.6889622295894,794.9829471357498,0.5988780997737799
p13,2050,2488.8107559675204,2488.8107559675204,1680.6294800944902,3203.52277010177,808.1812758730302,0.5969172394993181
p130,2023,0.0,0.0,0.0,0.0,0.0,
p130,2024,0.1956048293600361,0.1956048293600361,0.0,0.0,0.1956048293600361,1.0
p130,2025,0.3912396133700895,0.3912396133700895,0.0,0.0,0.3912396133700895,1.0
p130,2026,0.5869043566099208,0.5869043566099208,0.0,0.0,0.5869043566099208,1.0
p130,2027,0.7825990636799816,0.7825990636799816,0.0,0.0,0.7825990636799816,1.0
p130,2028,0.9783237391600323,0.9783237391600323,0.0,0.0,0.9783237391600323,1.0
p130,2029,1.1740783876300611,1.1740783876300611,0.0,0.0,1.1740783876300611,1.0
p130,2030,1.3698630137000691,1.3698630137000691,0.0,0.0,1.3698630137000691,1.0
p130,2031,1.4726757160499346,1.4726757160499346,15.226695261879968,27.97846022170006,-13.754019545830033,0.08818749628331757
p130,2032,1.5754966851100107,1.5754966851100107,30.634907135480034,56.29045015638985,-29.059410450370024,0.04891266479878457
p130,2033,1.6783259215599173,1.6783259215599173,46.22679947051006,84.93994579375021,-44.54847354895014,0.035034370703009174
p130,2034,1.7811634260499432,1.7811634260499432,62.004561911830024,113.93097052103985,-60.22339848578008,0.02792416981409125
p130,2035,1.8840091992599355,1.8840091992599355,77.97041020694996,143.26759568808984,-76.08640100769003,0.023593048616084796
p130,2036,1.9868632418399557,1.9868632418399557,94.12658651716993,172.95394117908018,-92.13972327532997,0.02067206251384919
p130,2037,2.089725554460074,2.089725554460074,110.47535973247,202.99417599108983,-108.38563417800992,0.018564597975769596
p130,2038,2.192596137790133,2.192596137790133,127.01902579014995,233.3925188196099,-124.82642965235982,0.016969031926655328
p130,2039,2.2954749924899716,2.2954749924899716,143.75990799725992,264.1532386509598,-141.46443300476994,0.015716469639815104
p130,2040,2.3983621192301143,2.3983621192301143,160.70035735687998,295.2806553618002,-158.30199523764986,0.014704972098701332
p130,2041,2.4755406483000115,2.4755406483000115,166.16130779769992,305.3149393645599,-163.6857671493999,0.014679713663486287
p130,2042,2.55272383197007,2.55272383197007,171.64299665913995,315.38732940850014,-169.09027282716988,0.01465434296992587
p130,2043,2.6299116705399683,2.6299116705399683,177.14550269713004,325.4979702045198,-174.51559102659007,0.01462887280660842
p130,2044,2.7071041642700493,2.7071041642700493,182.66890496662995,335.64700701307993,-179.9618008023599,0.014603314511741784
p130,2045,2.784301313469996,2.784301313469996,188.21328282285003,345.8345856463002,-185.42898150938004,0.01457767817357714
p130,2046,2.861503118389919,2.861503118389919,193.7787159223601,356.0608524700001,-190.9172128039702,0.014551972797573653
p130,2047,2.9387095793299522,2.9387095793299522,199.36528422421998,366.3259544058501,-196.42657464489002,0.014526206448418545
p130,2048,3.015920696559988,3.015920696559988,204.97306799113994,376.63003893348014,-201.95714729457995,0.01450038636943641
p130,2049,3.0931364703699273,3.0931364703699273,210.60214779065996,386.9732540925702,-207.50901132029003,0.01447451908480884
p130,2050,3.1703569010401225,3.1703569010401225,216.2526044962401,397.3557484849998,-213.0822475952,0.014448610486575173
p131,2023,0.0,0.0,0.0,0.0,0.0,
p131,2024,1.4666647480098618,1.4666647480098618,0.0,0.0,1.4666647480098618,1.0
p131,2025,2.9336778993201733,2.9336778993201733,0.0,0.0,2.9336778993201733,1.0
p131,2026,4.401039536689495,4.401039536689495,0.0,0.0,4.401039536689495,1.0
p131,2027,5.86874974291004,5.86874974291004,0.0,0.0,5.86874974291004,1.0
p131,2028,7.336808600769473,7.336808600769473,0.0,0.0,7.336808600769473,1.0
p131,2029,8.805216193100023,8.805216193100023,0.0,0.0,8.805216193100023,1.0
p131,2030,10.273972602740287,10.273972602740287,0.0,0.0,10.273972602740287,1.0
p131,2031,11.045369633219707,11.045369633219707,73.60209356280029,142.76524909040018,-62.556723929580585,0.1304867176898344
p131,2032,11.816862881290035,11.816862881290035,148.08159370718022,287.2323950034006,-136.26473082589018,0.07390229482766696
p131,2033,12.588452358920222,12.588452358920222,223.44895994961007,433.4217259591005,-210.86050759068985,0.05333244520773489
p131,2034,13.360138078140153,13.360138078140153,299.71477649389,581.3537720324002,-286.35463841574983,0.04267393347820061
p131,2035,14.131920050939698,14.131920050939698,376.88975371752986,731.0493080359993,-362.75783366659016,0.03614101467763509
p131,2036,14.903798289319639,14.903798289319639,454.98472967586986,882.5293564382991,-440.0809313865502,0.031717731764721334
p131,2037,15.675772805299857,15.675772805299857,534.0106716241498,1035.8151903149992,-518.33489881885,0.02851766304983311
p131,2038,16.44784361089023,16.44784361089023,613.9786775576295,1190.9283363372997,-597.5308339467392,0.02609002486190385
p131,2039,17.220010718089725,17.220010718089725,694.8999777702002,1347.8905777946002,-677.6799670521104,0.024181333197295714
p131,2040,17.99227413892004,17.99227413892004,776.78593643147,1506.7239576535994,-758.7936622925499,0.022638106958175776
p131,2041,18.571625212550316,18.571625212550316,803.1828254723396,1557.9257408734993,-784.6112002597893,0.022599969123467265
p131,2042,19.15103049130994,19.15103049130994,829.6799589293096,1609.3219671905008,-810.5289284379996,0.022561653297297406
p131,2043,19.730489980280254,19.730489980280254,856.2777174889898,1660.9133750188994,-836.5472275087095,0.02252317936298832
p131,2044,20.310003684529875,20.310003684529875,882.97648328372,1712.7007055768008,-862.6664795991901,0.022484564949817258
p131,2045,20.889571609130144,20.889571609130144,909.7766398970098,1764.6847028974007,-888.8870682878796,0.022445825743822364
p131,2046,21.46919375915968,21.46919375915968,936.67857236906,1816.8661138392,-915.2093786099003,0.022406975748547185
p131,2047,22.048870139689825,22.048870139689825,963.6826672022898,1869.2456880974005,-941.6337970626,0.02236802750487673
p131,2048,22.628600755790103,22.628600755790103,990.78931236689,1921.8241782135992,-968.1607116110999,0.022328992277296345
p131,2049,23.20838561254004,23.20838561254004,1017.9988973064101,1974.6023395878,-994.79051169387,0.02228988021239824
p131,2050,23.788224715010074,23.788224715010074,1045.3118129433497,2027.5809304884006,-1021.5235882283396,0.022250700474310346
p132,2023,0.0,0.0,0.0,0.0,0.0,
p132,2024,17.068783231010002,17.068783231010002,0.0,0.0,17.068783231010002,1.0
p132,2025,34.22564079060021,34.22564079060021,0.0,0.0,34.22564079060021,1.0
p132,2026,51.47102713924005,51.47102713924005,0.0,0.0,51.47102713924005,1.0
p132,2027,68.80539908242008,68.80539908242008,0.0,0.0,68.80539908242008,1.0
p132,2028,86.22921578271007,86.22921578271007,0.0,0.0,86.22921578271007,1.0
p132,2029,103.74293877195032,103.74293877195032,0.0,0.0,103.74293877195032,1.0
p132,2030,121.34703196347027,121.34703196347027,0.0,0.0,121.34703196347027,1.0
p132,2031,130.66710353224016,130.66710353224016,39.43360709899025,80.37101781623005,91.23349643324991,0.7681749420525333
p132,2032,140.0125051734003,140.0125051734003,79.33730009811006,161.70013419443967,60.67520507529025,0.638306949942779
p132,2033,149.3833057289803,149.3833057289803,119.71668286599015,243.99877057582034,29.666622862990152,0.5551219325907185
p132,2034,158.77957422811005,158.77957422811005,160.57742607467026,327.27848455596995,-1.7978518465602065,0.49718520050467707
p132,2035,168.20137988751003,168.20137988751003,201.92526799594998,411.5509715079297,-33.72388810843995,0.4544427720872202
p132,2036,177.64879211201014,177.64879211201014,243.7660153072802,496.8280662246998,-66.11722319527007,0.42155327478860255
p132,2037,187.12188049510996,187.12188049510996,286.1055439072002,583.1217445811499,-98.98366341209021,0.39541639145585517
p132,2038,196.6207148194103,196.6207148194103,328.9497997404901,670.4441252159504,-132.3290849210798,0.37410910500573946
p132,2039,206.14536505717024,206.14536505717024,372.30479963325024,758.80747123338,-166.15943457608,0.3563753243418934
p132,2040,215.69590137085015,215.69590137085015,416.17663213781,848.2241919255603,-200.48073076695982,0.3413598311880001
p132,2041,222.90010698111018,222.90010698111018,430.31922646748035,877.0487094997397,-207.41911948637016,0.34123317478118215
p132,2042,230.1190419181803,230.1190419181803,444.5155284938601,905.9826906144399,-214.39648657567977,0.3411017638447324
p132,2043,237.35273629684025,237.35273629684025,458.7657421764602,935.0265509667097,-221.41300587961996,0.3409660045476639
p132,2044,244.6012202934503,244.6012202934503,473.0700722493402,964.1807078322199,-228.46885195588993,0.3408262568602968
p132,2045,251.86452414605037,251.86452414605037,487.42872422407027,993.4455800713004,-235.5642000780199,0.3406828409448109
p132,2046,259.1426781545101,259.1426781545101,501.8419043926601,1022.8215881349497,-242.69922623815,0.3405360425136431
p132,2047,266.43571268066034,266.43571268066034,516.3098198305402,1052.3091540708401,-249.87410714987982,0.3403861173450362
p132,2048,273.7436581483903,273.7436581483903,530.8326783995003,1081.90870152942,-257.08902025111,0.3402332951064816
p132,2049,281.06654504381004,281.06654504381004,545.4106887507501,1111.6206557699697,-264.34414370694003,0.3400777826067446
p132,2050,288.40440391533,288.40440391533,560.0440603278203,1141.4454436667502,-271.63965641249024,0.3399197665736813
p133,2023,0.0,0.0,0.0,0.0,0.0,
p133,2024,0.11411317858892289,0.11411317858892289,0.0,0.0,0.11411317858892289,1.0
p133,2025,0.22824037849102297,0.22824037849102297,0.0,0.0,0.22824037849102297,1.0
p133,2026,0.3423816014279737,0.3423816014279737,0.0,0.0,0.3423816014279737,1.0
p133,2027,0.45653684912292647,0.45653684912292647,0.0,0.0,0.45653684912292647,1.0
p133,2028,0.5707061232999422,0.5707061232999422,0.0,0.0,0.5707061232999422,1.0
p133,2029,0.6848894256809217,0.6848894256809217,0.0,0.0,0.6848894256809217,1.0
p133,2030,0.7990867579909491,0.7990867579909491,0.0,0.0,0.7990867579909491,1.0
p133,2031,0.8590524196729348,0.8590524196729348,11.071173634871002,23.138556152669935,-10.212121215198067,0.07200638242271548
p133,2032,0.919021949908938,0.919021949908938,22.27432613261101,46.552945783359974,-21.35530418270207,0.03962437620645094
p133,2033,0.9789953489499794,0.9789953489499794,33.61103080611292,70.24645708805997,-32.63203545716294,0.0283028218759148
p133,2034,1.0389726170459426,1.0389726170459426,45.08287972365099,94.22241746115992,-44.04390710660505,0.02252668885393346
p133,2035,1.0989537544459154,1.0989537544459154,56.69148393245894,118.48419396275995,-55.59253017801302,0.019016186733171864
p133,2036,1.1589387614000088,1.1589387614000088,68.43847368497597,143.0351937914802,-67.27953492357597,0.01665203806668758
p133,2037,1.2189276381559466,1.2189276381559466,80.32549866779095,167.8788647629799,-79.106571029635,0.01494801905384246
p133,2038,1.2789203849659998,1.2789203849659998,92.35422823333101,193.01869579415006,-91.07530784836501,0.013658842021639372
p133,2039,1.3389170020780057,1.3389170020780057,104.526351634251,218.45821739305984,-103.187434632173,0.012647367917021838
p133,2040,1.3989174897429848,1.3989174897429848,116.84357826074086,244.20100215477987,-115.44466077099787,0.011830919847082648
p133,2041,1.4439240243539189,1.4439240243539189,120.81417920217098,252.4994875614102,-119.37025517781706,0.011810456617984301
p133,2042,1.4889327367469605,1.4889327367469605,124.79985883611096,260.8294871674002,-123.310926099364,0.011789904061976653
p133,2043,1.5339436270289752,1.5339436270289752,128.800674425161,269.19112065060017,-127.26673079813202,0.011769272430865124
p133,2044,1.5789566953029635,1.5789566953029635,132.816683449391,277.5845081433299,-131.23772675408804,0.011748570813778007
p133,2045,1.6239719416769276,1.6239719416769276,136.84794360715102,286.00977023410996,-135.2239716654741,0.011727807297533071
p133,2046,1.6689893662550048,1.6689893662550048,140.89451281591107,294.4670279694401,-139.22552344965607,0.011706989101056093
p133,2047,1.7140089691420144,1.7140089691420144,144.95644921309088,302.95640285546006,-143.24244024394886,0.011686122688813165
p133,2048,1.7590307504439124,1.7590307504439124,149.03381115688092,311.4780168597699,-147.274780406437,0.011665213866882277
p133,2049,1.8040547102669962,1.8040547102669962,153.12665722709096,320.03199241315997,-151.32260251682396,0.011644267864698233
p133,2050,1.849080848714948,1.849080848714948,157.23504622602093,328.61845241133005,-155.38596537730598,0.01162328940489626
p134,2023,0.0,0.0,0.0,0.0,0.0,
p134,2024,0.5538078276499618,0.5538078276499618,0.0,0.0,0.5538078276499618,1.0
p134,2025,1.1078356878799696,1.1078356878799696,0.0,0.0,1.1078356878799696,1.0
p134,2026,1.6620836681199762,1.6620836681199762,0.0,0.0,1.6620836681199762,1.0
p134,2027,2.216551855829948,2.216551855829948,0.0,0.0,2.216551855829948,1.0
p134,2028,2.771240338490088,2.771240338490088,0.0,0.0,2.771240338490088,1.0
p134,2029,3.3261492036299387,3.3261492036299387,0.0,0.0,3.3261492036299387,1.0
p134,2030,3.88127853881997,3.88127853881997,0.0,0.0,3.88127853881997,1.0
p134,2031,4.17291101903993,4.17291101903993,16.61658949778007,24.116073723259888,-12.44367847874014,0.2007220431132429
p134,2032,4.464604345399948,4.464604345399948,33.4312644613899,48.51963385870022,-28.966660115989953,0.11781242879434974
p134,2033,4.756358530589978,4.756358530589978,50.44638625695006,73.21410751629992,-45.690027726360086,0.08616163107280035
p134,2034,5.048173587309975,5.048173587309975,67.66434440033004,98.20296266044988,-62.61617081302006,0.06942647190636536
p134,2035,5.340049528259897,5.340049528259897,85.08755689266991,123.48970859694009,-79.74750736441001,0.05905331059414089
p134,2036,5.631986366139927,5.631986366139927,102.71847055998,149.07789646581978,-97.08648419384008,0.051979350396096295
p134,2037,5.923984113660026,5.923984113660026,120.55956139674004,174.97111974009022,-114.63557728308001,0.046836006136252155
p134,2038,6.216042783519924,6.216042783519924,138.61333491365008,201.17301473033012,-132.39729213013015,0.04291976450052362
p134,2039,6.5081623884400415,6.5081623884400415,156.88232648942994,227.6872610953901,-150.3741641009899,0.039831953702670654
p134,2040,6.800342941139888,6.800342941139888,175.36910172695002,254.51758235914986,-168.56875878581013,0.037329767094201854
p134,2041,7.019575499799885,7.019575499799885,181.32852825924988,263.1666477778099,-174.30895275945,0.037269159389997884
p134,2042,7.238842371989904,7.238842371989904,187.31058621723992,271.8485587530399,-180.07174384525,0.03720824278170429
p134,2043,7.458143563080057,7.458143563080057,193.31536154567993,280.56344001864,-185.85721798259988,0.03714705064814176
p134,2044,7.677479078429997,7.677479078429997,199.3429405157001,289.31141678204995,-191.6654614372701,0.03708561258585955
p134,2045,7.896848923410062,7.896848923410062,205.3934097260501,298.09261472622984,-197.49656080264003,0.03702395493077081
p134,2046,8.116253103409917,8.116253103409917,211.46685610435998,306.9071600114198,-203.35060300095006,0.036962101195726786
p134,2047,8.335691623789899,8.335691623789899,217.56336690836997,315.75517927697,-209.22767528458007,0.036900072439227084
p134,2048,8.555164489939898,8.555164489939898,223.68302972716992,324.63679964312996,-215.12786523723003,0.0368378875782251
p134,2049,8.774671707210018,8.774671707210018,229.8259324825001,333.5521487129399,-221.05126077529007,0.03677556365378405
p134,2050,8.99421328099993,8.99421328099993,235.99216342997988,342.50135457398983,-226.99795014897995,0.03671311605873808
p14,2023,0.0,0.0,0.0,0.0,0.0,
p14,2024,8.568860079719002,8.568860079719002,3.9053113678199907,6.49154254751295,4.663548711899011,0.6869281952517605
p14,2025,17.279969760515996,17.279969760515996,7.840169932498952,13.032199459416006,9.439799828017044,0.6878930599785226
p14,2026,26.135690494068967,26.135690494068967,11.804799245185905,19.622342330097013,14.330891248883063,0.6888601247291716
p14,2027,35.13842293394998,35.13842293394998,15.799424548395905,26.262345565393957,19.338998385554078,0.6898293640328699
p14,2028,44.29060758640901,44.29060758640901,19.824272788805956,32.952586403857026,24.466334797603054,0.6908007521375729
p14,2029,53.594725471957986,53.594725471957986,23.879572630148004,39.693444938190055,29.71515284180998,0.6917742630120209
p14,2030,63.053298797938965,63.053298797938965,27.96555446620198,46.485304136837954,35.087744331736985,0.6927498703477988
p14,2031,68.15309575429694,68.15309575429694,37.23119233525392,61.886965308450954,30.92190341904302,0.6467102163880776
p14,2032,73.29779388617499,73.29779388617499,46.65460636091893,77.55088742091095,26.643187525256053,0.6110573338689883
p14,2033,78.48778852608893,78.48778852608893,56.23848317048794,93.48153627828401,22.249305355600995,0.5825722595727642
p14,2034,83.72347848726099,83.72347848726099,65.98555513939993,109.68345372877195,17.737923347861056,0.5592413260514902
p14,2035,89.00526609426595,89.00526609426595,75.89860117023795,126.16125895959306,13.106664924027996,0.5397403200466034
p14,2036,94.33355721394491,94.33355721394491,85.98044748500195,142.91964981392005,8.353109728942968,0.5231626759743075
p14,2037,99.708761286597,99.708761286597,96.23396843086891,159.96340413025996,3.474792855728083,0.5088668583436049
p14,2038,105.13129135743793,105.13129135743793,106.66208729966593,177.29738110457993,-1.5307959422279964,0.4963861100098262
p14,2039,110.601564108341,110.601564108341,117.26777716131392,194.92652267569997,-6.666213052972921,0.4853727293548361
p14,2040,116.11999988985701,116.11999988985701,128.05406171144796,212.85585493425992,-11.934061821590944,0.47556238827472747
p14,2041,120.3358675984449,120.3358675984449,133.84091811094697,222.47496618958007,-13.505050512502066,0.47343374518878606
p14,2042,124.57984497849498,124.57984497849498,139.6797557507499,232.18048244601005,-15.09991077225493,0.47142977827374
p14,2043,128.852119453731,128.852119453731,145.571041559557,241.97317984846995,-16.718922105825982,0.4695380629606981
p14,2044,133.15287969754195,133.15287969754195,151.51524666032196,251.85384151368999,-18.362366962780015,0.46774776439197097
p14,2045,137.48231564131493,137.48231564131493,157.51284640792494,261.82325759286005,-20.030530766610013,0.46604939106888377
p14,2046,141.84061848282,141.84061848282,163.564320427187,271.8822253348201,-21.723701944367008,0.4644345929343856
p14,2047,146.22798069465398,146.22798069465398,169.6701526512279,282.03154914979996,-23.44217195657393,0.4628959948128172
p14,2048,150.64459603274395,150.64459603274395,175.83083136016,292.2720406737701,-25.186235327416057,0.4614270581885093
p14,2049,155.09065954489995,155.09065954489995,182.04684922014292,302.60451883330006,-26.956189675242967,0.460021965853065
p14,2050,159.56636757943397,159.56636757943397,188.31870332277595,313.0298099111201,-28.752335743341973,0.458675525125618
p15,2023,0.0,0.0,0.0,0.0,0.0,
p15,2024,24.147156524549928,24.147156524549928,24.848432811079874,41.256596380820156,-0.7012762865299464,0.492843475340953
p15,2025,48.610897008820075,48.610897008820075,50.03210491686991,83.06980059188982,-1.421207908049837,0.4927962051017037
p15,2026,73.39537206173986,73.39537206173986,75.55553915328005,125.44712203303015,-2.1601670915401883,0.4927487281752112
p15,2027,98.50478670925986,98.50478670925986,101.42331937547988,168.39617141609006,-2.918532666220017,0.4927010445820384
p15,2028,123.94340110777989,123.94340110777989,127.64009128109001,211.9246621318298,-3.6966901733101167,0.4926531543500553
p15,2029,149.71553126695994,149.71553126695994,154.21056324457004,256.04041163518013,-4.495031977610097,0.49260505751433664
p15,2030,175.82554978197004,175.82554978197004,181.13950716273007,300.7513428492198,-5.31395738076003,0.4925567541172759
p15,2031,189.82597743272004,189.82597743272004,219.25248423459016,364.03145889838015,-29.42650680187012,0.4640331751005242
p15,2032,203.92355478467994,203.92355478467994,258.08352387373,428.5037957100799,-54.15996908905004,0.4413862129057401
p15,2033,218.11895596473005,218.11895596473005,297.6461546441701,494.19081516393,-79.52719867944006,0.42290366579318234
p15,2034,232.41285977753978,232.41285977753978,337.9541599930799,561.1154023295899,-105.5413002155401,0.4074794855267185
p15,2035,246.80594973804,246.80594973804,379.02158305287,629.30087343995,-132.21563331483003,0.3943673565101813
p15,2036,261.2989141040998,261.2989141040998,420.86273153373986,698.7709840142802,-159.56381742964004,0.38304544938139734
p15,2037,275.8924459094501,275.8924459094501,463.49218270843994,769.54993713465,-187.59973679898985,0.37313792474313096
p15,2038,290.5872429968399,290.5872429968399,506.92478849095005,841.6623918781302,-216.33754549411015,0.3643672214634029
p15,2039,305.38400805136007,305.38400805136007,551.1756806107501,915.1334719079,-245.79167255939,0.3565239084836572
p15,2040,320.2834486340698,320.2834486340698,596.2602758847202,989.9887742262399,-275.97682725065033,0.3494469931614307
p15,2041,331.6221428737599,331.6221428737599,630.6645462200499,1047.1112135282501,-299.04240334629003,0.34461886112760237
p15,2042,343.02030097502984,343.02030097502984,665.5543060054702,1105.0397254885102,-322.5340050304403,0.3401040424782992
p15,2043,354.47823478604005,354.47823478604005,700.9364061348901,1163.78568485114,-346.4581713488501,0.3358663230943344
p15,2044,365.9962577903798,365.9962577903798,736.8177941773301,1223.36062687283,-370.82153638695036,0.33187485880992024
p15,2045,377.57468511564,377.57468511564,773.2055157411401,1283.7762495879197,-395.63083062550004,0.3281032162653891
p15,2046,389.21383354206,389.21383354206,810.1067158574701,1345.0444161053501,-420.89288231541013,0.3245286122521036
p15,2047,400.9140215111702,400.9140215111702,847.5286403832101,1407.1771569381299,-446.61461887203996,0.32113130522376204
p15,2048,412.67556913450017,412.67556913450017,885.4786374238602,1470.1866723656203,-472.80306828936,0.31789410460609074
p15,2049,424.49879820237993,424.49879820237993,923.9641587762899,1534.0853348291303,-499.46536057390995,0.31480197213092204
p15,2050,436.38403219269003,436.38403219269003,962.99276139206,1598.88569136139,-526.6087291993699,0.31184169566998143
p16,2023,0.0,0.0,0.0,0.0,0.0,
p16,2024,12.60254316890996,12.60254316890996,9.111392960938929,15.13731234115994,3.4911502079710317,0.5803896213725145
p16,2025,25.440259373526942,25.440259373526942,18.345711056559935,30.47884769918005,7.094548316967007,0.5810139440473848
p16,2026,38.517537121471946,38.517537121471946,27.70461271481099,46.027361321469925,10.812924406660954,0.5816412970085773
p16,2027,51.83884681325094,51.83884681325094,37.189778738098994,61.78564562749011,14.649068075151945,0.5822716737702676
p16,2028,65.40874227044492,65.40874227044492,46.80291260514991,77.75653071023999,18.605829665295005,0.5829050675971343
p16,2029,79.23186229240491,79.23186229240491,56.54574077694497,93.94288484456001,22.686121515459945,0.5835414715042243
p16,2030,93.31293224200692,93.31293224200692,66.42001300678191,110.34761500222999,26.89291923522501,0.584180878256951
p16,2031,100.929615258519,100.929615258519,80.39523283867698,133.56549930804,20.534382419842018,0.5566231893624279
p16,2032,108.62177201347299,108.62177201347299,94.63375097476398,157.2208171310399,13.988021038709007,0.5344099408297961
p16,2033,116.39015037640297,116.39015037640297,109.14052805235895,181.32180988028995,7.249622324044026,0.5160723640228262
p16,2034,124.23550562748892,124.23550562748892,123.92061816901594,205.87687423604007,0.31488745847298105,0.5006344543379699
p16,2035,132.15860053098095,132.15860053098095,138.97917064335593,230.89456507509,-6.8205701123749805,0.4874223165536212
p16,2036,140.16020540936597,140.16020540936597,154.32143180906291,256.38359845128,-14.161226399696943,0.4759556715769123
p16,2037,148.24109821825596,148.24109821825596,169.9527468426869,282.35285463213995,-21.71164862443095,0.4658829845997295
p16,2038,156.40206462203093,156.40206462203093,185.87856162587798,308.8113811927001,-29.476497003847044,0.45694103793286617
p16,2039,164.64389807022098,164.64389807022098,202.1044246427099,335.76839616765005,-37.4605265724889,0.4489288372263248
p16,2040,172.96739987464798,172.96739987464798,218.63598891274398,363.2332912628699,-45.668589038096,0.4416902530140128
p16,2041,179.3407198551539,179.3407198551539,231.25130469313092,384.19188410029005,-51.91058483797701,0.43678568781859956
p16,2042,185.76192192637598,185.76192192637598,244.04463915146698,405.4462302152101,-58.282717225091005,0.432198897710015
p16,2043,192.231365821488,192.231365821488,257.018504365156,427.00050307488004,-64.787138543668,0.4278940931950056
p16,2044,198.74941397629698,198.74941397629698,270.1754478603109,448.8589350396701,-71.42603388401392,0.4238406409032524
p16,2045,205.3164315495569,205.3164315495569,283.5180531119869,471.0258181941299,-78.20162156242998,0.420012167700715
p16,2046,211.932786443419,211.932786443419,297.04894005146593,493.50550518973,-85.11615360804694,0.41638584532867084
p16,2047,218.5988493240469,218.5988493240469,310.7707655807029,516.3024100995999,-92.171916256656,0.4129418145077701
p16,2048,225.3149936423789,225.3149936423789,324.6862240940219,539.42100928523,-99.37123045164299,0.4096627177839553
p16,2049,232.08159565505196,232.08159565505196,338.79804800721195,562.86584227544,-106.71645235215999,0.40653331789205105
p16,2050,238.899034445481,238.899034445481,353.109008294012,586.6415126577699,-114.20997384853104,0.40354018391369395
p17,2023,0.0,0.0,0.0,0.0,0.0,
p17,2024,2.445386051871992,2.445386051871992,7.089519383775041,10.478772060959955,-4.644133331903049,0.2564667335587529
p17,2025,4.8971538375820955,4.8971538375820955,14.232677365127074,21.03682546771006,-9.335523527544979,0.2559956638241826
p17,2026,7.355320011568097,7.355320011568097,21.429879768343085,31.674760054989974,-14.074559756774988,0.2555243690440279
p17,2027,9.819901271730032,9.819901271730032,28.681535488137,42.393180195889954,-18.86163421640697,0.2550528525201963
p17,2028,12.29091435954308,12.29091435954308,35.988056512878074,53.1926948360599,-23.697142153334994,0.2545811175640476
p17,2029,14.768376060174091,14.768376060174091,43.349857947999,64.07391752843,-28.581481887824907,0.2541091674963357
p17,2030,17.252303202595044,17.252303202595044,50.76735803958104,75.03746646797003,-33.515054836985996,0.2536370056470912
p17,2031,18.561931649203984,18.561931649203984,67.58776314657405,99.89912232192,-49.02583149737006,0.21546137445066904
p17,2032,19.873357379777076,19.873357379777076,84.6945877001341,125.18412479949006,-64.82123032035702,0.19005209832315048
p17,2033,21.18658286083803,21.18658286083803,102.09270887761397,150.89968268696998,-80.90612601677594,0.17185840835123592
p17,2034,22.501610562296037,22.501610562296037,119.78708690546398,177.05312752255008,-97.28547634316794,0.1581405337370137
p17,2035,23.818442957449065,23.818442957449065,137.78276647329415,203.65191568651994,-113.96432351584508,0.1473902518511586
p17,2036,25.137082522988067,25.137082522988067,156.08487817217394,230.70363052713992,-130.94779564918588,0.13870881005018912
p17,2037,26.457531739007095,26.457531739007095,174.698639957384,258.2159845226199,-148.2411082183769,0.13152731788383784
p17,2038,27.77979308900001,27.77979308900001,193.629358636014,286.1968214799999,-165.84956554701398,0.12546813387145797
p17,2039,29.103869059868998,29.103869059868998,212.88243137997404,314.6541187713799,-183.77856232010504,0.12027073023129307
p17,2040,30.429762141932997,30.429762141932997,232.46334726474413,343.59598960834,-202.03358512281113,0.11574956152563246
p17,2041,31.42707966262799,31.42707966262799,242.968535392234,359.1233428584701,-211.541455729606,0.11453200393287821
p17,2042,32.42542527393209,32.42542527393209,253.56808782925407,374.79017271296993,-221.14266255532198,0.11337818442837559
p17,2043,33.424800035657086,33.424800035657086,264.26285221630394,390.5977320397701,-230.83805218064686,0.1122814459478035
p17,2044,34.425205008708076,34.425205008708076,275.05368380792413,406.5472849609,-240.62847879921605,0.11123603661736417
p17,2045,35.42664125508702,35.42664125508702,285.94144554112415,422.64010695351,-250.51480428603713,0.11023696101334443
p17,2046,36.42910983788602,36.42910983788602,296.92700810432405,438.8774849519,-260.497898266438,0.10927985981706595
p17,2047,37.432611821296064,37.432611821296064,308.01125000705395,455.2607174504401,-270.5786381857579,0.10836091173591678
p17,2048,38.437148270603075,38.437148270603075,319.19505765017414,471.79111460742,-280.75790937957106,0.10747675302799123
p17,2049,39.44272025219402,39.44272025219402,330.479325396754,488.4699983497901,-291.03660514456,0.10662441105125357
p17,2050,40.449328833552045,40.449328833552045,341.86495564360405,505.29870247890995,-301.415626810052,0.10580124906624816
p18,2023,0.0,0.0,0.0,0.0,0.0,
p18,2024,2.2167055547749897,2.2167055547749897,3.845681905795061,5.68955710457999,-1.6289763510200714,0.3656489409811743
p18,2025,4.443078366907059,4.443078366907059,7.720459857879007,11.42216083156302,-3.2773814909719476,0.3652784481618386
p18,2026,6.67916059619796,6.67916059619796,11.624553994040014,17.19813686740497,-4.945393397842054,0.3649073833220824
p18,2027,8.924994586311016,8.924994586311016,15.558186117607022,23.017813362675952,-6.633191531296006,0.36453574779533243
p18,2028,11.18062286557398,11.18062286557398,19.52157971005107,28.88152095069995,-8.340956844477091,0.36416354292608466
p18,2029,13.44608814778502,13.44608814778502,23.51495994368105,34.789592766338956,-10.06887179589603,0.3637907700698992
p18,2030,15.721433333023072,15.721433333023072,27.538553694438008,40.742364464921025,-11.817120361414936,0.363417430593385
p18,2031,16.924504687791966,16.924504687791966,36.662716288050035,54.241256307640015,-19.73821160025807,0.3158309832006741
p18,2032,18.13033815193404,18.13033815193404,45.94224598392299,67.97000855539,-27.811907831988947,0.28296561464558967
p18,2033,19.338940066927023,19.338940066927023,55.37978838774603,81.93253529285505,-36.04084832081901,0.258823195561454
p18,2034,20.55031678880499,20.55031678880499,64.97803415483105,96.13281725412196,-44.42771736602606,0.24027490957177272
p18,2035,21.76447468819498,21.76447468819498,74.73971975722503,110.57490295759203,-52.97524506903005,0.2255287950256332
p18,2036,22.98142015035404,22.98142015035404,84.667628263876,125.26290986022298,-61.68620811352196,0.2134846567516536
p18,2037,24.201159575193003,24.201159575193003,94.76459013409504,140.201025531416,-70.56343055890204,0.2034296394914707
p18,2038,25.423699377322066,25.423699377322066,105.03348402452099,155.393508846901,-79.60978464719892,0.19488155971457904
p18,2039,26.649045986073986,26.649045986073986,115.47723760983098,170.84469120294602,-88.828191623757,0.18750258792274377
p18,2040,27.877205845545006,27.877205845545006,126.09882841742007,186.558977751243,-98.22162257187506,0.18104899232523058
p18,2041,28.802813719253038,28.802813719253038,131.79732639900698,194.98971395636704,-102.99451267975394,0.17934488536587645
p18,2042,29.73001950445604,29.73001950445604,137.54701192915303,203.49618041888095,-107.81699242469699,0.17772923903336751
p18,2043,30.658825959689068,30.658825959689068,143.348344807111,212.07905739632497,-112.68951884742194,0.1761928880550402
p18,2044,31.58923584824805,31.58923584824805,149.20178896234899,220.739031256751,-117.61255311410093,0.1747278985853531
p18,2045,32.52125193820103,32.52125193820103,155.10781249164205,229.47679453360104,-122.58656055344102,0.17332736821464645
p18,2046,33.45487700239204,33.45487700239204,161.06688769651106,238.29304598110195,-127.61201069411902,0.17198526372705011
p18,2047,34.39011381845506,34.39011381845506,167.07949112098999,247.188490630131,-132.68937730253492,0.17069628854829774
p18,2048,35.326965168817026,35.326965168817026,173.14610358973897,256.16383984461004,-137.81913842092194,0.16945577373224696
p18,2049,36.26543384070902,36.26543384070902,179.26721024648697,265.21981137836997,-143.00177640577795,0.16825958774967498
p18,2050,37.205522626173035,37.205522626173035,185.44330059283703,274.35712943259,-148.237777966664,0.16710406140155326
p19,2023,0.0,0.0,0.0,0.0,0.0,
p19,2024,0.04950396259549983,0.04950396259549983,0.0,0.0,0.04950396259549983,1.0
p19,2025,0.09920382246509973,0.09920382246509973,0.0,0.0,0.09920382246509973,1.0
p19,2026,0.14910035481420003,0.14910035481420003,0.0,0.0,0.14910035481420003,1.0
p19,2027,0.19919433791590002,0.19919433791590002,0.0,0.0,0.19919433791590002,1.0
p19,2028,0.24948655312300083,0.24948655312300083,0.0,0.0,0.24948655312300083,1.0
p19,2029,0.2999777848805998,0.2999777848805998,0.0,0.0,0.2999777848805998,1.0
p19,2030,0.35066882073749994,0.35066882073749994,0.0,0.0,0.35066882073749994,1.0
p19,2031,0.3774537784236003,0.3774537784236003,0.12109330908329952,0.1742372938625003,0.25636046934030077,0.7571075789674058
p19,2032,0.4042945219516998,0.4042945219516998,0.2433587831932993,0.3501611785345986,0.1609357387584005,0.62424528484601
p19,2033,0.43119116750840014,0.43119116750840014,0.36680776871109977,0.5277879799617011,0.06438339879730037,0.5403405292131811
p19,2034,0.4581438315228006,0.4581438315228006,0.49145172184929997,0.707134182122001,-0.03330789032649939,0.4824620649242617
p19,2035,0.4851526306661995,0.4851526306661995,0.6173022097148007,0.8882164285561984,-0.13214957904860114,0.44006576314593926
p19,2036,0.5122176818527997,0.5122176818527997,0.7443709113822994,1.0710515239118017,-0.23215322952949968,0.407625602054918
p19,2037,0.5393391022406,0.5393391022406,0.8726696189782999,1.2556564355028002,-0.33333051673769987,0.3819658435076958
p19,2038,0.5665170092312994,0.5665170092312994,1.0022102387752998,1.4420482948844011,-0.43569322954400036,0.3611316179732197
p19,2039,0.5937515204714003,0.5937515204714003,1.1330047922967008,1.6302443994424003,-0.5392532718253005,0.3438536845535422
p19,2040,0.6210427538521,0.6210427538521,1.2650654174323996,1.8202622139989018,-0.6440226635802997,0.3292720763884662
p19,2041,0.6416016596096998,0.6416016596096998,1.3527902633029,1.9464866921693016,-0.7111886036932002,0.32170289712801686
p19,2042,0.6621927542778998,0.6621927542778998,1.4410737810400995,2.073515025441001,-0.7788810267621997,0.3148401513352566
p19,2043,0.6828160882544996,0.6828160882544996,1.5299195285217007,2.201352333130199,-0.8471034402672011,0.30858457878005074
p19,2044,0.7034717120163005,0.7034717120163005,1.6193310862834007,2.3300037671553007,-0.9158593742671002,0.3028546859557962
p19,2045,0.7241596761192994,0.7241596761192994,1.7093120576631993,2.4594745122446007,-0.9851523815438998,0.2975829413040653
p19,2046,0.7448800311984005,0.7448800311984005,1.7998660689471002,2.589769786144899,-1.0549860377486997,0.2927129080405352
p19,2047,0.7656328279679006,0.7656328279679006,1.8909967695147998,2.720894839831999,-1.1253639415468992,0.2881970556578075
p19,2048,0.7864181172214,0.7864181172214,1.9827078319869003,2.852854957722599,-1.1962897147655003,0.283995069796749
p19,2049,0.8072359498323003,0.8072359498323003,2.0750029523729996,2.985655457886601,-1.2677670025406993,0.2800725329238518
p19,2050,0.8280863767534008,0.8280863767534008,2.167885850220401,3.1193016922620984,-1.339799473467,0.2763998842505432
p2,2023,0.0,0.0,0.0,0.0,0.0,
p2,2024,13.07730454222019,13.07730454222019,23.256335122469864,39.9479541385399,-10.179030580249673,0.359922778529921
p2,2025,26.210245074179966,26.210245074179966,46.688625360260176,80.1981505194799,-20.47838028608021,0.3595425404808093
p2,2026,39.39905829324016,39.39905829324016,70.2982019722499,120.75287587751973,-30.89914367900974,0.3591617347405604
p2,2027,52.643981903750046,52.643981903750046,94.08640628949979,161.61443424857043,-41.442424385749746,0.35878036275904757
p2,2028,65.94525462135016,65.94525462135016,118.05458979141986,202.78514710065974,-52.1093351700697,0.3583984259976548
p2,2029,79.30311617728012,79.30311617728012,142.20411418259982,244.2673534657797,-62.90099800531971,0.3580159259290876
p2,2030,92.71780732268007,92.71780732268007,166.53635147015984,286.0634100728503,-73.81854414747977,0.35763286403736083
p2,2031,99.80949653833022,99.80949653833022,221.7137135575399,380.84286343662006,-121.90421701920968,0.3104270342056163
p2,2032,106.91706802317003,106.91706802317003,277.83064097706983,477.2362302825304,-170.9135729538998,0.27788877106245063
p2,2033,114.04055734649,114.04055734649,334.90313273596985,575.27099248175,-220.86257538947984,0.25401973536044925
p2,2034,121.18000015727011,121.18000015727011,392.94746027403016,674.9750998693598,-271.76746011676005,0.2357003067986536
p2,2035,128.33543218431987,128.33543218431987,451.98017210267017,776.3769782128802,-323.6447399183503,0.22114765006534737
p2,2036,135.5068892364502,135.5068892364502,512.0180985229399,879.5055373164596,-376.5112092864897,0.20926897308679984
p2,2037,142.69440720267994,142.69440720267994,573.07835642382,984.3901792631304,-430.38394922114,0.19935713462986676
p2,2038,149.89802205240994,149.89802205240994,635.1783541623099,1091.06080679739,-485.2803321099,0.19093431746749256
p2,2039,157.11776983559002,157.11776983559002,698.33579652655,1199.5478318504702,-541.21802669096,0.18366604104971046
p2,2040,164.35368668288993,164.35368668288993,762.5686897834698,1309.88218421085,-598.2150031005799,0.17731116526654994
p2,2041,169.80641821687004,169.80641821687004,797.0297247834801,1369.0767150127904,-627.2233065666101,0.1756310202573887
p2,2042,175.26833151176015,175.26833151176015,831.8003108104699,1428.8029688985198,-656.5319792987098,0.174038118303042
p2,2043,180.73944202857,180.73944202857,866.8832284494702,1489.0657221444098,-686.1437864209001,0.17252341622780737
p2,2044,186.21976525436003,186.21976525436003,902.28128326251,1549.8697939303802,-716.06151800815,0.17107908670193064
p2,2045,191.7093167022399,191.7093167022399,937.9973060129701,1611.2200467252896,-746.2879893107302,0.16969832065025284
p2,2046,197.20811191145003,197.20811191145003,974.0341528919598,1673.1213866758198,-776.8260409805098,0.1683751669809755
p2,2047,202.71616644741016,202.71616644741016,1010.3947057467099,1735.5787639987902,-807.6785392992997,0.1671044016617896
p2,2048,208.23349590173984,208.23349590173984,1047.0818723110397,1798.5971733770202,-838.8483764092998,0.16588142005957157
p2,2049,213.76011589231985,213.76011589231985,1084.09858643791,1862.1816543587802,-870.3384705455901,0.16470214785979861
p2,2050,219.29604206330987,219.29604206330987,1121.44780833402,1926.3372917607503,-902.1517662707101,0.16356296692938133
p20,2023,0.0,0.0,0.0,0.0,0.0,
p20,2024,1.1306530127150154,1.1306530127150154,1.9817418947180272,2.928003456744989,-0.8510888820030118,0.36327427795707484
p20,2025,2.2661866142190092,2.2661866142190092,3.97847745123903,5.878159896030013,-1.7122908370200207,0.362899683708252
p20,2026,3.4066218721139876,3.4066218721139876,5.990320110115988,8.850636925113974,-2.5836982380020004,0.3625245189930998
p20,2027,4.551979944943014,4.551979944943014,8.017384170181003,11.845603419355996,-3.4654042252379895,0.36214878519318805
p20,2028,5.702282082579018,5.702282082579018,10.059784795039036,14.86322953181002,-4.357502712460018,0.36177248370111853
p20,2029,6.857549626625996,6.857549626625996,12.117638019612002,17.903686702890013,-5.260088392986006,0.36139561592085584
p20,2030,8.017804010810039,8.017804010810039,14.191060756729996,20.967147670112013,-6.173256745919957,0.3610181832674616
p20,2031,8.631235430214986,8.631235430214986,18.892888861319022,27.914050785978986,-10.261653431104037,0.3135880124211552
p20,2032,9.246060811967027,9.246060811967027,23.674780138876997,34.97924642411698,-14.42871932690997,0.28085737013136586
p20,2033,9.862283323706038,9.862283323706038,28.538097912675994,42.16474888076499,-18.675814588969956,0.2568277450944191
p20,2034,10.47990614027401,10.47990614027401,33.48422872078203,49.47260675178899,-23.004322580508017,0.23837398764685436
p20,2035,11.098932443724038,11.098932443724038,38.51458271136403,56.90490351673901,-27.41565026763999,0.22370784269225072
p20,2036,11.719365423342026,11.719365423342026,43.630594044726024,64.46375813285403,-31.911228621383998,0.2117321410163461
p20,2037,12.341208275661018,12.341208275661018,48.833721302189986,72.15132563917302,-36.49251302652897,0.20173637077841894
p20,2038,12.964464204476997,12.964464204476997,54.125447901938,79.96979777094498,-41.160983697461006,0.19324014292809547
p20,2039,13.589136420867021,13.589136420867021,59.50728252193801,87.92140358449501,-45.91814610107099,0.18590700635416854
p20,2040,14.215228143205024,14.215228143205024,64.980759530066,96.00841009272699,-50.76553138686097,0.17949429713347365
p20,2041,14.687061450558986,14.687061450558986,67.917287423873,100.34710013445999,-53.23022597331402,0.17780009951879155
p20,2042,15.159700949910018,15.159700949910018,70.88019308681203,104.72476306131199,-55.72049213690201,0.17619385890270645
p20,2043,15.633148018747988,15.633148018747988,73.86971346085198,109.14174895263,-58.236565442103995,0.17466646049424006
p20,2044,16.10740403691699,16.10740403691699,76.88608761632798,113.598411032397,-60.778683579410995,0.17321001449196502
p20,2045,16.58247038661699,16.58247038661699,79.92955677105704,118.095105697478,-63.34708638444005,0.17181765708356542
p20,2046,17.058348452410996,17.058348452410996,83.00036430962803,122.632192546125,-65.94201585721703,0.1704833890176
p20,2047,17.53503962122801,17.53503962122801,86.09875580286604,127.21003440672996,-68.56371618163803,0.16920194372376765
p20,2048,18.012545282366034,18.012545282366034,89.22497902747,131.82899736683896,-71.21243374510397,0.16796867885837502
p20,2049,18.490866827496006,18.490866827496006,92.37928398582602,136.489450802433,-73.88841715833001,0.16677948656018393
p20,2050,18.97000565066901,18.97000565066901,95.56192292600502,141.191767407464,-76.59191727533602,0.16563071875603172
p21,2023,0.0,0.0,0.0,0.0,0.0,
p21,2024,20.159953967490992,20.159953967490992,9.474223985765093,12.514255448659924,10.685729981725899,0.6802940172422058
p21,2025,40.77369874397505,40.77369874397505,19.048670168603053,25.160891784420073,21.725028575371994,0.6815794741187869
p21,2026,61.8514489409871,61.8514489409871,28.724398739700064,37.94130938617991,33.127050201287034,0.6828691149437096
p21,2027,83.40364909602408,83.40364909602408,38.50248110537905,50.85692344659992,44.901167990645035,0.6841628797356748
p21,2028,105.44097884807104,105.44097884807104,48.38400000573506,63.909164128860084,57.05697884233598,0.6854607075765062
p21,2029,127.97435822961108,127.97435822961108,58.37004963452705,77.09947672495991,69.60430859508404,0.6867625366193759
p21,2030,151.01495307778112,151.01495307778112,68.46173576034107,90.4293218158,82.55321731744004,0.6880683040974985
p21,2031,163.552898808961,163.552898808961,85.76646247598205,113.2866841616999,77.78643633297895,0.6559975846482258
p21,2032,176.24104037355107,176.24104037355107,103.38179960561308,136.55432370511994,72.85924076793799,0.6302812759740353
p21,2033,189.08117701275103,189.08117701275103,121.31332243689099,160.23960469820008,67.76785457586004,0.6091640713608306
p21,2034,202.07512952138097,202.07512952138097,139.56670633085093,184.35002357732992,62.50842319053004,0.5914823897878339
p21,2035,215.22474050615108,215.22474050615108,158.147728518161,208.8932113358801,57.07701198799009,0.5764344143224357
p21,2036,228.53187464688096,228.53187464688096,177.06226992763106,233.87693593941003,51.4696047192499,0.5634496397540996
p21,2037,241.99841896098098,241.99841896098098,196.31631704755102,259.3091047841799,45.68210191342996,0.5521110724332808
p21,2038,255.626283070981,255.626283070981,215.91596382039108,285.19776719996,39.71031925058992,0.5421068520502447
p21,2039,269.4173994753811,269.4173994753811,235.8674135715911,311.55111699755,33.54998590379,0.5331990839992564
p21,2040,283.37372382265096,283.37372382265096,256.1769809728811,338.3774950622301,27.196742849769862,0.5252031390266428
p21,2041,294.105567372001,294.105567372001,269.526363984961,356.0103470347201,24.579203387040025,0.521804303499861
p21,2042,304.9350980807711,304.9350980807711,283.030467107831,373.84756476764005,21.90463097294014,0.5186274777553629
p21,2043,315.86320515136106,315.86320515136106,296.69108355638093,391.89151687181993,19.172121594980126,0.5156493244341053
p21,2044,326.89078588019095,326.89078588019095,310.510027329001,410.1445994104199,16.380758551189956,0.5128496530061799
p21,2045,338.01874573138105,338.01874573138105,324.48913344842106,428.60923621710003,13.529612282959988,0.5102109066987324
p21,2046,349.24799841105107,349.24799841105107,338.63025820535097,447.2878792178899,10.617740205700102,0.5077177466387204
p21,2047,360.57946594240104,360.57946594240104,352.9352794050711,466.18300875681007,7.644186537329915,0.5053567123785279
p21,2048,372.014078741391,372.014078741391,367.4060966166811,485.2971339251801,4.607982124709906,0.5031159429227627
p21,2049,383.55277569314114,383.55277569314114,382.044631425441,504.6327928948299,1.5081442677001178,0.5009849460393134
p21,2050,395.1965042290111,395.1965042290111,396.8528276878511,524.19255325517,-1.6563234588400064,0.4989544063784313
p22,2023,0.0,0.0,0.0,0.0,0.0,
p22,2024,1.5834398359799877,1.5834398359799877,1.9454544178090032,2.5785614085419866,-0.36201458182901547,0.44870707992449493
p22,2025,3.1827045458410055,3.1827045458410055,3.9147968055409876,5.188784621550013,-0.7320922596999822,0.4484260570406632
p22,2026,4.797952283132986,4.797952283132986,5.908320480326012,7.831058410008012,-1.1103681971930257,0.4481440356637109
p22,2027,6.429342781993,6.429342781993,7.926322360895995,10.505776318570014,-1.4969795789029945,0.4478610164000476
p22,2028,8.077037372936985,8.077037372936985,9.969103011806993,13.213336724167988,-1.8920656388700081,0.44757699988664773
p22,2029,9.741198998815008,9.741198998815008,12.036966688207002,15.95414289535401,-2.295767689391994,0.44729198679115384
p22,2030,11.421992230927003,11.421992230927003,14.130221381149994,18.728603052355,-2.7082291502229907,0.44700597781197765
p22,2031,12.31878909648799,12.31878909648799,17.38692780927599,23.045135702848,-5.068138712787999,0.41469421982196636
p22,2032,13.220320676327987,13.220320676327987,20.705094323471002,27.443129324440008,-7.484773647143015,0.389687810050557
p22,2033,14.126611967767985,14.126611967767985,24.08588078946599,31.924121236629986,-9.959268821698004,0.3696856956575723
p22,2034,15.037688100103992,15.037688100103992,27.530468961806008,36.48967777098599,-12.492780861702016,0.35326143150227474
p22,2035,15.953574335306001,15.953574335306001,31.040062896937002,41.14139481865399,-15.086488561631,0.339483710453466
p22,2036,16.87429606871501,16.87429606871501,34.61588937408001,45.880898388205,-17.741593305365,0.3277186889812652
p22,2037,17.79987882974899,17.79987882974899,38.25919832405401,50.70984517400501,-20.45931949430502,0.3175200116283302
p22,2038,18.730348282612,18.730348282612,41.971263266188004,55.629923135312026,-23.240914983576005,0.308564267153831
p22,2039,19.665730227002,19.665730227002,45.75338175348301,60.64285208630599,-26.08765152648101,0.3006113906417505
p22,2040,20.606050598832013,20.606050598832013,49.60687582616799,65.75038429724498,-29.00082522733598,0.29347944385771996
p22,2041,21.319178949389993,21.319178949389993,52.461257772403,69.53366447303603,-31.14207882301301,0.2889543610290506
p22,2042,22.035147653429988,22.035147653429988,55.35480168266801,73.368851045712,-33.31965402923802,0.2847288031903627
p22,2043,22.753968023932998,22.753968023932998,58.28804485696699,77.256656168196,-35.53407683303399,0.280767557653984
p22,2044,23.475651418940004,23.475651418940004,61.26153196702799,81.197801764112,-37.78588054808799,0.2770407332517904
p22,2045,24.200209241729993,24.200209241729993,64.275815157447,85.19301966183298,-40.075605915717006,0.27352279226003634
p22,2046,24.927652941000986,24.927652941000986,67.331454148213,89.24305173038198,-42.40380120721201,0.27019178623630186
p22,2047,25.657994011049993,25.657994011049993,70.42901633864199,93.34865001717998,-44.77102232759199,0.2670287473579642
p22,2048,26.391243991955008,26.391243991955008,73.56907691273801,97.51057688769998,-47.177832920783004,0.2640171995557886
p22,2049,27.127414469759003,27.127414469759003,76.752218946,101.72960516702602,-49.624804476240996,0.26114276280882265
p22,2050,27.866517076650013,27.866517076650013,79.979033513687,106.00651828336203,-52.11251643703699,0.2583928305257951
p23,2023,0.0,0.0,0.0,0.0,0.0,
p23,2024,2.3833861958100044,2.3833861958100044,1.4577103923249979,1.9277816244820087,0.9256758034850066,0.6204962934731169
p23,2025,4.814621711941996,4.814621711941996,2.933319812090005,3.8792342170629865,1.8813018998519908,0.6214065628926538
p23,2026,7.294667180567998,7.294667180567998,4.427048039016995,5.854648430339012,2.8676191415510033,0.6223207989543927
p23,2027,9.824502519695002,9.824502519695002,5.939117551471,7.8543184857880135,3.8853849682240025,0.6232389816134604
p23,2028,12.405127320353003,12.405127320353003,7.469753559601003,9.878542217593008,4.935373760752,0.6241610903371467
p23,2029,15.037561241554002,15.037561241554002,9.019184038879004,11.927621117003014,6.018377202674998,0.6250871041056862
p23,2030,17.722844413180994,17.722844413180994,10.587639764056988,14.001860377236994,7.135204649124006,0.626017001412869
p23,2031,19.178572425594993,19.178572425594993,13.027858749180993,17.228982406415014,6.150713676414,0.5954889047320342
p23,2032,20.649832142890986,20.649832142890986,15.51412918909999,20.517006209224007,5.135702953790997,0.57100581303365
p23,2033,22.136789278619986,22.136789278619986,18.04732016011299,23.867081115003998,4.089469118506997,0.5508841576387556
p23,2034,23.639611314392013,23.639611314392013,20.628317139603,27.28037814307001,3.0112941747890147,0.5340121424240404
p23,2035,25.158467518738988,25.158467518738988,23.258022315550008,30.758090412041014,1.9004452031889798,0.5196260118163613
p23,2036,26.69352896618399,26.69352896618399,25.93735490189401,34.301433556896,0.7561740642899792,0.507183748482976
p23,2037,28.244968556508,28.244968556508,28.66725145984499,37.911646153899,-0.4222829033369919,0.49629005068493504
p23,2038,29.812961034221004,29.812961034221004,31.448666225259004,41.589990153543,-1.6357051910379994,0.48664983886152907
p23,2039,31.397683008252002,31.397683008252002,34.28257144219201,45.337751321667014,-2.884888433940006,0.4780383887206416
p23,2040,32.99931297183399,32.99931297183399,37.169957702746004,49.15623968889301,-4.1706447309120165,0.470281544251372
p23,2041,34.22760149262801,34.22760149262801,39.30871880072,51.98469201079399,-5.08111730809199,0.4654516483295424
p23,2042,35.465834179910004,35.465834179910004,41.476823583865,54.85195054369899,-6.010989403954994,0.46093851201235087
p23,2043,36.71409154118699,36.71409154118699,43.67467464593601,57.758547706699005,-6.96058310474902,0.4567067425282614
p23,2044,37.972454735753004,37.972454735753004,45.90268010425099,60.705023223644986,-7.930225368497986,0.4527260052480077
p23,2045,39.241005579961,39.241005579961,48.16125367547501,63.69192422337099,-8.920248095514012,0.4489701515069291
p23,2046,40.51982655254601,40.51982655254601,50.45081475244301,66.71980534128599,-9.930988199897001,0.44541652088280725
p23,2047,41.80900079998899,41.80900079998899,52.771788482038986,69.78922882236799,-10.962787682049992,0.44204537853157294
p23,2048,43.10861214191901,43.10861214191901,55.12460584413701,72.90076462556601,-12.015993702217997,0.4388394580338209
p23,2049,44.418745076565,44.418745076565,57.50970373163101,76.05499052963401,-13.090958655066004,0.4357835873687241
p23,2050,45.739484786251,45.739484786251,59.92752503156099,79.25249224041801,-14.188040245309992,0.43286438089914436
p24,2023,0.0,0.0,0.0,0.0,0.0,
p24,2024,20.564051385395942,20.564051385395942,9.391195703193944,12.395478534903987,11.172855682201998,0.6864924640607922
p24,2025,41.702934242678,41.702934242678,18.902276437032924,24.949193823782025,22.800657805645073,0.6881080648835872
p24,2026,63.43271696298598,63.43271696298598,28.534772615856923,37.663165866929944,34.897944347129055,0.6897297866177556
p24,2027,85.76991710074594,85.76991710074594,38.29023419078999,50.53944045133005,47.479682909955955,0.6913575084975544
p24,2028,108.73151392923398,108.73151392923398,48.170230899141984,63.580089479829894,60.561283030092,0.6929911075760687
p24,2029,132.334961347103,132.334961347103,58.176352516993006,76.78721130453005,74.15860883010998,0.6946304587532584
p24,2030,156.59820114569095,156.59820114569095,68.31020911500002,90.16293106444004,88.28799203069093,0.6962754348055648
p24,2031,169.91259108327495,169.91259108327495,83.47244395275698,110.17562831966006,86.44014713051797,0.6705707425030566
p24,2032,183.425660155164,183.425660155164,98.92062659988301,130.56574928589998,84.50503355528099,0.6496478571163119
p24,2033,197.14037307837293,197.14037307837293,114.66014980688794,151.34041187712,82.48022327148499,0.6322644081995924
p24,2034,211.059738809829,211.059738809829,130.69650802731303,172.5068682455801,80.36323078251598,0.6175739017593023
p24,2035,225.18681120652002,225.18681120652002,147.035299335766,194.0725073133799,78.151511870754,0.6049796743091054
p24,2036,239.52468969550603,239.52468969550603,163.68222738213103,216.04485735189996,75.842462313375,0.5940490590576496
p24,2037,254.07651995391495,254.07651995391495,180.64310338264102,238.43158860976996,73.43341657127394,0.5844606645631252
p24,2038,268.84549459909795,268.84549459909795,197.923848148488,261.24051599047993,70.92164645060996,0.5759707632394381
p24,2039,283.834853889078,283.834853889078,215.530494152703,284.4796017804499,68.30435973637498,0.5683911689149285
p24,2040,299.04788643344807,299.04788643344807,233.46918763600593,308.15695842853006,65.57869879744214,0.5615742686861614
p24,2041,310.81631519056793,310.81631519056793,246.917863069516,325.90792145045,63.898452121051946,0.557283966638364
p24,2042,322.7185942736579,322.7185942736579,260.553166843466,343.90521600042007,62.165427430191926,0.5532902769980911
p24,2043,334.756246053298,334.756246053298,274.377688814208,362.15226044071005,60.378557239090014,0.5495609863307181
p24,2044,346.9308102150179,346.9308102150179,288.394054777728,380.65252057041994,58.53675543728991,0.5460683649127744
p24,2045,359.24384395626805,359.24384395626805,302.604926968398,399.4095102838701,56.63891698787006,0.5427884129094477
p24,2046,371.696922185518,371.696922185518,317.013004564628,418.4267922379199,54.68391762089004,0.5397002536894815
p24,2047,384.2916377237681,384.2916377237681,331.62102420155804,437.7079785287499,52.67061352221003,0.5367856418271478
p24,2048,397.029601508248,397.029601508248,346.43176049079796,457.25673137786,50.59784101745004,0.5340285612700845
p24,2049,409.91244279844807,409.91244279844807,361.448026547478,477.0767638277,48.46441625097009,0.5314148949660756
p24,2050,422.94180938456805,422.94180938456805,376.67267452457793,497.17184044689,46.26913485999012,0.5289321515499508
p25,2023,0.0,0.0,0.0,0.0,0.0,
p25,2024,42.03504055348003,42.03504055348003,50.757338231660015,78.84354128499035,-8.722297678179984,0.453001001847488
p25,2025,84.53973726121012,84.53973726121012,102.19946227654009,158.75078962034968,-17.65972501532997,0.4527155384112055
p25,2026,127.51933757629013,127.51933757629013,154.33561083047016,239.73609586690964,-26.816273254180032,0.4524289472195464
p25,2027,170.97914758140996,170.97914758140996,207.17514723193017,321.81400449824014,-36.19599965052021,0.452141228928278
p25,2028,214.92453264398,214.92453264398,260.7275611436098,404.99925621267994,-45.80302849962982,0.45185238423434343
p25,2029,259.36091807847015,259.36091807847015,315.0024702567198,489.3067905807702,-55.64155217824964,0.45156241387570994
p25,2030,304.29378981622995,304.29378981622995,370.00962201825996,574.7517487282103,-65.71583220203001,0.4512713186314411
p25,2031,328.31311812889,328.31311812889,447.86214829062965,695.6834028129897,-119.54903016173967,0.4229883794718061
p25,2032,352.47431973051016,352.47431973051016,527.1814449173203,818.8934539338597,-174.70712518681012,0.40069574246651246
p25,2033,376.77823261414005,376.77823261414005,607.99514639365,944.4248279326303,-231.21691377950992,0.3826039986923322
p25,2034,401.22569972253996,401.22569972253996,690.3314078590297,1072.3212593898397,-289.10570813648974,0.3675718814304521
p25,2035,425.81756897743026,425.81756897743026,774.21891490609,1202.6273068616902,-348.4013459286598,0.35483718594905783
p25,2036,450.55469330888036,450.55469330888036,859.6868935746502,1335.3883684040002,-409.1322002657698,0.3438714644835425
p25,2037,475.43793068491004,475.43793068491004,946.7651205338802,1470.65069738879,-471.3271898489702,0.3342968012039296
p25,2038,500.4681441412299,500.4681441412299,1035.48393345642,1608.46141861864,-535.01578931519,0.32583578058242646
p25,2039,525.6462018111802,525.6462018111802,1125.87424158787,1748.8685447448597,-600.2280397766899,0.3182801665653801
p25,2040,550.9729769558603,550.9729769558603,1217.9675365154303,1891.9209929948202,-666.99455955957,0.3114706078355655
p25,2041,570.2056637473902,570.2056637473902,1288.2443704429602,2001.08500060795,-718.03870669557,0.3068178607211278
p25,2042,589.5241100173803,589.5241100173803,1359.51290281737,2111.78945577334,-769.9887927999898,0.3024694277919099
p25,2043,608.9286981714799,608.9286981714799,1431.78712780649,2224.0560962295804,-822.85842963501,0.2983897563883809
p25,2044,628.4198123205201,628.4198123205201,1505.0812370542703,2337.90696646332,-876.6614247337502,0.2945486305266523
p25,2045,647.9978382880804,647.9978382880804,1579.40962246738,2453.364422037859,-931.4117841792995,0.29092020643061944
p25,2046,667.6631636181496,667.6631636181496,1654.7868790411899,2570.4511339828805,-987.1237154230403,0.2874822499319024
p25,2047,687.4161775828002,687.4161775828002,1731.2278077256701,2689.1900932460594,-1043.81163014287,0.28421552810515355
p25,2048,707.2572711898897,707.2572711898897,1808.7474183315903,2809.6046152075505,-1101.4901471417006,0.281103319932366
p25,2049,727.1868371907899,727.1868371907899,1887.3609324778904,2931.718344258161,-1160.1740952871005,0.2781310196841193
p25,2050,747.20527008817,747.20527008817,1967.0837865805502,3055.5552584421002,-1219.8785164923802,0.27528581314962236
p26,2023,0.0,0.0,0.0,0.0,0.0,
p26,2024,1.9579989795599886,1.9579989795599886,2.245234755734998,3.480772356524028,-0.2872357761750095,0.46583157227695177
p26,2025,3.9390345962349897,3.9390345962349897,4.52076079469299,7.0085050859090074,-0.581726198458,0.4656181874633856
p26,2026,5.943377885228983,5.943377885228983,6.826986787655983,10.583831747718023,-0.8836089024269995,0.46540392835049
p26,2027,7.971303070578983,7.971303070578983,9.164326918928992,14.207394449101002,-1.193023848350009,0.46518879524474765
p26,2028,10.023087602681983,10.023087602681983,11.533200960731989,17.87984396010802,-1.5101133580500061,0.46497278848333334
p26,2029,12.099012196244985,12.099012196244985,13.934034348584987,21.601839830567997,-1.8350221523400023,0.46475590843392034
p26,2030,14.199360868697,14.199360868697,16.36725825771299,25.374050508534992,-2.167897389015991,0.4645381554948794
p26,2031,15.323183235778998,15.323183235778998,19.811040061452985,30.712922300778985,-4.487856825673987,0.4361326876688411
p26,2032,16.453998074987,16.453998074987,23.319703986535984,36.152380409810974,-6.865705911548986,0.41369038390078783
p26,2033,17.591848893787983,17.591848893787983,26.894472436097004,41.694319918996996,-9.302623542309021,0.3954440009399056
p26,2034,18.736779470356993,18.736779470356993,30.536590843794983,47.340671615772976,-11.79981137343799,0.38026177935255906
p26,2035,19.88883385525699,19.88883385525699,34.24732810772298,53.093402664325026,-14.358494252465988,0.36738536930005505
p26,2036,21.048056373137996,21.048056373137996,38.02797703247998,58.95451729093702,-16.979920659341985,0.35628756975982717
p26,2037,22.214491624435993,22.214491624435993,41.879854779580995,64.92605748225702,-19.665363155145002,0.3465905008907891
p26,2038,23.388184487095998,23.388184487095998,45.804303326352,71.01010369671599,-22.416118839256,0.3380162388459511
p26,2039,24.56918011829498,24.56918011829498,49.802689933468,77.208775589352,-25.233509815173022,0.33035582003242325
p26,2040,25.757523956179,25.757523956179,53.876407621297005,83.52423275028502,-28.118883665118005,0.3234491057511013
p26,2041,26.660523562208994,26.660523562208994,56.98508107728,88.34358832252798,-30.324557515071007,0.31873191277790813
p26,2042,27.567766160583005,27.567766160583005,60.137621999478995,93.230951332909,-32.56985583889599,0.3143223778939549
p26,2043,28.47927168816699,28.47927168816699,63.334649415471006,98.187281455721,-34.85537772730402,0.31018467946728984
p26,2044,29.39506017550798,29.39506017550798,66.57679108812198,103.21355190751802,-37.181730912614,0.30628835214151695
p26,2045,30.315151747274,30.315151747274,69.86468363885999,108.31074963822198,-39.549531891585985,0.30260732242598554
p26,2046,31.239566622691,31.239566622691,73.19897267267498,113.47987552491202,-41.95940604998398,0.2991191454175875
p26,2047,32.16832511599199,32.16832511599199,76.58031290489299,118.72194456835803,-44.411987788901,0.2958043953600055
p26,2048,33.10144763686199,33.10144763686199,80.009368289733,124.03798609232501,-46.90792065287101,0.29264617504256785
p26,2049,34.03895469088599,34.03895469088599,83.48681215067998,129.429043945689,-49.447857459793994,0.2896297178539
p26,2050,34.980866880001,34.980866880001,87.013327312699,134.89617670740301,-52.032460432698,0.2867420626980478
p27,2023,0.0,0.0,0.0,0.0,0.0,
p27,2024,9.338072751299933,9.338072751299933,16.642827698170095,33.00864139400983,-7.304754946870162,0.3594206740240374
p27,2025,18.74942846816998,18.74942846816998,33.518433841790056,66.47896516374021,-14.769005373620075,0.3587181040039806
p27,2026,28.234642257830046,28.234642257830046,50.630074236039945,100.41742872781015,-22.3954319782099,0.3580136151256522
p27,2027,37.79429374080996,37.79429374080996,67.98105022413006,134.83057982291984,-30.186756483320096,0.3573072166358272
p27,2028,47.42896708635999,47.42896708635999,85.57470932418005,169.7250577670702,-38.14574223782006,0.3565989179123279
p27,2029,57.13925104813006,57.13925104813006,103.41444587509,205.1075947405002,-46.27519482695993,0.3558887284635693
p27,2030,66.92573900018988,66.92573900018988,121.50370169141001,240.9850170845002,-54.57796269122014,0.35517665792855796
p27,2031,72.12945409033,72.12945409033,147.22471248276997,291.99892150635014,-75.09525839243997,0.3288264600448918
p27,2032,77.35471440390006,77.35471440390006,173.45019722438997,344.0133770375901,-96.0954828204899,0.3084258354499254
p27,2033,82.60160914576,82.60160914576,200.19005031618008,397.0480077892198,-117.58844117042008,0.29209351259836946
p27,2034,87.87022789010007,87.87022789010007,227.45436021986006,451.1228227658398,-139.58413232976,0.2786659562985235
p27,2035,93.16066058197998,93.16066058197998,255.25341326524995,506.25822341470985,-162.09275268326996,0.2673848950855768
p27,2036,98.47299753888001,98.47299753888001,283.59769753103,562.4750113228201,-185.12469999215,0.2577350181773605
p27,2037,103.80732945221007,103.80732945221007,312.4979068017399,619.79439606498,-208.6905773495298,0.24935388847448142
p27,2038,109.16374738886998,109.16374738886998,341.96494460234,678.2380032057899,-232.80119721347,0.24197917207845646
p27,2039,114.54234279282991,114.54234279282991,372.00992831192,737.82788245858,-257.4675855190901,0.23541631515305386
p27,2040,119.94320748665996,119.94320748665996,402.64419335809,798.58651600435,-282.70098587143,0.2295179854944353
p27,2041,124.02940960903993,124.02940960903993,424.4994594121199,841.9332749104301,-300.47004980308,0.22611282033408422
p27,2042,128.12835906831992,128.12835906831992,446.6546554961301,885.87490164685,-318.52629642781017,0.22291604974689624
p27,2043,132.24009563115987,132.24009563115987,469.1138976901,930.4195598628198,-336.8738020589401,0.21990391200497703
p27,2044,136.36465918827002,136.36465918827002,491.8813585609,975.57552524119,-355.51669937263,0.21705614573861765
p27,2045,140.50208975480996,140.50208975480996,514.96126793747,1021.3511870358102,-374.45917818266,0.21435536877222572
p27,2046,144.6524274707599,144.6524274707599,538.35791369667,1067.7550496302301,-393.70548622591014,0.21178658470018755
p27,2047,148.81571260134,148.81571260134,562.07564255992,1114.7957341176102,-413.25992995857996,0.20933678757084107
p27,2048,152.99198553736005,152.99198553736005,586.1188609006899,1162.4819799023999,-433.1268753633299,0.2069946426502393
p27,2049,157.18128679565007,157.18128679565007,610.49203556322,1210.8226463239798,-453.31074876757,0.20475022671449736
p27,2050,161.38365701943007,161.38365701943007,635.1996946923,1259.8267143026,-473.8160376728699,0.20259481531046616
p28,2023,0.0,0.0,0.0,0.0,0.0,
p28,2024,230.93593346228954,230.93593346228954,102.82665043274028,204.08012143220003,128.10928302954926,0.6919167833831253
p28,2025,469.1261247314196,469.1261247314196,207.09150765779032,411.01465284070036,262.0346170736293,0.6937502103781363
p28,2026,714.7984476403699,714.7984476403699,312.81468746002975,620.8435180370998,401.98376018034014,0.6955909993993341
p28,2027,968.1879340919004,968.1879340919004,420.0165869779903,833.6071992356992,548.1713471139101,0.6974389719936346
p28,2028,1229.5369989109295,1229.5369989109295,528.7178886391503,1049.3467448641004,700.8191102717792,0.6992939462970263
p28,2029,1499.0956717599893,1499.0956717599893,638.9395641501496,1268.1037774825,860.1561076098396,0.7011557370904788
p28,2030,1777.1218363397693,1777.1218363397693,750.7028785428301,1489.9205018134999,1026.4189577969391,0.7030241558589654
p28,2031,1930.4939308250105,1930.4939308250105,909.6185047444396,1805.320450719999,1020.8754260805708,0.6797244738087073
p28,2032,2086.44279818997,2086.44279818997,1071.6509911020894,2126.9064340488985,1014.7918070878804,0.6606652421990551
p28,2033,2245.01173026355,2245.01173026355,1236.8614695350407,2454.7997803612016,1008.1502607285092,0.6447712485317998
p28,2034,2406.2447462117398,2406.2447462117398,1405.3122709613508,2789.124197871399,1000.932475250389,0.631302309101065
p28,2035,2570.1866047574404,2570.1866047574404,1577.0669488142194,3130.0058211202995,993.119655943221,0.6197322086912115
p28,2036,2736.882816605619,2736.882816605619,1752.1903030194808,3477.5732585641017,984.6925135861384,0.6096765955182719
p28,2037,2906.379657077119,2906.379657077119,1930.7484044435005,3831.9576410949994,975.6312526336187,0.6008481934140601
p28,2038,3078.724178955121,3078.724178955121,2112.808619820489,4193.292671515101,965.9155591346316,0.5930279742586271
p28,2039,3253.9642255465205,3253.9642255465205,2298.43963716876,4561.7146749800995,955.5245883777607,0.5860460272706534
p28,2040,3432.1484439640208,3432.1484439640208,2487.7114917054405,4937.362650431998,944.4369522585803,0.5797685217658597
p28,2041,3570.5109538369197,3570.5109538369197,2622.7428603771805,5205.3594975501,947.7680934597392,0.5765161675825817
p28,2042,3710.64872197172,3710.64872197172,2759.6273276273205,5477.034190647901,951.0213943443996,0.573491562574315
p28,2043,3852.5845257950205,3852.5845257950205,2898.39032439372,5752.437202524801,954.1942014013002,0.5706708455131204
p28,2044,3996.34143497872,3996.34143497872,3039.0576306148196,6031.6196986416,957.2838043639003,0.5680333692118102
p28,2045,4141.942815189819,4141.942815189819,3181.6553800191195,6314.633546626901,960.2874351706996,0.5655611770044208
p28,2046,4289.412331888319,4289.412331888319,3326.21006498082,6601.531325913002,963.2022669074995,0.5632385783270637
p28,2047,4438.773954173519,4438.773954173519,3472.7485414410203,6892.3663375043,966.0254127324988,0.5610518021827012
p28,2048,4590.05195867972,4590.05195867972,3621.2980338976195,7187.192613879601,968.7539247821005,0.558988712310266
p28,2049,4743.270933522619,4743.270933522619,3771.8861404629206,7486.064929030999,971.3847930596985,0.5570385716094043
p28,2050,4898.455782294919,4898.455782294919,3924.5408379911205,7789.0388086395,973.9149443037986,0.5551918461616856
p29,2023,0.0,0.0,0.0,0.0,0.0,
p29,2024,2.7929899078460068,2.7929899078460068,1.7454497925899943,3.4687046888629993,1.0475401152560124,0.6154075171644758
p29,2025,5.648489458669999,5.648489458669999,3.5153126895329905,6.985925152800007,2.133176769137009,0.6163914680084687
p29,2026,8.567897674880996,8.567897674880996,5.309930149901007,10.552339968007004,3.257967524979989,0.6173803121826512
p29,2027,11.552644890275005,11.552644890275005,7.129648408654006,14.168637201730974,4.422996481620999,0.6183740242926855
p29,2028,14.604193450810996,14.604193450810996,8.974818543441003,17.835514545014007,5.629374907369993,0.6193725782221557
p29,2029,17.72403843107999,17.72403843107999,10.845796542335009,21.553679447306024,6.878241888744981,0.6203759471334953
p29,2030,20.913708366790004,20.913708366790004,12.742943372509004,25.32384925294798,8.170764994281,0.6213841034689207
p29,2031,22.649077508721987,22.649077508721987,15.440485747229005,30.684632429480985,7.208591761492983,0.5946268629158767
p29,2032,24.405114863175996,24.405114863175996,18.190935834978987,36.150558264967,6.214179028197009,0.5729431358816813
p29,2033,26.182066588159003,26.182066588159003,20.995331330707998,41.723688954122,5.186735257451005,0.5549705524917976
p29,2034,27.980181773414998,27.980181773414998,23.85473028199,47.40612713810498,4.125451491424997,0.5397941399709081
p29,2035,29.79971247534199,29.79971247534199,26.770211488203998,53.20001669781698,3.029500987137993,0.5267766047298403
p29,2036,31.640913752322987,31.640913752322987,29.742874907548995,59.10754356273702,1.8980388447739927,0.5154604243743494
p29,2037,33.50404370048399,33.50404370048399,32.773842072036004,65.13093653564198,0.7302016284479862,0.5055086370056688
p29,2038,35.38936348987001,35.38936348987001,35.86425651062099,71.27246813349001,-0.47489302075098294,0.49666758670824224
p29,2039,37.297137401054,37.297137401054,39.015284180638005,77.534455444799,-1.7181467795840035,0.4887426794748956
p29,2040,39.227632862189,39.227632862189,42.228113907696,83.919261003847,-3.0004810455070015,0.48158214021422296
p29,2041,40.71189473829999,40.71189473829999,44.520228582727995,88.47434414313,-3.808333844428006,0.4776590462842052
p29,2042,42.209588019538,42.209588019538,46.84379901865101,93.09193881712599,-4.634210999113009,0.4739807145284339
p29,2043,43.720834249579994,43.720834249579994,49.19925689757399,97.77290290083897,-5.478422647993995,0.4705207852233053
p29,2044,45.24575607197501,45.24575607197501,51.58703982577801,102.518106042294,-6.341283753802998,0.4672565286636005
p29,2045,46.78447724010199,46.78447724010199,54.007591415022986,107.32842982410199,-7.223114174920994,0.46416824125499423
p29,2046,48.337122627211,48.337122627211,56.461361364957,112.20476792724497,-8.124238737745998,0.46123875828989497
p29,2047,49.90381823655399,49.90381823655399,58.94880554666999,117.14802629710499,-9.044987310116,0.45845305792477375
p29,2048,51.484691211617005,51.484691211617005,61.47038608737999,122.15912331177799,-9.985694875762988,0.45579793704478455
p29,2049,53.079869846433,53.079869846433,64.02657145629699,127.23898995269002,-10.946701609863993,0.4532617442384495
p29,2050,54.689483595994986,54.689483595994986,66.61783655165,132.38856997756102,-11.928352955655015,0.45083415847808345
p3,2023,0.0,0.0,0.0,0.0,0.0,
p3,2024,6.699330065179993,6.699330065179993,10.617989933919944,18.233819976119776,-3.918659868739951,0.3868572080164938
p3,2025,13.430640321970031,13.430640321970031,21.31631452218994,36.60559521817004,-7.88567420021991,0.38652711819514624
p3,2026,20.194083432289972,20.194083432289972,32.09558156879007,55.1163694819802,-11.901498136500095,0.3861964583608035
p3,2027,26.989812786830043,26.989812786830043,42.95640347630001,73.7671944202798,-15.966590689469967,0.3858652294399643
p3,2028,33.81798250850011,33.81798250850011,53.89939728067998,92.55912964254003,-20.08141477217987,0.3855334323685709
p3,2029,40.67874745594008,40.67874745594008,64.92518468632011,111.49324277510004,-24.246437230380025,0.3852010680922497
p3,2030,47.572263227030135,47.572263227030135,76.03439210136003,130.57060952189022,-28.462128874329892,0.3848681375662437
p3,2031,51.21959246889014,51.21959246889014,101.22635257746015,173.83168577315018,-50.006760108570006,0.33598527303115294
p3,2032,54.87609004877004,54.87609004877004,126.8472841354801,217.8294157160799,-71.97119408671006,0.30197595821179796
p3,2033,58.54177901325011,58.54177901325011,152.9044913355301,262.57634315928,-94.36271232228,0.27686361606986754
p3,2034,62.21668246680997,62.21668246680997,179.40540312042003,308.08522550855014,-117.18872065361006,0.25749584238378165
p3,2035,65.90082357204005,65.90082357204005,206.35757493373012,354.3690374039802,-140.45675136169007,0.24205249106628887
p3,2036,69.59422554974003,69.59422554974003,233.76869087384011,401.4409744190598,-164.17446532410008,0.2294091392916558
p3,2037,73.29691167909004,73.29691167909004,261.64656588467005,449.3144568227599,-188.34965420558,0.21883367370584844
p3,2038,77.00890529777007,77.00890529777007,289.99914798376994,498.0031334056298,-212.99024268599987,0.20982892503095793
p3,2039,80.73022980214,80.73022980214,318.8345205282501,547.5208853711401,-238.1042907261101,0.20204542501656164
p3,2040,84.46090864737016,84.46090864737016,348.16090451941,597.88183029321,-263.69999587203984,0.19523035149133733
p3,2041,87.27384212777997,87.27384212777997,363.89454960216995,624.9005460569701,-276.62070747439,0.19343961972411036
p3,2042,90.09209370679014,90.09209370679014,379.76952433430006,652.1619611828501,-289.6774306275099,0.19174176022803258
p3,2043,92.91567343876,92.91567343876,395.7870982289801,679.6682557515201,-302.8714247902201,0.1901271669110394
p3,2044,95.74459139701003,95.74459139701003,411.94855220295995,707.4216294265502,-316.2039608059499,0.18858752103308035
p3,2045,98.57885767394009,98.57885767394009,428.25517867902,735.4243016302898,-329.6763210050799,0.18711558265361533
p3,2046,101.41848238102011,101.41848238102011,444.70828168930007,763.6785117213499,-343.28979930827995,0.18570502134914835
p3,2047,104.26347564883008,104.26347564883008,461.3091769795701,792.1865191736902,-357.04570133074003,0.1843502778366029
p3,2048,107.11384762710009,107.11384762710009,478.0591921144901,820.9506037573201,-370.94534448739,0.18304645011397155
p3,2049,109.9696084847701,109.9696084847701,494.95966658376005,849.97306572058,-384.99005809898995,0.1817891991957441
p3,2050,112.83076840998001,112.83076840998001,512.01195190921,879.2562259741298,-399.18118349923,0.1805746706184596
p30,2023,0.0,0.0,0.0,0.0,0.0,
p30,2024,45.0725620152798,45.0725620152798,20.454404371409964,40.57545283221998,24.618157643869836,0.6878475305768956
p30,2025,91.53428732337989,91.53428732337989,41.19489861521993,81.71842285593993,50.33938870815996,0.6896319500198201
p30,2026,139.42799076699998,139.42799076699998,62.22548418817996,123.43684777091994,77.20250657882002,0.6914236950193376
p30,2027,188.79780676791984,188.79780676791984,83.5502185143198,165.73877629927983,105.24758825360004,0.6932226021182454
p30,2028,239.68922999713982,239.68922999713982,105.17321576765994,208.63236973824996,134.51601422947988,0.6950285046711369
p30,2029,292.1491572986399,292.1491572986399,127.0986476659998,252.12590353481983,165.05050963264011,0.6968412328915602
p30,2030,346.22593090510986,346.22593090510986,149.3307442757498,296.2277688822601,196.89518662936007,0.6986606139020332
p30,2031,376.0303950082898,376.0303950082898,180.94243701868982,358.9359624109802,195.0879579896,0.6751323823817587
p30,2032,406.3260042263398,406.3260042263398,213.1741394354999,422.87407067206004,193.1518647908399,0.655893317190475
p30,2033,437.1208520959699,437.1208520959699,246.03801196311997,488.0662163544598,191.08284013284992,0.6398524195364332
p30,2034,468.4231655265198,468.4231655265198,279.54645354478,554.5369952727601,188.87671198173985,0.6262596148064506
p30,2035,500.24130699789,500.24130699789,313.71210630795986,622.31148564664,186.52920068993012,0.6145822338482166
p30,2036,532.58377679451,532.58377679451,348.54786033397,691.4152575624998,184.03591646053997,0.604431567716882
p30,2037,565.45921527624,565.45921527624,384.06685852120995,761.87438262056,181.39235675503005,0.595517312141617
p30,2038,598.8764051866699,598.8764051866699,420.2825015436799,833.7154437711902,178.59390364298997,0.5876182813414015
p30,2039,632.84427399946,632.84427399946,457.20845290687,906.9655453442101,175.63582109259005,0.5805629933109111
p30,2040,667.37189630327,667.37189630327,494.85864410272984,981.65232327483,172.51325220054014,0.5742164511269323
p30,2041,694.1657061510298,694.1657061510298,521.7192508230098,1034.93577564202,172.44645532801997,0.570913968603241
p30,2042,721.2965955508,721.2965955508,548.9484782024699,1088.9504617277598,172.3481173483301,0.5678404982272762
p30,2043,748.76880513224,748.76880513224,576.5513849946699,1143.7064165940901,172.21742013757012,0.5649720050371673
p30,2044,776.5866288742297,776.5866288742297,604.53309937684,1199.2138130189296,172.05352949738972,0.5622876952584203
p30,2045,804.7544147760798,804.7544147760798,632.89881990257,1255.48296338597,171.85559487350974,0.5597694877763495
p30,2046,833.2765655370897,833.2765655370897,661.6538164676301,1312.5243216005601,171.6227490694596,0.5574015857645864
p30,2047,862.1575392447301,862.1575392447301,690.8034312890197,1370.34848503186,171.35410795571033,0.555170127004807
p30,2048,891.4018500714499,891.4018500714499,720.35307989752,1428.9661964817196,171.04877017392982,0.5530628965339113
p30,2049,921.0140689802299,921.0140689802299,750.3082521437198,1488.3883461804598,170.70581683651017,0.551069089031765
p30,2050,950.9988244391,950.9988244391,780.6745132180397,1548.6259738100998,170.32431122106027,0.5491791111860335
p31,2023,0.0,0.0,0.0,0.0,0.0,
p31,2024,57.51689614430006,57.51689614430006,32.07445331314011,52.82781294287997,25.44244283115995,0.6419916263413703
p31,2025,116.47639673676031,116.47639673676031,64.59752278192036,106.39451331502005,51.878873954839946,0.643253302553844
p31,2026,176.91468432081,176.91468432081,97.57548307153002,160.7104357224298,79.33920124928,0.6445210260225409
p31,2027,238.86884894886998,238.86884894886998,131.01469660905013,215.78605931828997,107.85415233981985,0.6457947422034362
p31,2028,302.37691094387037,302.37691094387037,164.9216148110604,271.63200982467015,137.45529613280996,0.6470743952281338
p31,2029,367.4778442318102,367.4778442318102,199.30277932819035,328.2590615825702,168.17506490361984,0.6483599279094061
p31,2030,434.21160025942027,434.21160025942027,234.16482330729013,385.6781396305796,200.04677695213013,0.6496512817467472
p31,2031,470.6705250240102,470.6705250240102,283.7349669605401,467.3220027667303,186.93555806347013,0.6238959419368189
p31,2032,507.61681622176,507.61681622176,334.27734480732033,550.5671716402503,173.33947141443969,0.6029461180741295
p31,2033,545.0569887469501,545.0569887469501,385.81102557042004,635.4450531440198,159.24596317653004,0.5855362740620695
p31,2034,582.9976445820002,582.9976445820002,438.35545197322017,721.9876701638104,144.64219260878008,0.5708091026975017
p31,2035,621.4454739616704,621.4454739616704,491.93044807513024,810.2276736598997,129.51502588654012,0.5581632058512664
p31,2036,660.4072565527604,660.4072565527604,546.5562267507803,900.1983549857196,113.85102980198008,0.54716423958841
p31,2037,699.8898626495802,699.8898626495802,602.2533973160603,991.9336584480598,97.63646533351994,0.5374906772301291
p31,2038,739.9002543854303,739.9002543854303,659.0429733035503,1085.4681941136696,80.85728108188005,0.5288994147444619
p31,2039,780.44548696026,780.44548696026,716.9463803906401,1180.83725086697,63.499106569619926,0.5212032360914177
p31,2040,821.5327098847501,821.5327098847501,775.9854644829402,1278.0768097238997,45.54724540180996,0.5142556266753704
p31,2041,853.2166656795903,853.2166656795903,818.1054529494004,1347.4499912443698,35.11121273018989,0.5105040232337116
p31,2042,885.22291885394,885.22291885394,860.8034737021203,1417.7752133559898,24.419445151819673,0.5069928625523442
p31,2043,917.5547478999702,917.5547478999702,904.0874593482904,1489.0655413567301,13.467288551679758,0.503696469179868
p31,2044,950.21546465953,950.21546465953,947.9654513580003,1561.3342198457503,2.250013301529634,0.5005926761992345
p31,2045,983.2084146633401,983.2084146633401,992.44560155819,1634.5946751840102,-9.237186894849856,0.4976622458135367
p31,2046,1016.5369774737601,1016.5369774737601,1037.53617364711,1708.86051798873,-20.9991961733499,0.4948884010869109
p31,2047,1050.2045670309303,1050.2045670309303,1083.2455447296302,1784.1455456619597,-33.04097769869986,0.4922564447332134
p31,2048,1084.2146320024303,1084.2146320024303,1129.5822068735101,1860.4637449539696,-45.367574871079796,0.48975344664099457
p31,2049,1118.57065613663,1118.57065613663,1176.55476868717,1937.8292945617304,-57.984112550539976,0.4873679860971015
p31,2050,1153.2761586194501,1153.2761586194501,1224.1719569189504,2016.2565677631,-70.89579829950026,0.4850899378547647
p32,2023,0.0,0.0,0.0,0.0,0.0,
p32,2024,0.5497995731849983,0.5497995731849983,2.473925944880989,4.01518847901599,-1.9241263716959907,0.1818285323519236
p32,2025,1.1010994538870023,1.1010994538870023,4.978228889614002,8.079678910698988,-3.8771294357269994,0.18112189236564474
p32,2026,1.6539037361849864,1.6539037361849864,7.513281829244988,12.194076667011984,-5.859378093060002,0.18041564931574636
p32,2027,2.2082165253299877,2.2082165253299877,10.079462338774988,16.358994553201,-7.871245813445,0.1797098174318891
p32,2028,2.764041937775005,2.764041937775005,12.677152629397,20.575052899061973,-9.913110691621995,0.17900441094443306
p32,2029,3.3213841012050125,3.3213841012050125,15.306739605421996,24.842879651335977,-11.985355504216983,0.17829944408321813
p32,2030,3.880247154572004,3.880247154572004,17.968614921908,29.163110467238027,-14.088367767335995,0.17759493107648092
p32,2031,4.174959822722002,4.174959822722002,22.109986960053988,35.884568451577024,-17.935027137331986,0.15883463098573863
p32,2032,4.470095436554004,4.470095436554004,26.32951436391201,42.73287280519901,-21.859418927358007,0.14513480740546164
p32,2033,4.765654603043998,4.765654603043998,30.62867207008199,49.710417354181004,-25.86301746703799,0.13464458999476994
p32,2034,5.061637930036994,5.061637930036994,35.008962849949995,56.81964110053502,-29.947324919913,0.12631799452742415
p32,2035,5.358046026250008,5.358046026250008,39.471917834984,64.063029074761,-34.11387180873399,0.11951930282244311
p32,2036,5.654879501273996,5.654879501273996,44.01909705193901,71.44311320448998,-38.36421755066502,0.11383987942290534
p32,2037,5.9521389655770065,5.9521389655770065,48.65208996816801,78.96247319952198,-42.69995100259101,0.10900509139684285
p32,2038,6.249825030501,6.249825030501,53.372516047217005,86.62373745355802,-47.122691016716004,0.10482354294599609
p32,2039,6.547938308265003,6.547938308265003,58.18202531491298,94.429583962962,-51.634087006647974,0.10115776283119014
p32,2040,6.84647941196701,6.84647941196701,63.082298936125,102.38274126285398,-56.23581952415799,0.09790646388653541
p32,2041,7.071067502901002,7.071067502901002,66.71205735593,108.27384896515599,-59.640989853029,0.09583583666902223
p32,2042,7.295897714742011,7.295897714742011,70.39161586253297,114.245782342609,-63.09571814779096,0.09391338940825872
p32,2043,7.520970308512005,7.520970308512005,74.12165771039898,120.29965031904902,-66.60068740188697,0.09212062976181895
p32,2044,7.746285545514013,7.746285545514013,77.90287552820499,126.43657703268798,-70.15658998269097,0.09044204809953381
p32,2045,7.971843687334001,7.971843687334001,81.73597144745699,132.657702044855,-73.76412776012299,0.08886453956498508
p32,2046,8.197644995839,8.197644995839,85.62165723286702,138.964180551595,-77.42401223702802,0.08737695549957687
p32,2047,8.423689733179998,8.423689733179998,89.56065441451997,145.35718359817997,-81.13696468133998,0.08596975166239076
p32,2048,8.649978161787999,8.649978161787999,93.55369442185301,151.83789829656098,-84.90371626006501,0.08463470972345995
p32,2049,8.876510544380011,8.876510544380011,97.60151871947599,158.40752804579802,-88.72500817509598,0.08336471482190688
p32,2050,9.103287143953992,9.103287143953992,101.70487894485203,165.067292755521,-92.60159180089803,0.0821535764490341
p33,2023,0.0,0.0,0.0,0.0,0.0,
p33,2024,11.56727055231022,11.56727055231022,61.38844393881027,94.22800118644955,-49.82117338650005,0.15855194665687336
p33,2025,23.16130401537066,23.16130401537066,123.53066822272012,189.61301517034008,-100.36936420734946,0.15789073977257823
p33,2026,34.78216230988983,34.78216230988983,186.43592841794998,286.1692487542896,-151.65376610806015,0.15723018942732683
p33,2027,46.42990749982073,46.42990749982073,250.11359373859068,383.91108318429997,-203.68368623876995,0.15657030859190058
p33,2028,58.10460179271013,58.10460179271013,314.5731484420003,482.85307629174986,-256.46854664929015,0.1559111102181876
p33,2029,69.8063075400405,69.8063075400405,379.8241932414503,583.00996466164,-310.0178857014098,0.15525260723796988
p33,2030,81.53508723755021,81.53508723755021,445.87644673608065,684.3966658274803,-364.34135949853044,0.15459481256173427
p33,2031,87.71600304933054,87.71600304933054,548.6411983324406,842.1351018269197,-460.92519528311004,0.13784082722544203
p33,2032,93.90443771461014,93.90443771461014,653.3453112490106,1002.8503544559608,-559.4408735344005,0.12566673705123158
p33,2033,100.10040037983072,100.10040037983072,760.02538482819,1166.5986017614196,-659.9249844483593,0.11637879261534
p33,2034,106.3039002024907,106.3039002024907,868.7187091098003,1333.4370819740197,-762.4148089073096,0.10902711299943046
p33,2035,112.51494635127983,112.51494635127983,979.4632778658306,1503.42411351595,-866.9483315145508,0.10303771985192012
p33,2036,118.7335480060201,118.7335480060201,1092.29780188116,1676.6191153861091,-973.5642538751399,0.09804333142744928
p33,2037,124.95971435770025,124.95971435770025,1207.26172248491,1853.08262793006,-1082.3020081272098,0.09379800602357602
p33,2038,131.19345460849036,131.19345460849036,1324.39522533719,2032.8763340018395,-1193.2017707286996,0.09013085661904587
p33,2039,137.43477797176,137.43477797176,1443.7392544760005,2216.0630805253004,-1306.3044765042405,0.08691945045353547
p33,2040,143.68369367208015,143.68369367208015,1565.33552662922,2402.706900462201,-1421.65183295714,0.08407377281968116
p33,2041,148.38248698969073,148.38248698969073,1655.4050057608501,2540.9587674574996,-1507.0225187711594,0.0822616231601799
p33,2042,153.08557308927993,153.08557308927993,1746.7102332150507,2681.107442499,-1593.6246601257708,0.08058001422114781
p33,2043,157.79295589270987,157.79295589270987,1839.2681633911407,2823.1789496891997,-1681.4752074984308,0.0790125822234698
p33,2044,162.5046393254106,162.5046393254106,1933.0959833018906,2967.19967018,-1770.59134397648,0.07754561511900818
p33,2045,167.22062731642018,167.22062731642018,2028.2111157649406,3113.1963470709998,-1860.9904884485204,0.07616753645081241
p33,2046,171.94092379832,171.94092379832,2124.6312226380205,3261.196090375999,-1952.6902988397005,0.07486850524819168
p33,2047,176.6655327073504,176.6655327073504,2222.3742080986003,3411.2263820564003,-2045.70867539125,0.07364010262205999
p33,2048,181.39445798328052,181.39445798328052,2321.45822196847,3563.3150811247997,-2140.0637639851893,0.07247508390576844
p33,2049,186.12770356953024,186.12770356953024,2421.9016630839906,3717.4904288179005,-2235.7739595144603,0.07136718088736824
p33,2050,190.8652734130901,190.8652734130901,2523.7231827125406,3873.7810538405993,-2332.8579092994505,0.0703109427075
p34,2023,0.0,0.0,0.0,0.0,0.0,
p34,2024,3.4981499312700635,3.4981499312700635,22.254063461270107,34.15979923125997,-18.755913530000043,0.1358388064725884
p34,2025,7.003051757860021,7.003051757860021,44.78138153790019,68.73904198643004,-37.77832978004017,0.13523468950336834
p34,2026,10.514718511840101,10.514718511840101,67.58530948611019,103.7428785554398,-57.07059097427009,0.13463143076102427
p34,2027,14.033163250410098,14.033163250410098,90.66924376084012,139.17652246791022,-76.63608051043002,0.13402904146131275
p34,2028,17.55839905598009,17.55839905598009,114.03662252166009,175.0452512697002,-96.47822346568,0.133427532785659
p34,2029,21.090439036220005,21.090439036220005,137.6909261448102,211.35440730892014,-116.60048710859019,0.13282691588004877
p34,2030,24.62929632409009,24.62929632409009,161.63567774163016,248.1093985316702,-137.00638141754007,0.1322272018538498
p34,2031,26.49306373930017,26.49306373930017,198.88915994241006,305.29317869200986,-172.3960962031099,0.11754726396130628
p34,2032,28.358722061750086,28.358722061750086,236.84568439552004,363.55612276471993,-208.48696233376995,0.10693156437549335
p34,2033,30.226273209869987,30.226273209869987,275.51851881125003,422.9185965728798,-245.29224560138005,0.09886112208178525
p34,2034,32.09571910404998,32.09571910404998,314.92118128614993,483.40135028039003,-282.82546218209995,0.09249036305713135
p34,2035,33.96706166664012,33.96706166664012,355.06744502832,545.0255256452101,-321.10038336167986,0.08731117955372919
p34,2036,35.8403028219102,35.8403028219102,395.9713431718001,607.8126634094601,-360.1310403498899,0.0829998522606596
p34,2037,37.715444496110194,37.715444496110194,437.64717368190986,671.7847108289602,-399.93172918579967,0.07934036681442633
p34,2038,39.592488617430035,39.592488617430035,480.10950435304994,736.9640293449502,-440.5170157356199,0.0761830609714036
p34,2039,41.47143711602007,41.47143711602007,523.3731779009099,803.3734024004898,-481.90174078488985,0.07342096571953165
p34,2040,43.35229192399015,43.35229192399015,567.4533171507301,871.0360434044601,-524.1010252267399,0.07097559563944154
p34,2041,44.76597252122019,44.76597252122019,600.1046074573801,921.1554979237499,-555.3386349361599,0.06941853747259757
p34,2042,46.18073004337998,46.18073004337998,633.20387167944,971.9625886150998,-587.02314163606,0.06797435491807204
p34,2043,47.59656531088012,47.59656531088012,666.7572559945202,1023.4667498091499,-619.16069068364,0.06662883838698143
p34,2044,49.01347914473013,49.01347914473013,700.7709909054201,1075.6775452750398,-651.75751176069,0.06537009114292777
p34,2045,50.43147236656,50.43147236656,735.2513923971101,1128.6046699962899,-684.8199200305501,0.06418807718522608
p34,2046,51.85054579864004,51.85054579864004,770.2048631095399,1182.2579519710598,-718.3543173108999,0.06307427119481616
p34,2047,53.270700263860135,53.270700263860135,805.6378935265102,1236.6473540371198,-752.3671932626501,0.062021384637422385
p34,2048,54.69193658572999,54.69193658572999,841.5570631809201,1291.78297572182,-786.8651265951901,0.061023149370286314
p34,2049,56.114255588420065,56.114255588420065,877.9690418764799,1347.67505511746,-821.8547862880598,0.060074145143922425
p34,2050,57.53765809668016,57.53765809668016,914.8805909262701,1404.3339707824398,-857.3429328295899,0.05916966095041086
p35,2023,0.0,0.0,0.0,0.0,0.0,
p35,2024,0.319715309647691,0.319715309647691,0.0,0.0,0.319715309647691,1.0
p35,2025,0.6407119970736943,0.6407119970736943,0.0,0.0,0.6407119970736943,1.0
p35,2026,0.9629951978749887,0.9629951978749887,0.0,0.0,0.9629951978749887,1.0
p35,2027,1.2865700682315975,1.2865700682315975,0.0,0.0,1.2865700682315975,1.0
p35,2028,1.6114417849885996,1.6114417849885996,0.0,0.0,1.6114417849885996,1.0
p35,2029,1.9376155457392912,1.9376155457392912,0.0,0.0,1.9376155457392912,1.0
p35,2030,2.26509656890849,2.26509656890849,0.0,0.0,2.26509656890849,1.0
p35,2031,2.4381505590533976,2.4381505590533976,0.7721795399640001,1.1422222597650062,1.6659710190893975,0.7594703609450177
p35,2032,2.6115696003589903,2.6115696003589903,1.551833661784599,2.295501059282003,1.0597359385743914,0.627267991093994
p35,2033,2.7853544628875966,2.7853544628875966,2.339034718290492,3.459943424193,0.4463197445971048,0.5435485800177355
p35,2034,2.9595059183258883,2.9595059183258883,3.1338557626747985,4.635657416133,-0.1743498443489102,0.48569346007372755
p35,2035,3.1340247399883907,3.1340247399883907,3.9363705552745927,5.822752142756997,-0.802345815286202,0.44326018689338653
p35,2036,3.308911702820893,3.308911702820893,4.746653570415887,7.021337767866001,-1.437741867594994,0.41076095724954015
p35,2037,3.484167583403888,3.484167583403888,5.564780003324998,8.231525521630005,-2.08061241992111,0.3850356685139541
p35,2038,3.659793159956294,3.659793159956294,6.3908257771066985,9.453427710908997,-2.7310326171504045,0.36413609777407047
p35,2039,3.835789212338298,3.835789212338298,7.22486754979019,10.687157729678006,-3.389078337451892,0.3467957911389113
p35,2040,4.012156522055292,4.012156522055292,8.0669827214425,11.932830069548999,-4.0548261993872075,0.3321558300782929
p35,2041,4.145024224758899,4.145024224758899,8.62638052500759,12.760301648666001,-4.481356300248692,0.32455507487026325
p35,2042,4.278102633856392,4.278102633856392,9.1893408291633,13.593042944557993,-4.9112381953069075,0.31766256495552786
p35,2043,4.411392083493595,4.411392083493595,9.75588632153989,14.431087517186995,-5.344494238046295,0.3113789365448112
p35,2044,4.544892908346199,4.544892908346199,10.326039834252597,15.27446914024,-5.781146925906398,0.3056225851474027
p35,2045,4.678605443620498,4.678605443620498,10.899824344821994,16.123221802491997,-6.221218901201496,0.3003258677001912
p35,2046,4.812530025054798,4.812530025054798,11.477262977100096,16.977379709172,-6.6647329520452985,0.29543223934264684
p35,2047,4.9466669889191905,4.9466669889191905,12.058379002202187,17.836977283343003,-7.111712013282997,0.29089406706114934
p35,2048,5.081016672017697,5.081016672017697,12.643195839444587,18.702049167293012,-7.562179167426891,0.2866709405978851
p35,2049,5.215579411687997,5.215579411687997,13.231737057288399,19.572630223923,-8.016157645600401,0.28272835349571035
p35,2050,5.350355545802898,5.350355545802898,13.824026374289687,20.448755538162004,-8.473670828486789,0.2790366629860611
p36,2023,0.0,0.0,0.0,0.0,0.0,
p36,2024,21.64354566581801,21.64354566581801,0.0,0.0,21.64354566581801,1.0
p36,2025,43.885440778583984,43.885440778583984,0.0,0.0,43.885440778583984,1.0
p36,2026,66.74222708548405,66.74222708548405,0.0,0.0,66.74222708548405,1.0
p36,2027,90.23090364072402,90.23090364072402,0.0,0.0,90.23090364072402,1.0
p36,2028,114.368939448064,114.368939448064,0.0,0.0,114.368939448064,1.0
p36,2029,139.174286452871,139.174286452871,0.0,0.0,139.174286452871,1.0
p36,2030,164.66539289334798,164.66539289334798,0.0,0.0,164.66539289334798,1.0
p36,2031,178.64698983226003,178.64698983226003,7.578278052661062,12.438606811849922,171.06871177959897,0.9593058550070439
p36,2032,192.83489092646005,192.83489092646005,15.22991269754607,24.997617467610098,177.60497822891398,0.9268020711226679
p36,2033,207.23214027775407,207.23214027775407,22.955614015440005,37.678197458380055,184.27652626231406,0.9002743908513872
p36,2034,221.841826904909,221.841826904909,30.75609896060098,50.48152355704997,191.08572794430802,0.8782408887356566
p36,2035,236.667085406419,236.667085406419,38.632091427298974,63.40878392749005,198.03499397912003,0.8596723322182945
p36,2036,251.71109663305901,251.71109663305901,46.58432231698998,76.46117823481995,205.12677431606903,0.8438315865494711
p36,2037,266.97708837035907,266.97708837035907,54.61352960614704,89.63991775673003,212.36355876421203,0.8301768566826261
p36,2038,282.46833603111895,282.46833603111895,62.72045841474403,102.94622549591008,219.74787761637492,0.8183010010060432
p36,2039,298.18816335820907,298.18816335820907,70.90586107540503,116.38133629353001,227.28230228280404,0.8078921456823578
p36,2040,314.139943137669,314.139943137669,79.17049720322007,129.94649694380996,234.9694459344489,0.7987073591674769
p36,2041,326.47568360898913,326.47568360898913,84.66050552131298,138.95752219097994,241.81517808767614,0.7940816017670451
p36,2042,338.9501351514191,338.9501351514191,90.18547671868805,148.0259337606501,248.76465843273104,0.7898438763316016
p36,2043,351.564857522269,351.564857522269,95.74563345492004,157.1520971151299,255.81922406734896,0.7859526315920843
p36,2044,364.321428017739,364.321428017739,101.34119980758396,166.33638004414001,262.980228210155,0.7823720570386882
p36,2045,377.22144167021906,377.22144167021906,106.97240128128203,175.57915267967996,270.24904038893703,0.7790711244298147
p36,2046,390.266511447639,390.266511447639,112.63946481673406,184.88078751090006,277.62704663090494,0.7760228151325039
p36,2047,403.458268455199,403.458268455199,118.34261879992005,194.24165939911995,285.11564965527896,0.7732034925765469
p36,2048,416.7983621393191,416.7983621393191,124.08209307128902,203.6621455929701,292.7162690680301,0.7705923889910684
p36,2049,430.288460493839,430.288460493839,129.858118935015,213.14262574357008,300.430341558824,0.7681711828582027
p36,2050,443.9302502686289,443.9302502686289,135.67092916832598,222.68348191982,308.25932110030294,0.7659236489129965
p37,2023,0.0,0.0,0.0,0.0,0.0,
p37,2024,40.18055606418011,40.18055606418011,0.0,0.0,40.18055606418011,1.0
p37,2025,81.11783506508982,81.11783506508982,0.0,0.0,81.11783506508982,1.0
p37,2026,122.82608841336014,122.82608841336014,0.0,0.0,122.82608841336014,1.0
p37,2027,165.31983591730022,165.31983591730022,0.0,0.0,165.31983591730022,1.0
p37,2028,208.61387083769023,208.61387083769023,0.0,0.0,208.61387083769023,1.0
p37,2029,252.72326503772,252.72326503772,0.0,0.0,252.72326503772,1.0
p37,2030,297.66337422994,297.66337422994,0.0,0.0,297.66337422994,1.0
p37,2031,321.97877201558003,321.97877201558003,22.304852275809935,36.5281152498701,299.6739197397701,0.9352137287339236
p37,2032,346.5373602752702,346.5373602752702,44.842891218640034,73.43811464504006,301.69446905663017,0.88542372527108
p37,2033,371.34157127878007,371.34157127878007,67.61655468466006,110.73399060339989,303.72501659412,0.8459612644457761
p37,2034,396.3938616222199,396.3938616222199,90.62830601666019,148.41977728167012,305.7655556055597,0.8139133862098454
p37,2035,421.6967124713301,421.6967124713301,113.88063431052979,186.4995510117601,307.8160781608003,0.7873684632204706
p37,2036,447.25262980725984,447.25262980725984,137.3760546844601,224.97743074171012,309.87657512279975,0.7650199890484406
p37,2037,473.06414467469995,473.06414467469995,161.11710855102,263.8575784812001,311.94703612367994,0.7459446999867801
p37,2038,499.1338134326302,499.1338134326302,185.10636389205,303.14419975177,314.02744954058016,0.7294716533369907
p37,2039,525.4642180074102,525.4642180074102,209.34641553641995,342.8415440416602,316.1178024709902,0.7151015432006091
p37,2040,552.0579661485599,552.0579661485599,233.83988544070007,382.95390526554,318.2180807078598,0.7024551155499104
p37,2041,572.42472082526,572.42472082526,249.44240162666983,408.5057673617998,322.9823191985902,0.6964930281156739
p37,2042,592.94593238782,592.94593238782,265.1477494045798,434.22603426054,327.79818298324017,0.691003727179607
p37,2043,613.6227722025201,613.6227722025201,280.9566065071799,460.1158158682201,332.66616569534017,0.6859344031466288
p37,2044,634.45642051902,634.45642051902,296.8696551339699,486.17622940641013,337.58676538505006,0.6812398332927351
p37,2045,655.44806653772,655.44806653772,312.88758198060987,512.40839945994,342.56048455711016,0.6768810665399281
p37,2046,676.5989084776402,676.5989084776402,329.01107826858015,538.81345802545,347.58783020906003,0.6728243726644586
p37,2047,697.9101536448502,697.9101536448502,345.24083977500004,565.3925445602399,352.66931386985016,0.6690403959227726
p37,2048,719.3830185013398,719.3830185013398,361.5775668626502,592.14680603142,357.80545163868965,0.6655034681575399
p37,2049,741.0187287344702,741.0187287344702,378.0219645101902,619.0773969654601,362.99676422428,0.6621910473924636
p37,2050,762.8185193269501,762.8185193269501,394.57474234259007,646.1854794979299,368.24377698436,0.6590832559596762
p38,2023,0.0,0.0,0.0,0.0,0.0,
p38,2024,2.433128127290047,2.433128127290047,0.0,0.0,2.433128127290047,1.0
p38,2025,4.870644098000184,4.870644098000184,0.0,0.0,4.870644098000184,1.0
p38,2026,7.312555825070149,7.312555825070149,0.0,0.0,7.312555825070149,1.0
p38,2027,9.758871235700099,9.758871235700099,0.0,0.0,9.758871235700099,1.0
p38,2028,12.209598271370169,12.209598271370169,0.0,0.0,12.209598271370169,1.0
p38,2029,14.664744887910047,14.664744887910047,0.0,0.0,14.664744887910047,1.0
p38,2030,17.124319055470096,17.124319055470096,0.0,0.0,17.124319055470096,1.0
p38,2031,18.41940580007008,18.41940580007008,13.060128458200097,21.237590151899894,5.3592773418699835,0.5851231993761473
p38,2032,19.715720101040006,19.715720101040006,26.246676996410088,42.68075698360008,-6.530956895370082,0.42895326062386324
p38,2033,21.013263121930095,21.013263121930095,39.560869341990156,64.33149044644006,-18.54760622006006,0.3469015942481094
p38,2034,22.31203602739015,22.31203602739015,53.00394106780004,86.19179975421002,-30.691905040409893,0.29624572219504586
p38,2035,23.612039983170007,23.612039983170007,66.57713970687018,108.26371356956997,-42.96509972370018,0.26180568516444264
p38,2036,24.91327615614,24.91327615614,80.28172486817016,130.54928019236013,-55.36844871203016,0.2368294682594531
p38,2037,26.215745714260038,26.215745714260038,94.1189683534601,153.05056774961986,-67.90322263920007,0.21785688292329958
p38,2038,27.51944982661007,27.51944982661007,108.0901542753902,175.76966438757017,-80.57070444878013,0.20293142221631302
p38,2039,28.824389663350075,28.824389663350075,122.19657917660015,198.7086784653702,-93.37218951325008,0.19086349322720697
p38,2040,30.130566395790083,30.130566395790083,136.4395521500801,221.86973875076,-106.30898575429,0.180888184860676
p38,2041,31.11217104229013,31.11217104229013,145.90083258511004,237.25510014552992,-114.78866154281991,0.17576206495980964
p38,2042,32.09447424667019,32.09447424667019,155.42236677324013,252.73844254542018,-123.32789252656994,0.17115515636946144
p38,2043,33.07747650607007,33.07747650607007,165.00453843788,268.32038993820015,-131.92706193180993,0.16698879257377194
p38,2044,34.06117831797019,34.06117831797019,174.64773374615015,284.00157028548983,-140.58655542817996,0.1631994435748186
p38,2045,35.04558018021021,35.04558018021021,184.35234132447022,299.7826155480302,-149.30676114426,0.15973524243010015
p38,2046,36.03068259097017,36.03068259097017,194.11875227423002,315.66416171121,-158.08806968325985,0.1565534263078836
p38,2047,37.01648604879006,37.01648604879006,203.94736018750018,331.6468488106402,-166.93087413871012,0.15361842295832015
p38,2048,38.002991052590005,38.002991052590005,213.8385611629301,347.7313209579602,-175.8355701103401,0.15090040034405416
p38,2049,38.990198101610076,38.990198101610076,223.79275382174,363.9182263668499,-184.80255572012993,0.14837415371215917
p38,2050,39.978107695450035,39.978107695450035,233.8103393237002,380.20821737905,-193.83223162825016,0.14601824193353838
p39,2023,0.0,0.0,0.0,0.0,0.0,
p39,2024,5.73887812503898,5.73887812503898,0.0,0.0,5.73887812503898,1.0
p39,2025,11.612565068699979,11.612565068699979,0.0,0.0,11.612565068699979,1.0
p39,2026,17.624227550535977,17.624227550535977,0.0,0.0,17.624227550535977,1.0
p39,2027,23.77710667776296,23.77710667776296,0.0,0.0,23.77710667776296,1.0
p39,2028,30.074519692655997,30.074519692655997,0.0,0.0,30.074519692655997,1.0
p39,2029,36.51986176100098,36.51986176100098,0.0,0.0,36.51986176100098,1.0
p39,2030,43.11660780254499,43.11660780254499,0.0,0.0,43.11660780254499,1.0
p39,2031,46.711798075528975,46.711798075528975,2.3648538877559986,4.4043315948570125,44.346944187772976,0.9518130558391558
p39,2032,50.35195820504998,50.35195820504998,4.752599205610977,8.85129645740102,45.599358999439005,0.9137530645570251
p39,2033,54.037650689293,54.037650689293,7.163457539166984,13.341307271253982,46.87419315012602,0.8829521597480516
p39,2034,57.76944506235799,57.76944506235799,9.597652618941993,17.87478071475101,48.171792443415995,0.85753204532654
p39,2035,61.547917982272,61.547917982272,12.055410341129004,22.452137499616015,49.49250764114299,0.8362110706711591
p39,2036,65.37365332009301,65.37365332009301,14.53695878856496,27.073802409992993,50.83669453152805,0.8180847523881006
p39,2037,69.24724225014,69.24724225014,17.042528251893998,31.740204341877018,52.20471399824601,0.802496539824587
p39,2038,73.16928334133598,73.16928334133598,19.572351250938993,36.45177634291002,53.59693209039699,0.7889583105043817
p39,2039,77.14038264970998,77.14038264970998,22.126662556278006,41.208955652572,55.01372009343197,0.7770996153822932
p39,2040,81.16115381204298,81.16115381204298,24.705699211034982,46.012183742751006,56.455454601008,0.766634234365601
p39,2041,84.256304271494,84.256304271494,26.41889413798799,49.20285805205799,57.83741013350601,0.761293455827005
p39,2042,87.38088913099199,87.38088913099199,28.142999472347014,52.413852031980014,59.237889658644974,0.7563880526132706
p39,2043,90.53518830710999,90.53518830710999,29.878084696568976,55.64529508745699,60.657103610541014,0.7518705043782331
p39,2044,93.71948437838097,93.71948437838097,31.624219735602992,58.897317447537034,62.09526464277798,0.7476999745687678
p39,2045,96.93406261062,96.93406261062,33.38147495971498,62.17005017062695,63.552587650905025,0.7438411751806798
p39,2046,100.179210982472,100.179210982472,35.14992118732101,65.46362514977295,65.02928979515099,0.7402634552978617
p39,2047,103.45522021121701,103.45522021121701,36.929629687839,68.77817511797605,66.52559052337801,0.7369400635866811
p39,2048,106.76238377880901,106.76238377880901,38.72067218456499,72.113833653543,68.04171159424402,0.7338475472063696
p39,2049,110.10099795817098,110.10099795817098,40.52312085756097,75.47073518546699,69.57787710061001,0.730965258577642
p39,2050,113.47136183973498,113.47136183973498,42.337048346564984,78.849014998847,71.13431349317,0.7282749480856482
p4,2023,0.0,0.0,0.0,0.0,0.0,
p4,2024,1.1732748663249595,1.1732748663249595,4.209351739507042,7.225434886801054,-3.0360768731820826,0.2179744114246625
p4,2025,2.349023990389014,2.349023990389014,8.450551015044994,14.505536694338048,-6.101527024655979,0.21751078067489313
p4,2026,3.527252590023977,3.527252590023977,12.723838781898962,21.840719027090017,-9.196586191874985,0.21704712067018603
p4,2027,4.707965894065978,4.707965894065978,17.02945781839901,29.23139861882396,-12.321491924333031,0.21658343492500762
p4,2028,5.8911691423769525,5.8911691423769525,21.367652739711957,36.67799535627398,-15.476483597335005,0.21611972695884896
p4,2029,7.076867585871014,7.076867585871014,25.738670011735962,44.18093230299701,-18.66180242586495,0.21565600029624638
p4,2030,8.26506648653401,8.26506648653401,30.142757965110036,51.74063572340003,-21.877691478576025,0.2151922584664965
p4,2031,8.891023159474003,8.891023159474003,40.12975393247996,68.88351033748995,-31.238730773005955,0.18137254623271432
p4,2032,9.51767378480099,9.51767378480099,50.286809410279034,86.3182954393601,-40.76913562547804,0.15914649331145775
p4,2033,10.145019131850972,10.145019131850972,60.61682018790896,104.04996170835011,-50.471801056057984,0.14336850524768682
p4,2034,10.773059970808958,10.773059970808958,71.12273136454996,122.08356446501011,-60.349671393741005,0.13154595364606528
p4,2035,11.401797072717955,11.401797072717955,81.80753818880498,140.42424511237004,-70.40574111608703,0.12232462596935445
p4,2036,12.031231209472026,12.031231209472026,92.67428691265604,159.07723260174998,-80.64305570318402,0.11490541688011943
p4,2037,12.661363153824027,12.661363153824027,103.726075659951,178.04784492353997,-91.06471250612697,0.10878633710707185
p4,2038,13.292193679380944,13.292193679380944,114.96605530968202,197.34149062338997,-101.67386163030108,0.10363616986938919
p4,2039,13.923723560610028,13.923723560610028,126.397430394308,216.96367034416994,-112.47370683369797,0.09922754458734998
p4,2040,14.555953572834937,14.555953572834937,138.02346001336696,236.91997839419992,-123.46750644053202,0.09539919724892208
p4,2041,15.031242441635982,15.031242441635982,144.260840789771,247.62656493128998,-129.22959834813503,0.09436277143666817
p4,2042,15.506926990688953,15.506926990688953,150.55424970418596,258.4293248670599,-135.047322713497,0.09338080880386497
p4,2043,15.983007549398963,15.983007549398963,156.90419003713305,269.32912209241,-140.9211824877341,0.09244760614156687
p4,2044,16.459484447446016,16.459484447446016,163.31116958992095,280.3268282582401,-146.85168514247493,0.09155823866572106
p4,2045,16.936358014785014,16.936358014785014,169.77570072525305,291.4233228451999,-152.83934271046803,0.09070843163036274
p4,2046,17.41362858164598,17.41362858164598,176.298300408204,302.61949323397994,-158.88467182655802,0.08989445653890737
p4,2047,17.89129647853099,17.89129647853099,182.87949024755596,313.9162347762999,-164.98819376902497,0.08911304662535499
p4,2048,18.369362036219968,18.369362036219968,189.51979653751698,325.31445086649,-171.150434501297,0.08836132755669639
p4,2049,18.847825585767964,18.847825585767964,196.21975029980297,336.81505301376,-177.371924714035,0.08763676025155999
p4,2050,19.32668745850401,19.32668745850401,202.97988732610997,348.4189609150601,-183.65319986760596,0.08693709341358458
p40,2023,0.0,0.0,0.0,0.0,0.0,
p40,2024,34.632431821760065,34.632431821760065,0.0,0.0,34.632431821760065,1.0
p40,2025,70.12194044190005,70.12194044190005,0.0,0.0,70.12194044190005,1.0
p40,2026,106.48973663306992,106.48973663306992,0.0,0.0,106.48973663306992,1.0
p40,2027,143.75755608809004,143.75755608809004,0.0,0.0,143.75755608809004,1.0
p40,2028,181.94767241054,181.94767241054,0.0,0.0,181.94767241054,1.0
p40,2029,221.08291042689007,221.08291042689007,0.0,0.0,221.08291042689007,1.0
p40,2030,261.1866598280301,261.1866598280301,0.0,0.0,261.1866598280301,1.0
p40,2031,283.0854462448501,283.0854462448501,13.54611784424992,25.254727760399874,269.5393284006002,0.9543335252071117
p40,2032,305.27301782047994,305.27301782047994,27.22336007269996,50.753917488700154,278.04965774778,0.9181243409471187
p40,2033,327.7531828420899,327.7531828420899,41.03299594968007,76.49993554000002,286.72018689240986,0.8887349952101953
p40,2034,350.52979981780004,350.52979981780004,54.97630702577999,102.49517117535015,295.55349279202005,0.8644254522978453
p40,2035,373.6067781388699,373.6067781388699,69.05458725686003,128.74203678350977,304.5521908820099,0.8440013232346882
p40,2036,396.98807875079,396.98807875079,83.26914312403005,155.24296810477017,313.71893562675996,0.8266155315708417
p40,2037,420.67771483306,420.67771483306,97.6212937549601,182.00042445705003,323.0564210780999,0.8116506261107741
p40,2038,444.6797524880701,444.6797524880701,112.11237104628003,209.01688896406995,332.5673814417901,0.798645910551636
p40,2039,468.99831143899996,468.99831143899996,126.74371978718,236.2948687858402,342.25459165181996,0.7872506669937137
p40,2040,493.6375657369001,493.6375657369001,141.5166977842,263.83689535128997,352.1208679527001,0.7771931861093478
p40,2041,512.63088372895,512.63088372895,151.33004840633998,282.1324322149899,361.30083532261006,0.7720798904241784
p40,2042,531.81476500032,531.81476500032,161.20589492526005,300.5444834097498,370.60887007505994,0.7673865957436664
p40,2043,551.1911215057,551.1911215057,171.14463534335005,319.0737909520399,380.04648616235,0.7630677510830812
p40,2044,570.76188438277,570.76188438277,181.14667019768012,337.7211015837902,389.6152141850898,0.7590841744063461
p40,2045,590.5290041446401,590.5290041446401,191.21240257611998,356.48716680255984,399.3166015685201,0.7554019770064175
p40,2046,610.4944508742401,610.4944508742401,201.34223813356994,375.37274289177003,409.15221274067017,0.7519916987496078
p40,2047,630.66021442071,630.66021442071,211.53658510834998,394.37859095120984,419.12362931236,0.748827607482435
p40,2048,651.0283045976898,651.0283045976898,221.79585433861007,413.50547692767987,429.23245025907977,0.7458871273580352
p40,2049,671.6007513836298,671.6007513836298,232.12045927891995,432.7541716459,439.48029210470986,0.7431503692286426
p40,2050,692.3796051241102,692.3796051241102,242.51081601689998,452.12545083954,449.8687891072102,0.7405997424586706
p41,2023,0.0,0.0,0.0,0.0,0.0,
p41,2024,68.49582960583984,68.49582960583984,0.0,0.0,68.49582960583984,1.0
p41,2025,139.12829186271983,139.12829186271983,0.0,0.0,139.12829186271983,1.0
p41,2026,211.9640360705098,211.9640360705098,0.0,0.0,211.9640360705098,1.0
p41,2027,287.0717905617498,287.0717905617498,0.0,0.0,287.0717905617498,1.0
p41,2028,364.52242755426005,364.52242755426005,0.0,0.0,364.52242755426005,1.0
p41,2029,444.38903002663983,444.38903002663983,0.0,0.0,444.38903002663983,1.0
p41,2030,526.74696067993,526.74696067993,0.0,0.0,526.74696067993,1.0
p41,2031,572.1643253636498,572.1643253636498,21.25528886985012,39.6293045040602,550.9090364937997,0.9641816880331722
p41,2032,618.33933188835,618.33933188835,42.71632574040996,79.64221471780002,575.62300614794,0.9353816501720361
p41,2033,665.2846190577898,665.2846190577898,64.38510222140985,120.04244388684037,600.8995168363799,0.911761307419287
p41,2034,713.01303651328,713.01303651328,86.26362920103975,160.83374120042026,626.7494073122402,0.8920728792652225
p41,2035,761.53764825086,761.53764825086,108.35393703258978,202.01989213940033,653.1837112182702,0.8754397227589192
p41,2036,810.8717361970598,810.8717361970598,130.65807572286985,243.6047188274997,680.21366047419,0.8612278930855761
p41,2037,861.02880384442,861.02880384442,153.17811512244998,285.5920803860299,707.8506887219701,0.8489675900865613
p41,2038,912.0225799475697,912.0225799475697,175.9161451177397,327.9858732920302,736.10643482983,0.8383032600414335
p41,2039,963.8670222810301,963.8670222810301,198.87427582492,370.79003173983983,764.9927464561101,0.8289608564270688
p41,2040,1016.57632145961,1016.57632145961,222.05463778579997,414.0085280062003,794.52168367381,0.8207257487564508
p41,2041,1057.49601896096,1057.49601896096,237.45282084110977,442.7175843189598,820.0431981198503,0.8166315042396548
p41,2042,1098.93695266522,1098.93695266522,252.94906655573004,471.6094730086297,845.9878861094899,0.8128917209296264
p41,2043,1140.9057620931098,1140.9057620931098,268.5439994374501,500.68535843527025,872.3617626556597,0.809468909948354
p41,2044,1183.4091713397397,1183.4091713397397,284.23824797119005,529.9464123741,899.1709233685497,0.8063307002545327
p41,2045,1226.4539901519297,1226.4539901519297,300.0324446443601,559.3938140627397,926.4215455075696,0.8034489938429099
p41,2046,1270.0471150192197,1270.0471150192197,315.9272259723598,589.0287502487199,954.11988904686,0.8007992829349078
p41,2047,1314.1955302788301,1314.1955302788301,331.9232325241701,618.8524152373502,982.27229775466,0.7983600940438991
p41,2048,1358.90630923465,1358.90630923465,348.02110894824,648.8660109397897,1010.88520028641,0.7961125322371786
p41,2049,1404.18661529052,1404.18661529052,364.22150399841985,679.0707469215404,1039.9651112921001,0.794039905140862
p41,2050,1450.04370309788,1450.04370309788,380.52507056011973,709.4678404511596,1069.5186325377604,0.7921274108703811
p42,2023,0.0,0.0,0.0,0.0,0.0,
p42,2024,2.6398503322410534,2.6398503322410534,0.0,0.0,2.6398503322410534,1.0
p42,2025,5.294283344560029,5.294283344560029,0.0,0.0,5.294283344560029,1.0
p42,2026,7.96337959249405,7.96337959249405,0.0,0.0,7.96337959249405,1.0
p42,2027,10.647220076571045,10.647220076571045,0.0,0.0,10.647220076571045,1.0
p42,2028,13.345886244772032,13.345886244772032,0.0,0.0,13.345886244772032,1.0
p42,2029,16.059459994999997,16.059459994999997,0.0,0.0,16.059459994999997,1.0
p42,2030,18.788023677569015,18.788023677569015,0.0,0.0,18.788023677569015,1.0
p42,2031,20.23344753986305,20.23344753986305,4.99603676495002,8.029076277016998,15.23741077491303,0.8019762629869959
p42,2032,21.683077912143006,21.683077912143006,10.044304728166026,16.142092743958983,11.63877318397698,0.6834184262207331
p42,2033,23.13692703630204,23.13692703630204,15.145349942089013,24.33992695575705,7.991577094213028,0.6043769823138261
p42,2034,24.595007189862997,24.595007189862997,20.29972416788104,32.62346564176403,4.295283021981959,0.5478372727943839
p42,2035,26.057330686076,26.057330686076,25.507984935104048,40.99360480167002,0.5493457509719519,0.5053266982307223
p42,2036,27.523909874027026,27.523909874027026,30.770695602029036,49.451249802414054,-3.24678572800201,0.4721519195345134
p42,2037,28.994757138742045,28.994757138742045,36.08842541656901,57.997315476121,-7.093668277826964,0.44550306239404935
p42,2038,30.469884901286036,30.469884901286036,41.46174957785598,66.632726219049,-10.991864676569946,0.4235950583066672
p42,2039,31.949305618876053,31.949305618876053,46.89124929845508,75.35841609158501,-14.941943679579026,0.40523948179178526
p42,2040,33.433031784982006,33.433031784982006,52.377511867235,84.17532891927203,-18.944480082252994,0.3896144967975416
p42,2041,34.55269666272801,34.55269666272801,55.872300513532025,89.79176569372203,-21.319603850804015,0.38211443452275157
p42,2042,35.67481335153201,35.67481335153201,59.39012228318501,95.445218749883,-23.715308931653,0.37526784311526773
p42,2043,36.79938722030005,36.79938722030005,62.93112898073099,101.13593205117104,-26.13174176043094,0.36898823571836287
p42,2044,37.92642364969805,37.92642364969805,66.49547341120507,106.864151168896,-28.569049761507017,0.36320374095078745
p42,2045,39.05592803217297,39.05592803217297,70.08330938673697,112.63012329285505,-31.027381354564,0.35785414078224054
p42,2046,40.18790577197905,40.18790577197905,73.69479173318604,118.434097242,-33.50688596120699,0.35288860074776807
p42,2047,41.322362285206,41.322362285206,77.33007629682203,124.27632347517499,-36.00771401161603,0.3482639107888086
p42,2048,42.459302999803015,42.459302999803015,80.989319951053,130.15705410192697,-38.53001695124999,0.3439431075444701
p42,2049,43.59873335560502,43.59873335560502,84.67268060319503,136.07654289337995,-41.07394724759001,0.3398943849610066
p42,2050,44.74065880435904,44.74065880435904,88.380317201281,142.03504529319105,-43.63965839692196,0.33609022519834497
p43,2023,0.0,0.0,0.0,0.0,0.0,
p43,2024,43.89616696785015,43.89616696785015,0.0,0.0,43.89616696785015,1.0
p43,2025,88.08239968198995,88.08239968198995,0.0,0.0,88.08239968198995,1.0
p43,2026,132.56061489603053,132.56061489603053,0.0,0.0,132.56061489603053,1.0
p43,2027,177.33274202950997,177.33274202950997,0.0,0.0,177.33274202950997,1.0
p43,2028,222.40072325155052,222.40072325155052,0.0,0.0,222.40072325155052,1.0
p43,2029,267.7665135651305,267.7665135651305,0.0,0.0,267.7665135651305,1.0
p43,2030,313.4320808918701,313.4320808918701,0.0,0.0,313.4320808918701,1.0
p43,2031,337.6652044206203,337.6652044206203,69.4482194846405,111.59161481890078,268.2169849359798,0.8294130937308474
p43,2032,361.9827467942805,361.9827467942805,139.62248721346987,224.34986712110003,222.36025958081063,0.7216486636355303
p43,2033,386.3850020955206,386.3850020955206,210.5303936770406,338.2869535491991,175.85460841847998,0.6473027917054134
p43,2034,410.8722654314497,410.8722654314497,282.1796087208704,453.4151982554995,128.69265671057929,0.5928448948125166
p43,2035,435.4448329372599,435.4448329372599,354.57788237508976,569.7470542357005,80.86695056217013,0.5511801426685548
p43,2036,460.1030017797202,460.1030017797202,427.7330456927102,687.2951046757007,32.369956087009996,0.5182296923960024
p43,2037,484.8470701608403,484.8470701608403,501.6530115966998,806.0720643126006,-16.805941435859495,0.4914820374845189
p43,2038,509.67733732145007,509.67733732145007,576.3457757359001,926.0907808101001,-66.66843841445007,0.4693061604247232
p43,2039,534.5941035448004,534.5941035448004,651.8194173498605,1047.3642361478996,-117.22531380506007,0.45059677265113185
p43,2040,559.5976701602303,559.5976701602303,728.0821001427503,1169.9055480263996,-168.48442998251994,0.43457828806968174
p43,2041,578.4888867012905,578.4888867012905,776.6619766286803,1247.9652435087992,-198.1730899273898,0.42688153943228685
p43,2042,597.4296525526697,597.4296525526697,825.5620287821503,1326.5394074690994,-228.13237622948054,0.4198405798073662
p43,2043,616.4200976760403,616.4200976760403,874.7843667867501,1405.6314306175009,-258.36426911070976,0.4133706090385848
p43,2044,635.4603523739397,635.4603523739397,924.3311147336499,1485.2447260115005,-288.87076235971017,0.40740083900594104
p43,2045,654.5505472906798,654.5505472906798,974.2044107133197,1565.382729203,-319.6538634226399,0.40187171438778974
p43,2046,673.69081341326,673.69081341326,1024.4064069077103,1646.0488983869,-350.71559349445033,0.39673276968554283
p43,2047,692.8812820722105,692.8812820722105,1074.9392696832,1727.2467145494993,-382.0579876109896,0.3919409588174508
p43,2048,712.1220849425399,712.1220849425399,1125.80517968405,1808.9796816197995,-413.6830947415101,0.38745934001214194
p43,2049,731.4133540446201,731.4133540446201,1177.00633192648,1891.2513266197002,-445.59297788185995,0.38325603085174637
p43,2050,750.7552217451002,750.7552217451002,1228.5449358934502,1974.0651998170997,-477.78971414834996,0.37930337086458177
p44,2023,0.0,0.0,0.0,0.0,0.0,
p44,2024,1.2289934678570091,1.2289934678570091,0.0,0.0,1.2289934678570091,1.0
p44,2025,2.465547846972015,2.465547846972015,0.0,0.0,2.465547846972015,1.0
p44,2026,3.709709652955013,3.709709652955013,0.0,0.0,3.709709652955013,1.0
p44,2027,4.961525687581997,4.961525687581997,0.0,0.0,4.961525687581997,1.0
p44,2028,6.221043040562989,6.221043040562989,0.0,0.0,6.221043040562989,1.0
p44,2029,7.488309091307002,7.488309091307002,0.0,0.0,7.488309091307002,1.0
p44,2030,8.763371510706008,8.763371510706008,0.0,0.0,8.763371510706008,1.0
p44,2031,9.439505610921003,9.439505610921003,2.0884754384919972,3.3559029751589833,7.351030172429006,0.8188342408319329
p44,2032,10.117831986759,10.117831986759,4.198784898595989,6.746890326576022,5.919047088163012,0.706719476240851
p44,2033,10.798357746384994,10.798357746384994,6.331156644667999,10.173328844789012,4.467201101716995,0.6303948553278977
p44,2034,11.481090021011,11.481090021011,8.485821327460002,13.635589154955994,2.9952686935509973,0.5750058093932582
p44,2035,12.166035964970007,12.166035964970007,10.663012009065,17.134045756948012,1.5030239559050074,0.5329191115988389
p44,2036,12.853202755792012,12.853202755792012,12.86296418813501,20.669077065853003,-0.009761432342997978,0.49981020825606937
p44,2037,13.542597594282,13.542597594282,15.085915825343989,24.241065452909993,-1.5433182310619884,0.47304578466159575
p44,2038,14.234227704590012,14.234227704590012,17.332107369135997,27.850397286867974,-3.097879664545985,0.45093064086612195
p44,2039,14.928100334289013,14.928100334289013,19.601781781727,31.497462975779,-4.6736814474379855,0.4323241036309506
p44,2040,15.624222754453001,15.624222754453001,21.895184565389997,35.182657009227,-6.270961810936996,0.41643042549314935
p44,2041,16.149905084718995,16.149905084718995,23.356098604637992,37.53015206729799,-7.2061935199189975,0.4087962227642331
p44,2042,16.676870388194004,16.676870388194004,24.82664109833101,39.89311877436501,-8.149770710137005,0.4018182990036518
p44,2043,17.20512179608599,17.20512179608599,26.306875504779015,42.27165909951299,-9.101753708693025,0.39541098693127463
p44,2044,17.73466244724301,17.73466244724301,27.796865700528002,44.665875683875015,-10.062203253284991,0.3895029042224494
p44,2045,18.265495488176015,18.265495488176015,29.296675983111015,47.07587184506099,-11.031180494935,0.3840340952305505
p44,2046,18.79762407307399,18.79762407307399,30.806371073831997,49.501751581616986,-12.008747000758007,0.3789538325976245
p44,2047,19.331051363823008,19.331051363823008,32.326016120551,51.943619577514994,-12.994964756727995,0.374218907600021
p44,2048,19.86578053002799,19.86578053002799,33.85567670050099,54.401581206665014,-13.989896170473003,0.3697922869958674
p44,2049,20.401814749028006,20.401814749028006,35.395418823111015,56.87574253746698,-14.99360407408301,0.36564204787412885
p44,2050,20.939157205918008,20.939157205918008,36.94530893286401,59.366210337388,-16.006151726946,0.3617405256138137
p45,2023,0.0,0.0,0.0,0.0,0.0,
p45,2024,37.16810782924995,37.16810782924995,0.0,0.0,37.16810782924995,1.0
p45,2025,75.24203743161002,75.24203743161002,0.0,0.0,75.24203743161002,1.0
p45,2026,114.24386453632997,114.24386453632997,0.0,0.0,114.24386453632997,1.0
p45,2027,154.19620287892008,154.19620287892008,0.0,0.0,154.19620287892008,1.0
p45,2028,195.12221731295995,195.12221731295995,0.0,0.0,195.12221731295995,1.0
p45,2029,237.04563724128002,237.04563724128002,0.0,0.0,237.04563724128002,1.0
p45,2030,279.99077037461007,279.99077037461007,0.0,0.0,279.99077037461007,1.0
p45,2031,303.4274797360299,303.4274797360299,15.944191908070025,27.558131596640123,287.4832878279599,0.950076373943905
p45,2032,327.16848378352006,327.16848378352006,32.05507279141011,55.40437040764982,295.11341099210995,0.9107656716696313
p45,2033,351.2177333812899,351.2177333812899,48.334385304299985,83.5417284575201,302.88334807698993,0.8790285846479653
p45,2034,375.5792306902699,375.5792306902699,64.78389031968004,111.9732492600101,310.7953403705899,0.8528852957279857
p45,2035,400.25702983418,400.25702983418,81.40536711953996,140.7020081474002,318.85166271464004,0.8309908192244417
p45,2036,425.25523757419,425.25523757419,98.20061358746011,169.73111260307996,327.0546239867299,0.812399434700111
p45,2037,450.57801399229993,450.57801399229993,115.17144640301012,199.06370259772984,335.4065675892898,0.7964267675615005
p45,2038,476.22957318370004,476.22957318370004,132.3197012383,228.70295092892002,343.9098719454,0.7825653454866457
p45,2039,502.21418395801993,502.21418395801993,149.64723295651993,258.6520635643501,352.5669510015,0.7704309089731891
p45,2040,528.5361705497598,528.5361705497598,167.1559158125699,288.9142799885399,361.38025473718994,0.7597271564685991
p45,2041,548.8182229152699,548.8182229152699,178.3090724998101,308.19152912585014,370.50915041545977,0.7547759881603364
p45,2042,569.30058426195,569.30058426195,189.53573636009992,327.5958289383998,379.7648479018501,0.7502284337092227
p45,2043,589.9852328751999,589.9852328751999,200.8363918575801,347.12801677979996,389.1488410176198,0.7460408446399742
p45,2044,610.87416657828,610.87416657828,212.21152664934993,366.78893552241016,398.66263992893005,0.7421756587492265
p45,2045,631.9694029253201,631.9694029253201,223.6616316065299,386.57943359370984,408.3077713187902,0.7386003749514484
p45,2046,653.2729793961398,653.2729793961398,235.18720083539006,406.50036501291015,418.08577856074976,0.7352867285801137
p45,2047,674.7869535930599,674.7869535930599,246.7887316987501,426.55258942780983,427.99822189430984,0.7322100228581809
p45,2048,696.5134034396101,696.5134034396101,258.4667248373901,446.7369721519299,438.04667860222,0.7293485830917524
p45,2049,718.4544273812598,718.4544273812598,270.22168419164996,467.05438420176006,448.2327431896099,0.72668330808383
p45,2050,740.6121445880999,740.6121445880999,282.05411702321,487.5057023344398,458.5580275648899,0.7241972991474205
p46,2023,0.0,0.0,0.0,0.0,0.0,
p46,2024,4.882050568658997,4.882050568658997,0.0,0.0,4.882050568658997,1.0
p46,2025,9.78806855352002,9.78806855352002,0.0,0.0,9.78806855352002,1.0
p46,2026,14.718171617639996,14.718171617639996,0.0,0.0,14.718171617639996,1.0
p46,2027,19.672478001740046,19.672478001740046,0.0,0.0,19.672478001740046,1.0
p46,2028,24.651106527000024,24.651106527000024,0.0,0.0,24.651106527000024,1.0
p46,2029,29.654176597929904,29.654176597929904,0.0,0.0,29.654176597929904,1.0
p46,2030,34.68180820524992,34.68180820524992,0.0,0.0,34.68180820524992,1.0
p46,2031,37.342490185270094,37.342490185270094,10.396512816869972,18.138603308100073,26.945977368400122,0.7822218277913363
p46,2032,40.010050995179995,40.010050995179995,20.901716251480025,36.466837123399955,19.10833474369997,0.6568525722322376
p46,2033,42.684508419269946,42.684508419269946,31.516746612759903,54.9866839430199,11.167761806510043,0.5752531867667827
p46,2034,45.36588028778999,45.36588028778999,42.24275208921006,73.70014699017997,3.123128198579934,0.5178243177289904
p46,2035,48.05418447708996,48.05418447708996,53.080892873109974,92.6092504308599,-5.0267083960200125,0.4751485412988114
p46,2036,50.74943890973998,50.74943890973998,64.0323412859799,111.7160395926901,-13.282902376239917,0.4421384545805501
p46,2037,53.451661554640054,53.451661554640054,75.0982819054301,131.02258118628993,-21.646620350790045,0.41580462904865506
p46,2038,56.16087042715992,56.16087042715992,86.27991169326003,150.5309635287099,-30.119041266100112,0.3942752180318788
p46,2039,58.87708358923999,58.87708358923999,97.57844012492012,170.2432967694001,-38.701356535680134,0.376318343971075
p46,2040,61.600319149500024,61.600319149500024,108.99508932038009,190.16171311841003,-47.394770170880065,0.3610901354380591
p46,2041,63.65395001433001,63.65395001433001,116.26757682655,202.84988734194008,-52.61362681221999,0.35378729344946386
p46,2042,65.71157443534992,65.71157443534992,123.58799515739008,215.6216855872999,-57.876420722040166,0.3471300784081132
p46,2043,67.77320017853992,67.77320017853992,130.9566602108399,228.4776589958101,-63.18346003229999,0.34103179082272295
p46,2044,69.8388350250101,69.8388350250101,138.37388996687002,241.41836234119,-68.53505494185993,0.3354205898209808
p46,2045,71.90848677097995,71.90848677097995,145.84000450112,254.4443540535201,-73.93151773014006,0.3302364409088953
p46,2046,73.98216322785004,73.98216322785004,153.3553259987899,267.5561962433201,-79.37316277093987,0.3254287864246397
p46,2047,76.05987222218994,76.05987222218994,160.92017876848,280.7544547258201,-84.86030654629008,0.3209547466304852
p46,2048,78.14162159582008,78.14162159582008,168.53488925624004,294.03969904537007,-90.39326766041995,0.3167777155834839
p46,2049,80.22741920576993,80.22741920576993,176.19978605960011,307.4125025000201,-95.97236685383018,0.31286625427572945
p46,2050,82.31727292438006,82.31727292438006,183.9151999418101,320.8734421662598,-101.59792701743004,0.30919321012261775
p47,2023,0.0,0.0,0.0,0.0,0.0,
p47,2024,8.853812478110967,8.853812478110967,5.373117007356996,8.847533086059912,3.4806954707539717,0.6223277121851667
p47,2025,17.789998460116976,17.789998460116976,10.77657149429092,17.745020761590013,7.013426965826056,0.6227558467295767
p47,2026,26.80932432706993,26.80932432706993,16.21053475107294,26.692745078220014,10.598789575996989,0.6231848476856346
p47,2027,35.912563590231,35.912563590231,21.675179035106908,35.69098968007006,14.237384555124095,0.6236147130106452
p47,2028,45.100496957398946,45.100496957398946,27.170677576387902,44.740039812749956,17.929819381011043,0.6240454406384999
p47,2029,54.37391239987494,54.37391239987494,32.69720458299696,53.84018233245001,21.67670781687798,0.6244770284797316
p47,2030,63.73360522002497,63.73360522002497,38.2549352466209,62.99170571497007,25.478669973404067,0.6249094744214746
p47,2031,68.72201393609498,68.72201393609498,48.53034266365489,79.91149491190004,20.19167127244009,0.5861034773969019
p47,2032,73.734930084035,73.734930084035,58.912411805894976,97.00691645435995,14.822518278140024,0.5558719008875416
p47,2033,78.7724740658249,78.7724740658249,69.4022498531549,114.27979345731,9.370224212669996,0.531618834727148
p47,2034,83.83476687493487,83.83476687493487,80.00097547809503,131.7319679601801,3.8337913968398425,0.5117001068929723
p47,2035,88.92193009927485,88.92193009927485,90.70971896551498,149.36530112328,-1.7877888662401347,0.49502373641964587
p47,2036,94.03408592412495,94.03408592412495,101.52962233291498,167.18167342635002,-7.495536408790031,0.4808360751706082
p47,2037,99.171357135005,99.171357135005,112.46183945225505,185.18298486902995,-13.290482317250053,0.4686001947436206
p47,2038,104.33386712069489,104.33386712069489,123.50753617304497,203.37115517351003,-19.17366905235008,0.4579232115516098
p47,2039,109.52173987614503,109.52173987614503,134.66789044661493,221.74812398926997,-25.1461505704699,0.44851101879872474
p47,2040,114.73510000550493,114.73510000550493,145.94409245181498,240.3158510999001,-31.20899244631005,0.44013908023859677
p47,2041,118.68582451129498,118.68582451129498,156.37167989021498,257.48622441257,-37.685855378919996,0.431494587902774
p47,2042,122.65118571570486,122.65118571570486,166.898334444615,274.81972456304993,-44.24714872891013,0.4235931237178168
p47,2043,126.63123784496486,126.63123784496486,177.52499730045486,292.31790133506,-50.89375945549,0.4163361562666022
p47,2044,130.62603532621495,130.62603532621495,188.252618584885,309.98231923602,-57.62658325867005,0.40964182996906445
p47,2045,134.63563278824483,134.63563278824483,199.08215745173504,327.81455763694,-64.44652466349021,0.40344158065839697
p47,2046,138.660085062225,138.660085062225,210.01458216725484,345.8162109135999,-71.35449710502985,0.3976775432640365
p47,2047,142.69944718246495,142.69944718246495,221.05087019668497,363.98888858914006,-78.35142301422002,0.3923005434349195
p47,2048,146.75377438717499,146.75377438717499,232.19200829165504,382.33421547792,-85.43823390448006,0.38726852519573757
p47,2049,150.82312211920487,150.82312211920487,243.43899257842497,400.8538318308399,-92.6158704592201,0.3825453080493802
p47,2050,154.90754602680488,154.90754602680488,254.79282864693494,419.5493934819799,-99.88528262013006,0.37809959571104546
p48,2023,0.0,0.0,0.0,0.0,0.0,
p48,2024,30.708456962130185,30.708456962130185,17.869422675500118,31.821759076599847,12.839034286630067,0.6321489779134416
p48,2025,61.71487440514011,61.71487440514011,35.839738974710144,63.82318890385977,25.875135430429964,0.6326187175263535
p48,2026,93.02214340387991,93.02214340387991,53.91151855918997,96.00530393161989,39.11062484468994,0.6330893966779374
p48,2027,124.63318308498992,124.63318308498992,72.08533430692023,128.36912433748967,52.54784877806969,0.6335610126457538
p48,2028,156.55094089901013,156.55094089901013,90.36176233040987,160.91567605915043,66.18917856860025,0.6340335626780212
p48,2029,188.77839289527992,188.77839289527992,108.74138199502022,193.64599082687982,80.0370109002597,0.6345070439935808
p48,2030,221.3185439993399,221.3185439993399,127.2247759372899,226.56110619627998,94.09376806205,0.6349814537819253
p48,2031,238.6724520766602,238.6724520766602,161.3977891150298,287.4161999511598,77.27466296163038,0.5965763696038128
p48,2032,256.1152970763801,256.1152970763801,195.9255281341102,348.9029873240497,60.18976894226989,0.5665755896209628
p48,2033,273.64753479070987,273.64753479070987,230.81167515220022,411.0280254788804,42.835859638509646,0.5424572084265816
p48,2034,291.26962334773,291.26962334773,266.0599505488399,473.79793964489,25.209672798890097,0.5226164858098563
p48,2035,308.98202322342013,308.98202322342013,301.6741133221999,537.2194238231205,7.307909901220228,0.5059836538633344
p48,2036,326.78519725362,326.78519725362,337.6579614899201,601.29924150027,-10.8727642363001,0.49181813817087044
p48,2037,344.6796106461602,344.6796106461602,374.0153324942098,666.0442263700397,-29.335721848049616,0.47959097797469824
p48,2038,362.6657309930001,362.6657309930001,410.7501036110202,731.4612830618398,-48.0843726180201,0.46891428228732945
p48,2039,380.74402828249004,380.74402828249004,447.86619236357,797.5573878771502,-67.12216408107997,0.45949714207679854
p48,2040,398.91497491159,398.91497491159,485.3675569400998,864.3395895335098,-86.45258202850982,0.45111710402812216
p48,2041,412.69116274815997,412.69116274815997,520.0466765586402,926.0959545559999,-107.35551381048026,0.4424513999076817
p48,2042,426.52060373864015,426.52060373864015,555.0552645595999,988.4390348674797,-128.53466082095974,0.4345263748976426
p48,2043,440.40350373813,440.40350373813,590.3964510517299,1051.3744045465,-149.99294731359987,0.4272443956673545
p48,2044,454.34006939744995,454.34006939744995,626.0733958812898,1114.9076906280798,-171.73332648383985,0.4205242566837439
p48,2045,468.3305081663002,468.3305081663002,662.0892889146198,1179.0445736067604,-193.75878074831962,0.4142978647186371
p48,2046,482.3750282962501,482.3750282962501,698.4473503233398,1243.7907879445202,-216.07232202708974,0.4085076951710199
p48,2047,496.4738388439,496.4738388439,735.15083087222,1309.1521225835304,-238.67699202832,0.4031048184170697
p48,2048,510.62714967400007,510.62714967400007,772.20301220992,1375.1344214636601,-261.5758625359199,0.3980473525225745
p48,2049,524.8351714625201,524.8351714625201,809.6072071622998,1441.7435840450798,-284.77203569977974,0.393299238595358
p48,2050,539.09811569983,539.09811569983,847.3667600286699,1508.98556583564,-308.26864432883986,0.38882926292421793
p49,2023,0.0,0.0,0.0,0.0,0.0,
p49,2024,0.6813401093069018,0.6813401093069018,0.552202849851497,1.0388934829830134,0.12913725945540477,0.5523440462679591
p49,2025,1.367426816778604,1.367426816778604,1.1075235254747042,2.0836527250370125,0.25990329130389966,0.5525067688968806
p49,2026,2.0582931898857026,2.0582931898857026,1.6659796306134922,3.134310845176998,0.39231355927221045,0.5526698201475511
p49,2027,2.753972526465205,2.753972526465205,2.227588868405192,4.190901149414003,0.5263836580600127,0.5528331999081693
p49,2028,3.4544983563271927,3.4544983563271927,2.7923690419421945,5.253457131809995,0.6621293143849982,0.5529969080637467
p49,2029,4.159904442867202,4.159904442867202,3.3603380548362054,6.322012475539992,0.7995663880309962,0.5531609444958174
p49,2030,4.870224784695196,4.870224784695196,3.9315139117841937,7.396601053958989,0.9387108729110025,0.5533253090827656
p49,2031,5.247384724062201,5.247384724062201,4.9875320947681985,9.383353582507993,0.2598526292940022,0.5126944182299518
p49,2032,5.625930143632203,5.625930143632203,6.054512054417202,11.390729181622987,-0.42858191078499885,0.48165386620137673
p49,2033,6.0058661329031935,6.0058661329031935,7.132567577170192,13.418941924790005,-1.126701444266999,0.45712192681677327
p49,2034,6.387197800072201,6.387197800072201,8.221813630601204,15.46820810764001,-1.8346158305290032,0.43720944640110954
p49,2035,6.769930272099202,6.769930272099202,9.322366375681199,17.538746271017004,-2.5524361035819965,0.4206938524858087
p49,2036,7.1540686947771945,7.1540686947771945,10.4343431791672,19.63077722428099,-3.280274484390006,0.40674898598294057
p49,2037,7.539618232805196,7.539618232805196,11.557862626115195,21.744524068858993,-4.018244393309999,0.39479648067213313
p49,2038,7.926584069852197,7.926584069852197,12.693044532532198,23.88021222203301,-4.766460462680001,0.3844193424965758
p49,2039,8.314971408627201,8.314971408627201,13.840009958147192,26.038069440985993,-5.525038549519991,0.3753093388332559
p49,2040,8.704785470956196,8.704785470956196,14.998881219325199,28.218325847084003,-6.294095748369003,0.3672337104927819
p49,2041,8.999423382829193,8.999423382829193,16.0705391587812,30.234502419855005,-7.071115775952009,0.35897235059255517
p49,2042,9.294876378167203,9.294876378167203,17.152378366150202,32.269833643651,-7.8575019879829995,0.35144957266932775
p49,2043,9.591146711809202,9.591146711809202,18.2444955683942,34.324501496904986,-8.653348856584998,0.3445635137591342
p49,2044,9.8882366448302,9.8882366448302,19.346988411427205,36.398689686935,-9.458751766597004,0.3382302214469786
p49,2045,10.186148444563202,10.186148444563202,20.4599554688472,38.49258366636701,-10.273807024283997,0.33237988337257623
p49,2046,10.484884384613196,10.484884384613196,21.583496250749192,40.60637064971499,-11.098611866135997,0.32695397076119653
p49,2047,10.784446744872199,10.784446744872199,22.717711212621197,42.740239630122005,-11.933264467748998,0.321903047515781
p49,2048,11.0848378115422,11.0848378115422,23.862701764326204,44.89438139625901,-12.777863952784003,0.31718507071085433
p49,2049,11.386059877148199,11.386059877148199,25.018570279173204,47.06898854937799,-13.632510402025005,0.3127640585347656
p49,2050,11.688115240557195,11.688115240557195,26.185420103063194,49.264255520538995,-14.497304862505999,0.30860903621784547
p5,2023,0.0,0.0,0.0,0.0,0.0,
p5,2024,239.31899230179988,239.31899230179988,35.26859983159011,55.90443809273984,204.05039247020977,0.8715579259879405
p5,2025,490.9244435151004,490.9244435151004,70.80403837692029,112.23184359629977,420.1204051381801,0.873953269845892
p5,2026,755.4471312941705,755.4471312941705,106.60833451115013,168.98541663997003,648.8387967830204,0.8763323953737037
p5,2027,1033.5502169484598,1033.5502169484598,142.68352238398984,226.1683815649103,890.86669456447,0.8786945845772395
p5,2028,1325.93090799542,1325.93090799542,179.03165153538066,283.7839871073402,1146.8992564600394,0.8810391325673929
p5,2029,1633.3222060673806,1633.3222060673806,215.6547870118302,341.83550658308013,1417.6674190555505,0.8833653486122142
p5,2030,1956.4947445548705,1956.4947445548705,252.55500948381996,400.32623807353957,1703.9397350710506,0.8856725571607942
p5,2031,2140.11253710032,2140.11253710032,336.2323512908806,532.9636208206803,1803.8801858094394,0.8642223250617891
p5,2032,2328.8248319245404,2328.8248319245404,421.3345587760905,667.8595654465098,1907.49027314845,0.8467963128970677
p5,2033,2522.7729767319406,2522.7729767319406,507.88589468676037,805.0525309559907,2014.8870820451803,0.8324173335783547
p5,2034,2722.10224093952,2722.10224093952,595.9110349185803,944.5816312376392,2126.1912060209397,0.8204012505753261
p5,2035,2926.96192448528,2926.96192448528,685.4350755507003,1086.4866462149494,2241.52684893458,0.8102547766638404
p5,2036,3137.50546965568,3137.50546965568,776.4835400006805,1230.8080331877409,2361.0219296549994,0.8016132548954567
p5,2037,3353.8905760156504,3353.8905760156504,869.0823863012401,1377.5869383665304,2484.80818971441,0.794201290404562
p5,2038,3576.2793185274295,3576.2793185274295,963.2580145009406,1526.8652086033908,2613.021304026489,0.7878070067862308
p5,2039,3804.8382689465707,3804.8382689465707,1059.0372741908704,1678.685403322561,2745.8009947557002,0.7822647259786301
p5,2040,4039.7386205861494,4039.7386205861494,1156.4474721594606,1833.0908066541706,2883.291148426689,0.7774430223401784
p5,2041,4226.13137802034,4226.13137802034,1208.70817647067,1915.9295165207404,3017.42320154967,0.7776000258421852
p5,2042,4416.516920814251,4416.516920814251,1261.4383198074402,1999.5123365892396,3155.0786010068105,0.7778358112471977
p5,2043,4610.98077983909,4610.98077983909,1314.64211897092,2083.8459509327804,3296.3386608681703,0.778142797572399
p5,2044,4809.610318153171,4809.610318153171,1368.3238286402802,2168.93710366507,3441.2864895128905,0.7785143389153015
p5,2045,5012.49477024989,5012.49477024989,1422.48774171294,2254.7925994797606,3590.00702853695,0.7789445831331334
p5,2046,5219.725282146341,5219.725282146341,1477.1381896478506,2341.419304194629,3742.58709249849,0.7794283553981275
p5,2047,5431.394952330771,5431.394952330771,1532.2795428118907,2428.8241453005794,3899.1154095188804,0.7799610616664099
p5,2048,5647.598873587271,5647.598873587271,1587.9162108293804,2517.0141125156897,4059.6826627578903,0.780538608198147
p5,2049,5868.434175715971,5868.434175715971,1644.0526429347,2605.99625834413,4224.381532781271,0.7811573340996569
p5,2050,6094.000069169071,6094.000069169071,1700.6933283280905,2695.7776986402005,4393.306740840981,0.7818139544944546
p50,2023,0.0,0.0,0.0,0.0,0.0,
p50,2024,63.449715154570185,63.449715154570185,28.731661711310153,54.11844583909988,34.71805344326003,0.6883138146969382
p50,2025,127.69056751302014,127.69056751302014,57.625546988419956,108.54245309500948,70.06502052460019,0.6890418993326555
p50,2026,192.73242154951004,192.73242154951004,86.68257177158011,163.2737470164302,106.04984977792992,0.689771222577277
p50,2027,258.5852647356396,258.5852647356396,115.90365717257009,218.31406259313007,142.68160756306952,0.6905017735051211
p50,2028,325.25920907406,325.25920907406,145.28972950394018,273.6651446108808,179.9694795701198,0.6912335410998779
p50,2029,392.7644926512303,392.7644926512303,174.84172030832997,329.32874770680974,217.92277234290032,0.6919665142552153
p50,2030,461.1114812095302,461.1114812095302,204.56056638801965,385.30663642500076,256.55091482151056,0.692700681775221
p50,2031,497.72244433867945,497.72244433867945,259.5062393461603,488.8013265669997,238.21620499251912,0.6572947579278873
p50,2032,534.5749220944999,534.5749220944999,315.02226441129005,593.3703217709008,219.55265768320987,0.6292098544877383
p50,2033,571.6705076968901,571.6705076968901,371.1145620046,699.0247736365,200.55594569229015,0.6063635563065245
p50,2034,609.0108048758802,609.0108048758802,427.78911400295965,805.7759495203009,181.2216908729206,0.5873947265875983
p50,2035,646.5974279409602,646.5974279409602,485.0519643768803,913.6352337374992,161.5454635640799,0.5713761102425916
p50,2036,684.4320018508597,684.4320018508597,542.90921983503,1022.6141287757,141.52278201582976,0.5576542120134418
p50,2037,722.5161622838095,722.5161622838095,601.36705047552,1132.7242565218003,121.14911180828949,0.5457552111246211
p50,2038,760.8515557082901,760.8515557082901,660.4316904438601,1243.9773595009992,100.41986526442997,0.5353271825078841
p50,2039,799.4398394541295,799.4398394541295,720.1094385978095,1356.3853021296,79.33040085632001,0.5261032669365029
p50,2040,838.2826817842497,838.2826817842497,780.4066591791197,1469.9600719799,57.87602260512995,0.5178774336558876
p50,2041,867.8216361626601,867.8216361626601,836.16608417116,1574.9875309473991,31.655551991500033,0.5092886678741143
p50,2042,897.5078068684697,897.5078068684697,892.4552506260698,1681.0128014913007,5.052556242399987,0.5014113576873124
p50,2043,927.3419275988499,927.3419275988499,949.2791913435403,1788.0453633034995,-21.937263744690426,0.4941551164688337
p50,2044,957.3247357075597,957.3247357075597,1006.6429869372996,1896.0947861374007,-49.31825122973987,0.48744423071186643
p50,2045,987.45697222319,987.45697222319,1064.5517662893599,2005.1707306637,-77.09479406616992,0.4812147987922181
p50,2046,1017.73938186747,1017.73938186747,1123.0107070085996,2115.2829493342997,-105.27132514112964,0.4754125141257383
p50,2047,1048.17271307369,1048.17271307369,1182.02503589366,2226.4412872538996,-133.85232281997014,0.46999092953036387
p50,2048,1078.7577180051603,1078.7577180051603,1241.6000294003197,2338.6556830605005,-162.8423113951594,0.4649100851846569
p50,2049,1109.4951525738397,1109.4951525738397,1301.7410141132195,2451.9361698141,-192.2458615393798,0.4601354143166495
p50,2050,1140.3857764590102,1140.3857764590102,1362.4533672221096,2566.2928758932994,-222.06759076309936,0.4556368631752164
p51,2023,0.0,0.0,0.0,0.0,0.0,
p51,2024,32.26247689210004,32.26247689210004,16.046042831859722,30.223895730489858,16.216434060240317,0.6678423821812676
p51,2025,64.89120634064966,64.89120634064966,32.18268419265996,60.61844041914992,32.7085221479897,0.6684722944980052
p51,2026,97.89034614593993,97.89034614593993,48.410435616209725,91.18459757736036,49.479910529730205,0.6691033702409492
p51,2027,131.26410130872,131.26410130872,64.72981152453985,121.92333615660027,66.53428978418015,0.6697356025561457
p51,2028,165.01672456610004,165.01672456610004,81.1413292441498,152.8356305792404,83.87539532195024,0.6703689845277322
p51,2029,199.15251693341997,199.15251693341997,97.64550902248993,183.92246076939045,101.50700791093004,0.6710035091776675
p51,2030,233.67582825234967,233.67582825234967,114.24287404437973,215.18481218394027,119.43295420796994,0.6716391694662467
p51,2031,252.13589043245975,252.13589043245975,144.92890364371988,272.9841941693703,107.20698678873987,0.6349993607947164
p51,2032,270.7067512389899,270.7067512389899,175.93346317808982,331.3835505936204,94.77328806090009,0.6060957847073745
p51,2033,289.3890756932997,289.3890756932997,207.25985908107987,390.38910936629964,82.1292166122198,0.5826833713531772
p51,2034,308.18353280824977,308.18353280824977,238.91143210805967,450.00716304456,69.2721007001901,0.5633090278127371
p51,2035,327.09079561218005,327.09079561218005,270.89155769238005,510.2440695041096,56.1992379198,0.5469907160380508
p51,2036,346.11154117295973,346.11154117295973,303.20364630540007,571.10625261727,42.90789486755966,0.5330408834530685
p51,2037,365.24645062231,365.24645062231,335.8511438201599,632.6002029380497,29.395306802150117,0.5209637766804249
p51,2038,384.4962091801199,384.4962091801199,368.83753187883985,694.7324783942604,15.658677301280022,0.5103929217874064
p51,2039,403.8615061790497,403.8615061790497,402.1663282641298,757.50970498694,1.6951779149198956,0.5010515628880801
p51,2040,423.3430350891599,423.3430350891599,435.84108727427974,820.9385774969596,-12.498052185119832,0.49272679053312796
p51,2041,438.13989241005993,438.13989241005993,466.9815806676597,879.5939752906797,-28.8416882575998,0.4840675041331589
p51,2042,453.00380274072995,453.00380274072995,498.41792378558966,938.8066276872996,-45.41412104485971,0.47613354846821265
p51,2043,467.93506993664005,467.93506993664005,530.1529273432998,998.5818288746304,-62.21785740665973,0.46883147699590605
p51,2044,482.9339992302098,482.9339992302098,562.1894287591899,1058.9249233378496,-79.25542952898013,0.462083220313293
p51,2045,498.0008972370497,498.0008972370497,594.5302924085099,1119.84130633729,-96.52939517146024,0.4558230483091396
p51,2046,513.1360719621998,513.1360719621998,627.1784098794401,1181.33642439088,-114.04233791724027,0.44999522511848716
p51,2047,528.33983280646,528.33983280646,660.1367002316597,1243.4157757611101,-131.7968674251997,0.44455217929785895
p51,2048,543.6124905726997,543.6124905726997,693.40811025731,1306.0849109465898,-149.7956196846103,0.4394530618228584
p51,2049,558.9543574722097,558.9543574722097,726.9956147445,1369.3494331783704,-168.0412572722903,0.4346625992834612
p51,2050,574.3657471310999,574.3657471310999,760.9022167432499,1433.2149989209001,-186.53646961215009,0.4301501741002964
p52,2023,0.0,0.0,0.0,0.0,0.0,
p52,2024,0.22420597455499092,0.22420597455499092,0.0,0.0,0.22420597455499092,1.0
p52,2025,0.4486681794309959,0.4486681794309959,0.0,0.0,0.4486681794309959,1.0
p52,2026,0.6733869074570009,0.6733869074570009,0.0,0.0,0.6733869074570009,1.0
p52,2027,0.8983624517959754,0.8983624517959754,0.0,0.0,0.8983624517959754,1.0
p52,2028,1.1235951059469755,1.1235951059469755,0.0,0.0,1.1235951059469755,1.0
p52,2029,1.3490851637429842,1.3490851637429842,0.0,0.0,1.3490851637429842,1.0
p52,2030,1.574832919354975,1.574832919354975,0.0,0.0,1.574832919354975,1.0
p52,2031,1.693572178156984,1.693572178156984,1.9013059115139868,3.576140083365999,-0.20773373335700285,0.47110698496927106
p52,2032,1.8123827308819784,1.8123827308819784,3.8210382086119807,7.186938101407975,-2.0086554777300023,0.3217197419379745
p52,2033,1.9312646203389932,1.9312646203389932,5.759375469443,10.832729939303022,-3.8281108491040072,0.2511188402776678
p52,2034,2.0502178893589758,2.0502178893589758,7.716498002829979,14.513854737433007,-5.666280113471004,0.20991886238839622
p52,2035,2.169242580799988,2.169242580799988,9.692587865050996,18.230654922941028,-7.523345284251008,0.18287587153623017
p52,2036,2.2883387375469795,2.2883387375469795,11.687828876769998,21.98347624157998,-9.399490139223019,0.1637314892533801
p52,2037,2.407506402507977,2.407506402507977,13.70240664013599,25.77266778987598,-11.294900237628013,0.14944254485639705
p52,2038,2.526745618619998,2.526745618619998,15.736508556052001,29.598582047600985,-13.209762937432004,0.13835133621061688
p52,2039,2.6460564288420017,2.6460564288420017,17.790323841601975,33.461574910563,-15.144267412759973,0.12947774477796584
p52,2040,2.765438876161994,2.765438876161994,19.86404354765699,37.362005723713025,-17.098604671494996,0.12220513153456802
p52,2041,2.855089912459988,2.855089912459988,21.354681797881,40.16572666316898,-18.49959188542101,0.11793130255914235
p52,2042,2.944781347483996,2.944781347483996,22.85560480311699,42.98879205657403,-19.910823455632993,0.11413710361910229
p52,2043,3.0345131994359917,3.0345131994359917,24.366883523697993,45.83133537223898,-21.332370324262,0.11074301175582282
p52,2044,3.1242854865309937,3.1242854865309937,25.888589409551997,48.693490999349024,-22.764303923021004,0.10768617373222815
p52,2045,3.214098226988,3.214098226988,27.420794403579976,51.57539425431497,-24.206696176591976,0.10491625564833618
p52,2046,3.303951439038002,3.303951439038002,28.963570945057,54.477181387171015,-25.659619506019,0.10239247376075437
p52,2047,3.3938451409169943,3.3938451409169943,30.516991973059987,57.39898958802098,-27.123146832142993,0.10008143206580287
p52,2048,3.4837793508719983,3.4837793508719983,32.081130929910984,60.34095699351599,-28.597351579038985,0.09795552198410609
p52,2049,3.573754087154981,3.573754087154981,33.656061764654,63.30322269339399,-30.082307677499017,0.09599172075897695
p52,2050,3.663769368029989,3.663769368029989,35.241858936546976,66.28592673704901,-31.578089568516987,0.09417067729501166
p53,2023,0.0,0.0,0.0,0.0,0.0,
p53,2024,5.593077033000554,5.593077033000554,0.0,0.0,5.593077033000554,1.0
p53,2025,11.192864809259845,11.192864809259845,0.0,0.0,11.192864809259845,1.0
p53,2026,16.79937138054993,16.79937138054993,0.0,0.0,16.79937138054993,1.0
p53,2027,22.41260480826986,22.41260480826986,0.0,0.0,22.41260480826986,1.0
p53,2028,28.03257316351028,28.03257316351028,0.0,0.0,28.03257316351028,1.0
p53,2029,33.659284527039745,33.659284527039745,0.0,0.0,33.659284527039745,1.0
p53,2030,39.292746989330226,39.292746989330226,0.0,0.0,39.292746989330226,1.0
p53,2031,42.25612267424003,42.25612267424003,45.17718159384003,84.94544127560948,-2.9210589196,0.4832955019597354
p53,2032,45.22136644607053,45.22136644607053,90.79219497617032,170.71412590472028,-45.57082853009979,0.3324768940185693
p53,2033,48.188479482440016,48.188479482440016,136.84928336597022,257.31403229807074,-88.6608038835302,0.2604251085867148
p53,2034,51.157462961709825,51.157462961709825,183.35273110513026,344.75321618861926,-132.19526814342044,0.21814600923970465
p53,2035,54.12831806298982,54.12831806298982,230.30686405695997,433.0398113809697,-176.17854599397015,0.19030106493704863
p53,2036,57.101045966150195,57.101045966150195,277.7160500086002,522.182030508,-220.61500404244998,0.1705439974619945
p53,2037,60.07564785178056,60.07564785178056,325.5846990773198,612.1881657947506,-265.5090512255392,0.15577346317853322
p53,2038,63.052124901229945,63.052124901229945,373.9172641207506,703.0665898298703,-310.86513921952064,0.14429414619260272
p53,2039,66.03047829657044,66.03047829657044,422.7182411511303,794.8257563444095,-356.6877628545599,0.13510107682980052
p53,2040,69.01070922064991,69.01070922064991,471.9921697535101,887.4742009982092,-402.9814605328602,0.1275607060566975
p53,2041,71.24887552810014,71.24887552810014,507.4114226539905,954.0720710099595,-436.16254712589034,0.12312729204324956
p53,2042,73.48810077583039,73.48810077583039,543.07505298055,1021.1294373329802,-469.58695220471964,0.11918990022045232
p53,2043,75.72838546485036,75.72838546485036,578.98474683105,1088.6494702918098,-503.2563613661996,0.11566651366727833
p53,2044,77.96973009640988,77.96973009640988,615.1422019366901,1156.6353620848095,-537.1724718402802,0.11249226350454228
p53,2045,80.21213517199976,80.21213517199976,651.5491277422698,1225.0903269351402,-571.33699257027,0.10961516991559735
p53,2046,82.45560119335005,82.45560119335005,688.2072454870104,1294.0176012427,-605.7516442936603,0.10699309243792997
p53,2047,84.70012866240995,84.70012866240995,725.1182882859603,1363.4204437371009,-640.4181596235503,0.10459150704621477
p53,2048,86.94571808139972,86.94571808139972,762.2840012118804,1433.3021356319005,-675.3382831304807,0.10238185982675573
p53,2049,89.19236995274059,89.19236995274059,799.7061413777701,1503.6659807794003,-710.5137714250295,0.1003403299879946
p53,2050,91.4400847791203,91.4400847791203,837.3864780199701,1574.5153058272008,-745.9463932408498,0.09844688819359187
p54,2023,0.0,0.0,0.0,0.0,0.0,
p54,2024,10.48405840353007,10.48405840353007,0.0,0.0,10.48405840353007,1.0
p54,2025,21.011535724100213,21.011535724100213,0.0,0.0,21.011535724100213,1.0
p54,2026,31.582611777810143,31.582611777810143,0.0,0.0,31.582611777810143,1.0
p54,2027,42.197467125430194,42.197467125430194,0.0,0.0,42.197467125430194,1.0
p54,2028,52.85628307552042,52.85628307552042,0.0,0.0,52.85628307552042,1.0
p54,2029,63.55924168752017,63.55924168752017,0.0,0.0,63.55924168752017,1.0
p54,2030,74.30652577485034,74.30652577485034,0.0,0.0,74.30652577485034,1.0
p54,2031,79.98704761441013,79.98704761441013,24.533981444340043,45.06517991232977,55.45306617007009,0.7652722933817486
p54,2032,85.67995264040019,85.67995264040019,49.305732412920406,90.56710615595966,36.37422022747978,0.6347336208765827
p54,2033,91.38526784740998,91.38526784740998,74.31755723401011,136.5100114302304,17.067710613399868,0.5515009644676047
p54,2034,97.10302028886008,97.10302028886008,99.5717825681104,182.89816945545044,-2.4687622792503134,0.49372374538225494
p54,2035,102.83323707714999,102.83323707714999,125.07075762441036,229.7358953703997,-22.237520547260374,0.45121296452837445
p54,2036,108.57594538379999,108.57594538379999,150.81685437931037,277.02754613372963,-42.24090899551038,0.41857732937443376
p54,2037,114.33117243953029,114.33117243953029,176.81246779706998,324.7775209293304,-62.48129535753969,0.39269678824726556
p54,2038,120.0989455344502,120.0989455344502,203.06001605259007,372.99026157545995,-82.96107051813988,0.37164046122886957
p54,2039,125.8792920181404,125.8792920181404,229.5619407563704,421.67025293798997,-103.68264873823,0.35414937945029373
p54,2040,131.67223929982038,131.67223929982038,256.32070718161003,470.8220233476004,-124.64846788178966,0.33936761091640694
p54,2041,136.03705083499017,136.03705083499017,275.55553464927016,506.1534660805801,-139.51848381428,0.3305138518832535
p54,2042,140.4090160564101,140.4090160564101,294.9230740530302,541.7286803877196,-154.51405799662007,0.3225331172372613
p54,2043,144.78814668860014,144.78814668860014,314.42424104748034,577.5493481867597,-169.6360943588802,0.3152966918039961
p54,2044,149.17445447525006,149.17445447525006,334.0599576048303,613.6171629999299,-184.88550312958023,0.3086999823401013
p54,2045,153.56795117935008,153.56795117935008,353.83115205847025,649.9338300340496,-200.26320087912018,0.30265711980845195
p54,2046,157.96864858312028,157.96864858312028,373.7387591469301,686.5010662611003,-215.7701105638098,0.29709694897333744
p54,2047,162.37655848812028,162.37655848812028,393.7837200579902,723.3206004994499,-231.4071615698699,0.2919600064078612
p54,2048,166.79169271523006,166.79169271523006,413.96698247324,760.3941734955297,-247.17528975800997,0.28719621391983885
p54,2049,171.21406310474003,171.21406310474003,434.28950061286014,797.7235380061802,-263.0754375081201,0.2827630973029125
p54,2050,175.64368151630015,175.64368151630015,454.75223528071,835.3104588815104,-279.10855376440986,0.2786243959331641
p55,2023,0.0,0.0,0.0,0.0,0.0,
p55,2024,6.286482834250137,6.286482834250137,0.0,0.0,6.286482834250137,1.0
p55,2025,12.605915728709988,12.605915728709988,0.0,0.0,12.605915728709988,1.0
p55,2026,18.958471388290036,18.958471388290036,0.0,0.0,18.958471388290036,1.0
p55,2027,25.34432342311993,25.34432342311993,0.0,0.0,25.34432342311993,1.0
p55,2028,31.76364635329992,31.76364635329992,0.0,0.0,31.76364635329992,1.0
p55,2029,38.21661561363999,38.21661561363999,0.0,0.0,38.21661561363999,1.0
p55,2030,44.70340755850998,44.70340755850998,0.0,0.0,44.70340755850998,1.0
p55,2031,48.13813865525003,48.13813865525003,11.623780810379913,21.350234698250006,36.51435784487012,0.8054985362867245
p55,2032,51.58235248716005,51.58235248716005,23.360212754829945,42.907383841200044,28.222139732330106,0.6882917914619059
p55,2033,55.03607523452001,55.03607523452001,35.210387584690125,64.67345272706007,19.825687649829888,0.60984190975743
p55,2034,58.49933314989994,58.49933314989994,47.17540763190004,86.65046608825014,11.323925517999896,0.553579149729744
p55,2035,61.97215255834999,61.97215255834999,59.25638591160009,108.84046827978,2.7157666467498984,0.5112010203250247
p55,2036,65.4545598576201,65.4545598576201,71.45444622563991,131.2455234693798,-5.999886368019816,0.47808805081686506
p55,2037,68.94658151829003,68.94658151829003,83.77072326714006,153.86771582952997,-14.824141748850025,0.451465415888271
p55,2038,72.44824408407999,72.44824408407999,96.20636272598995,176.70914973133995,-23.75811864190996,0.42956575841220535
p55,2039,75.95957417193995,75.95957417193995,108.76252139549001,199.77194994030015,-32.80294722355006,0.41121000678671965
p55,2040,79.48059847235004,79.48059847235004,121.44036727993011,223.05826181393013,-41.959768807580076,0.39558140771801487
p55,2041,82.13683489463006,82.13683489463006,130.5534995661401,239.7970076936599,-48.416664671510034,0.3861803833393278
p55,2042,84.79858837995994,84.79858837995994,139.72950849793006,256.65124363315,-54.93092011797012,0.37767473006319474
p55,2043,87.46587038740995,87.46587038740995,148.96882789679012,273.6217664635301,-61.50295750938017,0.369936692973355
p55,2044,90.13869239984001,90.13869239984001,158.27189457738996,290.7093785137299,-68.13320217754995,0.3628617181605967
p55,2045,92.81706592396995,92.81706592396995,167.63914836821004,307.91488764839005,-74.8220824442401,0.3563634147728481
p55,2046,95.50100249040997,95.50100249040997,177.07103213237997,325.23910730606985,-81.57002964197,0.35036977517731405
p55,2047,98.19051365372002,98.19051365372002,186.56799178858,342.68285653769,-88.37747813485998,0.3448203013328996
p55,2048,100.88561099248,100.88561099248,196.13047633212,360.24696004530006,-95.24486533964,0.3396637936389793
p55,2049,103.58630610930004,103.58630610930004,205.75893785621997,377.93224822099,-102.17263174691993,0.3348566306739337
p55,2050,106.29261063087006,106.29261063087006,215.45383157332003,395.73955718622983,-109.16122094244997,0.3303614172162735
p56,2023,0.0,0.0,0.0,0.0,0.0,
p56,2024,0.4651813284799573,0.4651813284799573,9.384093806969986,16.277879953479896,-8.918912478490029,0.047230006480949674
p56,2025,0.9304928553001446,0.9304928553001446,18.82117171122013,32.64766742544998,-17.890678855919987,0.047109591810168785
p56,2026,1.3959346168901448,1.3959346168901448,28.311532869450048,49.10988134047011,-26.915598252559903,0.046989350995065814
p56,2027,1.86150664969,1.86150664969,37.855478127459946,65.66504355305005,-35.993971477769946,0.04686928426553079
p56,2028,2.3272089901799973,2.3272089901799973,47.45331002966009,82.31367886418002,-45.12610103948009,0.04674939185050452
p56,2029,2.7930416748199605,2.7930416748199605,57.10533282867004,99.05631503794984,-54.31229115385008,0.04662967397649869
p56,2030,3.2590047400899493,3.2590047400899493,66.81185249498003,115.89348281829007,-63.55284775489008,0.04651013086876922
p56,2031,3.503747454260065,3.503747454260065,84.75774627959004,147.02287162157018,-81.25399882532997,0.03969735052100422
p56,2032,3.748526137530007,3.748526137530007,102.88992367454011,178.47539255770016,-99.1413975370101,0.03515173133270474
p56,2033,3.9933407952000834,3.9933407952000834,121.21031835804001,210.25439983243996,-117.21697756283993,0.031894761081323726
p56,2034,4.238191432550138,4.238191432550138,139.7208840804301,242.36328246916992,-135.48269264787996,0.029440251803839884
p56,2035,4.483078054860016,4.483078054860016,158.42359487252997,274.8054646703399,-153.94051681766996,0.027519302765812378
p56,2036,4.728000667430024,4.728000667430024,177.32044525620995,307.5844061826301,-172.59244458877993,0.02597111248844815
p56,2037,4.972959275540006,4.972959275540006,196.41345045702997,340.7036026658702,-191.44049118148996,0.024693619009067302
p56,2038,5.2179538844900435,5.2179538844900435,215.70464661920005,374.16658606588,-210.48669273471,0.023618922973898667
p56,2039,5.462984499569984,5.462984499569984,235.1960910226701,407.9769249911001,-229.7331065231001,0.02270009758707451
p56,2040,5.708051126060127,5.708051126060127,254.88986230259002,442.13822509317015,-249.1818111765299,0.02190367164095867
p56,2041,5.891908492729954,5.891908492729954,273.10153693546,473.7286438937099,-267.20962844273004,0.021118447724416057
p56,2042,6.075786128470099,6.075786128470099,291.48623127148994,505.61918692741983,-285.41044514301984,0.020418554026347704
p56,2043,6.259684035519967,6.259684035519967,310.0455890814401,537.81270551944,-303.7859050459201,0.01979000847451989
p56,2044,6.443602216120098,6.443602216120098,328.7812697526201,570.3120780838799,-322.3376675365,0.0192217307095309
p56,2045,6.627540672490113,6.627540672490113,347.69494843737994,603.1202103811702,-341.0674077648898,0.018704826467944045
p56,2046,6.811499406890107,6.811499406890107,366.78831620279016,636.2400357778702,-359.97681679590005,0.018232073792045028
p56,2047,6.9954784215301515,6.9954784215301515,386.06308018189,669.6745155089302,-379.0676017603598,0.01779754763866699
p56,2048,7.1794777186601095,7.1794777186601095,405.5209637262999,703.4266389424702,-398.3414860076398,0.017396341262740336
p56,2049,7.363497300510062,7.363497300510062,425.1637065603202,737.4994238470499,-417.8002092598101,0.017024356467713272
p56,2050,7.5475371693300985,7.5475371693300985,444.99306493645986,771.89591666149,-437.44552776712976,0.016678143649894464
p57,2023,0.0,0.0,0.0,0.0,0.0,
p57,2024,18.45389331425008,18.45389331425008,5.794876429490159,10.321180907030111,12.659016884759922,0.7610238997388272
p57,2025,37.23959323627014,37.23959323627014,11.62247165984013,20.700636855259972,25.61712157643001,0.7621371162976505
p57,2026,56.36306574966011,56.36306574966011,17.482970426640122,31.13869687491001,38.88009532301999,0.7632510648926202
p57,2027,75.83038410823019,75.83038410823019,23.37655850852002,41.63569185396,52.45382559971017,0.7643656996987921
p57,2028,95.64773076472011,95.64773076472011,29.303422733060188,52.19195454864007,66.34430803165992,0.765480974662785
p57,2029,115.82139933426015,115.82139933426015,35.2637509827,62.807819593949944,80.55764835156015,0.7665968435102953
p57,2030,136.35779659309014,136.35779659309014,41.25773220068004,73.48362351433002,95.1000643924101,0.7677132597534054
p57,2031,147.45444514299015,147.45444514299015,52.33970122590017,93.22157798273997,95.11474391708998,0.7380318584045868
p57,2032,158.6569988370702,158.6569988370702,63.53670432101012,113.16441817395003,95.12029451606008,0.7140481326970515
p57,2033,169.9664684218901,169.9664684218901,74.84993557320013,133.31427086150006,95.11653284868999,0.6942609467676797
p57,2034,181.3838742905,181.3838742905,86.28060146462008,153.67328489547003,95.10327282587991,0.6776538940357697
p57,2035,192.91024657444018,192.91024657444018,97.82992100108004,174.2436314316301,95.08032557336014,0.6635142580508124
p57,2036,204.54662523669003,204.54662523669003,109.49912584202002,195.02750416297,95.04749939467001,0.6513274723001236
p57,2037,216.29406016557004,216.29406016557004,121.2894604318401,216.02711955366,95.00459973372995,0.6407127332009624
p57,2038,228.15361126936,228.15361126936,133.20218213267003,237.24471707541989,94.95142913668997,0.6313821874042169
p57,2039,240.1263485720101,240.1263485720101,145.23856135839014,258.68255944631983,94.88778721361996,0.6231142026277865
p57,2040,252.2133523096602,252.2133523096602,157.39988171019013,280.34293287211995,94.81347059947007,0.6157353604874926
p57,2041,261.46143851649003,261.46143851649003,168.64597603133006,300.37320882334006,92.81546248515997,0.6078980033194017
p57,2042,270.77641840575006,270.77641840575006,179.99891367910004,320.59378206843985,90.77750472665002,0.6006904085753775
p57,2043,280.1587758358801,280.1587758358801,191.4597097167,341.0064605235998,88.69906611918009,0.5940368845119104
p57,2044,289.6089981652201,289.6089981652201,203.02938885092,361.6130692810698,86.57960931430011,0.5878733890782485
p57,2045,299.12757627728,299.12757627728,214.70898552374,382.41545077238015,84.41859075354,0.5821453717283654
p57,2046,308.7150046062502,308.7150046062502,226.49954400486013,403.41546493302985,82.21546060139008,0.576806077875443
p57,2047,318.37178116267,318.37178116267,238.4021184850501,424.6149893688198,79.96966267761991,0.5718152042761147
p57,2048,328.0984075593501,328.0984075593501,250.4177731703901,446.0159195237002,77.68063438896002,0.5671378234321586
p57,2049,337.89538903736,337.89538903736,262.54758237743,467.62016884926015,75.34780665993003,0.5627435162430099
p57,2050,347.76323449230017,347.76323449230017,274.7926306292402,489.4296689757898,72.97060386305998,0.5586056673394395
p58,2023,0.0,0.0,0.0,0.0,0.0,
p58,2024,94.11196084512994,94.11196084512994,37.723190329779754,64.30196090699974,56.38877051535019,0.713860908918508
p58,2025,189.27032550173863,189.27032550173863,75.61450341461932,128.8904994530003,113.6558220871193,0.7145381873172664
p58,2026,285.48672863267893,285.48672863267893,113.67468853525861,193.76689284249915,171.81204009742032,0.7152162417355264
p58,2027,382.77293426331926,382.77293426331926,151.90449831182923,258.93242397180074,230.86843595149003,0.7158950629724228
p58,2028,481.1408372197893,481.1408372197893,190.30468871869016,324.3883814551991,290.83614850109916,0.716574641773506
p58,2029,580.6024645833986,580.6024645833986,228.87601909936893,390.1360596495997,351.7264454840297,0.7172549688311853
p58,2030,681.1699771611202,681.1699771611202,267.61925218161923,456.17675868080005,413.55072497950096,0.7179360347850821
p58,2031,734.9247276303686,734.9247276303686,344.39731023816967,587.0506228609993,390.5274173921989,0.6809132972784557
p58,2032,788.99543535669,788.99543535669,421.8504638209888,719.0752371703002,367.1449715357012,0.6516068113147346
p58,2033,843.3839574594604,843.3839574594604,499.9846489225092,852.2607199455997,343.39930853695114,0.6278127637141276
p58,2034,898.0921619737292,898.0921619737292,578.805853729209,986.6172784926002,319.2863082445201,0.608093553126129
p58,2035,953.1219279144188,953.1219279144188,658.3201190806594,1122.1552098679003,294.8018088337594,0.5914714275277502
p58,2036,1008.4751453408389,1008.4751453408389,738.5335389323991,1258.8849016683998,269.94160640843984,0.5772582325544467
p58,2037,1064.1537154215894,1064.1537154215894,819.4522608230291,1396.8168328271004,244.7014545985603,0.5649555845767771
p58,2038,1120.1595504998895,1120.1595504998895,901.0824863453399,1535.9615744164003,219.0770641545496,0.5541936740283927
p58,2039,1176.49457415924,1176.49457415924,983.4304716215993,1676.3297904583997,193.0641025376408,0.5446923153455646
p58,2040,1233.1607212894796,1233.1607212894796,1066.502527783019,1817.9322387416996,166.65819350646052,0.5362353474087298
p58,2041,1276.1893602639902,1276.1893602639902,1147.915605753109,1956.7068363084,128.2737545108812,0.5264579620744806
p58,2042,1319.4089220470887,1319.4089220470887,1230.0241234779496,2096.6668622424986,89.3847985691391,0.5175303286991659
p58,2043,1362.82025378433,1362.82025378433,1312.8340214828895,2237.8224426076013,49.986232301440396,0.509340936301729
p58,2044,1406.4242063800793,1406.4242063800793,1396.3512910379086,2380.1837899655,10.072915342170745,0.5017969536538781
p58,2045,1450.2216345143097,1450.2216345143097,1480.5819745910994,2523.7612041145985,-30.360340076789726,0.4948204751791512
p58,2046,1494.21339665929,1494.21339665929,1565.5321662058286,2668.5650728356013,-71.31876954653853,0.48834563723008456
p58,2047,1538.4003550964298,1538.4003550964298,1651.208012001629,2814.6058726426018,-112.80765690519911,0.48231637807499345
p58,2048,1582.7833759331297,1582.7833759331297,1737.6157105989296,2961.8941695413996,-154.83233466579986,0.4766846799690708
p58,2049,1627.3633291198294,1627.3633291198294,1824.7615135673295,3110.4406197938006,-197.39818444750017,0.47140917645755764
p58,2050,1672.1410884672296,1672.1410884672296,1912.6517258783297,3260.2559706885986,-240.5106374111001,0.4664540393452267
p59,2023,0.0,0.0,0.0,0.0,0.0,
p59,2024,27.351568407341006,27.351568407341006,12.37044382012698,22.00109869186008,14.981124587214026,0.6885745931175976
p59,2025,55.54898970002591,55.54898970002591,24.913909480908956,44.30992042480989,30.635080219116958,0.6903677379945546
p59,2026,84.61842205271296,84.61842205271296,37.632816989077924,66.9307692325599,46.985605063635035,0.6921682161747795
p59,2027,114.58683258700194,114.58683258700194,50.52962019930692,89.86800934807002,64.05721238769502,0.6939758616017414
p59,2028,145.48202238827696,145.48202238827696,63.60680728762691,113.12606604559005,81.87521510065005,0.6957905049914908
p59,2029,177.3326522962269,177.3326522962269,76.86690123147298,136.70942649441008,100.46575106475393,0.6976119738813905
p59,2030,210.1682694928869,210.1682694928869,90.31246029643899,160.62264062454005,119.85580919644792,0.69944009268162
p59,2031,228.26852592070702,228.26852592070702,109.43062487531392,194.62470488537997,118.8379010453931,0.675952324376993
p59,2032,246.66808441357705,246.66808441357705,128.923759788177,229.29366189835991,117.74432462540005,0.6567450497702396
p59,2033,265.37189416798685,265.37189416798685,148.79921944138698,264.6425916323899,116.57267472659987,0.6407300882366045
p59,2034,284.38498621935685,284.38498621935685,169.064502485527,300.6848305977401,115.32048373382986,0.6271591286420914
p59,2035,303.712474795237,303.712474795237,189.72725464443704,337.43397687768993,113.98522015079993,0.6155006511942562
p59,2036,323.359558690987,323.359558690987,210.79527159988686,374.90389525881005,112.56428709110014,0.6053667220698943
p59,2037,343.33152266814693,343.33152266814693,232.27650193267698,413.10872246196004,111.05502073546995,0.5964675751458512
p59,2038,363.633738875987,363.633738875987,254.17905012152698,452.06287247572004,109.45468875446,0.5885824077323368
p59,2039,384.27166829650685,384.27166829650685,276.5111796007669,491.78104199463996,107.76048869573992,0.58154001654148
p59,2040,405.250862213367,405.250862213367,299.2813158779269,532.27821596391,105.9695463354401,0.5752056113480373
p59,2041,421.532809456147,421.532809456147,315.52611188245703,561.1699328110699,106.00669757368996,0.5719119560897293
p59,2042,438.02031082575706,438.02031082575706,331.993842814457,590.4581441908899,106.02646801130004,0.5688470903489655
p59,2043,454.715961374137,454.715961374137,348.687568114147,620.1482913831501,106.02839325999003,0.5659870098700731
p59,2044,471.622388914927,471.622388914927,365.6103892078369,650.2458903408401,106.01199970709013,0.5633109467744378
p59,2045,488.74225443699686,488.74225443699686,382.7654500841769,680.75653271497,105.97680435281995,0.560800841922015
p59,2046,506.078252523337,506.078252523337,400.15593787823684,711.68588689337,105.92231464510019,0.5584409172413609
p59,2047,523.6331117751168,523.6331117751168,417.78508346364686,743.0396990538202,105.84802831146999,0.5562173266072389
p59,2048,541.4095952412071,541.4095952412071,435.65616205279696,774.82379423156,105.7534331884101,0.5541178689350937
p59,2049,559.410500853027,559.410500853027,453.77249380536693,807.0440774015401,105.63800704766004,0.5521317509297898
p59,2050,577.638661864947,577.638661864947,472.137444445147,839.7065345754199,105.50121741980001,0.550249389743986
p6,2023,0.0,0.0,0.0,0.0,0.0,
p6,2024,41.78552471765988,41.78552471765988,10.418434375380002,16.516360584169888,31.36709034227988,0.8004282710280293
p6,2025,84.83902206753987,84.83902206753987,20.915693587629903,33.15768230758022,63.92332847990997,0.8022244827755116
p6,2026,129.19896840258002,129.19896840258002,31.492374017600014,49.92491061375995,97.70659438498001,0.8040194727152574
p6,2027,174.90500763222985,174.90500763222985,42.14907655831985,66.81899809936021,132.75593107391,0.8058130225215316
p6,2028,221.9979866517299,221.9979866517299,52.886406649099854,83.84090456832018,169.11158000263003,0.8076049134181958
p6,2029,270.51999184646,270.51999184646,63.70497430997989,100.99159708632988,206.81501753648013,0.8093949262899719
p6,2030,320.51438670394987,320.51438670394987,74.60539417629002,118.27205003580002,245.90899252765985,0.811182841795251
p6,2031,348.0489250610799,348.0489250610799,99.32389444242995,157.45832781859008,248.72503061864995,0.7779840658342662
p6,2032,376.03008090858,376.03008090858,124.46330366532993,197.3118732399198,251.56677724325004,0.7513187836213049
p6,2033,404.4650985001899,404.4650985001899,150.03078912244996,237.84404859615006,254.43430937773996,0.729428490866369
p6,2034,433.36133959337985,433.36133959337985,176.03364013633995,279.0664096618998,257.3276994570399,0.7111337539826554
p6,2035,462.72628535524996,462.72628535524996,202.47927015279993,320.99070898461014,260.24701520245003,0.6956139820597911
p6,2036,492.56753829943,492.56753829943,229.37521885450997,363.62889923519015,263.19231944492003,0.6822806010842765
p6,2037,522.89282425432,522.89282425432,256.72915431057004,406.9931366157998,266.16366994374994,0.6707004659063729
p6,2038,553.70999436328,553.70999436328,284.5488751626699,451.09578432551007,269.1611192006101,0.66054773112799
p6,2039,585.0270271173299,585.0270271173299,312.8423128485199,495.94941608515,272.18471426881,0.6515725630408331
p6,2040,616.85203042069,616.85203042069,341.6175338631099,541.5668197220298,275.2344965575801,0.6435801963953046
p6,2041,641.5357116436599,641.5357116436599,357.05547925582005,566.04061910472,284.4802323878398,0.6424407880724416
p6,2042,666.5249704395999,666.5249704395999,372.63209813442995,590.73425778513,293.89287230516993,0.6414092639087086
p6,2043,691.8235897796299,691.8235897796299,388.34863615274,615.64971050024,303.4749536268898,0.640475262342975
p6,2044,717.43539946707,717.43539946707,404.20635015385005,640.78896972538,313.22904931322,0.6396297210847767
p6,2045,743.3642767172,743.3642767172,420.2065082705899,666.1540458335799,323.15776844661013,0.6388646795777023
p6,2046,769.6141467442499,769.6141467442499,436.35039002699,691.7469672563102,333.26375671725987,0.6381731164373687
p6,2047,796.1889833555501,796.1889833555501,452.63928644059,717.5697806457101,343.5496969149601,0.6375488148466728
p6,2048,823.0928095531399,823.0928095531399,469.07450012566005,743.62455103827,354.01830942747983,0.6369862504552448
p6,2049,850.3296981428098,850.3296981428098,485.6573453973799,769.91336201993,364.67235274542986,0.6364804975125717
p6,2050,877.9037723505899,877.9037723505899,502.38914837695984,796.4383158927499,375.51462397363,0.6360271498660216
p60,2023,0.0,0.0,0.0,0.0,0.0,
p60,2024,7.354280994297994,7.354280994297994,2.7322192109950265,4.870055348462984,4.622061783302968,0.7291211862008133
p60,2025,14.815797617616965,14.815797617616965,5.479239377251986,9.76649272039299,9.33655824036498,0.7300207248384291
p60,2026,22.386113514336955,22.386113514336955,8.241140678384966,14.689455032269962,14.14497283595199,0.7309213347521261
p60,2027,30.06681512894005,30.06681512894005,11.018003728354017,19.639085974777004,19.048811400586033,0.7318229936311885
p60,2028,37.85951203847702,37.85951203847702,13.809909577820974,24.61553001699997,24.049602460656047,0.7327256790220207
p60,2029,45.765837289861054,45.765837289861054,16.61693971651397,29.618932410641037,29.148897573347085,0.7336293683300464
p60,2030,53.787447742102984,53.787447742102984,19.43917607560803,34.649439194256956,34.34827166649495,0.7345340388217331
p60,2031,58.098732010980996,58.098732010980996,24.583228596478023,43.81847672654203,33.51550341450297,0.7026772416151403
p60,2032,62.44331777586507,62.44331777586507,29.777799019090992,53.077560100167034,32.66551875677408,0.6771043329989291
p60,2033,66.82146226628805,66.82146226628805,35.02338346171001,62.42757362316502,31.79807880457804,0.6561103980141652
p60,2034,71.23342469869004,71.23342469869004,40.32048291479606,71.86941028804097,30.912941783893984,0.6385560687439192
p60,2035,75.67946629176896,75.67946629176896,45.66960328886097,81.40397185706104,30.00986300290799,0.623650981036027
p60,2036,80.15985028194297,80.15985028194297,51.071255462780016,91.03216894837794,29.08859481916295,0.6108296491677342
p60,2037,84.67484193894103,84.67484193894103,56.52595533259006,100.75492112299696,28.14888660635097,0.5996767976891103
p60,2038,89.22470858150103,89.22470858150103,62.034223860758004,110.57315697261004,27.19048472074303,0.5898805917829766
p60,2039,93.80971959320397,93.80971959320397,67.59658712593506,120.48781420826003,26.213132467268906,0.581202317927025
p60,2040,98.43014643841997,98.43014643841997,73.21357637320597,130.49983974993006,25.216570065214,0.5734561382500671
p60,2041,101.95209241208698,101.95209241208698,78.43201361181997,139.80146462770995,23.520078800267015,0.5651944323663134
p60,2042,105.49461617190906,105.49461617190906,83.69759990647805,149.18713053399006,21.79701626543101,0.557605478484379
p60,2043,109.05783794837402,109.05783794837402,89.01076125319997,158.65759678710992,20.04707669517404,0.5506063979247214
p60,2044,112.64187867444406,112.64187867444406,94.371927496914,168.21362956592998,18.26995117753006,0.5441273737134394
p60,2045,116.24685998965998,116.24685998965998,99.78153236624206,177.85600197182998,16.46532762341792,0.5381091750113375
p60,2046,119.87290424427198,119.87290424427198,105.24001350858003,187.58549409117995,14.632890735691944,0.5325012240118472
p60,2047,123.52013450338603,123.52013450338603,110.74781252551003,197.40289305856004,12.772321977876004,0.527260071511833
p60,2048,127.18867455114906,127.18867455114906,116.30537500852205,207.3089931203299,10.883299542627014,0.5223481837899285
p60,2049,130.87864889494205,130.87864889494205,121.91315057506796,217.30459569897994,8.965498319874087,0.5177329690651965
p60,2050,134.590182769612,134.590182769612,127.57159290493502,227.39050945788995,7.018589864676983,0.5133859900945095
p61,2023,0.0,0.0,0.0,0.0,0.0,
p61,2024,14.191659093520002,14.191659093520002,6.06849143008003,10.812714655759919,8.123167663439972,0.7004715526169882
p61,2025,28.563105815029985,28.563105815029985,12.169857041630166,21.68400385973996,16.39324877339982,0.7012282881445168
p61,2026,43.116617811640026,43.116617811640026,18.30427492041008,32.614184921480046,24.812342891229946,0.7019861791937337
p61,2027,57.85450158491017,57.85450158491017,24.471924116870014,43.60357686947009,33.382577468040154,0.7027452132378821
p61,2028,72.77909285643,72.77909285643,30.672984651429942,54.652500460440024,42.106108205000055,0.7035053776556637
p61,2029,87.89275693795003,87.89275693795003,36.90763751972008,65.76127818870009,50.98511941822994,0.7042666597320857
p61,2030,103.19788910629995,103.19788910629995,43.176064697860056,76.9302342955898,60.0218244084399,0.7050290466593041
p61,2031,111.39888568114998,111.39888568114998,54.6014432008601,97.28774143067994,56.797442480289874,0.671076295037525
p61,2032,119.65485602208014,119.65485602208014,66.13902626364006,117.84517236923011,53.51582975844008,0.6440193538669416
p61,2033,127.96616863490999,127.96616863490999,77.78991580708998,138.6044904914802,50.17625282782001,0.6219313950396544
p61,2034,136.3331944956701,136.3331944956701,89.5552245736701,159.56767845932018,46.77796992200001,0.6035422048521237
p61,2035,144.75630706715015,144.75630706715015,101.43607623369007,180.73673840567017,43.32023083346007,0.5879804449119045
p61,2036,153.23588231556005,153.23588231556005,113.43360549261001,202.11369212564978,39.802276822950034,0.5746284795274028
p61,2037,161.77229872736007,161.77229872736007,125.54895819945,223.70058126974982,36.22334052791007,0.5630363045800285
p61,2038,170.36593732608003,170.36593732608003,137.78329145619,245.4994675387302,32.58264586989003,0.5528682904686288
p61,2039,179.0171816894001,179.0171816894001,150.13777372828008,267.51243288063006,28.879407961120023,0.5438690159236302
p61,2040,187.72641796621997,187.72641796621997,162.61358495628997,289.7415796895002,25.11283300993,0.5358406587892343
p61,2041,194.35102895284012,194.35102895284012,174.20417824892002,310.3934631778802,20.14685070392011,0.5273322019472798
p61,2042,201.00919268431016,201.00919268431016,185.89949360827995,331.2319383157201,15.10969907603021,0.5195261822896939
p61,2043,207.70107910066008,207.70107910066008,197.70047720779007,352.2586909756001,10.000601892870009,0.5123341927741158
p61,2044,214.42685900266997,214.42685900266997,209.60808376961995,373.47542226206997,4.818775233050019,0.5056820496932934
p61,2045,221.18670405618013,221.18670405618013,221.62327664197005,394.88384864935006,-0.43657258578991787,0.4995070429701002
p61,2046,227.98078679652008,227.98078679652008,233.74702787695014,416.4857021201401,-5.7662410804300634,0.493755800606784
p61,2047,234.80928063286,234.80928063286,245.98031830926016,438.2827303057702,-11.171037676400147,0.48838261299643365
p61,2048,241.67235985267007,241.67235985267007,258.32413763553996,460.2766966275699,-16.651777782869885,0.48334810557021696
p61,2049,248.57019962618006,248.57019962618006,270.7794844944001,482.46938043956015,-22.20928486822004,0.4786181781299942
p61,2050,255.50297601081002,255.50297601081002,283.34736654728,504.86257717236003,-27.844390536469973,0.4741631503802299
p62,2023,0.0,0.0,0.0,0.0,0.0,
p62,2024,13.411799806818976,13.411799806818976,5.214617364428932,9.290483784890057,8.197182442390044,0.720041846132475
p62,2025,27.010463717849007,27.010463717849007,10.457483310821999,18.63129590152994,16.552980407027007,0.7208952147065921
p62,2026,40.79859527579197,40.79859527579197,15.728750867162944,28.022708988150043,25.069844408629024,0.7217497027476631
p62,2027,54.778834298001925,54.778834298001925,21.028573890417988,37.46499715988989,33.75026040758394,0.722605291581117
p62,2028,68.95385738196194,68.95385738196194,26.357107071026007,46.958436016860105,42.59675031093593,0.7234619624059452
p62,2029,83.32637841763187,83.32637841763187,31.714505937413946,56.50330265211005,51.611872480217926,0.7243196962956682
p62,2030,97.89914910714185,97.89914910714185,37.10092686053497,66.09987565979009,60.79822224660688,0.7251784742001325
p62,2031,105.72338361826189,105.72338361826189,46.91868434168191,83.59142111903998,58.80469927657998,0.6926228465799201
p62,2032,113.6053440980719,113.6053440980719,56.832858510981964,101.25474479619993,56.77248558708993,0.6665485927392493
p62,2033,121.54545643966196,121.54545643966196,66.84439624228196,119.09153366376995,54.70106019738,0.6451804845607345
p62,2034,129.544149678312,129.544149678312,76.95425370833198,137.10349126139,52.589895969980034,0.627337294399104
p62,2035,137.60185601463206,137.60185601463206,87.16339647212192,155.2923378585799,50.438459542510145,0.612202529048574
p62,2036,145.71901083796195,145.71901083796195,97.47279957909188,173.65981061898992,48.24621125887006,0.5991937417138591
p62,2037,153.89605274986195,153.89605274986195,107.88344765022191,192.20766376633992,46.01260509964004,0.5878842786186808
p62,2038,162.133423587822,162.133423587822,118.39633497615193,210.93766875197002,43.73708861167006,0.5779544545212588
p62,2039,170.431568449162,170.431568449162,129.01246561206187,229.85161442397998,41.41910283710013,0.5691600067554388
p62,2040,178.79093571504188,178.79093571504188,139.73285347360195,248.95130719815006,39.058082241439934,0.5613110913017364
p62,2041,185.1583349342119,185.1583349342119,149.69257900740206,266.6957862475299,35.465755926809834,0.5529575319197035
p62,2042,191.56125536163188,191.56125536163188,159.7422915690919,284.6005882822999,31.81896379253999,0.5452869947806342
p62,2043,197.99989515612185,197.99989515612185,169.88280419967202,302.66716183525,28.11709095644983,0.5382147502528472
p62,2044,204.47445358193193,204.47445358193193,180.11493728606195,320.89696852678003,24.35951629586998,0.531669511528766
p62,2045,210.98513101493188,210.98513101493188,190.43951862740198,339.29148318317993,20.5456123875299,0.525590870423423
p62,2046,217.53212894883188,217.53212894883188,200.85738350212193,357.85219395593003,16.67474544670995,0.5199272985465484
p62,2047,224.11565000136204,224.11565000136204,211.36937473543196,376.5806024420799,12.74627526593008,0.5146345735695893
p62,2048,230.73589792059204,230.73589792059204,221.97634276757196,395.4782238057501,8.759555153020074,0.5096745287245875
p62,2049,237.39307759123187,237.39307759123187,232.6791457225719,414.54658690071983,4.713931868659984,0.5050140506446316
p62,2050,244.08739504094194,244.08739504094194,243.47864947769187,433.78723439408986,0.6087455632500678,0.5006242698503042
p63,2023,0.0,0.0,0.0,0.0,0.0,
p63,2024,334.99199783560107,334.99199783560107,94.17518423519869,167.72708976540162,240.81681360040238,0.7805629410413245
p63,2025,676.4391494472984,676.4391494472984,188.86053349779831,336.3627893312987,487.5786159495001,0.7817397403232592
p63,2026,1024.4658429119008,1024.4658429119008,284.0588114495986,505.9120208111017,740.4070314623023,0.7829167295375062
p63,2027,1379.1988632114007,1379.1988632114007,379.77279672359873,676.3797329822992,999.426066487802,0.784093851325818
p63,2028,1740.7674384206985,1740.7674384206985,476.00528300529913,847.7709014309003,1264.7621554153993,0.7852710481302313
p63,2029,2109.3032867848997,2109.3032867848997,572.759079114101,1020.0905286966008,1536.5442076707986,0.7864482622043287
p63,2030,2484.9406647038995,2484.9406647038995,670.0370090852011,1193.3436444188992,1814.9036556186984,0.7876254356245594
p63,2031,2688.3225739763984,2688.3225739763984,847.3441929008004,1509.1297846576017,1840.978381075598,0.7603438760578676
p63,2032,2893.7862829320984,2893.7862829320984,1026.392647213499,1828.0171477434997,1867.3936357185994,0.7381770920401896
p63,2033,3101.3531006931007,3101.3531006931007,1207.1994724186989,2150.0361896778995,1894.1536282744019,0.7198132198844649
p63,2034,3311.0445544996,3311.0445544996,1389.7819368486998,2475.2176655599033,1921.2626176509002,0.7043537047354241
p63,2035,3522.8823919431998,3522.8823919431998,1574.1574784217992,2803.5926325231994,1948.7249135214006,0.6911624161360398
p63,2036,3736.8885832214,3736.8885832214,1760.3437063079,3135.1924527025985,1976.5448769135,0.6797763649789976
p63,2037,3953.085323417199,3953.085323417199,1948.3584026104,3470.048796229399,2004.7269208067992,0.6698505496176466
p63,2038,4171.4950348005,4171.4950348005,2138.2195240641013,3808.1936442556034,2033.2755107363992,0.6611226222491969
p63,2039,4392.140369153301,4392.140369153301,2329.945203750798,4149.659292008997,2062.1951654025033,0.653389535363471
p63,2040,4615.044210119599,4615.044210119599,2523.5537528306013,4494.478351876998,2091.4904572889973,0.6464916828307163
p63,2041,4785.836846190199,4785.836846190199,2703.424857750899,4814.8308651870975,2082.4119884393003,0.6390265202872711
p63,2042,4957.9554243167,4957.9554243167,2884.9211144971014,5138.077792650998,2073.034309819599,0.6321603304323553
p63,2043,5131.4102383993995,5131.4102383993995,3068.057206464,5464.245285564401,2063.3530319353995,0.6258223808930419
p63,2044,5306.211662254598,5306.211662254598,3252.847949712399,5793.359731502103,2053.363712542199,0.6199526469982317
p63,2045,5482.370150235598,5482.370150235598,3439.3082941672983,6125.447756453497,2043.0618560682997,0.6144998594603034
p63,2046,5659.896237857298,5659.896237857298,3627.4533248277985,6460.536226975797,2032.4429130294993,0.609419964184157
p63,2047,5838.8005424268995,5838.8005424268995,3817.2982629873004,6798.652252368302,2021.502279439599,0.6046748961550672
p63,2048,6019.0937636788,6019.0937636788,4008.858467465001,7139.823186865098,2010.2352962137993,0.6002315951391658
p63,2049,6200.786684414001,6200.786684414001,4202.149435848398,7484.076631848497,1998.637248565603,0.5960612093288136
p63,2050,6383.8901711457,6383.8901711457,4397.186805747198,7831.440438081503,1986.7033653985018,0.5921384463563616
p64,2023,0.0,0.0,0.0,0.0,0.0,
p64,2024,114.2597806840995,114.2597806840995,28.143366197159594,50.11985771299078,86.1164144869399,0.8023683688631786
p64,2025,231.0325176653496,231.0325176653496,56.4391904044096,100.51122430376017,174.59332726094,0.8036704523607805
p64,2026,350.3734792919995,350.3734792919995,84.88829851601986,151.17557058794046,265.48518077597964,0.8049718517818913
p64,2027,472.33914944890967,472.33914944890967,113.4915209002802,202.11437534887955,358.8476285486295,0.8062724834248904
p64,2028,596.9872542912499,596.9872542912499,142.24969242377028,253.32912538074015,454.7375618674796,0.8075722634591094
p64,2029,724.3767895661995,724.3767895661995,171.16365247565955,304.8213155319809,553.2131370905399,0.8088711079475078
p64,2030,854.5680485355497,854.5680485355497,200.23424499228986,356.5924487488992,654.3338035432598,0.8101689328693092
p64,2031,925.3572341867202,925.3572341867202,253.22082573577973,450.95500186203935,672.1364084509405,0.7851471749334695
p64,2032,996.9747347541097,996.9747347541097,306.7277687556798,546.2442558918192,690.2469659984299,0.7647256425987399
p64,2033,1069.4302424752195,1069.4302424752195,360.76018434396974,642.4693116368508,708.6700581312498,0.7477537413347695
p64,2034,1142.7335629978998,1142.7335629978998,415.3232329789698,739.6393592713594,727.4103300189299,0.7334351135007433
p64,2035,1216.89461670733,1216.89461670733,470.4221258182497,837.7636792231006,746.4724908890803,0.7212010561134357
p64,2036,1291.92344006865,1291.92344006865,526.0621251962502,936.8516430594009,765.8613148723998,0.710634597299678
p64,2037,1367.8301869851603,1367.8301869851603,582.2485451269595,1036.9127143826008,785.5816418582008,0.7014230576750462
p64,2038,1444.6251301725297,1444.6251301725297,638.9867518113697,1137.9564497335996,805.63837836116,0.6933273622902544
p64,2039,1522.3186625489998,1522.3186625489998,696.2821641500295,1239.9924995048004,826.0364983989703,0.6861615862705681
p64,2040,1600.9212986419298,1600.9212986419298,754.1402542605601,1343.0306088613997,846.7810443813696,0.6797789623243088
p64,2041,1661.3291533337097,1661.3291533337097,807.89303866097,1438.7576760128995,853.4361146727397,0.6728147668200162
p64,2042,1722.27394836858,1722.27394836858,862.1314843672999,1535.3496459403996,860.1424640012801,0.6664101253437477
p64,2043,1783.7604563863497,1783.7604563863497,916.8599793737303,1632.8143331194005,866.9004770126194,0.6605002438575995
p64,2044,1845.79349244883,1845.79349244883,972.0829513203298,1731.1596226296006,873.7105411285002,0.655029959361851
p64,2045,1908.3779144169303,1908.3779144169303,1027.8048678513396,1830.3934707935005,880.5730465655906,0.649952014548176
p64,2046,1971.5186233310797,1971.5186233310797,1084.0302369765395,1930.5239058194002,887.4883863545401,0.6452256905270354
p64,2047,2035.22056379499,2035.22056379499,1140.7636074359998,2031.5590284514,894.4569563589903,0.6408157138283698
p64,2048,2099.48872436294,2099.48872436294,1198.00956906808,2133.507012624401,901.47915529486,0.6366913755635152
p64,2049,2164.32813793037,2164.32813793037,1255.7727531807295,2236.376106125599,908.5553847496403,0.6328258162077895
p64,2050,2229.7438821280402,2229.7438821280402,1314.0578329262198,2340.1746312619,915.6860492018204,0.6291954407764883
p65,2023,0.0,0.0,0.0,0.0,0.0,
p65,2024,171.55908854998052,171.55908854998052,42.584635389210234,75.84068395830036,128.97445316077028,0.8011399325375383
p65,2025,346.86228824732916,346.86228824732916,85.39995991228989,152.09221144110052,261.4623283350393,0.8024348407109687
p65,2026,525.9913106959293,525.9913106959293,128.44722325648036,228.75680806650053,397.54408743944896,0.8037291256663365
p65,2027,709.0296507763605,709.0296507763605,171.7276818788605,305.8367115093006,537.3019688975,0.8050227054469672
p65,2028,896.062625564201,896.062625564201,215.24259904294013,383.3341715662009,680.8200265212608,0.80631549795959
p65,2029,1087.1774140976604,1087.1774140976604,258.9932448556101,461.2514502212998,828.1841692420503,0.8076074209959433
p65,2030,1282.4630980131506,1282.4630980131506,302.9808963041405,539.5908217125998,979.48220170901,0.8088983922547152
p65,2031,1388.6183214231596,1388.6183214231596,383.1566011461009,682.3789479105999,1005.4617202770587,0.7837442012157597
p65,2032,1496.0060002556193,1496.0060002556193,464.1196829370592,826.5693452751002,1031.88631731856,0.7632194267353841
p65,2033,1604.6404432399495,1604.6404432399495,545.8778742247096,972.1757850104004,1058.76256901524,0.7461645084389381
p65,2034,1714.5361252290104,1714.5361252290104,628.4389834952808,1119.2121735624005,1086.0971417337296,0.7317773538629462
p65,2035,1825.7076891278002,1825.7076891278002,711.8108959194205,1267.6925539475997,1113.8967932083797,0.7194854453031821
p65,2036,1938.1699478444907,1938.1699478444907,796.0015741051493,1417.631107093801,1142.1683737393414,0.7088691884488838
p65,2037,2051.9378862642106,2051.9378862642106,881.0190588584801,1569.0421531945995,1170.9188274057306,0.6996140497992801
p65,2038,2167.0266632456196,2167.0266632456196,966.8714699512593,1721.9401530772993,1200.1551932943603,0.6914796113794047
p65,2039,2283.4516136408192,2283.4516136408192,1053.5670068967493,1876.3397095835007,1229.88460674407,0.6842789547494261
p65,2040,2401.2282503385204,2401.2282503385204,1141.1139497326794,2032.2555689644996,1260.114300605841,0.6778645638160696
p65,2041,2491.7252977281196,2491.7252977281196,1222.4490220481302,2177.108459163501,1269.2762756799893,0.6708692385440398
p65,2042,2583.0203883818203,2583.0203883818203,1304.5189641545903,2323.2701084268992,1278.50142422723,0.6644358176584214
p65,2043,2675.120559800421,2675.120559800421,1387.3304156675995,2470.7523415122014,1287.7901441328213,0.6584991612095036
p65,2044,2768.0329115446193,2768.0329115446193,1470.8900761922296,2619.5670900145014,1297.1428353523897,0.653003821855812
p65,2045,2861.7646057823194,2861.7646057823194,1555.2047058650796,2769.726393332101,1306.5598999172398,0.6479023067323431
p65,2046,2956.3228678404203,2956.3228678404203,1640.2811259012205,2921.2423996401994,1316.0417419391997,0.6431537003982738
p65,2047,3051.71498676202,3051.71498676202,1726.126219146,3074.1273668741014,1325.58876761602,0.6387225642803771
p65,2048,3147.9483158683206,3147.9483158683206,1812.7469306319208,3228.3936637203988,1335.2013852363998,0.6345780499395101
p65,2049,3245.03027332532,3245.03027332532,1900.1502681404809,3384.0537706180985,1344.8800051848393,0.6306931792136588
p65,2050,3342.9683427158207,3342.9683427158207,1988.3433027691199,3541.1202807681,1354.6250399467008,0.6270442557127499
p66,2023,0.0,0.0,0.0,0.0,0.0,
p66,2024,62.2629474043797,62.2629474043797,13.92614825426972,24.80625966234038,48.33679915010998,0.8172159922114951
p66,2025,125.76653663926982,125.76653663926982,27.91436184264967,49.723074574129896,97.85217479662015,0.8183615392778707
p66,2026,190.53548854129986,190.53548854129986,41.964917374709785,74.75093745225968,148.57057116659007,0.8195060468416148
p66,2027,256.5950165306699,256.5950165306699,56.07809269276959,99.89034320954033,200.51692383790032,0.8206494545308161
p66,2028,323.97083642626967,323.97083642626967,70.25416687744973,125.14178896447993,253.71666954881994,0.8217917019755228
p66,2029,392.6891764564298,392.6891764564298,84.49342025315991,150.50577405112017,308.19575620326987,0.822932728821663
p66,2030,462.77678746906986,462.77678746906986,98.79613439361992,175.98280002890988,363.98065307544994,0.8240724747448265
p66,2031,500.76331536054977,500.76331536054977,127.14004194286963,226.47101239565018,373.62327341768014,0.7975165438055904
p66,2032,539.1520655003096,539.1520655003096,155.7331723256798,277.40315844814995,383.41889317462983,0.7758864862161917
p66,2033,577.9472968387199,577.9472968387199,184.57771691316975,328.7831416147201,393.36957992555017,0.7579388038629935
p66,2034,617.15331342227,617.15331342227,213.6758863448099,380.6148996457996,403.4774270774601,0.7428161090092726
p66,2035,656.77446487103,656.77446487103,243.02991069780956,432.9024049157597,413.7445541732204,0.7299080585775429
p66,2036,696.8151468612696,696.8151468612696,272.6420396580497,485.64966472733977,424.17310720321984,0.7187683546532598
p66,2037,737.2798016130896,737.2798016130896,302.5145426924796,538.8607216187502,434.76525892061,0.7090631004590479
p66,2038,778.1729183832599,778.1729183832599,332.64970922305974,592.5396536735298,445.52320916020017,0.7005375107096286
p66,2039,819.49903396325,819.49903396325,363.0498488022399,646.69057483305,456.44918516101006,0.6929937915520098
p66,2040,861.2627331825997,861.2627331825997,393.71729128991956,701.3176352118198,467.5454418926802,0.6862760493296275
p66,2041,893.2859620844697,893.2859620844697,423.77229416045975,754.8537739737003,469.51366792400995,0.6782433182806364
p66,2042,925.5664635041098,925.5664635041098,454.0840302776396,808.8472245107896,471.4824332264702,0.6708702440768507
p66,2043,958.1063043520298,958.1063043520298,484.6546926859796,863.3018932321902,473.4516116660502,0.6640783236579194
p66,2044,990.9075681441495,990.9075681441495,515.4864931632696,918.2217199159904,475.4210749808799,0.6578010320115892
p66,2045,1023.9723551352595,1023.9723551352595,546.5816623805399,973.6106779943102,477.39069275471957,0.6519816215903943
p66,2046,1057.3027824534097,1057.3027824534097,577.9424500634696,1029.4727748407804,479.36033238994014,0.6465713896783956
p66,2047,1090.9009842355595,1090.9009842355595,609.5711251551397,1085.8120520604898,481.32985908041974,0.6415283015882237
p66,2048,1124.7691117641493,1124.7691117641493,641.4699759802097,1142.6325857823404,483.2991357839396,0.6368158872537337
p66,2049,1158.9093336048995,1158.9093336048995,673.6413104104699,1199.93848695401,485.2680231944296,0.6324023499102707
p66,2050,1193.3238357456498,1193.3238357456498,706.0874560318198,1257.7339016393798,487.23637971383005,0.6282598407788431
p67,2023,0.0,0.0,0.0,0.0,0.0,
p67,2024,248.29899898970143,248.29899898970143,62.16212867950162,110.70572981220175,186.1368703101998,0.799774840907827
p67,2025,501.97076816750086,501.97076816750086,124.6610015274,222.011173786399,377.30976664010086,0.8010617916993007
p67,2026,761.1315651888999,761.1315651888999,187.4984427511008,333.91958068910026,573.6331224377991,0.8023481850861292
p67,2027,1025.9001633283006,1025.9001633283006,250.676286440701,446.43421688599847,775.2238768875995,0.8036339410099088
p67,2028,1296.3979059130015,1296.3979059130015,314.1963766214012,559.558366437599,982.2015292916003,0.8049189792683311
p67,2029,1572.748761934401,1572.748761934401,378.0605673081009,673.2953311944984,1194.6881946263002,0.8062032195350934
p67,2030,1855.0793828630012,1855.0793828630012,442.27072255930034,787.6484308940999,1412.808660303701,0.8074865813811162
p67,2031,2008.5070599751016,2008.5070599751016,559.3057150117002,996.0782985357,1449.2013449634014,0.7821859442168345
p67,2032,2163.7006755403,2163.7006755403,677.4900663061999,1206.5550814316011,1486.2106092341,0.761547137146485
p67,2033,2320.6805553479007,2320.6805553479007,796.8350638853008,1419.0988816050995,1523.8454914626,0.7444006185664936
p67,2034,2479.467259134901,2479.467259134901,917.3521060414005,1633.7299984942983,1562.1151530935003,0.729937919146964
p67,2035,2640.0815832793014,2640.0815832793014,1039.0527030057,1850.4689308909,1601.0288802736013,0.7175822837239025
p67,2036,2802.544563523301,2802.544563523301,1161.948478046901,2069.3363788977003,1640.5960854763998,0.7069112075962448
p67,2037,2966.8774777285016,2966.8774777285016,1286.0511685818,2290.353245906099,1680.8263091467015,0.6976081012556994
p67,2038,3133.1018486629,3133.1018486629,1411.3726272964013,2513.5406405918984,1721.7292213664987,0.689431058582748
p67,2039,3301.2394468194016,3301.2394468194016,1537.9248232773007,2738.9198789321017,1763.314623542101,0.682192060976147
p67,2040,3471.3122932675014,3471.3122932675014,1665.7198431555007,2966.5124862398006,1805.5924501120007,0.6757427637360727
p67,2041,3601.9658819989,3601.9658819989,1784.4472006925007,3177.9563193903996,1817.5186813063992,0.6687132655260678
p67,2042,3733.761584633501,3733.761584633501,1904.2472707252,3391.3105668438,1829.5143139083011,0.6622482653755875
p67,2043,3866.7093850087003,3866.7093850087003,2025.129745309001,3606.5924893673982,1841.5796396996993,0.6562822404827265
p67,2044,4000.8193542359004,4000.8193542359004,2147.1044040675006,3823.8195036811994,1853.7149501683998,0.6507594289588227
p67,2045,4136.101651463601,4136.101651463601,2270.1811149843015,4043.0091838668013,1865.9205364792997,0.6456320774858568
p67,2046,4272.566524646802,4272.566524646802,2394.3698352011015,4264.179262789101,1878.1966894457,0.6408590533994949
p67,2047,4410.2243113235,4410.2243113235,2519.6806118233017,4487.347633531401,1890.5436995001983,0.6364047357407121
p67,2048,4549.085439397901,4549.085439397901,2646.1235827327,4712.532350842201,1902.9618566652007,0.6322381219789572
p67,2049,4689.160427929801,4689.160427929801,2773.7089774079013,4939.751632596599,1915.4514505218995,0.6283321030079866
p67,2050,4830.4598879321,4830.4598879321,2902.4471177517007,5169.023861269699,1928.0127701803995,0.624662870558464
p68,2023,0.0,0.0,0.0,0.0,0.0,
p68,2024,2.8548406539579787,2.8548406539579787,0.0,0.0,2.8548406539579787,1.0
p68,2025,5.730761130088013,5.730761130088013,0.0,0.0,5.730761130088013,1.0
p68,2026,8.627917079423014,8.627917079423014,0.0,0.0,8.627917079423014,1.0
p68,2027,11.546465302309002,11.546465302309002,0.0,0.0,11.546465302309002,1.0
p68,2028,14.486563756885005,14.486563756885005,0.0,0.0,14.486563756885005,1.0
p68,2029,17.448371567639015,17.448371567639015,0.0,0.0,17.448371567639015,1.0
p68,2030,20.43204903401397,20.43204903401397,0.0,0.0,20.43204903401397,1.0
p68,2031,22.01736109244797,22.01736109244797,4.042045204551016,6.50271542227199,17.975315887896954,0.8448911245911039
p68,2032,23.608847166467967,23.608847166467967,8.126348077413013,13.073413654611954,15.482499089054954,0.7439326270103885
p68,2033,25.206531300849008,25.206531300849008,12.253350402495016,19.71280542510499,12.953180898353992,0.6728940443663717
p68,2034,26.810437634006007,26.810437634006007,16.42349858234701,26.42160889215802,10.386939051658999,0.6201248366523957
p68,2035,28.42059039836198,28.42059039836198,20.637243686446993,33.200549722186,7.783346711914987,0.5793282750565332
p68,2036,30.037013920712013,30.037013920712013,24.895041499989986,40.05036116810095,5.141972420722027,0.546803022218464
p68,2037,31.659732622595016,31.659732622595016,29.197352573190983,46.97178414862901,2.4623800494040324,0.5202308411706065
p68,2038,33.288771020657975,33.288771020657975,33.544642271097985,53.965567328447946,-0.25587125044000913,0.49808575353376744
p68,2039,34.924153727028,34.924153727028,37.937380823930994,61.03246719917399,-3.0132270969029946,0.47932223692876275
p68,2040,36.565905449684976,36.565905449684976,42.376043377943006,68.17324816118105,-5.81013792825803,0.4631999335299878
p68,2041,37.807386531093016,37.807386531093016,45.20350329332797,72.72197690298901,-7.3961167622349535,0.4554509247047061
p68,2042,39.05250959294801,39.05250959294801,48.049598164816985,77.30068497711898,-8.997088571868971,0.4483532097932102
p68,2043,40.30128531928102,40.30128531928102,50.91445080992099,81.90956996852697,-10.613165490639972,0.4418238237116948
p68,2044,41.55372442546502,41.55372442546502,53.798184855604006,86.54883076439296,-12.244460430138986,0.4357933127796845
p68,2045,42.80983765830598,42.80983765830598,56.70092474362002,91.21866756270299,-13.891087085314041,0.43020309185649863
p68,2046,44.069635796138016,44.069635796138016,59.62279573588302,95.91928188089003,-15.553159939745,0.4250033984643225
p68,2047,45.33312964891502,45.33312964891502,62.56392391986998,100.65087656453,-17.23079427095496,0.4201516922796681
p68,2048,46.60033005830002,46.60033005830002,65.52443621406297,105.41365579609203,-18.924106155762956,0.4156113908420808
p68,2049,47.87124789776402,47.87124789776402,68.50446037342698,110.20782510375295,-20.63321247566296,0.41135086186723235
p68,2050,49.145894072673,49.145894072673,71.50412499492302,115.03359137026598,-22.358230922250016,0.40734261339103695
p69,2023,0.0,0.0,0.0,0.0,0.0,
p69,2024,17.167587378962025,17.167587378962025,0.0,0.0,17.167587378962025,1.0
p69,2025,34.78293821476802,34.78293821476802,0.0,0.0,34.78293821476802,1.0
p69,2026,52.85773103328597,52.85773103328597,0.0,0.0,52.85773103328597,1.0
p69,2027,71.40394895863494,71.40394895863494,0.0,0.0,71.40394895863494,1.0
p69,2028,90.43388765768998,90.43388765768998,0.0,0.0,90.43388765768998,1.0
p69,2029,109.96016349179695,109.96016349179695,0.0,0.0,109.96016349179695,1.0
p69,2030,129.99572188109096,129.99572188109096,0.0,0.0,129.99572188109096,1.0
p69,2031,140.95868937355397,140.95868937355397,6.881359546325939,11.897251045890016,134.07732982722803,0.9534540227996325
p69,2032,152.07413660909594,152.07413660909594,13.834660447712963,23.9188822169599,138.23947616138298,0.9166128578282933
p69,2033,163.34418437044098,163.34418437044098,20.86065481695698,36.066193848500006,142.483529553484,0.8867529490051306
p69,2034,174.770982937472,174.770982937472,27.960102629837934,48.3404998702199,146.81088030763408,0.8620828051524702
p69,2035,186.35671249749498,186.35671249749498,35.13377180731993,60.743127948310075,151.22294069017505,0.8413757055180353
p69,2036,198.10358356121492,198.10358356121492,42.382438298619945,73.27541962910004,155.72114526259497,0.8237634022516196
p69,2037,210.013837384486,210.013837384486,49.706886165135984,85.93873048415003,160.30695121935003,0.8086140933007256
p69,2038,222.08974639593896,222.08974639593896,57.10790766525497,98.73443025686993,164.981838730684,0.7954570647906011
p69,2039,234.333614630547,234.333614630547,64.58630334005102,111.6639030107101,169.747311290496,0.7839344270581401
p69,2040,246.74777816923392,246.74777816923392,72.14288209987694,124.72854727882009,174.60489606935698,0.7737692222186884
p69,2041,256.331356769713,256.331356769713,76.95647702421797,133.05081947845997,179.37487974549504,0.7690990512669014
p69,2042,266.01642534997893,266.01642534997893,81.80179693593493,141.4279413247,184.214628414044,0.7648145160471433
p69,2043,275.80405868767195,275.80405868767195,86.67905092507897,149.86027431540992,189.125007762593,0.7608742348914403
p69,2044,285.695342942313,285.695342942313,91.58844945975693,158.34818233099008,194.10689348255607,0.7572425550627644
p69,2045,295.69137577584297,295.69137577584297,96.53020439520697,166.89203165009008,199.161171380636,0.7538885944187221
p69,2046,305.79326647442497,305.79326647442497,101.50452898294293,175.4921909653599,204.28873749148204,0.7507854692192473
p69,2047,316.00213607155194,316.00213607155194,106.511637879957,184.14903139940998,209.49049819159495,0.747909667219083
p69,2048,326.3191174724469,326.3191174724469,111.55174715798296,192.8629265208201,214.76737031446396,0.7452405351241297
p69,2049,336.7453555797849,336.7453555797849,116.62507431281801,201.63425236024,220.1202812669669,0.7427598567898553
p69,2050,347.282007420749,347.282007420749,121.73183827371201,210.4633874266301,225.55016914703697,0.740451503956209
p7,2023,0.0,0.0,0.0,0.0,0.0,
p7,2024,8.542360174853997,8.542360174853997,2.195944612372017,3.4779109085699815,6.34641556248198,0.795503605468132
p7,2025,17.484623647709014,17.484623647709014,4.418315867381011,6.997676018828997,13.066307780328003,0.7982774931037446
p7,2026,26.845511550019012,26.845511550019012,6.667431791008994,10.559799016535976,20.178079759010018,0.8010490536996064
p7,2027,36.64462142702001,36.64462142702001,8.94361423645401,14.164789648954013,27.701007190566003,0.8038174957575783
p7,2028,46.90246826629999,46.90246826629999,11.247188930193005,17.81316379779298,35.655279336106986,0.8065820252011507
p7,2029,57.64052744706899,57.64052744706899,13.578485518590014,21.505443553037026,44.062041928478976,0.8093418463249777
p7,2030,68.88127970008401,68.88127970008401,15.93783761507001,25.242157287651025,52.943442085014,0.8120961627571369
p7,2031,75.22607217508002,75.22607217508002,19.58756828966,31.022557237168996,55.63850388542002,0.7934098069259943
p7,2032,81.73102204336502,81.73102204336502,23.304434778201,36.90928608878198,58.42658726516402,0.778127924765534
p7,2033,88.40017205191899,88.40017205191899,27.08967202593101,42.90429973404002,61.31050002598798,0.7654367598966515
p7,2034,95.23766699610698,95.23766699610698,30.944537694572006,49.00959004259403,64.29312930153498,0.7547630605248264
p7,2035,102.24775629561898,102.24775629561898,34.87031258019499,55.22718552399999,67.377443715424,0.7456913383765886
p7,2036,109.43479663542902,109.43479663542902,38.86830103877401,61.5591520017,70.56649559665502,0.7379130871280846
p7,2037,116.803254673424,116.803254673424,42.93983141955499,68.00759329940502,73.863423253869,0.7311944293190772
p7,2038,124.35770981637901,124.35770981637901,47.086256506415,74.57465194009598,77.27145330996402,0.7253548344899978
p7,2039,132.10285706599902,132.10285706599902,51.30895396732501,81.262509857888,80.79390309867401,0.7202527270285625
p7,2040,140.04350993680598,140.04350993680598,55.60932681208601,88.073389122989,84.43418312471997,0.7157755147529138
p7,2041,146.31371664270299,146.31371664270299,58.66873743900899,92.91884721570301,87.64497920369399,0.7137865399171096
p7,2042,152.70582526776698,152.70582526776698,61.76746202021499,97.82657028071498,90.93836324755199,0.7120039385731178
p7,2043,159.22220576224,159.22220576224,64.906005746797,102.79735843366001,94.316200015443,0.710406801045749
p7,2044,165.86527415163502,165.86527415163502,68.08488030164202,107.83202207179698,97.780393849993,0.7089769807557897
p7,2045,172.63749343251,172.63749343251,71.30460394285001,112.93138200612702,101.33288948966,0.7076986518110822
p7,2046,179.54137448564902,179.54137448564902,74.565701588228,118.09626959521597,104.97567289742102,0.7065579489547573
p7,2047,186.579477007002,186.579477007002,77.868704900864,123.32752688073202,108.710772106138,0.7055426725225378
p7,2048,193.75441045672798,193.75441045672798,81.21415237581303,128.62600672472098,112.54025808091495,0.7046420451152687
p7,2049,201.06883502667299,201.06883502667299,84.60258942788002,133.992572948656,116.46624559879297,0.7038465097115819
p7,2050,208.52546262667798,208.52546262667798,88.03456848054802,139.42810047426298,120.49089414612996,0.7031475612142833
p70,2023,0.0,0.0,0.0,0.0,0.0,
p70,2024,120.82693132207987,120.82693132207987,0.0,0.0,120.82693132207987,1.0
p70,2025,245.17138885686927,245.17138885686927,0.0,0.0,245.17138885686927,1.0
p70,2026,373.1357751939595,373.1357751939595,0.0,0.0,373.1357751939595,1.0
p70,2027,504.8254740777593,504.8254740777593,0.0,0.0,504.8254740777593,1.0
p70,2028,640.3489371952501,640.3489371952501,0.0,0.0,640.3489371952501,1.0
p70,2029,779.8177734902101,779.8177734902101,0.0,0.0,779.8177734902101,1.0
p70,2030,923.3468410776295,923.3468410776295,0.0,0.0,923.3468410776295,1.0
p70,2031,1002.2475756510994,1002.2475756510994,43.39048581638963,75.01122693698017,958.8570898347098,0.958503341246498
p70,2032,1082.3752779527895,1082.3752779527895,87.23459861236006,150.80666072644,995.1406793404294,0.9254156446861186
p70,2033,1163.74902828423,1163.74902828423,131.53708084313985,227.39449987962962,1032.2119474410902,0.898449400548458
p70,2034,1246.38820366045,1246.38820366045,176.30272454408987,304.78302861935026,1070.0854791163601,0.8760779864066562
p70,2035,1330.3124824241295,1330.3124824241295,221.53637184902982,382.98061777602015,1108.7761105750997,0.8572435896453389
p70,2036,1415.5418489314698,1415.5418489314698,267.24291551399983,461.9957256931302,1148.29893341747,0.8411900789926247
p70,2037,1502.09659831094,1502.09659831094,313.42729944647,541.8368991421403,1188.66929886447,0.8273626142659841
p70,2038,1589.9973412959998,1589.9973412959998,360.09451924014957,622.5127742469704,1229.9028220558503,0.8153448427085138
p70,2039,1679.2650091330597,1679.2650091330597,407.24962271527966,704.03207741812,1272.01538641778,0.8048182282074305
p70,2040,1769.9208585656697,1769.9208585656697,454.89771046469014,786.4036262965801,1315.0231481009796,0.7955349183088903
p70,2041,1840.1392041715899,1840.1392041715899,485.24988446234966,838.8748943391402,1354.8893197092402,0.7913252939758946
p70,2042,1911.19037871181,1911.19037871181,515.8021007053494,891.6919850656404,1395.3882780064605,0.7874727239248722
p70,2043,1983.0842600042697,1983.0842600042697,546.5556776132498,944.8571776916096,1436.5285823910199,0.7839393387629664
p70,2044,2055.83084302335,2055.83084302335,577.5119422949401,998.3727664542103,1478.31890072841,0.7806924546569669
p70,2045,2129.4402412894497,2129.4402412894497,608.67223060587,1052.2410607112397,1520.7680106835796,0.7777037149301075
p70,2046,2203.92268827498,2203.92268827498,640.0378872057399,1106.4643850408193,1563.88480106924,0.7749483967099111
p70,2047,2279.2885388270797,2279.2885388270797,671.6102656164794,1161.0450793416403,1607.6782732106003,0.7724048467520652
p70,2048,2355.54827060717,2355.54827060717,703.3907282807195,1215.9854989340201,1652.1575423264503,0.7700540192084756
p70,2049,2432.7124855475995,2432.7124855475995,735.3806466205197,1271.2880146614607,1697.3318389270798,0.7678790944768553
p70,2050,2510.7919113256094,2510.7919113256094,767.5814010965996,1326.9550129930194,1743.2105102290097,0.7658651630099209
p71,2023,0.0,0.0,0.0,0.0,0.0,
p71,2024,0.800830392518975,0.800830392518975,0.5566897560579775,1.0220065864789944,0.24414063646099748,0.5899215517047474
p71,2025,1.6046953038419929,1.6046953038419929,1.1148458538609987,2.0467051767270164,0.4898494499809942,0.5900610473560062
p71,2026,2.4116062324129928,2.4116062324129928,1.6744721558099798,3.0741028615860273,0.737134076603013,0.5902006773447622
p71,2027,3.221574720248981,3.221574720248981,2.2355725344759776,4.104206750569972,0.9860021857730032,0.5903404416033756
p71,2028,4.034612353099988,4.034612353099988,2.798150872632988,5.137023971922986,1.2364614804669998,0.5904803400628857
p71,2029,4.850730760615988,4.850730760615988,3.3622110632829845,6.172561672664983,1.488519697333004,0.5906203726538971
p71,2030,5.669941616517974,5.669941616517974,3.927757009680988,7.210827018640998,1.742184606836986,0.5907605393068565
p71,2031,6.102691706894973,6.102691706894973,6.32212800616,11.606566121520018,-0.21943629926502695,0.49116943729032697
p71,2032,6.536304746802983,6.536304746802983,8.743130434512977,16.051196906862003,-2.206825687709994,0.4277844481316773
p71,2033,6.970782457053986,6.970782457053986,11.191060503292988,20.545263173232,-4.220278046239002,0.383814708247032
p71,2034,7.406126561891995,7.406126561891995,13.666217715634986,25.08931476760199,-6.260091153742991,0.3514619192032851
p71,2035,7.842338788999001,7.842338788999001,16.16890490590299,29.68390765262899,-8.32656611690399,0.3266111030585253
p71,2036,8.27942086950398,8.27942086950398,18.699428276741997,34.32960397467201,-10.420007407238018,0.30688562082923526
p71,2037,8.717374537986984,8.717374537986984,21.258097436541988,39.026972132571984,-12.540722898555003,0.2908169234297425
p71,2038,9.156201532485,9.156201532485,23.845225437313985,43.77658684719802,-14.689023904828986,0.27744865520100787
p71,2039,9.595903594503994,9.595903594503994,26.461128812999988,48.57902923175902,-16.865225218495993,0.26613126355087807
p71,2040,10.03648246902199,10.03648246902199,29.106127618191977,53.434886862908,-19.069645149169986,0.256408104790652
p71,2041,10.368315226345999,10.368315226345999,30.808074470763984,56.559429526460974,-20.439759244417985,0.2518024358768324
p71,2042,10.700645374648985,10.700645374648985,32.52206795967999,59.706088173927014,-21.821422585031,0.24756995915270694
p71,2043,11.033473659481984,11.033473659481984,34.248193352849995,62.875019345572014,-23.21471969336801,0.2436631508393261
p71,2044,11.366800827510986,11.366800827510986,35.986536521717994,66.06638068968198,-24.61973569420701,0.24004223279304016
p71,2045,11.700627626522987,11.700627626522987,37.73718394554399,69.280330970396,-26.036556319021003,0.23667365634635004
p71,2046,12.034954805423979,12.034954805423979,39.50022271569898,72.51703007561201,-27.465267910275003,0.23352892886594126
p71,2047,12.369783114244996,12.369783114244996,41.27574053999899,75.77663902493998,-28.905957425753996,0.23058369592905262
p71,2048,12.705113304139985,12.705113304139985,43.063825747069984,79.05931997771,-30.35871244293,0.22781701643048083
p71,2049,13.040946127387997,13.040946127387997,44.86456729074297,82.36523624103802,-31.82362116335497,0.22521078490782723
p71,2050,13.377282337396991,13.377282337396991,46.678054754473976,85.69455227795402,-33.300772417076985,0.22274926734542844
p72,2023,0.0,0.0,0.0,0.0,0.0,
p72,2024,18.719626585979313,18.719626585979313,12.067324977640055,22.175962504030394,6.652301608339258,0.6080376794466429
p72,2025,37.515743288569865,37.515743288569865,24.16643574291993,44.41033732698088,13.349307545649935,0.6082104082188381
p72,2026,56.3886626534495,56.3886626534495,36.29741602081958,66.70327832909061,20.091246632629918,0.6083833026491362
p72,2027,75.3386985033394,75.3386985033394,48.460349756819596,89.05493977588958,26.878348746519805,0.6085563626064232
p72,2028,94.36616594332008,94.36616594332008,60.65532111753964,111.4654763392191,33.71084482578044,0.6087295879588162
p72,2029,113.47138136597005,113.47138136597005,72.88241449126963,133.93504309837044,40.58896687470042,0.6089029785736011
p72,2030,132.65466245670996,132.65466245670996,85.14171448861998,156.4637955410799,47.512947968089975,0.609076534317227
p72,2031,142.79315635178955,142.79315635178955,137.04432742001973,251.84453653885066,5.748828931769822,0.5102717278155232
p72,2032,152.95345550275943,152.95345550275943,189.5242280409493,348.2861514403903,-36.570772538189885,0.4466085320366246
p72,2033,163.13560680704995,163.13560680704995,242.58783724346995,445.80043983359974,-79.45223043642,0.4020857290828297
p72,2034,173.3396572629299,173.3396572629299,296.24164733617,544.3993325475294,-122.90199007324009,0.36913662355215954
p72,2035,183.5656539697693,183.5656539697693,350.49222283841937,644.0948931120693,-166.92656886865007,0.3437186528674652
p72,2036,193.8136441282295,193.8136441282295,405.3462012835598,744.8993192339203,-211.53255715533032,0.3234756895215928
p72,2037,204.08367504049966,204.08367504049966,460.81029403104003,846.8249442889792,-256.7266189905404,0.30694168474032457
p72,2038,214.37579411046954,214.37579411046954,516.8912870874801,949.8842388313406,-302.5154929770106,0.2931566313080614
p72,2039,224.69004884400965,224.69004884400965,573.5960419370094,1054.0898121190294,-348.9059930929998,0.2814655690971387
p72,2040,235.0264868491695,235.0264868491695,630.9314963807001,1159.4544136567602,-395.9050095315306,0.2714063400311438
p72,2041,242.81420216779952,242.81420216779952,667.8244794851398,1227.2521576888503,-425.0102773173403,0.26664165168896303
p72,2042,250.61450975340995,250.61450975340995,704.9785966846093,1295.5297843718708,-454.3640869311994,0.26226069240660127
p72,2043,258.4274299669496,258.4274299669496,742.3956963255896,1364.2906903875592,-483.96826635864,0.2582148865047425
p72,2044,266.2529832022701,266.2529832022701,780.0776398374501,1433.5382964598703,-513.82465663518,0.2544635293467491
p72,2045,274.0911898862096,274.0911898862096,818.0263018250098,1503.2760475251598,-543.9351119388002,0.25097225524402234
p72,2046,281.94207047863983,281.94207047863983,856.2435701618497,1573.5074129035602,-574.3014996832098,0.24771184981738392
p72,2047,289.80564547250015,289.80564547250015,894.7313460841897,1644.2358864716007,-604.9257006116895,0.24465731972763854
p72,2048,297.68193539387994,297.68193539387994,933.4915442855099,1715.4649868358993,-635.80960889163,0.24178715697433587
p72,2049,305.57096080204974,305.57096080204974,972.5260930117402,1787.1982575085003,-666.9551322096904,0.2390827518851079
p72,2050,313.4727422895194,313.4727422895194,1011.8369341572497,1859.4392670827,-698.3641918677304,0.23652792087805297
p73,2023,0.0,0.0,0.0,0.0,0.0,
p73,2024,1.1989007362510051,1.1989007362510051,0.7888364411660405,1.4487206767099678,0.41006429508496467,0.6031485197700585
p73,2025,2.402601032861014,2.402601032861014,1.5797507071740142,2.901257338145001,0.8228503256869999,0.6033121104565919
p73,2026,3.6111201039159937,3.6111201039159937,2.372748271092007,4.35762003575303,1.2383718328239866,0.603475858359128
p73,2027,4.824477240419014,4.824477240419014,3.167834620405017,5.817818847457033,1.6566426200139972,0.6036397633664906
p73,2028,6.0426918106010135,6.0426918106010135,3.9650152570530395,7.281863877725982,2.077676553547974,0.6038038253669135
p73,2029,7.2657832602309895,7.2657832602309895,4.764295697466991,8.749765257643958,2.501487562763998,0.6039680442480932
p73,2030,8.493771112925003,8.493771112925003,5.565681472609015,10.221533144980981,2.9280896403159886,0.6041324198969433
p73,2031,9.142683898635994,9.142683898635994,8.958535526669039,16.452606615556988,0.18414837196695544,0.5050866289071531
p73,2032,9.79296397763602,9.79296397763602,12.389126657287022,22.752985306118944,-2.596162679651002,0.441480658374832
p73,2033,10.444614230883019,10.444614230883019,15.857874595734017,29.123440065147975,-5.4132603648509985,0.39709604287764205
p73,2034,11.09763754540603,11.09763754540603,19.365203741751998,35.56475031490004,-8.267566196345967,0.36430080309299223
p73,2035,11.752036814317023,11.752036814317023,22.911543215472022,42.07770414676804,-11.159506401155,0.33903124848090144
p73,2036,12.407814936824991,12.407814936824991,26.497326909924993,48.66309841770499,-14.089511973100002,0.3189248091087863
p73,2037,13.064974818246014,13.064974818246014,30.12299354412204,55.32173884771805,-17.058018725876025,0.30251422592108346
p73,2038,13.723519370019005,13.723519370019005,33.78898671673403,62.054440118451,-20.065467346715025,0.288840149685248
p73,2039,14.38345150971702,14.38345150971702,37.49575496036704,68.86202597285501,-23.112303450650018,0.27724887268680914
p73,2040,15.04477416105999,15.04477416105999,41.24375179643704,75.74532931597798,-26.198977635377048,0.26727959038082055
p73,2041,15.542984256717034,15.542984256717034,43.655432061121985,80.17444907101401,-28.11244780440495,0.2625574335175799
p73,2042,16.04198352657903,16.04198352657903,46.08418256221603,84.63491880324602,-30.042199035636997,0.258216216073123
p73,2043,16.541773220713026,16.541773220713026,48.530124125425004,89.12696041253798,-31.98835090471198,0.2542076364044235
p73,2044,17.04235459116603,17.04235459116603,50.993378431678025,93.65079736939401,-33.95102384051199,0.25049123209187435
p73,2045,17.543728891967987,17.543728891967987,53.47406802317903,98.20665472607595,-35.93033913121104,0.2470328516798326
p73,2046,18.04589737913699,18.04589737913699,55.972316309505004,102.79475912780094,-37.926418930368015,0.24380347052209544
p73,2047,18.54886131067701,18.54886131067701,58.48824757374604,107.41533882401404,-39.939386263069025,0.24077826360936558
p73,2048,19.052621946588033,19.052621946588033,61.021986978683,112.06862367974304,-41.96936503209497,0.2379358725856374
p73,2049,19.557180548865006,19.557180548865006,63.57366057301999,116.75484518703797,-44.01648002415499,0.2352578211038501
p73,2050,20.062538381500985,20.062538381500985,66.14339529765402,121.47423647648202,-46.08085691615304,0.23272804463983435
p74,2023,0.0,0.0,0.0,0.0,0.0,
p74,2024,0.49355580205198635,0.49355580205198635,0.0,0.0,0.49355580205198635,1.0
p74,2025,0.9881657786179971,0.9881657786179971,0.0,0.0,0.9881657786179971,1.0
p74,2026,1.4838321812839865,1.4838321812839865,0.0,0.0,1.4838321812839865,1.0
p74,2027,1.9805572664479882,1.9805572664479882,0.0,0.0,1.9805572664479882,1.0
p74,2028,2.478343295323981,2.478343295323981,0.0,0.0,2.478343295323981,1.0
p74,2029,2.9771925339579752,2.9771925339579752,0.0,0.0,2.9771925339579752,1.0
p74,2030,3.4771072532359995,3.4771072532359995,0.0,0.0,3.4771072532359995,1.0
p74,2031,3.740479599847987,3.740479599847987,2.4158189014249842,4.286355824969974,1.3246606984230027,0.6075858081076718
p74,2032,4.004147675559977,4.004147675559977,4.856894045337981,8.617523470082006,-0.8527463697780036,0.4518822731774934
p74,2033,4.268111812434995,4.268111812434995,7.323489473793984,12.993971421693004,-3.055377661358989,0.3682072655057231
p74,2034,4.532372342904978,4.532372342904978,9.815871989280993,17.416173063963015,-5.283499646376015,0.3158834097031623
p74,2035,4.796929599777002,4.796929599777002,12.334311183579985,21.88460673005801,-7.537381583802983,0.28001063439825224
p74,2036,5.061783916233992,5.061783916233992,14.879079466929,26.399755753892975,-9.817295550695007,0.2538397570341861
p74,2037,5.32693562582898,5.32693562582898,17.450452097483975,30.962108522408016,-12.123516471654995,0.23386947136070357
p74,2038,5.592385062491985,5.592385062491985,20.048707211096,35.57215852839897,-14.456322148604016,0.21810245066090692
p74,2039,5.858132560528986,5.858132560528986,22.674125851393,40.23040442389299,-16.815993290864014,0.2053161188979422
p74,2040,6.124178454616981,6.124178454616981,25.326992000182003,44.93735007408998,-19.20281354556502,0.19472020805771068
p74,2041,6.324188670879977,6.324188670879977,27.016886783871968,47.93570824795103,-20.69269811299199,0.18968160398613118
p74,2042,6.524367536352997,6.524367536352997,28.717919166698977,50.95382771803702,-22.19355163034598,0.18512895009698643
p74,2043,6.724715193240996,6.724715193240996,30.430162553301017,53.99183872523503,-23.70544736006002,0.1809914498740845
p74,2044,6.925231783869975,6.925231783869975,32.15369083210399,57.049872368811975,-25.228459048234015,0.17721143062012681
p74,2045,7.125917450685989,7.125917450685989,33.88857837851097,60.12806061207101,-26.76266092782498,0.17374143718263793
p74,2046,7.326772336252986,7.326772336252986,35.63490005811198,63.22653628804699,-28.308127721858995,0.17054206523892204
p74,2047,7.527796583257981,7.527796583257981,37.39273122991298,66.34543310523702,-29.864934646655,0.16758032351193314
p74,2048,7.728990334505994,7.728990334505994,39.16214774958999,69.48488565337198,-31.433157415083997,0.16482838016523696
p74,2049,7.930353732923976,7.930353732923976,40.94322597275996,72.64502940922603,-33.012872239835986,0.16226259219562927
p74,2050,8.131886921559982,8.131886921559982,42.73604275827901,75.82600074245897,-34.60415583671903,0.15986274599225483
p75,2023,0.0,0.0,0.0,0.0,0.0,
p75,2024,5.002989449169945,5.002989449169945,0.0,0.0,5.002989449169945,1.0
p75,2025,10.026286532659924,10.026286532659924,0.0,0.0,10.026286532659924,1.0
p75,2026,15.069973681160036,15.069973681160036,0.0,0.0,15.069973681160036,1.0
p75,2027,20.13413366000009,20.13413366000009,0.0,0.0,20.13413366000009,1.0
p75,2028,25.21884957042994,25.21884957042994,0.0,0.0,25.21884957042994,1.0
p75,2029,30.3242048510499,30.3242048510499,0.0,0.0,30.3242048510499,1.0
p75,2030,35.450283279109954,35.450283279109954,0.0,0.0,35.450283279109954,1.0
p75,2031,38.159331879109914,38.159331879109914,12.885586884860004,22.477231765089982,25.27374499424991,0.7475637693843231
p75,2032,40.87416834976011,40.87416834976011,25.905886478019966,45.18945234311013,14.968281871740146,0.6120715003180368
p75,2033,43.594805056809946,43.594805056809946,39.06230713704008,68.13911843082997,4.532497919769867,0.5274174707987627
p75,2034,46.321254392460105,46.321254392460105,52.356271943210004,91.32871240859004,-6.035017550749899,0.4694205064980011
p75,2035,49.05352877535006,49.05352877535006,65.78921885542991,114.76074260883979,-16.73569008007985,0.42713649566324735
p75,2036,51.79164065066993,51.79164065066993,79.36260086581001,138.43774358748988,-27.570960215140076,0.3948910843585806
p75,2037,54.53560249021007,54.53560249021007,93.0778861567801,162.36227639799017,-38.54228366657003,0.3694486390781609
p75,2038,57.28542679236989,57.28542679236989,106.93655825995006,186.5369288684301,-49.65113146758017,0.34882921902398856
p75,2039,60.041126082300025,60.041126082300025,120.94011621651998,210.96431588139012,-60.89899013421996,0.3317533094571508
p75,2040,62.80271291187,62.80271291187,135.09007473947008,235.6470796568101,-72.28736182760008,0.3173572602480074
p75,2041,64.88329479688991,64.88329479688991,144.10369991173002,251.37017739779003,-79.2204051148401,0.3104657057122307
p75,2042,66.96721852507994,66.96721852507994,153.17673123455006,267.19690144824017,-86.20951270947012,0.30419740627984493
p75,2043,69.05448946413003,69.05448946413003,162.3095602363701,283.1279347786699,-93.25507077224006,0.29846680827691596
p75,2044,71.14511299034007,71.14511299034007,171.50258102610997,299.1639648608402,-100.3574680357699,0.29320333448343777
p75,2045,73.23909448866993,73.23909448866993,180.75619031011001,315.30568369745015,-107.51709582144008,0.2883482445223004
p75,2046,75.33643935269993,75.33643935269993,190.07078740931001,331.5537878519499,-114.73434805661009,0.2838522532781443
p75,2047,77.43715298471011,77.43715298471011,199.44677427646002,347.9089784786802,-122.00962129174991,0.2796737020840783
p75,2048,79.54124079561007,79.54124079561007,208.8845555134301,364.3719613530502,-129.34331471782002,0.2757771385690615
p75,2049,81.64870820504007,81.64870820504007,218.38453838875012,380.9434469020398,-136.73583018371005,0.2721322024541595
p75,2050,83.75956064132993,83.75956064132993,227.9471328550901,397.6241502348398,-144.18757221376018,0.2687127430655958
p76,2023,0.0,0.0,0.0,0.0,0.0,
p76,2024,6.0332289983700775,6.0332289983700775,0.0,0.0,6.0332289983700775,1.0
p76,2025,12.093516431669968,12.093516431669968,0.0,0.0,12.093516431669968,1.0
p76,2026,18.18098365433002,18.18098365433002,0.0,0.0,18.18098365433002,1.0
p76,2027,24.295752564989925,24.295752564989925,0.0,0.0,24.295752564989925,1.0
p76,2028,30.437945609020062,30.437945609020062,0.0,0.0,30.437945609020062,1.0
p76,2029,36.60768578096008,36.60768578096008,0.0,0.0,36.60768578096008,1.0
p76,2030,42.80509662692998,42.80509662692998,0.0,0.0,42.80509662692998,1.0
p76,2031,46.082587379390134,46.082587379390134,14.063755577790062,24.53677346635004,32.01883180160007,0.7661743859006951
p76,2032,49.36781708311992,49.36781708311992,28.274541059580088,49.33006727873999,21.09327602353983,0.6358361371815382
p76,2033,52.66080401169006,52.66080401169006,42.63389357338997,74.38256323588985,10.026910438300092,0.552610012374235
p76,2034,55.961566481759974,55.961566481759974,57.143366317179925,99.69697117347005,-1.1817998354199517,0.49477564856733186
p76,2035,59.270122853290104,59.270122853290104,71.8045287268501,125.2760292571902,-12.53440587355999,0.4521860034627048
p76,2036,62.58649152957014,62.58649152957014,86.61896664603,151.12250427899016,-24.032475116459864,0.41946516095887054
p76,2037,65.91069095734997,65.91069095734997,101.58828249756994,177.23919195632016,-35.677591540219964,0.39349907404112505
p76,2038,69.24273962693997,69.24273962693997,116.71409545689994,203.62891723452003,-47.471355829959975,0.37235920688648744
p76,2039,72.58265607229009,72.58265607229009,131.9980416271701,230.29453459237993,-59.415385554880004,0.35478741097519295
p76,2040,75.93045887112999,75.93045887112999,147.44177421620998,257.2389283509501,-71.51131534507999,0.3399279213072141
p76,2041,78.45389241629005,78.45389241629005,157.27954275753996,274.40270062911986,-78.82565034124991,0.33280765776156485
p76,2042,80.98180660346998,80.98180660346998,167.18214913581005,291.6795942786098,-86.20034253234007,0.3263238062200665
p76,2043,83.51420938855995,83.51420938855995,177.15002067809996,309.0703548490901,-93.63581128954002,0.32038998740718194
p76,2044,86.05110874158004,86.05110874158004,187.18358752791005,326.5757328039099,-101.13247878633001,0.31493477920793866
p76,2045,88.59251264668,88.59251264668,197.28328266367998,344.19648355251,-108.69077001699998,0.3098986136636712
p76,2046,91.13842910222002,91.13842910222002,207.44954191748002,361.93336748304,-116.31111281526,0.30523141568957224
p76,2047,93.68886612073993,93.68886612073993,217.6828039938,379.7871499951002,-123.99393787306008,0.3008907845928177
p76,2048,96.24383172900002,96.24383172900002,227.9835104885501,397.7586015328402,-131.7396787595501,0.29684057819041776
p76,2049,98.80333396804008,98.80333396804008,238.35210590802012,415.84849761817986,-139.54877193998004,0.2930497992390709
p76,2050,101.36738089315008,101.36738089315008,248.78903768814007,434.05761888427014,-147.42165679498999,0.2894917114581387
p77,2023,0.0,0.0,0.0,0.0,0.0,
p77,2024,1.7159603728999855,1.7159603728999855,0.0,0.0,1.7159603728999855,1.0
p77,2025,3.440430357299988,3.440430357299988,0.0,0.0,3.440430357299988,1.0
p77,2026,5.173452153178005,5.173452153178005,0.0,0.0,5.173452153178005,1.0
p77,2027,6.915068169783979,6.915068169783979,0.0,0.0,6.915068169783979,1.0
p77,2028,8.665321026679976,8.665321026679976,0.0,0.0,8.665321026679976,1.0
p77,2029,10.424253554782013,10.424253554782013,0.0,0.0,10.424253554782013,1.0
p77,2030,12.191908797408985,12.191908797408985,0.0,0.0,12.191908797408985,1.0
p77,2031,13.127448181973989,13.127448181973989,3.61750499352803,6.314533947028963,9.509943188445959,0.7839644604787271
p77,2032,14.065430888387027,14.065430888387027,7.272829288520029,12.695083355926045,6.792601599866998,0.6591648415464108
p77,2033,15.005863297802989,15.005863297802989,10.966368267864027,19.14233838708003,4.039495029938962,0.5777656517447429
p77,2034,15.948751808043028,15.948751808043028,14.698521447986025,25.656996416179027,1.250230360057003,0.5203970896466467
p77,2035,16.894102833634975,16.894102833634975,18.46969252206702,32.23976210964702,-1.5755896884320464,0.47772312512579335
p77,2036,17.841922805860975,17.841922805860975,22.280289403710015,38.89134750085702,-4.43836659784904,0.4446894082675944
p77,2037,18.79221817280103,18.79221817280103,26.130724271061013,45.612472067157,-7.338506098259984,0.41832117734239527
p77,2038,19.744995399371987,19.744995399371987,30.02141361139303,52.40386280768996,-10.276418212021042,0.39675346869212386
p77,2039,20.70026096737803,20.70026096737803,33.952778266157,59.26625432202695,-13.252517298778969,0.37875772798150953
p77,2040,21.658021375549026,21.658021375549026,37.92524347650101,66.20038888963495,-16.267222100951983,0.36349168561554335
p77,2041,22.38032222830202,22.38032222830202,40.455732336791016,70.61748239454198,-18.075410108488995,0.35617007438170434
p77,2042,23.10404202494402,23.10404202494402,43.00289890436699,75.06368766266905,-19.898856879422965,0.3494949501543184
p77,2043,23.829183552959023,23.829183552959023,45.566853097088995,79.53919656107803,-21.73766954412997,0.34337960355179065
p77,2044,24.555749605306005,24.555749605306005,48.147705557253005,84.04420222137196,-23.591955951947,0.33775216804210123
p77,2045,25.283742980430986,25.283742980430986,50.745567656367996,88.57889904802698,-25.46182467593701,0.3325525743777215
p77,2046,26.01316648227902,26.01316648227902,53.36055149995502,93.14348272678103,-27.347385017676004,0.32773022536378427
p77,2047,26.744022920301006,26.744022920301006,55.99276993239499,97.73815023307998,-29.248747012093986,0.32324219972988166
p77,2048,27.476315109469,27.476315109469,58.64233654178901,102.363099840578,-31.166021432320008,0.31905184977507284
p77,2049,28.21004587028301,28.21004587028301,61.30936566486599,107.01853112969002,-33.09931979458298,0.3151276956194756
p77,2050,28.945218028785007,28.945218028785007,63.993972391913985,111.70464499620698,-35.04875436312898,0.31144254536500093
p78,2023,0.0,0.0,0.0,0.0,0.0,
p78,2024,4.475878403467959,4.475878403467959,0.0,0.0,4.475878403467959,1.0
p78,2025,8.974488806700037,8.974488806700037,0.0,0.0,8.974488806700037,1.0
p78,2026,13.495946660513027,13.495946660513027,0.0,0.0,13.495946660513027,1.0
p78,2027,18.040368002069954,18.040368002069954,0.0,0.0,18.040368002069954,1.0
p78,2028,22.607869457865036,22.607869457865036,0.0,0.0,22.607869457865036,1.0
p78,2029,27.198568246708987,27.198568246708987,0.0,0.0,27.198568246708987,1.0
p78,2030,31.812582182743995,31.812582182743995,0.0,0.0,31.812582182743995,1.0
p78,2031,34.25504228794705,34.25504228794705,9.213471141660989,16.079061606840014,25.04157114628606,0.7880426447851482
p78,2032,36.70403573398403,36.70403573398403,18.523264760630013,32.3262221877701,18.180770973354015,0.6645994898404193
p78,2033,39.15957999689897,39.15957999689897,27.93038786278896,48.74323913796002,11.229192134110008,0.5836875653122592
p78,2034,41.62169259948405,41.62169259948405,37.43585798178901,65.33188822529996,4.185834617695036,0.5264733386432957
p78,2035,44.09039111140203,44.09039111140203,47.04070328911598,82.09396378250995,-2.950312177713954,0.48381281275550453
p78,2036,46.56569314931403,46.56569314931403,56.74596270529901,99.03127890119003,-10.180269555984978,0.45073029528095393
p78,2037,49.04761637700301,49.04761637700301,66.55268601229,116.14566562795994,-17.505069635286986,0.42428622904316765
p78,2038,51.53617850550097,51.53617850550097,76.46193396701506,133.43897516262996,-24.925755461514086,0.40263233191479214
p78,2039,54.031397293215946,54.031397293215946,86.47477841610998,150.91307805841006,-32.44338112289404,0.3845482023864498
p78,2040,56.533290546056946,56.533290546056946,96.59230241186106,168.56986442427,-40.05901186580411,0.36919556981956264
p78,2041,58.42035995522701,58.42035995522701,103.03723783842997,179.81736411061001,-44.61687788320296,0.36183097453170526
p78,2042,60.31122648739495,60.31122648739495,109.52464993747401,191.13899275693007,-49.21342345007906,0.3551147599492919
p78,2043,62.205897783057026,62.205897783057026,116.05481866024104,202.5352389253901,-53.848920877184014,0.3489602141414244
p78,2044,64.10438149807999,64.10438149807999,122.62802580305402,214.0065943981299,-58.52364430497403,0.3432954269941053
p78,2045,66.00668530373798,66.00668530373798,129.24455501946397,225.55355419845,-63.23786971572599,0.3380602612023168
p78,2046,67.91281688673996,67.91281688673996,135.904691832524,237.17661661222996,-67.99187494578405,0.3332040378350534
p78,2047,69.822783949263,69.822783949263,142.60872364705403,248.87628320940007,-72.78593969779104,0.32868374724312094
p78,2048,71.73659420898002,71.73659420898002,149.35693976209393,260.6530588655801,-77.6203455531139,0.3244626512612777
p78,2049,73.654255399097,73.654255399097,156.14963138336395,272.50745178388,-82.49537598426696,0.32050918037265513
p78,2050,75.57577526837599,75.57577526837599,162.98709163584397,284.4399735168299,-87.41131636746798,0.31679605568589486
p79,2023,0.0,0.0,0.0,0.0,0.0,
p79,2024,13.375966544260336,13.375966544260336,0.0,0.0,13.375966544260336,1.0
p79,2025,26.80580260932993,26.80580260932993,0.0,0.0,26.80580260932993,1.0
p79,2026,40.289725145890316,40.289725145890316,0.0,0.0,40.289725145890316,1.0
p79,2027,53.82795197837004,53.82795197837004,0.0,0.0,53.82795197837004,1.0
p79,2028,67.42070180846031,67.42070180846031,0.0,0.0,67.42070180846031,1.0
p79,2029,81.06819421862019,81.06819421862019,0.0,0.0,81.06819421862019,1.0
p79,2030,94.77064967567003,94.77064967567003,0.0,0.0,94.77064967567003,1.0
p79,2031,102.01180034730032,102.01180034730032,34.72254897973016,60.58398050171036,67.28925136757016,0.7460583302540644
p79,2032,109.26830033999022,109.26830033999022,69.80810576451995,121.80133782713983,39.46019457547027,0.610176978178915
p79,2033,116.5401821902401,116.5401821902401,105.26046542906033,183.65869363099955,11.27971676117977,0.5254276010513286
p79,2034,123.82747850351006,123.82747850351006,141.08346272374,246.1627387942999,-17.255984220229948,0.46743059357932076
p79,2035,131.13022195437998,131.13022195437998,177.28097248945005,309.32023414802006,-46.150750535070074,0.4251798388539438
p79,2036,138.44844528669,138.44844528669,213.85691007670994,373.13801120440985,-75.40846479001993,0.39297854312740044
p79,2037,145.7821813136802,145.7821813136802,250.81523176917017,437.62297289598973,-105.03305045548996,0.36758227992582965
p79,2038,153.1314629181602,153.1314629181602,288.15993521153996,502.78209432212043,-135.02847229337976,0.3470075862959678
p79,2039,160.49632305264004,160.49632305264004,325.89505984204015,568.6224235035597,-165.39873678940012,0.3299736152755667
p79,2040,167.87679473947037,167.87679473947037,364.0246873292904,635.15108214476,-196.14789258982,0.31561633196910016
p79,2041,173.43705177011998,173.43705177011998,388.3135337997901,677.5303153582299,-214.87648202967011,0.3087438735718695
p79,2042,179.00616949170035,179.00616949170035,412.7624609085101,720.1888576244401,-233.75629141680974,0.3024935089422352
p79,2043,184.58416202440003,184.58416202440003,437.37252369982025,763.1285497871604,-252.78836167542022,0.2967797698154271
p79,2044,190.1710435109103,190.1710435109103,462.14478417157034,806.3512448226002,-271.97374066066004,0.29153216193839987
p79,2045,195.76682811644014,195.76682811644014,487.0803113209304,849.8588079193996,-291.31348320449024,0.28669202345599853
p79,2046,201.37153002878995,201.37153002878995,512.1801811905402,893.6531165591005,-310.8086511617503,0.2822101423941407
p79,2047,206.98516345837015,206.98516345837015,537.4454769148701,937.7360605971899,-330.4603134565,0.2780449275362881
p79,2048,212.60774263822032,212.60774263822032,562.8772887670602,982.1095423446204,-350.2695461288399,0.2741609883210089
p79,2049,218.23928182407008,218.23928182407008,588.47671420589,1026.7754766499202,-370.2374323818199,0.270528020887248
p79,2050,223.87979529438007,223.87979529438007,614.24485792318,1071.7357909818202,-390.36506262879993,0.26711992593811157
p8,2023,0.0,0.0,0.0,0.0,0.0,
p8,2024,0.45446279246502286,0.45446279246502286,1.731281002875022,3.1181796371379846,-1.2768182104099992,0.20792134624100364
p8,2025,0.910153271781013,0.910153271781013,3.4803786564730217,6.268448529223974,-2.5702253846920087,0.2072990896442359
p8,2026,1.36707475442401,1.36707475442401,5.247476312339018,9.451136907485022,-3.8804015579150075,0.2066768765749385
p8,2027,1.8252305658300259,1.8252305658300259,7.0327592088890185,12.666578401563015,-5.207528643058993,0.20605471582720564
p8,2028,2.2846240404170146,2.2846240404170146,8.836414490833022,15.915110074489007,-6.551790450416007,0.20543261620731174
p8,2029,2.745258521610026,2.745258521610026,10.658631228792018,19.19707245801999,-7.913372707181992,0.20481058653348616
p8,2030,3.207137361869002,3.207137361869002,12.499600439117017,22.512809588330015,-9.292463077248016,0.20418863563557213
p8,2031,3.4506951937030124,3.4506951937030124,15.72775184312701,28.326976067870987,-12.277056649423997,0.17992568361120925
p8,2032,3.6945990396240234,3.6945990396240234,19.013563066140023,34.24499262905499,-15.318964026516,0.16269916615956417
p8,2033,3.938849391203007,3.938849391203007,22.358064002455023,40.26871419631601,-18.419214611252016,0.1497837153828453
p8,2034,4.183446740708007,4.183446740708007,25.762302941890027,46.400028825928985,-21.57885620118202,0.1397008518754525
p8,2035,4.428391581108002,4.428391581108002,29.227346898353005,52.640858297799014,-24.798955317245003,0.13157909412121516
p8,2036,4.673684406070009,4.673684406070009,32.75428194428602,58.993158717819995,-28.08059753821601,0.12487144939483337
p8,2037,4.919325709964028,4.919325709964028,36.34421355107801,65.45892113098603,-31.424887841113986,0.11921725082386446
p8,2038,5.165315987861021,5.165315987861021,39.99826693556102,72.04017214546002,-34.8329509477,0.11436904810274175
p8,2039,5.4116557355370105,5.4116557355370105,43.71758741269602,78.738974567789,-38.30593167715901,0.1101514167276897
p8,2040,5.658345449472023,5.658345449472023,47.50334075455203,85.55742804946101,-41.844995305080005,0.10643653077060819
p8,2041,5.843920830179002,5.843920830179002,49.950065485845016,89.96418074999298,-44.106144655666014,0.10474105214634269
p8,2042,6.029694256310023,6.029694256310023,52.424539296267,94.42091182685101,-46.39484503995698,0.10315239615427645
p8,2043,6.215665939218013,6.215665939218013,54.92707689690101,98.92818810061198,-48.711410957683,0.10165827784137638
p8,2044,6.401836090483016,6.401836090483016,57.457996568071025,103.48658282034103,-51.05616047758801,0.100248244067791
p8,2045,6.588204921908016,6.588204921908016,60.01762019981501,108.096675736505,-53.429415277907,0.09891334443898839
p8,2046,6.7747726455260135,6.7747726455260135,62.60627333283,112.75905317470102,-55.831500687303986,0.09764587071286673
p8,2047,6.961539473592012,6.961539473592012,65.224285199874,117.474308110234,-58.26274572628199,0.09643914861515639
p8,2048,7.1485056185910025,7.1485056185910025,67.871988767635,122.24304024352699,-60.723483149044,0.09528737016565823
p8,2049,7.335671293232025,7.335671293232025,70.54972077908201,127.065856076395,-63.21404948584998,0.09418545760700664
p8,2050,7.523036710454022,7.523036710454022,73.25782179629601,131.94336898918402,-65.73478508584199,0.09312895219881079
p80,2023,0.0,0.0,0.0,0.0,0.0,
p80,2024,146.9604975371003,146.9604975371003,45.20522196710044,87.08226645049945,101.75527556999987,0.7647591772157247
p80,2025,295.97159861399996,295.97159861399996,90.60446893220069,174.5382980510003,205.36712968179927,0.7656231812090325
p80,2026,447.06191619089986,447.06191619089986,136.19857366860015,262.3696990362987,310.8633425222997,0.7664875710998209
p80,2027,600.2604624771011,600.2604624771011,181.98837252380144,350.5780805264985,418.27208995329966,0.7673523252692457
p80,2028,755.5966545019,755.5966545019,227.97470543520103,439.16506055670106,527.621949066699,0.7682174220182866
p80,2029,913.1003197630998,913.1003197630998,274.15841594500125,528.1322641070983,638.9419038180986,0.7690828395703582
p80,2030,1072.8017019545005,1072.8017019545005,320.5403512162011,617.4813231320004,752.2613507382994,0.7699485560729494
p80,2031,1158.5494203388007,1158.5494203388007,451.4099277794012,869.5853686519004,707.1394925593995,0.7196140832332003
p80,2032,1244.9307159371,1244.9307159371,583.8576154162001,1124.7294498804986,661.0731005209,0.6807407366908632
p80,2033,1331.9502701577003,1331.9502701577003,717.9024440237008,1382.9502255597,614.0478261339995,0.6497785235704645
p80,2034,1419.6127989994002,1419.6127989994002,853.5636729737998,1644.2847964864013,566.0491260256003,0.62450619936565
p80,2035,1507.9230533065002,1507.9230533065002,990.8607938804998,1908.7707108432987,517.0622594260003,0.6034627825067946
p80,2036,1596.8858190267001,1596.8858190267001,1129.8135334006001,2176.4459695935,467.0722856261,0.5856479254323205
p80,2037,1686.5059174704002,1686.5059174704002,1270.4418560677004,2447.349031940699,416.06406140269974,0.5703536371399728
p80,2038,1776.7882055718,1776.7882055718,1412.765967161,2721.518820854999,364.0222384108001,0.5570647524225787
p80,2039,1867.7375761525,1867.7375761525,1556.8063156080007,2998.9947286649003,310.9312605444993,0.5453974704912681
p80,2040,1959.3589581862998,1959.3589581862998,1702.583596922801,3279.816622717699,256.7753612634988,0.5350599930773421
p80,2041,2029.1493169285004,2029.1493169285004,1786.974706088,3442.3856520150985,242.17461084050046,0.5317304429022554
p80,2042,2099.329594187,2099.329594187,1871.9479140882013,3606.076022689602,227.38168009879882,0.5286282788882154
p80,2043,2169.9019684354007,2169.9019684354007,1957.5072360270005,3770.8954693416017,212.39473240840016,0.5257297885776345
p80,2044,2240.8686303182003,2240.8686303182003,2043.656714703,3936.851779921799,197.21191561520027,0.5230144414765067
p80,2045,2312.2317827194,2312.2317827194,2130.4004208001006,4103.9527960997,181.83136191929952,0.5204643726499856
p80,2046,2383.9936408301,2383.9936408301,2217.7424530807,4272.206413633401,166.25118774939983,0.5180639637254937
p80,2047,2456.156432218,2456.156432218,2305.6869385787013,4441.620582743199,150.4694936392989,0.5157995005213836
p80,2048,2528.7223968960006,2528.7223968960006,2394.2380327948013,4612.2033084871,134.4843641011994,0.5136588914355387
p80,2049,2601.6937873920015,2601.6937873920015,2483.3999198929014,4783.9626511389,118.29386749910009,0.5116314343754995
p80,2050,2675.072868818901,2675.072868818901,2573.1768128977,4956.906726569399,101.89605592120097,0.5097076227409852
p81,2023,0.0,0.0,0.0,0.0,0.0,
p81,2024,28.438760754640043,28.438760754640043,7.145572940779857,13.765480466329791,21.293187813860186,0.799193291015603
p81,2025,57.17565189892002,57.17565189892002,14.309967589309963,27.56721972571995,42.86568430961006,0.799820331812805
p81,2026,86.21379880562972,86.21379880562972,21.493233522689934,41.40531328517045,64.72056528293979,0.8004472590315844
p81,2027,115.55635961159987,115.55635961159987,28.695420448590085,55.27985690329024,86.86093916300979,0.80107406344229
p81,2028,145.2065255611701,145.2065255611701,35.91657820559976,69.19094659090024,109.28994735557035,0.8017007358053607
p81,2029,175.16752135327988,175.16752135327988,43.156756763619796,83.13867861172002,132.01076458966008,0.8023272668717497
p81,2030,205.44260549214005,205.44260549214005,50.416006224149896,97.12314948302992,155.02659926799015,0.8029536473837593
p81,2031,221.60867460636973,221.60867460636973,81.14973612748008,156.3296766780004,140.45893847888965,0.7319653781680815
p81,2032,237.86429874744,237.86429874744,112.22530246106999,216.19472947232043,125.63899628637,0.6794383435735651
p81,2033,254.20997402252988,254.20997402252988,143.64650730642006,276.7256323281199,110.56346671610982,0.6389489324728322
p81,2034,270.64619928708,270.64619928708,175.41719503369995,337.92979117394043,95.22900425338003,0.6067438008429106
p81,2035,287.1734761600601,287.1734761600601,207.54125277217008,399.81469431092955,79.63222338789001,0.5804829720349792
p81,2036,303.7923090392501,303.7923090392501,240.02261088576006,462.38791332896017,63.769698153490026,0.5586318026749648
p81,2037,320.50320511659993,320.50320511659993,272.8652434539299,525.65710403305,47.63796166267002,0.5401419739939269
p81,2038,337.30667439380977,337.30667439380977,306.0731687579,589.6300073800403,31.23350563590975,0.5242729904957132
p81,2039,354.20322969777,354.20322969777,339.6504497723099,654.3144504257098,14.552779925460072,0.510486922787939
p81,2040,371.19338669632,371.19338669632,373.6011946622798,719.7183472823599,-2.407807965959819,0.4983835758031646
p81,2041,384.08552898488006,384.08552898488006,395.4470886167601,761.8030379002203,-11.361559631880027,0.49271258227344245
p81,2042,397.0315651108199,397.0315651108199,417.44761110132004,804.1856103013897,-20.41604599050015,0.4874668091052689
p81,2043,410.0317203699401,410.0317203699401,439.60385660001975,846.8681729380496,-29.57213623007965,0.48259716457758145
p81,2044,423.08622099989,423.08622099989,461.9169273438001,889.8528491862799,-38.83070634391015,0.4780618258722678
p81,2045,436.19529418406,436.19529418406,484.38793336539993,933.1417774517704,-48.19263918133993,0.47382494176565326
p81,2046,449.35916805554007,449.35916805554007,507.0179925545199,976.7371112761602,-57.65882449897981,0.46985560358729184
p81,2047,462.5780717010998,462.5780717010998,529.80823071344,1020.6410194441696,-67.23015901234021,0.46612702188212146
p81,2048,475.8522351652,475.8522351652,552.7597816130701,1064.8556860915196,-76.90754644787012,0.46261586234975494
p81,2049,489.18188945395013,489.18188945395013,575.87378704928,1109.3833108135595,-86.69189759532992,0.4593017062356988
p81,2050,502.56726653913984,502.56726653913984,599.1513968997801,1154.2261087747202,-96.5841303606403,0.456166608787782
p82,2023,0.0,0.0,0.0,0.0,0.0,
p82,2024,9.339607704773016,9.339607704773016,2.572015544822989,4.954624714350075,6.767592159950027,0.7840751431665519
p82,2025,18.768547119992945,18.768547119992945,5.150805875282003,9.922300096450044,13.617741244710942,0.7846594815378368
p82,2026,28.28767268780996,28.28767268780996,7.736388836418996,14.903060522269925,20.551283851390963,0.7852438478871773
p82,2027,37.89784702296993,37.89784702296993,10.328782320277924,19.896940458299923,27.569064702692003,0.78582823512786
p82,2028,47.59994099096002,47.59994099096002,12.928004266031962,24.9039744618201,34.67193672492806,0.7864126361610043
p82,2029,57.39483378696991,57.39483378696991,15.534072660106972,29.924197181140016,41.86076112686294,0.7869970438761514
p82,2030,67.28341301549995,67.28341301549995,18.147005536303936,34.95764335582999,49.13640747919601,0.7875814511513854
p82,2031,72.55590279299986,72.55590279299986,29.209467807260012,56.26791462520009,43.34643498573985,0.7129724223970406
p82,2032,77.85502681607,77.85502681607,40.39497250177999,77.8152097469299,37.460054314290005,0.658393465244762
p82,2033,83.18091962892004,83.18091962892004,51.704888161320014,99.60216502280991,31.476031467600023,0.6166765873417468
p82,2034,88.53371645544007,88.53371645544007,63.140598548920025,121.63144607695995,25.393117906520047,0.5837093541704477
p82,2035,93.91355320260004,93.91355320260004,74.70350281858987,143.90574818195,19.210050384010174,0.5569635446060571
p82,2036,99.32056646390993,99.32056646390993,86.39501568641003,166.4277965885501,12.925550777499893,0.5347993168581778
p82,2037,104.75489352287991,104.75489352287991,98.21656760370001,189.20034685920018,6.538325919179897,0.5161065153763227
p82,2038,110.2166723565299,110.2166723565299,110.16960493199008,212.22618520510014,0.0470674245398186,0.5001067839275632
p82,2039,115.70604163887992,115.70604163887992,122.25559011997007,235.5081288271599,-6.549548481090142,0.48623822581674125
p82,2040,121.22314074444989,121.22314074444989,134.47600188246997,259.04902626063995,-13.25286113802008,0.4740850497153274
p82,2041,125.40525330794003,125.40525330794003,142.33932919116,274.19661582287017,-16.934075883219975,0.468376435995158
p82,2042,129.60329958353987,129.60329958353987,150.25831431572988,289.4514223071001,-20.65501473219001,0.4630978067259622
p82,2043,133.81734027815992,133.81734027815992,158.23335121056994,304.8142046108801,-24.416010932410018,0.4581990187937079
p82,2044,138.04743633003,138.04743633003,166.26483661857992,320.28572700333007,-28.217400288549925,0.45363742642526433
p82,2045,142.29364890951,142.29364890951,174.35317009083997,335.8667591631802,-32.059521181329956,0.44937653047875004
p82,2046,146.55603942006996,146.55603942006996,182.4987540065099,351.5580762170798,-35.942714586439934,0.44538490958883475
p82,2047,150.83466949908006,150.83466949908006,190.70199359285994,367.3604587781301,-39.86732409377987,0.441635366855113
p82,2048,155.12960101877002,155.12960101877002,198.96329694541987,383.2746929847199,-43.83369592664985,0.43810424301268697
p82,2049,159.44089608709987,159.44089608709987,207.2830750482699,399.30157053967014,-47.84217896117002,0.43477085938362353
p82,2050,163.76861704864996,163.76861704864996,215.6617417945199,415.4418887495699,-51.893124745869954,0.4316170628727695
p83,2023,0.0,0.0,0.0,0.0,0.0,
p83,2024,17.56661057202996,17.56661057202996,4.2309536845498315,8.15498039107979,13.335656887480127,0.8058978684614874
p83,2025,35.32533542306987,35.32533542306987,8.47305186016979,16.331441307079785,26.852283562900084,0.8065442043476296
p83,2026,53.278275578569946,53.278275578569946,12.726323881869803,24.52943932852986,40.551951696700144,0.8071903475530156
p83,2027,71.42755504152001,71.42755504152001,16.9907991819598,32.74903118496013,54.43675585956021,0.8078362877122199
p83,2028,89.77532104368993,89.77532104368993,21.266507270319835,40.990273755339786,68.5088137733701,0.8084820144515154
p83,2029,108.32374429971992,108.32374429971992,25.553477734519902,49.253224068479994,82.77026656520002,0.8091275173906397
p83,2030,127.07501926385999,127.07501926385999,29.85174024008984,57.53793930337997,97.22327902377015,0.8097727861427071
p83,2031,137.0949267993799,137.0949267993799,48.049439550189845,92.61321833047987,89.04548724919005,0.740475821665197
p83,2032,147.1727564606599,147.1727564606599,66.44954307841999,128.07862274135005,80.72321338223992,0.6889391078469139
p83,2033,157.30884307839983,157.30884307839983,85.05430206911979,163.93849171218017,72.25454100928005,0.649062558511734
p83,2034,167.5035234188599,167.5035234188599,103.86599280612995,200.19721268168996,63.63753061272996,0.6172525409227776
p83,2035,177.75713619503995,177.75713619503995,122.88691689128996,236.85922188798986,54.87021930374999,0.5912544564585052
p83,2036,188.07002207794994,188.07002207794994,142.11940152605985,273.9290049113001,45.9506205518901,0.5695822114020797
p83,2037,198.4425237079099,198.4425237079099,161.56579979621984,311.41109722279,36.87672391169008,0.5512164879311007
p83,2038,208.87498570592993,208.87498570592993,181.22849095979996,349.31008473949987,27.646494746129974,0.5354348222969307
p83,2039,219.36775468521,219.36775468521,201.10988073815997,387.63060438538014,18.25787394705003,0.5217108740262327
p83,2040,229.92117926256992,229.92117926256992,221.21240161034984,426.37734465867015,8.708777652220078,0.5096521052981348
p83,2041,237.93315193055992,237.93315193055992,234.14753869244987,451.30926240702,3.785613238110045,0.5040094980723678
p83,2042,245.9800839193299,245.9800839193299,247.17423262444981,476.4176520269998,-1.1941487051199147,0.49878927481210245
p83,2043,254.0621277698599,254.0621277698599,260.2931314595098,501.70376261312003,-6.231003689649924,0.493942898825429
p83,2044,262.1794366887,262.1794366887,273.50488783785,527.1688521011702,-11.325451149150012,0.4894289877166373
p83,2045,270.33216455093,270.33216455093,286.81015901915,552.81418733079,-16.477994468220004,0.4852120420841199
p83,2046,278.52046590303985,278.52046590303985,300.2096069152799,578.6410441085,-21.689141012240043,0.4812614360036472
p83,2047,286.74449596584986,286.74449596584986,313.7038981232199,604.6507072711702,-26.95940215737005,0.4775506084929499
p83,2048,295.00441063746985,295.00441063746985,327.2937039582298,630.8444707499698,-32.28929332075995,0.4740564107752938
p83,2049,303.3003664962798,303.3003664962798,340.9797004872298,657.22363763467,-37.67933399095,0.47075857540699423
p83,2050,311.63252080383995,311.63252080383995,354.7625685624598,683.7895202385198,-43.13004775861987,0.46763928152619355
p84,2023,0.0,0.0,0.0,0.0,0.0,
p84,2024,2.431420728531009,2.431420728531009,1.2841960768870422,2.3574636466449874,1.1472246516439668,0.6543787628976032
p84,2025,4.87496726988104,4.87496726988104,2.571774774518019,4.721136941162968,2.303192495363021,0.6546443049612097
p84,2026,7.330700097064039,7.330700097064039,3.862745002844008,7.091036239997948,3.467955094220031,0.6549100863615492
p84,2027,9.798679984678017,9.798679984678017,5.157115695284006,9.467177942679996,4.641564289394012,0.6551761065983551
p84,2028,12.278968010415042,12.278968010415042,6.454895808789047,11.849578491935972,5.824072201625995,0.6554423651691046
p84,2029,14.771625556567017,14.771625556567017,7.7560943239010385,14.238254373801965,7.015531232665978,0.6557088615689991
p84,2030,17.276714311548005,17.276714311548005,9.060720244819038,16.633222117740956,8.215994066728967,0.6559755952909005
p84,2031,18.60260378120705,18.60260378120705,14.584159120476045,26.772878038041995,4.0184446607310065,0.5605428838093638
p84,2032,19.93197567585105,19.93197567585105,20.16903253837802,37.025312452684034,-0.23705686252696978,0.4970442530863494
p84,2033,21.264839142006053,21.264839142006053,25.81602380525902,47.391779742377025,-4.551184663252968,0.45166629944367503
p84,2034,22.601203350223045,22.601203350223045,31.525823827944066,57.873548239700995,-8.924620477721021,0.41755855675996845
p84,2035,23.941077495138018,23.941077495138018,37.29913119788108,68.47190038428596,-13.358053702743064,0.3909372290866656
p84,2036,25.28447079553797,25.28447079553797,43.13665227661403,79.18813287972,-17.85218148107606,0.3695418850239389
p84,2037,26.63139249442105,26.63139249442105,49.03910128220406,90.02355685219595,-22.407708787783008,0.3519389284419812
p84,2038,27.981851859063056,27.981851859063056,55.00720037661398,100.97949801093398,-27.025348517550924,0.33717521896260005
p84,2039,29.335858181079004,29.335858181079004,61.04167975406705,112.05729681036996,-31.705821572988043,0.3245923583593315
p84,2040,30.693420776489972,30.693420776489972,67.143277730384,123.25830861418001,-36.44985695389403,0.313720937489867
p84,2041,31.717266834045006,31.717266834045006,71.06940255549301,130.46569439738005,-39.35213572144801,0.30857373842753677
p84,2042,32.74313565337701,32.74313565337701,75.02331708387106,137.7240951434601,-42.28018143049405,0.3038342157666638
p84,2043,33.77103123075602,33.77103123075602,79.00521801522706,145.0338719440399,-45.234186784471035,0.2994516261761463
p84,2044,34.800957570347066,34.800957570347066,83.01530344153804,152.39538844656,-48.21434587119097,0.295383313571939
p84,2045,35.83291868422708,35.83291868422708,87.05377285690798,159.80901087243,-51.2208541726809,0.2915931598030888
p84,2046,36.866918592396985,36.866918592396985,91.12082716749006,167.27510803524,-54.25390857509308,0.2880503783663915
p84,2047,37.902961322802014,37.902961322802014,95.21666870148005,174.79405135907996,-57.31370737867803,0.2847285656960451
p84,2048,38.94105091134401,38.94105091134401,99.341501219186,182.36621489703998,-60.40045030784199,0.28160494806738967
p84,2049,39.98119140190107,39.98119140190107,103.49552992315802,189.99197534982,-63.514338521256946,0.27865977862234653
p84,2050,41.023386846335995,41.023386846335995,107.67896146840297,197.67171208446007,-66.65557462206698,0.2758758507263592
p85,2023,0.0,0.0,0.0,0.0,0.0,
p85,2024,0.9688319971000965,0.9688319971000965,18.182567953290345,31.549319466350426,-17.21373595619025,0.0505880509837269
p85,2025,1.9378940640999645,1.9378940640999645,36.44617103090968,63.239246300800005,-34.50827696680972,0.05048694189380979
p85,2026,2.9071862556402266,2.9071862556402266,54.79117038597997,95.07040715496987,-51.88398413033974,0.050385945542566
p85,2027,3.876708626370146,3.876708626370146,73.2179287812105,127.04343147329018,-69.34122015484036,0.050285062057882544
p85,2028,4.846461230949899,4.846461230949899,91.7268105960402,159.15895150549022,-86.8803493650903,0.05018429156705261
p85,2029,5.816444124050122,5.816444124050122,110.31818183385985,191.41760231906028,-104.50173770980973,0.050083634196730814
p85,2030,6.786657360350091,6.786657360350091,128.99241012923994,223.82002181182997,-122.20575276888985,0.049983090072926104
p85,2031,7.296217360019909,7.296217360019909,165.99941419573042,288.03239251685045,-158.70319683571051,0.042102719465681795
p85,2032,7.805840897410235,7.805840897410235,203.33181413077,352.8093709404302,-195.52597323335976,0.03697038738243257
p85,2033,8.315527980460047,8.315527980460047,240.99247108114014,418.15592157574974,-232.6769431006801,0.03335443712901248
p85,2034,8.825278617070126,8.825278617070126,278.9842713512098,484.0770525678399,-270.1589927341397,0.030663605908986608
p85,2035,9.33509281518991,9.33509281518991,317.3101266240501,550.5778160974996,-307.9750338088602,0.028578691067990207
p85,2036,9.844970582730184,9.844970582730184,355.9729741846704,617.6633087683904,-346.12800360194024,0.026912213366104686
p85,2037,10.354911927619924,10.354911927619924,394.97577714508043,685.3386719976897,-384.6208652174605,0.025546824375202098
p85,2038,10.864916857789922,10.864916857789922,434.32152467137985,753.60909241016,-423.4566078135899,0.024405318411023585
p85,2039,11.374985381170063,11.374985381170063,474.0132322129002,822.4798022355699,-462.63824683173016,0.02343481973574182
p85,2040,11.885117505680228,11.885117505680228,514.0539417332302,891.9560797097502,-502.16882422755,0.022597898552884153
p85,2041,12.267817968760028,12.267817968760028,553.2950241956905,960.0448914768003,-541.0272062269305,0.021691343656542544
p85,2042,12.650554226439908,12.650554226439908,592.8713084395504,1028.71532560401,-580.2207542131105,0.020891985915656417
p85,2043,13.033326282069993,13.033326282069993,632.7856577964703,1097.9723503756204,-619.7523315144003,0.020181082630554823
p85,2044,13.41613413899995,13.41613413899995,673.0409600570301,1167.8209765155007,-659.6248259180302,0.019544024313293402
p85,2045,13.7989778005699,13.7989778005699,713.6401276796405,1238.2662575497197,-699.8411498790706,0.018969254878675606
p85,2046,14.181857270129967,14.181857270129967,754.5860980012603,1309.3132901721,-740.4042407311304,0.01844751354799055
p85,2047,14.564772551030273,14.564772551030273,795.8818334499201,1380.9672146130397,-781.3170608988898,0.017971291931122225
p85,2048,14.947723646630038,14.947723646630038,837.5303217590499,1453.2332150113507,-822.5825981124199,0.01753443824998058
p85,2049,15.330710560260286,15.330710560260286,879.5345761836197,1526.1165197893406,-864.2038656233594,0.017131864189350435
p85,2050,15.71373329529024,15.71373329529024,921.89763571818,1599.6224020311092,-906.1839024228898,0.01675932461423096
p86,2023,0.0,0.0,0.0,0.0,0.0,
p86,2024,6.764612425450196,6.764612425450196,11.979363445750096,20.420819578300325,-5.2147510202999,0.36089528027209394
p86,2025,13.5462491868102,13.5462491868102,24.01211589621016,40.9326496044996,-10.465866709399961,0.36067196100967347
p86,2026,20.344953128830184,20.344953128830184,36.098495292720145,61.53589568922962,-15.75354216388996,0.36044844349131583
p86,2027,27.160767204059994,27.160767204059994,48.23874063707035,82.2309652508302,-21.077973433010357,0.3602247280086864
p86,2028,33.9937344731602,33.9937344731602,60.433091996220355,103.01826752340003,-26.439357523060153,0.360000814855122
p86,2029,40.8438981051504,40.8438981051504,72.68179050705021,123.89821356490029,-31.837892401899808,0.35977670432523506
p86,2030,47.71130137771024,47.71130137771024,84.98507838112027,144.87121626526005,-37.27377700341003,0.35955239671514255
p86,2031,51.331530497210224,51.331530497210224,109.36669229228028,186.43373675833027,-58.03516179507005,0.3194281156702827
p86,2032,54.95655049589004,54.95655049589004,133.96268930835004,228.36170894886982,-79.00613881246,0.2908997016547205
p86,2033,58.58636771383999,58.58636771383999,158.77495446105013,270.6583461873197,-100.18858674721014,0.2695344651368153
p86,2034,62.22098849951999,62.22098849951999,183.80538935684035,313.3268900785197,-121.58440085732036,0.25290372943606476
p86,2035,65.86041920978005,65.86041920978005,209.05591232267034,356.37061073014956,-143.1954931128903,0.23956532099296568
p86,2036,69.50466620992029,69.50466620992029,234.52845855298028,399.7928070033504,-165.02379234306,0.22860886051190416
p86,2037,73.15373587364002,73.15373587364002,260.2249802580304,443.59680676556036,-187.0712443843904,0.21943133239719897
p86,2038,76.80763458307001,76.80763458307001,286.1474468135202,487.7859671455499,-209.3398122304502,0.21161746596170283
p86,2039,80.46636872879026,80.46636872879026,312.2978449114903,532.3636747907003,-231.83147618270004,0.2048719459010761
p86,2040,84.1299447098404,84.1299447098404,338.67817871261013,577.3333461265802,-254.54823400276973,0.1989790168382872
p86,2041,86.88534770901015,86.88534770901015,364.5316879655302,621.4049573028196,-277.64634025652003,0.19247246081260472
p86,2042,89.64348956837011,89.64348956837011,390.60604082961027,665.8530331851298,-300.96255126124015,0.18666023367911053
p86,2043,92.40437301032034,92.40437301032034,416.90312377604005,710.6807895777802,-324.4987507657197,0.18143140164512692
p86,2044,95.16800076001027,95.16800076001027,443.42483939048043,755.8914697547698,-348.25683863047016,0.1766974858659817
p86,2045,97.93437554525008,97.93437554525008,470.1731065106801,801.4883446945596,-372.23873096543,0.17238705463063844
p86,2046,100.70350009659023,100.70350009659023,497.14986036533037,847.4747133166502,-396.44636026874014,0.16844180656404356
p86,2047,103.47537714729015,103.47537714729015,524.35705271404,893.8539027202896,-420.8816755667499,0.1648136863050302
p86,2048,106.25000943332043,106.25000943332043,551.7966519886104,940.6292684252003,-445.54664255528996,0.16146272849972615
p86,2049,109.02739969338018,109.02739969338018,579.4706434353602,987.8041946143203,-470.44324374198004,0.1583554242186763
p86,2050,111.80755066888014,111.80755066888014,607.38102925885,1035.3820943786604,-495.5734785899699,0.15546346784332346
p87,2023,0.0,0.0,0.0,0.0,0.0,
p87,2024,82.52552377839038,82.52552377839038,19.542779015179804,33.06907055238025,62.982744763210576,0.8085323407923767
p87,2025,166.6041794613002,166.6041794613002,39.17265527269046,66.28552162055985,127.43152418860973,0.8096352520762151
p87,2026,252.26519702030055,252.26519702030055,58.890016942979855,99.65001004236001,193.3751800773207,0.8107374895220959
p87,2027,339.5383565355405,339.5383565355405,78.6952539265103,133.16319558296982,260.8431026090302,0.8118390010798741
p87,2028,428.45399854888,428.45399854888,98.58875786140015,166.8257409479802,329.86524068747985,0.8129397346566452
p87,2029,519.04303461171,519.04303461171,118.57092213121996,200.6383117964997,400.47211248049007,0.814039638126954
p87,2030,611.3369580314102,611.3369580314102,138.64214187274047,234.60157675431037,472.6948161586697,0.8151386593433613
p87,2031,661.2726998365397,661.2726998365397,178.41758527232014,301.90709880987015,482.85511456421955,0.7875197695669546
p87,2032,711.70752430635,711.70752430635,218.54276692493022,369.80442610227965,493.1647573814198,0.7650710040244473
p87,2033,762.6464195214703,762.6464195214703,259.0207620155197,438.29876226756005,503.6256575059506,0.7464724651076191
p87,2034,814.0944234158796,814.0944234158796,299.8546727685998,507.39535669634006,514.2397506472798,0.7308183347015874
p87,2035,866.0566242751802,866.0566242751802,341.0476286859903,577.09950493621,525.0089955891899,0.717466301813319
p87,2036,918.5381612398505,918.5381612398505,382.60278678663053,647.4165490975302,535.93537445322,0.7059482392227012
p87,2037,971.5442248134805,971.5442248134805,424.5233318485698,718.3518782628698,547.0208929649107,0.6959149076828413
p87,2038,1025.0800573761298,1025.0800573761298,466.81247665302,789.9109289000407,558.2675807231099,0.6871004673558484
p87,2039,1079.1509537028405,1079.1509537028405,509.4734622306105,862.0991852786992,569.67749147223,0.6792989852599919
p87,2040,1133.7622614872598,1133.7622614872598,552.5095581097503,934.9221798907092,581.2527033775095,0.6723484602608193
p87,2041,1175.58559084863,1175.58559084863,594.6862080114697,1006.2908736767695,580.8993828371604,0.6640706763817875
p87,2042,1217.7258744740502,1217.7258744740502,637.2231356449302,1078.2692069475597,580.5027388291201,0.6564740420524782
p87,2043,1260.1855143723305,1260.1855143723305,680.1234185434005,1150.8623873127708,580.0620958289301,0.6494767369228317
p87,2044,1302.9669307556806,1302.9669307556806,723.3901605288102,1224.0756668660906,579.5767702268704,0.643009534874103
p87,2045,1346.07256217766,1346.07256217766,767.0264919362899,1297.91434256518,579.0460702413702,0.6370134705976128
p87,2046,1389.5048656721901,1389.5048656721901,811.0355698406402,1372.3837566149195,578.46929583155,0.631438006431529
p87,2047,1433.2663168936097,1433.2663168936097,855.4205782847503,1447.4892968539007,577.8457386088594,0.6262395786479625
p87,2048,1477.35941025776,1477.35941025776,900.1847285099702,1523.2363971442592,577.1746817477897,0.6213804346124435
p87,2049,1521.7866590841904,1521.7866590841904,945.3312591884405,1599.6305377647805,576.4553998957499,0.6168276951065556
p87,2050,1566.5505957394098,1566.5505957394098,990.8634366574097,1676.6772458074302,575.6871590820001,0.6125525925386559
p88,2023,0.0,0.0,0.0,0.0,0.0,
p88,2024,23.61310061088011,23.61310061088011,6.628606863820096,11.212730871509848,16.984493747060014,0.7808124138041644
p88,2025,47.63152192543998,47.63152192543998,13.289153901610007,22.479490678820184,34.34236802382998,0.78186135131959
p88,2026,72.0622213050101,72.0622213050101,19.981795018220055,33.80053976224008,52.08042628679004,0.7829104398481466
p88,2027,96.91227553453996,96.91227553453996,26.706684860070027,45.1761397165501,70.20559067446993,0.7839596387575308
p88,2028,122.18888287257005,122.18888287257005,33.463978818780106,56.606553397029984,88.72490405378994,0.7850089072879555
p88,2029,147.89936513629004,147.89936513629004,40.25383303472995,68.09204492552999,107.6455321015601,0.7860582045587042
p88,2030,174.05116982246,174.05116982246,47.07640440065006,79.63287969658995,126.97476542180993,0.7871074895745404
p88,2031,188.16399448006996,188.16399448006996,63.43476364549997,107.30413603750003,124.72923083456999,0.7478733038346698
p88,2032,202.40534204961,202.40534204961,79.98120988767005,135.29355408639003,122.42413216193995,0.71676693051079
p88,2033,216.7763829657099,216.7763829657099,96.71790573515,163.60479203902014,120.0584772305599,0.6914843133635541
p88,2034,231.27829832195994,231.27829832195994,113.64703866142008,192.24155015274982,117.63125966053985,0.6705169888204064
p88,2035,245.9122799679301,245.9122799679301,130.7708212913501,221.20757123018984,115.14145867657999,0.6528359757733402
p88,2036,260.6795306071699,260.6795306071699,148.09149169036004,250.50664110836988,112.58803891680986,0.6377152889703382
p88,2037,275.5812638960001,275.5812638960001,165.61131365694996,280.14258915356004,109.96995023905015,0.6246280602101154
p88,2038,290.61870454332006,290.61870454332006,183.33257701860998,310.11928876170987,107.28612752471008,0.6131826536802931
p88,2039,305.79308841120996,305.79308841120996,201.25759793103998,340.44065786478996,104.53549048016998,0.6030818942720161
p88,2040,321.10566261651,321.10566261651,219.3887191808999,371.11065944279017,101.71694343561012,0.5940962078989158
p88,2041,332.81116747586,332.81116747586,232.40772233579992,393.1331721049901,100.40344514006006,0.5888181967640148
p88,2042,344.59742587413007,344.59742587413007,245.5329891685201,415.3354368697301,99.06443670560998,0.5839343594063444
p88,2043,356.4649949110801,356.4649949110801,258.76538702421,437.71892090922984,97.69960788687013,0.5794008315873014
p88,2044,368.4144355297801,368.4144355297801,272.10579032745,460.2851033710399,96.30864520233013,0.5751800187678984
p88,2045,380.44631254312003,380.44631254312003,285.55508064005994,483.0354754758,94.89123190306009,0.5712395145673222
p88,2046,392.56119466048995,392.56119466048995,299.11414671934995,505.9715406157902,93.44704794114,0.5675512356380381
p88,2047,404.75965451469006,404.75965451469006,312.7838845768199,529.0948144542799,91.97576993787015,0.564090724065554
p88,2048,417.0422686889501,417.0422686889501,326.5651975374101,552.4068250256801,90.47707115154003,0.560836580629489
p88,2049,429.40961774425,429.40961774425,340.45899629916994,575.9091128365299,88.95062144508006,0.5577700011550694
p88,2050,441.86228624671,441.86228624671,354.46619899345,599.6032309672701,87.39608725326002,0.5548743947209818
p89,2023,0.0,0.0,0.0,0.0,0.0,
p89,2024,43.215181033439876,43.215181033439876,22.578598056029477,39.48092910749074,20.6365829774104,0.6568277674804774
p89,2025,86.78267629564925,86.78267629564925,45.25336873360993,79.13002562929069,41.52930756203932,0.6572650390763993
p89,2026,130.70535804847987,130.70535804847987,68.02472167611995,118.94800586765996,62.68063637235991,0.6577029417469734
p89,2027,174.98612197004968,174.98612197004968,90.89306827180917,158.93558917594964,84.09305369824051,0.6581414732415588
p89,2028,219.62788734567948,219.62788734567948,113.85882166117972,199.09349797152936,105.76906568449976,0.6585806312933513
p89,2029,264.6335972603192,264.6335972603192,136.92239674452958,239.42245774890944,127.71120051578964,0.6590204136191372
p89,2030,310.0062187925696,310.0062187925696,160.08421018938952,279.92319709279036,149.92200860318007,0.6594608179194962
p89,2031,334.14376096658,334.14376096658,217.5960277835793,380.48834235313007,116.54773318300067,0.6056183871087247
p89,2032,358.3851419761195,358.3851419761195,275.7135350635199,482.1125963980394,82.6716069125996,0.5651882821287069
p89,2033,382.7308085321092,382.7308085321092,334.44311089203984,584.8071133049507,48.28769764006938,0.5336652632870711
p89,2034,407.18120926719985,407.18120926719985,393.79120131140917,688.58316462125,13.39000795579068,0.5083585949896314
p89,2035,431.7367947440498,431.7367947440498,453.76432025082977,793.4521406013992,-22.027525506779966,0.487562113060181
p89,2036,456.3980174636299,456.3980174636299,514.3690502413992,899.4255514570996,-57.971032777769324,0.4701416360802095
p89,2037,481.1653318735398,481.1653318735398,575.6120431385998,1006.5150286206008,-94.44671126506,0.4553138089921848
p89,2038,506.0391943764198,506.0391943764198,637.5000208523898,1114.7323260214998,-131.46082647596995,0.4425201931314327
p89,2039,531.0200633382992,531.0200633382992,700.0397760849792,1224.0893213765994,-169.01971274667994,0.43135195084186095
p89,2040,556.1083990971192,556.1083990971192,763.23817307641,1334.5980174937995,-207.1297739792908,0.4215028945586074
p89,2041,575.0962364625093,575.0962364625093,811.0908593270797,1418.2732088753,-235.99462286457037,0.4148763454870625
p89,2042,594.1456314173593,594.1456314173593,859.3211610506796,1502.6086985481998,-265.17552963332037,0.40877826345690266
p89,2043,613.2567835281898,613.2567835281898,907.93205808924,1587.6096970632007,-294.6752745610502,0.4031430988384941
p89,2044,632.4298930085197,632.4298930085197,956.9265537993197,1673.2814560886,-324.4966607908,0.3979157062462172
p89,2045,651.6651607209496,651.6651607209496,1006.3076752376201,1759.6292687346995,-354.6425145166704,0.3930493591857821
p89,2046,670.9627881792594,670.9627881792594,1056.0784733479495,1846.6584698809002,-385.1156851686901,0.38850420260714114
p89,2047,690.3229775505297,690.3229775505297,1106.24202314975,1934.3744365052007,-415.9190455992202,0.3842460346725279
p89,2048,709.7459316572495,709.7459316572495,1156.8014239280892,2022.7825880164,-447.05549227083975,0.38024533882489
p89,2049,729.2318539794596,729.2318539794596,1207.75979942513,2111.8883865889,-478.5279454456704,0.37647650814483974
p89,2050,748.7809486568694,748.7809486568694,1259.12029803313,2201.6973375006,-510.33934937626054,0.3729172188578625
p9,2023,0.0,0.0,0.0,0.0,0.0,
p9,2024,42.82892625219938,42.82892625219938,84.84781208159984,152.93040549099896,-42.01888582940046,0.33544815454344584
p9,2025,85.78963615209977,85.78963615209977,170.21283598989976,306.7930379001009,-84.42319983779998,0.33511253010288883
p9,2026,128.88253519499995,128.88253519499995,256.0982245234991,461.5935798581995,-127.21568932849914,0.33477656205271106
p9,2027,172.10803012379984,172.10803012379984,342.507149699999,617.3377486360005,-170.39911957619915,0.33444025141801803
p9,2028,215.4665289332006,215.4665289332006,429.4428028723996,774.0312963553006,-213.97627393919902,0.33410359922989963
p9,2029,258.9584408730989,258.9584408730989,516.9083948480002,931.6800102013985,-257.9499539749013,0.3337666065239405
p9,2030,302.58417645269947,302.58417645269947,604.9071560059001,1090.2897126370008,-302.32297955320064,0.33342927434131014
p9,2031,325.60293994190033,325.60293994190033,844.0120945913004,1521.2544519229996,-518.4091546494001,0.2783847080692239
p9,2032,348.65896072370015,348.65896072370015,1087.0533406531995,1959.3140246967996,-738.3943799294993,0.24284737296554726
p9,2033,371.7522991014994,371.7522991014994,1334.0956963520002,2404.585230913599,-962.3433972505009,0.21792815074514835
p9,2034,394.88301547599985,394.88301547599985,1585.2050306648998,2857.186793368601,-1190.3220151889,0.19942699833252803
p9,2035,418.05117034589966,418.05117034589966,1840.448296949,3317.2393893519,-1422.3971266031003,0.18510129242873688
p9,2036,441.2568243077003,441.2568243077003,2099.8935507929,3784.8656828251005,-1658.6367264851997,0.17364451495328434
p9,2037,464.5000380558995,464.5000380558995,2363.6099681623,4260.1903571268995,-1899.1099301064005,0.16424397814604016
p9,2038,487.78087238350054,487.78087238350054,2631.667863844701,4743.3401482177,-2143.8869914612005,0.1563676513476826
p9,2039,511.09938818159935,511.09938818159935,2904.1387101969995,5234.443878471,-2393.0393220154,0.14965263722732722
p9,2040,534.4556464400994,534.4556464400994,3181.0951562027003,5733.632491021599,-2646.639509762601,0.14384291181268505
p9,2041,552.0330335056005,552.0330335056005,3325.7620360664987,5994.381284136001,-2773.729002560898,0.1423574540689989
p9,2042,569.6317968596995,569.6317968596995,3471.6527873244995,6257.335993278,-2902.0209904648,0.14095315115619092
p9,2043,587.2519624984998,587.2519624984998,3618.7777638406988,6522.515280338601,-3031.525801342199,0.1396214484222455
p9,2044,604.8935564498006,604.8935564498006,3767.1474070717995,6789.9379650867995,-3162.253850621999,0.13835496087451335
p9,2045,622.5566047732991,622.5566047732991,3916.7722468087995,7059.623026505698,-3294.2156420355004,0.13714727994565068
p9,2046,640.2411335599991,640.2411335599991,4067.6629019237007,7331.589604139099,-3427.4217683637016,0.13599281734174504
p9,2047,657.9471689328002,657.9471689328002,4219.830081123699,7605.856999449999,-3561.8829121908984,0.13488667792798026
p9,2048,675.6747370465,675.6747370465,4373.2845837105015,7882.444677190397,-3697.6098466640015,0.1338245555413179
p9,2049,693.4238640875992,693.4238640875992,4528.0373003475,8161.372266782797,-3834.6134362599005,0.1328026470465226
p9,2050,711.1945762742998,711.1945762742998,4684.099213832,8442.6595637129,-3972.9046375577,0.13181758101448776
p90,2023,0.0,0.0,0.0,0.0,0.0,
p90,2024,22.42624299323961,22.42624299323961,17.722008535959503,30.988075857110744,4.7042344572801085,0.5585857948740159
p90,2025,44.955885952989775,44.955885952989775,35.50858743580011,62.08905716340087,9.447298517189665,0.5587047806274827
p90,2026,67.58940562218959,67.58940562218959,53.359971962479904,93.30335529132935,14.229433659709684,0.5588239226355196
p90,2027,90.32728094189952,90.32728094189952,71.27639823611025,124.63138311216062,19.050882705789263,0.5589432208557712
p90,2028,113.16999306139951,113.16999306139951,89.25810323712994,156.0735550014997,23.911889824269565,0.5590626752449562
p90,2029,136.1180253483799,136.1180253483799,107.3053248094202,187.63028684468918,28.81270053895969,0.5591822857591142
p90,2030,159.17186339920954,159.17186339920954,125.4183016634397,219.30199604240988,33.753561735769836,0.5593020523536704
p90,2031,171.36633166275988,171.36633166275988,172.65265412786994,301.89431024083933,-1.2863224651100609,0.4981304484370916
p90,2032,183.5904038030003,183.5904038030003,220.3341706727697,385.2685196978,-36.74376686976939,0.4545165493861608
p90,2033,195.8441516877001,195.8441516877001,268.4670845670098,469.4320265572005,-72.6229328793097,0.4217949866288929
p90,2034,208.1276473591397,208.1276473591397,317.05566915553027,554.3923030384703,-108.92802179639057,0.3962952378997098
p90,2035,220.44096303445986,220.44096303445986,366.1042382386995,640.1568921000198,-145.66327520423965,0.3758294545006405
p90,2036,232.7841711061501,232.7841711061501,415.6171464552999,726.7334081088593,-182.83297534914982,0.3590124893354936
p90,2037,245.1573441424198,245.1573441424198,465.5987896691795,814.1295375166501,-220.4414455267597,0.34492469706551115
p90,2038,257.56055488765014,257.56055488765014,516.0536053594797,902.3530395421003,-258.4930504718295,0.33293154148751986
p90,2039,269.9938762628299,269.9938762628299,566.9860730146202,991.4117468598797,-296.9921967517903,0.3225810564469445
p90,2040,282.4573813659799,282.4573813659799,618.4007145300102,1081.3135662959994,-335.94333316403026,0.3135425908395138
p90,2041,291.85316496339965,291.85316496339965,660.0265921827495,1154.0991002666196,-368.17342721934983,0.30660717677032107
p90,2042,301.26610228797017,301.26610228797017,701.9685206000495,1227.4372693997393,-400.7024183120793,0.3002947619777246
p90,2043,310.6962246569501,310.6962246569501,744.2288994450901,1301.3322696612995,-433.53267478813996,0.2945196939180086
p90,2044,320.14356344479984,320.14356344479984,786.8101466008402,1375.7883288757803,-466.66658315604036,0.2892113378721141
p90,2045,329.6081500832397,329.6081500832397,829.7146983084394,1450.8097069680298,-500.10654822519973,0.2843109238643083
p90,2046,339.0900160614101,339.0900160614101,872.9450093065298,1526.4006962069998,-533.8549932451197,0.2797691559767193
p90,2047,348.5891929258896,348.5891929258896,916.5035529717497,1602.5656214515002,-567.9143600458601,0.27554437732432824
p90,2048,358.10571228088975,358.10571228088975,960.3928214601901,1679.3088403971997,-602.2871091793004,0.27160114563404797
p90,2049,367.6396057883103,367.6396057883103,1004.6153258500499,1756.6347438265002,-636.9757200617396,0.26790911609213797
p90,2050,377.19090516784945,377.19090516784945,1049.17359628524,1834.5477558592993,-671.9826911173905,0.2644421568144688
p91,2023,0.0,0.0,0.0,0.0,0.0,
p91,2024,2.0541156534900438,2.0541156534900438,5.89395993547987,11.338611648130154,-3.8398442819898264,0.25844188703246357
p91,2025,4.1108396391498445,4.1108396391498445,11.809394589069825,22.7185356722498,-7.698554949919981,0.2582147712288748
p91,2026,6.170175269059882,6.170175269059882,17.746382204190013,34.13992259455017,-11.57620693513013,0.257987600262332
p91,2027,8.232125859500002,8.232125859500002,23.70500130931987,45.60292348560006,-15.472875449819867,0.2577603745003403
p91,2028,10.296694730969875,10.296694730969875,29.685330719079957,57.107689966449925,-19.38863598811008,0.2575330943109347
p91,2029,12.363885208189913,12.363885208189913,35.687449535229916,68.65437421055003,-23.323564327040003,0.2573057600628467
p91,2030,14.433700620089894,14.433700620089894,41.71143714775985,80.24312894578998,-27.27773652766996,0.25707837212495055
p91,2031,15.522612004170014,15.522612004170014,57.42056968986003,110.46385578711988,-41.89795768569002,0.2128041530911236
p91,2032,16.612249896149933,16.612249896149933,73.27841941428983,140.9706799881901,-56.666169518139895,0.18480505288907234
p91,2033,17.70261478075986,17.70261478075986,89.28639421548996,171.76631001129,-71.5837794347301,0.16546199415101015
p91,2034,18.793707143029906,18.793707143029906,105.44591531634,202.85347995951997,-86.6522081733101,0.15126983462281537
p91,2035,19.88552746831988,19.88552746831988,121.75841739430984,234.2349498195499,-101.87288992598997,0.1403909463804148
p91,2036,20.978076242329962,20.978076242329962,138.22534870885988,265.91350570662007,-117.24727246652992,0.13176900087898
p91,2037,22.07135395106002,22.07135395106002,154.84817123002995,297.89196011191007,-132.77681727896993,0.12475363546487245
p91,2038,23.16536108085984,23.16536108085984,171.62836076819985,330.1731521522702,-148.46299968734002,0.11892252409864647
p91,2039,24.26009811838003,24.26009811838003,188.56740710513986,362.75994782222006,-164.30730898675984,0.1139894868987968
p91,2040,25.35556555060998,25.35556555060998,205.66681412628986,395.6552402484599,-180.31124857567988,0.10975371990398257
p91,2041,26.17833052191986,26.17833052191986,219.51068823718992,422.28764256669,-193.33235771527006,0.10655067391345999
p91,2042,27.00150750560988,27.00150750560988,233.45967405369993,449.1222554229298,-206.45816654809005,0.1036680680935226
p91,2043,27.825096707990042,27.825096707990042,247.51456965232,476.16061413120997,-219.68947294432996,0.10105734882230177
p91,2044,28.649098335499957,28.649098335499957,261.6761791690599,503.4042656627198,-233.02708083355992,0.09867931094993958
p91,2045,29.473512594669955,29.473512594669955,275.94531284546997,530.8547687342202,-246.47180025080002,0.09650195122123069
p91,2046,30.298339692119953,30.298339692119953,290.32278707497994,558.5136938972701,-260.02444738286,0.0944988871994351
p91,2047,31.12357983458992,31.12357983458992,304.8094244496099,586.3826236281002,-273.68584461501996,0.09264817519465675
p91,2048,31.949233228919866,31.949233228919866,319.40605380701004,614.46315241811,-287.4568205780902,0.09093141446211597
p91,2049,32.77530008204985,32.77530008204985,334.1135102779499,642.7568868651301,-301.33821019590005,0.08933305992594862
p91,2050,33.60178060101998,33.60178060101998,348.93263533403,671.2654457653098,-315.33085473301,0.0878398889127016
p92,2023,0.0,0.0,0.0,0.0,0.0,
p92,2024,115.83137599990005,115.83137599990005,57.230325870699744,100.86639249389918,58.6010501292003,0.6693068122403447
p92,2025,232.79239503040117,232.79239503040117,114.73641806790147,202.21881322719855,118.0559769624997,0.6698506318224414
p92,2026,350.8940739110003,350.8940739110003,172.51960538120147,304.05960414400033,178.37446852979883,0.6703953064151952
p92,2027,470.1475369028012,470.1475369028012,230.58122300320065,406.39111847299864,239.56631389960057,0.6709408316077513
p92,2028,590.5640167557012,590.5640167557012,288.92261255999983,509.2157207821001,301.6414041957014,0.6714872029552049
p92,2029,712.1548557670012,712.1548557670012,347.545122142501,612.535787033099,364.6097336245002,0.6720344159786505
p92,2030,834.9315068493997,834.9315068493997,406.4501063373009,716.3537046363017,428.48140051209884,0.6725824661653242
p92,2031,900.4144134671005,900.4144134671005,547.6855498514014,965.2760978396982,352.7288636156991,0.6217902329088445
p92,2032,966.2346386135014,966.2346386135014,690.5449062585012,1217.0605791536,275.68973235500016,0.5832004877197766
p92,2033,1032.3939198992011,1032.3939198992011,835.0468471681997,1471.740056619201,197.3470727310014,0.5528389109339494
p92,2034,1098.8940038856,1098.8940038856,981.2102588748003,1729.3478166513014,117.68374501079961,0.5282879438107173
p92,2035,1165.7366461310012,1165.7366461310012,1129.0542448258002,1989.9175283891018,36.68240130520098,0.5079925368036271
p92,2036,1232.9236112372,1232.9236112372,1278.5981281180011,2253.4832480969017,-45.67451688080109,0.4909070034781926
p92,2037,1300.4566728957998,1300.4566728957998,1429.8614540239014,2520.079423614701,-129.4047811281016,0.4763022521346086
p92,2038,1368.3376139350003,1368.3376139350003,1582.863992545701,2789.7408988606985,-214.5263786107007,0.4636544012886801
p92,2039,1436.5682263670005,1436.5682263670005,1737.6257409993013,3062.5029183857987,-301.0575146323008,0.4525773286498155
p92,2040,1505.1503114348998,1505.1503114348998,1894.1669266282006,3338.401131979299,-389.0166151933008,0.44278018379141354
p92,2041,1557.1482471424006,1557.1482471424006,2006.5709065855008,3536.5091068645015,-449.4226594431002,0.4369447142077719
p92,2042,1609.3482251736004,1609.3482251736004,2119.892350051401,3736.2340782098,-510.54412487780064,0.4315485130847321
p92,2043,1661.751030580801,1661.751030580801,2234.1387455443,3937.5892442600016,-572.3877149634991,0.4265395393792682
p92,2044,1714.3574514665997,1714.3574514665997,2349.3176427056005,4140.587910986698,-634.9601912390008,0.42187365174080843
p92,2045,1767.1682789962015,1767.1682789962015,2465.4366527982,4345.2434929673,-698.2683738019987,0.4175131644632411
p92,2046,1820.184307408501,1820.184307408501,2582.5034492098002,4551.569514271701,-762.3191418012993,0.41342570902792847
p92,2047,1873.4063340287012,1873.4063340287012,2700.5257679595998,4759.579609355998,-827.1194339308986,0.40958332836080497
p92,2048,1926.835159280101,1926.835159280101,2819.511408210101,4969.2875239632995,-892.6762489299999,0.4059617501338473
p92,2049,1980.4715866961014,1980.4715866961014,2939.468232781601,5180.707116032299,-958.9966460854994,0.4025397991364754
p92,2050,2034.316422932101,2034.316422932101,3060.4041686727014,5393.8523566127005,-1026.0877457406004,0.39929891862652767
p93,2023,0.0,0.0,0.0,0.0,0.0,
p93,2024,6.710076142680009,6.710076142680009,7.246591360059938,12.00297060633011,-0.5365152173799288,0.48077925058848753
p93,2025,13.450091206050047,13.450091206050047,14.528100673989911,24.06377794625996,-1.0780094679398644,0.48073482602875184
p93,2026,20.220178771169913,20.220178771169913,21.844696195169945,36.18270070810013,-1.6245174240000324,0.48069033338028505
p93,2027,27.020473015079915,27.020473015079915,29.196546987730017,48.36001892305012,-2.1760739726501015,0.48064577264553215
p93,2028,33.851108713500025,33.851108713500025,36.58382293039995,60.59601397163988,-2.7327142168999217,0.48060114382792485
p93,2029,40.712221243499926,40.712221243499926,44.00669472053005,72.89096859023994,-3.294473477030124,0.48055644693076044
p93,2030,47.60394658616997,47.60394658616997,51.46533387794989,85.24516687760979,-3.86138729177992,0.4805116819578678
p93,2031,51.24848800222003,51.24848800222003,69.34878166777003,114.86661060138022,-18.100293665549998,0.42495562414024474
p93,2032,54.90159058768995,54.90159058768995,87.4378517908699,144.8286391186998,-32.53626120317995,0.3857089059101134
p93,2033,58.56327445308989,58.56327445308989,105.73490847500989,175.1351684440001,-47.17163402192,0.3564450525829514
p93,2034,62.23355975619006,62.23355975619006,124.24234313165994,205.79015961774985,-62.008783375469875,0.3337351303434549
p93,2035,65.91246670208989,65.91246670208989,142.9625746685099,236.79761922406988,-77.05010796642,0.3155593232661229
p93,2036,69.6000155433801,69.6000155433801,161.8980498056501,268.1615999144601,-92.29803426227,0.30065052784974244
p93,2037,73.29622658020003,73.29622658020003,181.05124339535996,299.8862009374802,-107.75501681515993,0.28817360199117764
p93,2038,77.00112016037997,77.00112016037997,200.42465874554,331.9755686744402,-123.42353858516003,0.2775557500966499
p93,2039,80.71471667955007,80.71471667955007,220.02082794691,364.43389718144,-139.30611126735994,0.26839101038024893
p93,2040,84.43703658126992,84.43703658126992,239.8423122039501,397.26542873742983,-155.40527562268016,0.260383638050276
p93,2041,87.24269323137992,87.24269323137992,254.07507599837004,420.8400222232599,-166.83238276699012,0.2556054829148217
p93,2042,90.05330582757006,90.05330582757006,268.42401042493,444.6070362021901,-178.37070459735992,0.25121061150809154
p93,2043,92.86888312408996,92.86888312408996,282.89006369129993,468.5680412483498,-190.02118056720997,0.24715015812974475
p93,2044,95.68943389064998,95.68943389064998,297.4741917445899,492.7246207551598,-201.78475785393994,0.2433832319458425
p93,2045,98.51496691243005,98.51496691243005,312.17735833457004,517.0783710400601,-213.66239142214,0.2398753540212392
p93,2046,101.34549099015999,101.34549099015999,327.0005350773099,541.6309014499002,-225.65504408714992,0.23659724807204538
p93,2047,104.18101494010989,104.18101494010989,341.94470151941005,566.38383446739,-237.76368657930016,0.23352389493906917
p93,2048,107.02154759408995,107.02154759408995,357.0108452027,591.33880581821,-249.98929760861006,0.2306337860360474
p93,2049,109.86709779956004,109.86709779956004,372.1999617295601,616.4974645791999,-262.33286393000003,0.22790832857751678
p93,2050,112.7176744195699,112.7176744195699,387.51305482864996,641.8614732872602,-274.79538040908005,0.2253313677649703
p94,2023,0.0,0.0,0.0,0.0,0.0,
p94,2024,378.04991819459974,378.04991819459974,60.38952699069705,107.70588011899963,317.6603912039027,0.8622625595076767
p94,2025,764.722808100898,764.722808100898,120.99908399239939,215.8041879843986,643.7237241084986,0.8633893041681147
p94,2026,1160.2153517907973,1160.2153517907973,181.82947268719727,324.2963534117989,978.3858791036,0.8645131150832297
p94,2027,1564.7287174734993,1564.7287174734993,242.88149767819777,433.1838114261009,1321.8472197953015,0.8656339206083681
p94,2028,1978.4686618205997,1978.4686618205997,304.15596650009684,542.4680022809007,1674.3126953205028,0.8667516495150316
p94,2029,2401.6456346246996,2401.6456346246996,365.65368962979846,652.150371477499,2035.9919449949011,0.8678662310126843
p94,2030,2834.4748858448,2834.4748858448,427.3754804971977,762.2323697836,2407.0994053476024,0.8689775947703947
p94,2031,3070.115880242298,3070.115880242298,588.3312884831976,1049.3001416847983,2481.7845917591003,0.8391855174204534
p94,2032,3308.6177459820974,3308.6177459820974,750.8108530598001,1339.0855627027013,2557.8068929222973,0.8150451880747439
p94,2033,3550.0152163448984,3550.0152163448984,914.828599516597,1631.6143606180995,2635.1866168283013,0.7951040087300164
p94,2034,3794.3434463015983,3794.3434463015983,1080.3990897064978,1926.912506774901,2713.9443565951005,0.7783679688258507
p94,2035,4041.6380176325983,4041.6380176325983,1247.5370233381982,2225.0062183855007,2794.1009942944,0.7641339124391655
p94,2036,4291.934944109897,4291.934944109897,1416.2572392814,2525.9219608589992,2875.6777048284966,0.7518904070184991
p94,2037,4545.270676741497,4545.270676741497,1586.574716884399,2829.6864501503987,2958.6959598570975,0.7412565687755832
p94,2038,4801.682109080299,4801.682109080299,1758.5045773038983,3136.3266551326997,3043.1775317764004,0.7319429062965981
p94,2039,5061.206582596198,5061.206582596198,1932.062084847199,3445.8697999911965,3129.144497748999,0.7237254599066443
p94,2040,5323.8818921148995,5323.8818921148995,2107.262648328,3758.3433666403,3216.6192437868995,0.7164282518178006
p94,2041,5525.9351382637,5525.9351382637,2249.1070141581986,4011.325514753902,3276.828124105501,0.7107273542616602
p94,2042,5729.852697971597,5729.852697971597,2392.0283547646977,4266.228468045301,3337.8243432068994,0.7054834539889238
p94,2043,5935.651772966699,5935.651772966699,2536.034847240997,4523.0668105182995,3399.6169257257025,0.7006458145900087
p94,2044,6143.349723695097,6143.349723695097,2681.1347307668,4781.855236907402,3462.214992928297,0.696170949747535
p94,2045,6352.9640707847975,6352.9640707847975,2827.3363070786,5042.608553519298,3525.6277637061976,0.6920213728631145
p94,2046,6564.512496523897,6564.512496523897,2974.647940945597,5305.341679080098,3589.8645555783005,0.6881645968274858
p94,2047,6778.012846352398,6778.012846352398,3123.0780606472,5570.069645588199,3654.934785705198,0.684572327435219
p94,2048,6993.4831303672,6993.4831303672,3272.6351584562,5836.807599174797,3720.847971911,0.6812198080730203
p94,2049,7210.941524841397,7210.941524841397,3423.3277911240984,6105.570800970498,3787.6137337172986,0.6780852835855332
p94,2050,7430.406373758,7430.406373758,3575.164580370998,6376.374627978301,3855.241793387002,0.6751495587759859
p95,2023,0.0,0.0,0.0,0.0,0.0,
p95,2024,45.12565043900031,45.12565043900031,1.6765145499202845,2.933184597840409,43.449135889080026,0.9641786966411241
p95,2025,90.8785364539699,90.8785364539699,3.3538948615700974,5.867883909049851,87.5246415923998,0.9644082741499104
p95,2026,137.2673764669903,137.2673764669903,5.0321413820402086,8.804098715820146,132.2352350849501,0.9646369751766907
p95,2027,184.3010100841002,184.3010100841002,6.711254558640121,11.741829800769665,177.58975552546008,0.9648647977071393
p95,2028,231.98839977973012,231.98839977973012,8.391234838929904,14.681077946909681,223.5971649408002,0.9650917397713753
p95,2029,280.33863260451017,280.33863260451017,10.07208267067017,17.621843937659833,270.26654993384,0.9653177994443961
p95,2030,329.3609219168702,329.3609219168702,11.753798501890287,20.564128556849937,317.6071234149799,0.9655429748459373
p95,2031,355.67999550311015,355.67999550311015,28.711694105850256,50.233204915240094,326.9683013972599,0.9253061528591877
p95,2032,382.1927825488301,382.1927825488301,45.75784853617006,80.0566965336102,336.43493401266005,0.8930768055647952
p95,2033,408.90070882245027,408.90070882245027,62.89272114350024,110.03540707947013,346.00798767895003,0.8666943684484135
p95,2034,435.8052105863503,435.8052105863503,80.11677366922004,140.17014440306957,355.6884369171303,0.844711456161688
p95,2035,462.90773467405006,462.90773467405006,97.43047025789019,170.46172055920033,365.47726441615987,0.8261220288027223
p95,2036,490.20973856806995,490.20973856806995,114.8342774697503,200.91095182906975,375.37546109831965,0.8102050852072683
p95,2037,517.7126904782599,517.7126904782599,132.32866429328033,231.5186587422504,385.3840261849796,0.7964303912021293
p95,2038,545.4180694208003,545.4180694208003,149.91410215787027,262.28566609889003,395.50396726293,0.784399301103086
p95,2039,573.32736529771,573.32736529771,167.59106494648995,293.21280299182035,405.73630035122005,0.7738063218494194
p95,2040,601.4420789769501,601.4420789769501,185.36002900848007,324.30090282900983,416.0820499684701,0.7644134056998326
p95,2041,622.8565049654303,622.8565049654303,206.99766547071022,362.15752746013004,415.8588394947201,0.7505613963933929
p95,2042,644.3901055322303,644.3901055322303,228.77172545579015,400.2528350039802,415.6183800764402,0.7379961911563118
p95,2043,666.0435439022403,666.0435439022403,250.6830691028499,438.58833033676,415.36047479939043,0.726545443814384
p95,2044,687.81748699129,687.81748699129,272.73256197412,477.16552782276995,415.08492501717,0.7160662661275433
p95,2045,709.7126054266901,709.7126054266901,294.9210750891102,515.9859513742604,414.79153033757984,0.7064391919075503
p95,2046,731.7295735678999,731.7295735678999,317.2494849590603,555.0511345116201,414.48008860883965,0.6975635668031722
p95,2047,753.8690695273103,753.8690695273103,339.71867362154035,594.3626204239599,414.15039590577,0.6893539857685653
p95,2048,776.1317751910901,776.1317751910901,362.32952867529,633.9219620300601,413.8022465158001,0.6817375105813731
p95,2049,798.5183762402203,798.5183762402203,385.0829433152703,673.7307220397597,413.43543292494996,0.674651475160664
p95,2050,821.0295621716,821.0295621716,407.9798163679802,713.7904730156097,413.04974580361977,0.6680417387434597
p96,2023,0.0,0.0,0.0,0.0,0.0,
p96,2024,79.89979056877019,79.89979056877019,3.3403216195001733,5.844163748899518,76.55946894927001,0.959871250390135
p96,2025,160.78652865192998,160.78652865192998,6.682368200259589,11.691345457500574,154.1041604516704,0.9600978550294176
p96,2026,242.67240533770018,242.67240533770018,10.02614063305009,17.541546684300556,232.6462647046501,0.9603237106310433
p96,2027,325.56976230248983,325.56976230248983,13.371639809110093,23.394768988600845,312.19812249337974,0.9605488154418287
p96,2028,409.49109367100937,409.49109367100937,16.718866620160043,29.25101393049954,392.7722270508493,0.96077316773935
p96,2029,494.44904789933935,494.44904789933935,20.06782195832966,35.11028307090055,474.3812259410097,0.9609967658322243
p96,2030,580.4564296813096,580.4564296813096,23.4185067162598,40.97257797150087,557.0379229650498,0.9612196080599678
p96,2031,626.5188971904199,626.5188971904199,57.20576213256936,100.08612324400019,569.3131350578506,0.9163321647792938
p96,2032,672.8823708753298,672.8823708753298,91.16886622600941,159.50733004769972,581.7135046493204,0.8806770255724129
p96,2033,719.5488177326597,719.5488177326597,125.30873421613978,219.2377996334999,594.2400835165199,0.8516806366622455
p96,2034,766.5202176128496,766.5202176128496,159.62628608586965,279.27914158619933,606.8939315269799,0.8276446702024186
p96,2035,813.7985633041098,813.7985633041098,194.12244660622946,339.63297386769955,619.6761166978804,0.8074031152267599
p96,2036,861.3858606170397,861.3858606170397,228.79814536132017,400.3009228608007,632.5877152557196,0.7901288735602109
p96,2037,909.2841284696597,909.2841284696597,263.6543167733098,461.2846234129993,645.6298116963499,0.7752189658011467
p96,2038,957.4953989730993,957.4953989730993,298.6919001276701,522.5857188805003,658.8034988454292,0.7622234356759648
p96,2039,1006.0217175178195,1006.0217175178195,333.91183959846967,584.2058611723005,672.1098779193499,0.7507997035934444
p96,2040,1054.8651428603398,1054.8651428603398,369.3150842737896,646.1467107950994,685.5500585865502,0.7406823397506646
p96,2041,1092.0044830054194,1092.0044830054194,412.4263503664797,721.5733694130995,679.5781326389397,0.7258588821646899
p96,2042,1129.3271650357801,1129.3271650357801,455.8094294552602,797.4755869261007,673.5177355805199,0.7124478539960699
p96,2043,1166.8340940360595,1166.8340940360595,499.4660352987794,873.8563616939009,667.3680587372801,0.7002544580620308
p96,2044,1204.5261795589595,1204.5261795589595,543.39789246078,950.7187109807,661.1282870981795,0.6891181366746213
p96,2045,1242.4043356472694,1242.4043356472694,587.6067363782495,1028.0656710744006,654.7975992690199,0.6789053654588733
p96,2046,1280.4694808560298,1280.4694808560298,632.0943134299596,1105.9002974063005,648.3751674260702,0.6695041936282512
p96,2047,1318.7225382748102,1318.7225382748102,676.8623810054596,1184.2256646721999,641.8601572693506,0.660820056081814
p96,2048,1357.1644355501294,1357.1644355501294,721.91270757447,1263.0448669531997,635.2517279756594,0.6527725245973686
p96,2049,1395.7961049078895,1395.7961049078895,767.2470727568198,1342.3610178387007,628.5490321510697,0.6452927612914485
p96,2050,1434.6184831760202,1434.6184831760202,812.8672673926494,1422.1772505489007,621.7512157833708,0.6383215034013124
p97,2023,0.0,0.0,0.0,0.0,0.0,
p97,2024,59.52419376804937,59.52419376804937,4.341078104040207,7.667592413499733,55.183115664009165,0.9320275640142175
p97,2025,119.46987096448902,119.46987096448902,8.684397965729659,15.339144415800547,110.78547299875936,0.9322348132588669
p97,2026,179.84001606118,179.84001606118,13.029960742718686,23.014658051499282,166.8100553184613,0.9324417363519105
p97,2027,240.63763466264027,240.63763466264027,17.3777675932688,30.694135366500632,223.25986706937147,0.9326483324587231
p97,2028,301.86575365570025,301.86575365570025,21.727819676229046,38.37757840770064,280.1379339794712,0.9328546007496215
p97,2029,363.5274213601897,363.5274213601897,26.080118151048737,46.06498922299943,337.44730320914096,0.9330605403997927
p97,2030,425.62570768074875,425.62570768074875,30.43466417777927,53.75636986129939,395.1910435029695,0.9332661505893342
p97,2031,458.60420181578957,458.60420181578957,74.34454214494872,131.31384270799936,384.25965967084085,0.8605033917662717
p97,2032,491.70583751330014,491.70583751330014,118.48295284904998,209.2749700935001,373.22288466425016,0.805825746522333
p97,2033,524.93107458339,524.93107458339,162.85108570834018,287.64185287250075,362.0799888750498,0.7632228703936358
p97,2034,558.2803745530691,558.2803745530691,207.45013633157032,366.41660283390047,350.8302382214988,0.729082055132026
p97,2035,591.754200672709,591.754200672709,252.28130655008863,445.6013427575999,339.47289412262035,0.7011010740766209
p97,2036,625.353017922429,625.353017922429,297.3458044502986,525.1982064714994,328.0072134721304,0.6777433792690106
p97,2037,659.0772930186104,659.0772930186104,342.6448444061898,605.2093389093006,316.43244861242056,0.6579442226493548
p97,2038,692.9274944203298,692.9274944203298,388.1796471120597,685.6368961684002,304.74784730827014,0.6409424818322412
p97,2039,726.9040923359098,726.9040923359098,433.95143961543,766.4830455674,292.9526527204798,0.6261796341824039
p97,2040,761.0075587294086,761.0075587294086,479.96145535007963,847.7499657050994,281.046103379329,0.6132365515136573
p97,2041,786.7876736767394,786.7876736767394,535.9888067823103,946.7103816422004,250.798866894429,0.5948001686601628
p97,2042,812.6402866831086,812.6402866831086,592.3694060691396,1046.2947348836005,220.27088061396898,0.578387672964193
p97,2043,838.5656016253688,838.5656016253688,649.1054804092892,1146.5069593028002,189.46012121607964,0.5636767506957784
p97,2044,864.563822953709,864.563822953709,706.199271043839,1247.3510135761007,158.36455190987,0.5504100690024607
p97,2045,890.6351556932586,890.6351556932586,763.653033344659,1348.8308813388994,126.98212234859966,0.5383796859549751
p97,2046,916.7798054457198,916.7798054457198,821.4690369035798,1450.9505713430008,95.31076854214007,0.5274157434252407
p97,2047,942.9979783909603,942.9979783909603,879.6495656220286,1553.7141176153018,63.34841276893167,0.5173781302306685
p97,2048,969.2898812886997,969.2898812886997,938.1969178012096,1657.1255796166006,31.092963487490124,0.508150243425623
p97,2049,995.6557214800687,995.6557214800687,997.1134062329693,1761.1890424025005,-1.4576847529006045,0.49963425648946763
p97,2050,1022.0957068892894,1022.0957068892894,1056.4013582910993,1865.9086167845016,-34.30565140180988,0.491747486206137
p98,2023,0.0,0.0,0.0,0.0,0.0,
p98,2024,59.79643308067989,59.79643308067989,4.056746990529973,7.165129629400326,55.73968609014992,0.9364675810037051
p98,2025,120.04802574845962,120.04802574845962,8.115588908489372,14.333959372899699,111.93243683997025,0.9366779024591958
p98,2026,180.7582425954297,180.7582425954297,12.17652683570941,21.50649114119915,168.58171575972028,0.9368878565972767
p98,2027,241.93057458553994,241.93057458553994,16.239561854579733,28.682726846100195,225.6910127309602,0.9370974424908113
p98,2028,303.5685392553196,303.5685392553196,20.304695048049325,35.862668400199254,283.26384420727027,0.9373066592189273
p98,2029,365.67568091613975,365.67568091613975,24.371927499630146,43.0463177174006,341.3037534165096,0.9375155058670402
p98,2030,428.2555708580603,428.2555708580603,28.441260293399864,50.233676712399756,399.81431056466045,0.9377239815268884
p98,2031,461.51821823385035,461.51821823385035,69.47513736923975,122.70875320400046,392.0430808646106,0.8691600626709698
p98,2032,494.9144248658795,494.9144248658795,110.72257878796972,195.56103246550083,384.19184607790976,0.817179964037909
p98,2033,528.4447270336404,528.4447270336404,152.1846960635994,268.79247768089954,376.26003097004104,0.7764059400031885
p98,2034,562.1096631699002,562.1096631699002,193.86260649506949,342.4050622522009,368.2470566748307,0.7435585744686308
p98,2035,595.909773869429,595.909773869429,235.7574331964397,416.4007698518999,360.15234067298934,0.7165243126175498
p98,2036,629.8456018976103,629.8456018976103,277.8703051270895,490.7815944768008,351.9752967705208,0.6938796566451177
p98,2037,663.9176921992294,663.9176921992294,320.2023571221598,565.5495405015008,343.71533507706954,0.6746307959654324
p98,2038,698.1265919071393,698.1265919071393,362.7547299231701,640.7066227327996,335.3718619839692,0.658062855421642
p98,2039,732.4728503511305,732.4728503511305,405.5285702086803,716.2548664632995,326.9442801424502,0.6436484499209228
p98,2040,766.9570190666891,766.9570190666891,448.5250306252892,792.1963075268995,318.4319884413999,0.6309900004373143
p98,2041,793.0403121182499,793.0403121182499,500.8827131784892,884.6717770263003,292.15759893976065,0.612896050703155
p98,2042,819.2025060653996,819.2025060653996,553.5705066250503,977.7302967747,265.6319994403493,0.5967501535158192
p98,2043,845.443839580119,845.443839580119,606.5904922870595,1071.3755428560999,238.85334729305941,0.5822478305268156
p98,2044,871.7645520563601,871.7645520563601,659.9447646091903,1165.6112145319003,211.8197874471698,0.5691449040436374
p98,2045,898.1648836122295,898.1648836122295,713.6354312414005,1260.4410343869004,184.52945237082895,0.5572432734595868
p98,2046,924.6450750922104,924.6450750922104,767.6646131222296,1355.8687484768998,156.98046196998075,0.5463805363354065
p98,2047,951.2053680692989,951.2053680692989,822.0344445625506,1451.8981264758004,129.1709235067483,0.5364222939803704
p98,2048,977.8460048472498,977.8460048472498,876.7470733298906,1548.5329618252,101.09893151735923,0.5272563649425265
p98,2049,1004.5672284627799,1004.5672284627799,931.804660733269,1645.7770718841002,72.76256772951092,0.518788376379426
p98,2050,1031.3692826877796,1031.3692826877796,987.2093817085897,1743.6342980794998,44.15990097918984,0.5109383651373317
p99,2023,0.0,0.0,0.0,0.0,0.0,
p99,2024,1052.564595706799,1052.564595706799,56.90198411839992,103.28173310849888,995.6626115883992,0.9487123044955846
p99,2025,2198.6166195249007,2198.6166195249007,114.07718699729958,207.05938050779878,2084.539432527601,0.9506734585116361
p99,2026,3446.4595040898002,3446.4595040898002,171.52692051509985,311.33532336409917,3274.9325835747004,0.95259050190222
p99,2027,4805.1341822005,4805.1341822005,229.25250284950016,416.1119542771994,4575.881679351,0.9544626749609276
p99,2028,6284.484590631901,6284.484590631901,287.25525850739905,521.3916773347992,5997.2293321245015,0.9562893137735784
p99,2029,7895.228991910799,7895.228991910799,345.5365183554004,627.1769081683015,7549.6924735553985,0.9580698518936211
p99,2030,9649.0376307998,9649.0376307998,404.0976196503998,733.4700740076987,9244.9400111494,0.9598038214364715
p99,2031,10698.628395441601,10698.628395441601,545.8941969036005,990.8424042428996,10152.734198538,0.95145243451463
p99,2032,11799.4588716323,11799.4588716323,689.3314586086999,1251.1927103134003,11110.1274130236,0.944803984983276
p99,2033,12954.030518157599,12954.030518157599,834.4283886194007,1514.5554494585995,12119.602129538198,0.9394835641705194
p99,2034,14164.9669119001,14164.9669119001,981.2041904456,1780.9654776126008,13183.7627214545,0.9352176742349332
p99,2035,15435.0197094923,15435.0197094923,1129.6782897951998,2050.4580540161987,14305.3414196971,0.931802059425183
p99,2036,16767.074900010302,16767.074900010302,1279.8703371448992,2323.0688458844015,15487.204562865403,0.9290810538666736
p99,2037,18164.1593629158,18164.1593629158,1431.800210341,2598.8339331263996,16732.3591525748,0.9269339067072265
p99,2038,19629.447746149497,19629.447746149497,1585.4880172303,2877.7898131207003,18043.959728919195,0.9252654811254675
p99,2039,21166.2696800032,21166.2696800032,1740.9540983212992,3159.9734055461013,19425.315581681898,0.9239997777483344
p99,2040,22778.117343165497,22778.117343165497,1898.2190294762004,3445.4220572673003,20879.898313689297,0.9230753301133985
p99,2041,24108.772603213198,24108.772603213198,2010.4462709974996,3649.1236361470983,22098.3263322157,0.9230280859209558
p99,2042,25490.5599301111,25490.5599301111,2123.5895806278004,3854.4879532142004,23366.9703494833,0.9230977734873944
p99,2043,26925.444136488397,26925.444136488397,2237.656435880999,4061.5285807656,24687.787700607398,0.92327096941122
p99,2044,28415.465535319396,28415.465535319396,2352.6543753074,4270.259201883298,26062.811160011996,0.9235359722290073
p99,2045,29962.7428411164,29962.7428411164,2468.5909989916,4480.6936113396005,27494.1518421248,0.9238825325174052
p99,2046,31569.476182605795,31569.476182605795,2585.4739690544993,4692.845716507702,28984.002213551295,0.9243016324844844
p99,2047,33237.9502311693,33237.9502311693,2703.3110101601997,4906.729538281801,30534.6392210091,0.9247853047780189
p99,2048,34970.5374494999,34970.5374494999,2822.1099100262,5122.359212003201,32148.427539473698,0.9253264826044304
p99,2049,36769.7014650906,36769.7014650906,2941.8785199383,5339.748988394302,33827.8229451523,0.925918875022163
p99,2050,38638.000573354395,38638.000573354395,3062.6247552691,5558.9132345012,35575.3758180853,0.926556862609758
