region,avg_base,peak_base,year,avg_growth,peak_growth,avg_targ,peak_targ
p1,5467.20949119374,9391,2023,1,1,5467.20949119374,9391
p1,5467.20949119374,9391,2024,1.02606562597152,1.02606562597152,5609.71572889913,9635.78229349853
p1,5467.20949119374,9391,2025,1.05281066880032,1.05281066880032,5755.93648089516,9886.94499070384
p1,5467.20949119374,9391,2026,1.0802528379121,1.0802528379121,5905.96856832199,10144.6544008325
p1,5467.20949119374,9391,2027,1.10841030433979,1.10841030433979,6059.91133602341,10409.0811680549
p1,5467.20949119374,9391,2028,1.13730171275568,1.13730171275568,6217.86671832876,10680.4003844886
p1,5467.20949119374,9391,2029,1.16694619381714,1.16694619381714,6379.93930654947,10958.7917061368
p1,5467.20949119374,9391,2030,1.19736337683406,1.19736337683406,6546.23641823498,11244.4394718487
p1,5467.20949119374,9391,2031,1.20989096301467,1.20989096301467,6614.72735630335,11362.0860336708
p1,5467.20949119374,9391,2032,1.2225496208637,1.2225496208637,6683.93489064135,11480.9634895311
p1,5467.20949119374,9391,2033,1.2353407217373,1.2353407217373,6753.86651874031,11601.084717835
p1,5467.20949119374,9391,2034,1.24826565133963,1.24826565133963,6824.52981653514,11722.4627317304
p1,5467.20949119374,9391,2035,1.26132580987295,1.26132580987295,6895.93243922502,11845.1106805169
p1,5467.20949119374,9391,2036,1.27452261218938,1.27452261218938,6968.08212210279,11969.0418510704
p1,5467.20949119374,9391,2037,1.2878574879441,1.2878574879441,7040.98668139289,12094.269669283
p1,5467.20949119374,9391,2038,1.30133188175028,1.30133188175028,7114.65401509813,12220.8077015169
p1,5467.20949119374,9391,2039,1.31494725333556,1.31494725333556,7189.09210385529,12348.6696560742
p1,5467.20949119374,9391,2040,1.32870507770018,1.32870507770018,7264.30901179972,12477.8693846824
p1,5467.20949119374,9391,2041,1.32870507770018,1.32870507770018,7264.30901179972,12477.8693846824
p1,5467.20949119374,9391,2042,1.32870507770018,1.32870507770018,7264.30901179972,12477.8693846824
p1,5467.20949119374,9391,2043,1.32870507770018,1.32870507770018,7264.30901179972,12477.8693846824
p1,5467.20949119374,9391,2044,1.32870507770018,1.32870507770018,7264.30901179972,12477.8693846824
p1,5467.20949119374,9391,2045,1.32870507770018,1.32870507770018,7264.30901179972,12477.8693846824
p1,5467.20949119374,9391,2046,1.32870507770018,1.32870507770018,7264.30901179972,12477.8693846824
p1,5467.20949119374,9391,2047,1.32870507770018,1.32870507770018,7264.30901179972,12477.8693846824
p1,5467.20949119374,9391,2048,1.32870507770018,1.32870507770018,7264.30901179972,12477.8693846824
p1,5467.20949119374,9391,2049,1.32870507770018,1.32870507770018,7264.30901179972,12477.8693846824
p1,5467.20949119374,9391,2050,1.32870507770018,1.32870507770018,7264.30901179972,12477.8693846824
p10,15722.6103392042,28336,2023,1,1,15722.6103392042,28336
p10,15722.6103392042,28336,2024,1.00047244390475,1.00047244390475,15730.0383906257,28349.387170485
p10,15722.6103392042,28336,2025,1.00094511101274,1.00094511101274,15737.4699513848,28362.7806656571
p10,15722.6103392042,28336,2026,1.00141800142943,1.00141800142943,15744.9050231395,28376.1804885043
p10,15722.6103392042,28336,2027,1.00189111526031,1.00189111526031,15752.3436075486,28389.5866420162
p10,15722.6103392042,28336,2028,1.00236445261094,1.00236445261094,15759.7857062715,28402.9991291835
p10,15722.6103392042,28336,2029,1.00283801358691,1.00283801358691,15767.2313209685,28416.4179529987
p10,15722.6103392042,28336,2030,1.00331179829388,1.00331179829388,15774.6804533009,28429.8431164554
p10,15722.6103392042,28336,2031,1.02280409975246,1.02280409975246,16081.1503137485,28982.1769705858
p10,15722.6103392042,28336,2032,1.04267509686358,1.04267509686358,16393.5742583781,29545.2415447265
p10,15722.6103392042,28336,2033,1.06293214691122,1.06293214691122,16712.0679628988,30119.2453148763
p10,15722.6103392042,28336,2034,1.08358275011637,1.08358275011637,17036.7493503629,30704.4008072975
p10,15722.6103392042,28336,2035,1.10463455241403,1.10463455241403,17367.738634827,31300.9246772039
p10,15722.6103392042,28336,2036,1.1260953482841,1.1260953482841,17705.1583658613,31909.0377889783
p10,15722.6103392042,28336,2037,1.14797308363735,1.14797308363735,18049.1334739246,32528.9652979478
p10,15722.6103392042,28336,2038,1.17027585875735,1.17027585875735,18399.7913166194,33160.9367337484
p10,15722.6103392042,28336,2039,1.1930119312997,1.1930119312997,18757.2617258466,33805.1860853083
p10,15722.6103392042,28336,2040,1.21618971934936,1.21618971934936,19121.6770558761,34461.9518874835
p10,15722.6103392042,28336,2041,1.21618971934936,1.21618971934936,19121.6770558761,34461.9518874835
p10,15722.6103392042,28336,2042,1.21618971934936,1.21618971934936,19121.6770558761,34461.9518874835
p10,15722.6103392042,28336,2043,1.21618971934936,1.21618971934936,19121.6770558761,34461.9518874835
p10,15722.6103392042,28336,2044,1.21618971934936,1.21618971934936,19121.6770558761,34461.9518874835
p10,15722.6103392042,28336,2045,1.21618971934936,1.21618971934936,19121.6770558761,34461.9518874835
p10,15722.6103392042,28336,2046,1.21618971934936,1.21618971934936,19121.6770558761,34461.9518874835
p10,15722.6103392042,28336,2047,1.21618971934936,1.21618971934936,19121.6770558761,34461.9518874835
p10,15722.6103392042,28336,2048,1.21618971934936,1.21618971934936,19121.6770558761,34461.9518874835
p10,15722.6103392042,28336,2049,1.21618971934936,1.21618971934936,19121.6770558761,34461.9518874835
p10,15722.6103392042,28336,2050,1.21618971934936,1.21618971934936,19121.6770558761,34461.9518874835
p100,387.620939334638,703,2023,1,1,387.620939334638,703
p100,387.620939334638,703,2024,1.04127986482784,1.04127986482784,403.621879314812,732.01974497397
p100,387.620939334638,703,2025,1.08426375689588,1.08426375689588,420.283335934485,762.237421097805
p100,387.620939334638,703,2026,1.12902201821827,1.12902201821827,437.632575231254,793.702478807442
p100,387.620939334638,703,2027,1.17562789451797,1.17562789451797,455.697988781059,826.466409846134
p100,387.620939334638,703,2028,1.22415765509151,1.22415765509151,474.509140160259,860.582831529331
p100,387.620939334638,703,2029,1.27469071762165,1.27469071762165,494.096813325648,896.107574488021
p100,387.620939334638,703,2030,1.32730977814237,1.32730977814237,514.493062991597,933.098774034088
p100,387.620939334638,703,2031,1.3439630653595,1.3439630653595,520.94822582571,944.806034947731
p100,387.620939334638,703,2032,1.36082529549238,1.36082529549238,527.484379309091,956.66018273114
p100,387.620939334638,703,2033,1.37789909007399,1.37789909007399,534.102539602823,968.663060322015
p100,387.620939334638,703,2034,1.3951871035288,1.3951871035288,540.803735617406,980.816533780746
p100,387.620939334638,703,2035,1.41269202358538,1.41269202358538,547.589009172716,993.122492580523
p100,387.620939334638,703,2036,1.4304165716943,1.4304165716943,554.459415159976,1005.58284990109
p100,387.620939334638,703,2037,1.44836350345118,1.44836350345118,561.416021705755,1018.19954292618
p100,387.620939334638,703,2038,1.46653560902516,1.46653560902516,568.45991033803,1030.97453314469
p100,387.620939334638,703,2039,1.48493571359264,1.48493571359264,575.592176154328,1043.90980665562
p100,387.620939334638,703,2040,1.50356667777648,1.50356667777648,582.813927991979,1057.00737447686
p100,387.620939334638,703,2041,1.50356667777648,1.50356667777648,582.813927991979,1057.00737447686
p100,387.620939334638,703,2042,1.50356667777648,1.50356667777648,582.813927991979,1057.00737447686
p100,387.620939334638,703,2043,1.50356667777648,1.50356667777648,582.813927991979,1057.00737447686
p100,387.620939334638,703,2044,1.50356667777648,1.50356667777648,582.813927991979,1057.00737447686
p100,387.620939334638,703,2045,1.50356667777648,1.50356667777648,582.813927991979,1057.00737447686
p100,387.620939334638,703,2046,1.50356667777648,1.50356667777648,582.813927991979,1057.00737447686
p100,387.620939334638,703,2047,1.50356667777648,1.50356667777648,582.813927991979,1057.00737447686
p100,387.620939334638,703,2048,1.50356667777648,1.50356667777648,582.813927991979,1057.00737447686
p100,387.620939334638,703,2049,1.50356667777648,1.50356667777648,582.813927991979,1057.00737447686
p100,387.620939334638,703,2050,1.50356667777648,1.50356667777648,582.813927991979,1057.00737447686
p101,18292.8626386171,35194,2023,1,1,18292.8626386171,35194
p101,18292.8626386171,35194,2024,1.02424348317147,1.02424348317147,18736.3453461544,36047.2251467367
p101,18292.8626386171,35194,2025,1.04907471281922,1.04907471281922,19190.5796192487,36921.1354429597
p101,18292.8626386171,35194,2026,1.07450793796507,1.07450793796507,19655.8261132987,37816.2323687426
p101,18292.8626386171,35194,2027,1.10055775307673,1.10055775307673,20132.3518028977,38733.0295617825
p101,18292.8626386171,35194,2028,1.12723910644268,1.12723910644268,20620.4301350334,39672.0531121436
p101,18292.8626386171,35194,2029,1.15456730874994,1.15456730874994,21120.3411860005,40633.8418641454
p101,18292.8626386171,35194,2030,1.18255804186995,1.18255804186995,21632.3718221189,41618.9477255709
p101,18292.8626386171,35194,2031,1.18878583587655,1.18878583587655,21746.2960024234,41838.1287078394
p101,18292.8626386171,35194,2032,1.19504642778129,1.19504642778129,21860.8201501732,42058.4639793347
p101,18292.8626386171,35194,2033,1.20133999031018,1.20133999031018,21975.9474250217,42279.9596189765
p101,18292.8626386171,35194,2034,1.2076666970989,1.2076666970989,22091.6810032625,42502.6217376986
p101,18292.8626386171,35194,2035,1.21402672269754,1.21402672269754,22208.0240779166,42726.4564786172
p101,18292.8626386171,35194,2036,1.22042024257545,1.22042024257545,22324.9798588204,42951.4700172003
p101,18292.8626386171,35194,2037,1.22684743312606,1.22684743312606,22442.5515727149,43177.6685614384
p101,18292.8626386171,35194,2038,1.23330847167175,1.23330847167175,22560.7424633341,43405.0583520156
p101,18292.8626386171,35194,2039,1.23980353646876,1.23980353646876,22679.5557914948,43633.6456624816
p101,18292.8626386171,35194,2040,1.24633280671209,1.24633280671209,22798.9948351864,43863.4367994253
p101,18292.8626386171,35194,2041,1.24633280671209,1.24633280671209,22798.9948351864,43863.4367994253
p101,18292.8626386171,35194,2042,1.24633280671209,1.24633280671209,22798.9948351864,43863.4367994253
p101,18292.8626386171,35194,2043,1.24633280671209,1.24633280671209,22798.9948351864,43863.4367994253
p101,18292.8626386171,35194,2044,1.24633280671209,1.24633280671209,22798.9948351864,43863.4367994253
p101,18292.8626386171,35194,2045,1.24633280671209,1.24633280671209,22798.9948351864,43863.4367994253
p101,18292.8626386171,35194,2046,1.24633280671209,1.24633280671209,22798.9948351864,43863.4367994253
p101,18292.8626386171,35194,2047,1.24633280671209,1.24633280671209,22798.9948351864,43863.4367994253
p101,18292.8626386171,35194,2048,1.24633280671209,1.24633280671209,22798.9948351864,43863.4367994253
p101,18292.8626386171,35194,2049,1.24633280671209,1.24633280671209,22798.9948351864,43863.4367994253
p101,18292.8626386171,35194,2050,1.24633280671209,1.24633280671209,22798.9948351864,43863.4367994253
p102,10401.4526581866,20011,2023,1,1,10401.4526581866,20011
p102,10401.4526581866,20011,2024,1.02424348317147,1.02424348317147,10653.6201006641,20496.1363417442
p102,10401.4526581866,20011,2025,1.04907471281922,1.04907471281922,10911.9009602898,20993.0340782254
p102,10401.4526581866,20011,2026,1.07450793796507,1.07450793796507,11176.4434475893,21501.978346619
p102,10401.4526581866,20011,2027,1.10055775307673,1.10055775307673,11447.3993662278,22023.2611968185
p102,10401.4526581866,20011,2028,1.12723910644268,1.12723910644268,11724.92420012,22557.1817590244
p102,10401.4526581866,20011,2029,1.15456730874994,1.15456730874994,12009.1772026524,23104.0464153951
p102,10401.4526581866,20011,2030,1.18255804186995,1.18255804186995,12300.3214880681,23664.1689758595
p102,10401.4526581866,20011,2031,1.18878583587655,1.18878583587655,12365.0995925927,23788.7933617257
p102,10401.4526581866,20011,2032,1.19504642778129,1.19504642778129,12430.218842902,23914.0740663314
p102,10401.4526581866,20011,2033,1.20133999031018,1.20133999031018,12495.6810355977,24040.014546097
p102,10401.4526581866,20011,2034,1.2076666970989,1.2076666970989,12561.4879767427,24166.618275646
p102,10401.4526581866,20011,2035,1.21402672269754,1.21402672269754,12627.6414819118,24293.8887479004
p102,10401.4526581866,20011,2036,1.22042024257545,1.22042024257545,12694.1433762411,24421.8294741773
p102,10401.4526581866,20011,2037,1.22684743312606,1.22684743312606,12760.9954944784,24550.4439842855
p102,10401.4526581866,20011,2038,1.23330847167175,1.23330847167175,12828.1996810341,24679.7358266234
p102,10401.4526581866,20011,2039,1.23980353646876,1.23980353646876,12895.7577900321,24809.7085682764
p102,10401.4526581866,20011,2040,1.24633280671209,1.24633280671209,12963.6716853606,24940.3657951156
p102,10401.4526581866,20011,2041,1.24633280671209,1.24633280671209,12963.6716853606,24940.3657951156
p102,10401.4526581866,20011,2042,1.24633280671209,1.24633280671209,12963.6716853606,24940.3657951156
p102,10401.4526581866,20011,2043,1.24633280671209,1.24633280671209,12963.6716853606,24940.3657951156
p102,10401.4526581866,20011,2044,1.24633280671209,1.24633280671209,12963.6716853606,24940.3657951156
p102,10401.4526581866,20011,2045,1.24633280671209,1.24633280671209,12963.6716853606,24940.3657951156
p102,10401.4526581866,20011,2046,1.24633280671209,1.24633280671209,12963.6716853606,24940.3657951156
p102,10401.4526581866,20011,2047,1.24633280671209,1.24633280671209,12963.6716853606,24940.3657951156
p102,10401.4526581866,20011,2048,1.24633280671209,1.24633280671209,12963.6716853606,24940.3657951156
p102,10401.4526581866,20011,2049,1.24633280671209,1.24633280671209,12963.6716853606,24940.3657951156
p102,10401.4526581866,20011,2050,1.24633280671209,1.24633280671209,12963.6716853606,24940.3657951156
p103,10365.9022341813,18409,2023,1,1,10365.9022341813,18409
p103,10365.9022341813,18409,2024,1,1,10365.9022341813,18409
p103,10365.9022341813,18409,2025,1,1,10365.9022341813,18409
p103,10365.9022341813,18409,2026,1,1,10365.9022341813,18409
p103,10365.9022341813,18409,2027,1,1,10365.9022341813,18409
p103,10365.9022341813,18409,2028,1,1,10365.9022341813,18409
p103,10365.9022341813,18409,2029,1,1,10365.9022341813,18409
p103,10365.9022341813,18409,2030,1,1,10365.9022341813,18409
p103,10365.9022341813,18409,2031,1.01845490252449,1.01845490252449,10557.2039494915,18748.7363005733
p103,10365.9022341813,18409,2032,1.03725038847617,1.03725038847617,10752.0361193106,19094.7424014577
p103,10365.9022341813,18409,2033,1.05639274328898,1.05639274328898,10950.4638978322,19447.1340112069
p103,10365.9022341813,18409,2034,1.07588836839396,1.07588836839396,11152.5536416646,19806.0289737644
p103,10365.9022341813,18409,2035,1.0957437833599,1.0957437833599,11358.3729320207,20171.5473078724
p103,10365.9022341813,18409,2036,1.11596562807362,1.11596562807362,11567.9905973179,20543.8112472073
p103,10365.9022341813,18409,2037,1.1365606649604,1.1365606649604,11781.4767361956,20922.945281256
p103,10365.9022341813,18409,2038,1.15753578124541,1.15753578124541,11998.9027409567,21309.0761969468
p103,10365.9022341813,18409,2039,1.1788979912569,1.1788979912569,12220.3413214418,21702.3331210484
p103,10365.9022341813,18409,2040,1.20065443877187,1.20065443877187,12445.866529345,22102.8475633513
p103,10365.9022341813,18409,2041,1.20065443877187,1.20065443877187,12445.866529345,22102.8475633513
p103,10365.9022341813,18409,2042,1.20065443877187,1.20065443877187,12445.866529345,22102.8475633513
p103,10365.9022341813,18409,2043,1.20065443877187,1.20065443877187,12445.866529345,22102.8475633513
p103,10365.9022341813,18409,2044,1.20065443877187,1.20065443877187,12445.866529345,22102.8475633513
p103,10365.9022341813,18409,2045,1.20065443877187,1.20065443877187,12445.866529345,22102.8475633513
p103,10365.9022341813,18409,2046,1.20065443877187,1.20065443877187,12445.866529345,22102.8475633513
p103,10365.9022341813,18409,2047,1.20065443877187,1.20065443877187,12445.866529345,22102.8475633513
p103,10365.9022341813,18409,2048,1.20065443877187,1.20065443877187,12445.866529345,22102.8475633513
p103,10365.9022341813,18409,2049,1.20065443877187,1.20065443877187,12445.866529345,22102.8475633513
p103,10365.9022341813,18409,2050,1.20065443877187,1.20065443877187,12445.866529345,22102.8475633513
p104,1030.00883887802,1829,2023,1,1,1030.00883887802,1829
p104,1030.00883887802,1829,2024,1.04127986482784,1.04127986482784,1072.52746451838,1904.50087277012
p104,1030.00883887802,1829,2025,1.08426375689588,1.08426375689588,1116.80125327784,1983.11841136257
p104,1030.00883887802,1829,2026,1.12902201821827,1.12902201821827,1162.90265805271,2064.98127132121
p104,1030.00883887802,1829,2027,1.17562789451797,1.17562789451797,1210.90712258506,2150.22341907337
p104,1030.00883887802,1829,2028,1.22415765509151,1.22415765509151,1260.89320492444,2238.98435116237
p104,1030.00883887802,1829,2029,1.27469071762165,1.27469071762165,1312.94270598606,2331.40932253
p104,1030.00883887802,1829,2030,1.32730977814237,1.32730977814237,1367.14080341586,2427.6495842224
p104,1030.00883887802,1829,2031,1.3439630653595,1.3439630653595,1384.29383644588,2458.10844654253
p104,1030.00883887802,1829,2032,1.36082529549238,1.36082529549238,1401.66208252594,2488.94946545556
p104,1030.00883887802,1829,2033,1.37789909007399,1.37789909007399,1419.24824185819,2520.17743574533
p104,1030.00883887802,1829,2034,1.3951871035288,1.3951871035288,1437.05504852328,2551.79721235417
p104,1030.00883887802,1829,2035,1.41269202358538,1.41269202358538,1455.08527090542,2583.81371113766
p104,1030.00883887802,1829,2036,1.4304165716943,1.4304165716943,1473.34171212272,2616.23190962887
p104,1030.00883887802,1829,2037,1.44836350345118,1.44836350345118,1491.82721046305,2649.05684781221
p104,1030.00883887802,1829,2038,1.46653560902516,1.46653560902516,1510.54463982528,2682.29362890703
p104,1030.00883887802,1829,2039,1.48493571359264,1.48493571359264,1529.49691016605,2715.94742016093
p104,1030.00883887802,1829,2040,1.50356667777648,1.50356667777648,1548.68696795223,2750.02345365318
p104,1030.00883887802,1829,2041,1.50356667777648,1.50356667777648,1548.68696795223,2750.02345365318
p104,1030.00883887802,1829,2042,1.50356667777648,1.50356667777648,1548.68696795223,2750.02345365318
p104,1030.00883887802,1829,2043,1.50356667777648,1.50356667777648,1548.68696795223,2750.02345365318
p104,1030.00883887802,1829,2044,1.50356667777648,1.50356667777648,1548.68696795223,2750.02345365318
p104,1030.00883887802,1829,2045,1.50356667777648,1.50356667777648,1548.68696795223,2750.02345365318
p104,1030.00883887802,1829,2046,1.50356667777648,1.50356667777648,1548.68696795223,2750.02345365318
p104,1030.00883887802,1829,2047,1.50356667777648,1.50356667777648,1548.68696795223,2750.02345365318
p104,1030.00883887802,1829,2048,1.50356667777648,1.50356667777648,1548.68696795223,2750.02345365318
p104,1030.00883887802,1829,2049,1.50356667777648,1.50356667777648,1548.68696795223,2750.02345365318
p104,1030.00883887802,1829,2050,1.50356667777648,1.50356667777648,1548.68696795223,2750.02345365318
p105,6884.55345727332,11483,2023,1,1,6884.55345727332,11483
p105,6884.55345727332,11483,2024,1,1,6884.55345727332,11483
p105,6884.55345727332,11483,2025,1,1,6884.55345727332,11483
p105,6884.55345727332,11483,2026,1,1,6884.55345727332,11483
p105,6884.55345727332,11483,2027,1,1,6884.55345727332,11483
p105,6884.55345727332,11483,2028,1,1,6884.55345727332,11483
p105,6884.55345727332,11483,2029,1,1,6884.55345727332,11483
p105,6884.55345727332,11483,2030,1,1,6884.55345727332,11483
p105,6884.55345727332,11483,2031,1.01845490252449,1.01845490252449,7011.60722025193,11694.9176456887
p105,6884.55345727332,11483,2032,1.03725038847617,1.03725038847617,7141.00574804168,11910.7462108718
p105,6884.55345727332,11483,2033,1.05639274328898,1.05639274328898,7272.79231304861,12130.5578711874
p105,6884.55345727332,11483,2034,1.07588836839396,1.07588836839396,7407.01098626677,12354.4261342678
p105,6884.55345727332,11483,2035,1.0957437833599,1.0957437833599,7543.70665201614,12582.4258643217
p105,6884.55345727332,11483,2036,1.11596562807362,1.11596562807362,7682.92502295244,12814.6333071694
p105,6884.55345727332,11483,2037,1.1365606649604,1.1365606649604,7824.71265535398,13051.1261157403
p105,6884.55345727332,11483,2038,1.15753578124541,1.15753578124541,7969.11696469068,13291.9833760411
p105,6884.55345727332,11483,2039,1.1788979912569,1.1788979912569,8116.18624148029,13537.285633603
p105,6884.55345727332,11483,2040,1.20065443877187,1.20065443877187,8265.96966743741,13787.1149204173
p105,6884.55345727332,11483,2041,1.20065443877187,1.20065443877187,8265.96966743741,13787.1149204173
p105,6884.55345727332,11483,2042,1.20065443877187,1.20065443877187,8265.96966743741,13787.1149204173
p105,6884.55345727332,11483,2043,1.20065443877187,1.20065443877187,8265.96966743741,13787.1149204173
p105,6884.55345727332,11483,2044,1.20065443877187,1.20065443877187,8265.96966743741,13787.1149204173
p105,6884.55345727332,11483,2045,1.20065443877187,1.20065443877187,8265.96966743741,13787.1149204173
p105,6884.55345727332,11483,2046,1.20065443877187,1.20065443877187,8265.96966743741,13787.1149204173
p105,6884.55345727332,11483,2047,1.20065443877187,1.20065443877187,8265.96966743741,13787.1149204173
p105,6884.55345727332,11483,2048,1.20065443877187,1.20065443877187,8265.96966743741,13787.1149204173
p105,6884.55345727332,11483,2049,1.20065443877187,1.20065443877187,8265.96966743741,13787.1149204173
p105,6884.55345727332,11483,2050,1.20065443877187,1.20065443877187,8265.96966743741,13787.1149204173
p106,1835.62767449446,3061,2023,1,1,1835.62767449446,3061
p106,1835.62767449446,3061,2024,1,1,1835.62767449446,3061
p106,1835.62767449446,3061,2025,1,1,1835.62767449446,3061
p106,1835.62767449446,3061,2026,1,1,1835.62767449446,3061
p106,1835.62767449446,3061,2027,1,1,1835.62767449446,3061
p106,1835.62767449446,3061,2028,1,1,1835.62767449446,3061
p106,1835.62767449446,3061,2029,1,1,1835.62767449446,3061
p106,1835.62767449446,3061,2030,1,1,1835.62767449446,3061
p106,1835.62767449446,3061,2031,1.01845490252449,1.01845490252449,1869.5040042985,3117.49045662746
p106,1835.62767449446,3061,2032,1.03725038847617,1.03725038847617,1904.00551846698,3175.02343912554
p106,1835.62767449446,3061,2033,1.05639274328898,1.05639274328898,1939.14375471637,3233.61818720757
p106,1835.62767449446,3061,2034,1.07588836839396,1.07588836839396,1974.93046369063,3293.2942956539
p106,1835.62767449446,3061,2035,1.0957437833599,1.0957437833599,2011.37761289069,3354.07172086465
p106,1835.62767449446,3061,2036,1.11596562807362,1.11596562807362,2048.49739067653,3415.97078753335
p106,1835.62767449446,3061,2037,1.1365606649604,1.1365606649604,2086.30221034313,3479.01219544378
p106,1835.62767449446,3061,2038,1.15753578124541,1.15753578124541,2124.80471427164,3543.21702639221
p106,1835.62767449446,3061,2039,1.1788979912569,1.1788979912569,2164.0177781571,3608.60675123738
p106,1835.62767449446,3061,2040,1.20065443877187,1.20065443877187,2203.95451531425,3675.20323708068
p106,1835.62767449446,3061,2041,1.20065443877187,1.20065443877187,2203.95451531425,3675.20323708068
p106,1835.62767449446,3061,2042,1.20065443877187,1.20065443877187,2203.95451531425,3675.20323708068
p106,1835.62767449446,3061,2043,1.20065443877187,1.20065443877187,2203.95451531425,3675.20323708068
p106,1835.62767449446,3061,2044,1.20065443877187,1.20065443877187,2203.95451531425,3675.20323708068
p106,1835.62767449446,3061,2045,1.20065443877187,1.20065443877187,2203.95451531425,3675.20323708068
p106,1835.62767449446,3061,2046,1.20065443877187,1.20065443877187,2203.95451531425,3675.20323708068
p106,1835.62767449446,3061,2047,1.20065443877187,1.20065443877187,2203.95451531425,3675.20323708068
p106,1835.62767449446,3061,2048,1.20065443877187,1.20065443877187,2203.95451531425,3675.20323708068
p106,1835.62767449446,3061,2049,1.20065443877187,1.20065443877187,2203.95451531425,3675.20323708068
p106,1835.62767449446,3061,2050,1.20065443877187,1.20065443877187,2203.95451531425,3675.20323708068
p107,2914.11591650359,4860,2023,1,1,2914.11591650359,4860
p107,2914.11591650359,4860,2024,1,1,2914.11591650359,4860
p107,2914.11591650359,4860,2025,1,1,2914.11591650359,4860
p107,2914.11591650359,4860,2026,1,1,2914.11591650359,4860
p107,2914.11591650359,4860,2027,1,1,2914.11591650359,4860
p107,2914.11591650359,4860,2028,1,1,2914.11591650359,4860
p107,2914.11591650359,4860,2029,1,1,2914.11591650359,4860
p107,2914.11591650359,4860,2030,1,1,2914.11591650359,4860
p107,2914.11591650359,4860,2031,1.01845490252449,1.01845490252449,2967.89564168772,4949.69082626902
p107,2914.11591650359,4860,2032,1.03725038847617,1.03725038847617,3022.66786645793,5041.03688799417
p107,2914.11591650359,4860,2033,1.05639274328898,1.05639274328898,3078.45090729731,5134.06873238445
p107,2914.11591650359,4860,2034,1.07588836839396,1.07588836839396,3135.26341871791,5228.81747039463
p107,2914.11591650359,4860,2035,1.0957437833599,1.0957437833599,3193.12439949894,5325.31478712911
p107,2914.11591650359,4860,2036,1.11596562807362,1.11596562807362,3252.05319904026,5423.5929524378
p107,2914.11591650359,4860,2037,1.1365606649604,1.1365606649604,3312.069523833,5523.68483170754
p107,2914.11591650359,4860,2038,1.15753578124541,1.15753578124541,3373.19344404967,5625.6238968527
p107,2914.11591650359,4860,2039,1.1788979912569,1.1788979912569,3435.44540025585,5729.44423750856
p107,2914.11591650359,4860,2040,1.20065443877187,1.20065443877187,3498.84621024578,5835.18057243127
p107,2914.11591650359,4860,2041,1.20065443877187,1.20065443877187,3498.84621024578,5835.18057243127
p107,2914.11591650359,4860,2042,1.20065443877187,1.20065443877187,3498.84621024578,5835.18057243127
p107,2914.11591650359,4860,2043,1.20065443877187,1.20065443877187,3498.84621024578,5835.18057243127
p107,2914.11591650359,4860,2044,1.20065443877187,1.20065443877187,3498.84621024578,5835.18057243127
p107,2914.11591650359,4860,2045,1.20065443877187,1.20065443877187,3498.84621024578,5835.18057243127
p107,2914.11591650359,4860,2046,1.20065443877187,1.20065443877187,3498.84621024578,5835.18057243127
p107,2914.11591650359,4860,2047,1.20065443877187,1.20065443877187,3498.84621024578,5835.18057243127
p107,2914.11591650359,4860,2048,1.20065443877187,1.20065443877187,3498.84621024578,5835.18057243127
p107,2914.11591650359,4860,2049,1.20065443877187,1.20065443877187,3498.84621024578,5835.18057243127
p107,2914.11591650359,4860,2050,1.20065443877187,1.20065443877187,3498.84621024578,5835.18057243127
p108,962.354680365297,1594,2023,1,1,962.354680365297,1594
p108,962.354680365297,1594,2024,1,1,962.354680365297,1594
p108,962.354680365297,1594,2025,1,1,962.354680365297,1594
p108,962.354680365297,1594,2026,1,1,962.354680365297,1594
p108,962.354680365297,1594,2027,1,1,962.354680365297,1594
p108,962.354680365297,1594,2028,1,1,962.354680365297,1594
p108,962.354680365297,1594,2029,1,1,962.354680365297,1594
p108,962.354680365297,1594,2030,1,1,962.354680365297,1594
p108,962.354680365297,1594,2031,1.01845490252449,1.01845490252449,980.114842185424,1623.41711462404
p108,962.354680365297,1594,2032,1.03725038847617,1.03725038847617,998.202766060761,1653.37711923101
p108,962.354680365297,1594,2033,1.05639274328898,1.05639274328898,1016.62450080809,1683.89003280264
p108,962.354680365297,1594,2034,1.07588836839396,1.07588836839396,1035.38620687451,1714.96605921997
p108,962.354680365297,1594,2035,1.0957437833599,1.0957437833599,1054.49415839758,1746.61559067568
p108,962.354680365297,1594,2036,1.11596562807362,1.11596562807362,1073.95474530345,1778.84921114935
p108,962.354680365297,1594,2037,1.1365606649604,1.1365606649604,1093.77447544373,1811.67769994688
p108,962.354680365297,1594,2038,1.15753578124541,1.15753578124541,1113.95997677182,1845.11203530519
p108,962.354680365297,1594,2039,1.1788979912569,1.1788979912569,1134.51799955933,1879.16339806351
p108,962.354680365297,1594,2040,1.20065443877187,1.20065443877187,1155.45541865347,1913.84317540236
p108,962.354680365297,1594,2041,1.20065443877187,1.20065443877187,1155.45541865347,1913.84317540236
p108,962.354680365297,1594,2042,1.20065443877187,1.20065443877187,1155.45541865347,1913.84317540236
p108,962.354680365297,1594,2043,1.20065443877187,1.20065443877187,1155.45541865347,1913.84317540236
p108,962.354680365297,1594,2044,1.20065443877187,1.20065443877187,1155.45541865347,1913.84317540236
p108,962.354680365297,1594,2045,1.20065443877187,1.20065443877187,1155.45541865347,1913.84317540236
p108,962.354680365297,1594,2046,1.20065443877187,1.20065443877187,1155.45541865347,1913.84317540236
p108,962.354680365297,1594,2047,1.20065443877187,1.20065443877187,1155.45541865347,1913.84317540236
p108,962.354680365297,1594,2048,1.20065443877187,1.20065443877187,1155.45541865347,1913.84317540236
p108,962.354680365297,1594,2049,1.20065443877187,1.20065443877187,1155.45541865347,1913.84317540236
p108,962.354680365297,1594,2050,1.20065443877187,1.20065443877187,1155.45541865347,1913.84317540236
p109,5633.6593444227,9332,2023,1,1,5633.6593444227,9332
p109,5633.6593444227,9332,2024,1.04127986482784,1.04127986482784,5866.21604064656,9717.22369857339
p109,5633.6593444227,9332,2025,1.08426375689588,1.08426375689588,6108.37264585535,10118.3493793524
p109,5633.6593444227,9332,2026,1.12902201821827,1.12902201821827,6360.52544299432,10536.0334740129
p109,5633.6593444227,9332,2027,1.17562789451797,1.17562789451797,6623.08707351516,10970.9595116417
p109,5633.6593444227,9332,2028,1.22415765509151,1.22415765509151,6896.48721265287,11423.839237314
p109,5633.6593444227,9332,2029,1.27469071762165,1.27469071762165,7181.17327257809,11895.4137768452
p109,5633.6593444227,9332,2030,1.32730977814237,1.32730977814237,7477.6111345754,12386.4548496246
p109,5633.6593444227,9332,2031,1.3439630653595,1.3439630653595,7571.43008172155,12541.8633259349
p109,5633.6593444227,9332,2032,1.36082529549238,1.36082529549238,7666.42614207741,12699.2216575349
p109,5633.6593444227,9332,2033,1.37789909007399,1.37789909007399,7762.61408446687,12858.5543085705
p109,5633.6593444227,9332,2034,1.3951871035288,1.3951871035288,7860.00886301306,13019.8860501308
p109,5633.6593444227,9332,2035,1.41269202358538,1.41269202358538,7958.6256194632,13183.2419640988
p109,5633.6593444227,9332,2036,1.4304165716943,1.4304165716943,8058.47968554266,13348.6474470512
p109,5633.6593444227,9332,2037,1.44836350345118,1.44836350345118,8159.58658533856,13516.1282142064
p109,5633.6593444227,9332,2038,1.46653560902516,1.46653560902516,8261.96203771326,13685.7103034228
p109,5633.6593444227,9332,2039,1.48493571359264,1.48493571359264,8365.62195874814,13857.4200792465
p109,5633.6593444227,9332,2040,1.50356667777648,1.50356667777648,8470.58246421805,14031.2842370101
p109,5633.6593444227,9332,2041,1.50356667777648,1.50356667777648,8470.58246421805,14031.2842370101
p109,5633.6593444227,9332,2042,1.50356667777648,1.50356667777648,8470.58246421805,14031.2842370101
p109,5633.6593444227,9332,2043,1.50356667777648,1.50356667777648,8470.58246421805,14031.2842370101
p109,5633.6593444227,9332,2044,1.50356667777648,1.50356667777648,8470.58246421805,14031.2842370101
p109,5633.6593444227,9332,2045,1.50356667777648,1.50356667777648,8470.58246421805,14031.2842370101
p109,5633.6593444227,9332,2046,1.50356667777648,1.50356667777648,8470.58246421805,14031.2842370101
p109,5633.6593444227,9332,2047,1.50356667777648,1.50356667777648,8470.58246421805,14031.2842370101
p109,5633.6593444227,9332,2048,1.50356667777648,1.50356667777648,8470.58246421805,14031.2842370101
p109,5633.6593444227,9332,2049,1.50356667777648,1.50356667777648,8470.58246421805,14031.2842370101
p109,5633.6593444227,9332,2050,1.50356667777648,1.50356667777648,8470.58246421805,14031.2842370101
p11,2169.51568819309,3910,2023,1,1,2169.51568819309,3910
p11,2169.51568819309,3910,2024,1.00047244390475,1.00047244390475,2170.54066265623,3911.84725566757
p11,2169.51568819309,3910,2025,1.00094511101274,1.00094511101274,2171.56612136231,3913.69538405982
p11,2169.51568819309,3910,2026,1.00141800142943,1.00141800142943,2172.59206454011,3915.54438558907
p11,2169.51568819309,3910,2027,1.00189111526031,1.00189111526031,2173.61849241851,3917.39426066781
p11,2169.51568819309,3910,2028,1.00236445261094,1.00236445261094,2174.6454052265,3919.24500970877
p11,2169.51568819309,3910,2029,1.00283801358691,1.00283801358691,2175.67280319319,3921.09663312482
p11,2169.51568819309,3910,2030,1.00331179829388,1.00331179829388,2176.70068654779,3922.94913132908
p11,2169.51568819309,3910,2031,1.02280409975246,1.02280409975246,2218.98954036118,3999.16403003214
p11,2169.51568819309,3910,2032,1.04267509686358,1.04267509686358,2262.09998033379,4076.85962873662
p11,2169.51568819309,3910,2033,1.06293214691122,1.06293214691122,2306.04796820865,4156.06469442287
p11,2169.51568819309,3910,2034,1.08358275011637,1.08358275011637,2350.84977583287,4236.80855295501
p11,2169.51568819309,3910,2035,1.10463455241403,1.10463455241403,2396.52199118238,4319.12109993885
p11,2169.51568819309,3910,2036,1.1260953482841,1.1260953482841,2443.08152450361,4403.03281179083
p11,2169.51568819309,3910,2037,1.14797308363735,1.14797308363735,2490.54561457462,4488.57475702202
p11,2169.51568819309,3910,2038,1.17027585875735,1.17027585875735,2538.93183508771,4575.77860774125
p11,2169.51568819309,3910,2039,1.1930119312997,1.1930119312997,2588.25810115623,4664.67665138182
p11,2169.51568819309,3910,2040,1.21618971934936,1.21618971934936,2638.54267594758,4755.301802656
p11,2169.51568819309,3910,2041,1.21618971934936,1.21618971934936,2638.54267594758,4755.301802656
p11,2169.51568819309,3910,2042,1.21618971934936,1.21618971934936,2638.54267594758,4755.301802656
p11,2169.51568819309,3910,2043,1.21618971934936,1.21618971934936,2638.54267594758,4755.301802656
p11,2169.51568819309,3910,2044,1.21618971934936,1.21618971934936,2638.54267594758,4755.301802656
p11,2169.51568819309,3910,2045,1.21618971934936,1.21618971934936,2638.54267594758,4755.301802656
p11,2169.51568819309,3910,2046,1.21618971934936,1.21618971934936,2638.54267594758,4755.301802656
p11,2169.51568819309,3910,2047,1.21618971934936,1.21618971934936,2638.54267594758,4755.301802656
p11,2169.51568819309,3910,2048,1.21618971934936,1.21618971934936,2638.54267594758,4755.301802656
p11,2169.51568819309,3910,2049,1.21618971934936,1.21618971934936,2638.54267594758,4755.301802656
p11,2169.51568819309,3910,2050,1.21618971934936,1.21618971934936,2638.54267594758,4755.301802656
p110,624.170156555773,1033,2023,1,1,624.170156555773,1033
p110,624.170156555773,1033,2024,1.04127986482784,1.04127986482784,649.935816247966,1075.64210036716
p110,624.170156555773,1033,2025,1.08426375689588,1.08426375689588,676.765078889453,1120.04446087345
p110,624.170156555773,1033,2026,1.12902201821827,1.12902201821827,704.701849866211,1166.27974481947
p110,624.170156555773,1033,2027,1.17562789451797,1.17562789451797,733.791846972616,1214.42361503706
p110,624.170156555773,1033,2028,1.22415765509151,1.22415765509151,764.082675227416,1264.55485770953
p110,624.170156555773,1033,2029,1.27469071762165,1.27469071762165,795.623904778097,1316.75551130317
p110,624.170156555773,1033,2030,1.32730977814237,1.32730977814237,828.467152021134,1371.11100082107
p110,624.170156555773,1033,2031,1.3439630653595,1.3439630653595,838.861636910618,1388.31384651637
p110,624.170156555773,1033,2032,1.36082529549238,1.36082529549238,849.386537732532,1405.73253024362
p110,624.170156555773,1033,2033,1.37789909007399,1.37789909007399,860.04349076954,1423.36976004643
p110,624.170156555773,1033,2034,1.3951871035288,1.3951871035288,870.834152834166,1441.22827794525
p110,624.170156555773,1033,2035,1.41269202358538,1.41269202358538,881.76020152638,1459.3108603637
p110,624.170156555773,1033,2036,1.4304165716943,1.4304165716943,892.823335494401,1477.62031856021
p110,624.170156555773,1033,2037,1.44836350345118,1.44836350345118,904.025274698792,1496.15949906507
p110,624.170156555773,1033,2038,1.46653560902516,1.46653560902516,915.367760679853,1514.931284123
p110,624.170156555773,1033,2039,1.48493571359264,1.48493571359264,926.852556828374,1533.93859214119
p110,624.170156555773,1033,2040,1.50356667777648,1.50356667777648,938.481448659787,1553.1843781431
p110,624.170156555773,1033,2041,1.50356667777648,1.50356667777648,938.481448659787,1553.1843781431
p110,624.170156555773,1033,2042,1.50356667777648,1.50356667777648,938.481448659787,1553.1843781431
p110,624.170156555773,1033,2043,1.50356667777648,1.50356667777648,938.481448659787,1553.1843781431
p110,624.170156555773,1033,2044,1.50356667777648,1.50356667777648,938.481448659787,1553.1843781431
p110,624.170156555773,1033,2045,1.50356667777648,1.50356667777648,938.481448659787,1553.1843781431
p110,624.170156555773,1033,2046,1.50356667777648,1.50356667777648,938.481448659787,1553.1843781431
p110,624.170156555773,1033,2047,1.50356667777648,1.50356667777648,938.481448659787,1553.1843781431
p110,624.170156555773,1033,2048,1.50356667777648,1.50356667777648,938.481448659787,1553.1843781431
p110,624.170156555773,1033,2049,1.50356667777648,1.50356667777648,938.481448659787,1553.1843781431
p110,624.170156555773,1033,2050,1.50356667777648,1.50356667777648,938.481448659787,1553.1843781431
p111,5708.5404272668,9400,2023,1,1,5708.5404272668,9400
p111,5708.5404272668,9400,2024,1.04127986482784,1.04127986482784,5944.18820446862,9788.03072938168
p111,5708.5404272668,9400,2025,1.08426375689588,1.08426375689588,6189.56349006032,10192.0793148213
p111,5708.5404272668,9400,2026,1.12902201821827,1.12902201821827,6445.06783427333,10612.8069712517
p111,5708.5404272668,9400,2027,1.17562789451797,1.17562789451797,6711.11936327839,11050.9022084689
p111,5708.5404272668,9400,2028,1.22415765509151,1.22415765509151,6988.15346343801,11507.0819578602
p111,5708.5404272668,9400,2029,1.27469071762165,1.27469071762165,7276.62349380492,11982.0927456435
p111,5708.5404272668,9400,2030,1.32730977814237,1.32730977814237,7577.00152803226,12476.7119145383
p111,5708.5404272668,9400,2031,1.3439630653595,1.3439630653595,7672.06749135814,12633.2528143793
p111,5708.5404272668,9400,2032,1.36082529549238,1.36082529549238,7768.32621376551,12791.7577776283
p111,5708.5404272668,9400,2033,1.37789909007399,1.37789909007399,7865.79266038151,12952.2514466955
p111,5708.5404272668,9400,2034,1.3951871035288,1.3951871035288,7964.48198409542,13114.7587731707
p111,5708.5404272668,9400,2035,1.41269202358538,1.41269202358538,8064.40952791449,13279.3050217026
p111,5708.5404272668,9400,2036,1.4304165716943,1.4304165716943,8165.59082734927,13445.9157739264
p111,5708.5404272668,9400,2037,1.44836350345118,1.44836350345118,8268.04161282885,13614.6169324411
p111,5708.5404272668,9400,2038,1.46653560902516,1.46653560902516,8371.77781214649,13785.4347248366
p111,5708.5404272668,9400,2039,1.48493571359264,1.48493571359264,8476.81555293583,13958.3957077708
p111,5708.5404272668,9400,2040,1.50356667777648,1.50356667777648,8583.17116517825,14133.5267710989
p111,5708.5404272668,9400,2041,1.50356667777648,1.50356667777648,8583.17116517825,14133.5267710989
p111,5708.5404272668,9400,2042,1.50356667777648,1.50356667777648,8583.17116517825,14133.5267710989
p111,5708.5404272668,9400,2043,1.50356667777648,1.50356667777648,8583.17116517825,14133.5267710989
p111,5708.5404272668,9400,2044,1.50356667777648,1.50356667777648,8583.17116517825,14133.5267710989
p111,5708.5404272668,9400,2045,1.50356667777648,1.50356667777648,8583.17116517825,14133.5267710989
p111,5708.5404272668,9400,2046,1.50356667777648,1.50356667777648,8583.17116517825,14133.5267710989
p111,5708.5404272668,9400,2047,1.50356667777648,1.50356667777648,8583.17116517825,14133.5267710989
p111,5708.5404272668,9400,2048,1.50356667777648,1.50356667777648,8583.17116517825,14133.5267710989
p111,5708.5404272668,9400,2049,1.50356667777648,1.50356667777648,8583.17116517825,14133.5267710989
p111,5708.5404272668,9400,2050,1.50356667777648,1.50356667777648,8583.17116517825,14133.5267710989
p112,7353.27690802348,12106,2023,1,1,7353.27690802348,12106
p112,7353.27690802348,12106,2024,1.04127986482784,1.04127986482784,7656.81918482836,12605.7340436058
p112,7353.27690802348,12106,2025,1.08426375689588,1.08426375689588,7972.89164578927,13126.0970409815
p112,7353.27690802348,12106,2026,1.12902201821827,1.12902201821827,8302.01153521446,13667.9405525504
p112,7353.27690802348,12106,2027,1.17562789451797,1.17562789451797,8644.71744918727,14232.1512910346
p112,7353.27690802348,12106,2028,1.22415765509151,1.22415765509151,9001.57021696458,14819.6525725378
p112,7353.27690802348,12106,2029,1.27469071762165,1.27469071762165,9373.15381875917,15431.4058275277
p112,7353.27690802348,12106,2030,1.32730977814237,1.32730977814237,9760.07634140809,16068.4121741916
p112,7353.27690802348,12106,2031,1.3439630653595,1.3439630653595,9882.5325737445,16270.0168692422
p112,7353.27690802348,12106,2032,1.36082529549238,1.36082529549238,10006.5252211983,16474.1510272307
p112,7353.27690802348,12106,2033,1.37789909007399,1.37789909007399,10132.0735606276,16680.8463844357
p112,7353.27690802348,12106,2034,1.3951871035288,1.3951871035288,10259.1971107505,16890.1350753196
p112,7353.27690802348,12106,2035,1.41269202358538,1.41269202358538,10387.9156351794,17102.0496375246
p112,7353.27690802348,12106,2036,1.4304165716943,1.4304165716943,10518.2491454938,17316.6230169312
p112,7353.27690802348,12106,2037,1.44836350345118,1.44836350345118,10650.2179043516,17533.88857278
p112,7353.27690802348,12106,2038,1.46653560902516,1.46653560902516,10783.8424286389,17753.8800828586
p112,7353.27690802348,12106,2039,1.48493571359264,1.48493571359264,10919.1434926601,17976.6317487524
p112,7353.27690802348,12106,2040,1.50356667777648,1.50356667777648,11056.1421313674,18202.178201162
p112,7353.27690802348,12106,2041,1.50356667777648,1.50356667777648,11056.1421313674,18202.178201162
p112,7353.27690802348,12106,2042,1.50356667777648,1.50356667777648,11056.1421313674,18202.178201162
p112,7353.27690802348,12106,2043,1.50356667777648,1.50356667777648,11056.1421313674,18202.178201162
p112,7353.27690802348,12106,2044,1.50356667777648,1.50356667777648,11056.1421313674,18202.178201162
p112,7353.27690802348,12106,2045,1.50356667777648,1.50356667777648,11056.1421313674,18202.178201162
p112,7353.27690802348,12106,2046,1.50356667777648,1.50356667777648,11056.1421313674,18202.178201162
p112,7353.27690802348,12106,2047,1.50356667777648,1.50356667777648,11056.1421313674,18202.178201162
p112,7353.27690802348,12106,2048,1.50356667777648,1.50356667777648,11056.1421313674,18202.178201162
p112,7353.27690802348,12106,2049,1.50356667777648,1.50356667777648,11056.1421313674,18202.178201162
p112,7353.27690802348,12106,2050,1.50356667777648,1.50356667777648,11056.1421313674,18202.178201162
p113,1645.87721787345,2710,2023,1,1,1645.87721787345,2710
p113,1645.87721787345,2710,2024,1.04127986482784,1.04127986482784,1713.81880695049,2821.86843368344
p113,1645.87721787345,2710,2025,1.08426375689588,1.08426375689588,1784.56501564081,2938.35478118784
p113,1645.87721787345,2710,2026,1.12902201821827,1.12902201821827,1858.23161826295,3059.64966937151
p113,1645.87721787345,2710,2027,1.17562789451797,1.17562789451797,1934.93916828366,3185.9515941437
p113,1645.87721787345,2710,2028,1.22415765509151,1.22415765509151,2014.8131956005,3317.46724529799
p113,1645.87721787345,2710,2029,1.27469071762165,1.27469071762165,2097.98441196824,3454.41184475467
p113,1645.87721787345,2710,2030,1.32730977814237,1.32730977814237,2184.5889249052,3597.00949876583
p113,1645.87721787345,2710,2031,1.3439630653595,1.3439630653595,2211.99819093858,3642.13990712426
p113,1645.87721787345,2710,2032,1.36082529549238,1.36082529549238,2239.75135135681,3687.83655078434
p113,1645.87721787345,2710,2033,1.37789909007399,1.37789909007399,2267.85272088134,3734.10653410051
p113,1645.87721787345,2710,2034,1.3951871035288,1.3951871035288,2296.3066683689,3780.95705056305
p113,1645.87721787345,2710,2035,1.41269202358538,1.41269202358538,2325.11761749072,3828.39538391639
p113,1645.87721787345,2710,2036,1.4304165716943,1.4304165716943,2354.29004742029,3876.42890929154
p113,1645.87721787345,2710,2037,1.44836350345118,1.44836350345118,2383.82849352968,3925.0650943527
p113,1645.87721787345,2710,2038,1.46653560902516,1.46653560902516,2413.73754809468,3974.3115004582
p113,1645.87721787345,2710,2039,1.48493571359264,1.48493571359264,2444.02186100877,4024.17578383604
p113,1645.87721787345,2710,2040,1.50356667777648,1.50356667777648,2474.68614050598,4074.66569677425
p113,1645.87721787345,2710,2041,1.50356667777648,1.50356667777648,2474.68614050598,4074.66569677425
p113,1645.87721787345,2710,2042,1.50356667777648,1.50356667777648,2474.68614050598,4074.66569677425
p113,1645.87721787345,2710,2043,1.50356667777648,1.50356667777648,2474.68614050598,4074.66569677425
p113,1645.87721787345,2710,2044,1.50356667777648,1.50356667777648,2474.68614050598,4074.66569677425
p113,1645.87721787345,2710,2045,1.50356667777648,1.50356667777648,2474.68614050598,4074.66569677425
p113,1645.87721787345,2710,2046,1.50356667777648,1.50356667777648,2474.68614050598,4074.66569677425
p113,1645.87721787345,2710,2047,1.50356667777648,1.50356667777648,2474.68614050598,4074.66569677425
p113,1645.87721787345,2710,2048,1.50356667777648,1.50356667777648,2474.68614050598,4074.66569677425
p113,1645.87721787345,2710,2049,1.50356667777648,1.50356667777648,2474.68614050598,4074.66569677425
p113,1645.87721787345,2710,2050,1.50356667777648,1.50356667777648,2474.68614050598,4074.66569677425
p114,2661.41570450098,4382,2023,1,1,2661.41570450098,4382
p114,2661.41570450098,4382,2024,1.04127986482784,1.04127986482784,2771.27858503347,4562.88836767559
p114,2661.41570450098,4382,2025,1.08426375689588,1.08426375689588,2885.67659042393,4751.24378271775
p114,2661.41570450098,4382,2026,1.12902201821827,1.12902201821827,3004.79693001349,4947.37448383245
p114,2661.41570450098,4382,2027,1.17562789451797,1.17562789451797,3128.83454111955,5151.60143377775
p114,2661.41570450098,4382,2028,1.22415765509151,1.22415765509151,3257.99240804564,5364.258844611
p114,2661.41570450098,4382,2029,1.27469071762165,1.27469071762165,3392.48189425988,5585.69472461808
p114,2661.41570450098,4382,2030,1.32730977814237,1.32730977814237,3532.52308828582,5816.27144781988
p114,2661.41570450098,4382,2031,1.3439630653595,1.3439630653595,3576.84440841706,5889.24615240535
p114,2661.41570450098,4382,2032,1.36082529549238,1.36082529549238,3621.72181250559,5963.13644484759
p114,2661.41570450098,4382,2033,1.37789909007399,1.37789909007399,3667.16227754053,6037.95381270423
p114,2661.41570450098,4382,2034,1.3951871035288,1.3951871035288,3713.17286804878,6113.7098876632
p114,2661.41570450098,4382,2035,1.41269202358538,1.41269202358538,3759.7607371934,6190.41644735114
p114,2661.41570450098,4382,2036,1.4304165716943,1.4304165716943,3806.93312788565,6268.08541716441
p114,2661.41570450098,4382,2037,1.44836350345118,1.44836350345118,3854.69737391103,6346.72887212308
p114,2661.41570450098,4382,2038,1.46653560902516,1.46653560902516,3903.06090106948,6426.35903874827
p114,2661.41570450098,4382,2039,1.48493571359264,1.48493571359264,3952.03122832981,6506.98829696293
p114,2661.41570450098,4382,2040,1.50356667777648,1.50356667777648,4001.61596899868,6588.62918201652
p114,2661.41570450098,4382,2041,1.50356667777648,1.50356667777648,4001.61596899868,6588.62918201652
p114,2661.41570450098,4382,2042,1.50356667777648,1.50356667777648,4001.61596899868,6588.62918201652
p114,2661.41570450098,4382,2043,1.50356667777648,1.50356667777648,4001.61596899868,6588.62918201652
p114,2661.41570450098,4382,2044,1.50356667777648,1.50356667777648,4001.61596899868,6588.62918201652
p114,2661.41570450098,4382,2045,1.50356667777648,1.50356667777648,4001.61596899868,6588.62918201652
p114,2661.41570450098,4382,2046,1.50356667777648,1.50356667777648,4001.61596899868,6588.62918201652
p114,2661.41570450098,4382,2047,1.50356667777648,1.50356667777648,4001.61596899868,6588.62918201652
p114,2661.41570450098,4382,2048,1.50356667777648,1.50356667777648,4001.61596899868,6588.62918201652
p114,2661.41570450098,4382,2049,1.50356667777648,1.50356667777648,4001.61596899868,6588.62918201652
p114,2661.41570450098,4382,2050,1.50356667777648,1.50356667777648,4001.61596899868,6588.62918201652
p115,3449.55242987606,6119,2023,1,1,3449.55242987606,6119
p115,3449.55242987606,6119,2024,1.04127986482784,1.04127986482784,3591.94948789789,6371.59149288154
p115,3449.55242987606,6119,2025,1.08426375689588,1.08426375689588,3740.22467722673,6634.6099284459
p115,3449.55242987606,6119,2026,1.12902201821827,1.12902201821827,3894.6206463284,6908.48572947758
p115,3449.55242987606,6119,2027,1.17562789451797,1.17562789451797,4055.39006016455,7193.66708655547
p115,3449.55242987606,6119,2028,1.22415765509151,1.22415765509151,4222.7960136723,7490.62069150495
p115,3449.55242987606,6119,2029,1.27469071762165,1.27469071762165,4397.11246231223,7799.83250112688
p115,3449.55242987606,6119,2030,1.32730977814237,1.32730977814237,4578.62467038928,8121.80853245318
p115,3449.55242987606,6119,2031,1.3439630653595,1.3439630653595,4636.07105777456,8223.70999693481
p115,3449.55242987606,6119,2032,1.36082529549238,1.36082529549238,4694.23820470253,8326.88998311785
p115,3449.55242987606,6119,2033,1.37789909007399,1.37789909007399,4753.13515428875,8431.36453216275
p115,3449.55242987606,6119,2034,1.3951871035288,1.3951871035288,4812.77106310951,8537.14988649273
p115,3449.55242987606,6119,2035,1.41269202358538,1.41269202358538,4873.15520262548,8644.26249231895
p115,3449.55242987606,6119,2036,1.4304165716943,1.4304165716943,4934.29696062304,8752.7190021974
p115,3449.55242987606,6119,2037,1.44836350345118,1.44836350345118,4996.20584267383,8862.53627761779
p115,3449.55242987606,6119,2038,1.46653560902516,1.46653560902516,5058.89147361253,8973.73139162498
p115,3449.55242987606,6119,2039,1.48493571359264,1.48493571359264,5122.36359903322,9086.32163147334
p115,3449.55242987606,6119,2040,1.50356667777648,1.50356667777648,5186.63208680452,9200.32450131426
p115,3449.55242987606,6119,2041,1.50356667777648,1.50356667777648,5186.63208680452,9200.32450131426
p115,3449.55242987606,6119,2042,1.50356667777648,1.50356667777648,5186.63208680452,9200.32450131426
p115,3449.55242987606,6119,2043,1.50356667777648,1.50356667777648,5186.63208680452,9200.32450131426
p115,3449.55242987606,6119,2044,1.50356667777648,1.50356667777648,5186.63208680452,9200.32450131426
p115,3449.55242987606,6119,2045,1.50356667777648,1.50356667777648,5186.63208680452,9200.32450131426
p115,3449.55242987606,6119,2046,1.50356667777648,1.50356667777648,5186.63208680452,9200.32450131426
p115,3449.55242987606,6119,2047,1.50356667777648,1.50356667777648,5186.63208680452,9200.32450131426
p115,3449.55242987606,6119,2048,1.50356667777648,1.50356667777648,5186.63208680452,9200.32450131426
p115,3449.55242987606,6119,2049,1.50356667777648,1.50356667777648,5186.63208680452,9200.32450131426
p115,3449.55242987606,6119,2050,1.50356667777648,1.50356667777648,5186.63208680452,9200.32450131426
p116,2075.15446836269,3370,2023,1,1,2075.15446836269,3370
p116,2075.15446836269,3370,2024,1.04127986482784,1.04127986482784,2160.81656431358,3509.11314446982
p116,2075.15446836269,3370,2025,1.08426375689588,1.08426375689588,2250.0147800062,3653.96886073912
p116,2075.15446836269,3370,2026,1.12902201821827,1.12902201821827,2342.8950859855,3804.80420139556
p116,2075.15446836269,3370,2027,1.17562789451797,1.17562789451797,2439.60947844079,3961.86600452556
p116,2075.15446836269,3370,2028,1.22415765509151,1.22415765509151,2540.31622794354,4125.41129765839
p116,2075.15446836269,3370,2029,1.27469071762165,1.27469071762165,2645.18013845301,4295.70771838496
p116,2075.15446836269,3370,2030,1.32730977814237,1.32730977814237,2754.37281701363,4473.0339523398
p116,2075.15446836269,3370,2031,1.3439630653595,1.3439630653595,2788.93096039519,4529.15553026153
p116,2075.15446836269,3370,2032,1.36082529549238,1.36082529549238,2823.92269260198,4585.98124580931
p116,2075.15446836269,3370,2033,1.37789909007399,1.37789909007399,2859.35345371992,4643.51993354935
p116,2075.15446836269,3370,2034,1.3951871035288,1.3951871035288,2895.22875208978,4701.78053889206
p116,2075.15446836269,3370,2035,1.41269202358538,1.41269202358538,2931.55416516353,4760.77211948274
p116,2075.15446836269,3370,2036,1.4304165716943,1.4304165716943,2968.33534037146,4820.50384660978
p116,2075.15446836269,3370,2037,1.44836350345118,1.44836350345118,3005.57799600016,4880.98500663049
p116,2075.15446836269,3370,2038,1.46653560902516,1.46653560902516,3043.28792208157,4942.22500241481
p116,2075.15446836269,3370,2039,1.48493571359264,1.48493571359264,3081.47098129309,5004.23335480718
p116,2075.15446836269,3370,2040,1.50356667777648,1.50356667777648,3120.1331098691,5067.01970410673
p116,2075.15446836269,3370,2041,1.50356667777648,1.50356667777648,3120.1331098691,5067.01970410673
p116,2075.15446836269,3370,2042,1.50356667777648,1.50356667777648,3120.1331098691,5067.01970410673
p116,2075.15446836269,3370,2043,1.50356667777648,1.50356667777648,3120.1331098691,5067.01970410673
p116,2075.15446836269,3370,2044,1.50356667777648,1.50356667777648,3120.1331098691,5067.01970410673
p116,2075.15446836269,3370,2045,1.50356667777648,1.50356667777648,3120.1331098691,5067.01970410673
p116,2075.15446836269,3370,2046,1.50356667777648,1.50356667777648,3120.1331098691,5067.01970410673
p116,2075.15446836269,3370,2047,1.50356667777648,1.50356667777648,3120.1331098691,5067.01970410673
p116,2075.15446836269,3370,2048,1.50356667777648,1.50356667777648,3120.1331098691,5067.01970410673
p116,2075.15446836269,3370,2049,1.50356667777648,1.50356667777648,3120.1331098691,5067.01970410673
p116,2075.15446836269,3370,2050,1.50356667777648,1.50356667777648,3120.1331098691,5067.01970410673
p117,1722.67358121331,2797,2023,1,1,1722.67358121331,2797
p117,1722.67358121331,2797,2024,1.04127986482784,1.04127986482784,1793.78531378828,2912.45978192346
p117,1722.67358121331,2797,2025,1.08426375689588,1.08426375689588,1867.83252907162,3032.68572803778
p117,1722.67358121331,2797,2026,1.12902201821827,1.12902201821827,1944.93640339274,3157.8745849565
p117,1722.67358121331,2797,2027,1.17562789451797,1.17562789451797,2025.22311522353,3288.23122096677
p117,1722.67358121331,2797,2028,1.22415765509151,1.22415765509151,2108.82405166618,3423.96896129095
p117,1722.67358121331,2797,2029,1.27469071762165,1.27469071762165,2195.87602346465,3565.30993718776
p117,1722.67358121331,2797,2030,1.32730977814237,1.32730977814237,2286.52148889196,3712.48544946422
p117,1722.67358121331,2797,2031,1.3439630653595,1.3439630653595,2315.20966682127,3759.06469381053
p117,1722.67358121331,2797,2032,1.36082529549238,1.36082529549238,2344.25778519151,3806.22835149217
p117,1722.67358121331,2797,2033,1.37789909007399,1.37789909007399,2373.67036004832,3853.98375493695
p117,1722.67358121331,2797,2034,1.3951871035288,1.3951871035288,2403.45196409858,3902.33832857005
p117,1722.67358121331,2797,2035,1.41269202358538,1.41269202358538,2433.6072274213,3951.29958996831
p117,1722.67358121331,2797,2036,1.4304165716943,1.4304165716943,2464.14083818748,4000.87515102895
p117,1722.67358121331,2797,2037,1.44836350345118,1.44836350345118,2495.0575433889,4051.07271915296
p117,1722.67358121331,2797,2038,1.46653560902516,1.46653560902516,2526.36214957622,4101.90009844339
p117,1722.67358121331,2797,2039,1.48493571359264,1.48493571359264,2558.05952360616,4153.3651909186
p117,1722.67358121331,2797,2040,1.50356667777648,1.50356667777648,2590.1545933982,4205.47599774081
p117,1722.67358121331,2797,2041,1.50356667777648,1.50356667777648,2590.1545933982,4205.47599774081
p117,1722.67358121331,2797,2042,1.50356667777648,1.50356667777648,2590.1545933982,4205.47599774081
p117,1722.67358121331,2797,2043,1.50356667777648,1.50356667777648,2590.1545933982,4205.47599774081
p117,1722.67358121331,2797,2044,1.50356667777648,1.50356667777648,2590.1545933982,4205.47599774081
p117,1722.67358121331,2797,2045,1.50356667777648,1.50356667777648,2590.1545933982,4205.47599774081
p117,1722.67358121331,2797,2046,1.50356667777648,1.50356667777648,2590.1545933982,4205.47599774081
p117,1722.67358121331,2797,2047,1.50356667777648,1.50356667777648,2590.1545933982,4205.47599774081
p117,1722.67358121331,2797,2048,1.50356667777648,1.50356667777648,2590.1545933982,4205.47599774081
p117,1722.67358121331,2797,2049,1.50356667777648,1.50356667777648,2590.1545933982,4205.47599774081
p117,1722.67358121331,2797,2050,1.50356667777648,1.50356667777648,2590.1545933982,4205.47599774081
p118,2692.18385518591,4886,2023,1,1,2692.18385518591,4886
p118,2692.18385518591,4886,2024,1.04127986482784,1.04127986482784,2803.31684081967,5087.69341954882
p118,2692.18385518591,4886,2025,1.08426375689588,1.08426375689588,2919.03738107831,5297.71271619328
p118,2692.18385518591,4886,2026,1.12902201821827,1.12902201821827,3039.53484959663,5516.40158101446
p118,2692.18385518591,4886,2027,1.17562789451797,1.17562789451797,3165.00643732749,5744.11789261481
p118,2692.18385518591,4886,2028,1.22415765509151,1.22415765509151,3295.6574752396,5981.23430277712
p118,2692.18385518591,4886,2029,1.27469071762165,1.27469071762165,3431.70177033635,6228.13884629939
p118,2692.18385518591,4886,2030,1.32730977814237,1.32730977814237,3573.36195554529,6485.23557600364
p118,2692.18385518591,4886,2031,1.3439630653595,1.3439630653595,3618.19566652702,6566.60353734654
p118,2692.18385518591,4886,2032,1.36082529549238,1.36082529549238,3663.59189025317,6648.99239377575
p118,2692.18385518591,4886,2033,1.37789909007399,1.37789909007399,3709.55768437255,6732.41495410152
p118,2692.18385518591,4886,2034,1.3951871035288,1.3951871035288,3756.10019508383,6816.88418784172
p118,2692.18385518591,4886,2035,1.41269202358538,1.41269202358538,3803.22665824648,6902.41322723818
p118,2692.18385518591,4886,2036,1.4304165716943,1.4304165716943,3850.94440050576,6989.01536929833
p118,2692.18385518591,4886,2037,1.44836350345118,1.44836350345118,3899.26084043178,7076.70407786248
p118,2692.18385518591,4886,2038,1.46653560902516,1.46653560902516,3948.18348967279,7165.49298569696
p118,2692.18385518591,4886,2039,1.48493571359264,1.48493571359264,3997.71995412306,7255.39589661362
p118,2692.18385518591,4886,2040,1.50356667777648,1.50356667777648,4047.87793510535,7346.42678761587
p118,2692.18385518591,4886,2041,1.50356667777648,1.50356667777648,4047.87793510535,7346.42678761587
p118,2692.18385518591,4886,2042,1.50356667777648,1.50356667777648,4047.87793510535,7346.42678761587
p118,2692.18385518591,4886,2043,1.50356667777648,1.50356667777648,4047.87793510535,7346.42678761587
p118,2692.18385518591,4886,2044,1.50356667777648,1.50356667777648,4047.87793510535,7346.42678761587
p118,2692.18385518591,4886,2045,1.50356667777648,1.50356667777648,4047.87793510535,7346.42678761587
p118,2692.18385518591,4886,2046,1.50356667777648,1.50356667777648,4047.87793510535,7346.42678761587
p118,2692.18385518591,4886,2047,1.50356667777648,1.50356667777648,4047.87793510535,7346.42678761587
p118,2692.18385518591,4886,2048,1.50356667777648,1.50356667777648,4047.87793510535,7346.42678761587
p118,2692.18385518591,4886,2049,1.50356667777648,1.50356667777648,4047.87793510535,7346.42678761587
p118,2692.18385518591,4886,2050,1.50356667777648,1.50356667777648,4047.87793510535,7346.42678761587
p119,413.385371819961,733,2023,1,1,413.385371819961,733
p119,413.385371819961,733,2024,1.04127986482784,1.04127986482784,430.449864090495,763.258140918806
p119,413.385371819961,733,2025,1.08426375689588,1.08426375689588,448.218776295312,794.765333804681
p119,413.385371819961,733,2026,1.12902201821827,1.12902201821827,466.721186794081,827.57313935399
p119,413.385371819961,733,2027,1.17562789451797,1.17562789451797,485.987374297229,861.735246681673
p119,413.385371819961,733,2028,1.22415765509151,1.22415765509151,506.048867416255,897.307561182077
p119,413.385371819961,733,2029,1.27469071762165,1.27469071762165,526.938496259479,934.34829601667
p119,413.385371819961,733,2030,1.32730977814237,1.32730977814237,548.690446157655,972.91806737836
p119,413.385371819961,733,2031,1.3439630653595,1.3439630653595,555.574671485933,985.124926908516
p119,413.385371819961,733,2032,1.36082529549238,1.36082529549238,562.545270759124,997.484941595911
p119,413.385371819961,733,2033,1.37789909007399,1.37789909007399,569.603327680622,1010.00003302423
p119,413.385371819961,733,2034,1.3951871035288,1.3951871035288,576.749939550667,1022.67214688661
p119,413.385371819961,733,2035,1.41269202358538,1.41269202358538,583.986217436936,1035.50325328809
p119,413.385371819961,733,2036,1.4304165716943,1.4304165716943,591.31328634728,1048.49534705192
p119,413.385371819961,733,2037,1.44836350345118,1.44836350345118,598.732285404628,1061.65044802972
p119,413.385371819961,733,2038,1.46653560902516,1.46653560902516,606.244368024081,1074.97060141545
p119,413.385371819961,733,2039,1.48493571359264,1.48493571359264,613.850702092231,1088.4578780634
p119,413.385371819961,733,2040,1.50356667777648,1.50356667777648,621.552470148732,1102.11437481016
p119,413.385371819961,733,2041,1.50356667777648,1.50356667777648,621.552470148732,1102.11437481016
p119,413.385371819961,733,2042,1.50356667777648,1.50356667777648,621.552470148732,1102.11437481016
p119,413.385371819961,733,2043,1.50356667777648,1.50356667777648,621.552470148732,1102.11437481016
p119,413.385371819961,733,2044,1.50356667777648,1.50356667777648,621.552470148732,1102.11437481016
p119,413.385371819961,733,2045,1.50356667777648,1.50356667777648,621.552470148732,1102.11437481016
p119,413.385371819961,733,2046,1.50356667777648,1.50356667777648,621.552470148732,1102.11437481016
p119,413.385371819961,733,2047,1.50356667777648,1.50356667777648,621.552470148732,1102.11437481016
p119,413.385371819961,733,2048,1.50356667777648,1.50356667777648,621.552470148732,1102.11437481016
p119,413.385371819961,733,2049,1.50356667777648,1.50356667777648,621.552470148732,1102.11437481016
p119,413.385371819961,733,2050,1.50356667777648,1.50356667777648,621.552470148732,1102.11437481016
p12,1582.12397260274,3016,2023,1,1,1582.12397260274,3016
p12,1582.12397260274,3016,2024,1.02606562597152,1.02606562597152,1623.36302431318,3094.6139279301
p12,1582.12397260274,3016,2025,1.05281066880032,1.05281066880032,1665.67699772092,3175.27697710178
p12,1582.12397260274,3016,2026,1.0802528379121,1.0802528379121,1709.09391133287,3258.04255914289
p12,1582.12397260274,3016,2027,1.10841030433979,1.10841030433979,1753.64251397587,3342.96547788879
p12,1582.12397260274,3016,2028,1.13730171275568,1.13730171275568,1799.35230383292,3430.10196567114
p12,1582.12397260274,3016,2029,1.16694619381714,1.16694619381714,1846.25354797562,3519.50972055249
p12,1582.12397260274,3016,2030,1.19736337683406,1.19736337683406,1894.37730240574,3611.24794453154
p12,1582.12397260274,3016,2031,1.20989096301467,1.20989096301467,1914.19749682093,3649.03114445225
p12,1582.12397260274,3016,2032,1.2225496208637,1.2225496208637,1934.22506286486,3687.20965652493
p12,1582.12397260274,3016,2033,1.2353407217373,1.2353407217373,1954.46217019296,3725.78761675971
p12,1582.12397260274,3016,2034,1.24826565133963,1.24826565133963,1974.911011161,3764.76920444031
p12,1582.12397260274,3016,2035,1.26132580987295,1.26132580987295,1995.57380106256,3804.15864257682
p12,1582.12397260274,3016,2036,1.27452261218938,1.27452261218938,2016.45277836908,3843.96019836316
p12,1582.12397260274,3016,2037,1.2878574879441,1.2878574879441,2037.5502049723,3884.1781836394
p12,1582.12397260274,3016,2038,1.30133188175028,1.30133188175028,2058.86836642935,3924.81695535884
p12,1582.12397260274,3016,2039,1.31494725333556,1.31494725333556,2080.40957221031,3965.88091606004
p12,1582.12397260274,3016,2040,1.32870507770018,1.32870507770018,2102.17615594844,4007.37451434374
p12,1582.12397260274,3016,2041,1.32870507770018,1.32870507770018,2102.17615594844,4007.37451434374
p12,1582.12397260274,3016,2042,1.32870507770018,1.32870507770018,2102.17615594844,4007.37451434374
p12,1582.12397260274,3016,2043,1.32870507770018,1.32870507770018,2102.17615594844,4007.37451434374
p12,1582.12397260274,3016,2044,1.32870507770018,1.32870507770018,2102.17615594844,4007.37451434374
p12,1582.12397260274,3016,2045,1.32870507770018,1.32870507770018,2102.17615594844,4007.37451434374
p12,1582.12397260274,3016,2046,1.32870507770018,1.32870507770018,2102.17615594844,4007.37451434374
p12,1582.12397260274,3016,2047,1.32870507770018,1.32870507770018,2102.17615594844,4007.37451434374
p12,1582.12397260274,3016,2048,1.32870507770018,1.32870507770018,2102.17615594844,4007.37451434374
p12,1582.12397260274,3016,2049,1.32870507770018,1.32870507770018,2102.17615594844,4007.37451434374
p12,1582.12397260274,3016,2050,1.32870507770018,1.32870507770018,2102.17615594844,4007.37451434374
p120,242.545482713633,430,2023,1,1,242.545482713633,430
p120,242.545482713633,430,2024,1.04127986482784,1.04127986482784,252.557727454655,447.750341875971
p120,242.545482713633,430,2025,1.08426375689588,1.08426375689588,262.983276305209,466.233415465229
p120,242.545482713633,430,2026,1.12902201821827,1.12902201821827,273.83919040307,485.479467833855
p120,242.545482713633,430,2027,1.17562789451797,1.17562789451797,285.143235167474,505.519994642728
p120,242.545482713633,430,2028,1.22415765509151,1.22415765509151,296.91390937176,526.387791689349
p120,242.545482713633,430,2029,1.27469071762165,1.27469071762165,309.170475416131,548.11700857731
p120,242.545482713633,430,2030,1.32730977814237,1.32730977814237,321.932990850068,570.743204601221
p120,242.545482713633,430,2031,1.3439630653595,1.3439630653595,325.972170436915,577.904118104587
p120,242.545482713633,430,2032,1.36082529549238,1.36082529549238,330.062028184121,585.154877061722
p120,242.545482713633,430,2033,1.37789909007399,1.37789909007399,334.203199932672,592.496608731816
p120,242.545482713633,430,2034,1.3951871035288,1.3951871035288,338.396329501229,599.930454517384
p120,242.545482713633,430,2035,1.41269202358538,1.41269202358538,342.642068786216,607.457570141714
p120,242.545482713633,430,2036,1.4304165716943,1.4304165716943,346.941077863174,615.079125828547
p120,242.545482713633,430,2037,1.44836350345118,1.44836350345118,351.294025089376,622.796306484008
p120,242.545482713633,430,2038,1.46653560902516,1.46653560902516,355.701587207741,630.610311880821
p120,242.545482713633,430,2039,1.48493571359264,1.48493571359264,360.164449452039,638.522356844833
p120,242.545482713633,430,2040,1.50356667777648,1.50356667777648,364.68330565343,646.533671443885
p120,242.545482713633,430,2041,1.50356667777648,1.50356667777648,364.68330565343,646.533671443885
p120,242.545482713633,430,2042,1.50356667777648,1.50356667777648,364.68330565343,646.533671443885
p120,242.545482713633,430,2043,1.50356667777648,1.50356667777648,364.68330565343,646.533671443885
p120,242.545482713633,430,2044,1.50356667777648,1.50356667777648,364.68330565343,646.533671443885
p120,242.545482713633,430,2045,1.50356667777648,1.50356667777648,364.68330565343,646.533671443885
p120,242.545482713633,430,2046,1.50356667777648,1.50356667777648,364.68330565343,646.533671443885
p120,242.545482713633,430,2047,1.50356667777648,1.50356667777648,364.68330565343,646.533671443885
p120,242.545482713633,430,2048,1.50356667777648,1.50356667777648,364.68330565343,646.533671443885
p120,242.545482713633,430,2049,1.50356667777648,1.50356667777648,364.68330565343,646.533671443885
p120,242.545482713633,430,2050,1.50356667777648,1.50356667777648,364.68330565343,646.533671443885
p121,717.632583170254,1346,2023,1,1,717.632583170254,1346
p121,717.632583170254,1346,2024,1.04127986482784,1.04127986482784,747.256359199575,1401.56269805827
p121,717.632583170254,1346,2025,1.08426375689588,1.08426375689588,778.103000699076,1459.41901678186
p121,717.632583170254,1346,2026,1.12902201821827,1.12902201821827,810.22298739007,1519.66363652179
p121,717.632583170254,1346,2027,1.17562789451797,1.17562789451797,843.668882789939,1582.39514602119
p121,717.632583170254,1346,2028,1.22415765509151,1.22415765509151,878.495420230962,1647.71620375317
p121,717.632583170254,1346,2029,1.27469071762165,1.27469071762165,914.759592429971,1715.73370591874
p121,717.632583170254,1346,2030,1.32730977814237,1.32730977814237,952.520744755449,1786.55896137963
p121,717.632583170254,1346,2031,1.3439630653595,1.3439630653595,964.471686279354,1808.97428597389
p121,717.632583170254,1346,2032,1.36082529549238,1.36082529549238,976.572572047618,1831.67084773274
p121,717.632583170254,1346,2033,1.37789909007399,1.37789909007399,988.825283357741,1854.65217523959
p121,717.632583170254,1346,2034,1.3951871035288,1.3951871035288,1001.2317251112,1877.92184134976
p121,717.632583170254,1346,2035,1.41269202358538,1.41269202358538,1013.79382610959,1901.48346374592
p121,717.632583170254,1346,2036,1.4304165716943,1.4304165716943,1026.51353935452,1925.34070550052
p121,717.632583170254,1346,2037,1.44836350345118,1.44836350345118,1039.39284235119,1949.49727564529
p121,717.632583170254,1346,2038,1.46653560902516,1.46653560902516,1052.43373741589,1973.95692974787
p121,717.632583170254,1346,2039,1.48493571359264,1.48493571359264,1065.63825198725,1998.72347049569
p121,717.632583170254,1346,2040,1.50356667777648,1.50356667777648,1079.00843894145,2023.80074828714
p121,717.632583170254,1346,2041,1.50356667777648,1.50356667777648,1079.00843894145,2023.80074828714
p121,717.632583170254,1346,2042,1.50356667777648,1.50356667777648,1079.00843894145,2023.80074828714
p121,717.632583170254,1346,2043,1.50356667777648,1.50356667777648,1079.00843894145,2023.80074828714
p121,717.632583170254,1346,2044,1.50356667777648,1.50356667777648,1079.00843894145,2023.80074828714
p121,717.632583170254,1346,2045,1.50356667777648,1.50356667777648,1079.00843894145,2023.80074828714
p121,717.632583170254,1346,2046,1.50356667777648,1.50356667777648,1079.00843894145,2023.80074828714
p121,717.632583170254,1346,2047,1.50356667777648,1.50356667777648,1079.00843894145,2023.80074828714
p121,717.632583170254,1346,2048,1.50356667777648,1.50356667777648,1079.00843894145,2023.80074828714
p121,717.632583170254,1346,2049,1.50356667777648,1.50356667777648,1079.00843894145,2023.80074828714
p121,717.632583170254,1346,2050,1.50356667777648,1.50356667777648,1079.00843894145,2023.80074828714
p122,12703.2714122635,22537,2023,1,1,12703.2714122635,22537
p122,12703.2714122635,22537,2024,1.04127986482784,1.04127986482784,13227.6607390331,23467.324313625
p122,12703.2714122635,22537,2025,1.08426375689588,1.08426375689588,13773.6967863289,24436.0522891625
p122,12703.2714122635,22537,2026,1.12902201821827,1.12902201821827,14342.2731278482,25444.7692245851
p122,12703.2714122635,22537,2027,1.17562789451797,1.17562789451797,14934.3202238897,26495.1258587515
p122,12703.2714122635,22537,2028,1.22415765509151,1.22415765509151,15550.8069440275,27588.8410727974
p122,12703.2714122635,22537,2029,1.27469071762165,1.27469071762165,16192.7421526408,28727.7047030392
p122,12703.2714122635,22537,2030,1.32730977814237,1.32730977814237,16861.1763598939,29913.5804699947
p122,12703.2714122635,22537,2031,1.3439630653595,1.3439630653595,17072.7275873195,30288.8956040071
p122,12703.2714122635,22537,2032,1.36082529549238,1.36082529549238,17286.9330733134,30668.9196845117
p122,12703.2714122635,22537,2033,1.37789909007399,1.37789909007399,17503.8261199209,31053.7117929975
p122,12703.2714122635,22537,2034,1.3951871035288,1.3951871035288,17723.4404470162,31443.3317522286
p122,12703.2714122635,22537,2035,1.41269202358538,1.41269202358538,17945.8101975449,31837.8401355438
p122,12703.2714122635,22537,2036,1.4304165716943,1.4304165716943,18170.9699428322,32237.2982762744
p122,12703.2714122635,22537,2037,1.44836350345118,1.44836350345118,18398.9546879573,32641.7682772793
p122,12703.2714122635,22537,2038,1.46653560902516,1.46653560902516,18629.7998771959,33051.3130206001
p122,12703.2714122635,22537,2039,1.48493571359264,1.48493571359264,18863.5413995305,33465.9961772372
p122,12703.2714122635,22537,2040,1.50356667777648,1.50356667777648,19100.21559423,33885.8822170485
p122,12703.2714122635,22537,2041,1.50356667777648,1.50356667777648,19100.21559423,33885.8822170485
p122,12703.2714122635,22537,2042,1.50356667777648,1.50356667777648,19100.21559423,33885.8822170485
p122,12703.2714122635,22537,2043,1.50356667777648,1.50356667777648,19100.21559423,33885.8822170485
p122,12703.2714122635,22537,2044,1.50356667777648,1.50356667777648,19100.21559423,33885.8822170485
p122,12703.2714122635,22537,2045,1.50356667777648,1.50356667777648,19100.21559423,33885.8822170485
p122,12703.2714122635,22537,2046,1.50356667777648,1.50356667777648,19100.21559423,33885.8822170485
p122,12703.2714122635,22537,2047,1.50356667777648,1.50356667777648,19100.21559423,33885.8822170485
p122,12703.2714122635,22537,2048,1.50356667777648,1.50356667777648,19100.21559423,33885.8822170485
p122,12703.2714122635,22537,2049,1.50356667777648,1.50356667777648,19100.21559423,33885.8822170485
p122,12703.2714122635,22537,2050,1.50356667777648,1.50356667777648,19100.21559423,33885.8822170485
p123,7467.16226353555,14024,2023,1,1,7467.16226353555,14024
p123,7467.16226353555,14024,2024,1.04127986482784,1.04127986482784,7775.40571242184,14602.9088243456
p123,7467.16226353555,14024,2025,1.08426375689588,1.08426375689588,8096.37340921221,15205.7149267078
p123,7467.16226353555,14024,2026,1.12902201821827,1.12902201821827,8430.5906091402,15833.404783493
p123,7467.16226353555,14024,2027,1.17562789451797,1.17562789451797,8778.60424990435,16487.00559272
p123,7467.16226353555,14024,2028,1.22415765509151,1.22415765509151,9140.98384671749,17167.5869550033
p123,7467.16226353555,14024,2029,1.27469071762165,1.27469071762165,9518.32242430345,17876.262623926
p123,7467.16226353555,14024,2030,1.32730977814237,1.32730977814237,9911.23748736647,18614.1923286686
p123,7467.16226353555,14024,2031,1.3439630653595,1.3439630653595,10035.5902852381,18847.7380286017
p123,7467.16226353555,14024,2032,1.36082529549238,1.36082529549238,10161.5032937653,19084.2139439851
p123,7467.16226353555,14024,2033,1.37789909007399,1.37789909007399,10288.9960883605,19323.6568391976
p123,7467.16226353555,14024,2034,1.3951871035288,1.3951871035288,10418.0884900417,19566.1039398879
p123,7467.16226353555,14024,2035,1.41269202358538,1.41269202358538,10548.8005685144,19811.5929387614
p123,7467.16226353555,14024,2036,1.4304165716943,1.4304165716943,10681.1526452915,20060.1620014408
p123,7467.16226353555,14024,2037,1.44836350345118,1.44836350345118,10815.1652968528,20311.8497723994
p123,7467.16226353555,14024,2038,1.46653560902516,1.46653560902516,10950.8593578438,20566.6953809689
p123,7467.16226353555,14024,2039,1.48493571359264,1.48493571359264,11088.2559243152,20824.7384474231
p123,7467.16226353555,14024,2040,1.50356667777648,1.50356667777648,11227.376357002,21086.0190891373
p123,7467.16226353555,14024,2041,1.50356667777648,1.50356667777648,11227.376357002,21086.0190891373
p123,7467.16226353555,14024,2042,1.50356667777648,1.50356667777648,11227.376357002,21086.0190891373
p123,7467.16226353555,14024,2043,1.50356667777648,1.50356667777648,11227.376357002,21086.0190891373
p123,7467.16226353555,14024,2044,1.50356667777648,1.50356667777648,11227.376357002,21086.0190891373
p123,7467.16226353555,14024,2045,1.50356667777648,1.50356667777648,11227.376357002,21086.0190891373
p123,7467.16226353555,14024,2046,1.50356667777648,1.50356667777648,11227.376357002,21086.0190891373
p123,7467.16226353555,14024,2047,1.50356667777648,1.50356667777648,11227.376357002,21086.0190891373
p123,7467.16226353555,14024,2048,1.50356667777648,1.50356667777648,11227.376357002,21086.0190891373
p123,7467.16226353555,14024,2049,1.50356667777648,1.50356667777648,11227.376357002,21086.0190891373
p123,7467.16226353555,14024,2050,1.50356667777648,1.50356667777648,11227.376357002,21086.0190891373
p124,74.2368395303327,135,2023,1,1,74.2368395303327,135
p124,74.2368395303327,135,2024,1.04127986482784,1.04127986482784,77.3013262313908,140.572781751758
p124,74.2368395303327,135,2025,1.08426375689588,1.08426375689588,80.4923145292352,146.375607180944
p124,74.2368395303327,135,2026,1.12902201821827,1.12902201821827,83.8150263926819,152.417972459466
p124,74.2368395303327,135,2027,1.17562789451797,1.17562789451797,87.2748993527135,158.709765759926
p124,74.2368395303327,135,2028,1.22415765509151,1.22415765509151,90.8775954008568,165.261283437354
p124,74.2368395303327,135,2029,1.27469071762165,1.27469071762165,94.6290102548831,172.083246878923
p124,74.2368395303327,135,2030,1.32730977814237,1.32730977814237,98.5352830069968,179.18682004922
p124,74.2368395303327,135,2031,1.3439630653595,1.3439630653595,99.7715704177875,181.435013823533
p124,74.2368395303327,135,2032,1.36082529549238,1.36082529549238,101.023369090285,183.711414891471
p124,74.2368395303327,135,2033,1.37789909007399,1.37789909007399,102.290873638814,186.016377159989
p124,74.2368395303327,135,2034,1.3951871035288,1.3951871035288,103.574281119457,188.350258976388
p124,74.2368395303327,135,2035,1.41269202358538,1.41269202358538,104.873791060689,190.713423184027
p124,74.2368395303327,135,2036,1.4304165716943,1.4304165716943,106.189605494398,193.10623717873
p124,74.2368395303327,135,2037,1.44836350345118,1.44836350345118,107.521928987296,195.52907296591
p124,74.2368395303327,135,2038,1.46653560902516,1.46653560902516,108.87096867272,197.982307218397
p124,74.2368395303327,135,2039,1.48493571359264,1.48493571359264,110.236934282837,200.466321335006
p124,74.2368395303327,135,2040,1.50356667777648,1.50356667777648,111.620038181248,202.981501499824
p124,74.2368395303327,135,2041,1.50356667777648,1.50356667777648,111.620038181248,202.981501499824
p124,74.2368395303327,135,2042,1.50356667777648,1.50356667777648,111.620038181248,202.981501499824
p124,74.2368395303327,135,2043,1.50356667777648,1.50356667777648,111.620038181248,202.981501499824
p124,74.2368395303327,135,2044,1.50356667777648,1.50356667777648,111.620038181248,202.981501499824
p124,74.2368395303327,135,2045,1.50356667777648,1.50356667777648,111.620038181248,202.981501499824
p124,74.2368395303327,135,2046,1.50356667777648,1.50356667777648,111.620038181248,202.981501499824
p124,74.2368395303327,135,2047,1.50356667777648,1.50356667777648,111.620038181248,202.981501499824
p124,74.2368395303327,135,2048,1.50356667777648,1.50356667777648,111.620038181248,202.981501499824
p124,74.2368395303327,135,2049,1.50356667777648,1.50356667777648,111.620038181248,202.981501499824
p124,74.2368395303327,135,2050,1.50356667777648,1.50356667777648,111.620038181248,202.981501499824
p125,1355.48002283105,2839,2023,1,1,1355.48002283105,2839
p125,1355.48002283105,2839,2024,1.04127986482784,1.04127986482784,1411.43405495035,2956.19353624623
p125,1355.48002283105,2839,2025,1.08426375689588,1.08426375689588,1469.69786195211,3078.22480582741
p125,1355.48002283105,2839,2026,1.12902201821827,1.12902201821827,1530.36679103126,3205.29350972166
p125,1355.48002283105,2839,2027,1.17562789451797,1.17562789451797,1593.54012530204,3337.60759253652
p125,1355.48002283105,2839,2028,1.22415765509151,1.22415765509151,1659.32124627224,3475.3835828048
p125,1355.48002283105,2839,2029,1.27469071762165,1.27469071762165,1727.81780302432,3618.84694732787
p125,1355.48002283105,2839,2030,1.32730977814237,1.32730977814237,1799.1418883803,3768.2324601462
p125,1355.48002283105,2839,2031,1.3439630653595,1.3439630653595,1821.71508651759,3815.51114255563
p125,1355.48002283105,2839,2032,1.36082529549238,1.36082529549238,1844.57150260308,3863.38301390285
p125,1355.48002283105,2839,2033,1.37789909007399,1.37789909007399,1867.71469007238,3911.85551672006
p125,1355.48002283105,2839,2034,1.3951871035288,1.3951871035288,1891.1482469448,3960.93618691826
p125,1355.48002283105,2839,2035,1.41269202358538,1.41269202358538,1914.87581638276,4010.6326549589
p125,1355.48002283105,2839,2036,1.4304165716943,1.4304165716943,1938.9010872581,4060.95264704011
p125,1355.48002283105,2839,2037,1.44836350345118,1.44836350345118,1963.22779472567,4111.90398629791
p125,1355.48002283105,2839,2038,1.46653560902516,1.46653560902516,1987.85972080398,4163.49459402244
p125,1355.48002283105,2839,2039,1.48493571359264,1.48493571359264,2012.80069496319,4215.73249088949
p125,1355.48002283105,2839,2040,1.50356667777648,1.50356667777648,2038.05459472047,4268.62579820742
p125,1355.48002283105,2839,2041,1.50356667777648,1.50356667777648,2038.05459472047,4268.62579820742
p125,1355.48002283105,2839,2042,1.50356667777648,1.50356667777648,2038.05459472047,4268.62579820742
p125,1355.48002283105,2839,2043,1.50356667777648,1.50356667777648,2038.05459472047,4268.62579820742
p125,1355.48002283105,2839,2044,1.50356667777648,1.50356667777648,2038.05459472047,4268.62579820742
p125,1355.48002283105,2839,2045,1.50356667777648,1.50356667777648,2038.05459472047,4268.62579820742
p125,1355.48002283105,2839,2046,1.50356667777648,1.50356667777648,2038.05459472047,4268.62579820742
p125,1355.48002283105,2839,2047,1.50356667777648,1.50356667777648,2038.05459472047,4268.62579820742
p125,1355.48002283105,2839,2048,1.50356667777648,1.50356667777648,2038.05459472047,4268.62579820742
p125,1355.48002283105,2839,2049,1.50356667777648,1.50356667777648,2038.05459472047,4268.62579820742
p125,1355.48002283105,2839,2050,1.50356667777648,1.50356667777648,2038.05459472047,4268.62579820742
p126,8874.69326484018,18389,2023,1,1,8874.69326484018,18389
p126,8874.69326484018,18389,2024,1.04127986482784,1.04127986482784,9241.03940320132,19148.0954343191
p126,8874.69326484018,18389,2025,1.08426375689588,1.08426375689588,9622.50826063419,19938.5262255584
p126,8874.69326484018,18389,2026,1.12902201821827,1.12902201821827,10019.7241009379,20761.5858930157
p126,8874.69326484018,18389,2027,1.17562789451797,1.17562789451797,10433.3369574369,21618.621352291
p126,8874.69326484018,18389,2028,1.22415765509151,1.22415765509151,10864.0236967432,22511.0351194778
p126,8874.69326484018,18389,2029,1.27469071762165,1.27469071762165,11312.4891264312,23440.2876063445
p126,8874.69326484018,18389,2030,1.32730977814237,1.32730977814237,11779.4671484366,24407.8995102601
p126,8874.69326484018,18389,2031,1.3439630653595,1.3439630653595,11927.25996434,24714.1368088959
p126,8874.69326484018,18389,2032,1.36082529549238,1.36082529549238,12076.9070845303,25024.2163588093
p126,8874.69326484018,18389,2033,1.37789909007399,1.37789909007399,12228.4317743091,25338.1863673706
p126,8874.69326484018,18389,2034,1.3951871035288,1.3951871035288,12381.8575908789,25656.0956467911
p126,8874.69326484018,18389,2035,1.41269202358538,1.41269202358538,12537.2083870066,25977.9936217116
p126,8874.69326484018,18389,2036,1.4304165716943,1.4304165716943,12694.5083147312,26303.9303368864
p126,8874.69326484018,18389,2037,1.44836350345118,1.44836350345118,12853.7818291185,26633.9564649638
p126,8874.69326484018,18389,2038,1.46653560902516,1.46653560902516,13015.0536920639,26968.1233143638
p126,8874.69326484018,18389,2039,1.48493571359264,1.48493571359264,13178.3489761412,27306.482837255
p126,8874.69326484018,18389,2040,1.50356667777648,1.50356667777648,13343.693068501,27649.0876376316
p126,8874.69326484018,18389,2041,1.50356667777648,1.50356667777648,13343.693068501,27649.0876376316
p126,8874.69326484018,18389,2042,1.50356667777648,1.50356667777648,13343.693068501,27649.0876376316
p126,8874.69326484018,18389,2043,1.50356667777648,1.50356667777648,13343.693068501,27649.0876376316
p126,8874.69326484018,18389,2044,1.50356667777648,1.50356667777648,13343.693068501,27649.0876376316
p126,8874.69326484018,18389,2045,1.50356667777648,1.50356667777648,13343.693068501,27649.0876376316
p126,8874.69326484018,18389,2046,1.50356667777648,1.50356667777648,13343.693068501,27649.0876376316
p126,8874.69326484018,18389,2047,1.50356667777648,1.50356667777648,13343.693068501,27649.0876376316
p126,8874.69326484018,18389,2048,1.50356667777648,1.50356667777648,13343.693068501,27649.0876376316
p126,8874.69326484018,18389,2049,1.50356667777648,1.50356667777648,13343.693068501,27649.0876376316
p126,8874.69326484018,18389,2050,1.50356667777648,1.50356667777648,13343.693068501,27649.0876376316
p127,14499.6258643183,26116,2023,1,1,14499.6258643183,26116
p127,14499.6258643183,26116,2024,1.00210522775814,1.00210522775814,14530.1508791705,26170.9801281315
p127,14499.6258643183,26116,2025,1.00421488750019,1.00421488750019,14560.7401561313,26226.0760019549
p127,14499.6258643183,26116,2026,1.00632898855649,1.00632898855649,14591.393830487,26281.2878651413
p127,14499.6258643183,26116,2027,1.00844754027702,1.00844754027702,14622.1120378089,26336.6159618746
p127,14499.6258643183,26116,2028,1.01057055203144,1.01057055203144,14652.8949139535,26392.060536853
p127,14499.6258643183,26116,2029,1.01269803320913,1.01269803320913,14683.7425950634,26447.6218352896
p127,14499.6258643183,26116,2030,1.01482999321925,1.01482999321925,14714.6552175679,26503.300102914
p127,14499.6258643183,26116,2031,1.02935596616169,1.02935596616169,14925.2763905485,26882.6604122788
p127,14499.6258643183,26116,2032,1.04408985953547,1.04408985953547,15138.912331993,27267.4507716284
p127,14499.6258643183,26116,2033,1.05903464945144,1.05903464945144,15355.6061943955,27657.7489050739
p127,14499.6258643183,26116,2034,1.07419335461963,1.07419335461963,15575.4017479216,28053.6336492462
p127,14499.6258643183,26116,2035,1.08956903695895,1.08956903695895,15798.3433892504,28455.1849692199
p127,14499.6258643183,26116,2036,1.10516480221573,1.10516480221573,16024.4761505414,28862.4839746659
p127,14499.6258643183,26116,2037,1.12098380059101,1.12098380059101,16253.8457085313,29275.6129362348
p127,14499.6258643183,26116,2038,1.13702922737688,1.13702922737688,16486.4983937596,29694.6553021745
p127,14499.6258643183,26116,2039,1.15330432360186,1.15330432360186,16722.4811999277,30119.6957151861
p127,14499.6258643183,26116,2040,1.1698123766856,1.1698123766856,16961.8417933903,30550.8200295212
p127,14499.6258643183,26116,2041,1.1698123766856,1.1698123766856,16961.8417933903,30550.8200295212
p127,14499.6258643183,26116,2042,1.1698123766856,1.1698123766856,16961.8417933903,30550.8200295212
p127,14499.6258643183,26116,2043,1.1698123766856,1.1698123766856,16961.8417933903,30550.8200295212
p127,14499.6258643183,26116,2044,1.1698123766856,1.1698123766856,16961.8417933903,30550.8200295212
p127,14499.6258643183,26116,2045,1.1698123766856,1.1698123766856,16961.8417933903,30550.8200295212
p127,14499.6258643183,26116,2046,1.1698123766856,1.1698123766856,16961.8417933903,30550.8200295212
p127,14499.6258643183,26116,2047,1.1698123766856,1.1698123766856,16961.8417933903,30550.8200295212
p127,14499.6258643183,26116,2048,1.1698123766856,1.1698123766856,16961.8417933903,30550.8200295212
p127,14499.6258643183,26116,2049,1.1698123766856,1.1698123766856,16961.8417933903,30550.8200295212
p127,14499.6258643183,26116,2050,1.1698123766856,1.1698123766856,16961.8417933903,30550.8200295212
p128,2359.19390084801,4250,2023,1,1,2359.19390084801,4250
p128,2359.19390084801,4250,2024,1.00210522775814,1.00210522775814,2364.16054133491,4258.94721797209
p128,2359.19390084801,4250,2025,1.00421488750019,1.00421488750019,2369.13763773122,4267.91327187581
p128,2359.19390084801,4250,2026,1.00632898855649,1.00632898855649,2374.12521204902,4276.89820136508
p128,2359.19390084801,4250,2027,1.00844754027702,1.00844754027702,2379.12328634672,4285.90204617733
p128,2359.19390084801,4250,2028,1.01057055203144,1.01057055203144,2384.13188272917,4294.9248461336
p128,2359.19390084801,4250,2029,1.01269803320913,1.01269803320913,2389.15102334775,4303.9666411388
p128,2359.19390084801,4250,2030,1.01482999321925,1.01482999321925,2394.18073040049,4313.02747118182
p128,2359.19390084801,4250,2031,1.02935596616169,1.02935596616169,2428.45031717018,4374.7628561872
p128,2359.19390084801,4250,2032,1.04408985953547,1.04408985953547,2463.21042855334,4437.38190302576
p128,2359.19390084801,4250,2033,1.05903464945144,1.05903464945144,2498.46808577256,4500.89726016864
p128,2359.19390084801,4250,2034,1.07419335461963,1.07419335461963,2534.23041055009,4565.32175713341
p128,2359.19390084801,4250,2035,1.08956903695895,1.08956903695895,2570.50462654639,4630.66840707553
p128,2359.19390084801,4250,2036,1.10516480221573,1.10516480221573,2607.29806081924,4696.95040941684
p128,2359.19390084801,4250,2037,1.12098380059101,1.12098380059101,2644.61814530373,4764.1811525118
p128,2359.19390084801,4250,2038,1.13702922737688,1.13702922737688,2682.47241831345,4832.37421635172
p128,2359.19390084801,4250,2039,1.15330432360186,1.15330432360186,2720.86852606314,4901.5433753079
p128,2359.19390084801,4250,2040,1.1698123766856,1.1698123766856,2759.81422421319,4971.70260091381
p128,2359.19390084801,4250,2041,1.1698123766856,1.1698123766856,2759.81422421319,4971.70260091381
p128,2359.19390084801,4250,2042,1.1698123766856,1.1698123766856,2759.81422421319,4971.70260091381
p128,2359.19390084801,4250,2043,1.1698123766856,1.1698123766856,2759.81422421319,4971.70260091381
p128,2359.19390084801,4250,2044,1.1698123766856,1.1698123766856,2759.81422421319,4971.70260091381
p128,2359.19390084801,4250,2045,1.1698123766856,1.1698123766856,2759.81422421319,4971.70260091381
p128,2359.19390084801,4250,2046,1.1698123766856,1.1698123766856,2759.81422421319,4971.70260091381
p128,2359.19390084801,4250,2047,1.1698123766856,1.1698123766856,2759.81422421319,4971.70260091381
p128,2359.19390084801,4250,2048,1.1698123766856,1.1698123766856,2759.81422421319,4971.70260091381
p128,2359.19390084801,4250,2049,1.1698123766856,1.1698123766856,2759.81422421319,4971.70260091381
p128,2359.19390084801,4250,2050,1.1698123766856,1.1698123766856,2759.81422421319,4971.70260091381
p129,655.922211350294,1089,2023,1,1,655.922211350294,1089
p129,655.922211350294,1089,2024,1.00303731320952,1.00303731320952,657.914452547247,1092.30763408517
p129,655.922211350294,1089,2025,1.00608385169058,1.00608385169058,659.912744804705,1095.62531449104
p129,655.922211350294,1089,2026,1.00913964346321,1.00913964346321,661.917106501633,1098.95307173143
p129,655.922211350294,1089,2027,1.01220471663255,1.01220471663255,663.92755607282,1102.29093641285
p129,655.922211350294,1089,2028,1.01527909938912,1.01527909938912,665.944112009046,1105.63893923475
p129,655.922211350294,1089,2029,1.01836282000905,1.01836282000905,667.966792857255,1108.99711098985
p129,655.922211350294,1089,2030,1.02145590685435,1.02145590685435,669.995617220723,1112.36548256438
p129,655.922211350294,1089,2031,1.04586532284764,1.04586532284764,686.00629533681,1138.94733658108
p129,655.922211350294,1089,2032,1.07085804310804,1.07085804310804,702.399575677671,1166.16440894465
p129,655.922211350294,1089,2033,1.09644800667727,1.09644800667727,719.184601170378,1194.03187927155
p129,655.922211350294,1089,2034,1.12264948569404,1.12264948569404,736.370733227705,1222.56528992081
p129,655.922211350294,1089,2035,1.14947709335392,1.14947709335392,753.967556969213,1251.78055466242
p129,655.922211350294,1089,2036,1.17694579205952,1.17694579205952,771.984886567102,1281.69396755282
p129,655.922211350294,1089,2037,1.20507090176533,1.20507090176533,790.43277071981,1312.32221202245
p129,655.922211350294,1089,2038,1.23386810852209,1.23386810852209,809.321498256416,1343.68237018056
p129,655.922211350294,1089,2039,1.26335347322523,1.26335347322523,828.661603874964,1375.79193234227
p129,655.922211350294,1089,2040,1.29354344057241,1.29354344057241,848.463874017922,1408.66880678335
p129,655.922211350294,1089,2041,1.29354344057241,1.29354344057241,848.463874017922,1408.66880678335
p129,655.922211350294,1089,2042,1.29354344057241,1.29354344057241,848.463874017922,1408.66880678335
p129,655.922211350294,1089,2043,1.29354344057241,1.29354344057241,848.463874017922,1408.66880678335
p129,655.922211350294,1089,2044,1.29354344057241,1.29354344057241,848.463874017922,1408.66880678335
p129,655.922211350294,1089,2045,1.29354344057241,1.29354344057241,848.463874017922,1408.66880678335
p129,655.922211350294,1089,2046,1.29354344057241,1.29354344057241,848.463874017922,1408.66880678335
p129,655.922211350294,1089,2047,1.29354344057241,1.29354344057241,848.463874017922,1408.66880678335
p129,655.922211350294,1089,2048,1.29354344057241,1.29354344057241,848.463874017922,1408.66880678335
p129,655.922211350294,1089,2049,1.29354344057241,1.29354344057241,848.463874017922,1408.66880678335
p129,655.922211350294,1089,2050,1.29354344057241,1.29354344057241,848.463874017922,1408.66880678335
p13,3214.34169928245,6127,2023,1,1,3214.34169928245,6127
p13,3214.34169928245,6127,2024,1.02606562597152,1.02606562597152,3298.1255277606,6286.70409032749
p13,3214.34169928245,6127,2025,1.05281066880032,1.05281066880032,3384.09323417433,6450.57096773958
p13,3214.34169928245,6127,2026,1.0802528379121,1.0802528379121,3472.30174266906,6618.70913788742
p13,3214.34169928245,6127,2027,1.10841030433979,1.10841030433979,3562.80946115373,6791.22993468986
p13,3214.34169928245,6127,2028,1.13730171275568,1.13730171275568,3655.67631997595,6968.24759405407
p13,3214.34169928245,6127,2029,1.16694619381714,1.16694619381714,3750.96381160538,7149.87932951762
p13,3214.34169928245,6127,2030,1.19736337683406,1.19736337683406,3848.73503135138,7336.24540986231
p13,3214.34169928245,6127,2031,1.20989096301467,1.20989096301467,3889.00297400306,7413.0019303909
p13,3214.34169928245,6127,2032,1.2225496208637,1.2225496208637,3929.69222578416,7490.56152703192
p13,3214.34169928245,6127,2033,1.2353407217373,1.2353407217373,3970.8071947019,7568.93260208447
p13,3214.34169928245,6127,2034,1.24826565133963,1.24826565133963,4012.35233488293,7648.12364575789
p13,3214.34169928245,6127,2035,1.26132580987295,1.26132580987295,4054.33214705583,7728.14323709156
p13,3214.34169928245,6127,2036,1.27452261218938,1.27452261218938,4096.75117903871,7809.00004488431
p13,3214.34169928245,6127,2037,1.2878574879441,1.2878574879441,4139.61402623186,7890.70282863348
p13,3214.34169928245,6127,2038,1.30133188175028,1.30133188175028,4182.92533211562,7973.26043948395
p13,3214.34169928245,6127,2039,1.31494725333556,1.31494725333556,4226.6897887534,8056.68182118695
p13,3214.34169928245,6127,2040,1.32870507770018,1.32870507770018,4270.91213730001,8140.97601106899
p13,3214.34169928245,6127,2041,1.32870507770018,1.32870507770018,4270.91213730001,8140.97601106899
p13,3214.34169928245,6127,2042,1.32870507770018,1.32870507770018,4270.91213730001,8140.97601106899
p13,3214.34169928245,6127,2043,1.32870507770018,1.32870507770018,4270.91213730001,8140.97601106899
p13,3214.34169928245,6127,2044,1.32870507770018,1.32870507770018,4270.91213730001,8140.97601106899
p13,3214.34169928245,6127,2045,1.32870507770018,1.32870507770018,4270.91213730001,8140.97601106899
p13,3214.34169928245,6127,2046,1.32870507770018,1.32870507770018,4270.91213730001,8140.97601106899
p13,3214.34169928245,6127,2047,1.32870507770018,1.32870507770018,4270.91213730001,8140.97601106899
p13,3214.34169928245,6127,2048,1.32870507770018,1.32870507770018,4270.91213730001,8140.97601106899
p13,3214.34169928245,6127,2049,1.32870507770018,1.32870507770018,4270.91213730001,8140.97601106899
p13,3214.34169928245,6127,2050,1.32870507770018,1.32870507770018,4270.91213730001,8140.97601106899
p130,1277.30595238095,2347,2023,1,1,1277.30595238095,2347
p130,1277.30595238095,2347,2024,1.00303731320952,1.00303731320952,1281.18553062272,2354.12857410275
p130,1277.30595238095,2347,2025,1.00608385169058,1.00608385169058,1285.07689235873,2361.27879991779
p130,1277.30595238095,2347,2026,1.00913964346321,1.00913964346321,1288.98007337915,2368.45074320814
p130,1277.30595238095,2347,2027,1.01220471663255,1.01220471663255,1292.89510958283,2375.6444699366
p130,1277.30595238095,2347,2028,1.01527909938912,1.01527909938912,1296.8220369777,2382.86004626626
p130,1277.30595238095,2347,2029,1.01836282000905,1.01836282000905,1300.76089168101,2390.09753856123
p130,1277.30595238095,2347,2030,1.02145590685435,1.02145590685435,1304.71170991974,2397.35701338715
p130,1277.30595238095,2347,2031,1.04586532284764,1.04586532284764,1335.89000226211,2454.6459127234
p130,1277.30595238095,2347,2032,1.07085804310804,1.07085804310804,1367.81335261691,2513.30382717456
p130,1277.30595238095,2347,2033,1.09644800667727,1.09644800667727,1400.49956540511,2573.36347167156
p130,1277.30595238095,2347,2034,1.12264948569404,1.12264948569404,1433.96687051441,2634.85834292391
p130,1277.30595238095,2347,2035,1.14947709335392,1.14947709335392,1468.23393346652,2697.82273810166
p130,1277.30595238095,2347,2036,1.17694579205952,1.17694579205952,1503.31986582734,2762.29177396369
p130,1277.30595238095,2347,2037,1.20507090176533,1.20507090176533,1539.24423586594,2828.30140644324
p130,1277.30595238095,2347,2038,1.23386810852209,1.23386810852209,1576.0270794683,2895.88845070135
p130,1277.30595238095,2347,2039,1.26335347322523,1.26335347322523,1613.68891131173,2965.0906016596
p130,1277.30595238095,2347,2040,1.29354344057241,1.29354344057241,1652.25073630648,3035.94645502345
p130,1277.30595238095,2347,2041,1.29354344057241,1.29354344057241,1652.25073630648,3035.94645502345
p130,1277.30595238095,2347,2042,1.29354344057241,1.29354344057241,1652.25073630648,3035.94645502345
p130,1277.30595238095,2347,2043,1.29354344057241,1.29354344057241,1652.25073630648,3035.94645502345
p130,1277.30595238095,2347,2044,1.29354344057241,1.29354344057241,1652.25073630648,3035.94645502345
p130,1277.30595238095,2347,2045,1.29354344057241,1.29354344057241,1652.25073630648,3035.94645502345
p130,1277.30595238095,2347,2046,1.29354344057241,1.29354344057241,1652.25073630648,3035.94645502345
p130,1277.30595238095,2347,2047,1.29354344057241,1.29354344057241,1652.25073630648,3035.94645502345
p130,1277.30595238095,2347,2048,1.29354344057241,1.29354344057241,1652.25073630648,3035.94645502345
p130,1277.30595238095,2347,2049,1.29354344057241,1.29354344057241,1652.25073630648,3035.94645502345
p130,1277.30595238095,2347,2050,1.29354344057241,1.29354344057241,1652.25073630648,3035.94645502345
p131,6174.18228962818,11976,2023,1,1,6174.18228962818,11976
p131,6174.18228962818,11976,2024,1.00303731320952,1.00303731320952,6192.93521505447,12012.3748629972
p131,6174.18228962818,11976,2025,1.00608385169058,1.00608385169058,6211.74509898887,12048.8602078464
p131,6174.18228962818,11976,2026,1.00913964346321,1.00913964346321,6230.61211443222,12085.4563701154
p131,6174.18228962818,11976,2027,1.01220471663255,1.01220471663255,6249.5364349108,12122.1636863914
p131,6174.18228962818,11976,2028,1.01527909938912,1.01527909938912,6268.51823447795,12158.9824942841
p131,6174.18228962818,11976,2029,1.01836282000905,1.01836282000905,6287.55768771567,12195.9131324283
p131,6174.18228962818,11976,2030,1.02145590685435,1.02145590685435,6306.6549697362,12232.9559404877
p131,6174.18228962818,11976,2031,1.04586532284764,1.04586532284764,6457.36315366214,12525.2831064233
p131,6174.18228962818,11976,2032,1.07085804310804,1.07085804310804,6611.67276446353,12824.5959242618
p131,6174.18228962818,11976,2033,1.09644800667727,1.09644800667727,6769.66986432494,13131.061327967
p131,6174.18228962818,11976,2034,1.12264948569404,1.12264948569404,6931.44257203233,13444.8502406718
p131,6174.18228962818,11976,2035,1.14947709335392,1.14947709335392,7097.08111211907,13766.1376700066
p131,6174.18228962818,11976,2036,1.17694579205952,1.17694579205952,7266.67786518629,14095.1028057048
p131,6174.18228962818,11976,2037,1.20507090176533,1.20507090176533,7440.32741942579,14431.9291195416
p131,6174.18228962818,11976,2038,1.23386810852209,1.23386810852209,7618.12662337414,14776.8044676606
p131,6174.18228962818,11976,2039,1.26335347322523,1.26335347322523,7800.17463992744,15129.9211953453
p131,6174.18228962818,11976,2040,1.29354344057241,1.29354344057241,7986.57300164688,15491.4762442952
p131,6174.18228962818,11976,2041,1.29354344057241,1.29354344057241,7986.57300164688,15491.4762442952
p131,6174.18228962818,11976,2042,1.29354344057241,1.29354344057241,7986.57300164688,15491.4762442952
p131,6174.18228962818,11976,2043,1.29354344057241,1.29354344057241,7986.57300164688,15491.4762442952
p131,6174.18228962818,11976,2044,1.29354344057241,1.29354344057241,7986.57300164688,15491.4762442952
p131,6174.18228962818,11976,2045,1.29354344057241,1.29354344057241,7986.57300164688,15491.4762442952
p131,6174.18228962818,11976,2046,1.29354344057241,1.29354344057241,7986.57300164688,15491.4762442952
p131,6174.18228962818,11976,2047,1.29354344057241,1.29354344057241,7986.57300164688,15491.4762442952
p131,6174.18228962818,11976,2048,1.29354344057241,1.29354344057241,7986.57300164688,15491.4762442952
p131,6174.18228962818,11976,2049,1.29354344057241,1.29354344057241,7986.57300164688,15491.4762442952
p131,6174.18228962818,11976,2050,1.29354344057241,1.29354344057241,7986.57300164688,15491.4762442952
p132,3307.92599478147,6742,2023,1,1,3307.92599478147,6742
p132,3307.92599478147,6742,2024,1.00303731320952,1.00303731320952,3317.97320210155,6762.4775656586
p132,3307.92599478147,6742,2025,1.00608385169058,1.00608385169058,3328.05092593713,6783.01732809788
p132,3307.92599478147,6742,2026,1.00913964346321,1.00913964346321,3338.15925897645,6803.61947622894
p132,3307.92599478147,6742,2027,1.01220471663255,1.01220471663255,3348.29829418923,6824.28419953665
p132,3307.92599478147,6742,2028,1.01527909938912,1.01527909938912,3358.46812482759,6845.01168808144
p132,3307.92599478147,6742,2029,1.01836282000905,1.01836282000905,3368.66884442689,6865.80213250099
p132,3307.92599478147,6742,2030,1.02145590685435,1.02145590685435,3378.90054680658,6886.65572401201
p132,3307.92599478147,6742,2031,1.04586532284764,1.04586532284764,3459.64508848822,7051.22400663877
p132,3307.92599478147,6742,2032,1.07085804310804,1.07085804310804,3542.31915751789,7219.72492663438
p132,3307.92599478147,6742,2033,1.09644800667727,1.09644800667727,3626.96886321408,7392.25246101817
p132,3307.92599478147,6742,2034,1.12264948569404,1.12264948569404,3713.64141675537,7568.90283254922
p132,3307.92599478147,6742,2035,1.14947709335392,1.14947709335392,3802.38515751129,7749.77456339215
p132,3307.92599478147,6742,2036,1.17694579205952,1.17694579205952,3893.24958000235,7934.96853006528
p132,3307.92599478147,6742,2037,1.20507090176533,1.20507090176533,3986.2853615043,8124.58801970188
p132,3307.92599478147,6742,2038,1.23386810852209,1.23386810852209,4081.54439031208,8318.73878765596
p132,3307.92599478147,6742,2039,1.26335347322523,1.26335347322523,4179.07979467919,8517.52911648447
p132,3307.92599478147,6742,2040,1.29354344057241,1.29354344057241,4278.94597244854,8721.06987633919
p132,3307.92599478147,6742,2041,1.29354344057241,1.29354344057241,4278.94597244854,8721.06987633919
p132,3307.92599478147,6742,2042,1.29354344057241,1.29354344057241,4278.94597244854,8721.06987633919
p132,3307.92599478147,6742,2043,1.29354344057241,1.29354344057241,4278.94597244854,8721.06987633919
p132,3307.92599478147,6742,2044,1.29354344057241,1.29354344057241,4278.94597244854,8721.06987633919
p132,3307.92599478147,6742,2045,1.29354344057241,1.29354344057241,4278.94597244854,8721.06987633919
p132,3307.92599478147,6742,2046,1.29354344057241,1.29354344057241,4278.94597244854,8721.06987633919
p132,3307.92599478147,6742,2047,1.29354344057241,1.29354344057241,4278.94597244854,8721.06987633919
p132,3307.92599478147,6742,2048,1.29354344057241,1.29354344057241,4278.94597244854,8721.06987633919
p132,3307.92599478147,6742,2049,1.29354344057241,1.29354344057241,4278.94597244854,8721.06987633919
p132,3307.92599478147,6742,2050,1.29354344057241,1.29354344057241,4278.94597244854,8721.06987633919
p133,928.716030658839,1941,2023,1,1,928.716030658839,1941
p133,928.716030658839,1941,2024,1.00303731320952,1.00303731320952,931.536832126655,1946.89542493968
p133,928.716030658839,1941,2025,1.00608385169058,1.00608385169058,934.36620125203,1952.80875613141
p133,928.716030658839,1941,2026,1.00913964346321,1.00913964346321,937.204164057625,1958.74004796208
p133,928.716030658839,1941,2027,1.01220471663255,1.01220471663255,940.050746645137,1964.68935498378
p133,928.716030658839,1941,2028,1.01527909938912,1.01527909938912,942.905975195544,1970.65673191428
p133,928.716030658839,1941,2029,1.01836282000905,1.01836282000905,945.769875969344,1976.64223363756
p133,928.716030658839,1941,2030,1.02145590685435,1.02145590685435,948.642475306794,1982.64591520429
p133,928.716030658839,1941,2031,1.04586532284764,1.04586532284764,971.311891238782,2030.02459164726
p133,928.716030658839,1941,2032,1.07085804310804,1.07085804310804,994.523031194387,2078.5354616727
p133,928.716030658839,1941,2033,1.09644800667727,1.09644800667727,1018.28884058511,2128.20558096059
p133,928.716030658839,1941,2034,1.12264948569404,1.12264948569404,1042.62257417496,2179.06265173213
p133,928.716030658839,1941,2035,1.14947709335392,1.14947709335392,1067.53780347292,2231.13503819996
p133,928.716030658839,1941,2036,1.17694579205952,1.17694579205952,1093.04842430214,2284.45178238753
p133,928.716030658839,1941,2037,1.20507090176533,1.20507090176533,1119.16866454997,2339.04262032651
p133,928.716030658839,1941,2038,1.23386810852209,1.23386810852209,1145.91309210317,2394.93799864138
p133,928.716030658839,1941,2039,1.26335347322523,1.26335347322523,1173.29662297279,2452.16909153016
p133,928.716030658839,1941,2040,1.29354344057241,1.29354344057241,1201.33452961319,2510.76781815105
p133,928.716030658839,1941,2041,1.29354344057241,1.29354344057241,1201.33452961319,2510.76781815105
p133,928.716030658839,1941,2042,1.29354344057241,1.29354344057241,1201.33452961319,2510.76781815105
p133,928.716030658839,1941,2043,1.29354344057241,1.29354344057241,1201.33452961319,2510.76781815105
p133,928.716030658839,1941,2044,1.29354344057241,1.29354344057241,1201.33452961319,2510.76781815105
p133,928.716030658839,1941,2045,1.29354344057241,1.29354344057241,1201.33452961319,2510.76781815105
p133,928.716030658839,1941,2046,1.29354344057241,1.29354344057241,1201.33452961319,2510.76781815105
p133,928.716030658839,1941,2047,1.29354344057241,1.29354344057241,1201.33452961319,2510.76781815105
p133,928.716030658839,1941,2048,1.29354344057241,1.29354344057241,1201.33452961319,2510.76781815105
p133,928.716030658839,1941,2049,1.29354344057241,1.29354344057241,1201.33452961319,2510.76781815105
p133,928.716030658839,1941,2050,1.29354344057241,1.29354344057241,1201.33452961319,2510.76781815105
p134,1393.89856490541,2023,2023,1,1,1393.89856490541,2023
p134,1393.89856490541,2023,2024,1.00303731320952,1.00303731320952,1398.13227142934,2029.14448462286
p134,1393.89856490541,2023,2025,1.00608385169058,1.00608385169058,1402.37883704601,2035.30763197004
p134,1393.89856490541,2023,2026,1.00913964346321,1.00913964346321,1406.63830081252,2041.48949872607
p134,1393.89856490541,2023,2027,1.01220471663255,1.01220471663255,1410.9107019046,2047.69014174765
p134,1393.89856490541,2023,2028,1.01527909938912,1.01527909938912,1415.19607961696,2053.90961806419
p134,1393.89856490541,2023,2029,1.01836282000905,1.01836282000905,1419.49447336364,2060.1479848783
p134,1393.89856490541,2023,2030,1.02145590685435,1.02145590685435,1423.80592267843,2066.40529956634
p134,1393.89856490541,2023,2031,1.04586532284764,1.04586532284764,1457.83017260166,2115.78554812077
p134,1393.89856490541,2023,2032,1.07085804310804,1.07085804310804,1492.66748950571,2166.34582120756
p134,1393.89856490541,2023,2033,1.09644800667727,1.09644800667727,1528.33730300085,2218.11431750812
p134,1393.89856490541,2023,2034,1.12264948569404,1.12264948569404,1564.85950700072,2271.11990955904
p134,1393.89856490541,2023,2035,1.14947709335392,1.14947709335392,1602.25447081768,2325.39215985499
p134,1393.89856490541,2023,2036,1.17694579205952,1.17694579205952,1640.54305052323,2380.96133733641
p134,1393.89856490541,2023,2037,1.20507090176533,1.20507090176533,1679.74660057997,2437.85843427127
p134,1393.89856490541,2023,2038,1.23386810852209,1.23386810852209,1719.88698575151,2496.1151835402
p134,1393.89856490541,2023,2039,1.26335347322523,1.26335347322523,1760.98659329691,2555.76407633463
p134,1393.89856490541,2023,2040,1.29354344057241,1.29354344057241,1803.06834545669,2616.83838027799
p134,1393.89856490541,2023,2041,1.29354344057241,1.29354344057241,1803.06834545669,2616.83838027799
p134,1393.89856490541,2023,2042,1.29354344057241,1.29354344057241,1803.06834545669,2616.83838027799
p134,1393.89856490541,2023,2043,1.29354344057241,1.29354344057241,1803.06834545669,2616.83838027799
p134,1393.89856490541,2023,2044,1.29354344057241,1.29354344057241,1803.06834545669,2616.83838027799
p134,1393.89856490541,2023,2045,1.29354344057241,1.29354344057241,1803.06834545669,2616.83838027799
p134,1393.89856490541,2023,2046,1.29354344057241,1.29354344057241,1803.06834545669,2616.83838027799
p134,1393.89856490541,2023,2047,1.29354344057241,1.29354344057241,1803.06834545669,2616.83838027799
p134,1393.89856490541,2023,2048,1.29354344057241,1.29354344057241,1803.06834545669,2616.83838027799
p134,1393.89856490541,2023,2049,1.29354344057241,1.29354344057241,1803.06834545669,2616.83838027799
p134,1393.89856490541,2023,2050,1.29354344057241,1.29354344057241,1803.06834545669,2616.83838027799
p14,516.172716894977,858,2023,1,1,516.172716894977,858
p14,516.172716894977,858,2024,1.02606562597152,1.02606562597152,529.627081870264,880.364307083563
p14,516.172716894977,858,2025,1.05281066880032,1.05281066880032,543.432143290681,903.311553830678
p14,516.172716894977,858,2026,1.0802528379121,1.0802528379121,557.597042278597,926.856934928579
p14,516.172716894977,858,2027,1.10841030433979,1.10841030433979,572.131158225455,951.016041123536
p14,516.172716894977,858,2028,1.13730171275568,1.13730171275568,587.044115002412,975.804869544376
p14,516.172716894977,858,2029,1.16694619381714,1.16694619381714,602.345787332846,1001.23983429511
p14,516.172716894977,858,2030,1.19736337683406,1.19736337683406,618.046307330983,1027.33777732363
p14,516.172716894977,858,2031,1.20989096301467,1.20989096301467,624.512705525964,1038.08644626659
p14,516.172716894977,858,2032,1.2225496208637,1.2225496208637,631.046759340143,1048.94757470106
p14,516.172716894977,858,2033,1.2353407217373,1.2353407217373,637.649176630146,1059.92233925061
p14,516.172716894977,858,2034,1.24826565133963,1.24826565133963,644.320672658653,1071.0119288494
p14,516.172716894977,858,2035,1.26132580987295,1.26132580987295,651.061970171878,1082.21754487099
p14,516.172716894977,858,2036,1.27452261218938,1.27452261218938,657.873799477874,1093.54040125848
p14,516.172716894977,858,2037,1.2878574879441,1.2878574879441,664.756898525645,1104.98172465604
p14,516.172716894977,858,2038,1.30133188175028,1.30133188175028,671.712012985094,1116.54275454174
p14,516.172716894977,858,2039,1.31494725333556,1.31494725333556,678.739896327801,1128.22474336191
p14,516.172716894977,858,2040,1.32870507770018,1.32870507770018,685.841309908653,1140.02895666675
p14,516.172716894977,858,2041,1.32870507770018,1.32870507770018,685.841309908653,1140.02895666675
p14,516.172716894977,858,2042,1.32870507770018,1.32870507770018,685.841309908653,1140.02895666675
p14,516.172716894977,858,2043,1.32870507770018,1.32870507770018,685.841309908653,1140.02895666675
p14,516.172716894977,858,2044,1.32870507770018,1.32870507770018,685.841309908653,1140.02895666675
p14,516.172716894977,858,2045,1.32870507770018,1.32870507770018,685.841309908653,1140.02895666675
p14,516.172716894977,858,2046,1.32870507770018,1.32870507770018,685.841309908653,1140.02895666675
p14,516.172716894977,858,2047,1.32870507770018,1.32870507770018,685.841309908653,1140.02895666675
p14,516.172716894977,858,2048,1.32870507770018,1.32870507770018,685.841309908653,1140.02895666675
p14,516.172716894977,858,2049,1.32870507770018,1.32870507770018,685.841309908653,1140.02895666675
p14,516.172716894977,858,2050,1.32870507770018,1.32870507770018,685.841309908653,1140.02895666675
p15,1841.80262557078,3058,2023,1,1,1841.80262557078,3058
p15,1841.80262557078,3058,2024,1.02606562597152,1.02606562597152,1889.81036392226,3137.7086842209
p15,1841.80262557078,3058,2025,1.05281066880032,1.05281066880032,1939.06945402536,3219.49502519139
p15,1841.80262557078,3058,2026,1.0802528379121,1.0802528379121,1989.61251314678,3303.41317833519
p15,1841.80262557078,3058,2027,1.10841030433979,1.10841030433979,2041.47300874272,3389.51871067106
p15,1841.80262557078,3058,2028,1.13730171275568,1.13730171275568,2094.68528061956,3477.86863760688
p15,1841.80262557078,3058,2029,1.16694619381714,1.16694619381714,2149.28456367223,3568.52146069281
p15,1841.80262557078,3058,2030,1.19736337683406,1.19736337683406,2205.30701121527,3661.53720635857
p15,1841.80262557078,3058,2031,1.20989096301467,1.20989096301467,2228.38035233478,3699.84656489887
p15,1841.80262557078,3058,2032,1.2225496208637,1.2225496208637,2251.69510159733,3738.55674060121
p15,1841.80262557078,3058,2033,1.2353407217373,1.2353407217373,2275.25378477027,3777.67192707268
p15,1841.80262557078,3058,2034,1.24826565133963,1.24826565133963,2299.05895404714,3817.19636179658
p15,1841.80262557078,3058,2035,1.26132580987295,1.26132580987295,2323.11318832418,3857.13432659148
p15,1841.80262557078,3058,2036,1.27452261218938,1.27452261218938,2347.41909347972,3897.49014807511
p15,1841.80262557078,3058,2037,1.2878574879441,1.2878574879441,2371.97930265642,3938.26819813305
p15,1841.80262557078,3058,2038,1.30133188175028,1.30133188175028,2396.79647654662,3979.47289439235
p15,1841.80262557078,3058,2039,1.31494725333556,1.31494725333556,2421.87330368051,4021.10870070013
p15,1841.80262557078,3058,2040,1.32870507770018,1.32870507770018,2447.21250071741,4063.18012760714
p15,1841.80262557078,3058,2041,1.32870507770018,1.32870507770018,2447.21250071741,4063.18012760714
p15,1841.80262557078,3058,2042,1.32870507770018,1.32870507770018,2447.21250071741,4063.18012760714
p15,1841.80262557078,3058,2043,1.32870507770018,1.32870507770018,2447.21250071741,4063.18012760714
p15,1841.80262557078,3058,2044,1.32870507770018,1.32870507770018,2447.21250071741,4063.18012760714
p15,1841.80262557078,3058,2045,1.32870507770018,1.32870507770018,2447.21250071741,4063.18012760714
p15,1841.80262557078,3058,2046,1.32870507770018,1.32870507770018,2447.21250071741,4063.18012760714
p15,1841.80262557078,3058,2047,1.32870507770018,1.32870507770018,2447.21250071741,4063.18012760714
p15,1841.80262557078,3058,2048,1.32870507770018,1.32870507770018,2447.21250071741,4063.18012760714
p15,1841.80262557078,3058,2049,1.32870507770018,1.32870507770018,2447.21250071741,4063.18012760714
p15,1841.80262557078,3058,2050,1.32870507770018,1.32870507770018,2447.21250071741,4063.18012760714
p16,675.349934768428,1122,2023,1,1,675.349934768428,1122
p16,675.349934768428,1122,2024,1.02606562597152,1.02606562597152,692.953353567991,1151.24563234004
p16,675.349934768428,1122,2025,1.05281066880032,1.05281066880032,711.015616497804,1181.25357039396
p16,675.349934768428,1122,2026,1.0802528379121,1.0802528379121,729.548683617344,1212.04368413737
p16,675.349934768428,1122,2027,1.10841030433979,1.10841030433979,748.564826732527,1243.63636146924
p16,675.349934768428,1122,2028,1.13730171275568,1.13730171275568,768.076637521572,1276.05252171188
p16,675.349934768428,1122,2029,1.16694619381714,1.16694619381714,788.097035872671,1309.31362946283
p16,675.349934768428,1122,2030,1.19736337683406,1.19736337683406,808.63927843899,1343.44170880782
p16,675.349934768428,1122,2031,1.20989096301467,1.20989096301467,817.099782948869,1357.49766050246
p16,675.349934768428,1122,2032,1.2225496208637,1.2225496208637,825.648806701469,1371.70067460908
p16,675.349934768428,1122,2033,1.2353407217373,1.2353407217373,834.287275842071,1386.05228978926
p16,675.349934768428,1122,2034,1.24826565133963,1.24826565133963,843.016126205886,1400.55406080306
p16,675.349934768428,1122,2035,1.26132580987295,1.26132580987295,851.836303419431,1415.20755867745
p16,675.349934768428,1122,2036,1.27452261218938,1.27452261218938,860.748763002982,1430.01437087648
p16,675.349934768428,1122,2037,1.2878574879441,1.2878574879441,869.754470474077,1444.97610147328
p16,675.349934768428,1122,2038,1.30133188175028,1.30133188175028,878.854401452126,1460.09437132381
p16,675.349934768428,1122,2039,1.31494725333556,1.31494725333556,888.049541764091,1475.37081824249
p16,675.349934768428,1122,2040,1.32870507770018,1.32870507770018,897.340887551294,1490.8070971796
p16,675.349934768428,1122,2041,1.32870507770018,1.32870507770018,897.340887551294,1490.8070971796
p16,675.349934768428,1122,2042,1.32870507770018,1.32870507770018,897.340887551294,1490.8070971796
p16,675.349934768428,1122,2043,1.32870507770018,1.32870507770018,897.340887551294,1490.8070971796
p16,675.349934768428,1122,2044,1.32870507770018,1.32870507770018,897.340887551294,1490.8070971796
p16,675.349934768428,1122,2045,1.32870507770018,1.32870507770018,897.340887551294,1490.8070971796
p16,675.349934768428,1122,2046,1.32870507770018,1.32870507770018,897.340887551294,1490.8070971796
p16,675.349934768428,1122,2047,1.32870507770018,1.32870507770018,897.340887551294,1490.8070971796
p16,675.349934768428,1122,2048,1.32870507770018,1.32870507770018,897.340887551294,1490.8070971796
p16,675.349934768428,1122,2049,1.32870507770018,1.32870507770018,897.340887551294,1490.8070971796
p16,675.349934768428,1122,2050,1.32870507770018,1.32870507770018,897.340887551294,1490.8070971796
p17,937.035779517286,1385,2023,1,1,937.035779517286,1385
p17,937.035779517286,1385,2024,1.02606562597152,1.02606562597152,961.460203668114,1421.10089197055
p17,937.035779517286,1385,2025,1.05281066880032,1.05281066880032,986.521265723427,1458.14277628845
p17,937.035779517286,1385,2026,1.0802528379121,1.0802528379121,1012.23556004872,1496.15018050825
p17,937.035779517286,1385,2027,1.10841030433979,1.10841030433979,1038.62011355202,1535.1482715106
p17,937.035779517286,1385,2028,1.13730171275568,1.13730171275568,1065.69239695837,1575.16287216662
p17,937.035779517286,1385,2029,1.16694619381714,1.16694619381714,1093.47033637817,1616.22047843674
p17,937.035779517286,1385,2030,1.19736337683406,1.19736337683406,1121.97232517716,1658.34827691518
p17,937.035779517286,1385,2031,1.20989096301467,1.20989096301467,1133.71112165937,1675.69898377532
p17,937.035779517286,1385,2032,1.2225496208637,1.2225496208637,1145.57273698458,1693.23122489623
p17,937.035779517286,1385,2033,1.2353407217373,1.2353407217373,1157.55845616256,1710.94689960617
p17,937.035779517286,1385,2034,1.24826565133963,1.24826565133963,1169.66957764768,1728.84792710538
p17,937.035779517286,1385,2035,1.26132580987295,1.26132580987295,1181.90741347957,1746.93624667404
p17,937.035779517286,1385,2036,1.27452261218938,1.27452261218938,1194.27328942528,1765.21381788229
p17,937.035779517286,1385,2037,1.2878574879441,1.2878574879441,1206.76854512287,1783.68262080257
p17,937.035779517286,1385,2038,1.30133188175028,1.30133188175028,1219.39453422657,1802.34465622413
p17,937.035779517286,1385,2039,1.31494725333556,1.31494725333556,1232.1526245534,1821.20194586974
p17,937.035779517286,1385,2040,1.32870507770018,1.32870507770018,1245.04419823136,1840.25653261475
p17,937.035779517286,1385,2041,1.32870507770018,1.32870507770018,1245.04419823136,1840.25653261475
p17,937.035779517286,1385,2042,1.32870507770018,1.32870507770018,1245.04419823136,1840.25653261475
p17,937.035779517286,1385,2043,1.32870507770018,1.32870507770018,1245.04419823136,1840.25653261475
p17,937.035779517286,1385,2044,1.32870507770018,1.32870507770018,1245.04419823136,1840.25653261475
p17,937.035779517286,1385,2045,1.32870507770018,1.32870507770018,1245.04419823136,1840.25653261475
p17,937.035779517286,1385,2046,1.32870507770018,1.32870507770018,1245.04419823136,1840.25653261475
p17,937.035779517286,1385,2047,1.32870507770018,1.32870507770018,1245.04419823136,1840.25653261475
p17,937.035779517286,1385,2048,1.32870507770018,1.32870507770018,1245.04419823136,1840.25653261475
p17,937.035779517286,1385,2049,1.32870507770018,1.32870507770018,1245.04419823136,1840.25653261475
p17,937.035779517286,1385,2050,1.32870507770018,1.32870507770018,1245.04419823136,1840.25653261475
p18,508.291373124592,752,2023,1,1,508.291373124592,752
p18,508.291373124592,752,2024,1.02606562597152,1.02606562597152,521.540305941007,771.601350730582
p18,508.291373124592,752,2025,1.05281066880032,1.05281066880032,535.134580484737,791.713622937844
p18,508.291373124592,752,2026,1.0802528379121,1.0802528379121,549.083198304078,812.350134109897
p18,508.291373124592,752,2027,1.10841030433979,1.10841030433979,563.395395578317,833.524548863518
p18,508.291373124592,752,2028,1.13730171275568,1.13730171275568,578.080649233537,855.250887992274
p18,508.291373124592,752,2029,1.16694619381714,1.16694619381714,593.148683217831,877.543537750489
p18,508.291373124592,752,2030,1.19736337683406,1.19736337683406,608.609474940085,900.417259379217
p18,508.291373124592,752,2031,1.20989096301467,1.20989096301467,614.977138921763,909.838004187033
p18,508.291373124592,752,2032,1.2225496208637,1.2225496208637,621.411425501762,919.357314889506
p18,508.291373124592,752,2033,1.2353407217373,1.2353407217373,627.91303172858,928.976222746453
p18,508.291373124592,752,2034,1.24826565133963,1.24826565133963,634.482661943682,938.695769807399
p18,508.291373124592,752,2035,1.26132580987295,1.26132580987295,641.12102785781,948.517009024458
p18,508.291373124592,752,2036,1.27452261218938,1.27452261218938,647.82884862808,958.441004366411
p18,508.291373124592,752,2037,1.2878574879441,1.2878574879441,654.606850935893,968.468830933961
p18,508.291373124592,752,2038,1.30133188175028,1.30133188175028,661.455769065658,978.601575076209
p18,508.291373124592,752,2039,1.31494725333556,1.31494725333556,668.376344984341,988.840334508338
p18,508.291373124592,752,2040,1.32870507770018,1.32870507770018,675.369328421842,999.186218430534
p18,508.291373124592,752,2041,1.32870507770018,1.32870507770018,675.369328421842,999.186218430534
p18,508.291373124592,752,2042,1.32870507770018,1.32870507770018,675.369328421842,999.186218430534
p18,508.291373124592,752,2043,1.32870507770018,1.32870507770018,675.369328421842,999.186218430534
p18,508.291373124592,752,2044,1.32870507770018,1.32870507770018,675.369328421842,999.186218430534
p18,508.291373124592,752,2045,1.32870507770018,1.32870507770018,675.369328421842,999.186218430534
p18,508.291373124592,752,2046,1.32870507770018,1.32870507770018,675.369328421842,999.186218430534
p18,508.291373124592,752,2047,1.32870507770018,1.32870507770018,675.369328421842,999.186218430534
p18,508.291373124592,752,2048,1.32870507770018,1.32870507770018,675.369328421842,999.186218430534
p18,508.291373124592,752,2049,1.32870507770018,1.32870507770018,675.369328421842,999.186218430534
p18,508.291373124592,752,2050,1.32870507770018,1.32870507770018,675.369328421842,999.186218430534
p19,12.5098336594912,18,2023,1,1,12.5098336594912,18
p19,12.5098336594912,18,2024,1.02606562597152,1.02606562597152,12.8359103046254,18.4691812674873
p19,12.5098336594912,18,2025,1.05281066880032,1.05281066880032,13.1704863416297,18.9505920384058
p19,12.5098336594912,18,2026,1.0802528379121,1.0802528379121,13.5137833124736,19.4445510824177
p19,12.5098336594912,18,2027,1.10841030433979,1.10841030433979,13.8660285337567,19.9513854781161
p19,12.5098336594912,18,2028,1.13730171275568,1.13730171275568,14.227455247228,20.4714308296023
p19,12.5098336594912,18,2029,1.16694619381714,1.16694619381714,14.5983027742288,21.0050314887085
p19,12.5098336594912,18,2030,1.19736337683406,1.19736337683406,14.9788166741608,21.5525407830132
p19,12.5098336594912,18,2031,1.20989096301467,1.20989096301467,15.1355346934352,21.7780373342641
p19,12.5098336594912,18,2032,1.2225496208637,1.2225496208637,15.293892397479,22.0058931755467
p19,12.5098336594912,18,2033,1.2353407217373,1.2353407217373,15.4539069417295,22.2361329912715
p19,12.5098336594912,18,2034,1.24826565133963,1.24826565133963,15.6155956611152,22.4687817241133
p19,12.5098336594912,18,2035,1.26132580987295,1.26132580987295,15.7789760719336,22.7038645777131
p19,12.5098336594912,18,2036,1.27452261218938,1.27452261218938,15.9440658737493,22.9414070194088
p19,12.5098336594912,18,2037,1.2878574879441,1.2878574879441,16.1108829513108,23.1814347829937
p19,12.5098336594912,18,2038,1.30133188175028,1.30133188175028,16.2794453764886,23.423973871505
p19,12.5098336594912,18,2039,1.31494725333556,1.31494725333556,16.4497714102326,23.66905056004
p19,12.5098336594912,18,2040,1.32870507770018,1.32870507770018,16.6218795045505,23.9166913986032
p19,12.5098336594912,18,2041,1.32870507770018,1.32870507770018,16.6218795045505,23.9166913986032
p19,12.5098336594912,18,2042,1.32870507770018,1.32870507770018,16.6218795045505,23.9166913986032
p19,12.5098336594912,18,2043,1.32870507770018,1.32870507770018,16.6218795045505,23.9166913986032
p19,12.5098336594912,18,2044,1.32870507770018,1.32870507770018,16.6218795045505,23.9166913986032
p19,12.5098336594912,18,2045,1.32870507770018,1.32870507770018,16.6218795045505,23.9166913986032
p19,12.5098336594912,18,2046,1.32870507770018,1.32870507770018,16.6218795045505,23.9166913986032
p19,12.5098336594912,18,2047,1.32870507770018,1.32870507770018,16.6218795045505,23.9166913986032
p19,12.5098336594912,18,2048,1.32870507770018,1.32870507770018,16.6218795045505,23.9166913986032
p19,12.5098336594912,18,2049,1.32870507770018,1.32870507770018,16.6218795045505,23.9166913986032
p19,12.5098336594912,18,2050,1.32870507770018,1.32870507770018,16.6218795045505,23.9166913986032
p2,3073.8357469015,5280,2023,1,1,3073.8357469015,5280
p2,3073.8357469015,5280,2024,1.02606562597152,1.02606562597152,3153.95719977812,5417.62650512962
p2,3073.8357469015,5280,2025,1.05281066880032,1.05281066880032,3236.16706847771,5558.84033126571
p2,3073.8357469015,5280,2026,1.0802528379121,1.0802528379121,3320.519788866,5703.73498417587
p2,3073.8357469015,5280,2027,1.10841030433979,1.10841030433979,3407.0712157136,5852.40640691407
p2,3073.8357469015,5280,2028,1.13730171275568,1.13730171275568,3495.87865968072,6004.95304335001
p2,3073.8357469015,5280,2029,1.16694619381714,1.16694619381714,3587.00092526577,6161.4759033545
p2,3073.8357469015,5280,2030,1.19736337683406,1.19736337683406,3680.49834974324,6322.07862968386
p2,3073.8357469015,5280,2031,1.20989096301467,1.20989096301467,3719.00609196758,6388.22428471747
p2,3073.8357469015,5280,2032,1.2225496208637,1.2225496208637,3757.91672697173,6455.06199816036
p2,3073.8357469015,5280,2033,1.2353407217373,1.2353407217373,3797.23447007923,6522.59901077297
p2,3073.8357469015,5280,2034,1.24826565133963,1.24826565133963,3836.96358071703,6590.84263907322
p2,3073.8357469015,5280,2035,1.26132580987295,1.26132580987295,3877.10836287696,6659.80027612918
p2,3073.8357469015,5280,2036,1.27452261218938,1.27452261218938,3917.67316558198,6729.47939235991
p2,3073.8357469015,5280,2037,1.2878574879441,1.2878574879441,3958.66238335733,6799.88753634483
p2,3073.8357469015,5280,2038,1.30133188175028,1.30133188175028,4000.0804567066,6871.03233564147
p2,3073.8357469015,5280,2039,1.31494725333556,1.31494725333556,4041.93187259277,6942.92149761173
p2,3073.8357469015,5280,2040,1.32870507770018,1.32870507770018,4084.22116492434,7015.56281025694
p2,3073.8357469015,5280,2041,1.32870507770018,1.32870507770018,4084.22116492434,7015.56281025694
p2,3073.8357469015,5280,2042,1.32870507770018,1.32870507770018,4084.22116492434,7015.56281025694
p2,3073.8357469015,5280,2043,1.32870507770018,1.32870507770018,4084.22116492434,7015.56281025694
p2,3073.8357469015,5280,2044,1.32870507770018,1.32870507770018,4084.22116492434,7015.56281025694
p2,3073.8357469015,5280,2045,1.32870507770018,1.32870507770018,4084.22116492434,7015.56281025694
p2,3073.8357469015,5280,2046,1.32870507770018,1.32870507770018,4084.22116492434,7015.56281025694
p2,3073.8357469015,5280,2047,1.32870507770018,1.32870507770018,4084.22116492434,7015.56281025694
p2,3073.8357469015,5280,2048,1.32870507770018,1.32870507770018,4084.22116492434,7015.56281025694
p2,3073.8357469015,5280,2049,1.32870507770018,1.32870507770018,4084.22116492434,7015.56281025694
p2,3073.8357469015,5280,2050,1.32870507770018,1.32870507770018,4084.22116492434,7015.56281025694
p20,261.930740378343,387,2023,1,1,261.930740378343,387
p20,261.930740378343,387,2024,1.02606562597152,1.02606562597152,268.758129087488,397.087397250978
p20,261.930740378343,387,2025,1.05281066880032,1.05281066880032,275.763477957087,407.437728825725
p20,261.930740378343,387,2026,1.0802528379121,1.0802528379121,282.951425630122,418.057848271982
p20,261.930740378343,387,2027,1.10841030433979,1.10841030433979,290.326731658705,428.954787779497
p20,261.930740378343,387,2028,1.13730171275568,1.13730171275568,297.894279655654,440.135762836449
p20,261.930740378343,387,2029,1.16694619381714,1.16694619381714,305.659080528213,451.608177007233
p20,261.930740378343,387,2030,1.19736337683406,1.19736337683406,313.62627579606,463.379626834783
p20,261.930740378343,387,2031,1.20989096301467,1.20989096301467,316.9076357195,468.227802686678
p20,261.930740378343,387,2032,1.2225496208637,1.2225496208637,320.223327342093,473.126703274254
p20,261.930740378343,387,2033,1.2353407217373,1.2353407217373,323.573709864169,478.076859312337
p20,261.930740378343,387,2034,1.24826565133963,1.24826565133963,326.959146244243,483.078807068435
p20,261.930740378343,387,2035,1.26132580987295,1.26132580987295,330.380003238335,488.133088420832
p20,261.930740378343,387,2036,1.27452261218938,1.27452261218938,333.836651439703,493.240250917289
p20,261.930740378343,387,2037,1.2878574879441,1.2878574879441,337.32946531899,498.400847834366
p20,261.930740378343,387,2038,1.30133188175028,1.30133188175028,340.858823264793,503.615438237358
p20,261.930740378343,387,2039,1.31494725333556,1.31494725333556,344.425107624651,508.88458704086
p20,261.930740378343,387,2040,1.32870507770018,1.32870507770018,348.028704746471,514.208865069969
p20,261.930740378343,387,2041,1.32870507770018,1.32870507770018,348.028704746471,514.208865069969
p20,261.930740378343,387,2042,1.32870507770018,1.32870507770018,348.028704746471,514.208865069969
p20,261.930740378343,387,2043,1.32870507770018,1.32870507770018,348.028704746471,514.208865069969
p20,261.930740378343,387,2044,1.32870507770018,1.32870507770018,348.028704746471,514.208865069969
p20,261.930740378343,387,2045,1.32870507770018,1.32870507770018,348.028704746471,514.208865069969
p20,261.930740378343,387,2046,1.32870507770018,1.32870507770018,348.028704746471,514.208865069969
p20,261.930740378343,387,2047,1.32870507770018,1.32870507770018,348.028704746471,514.208865069969
p20,261.930740378343,387,2048,1.32870507770018,1.32870507770018,348.028704746471,514.208865069969
p20,261.930740378343,387,2049,1.32870507770018,1.32870507770018,348.028704746471,514.208865069969
p20,261.930740378343,387,2050,1.32870507770018,1.32870507770018,348.028704746471,514.208865069969
p21,895.619161774299,1183,2023,1,1,895.619161774299,1183
p21,895.619161774299,1183,2024,1.02606562597152,1.02606562597152,918.964035858032,1213.83563552431
p21,895.619161774299,1183,2025,1.05281066880032,1.05281066880032,942.917408697985,1245.47502119078
p21,895.619161774299,1183,2026,1.0802528379121,1.0802528379121,967.49514119514,1277.93910725001
p21,895.619161774299,1183,2027,1.10841030433979,1.10841030433979,992.713507674794,1311.24939003397
p21,895.619161774299,1183,2028,1.13730171275568,1.13730171275568,1018.58920666272,1345.42792618997
p21,895.619161774299,1183,2029,1.16694619381714,1.16694619381714,1045.13937194222,1380.49734728568
p21,895.619161774299,1183,2030,1.19736337683406,1.19736337683406,1072.38158389937,1416.4808747947
p21,895.619161774299,1183,2031,1.20989096301467,1.20989096301467,1083.6015301335,1431.30100924636
p21,895.619161774299,1183,2032,1.2225496208637,1.2225496208637,1094.93886666544,1446.27620148176
p21,895.619161774299,1183,2033,1.2353407217373,1.2353407217373,1106.39482170802,1461.40807381523
p21,895.619161774299,1183,2034,1.24826565133963,1.24826565133963,1117.97063632444,1476.69826553478
p21,895.619161774299,1183,2035,1.26132580987295,1.26132580987295,1129.6675645627,1492.1484330797
p21,895.619161774299,1183,2036,1.27452261218938,1.27452261218938,1141.48687359144,1507.76025022003
p21,895.619161774299,1183,2037,1.2878574879441,1.2878574879441,1153.42984383725,1523.53540823787
p21,895.619161774299,1183,2038,1.30133188175028,1.30133188175028,1165.49776912335,1539.47561611058
p21,895.619161774299,1183,2039,1.31494725333556,1.31494725333556,1177.69195680981,1555.58260069596
p21,895.619161774299,1183,2040,1.32870507770018,1.32870507770018,1190.01372793509,1571.85810691931
p21,895.619161774299,1183,2041,1.32870507770018,1.32870507770018,1190.01372793509,1571.85810691931
p21,895.619161774299,1183,2042,1.32870507770018,1.32870507770018,1190.01372793509,1571.85810691931
p21,895.619161774299,1183,2043,1.32870507770018,1.32870507770018,1190.01372793509,1571.85810691931
p21,895.619161774299,1183,2044,1.32870507770018,1.32870507770018,1190.01372793509,1571.85810691931
p21,895.619161774299,1183,2045,1.32870507770018,1.32870507770018,1190.01372793509,1571.85810691931
p21,895.619161774299,1183,2046,1.32870507770018,1.32870507770018,1190.01372793509,1571.85810691931
p21,895.619161774299,1183,2047,1.32870507770018,1.32870507770018,1190.01372793509,1571.85810691931
p21,895.619161774299,1183,2048,1.32870507770018,1.32870507770018,1190.01372793509,1571.85810691931
p21,895.619161774299,1183,2049,1.32870507770018,1.32870507770018,1190.01372793509,1571.85810691931
p21,895.619161774299,1183,2050,1.32870507770018,1.32870507770018,1190.01372793509,1571.85810691931
p22,158.439285714286,210,2023,1,1,158.439285714286,210
p22,158.439285714286,210,2024,1.02606562597152,1.02606562597152,162.569104874909,215.473781454019
p22,158.439285714286,210,2025,1.05281066880032,1.05281066880032,166.806570357103,221.090240448068
p22,158.439285714286,210,2026,1.0802528379121,1.0802528379121,171.154488029623,226.85309596154
p22,158.439285714286,210,2027,1.10841030433979,1.10841030433979,175.61573689795,232.766163911355
p22,158.439285714286,210,2028,1.13730171275568,1.13730171275568,180.193271010644,238.833359678693
p22,158.439285714286,210,2029,1.16694619381714,1.16694619381714,184.890121415392,245.058700701599
p22,158.439285714286,210,2030,1.19736337683406,1.19736337683406,189.709398166034,251.446309135154
p22,158.439285714286,210,2031,1.20989096301467,1.20989096301467,191.694259972214,254.077102233081
p22,158.439285714286,210,2032,1.2225496208637,1.2225496208637,193.699888679916,256.735420381378
p22,158.439285714286,210,2033,1.2353407217373,1.2353407217373,195.726501565829,259.421551564834
p22,158.439285714286,210,2034,1.24826565133963,1.24826565133963,197.774318179928,262.135786781321
p22,158.439285714286,210,2035,1.26132580987295,1.26132580987295,199.843560369263,264.878420073319
p22,158.439285714286,210,2036,1.27452261218938,1.27452261218938,201.93445230199,267.649748559769
p22,158.439285714286,210,2037,1.2878574879441,1.2878574879441,204.047220491657,270.45007246826
p22,158.439285714286,210,2038,1.30133188175028,1.30133188175028,206.182093821741,273.279695167558
p22,158.439285714286,210,2039,1.31494725333556,1.31494725333556,208.339303570447,276.138923200467
p22,158.439285714286,210,2040,1.32870507770018,1.32870507770018,210.519083435761,279.028066317037
p22,158.439285714286,210,2041,1.32870507770018,1.32870507770018,210.519083435761,279.028066317037
p22,158.439285714286,210,2042,1.32870507770018,1.32870507770018,210.519083435761,279.028066317037
p22,158.439285714286,210,2043,1.32870507770018,1.32870507770018,210.519083435761,279.028066317037
p22,158.439285714286,210,2044,1.32870507770018,1.32870507770018,210.519083435761,279.028066317037
p22,158.439285714286,210,2045,1.32870507770018,1.32870507770018,210.519083435761,279.028066317037
p22,158.439285714286,210,2046,1.32870507770018,1.32870507770018,210.519083435761,279.028066317037
p22,158.439285714286,210,2047,1.32870507770018,1.32870507770018,210.519083435761,279.028066317037
p22,158.439285714286,210,2048,1.32870507770018,1.32870507770018,210.519083435761,279.028066317037
p22,158.439285714286,210,2049,1.32870507770018,1.32870507770018,210.519083435761,279.028066317037
p22,158.439285714286,210,2050,1.32870507770018,1.32870507770018,210.519083435761,279.028066317037
p23,118.717041748206,157,2023,1,1,118.717041748206,157
p23,118.717041748206,157,2024,1.02606562597152,1.02606562597152,121.81147575486,161.092303277528
p23,118.717041748206,157,2025,1.05281066880032,1.05281066880032,124.986568120925,165.291275001651
p23,118.717041748206,157,2026,1.0802528379121,1.0802528379121,128.244421257029,169.599695552199
p23,118.717041748206,157,2027,1.10841030433979,1.10841030433979,131.587192374448,174.020417781346
p23,118.717041748206,157,2028,1.13730171275568,1.13730171275568,135.017094913523,178.556368902642
p23,118.717041748206,157,2029,1.16694619381714,1.16694619381714,138.5364000093,183.210552429291
p23,118.717041748206,157,2030,1.19736337683406,1.19736337683406,142.147437995383,187.986050162948
p23,118.717041748206,157,2031,1.20989096301467,1.20989096301467,143.63467596699,189.952881193304
p23,118.717041748206,157,2032,1.2225496208637,1.2225496208637,145.13747437933,191.940290475602
p23,118.717041748206,157,2033,1.2353407217373,1.2353407217373,146.655996035747,193.948493312757
p23,118.717041748206,157,2034,1.24826565133963,1.24826565133963,148.190405442938,195.977707260321
p23,118.717041748206,157,2035,1.26132580987295,1.26132580987295,149.740868828777,198.028152150053
p23,118.717041748206,157,2036,1.27452261218938,1.27452261218938,151.307554160319,200.100050113732
p23,118.717041748206,157,2037,1.2878574879441,1.2878574879441,152.890631161999,202.193625607223
p23,118.717041748206,157,2038,1.30133188175028,1.30133188175028,154.490271334019,204.309105434794
p23,118.717041748206,157,2039,1.31494725333556,1.31494725333556,156.106647970926,206.446718773682
p23,118.717041748206,157,2040,1.32870507770018,1.32870507770018,157.739936180385,208.606697198928
p23,118.717041748206,157,2041,1.32870507770018,1.32870507770018,157.739936180385,208.606697198928
p23,118.717041748206,157,2042,1.32870507770018,1.32870507770018,157.739936180385,208.606697198928
p23,118.717041748206,157,2043,1.32870507770018,1.32870507770018,157.739936180385,208.606697198928
p23,118.717041748206,157,2044,1.32870507770018,1.32870507770018,157.739936180385,208.606697198928
p23,118.717041748206,157,2045,1.32870507770018,1.32870507770018,157.739936180385,208.606697198928
p23,118.717041748206,157,2046,1.32870507770018,1.32870507770018,157.739936180385,208.606697198928
p23,118.717041748206,157,2047,1.32870507770018,1.32870507770018,157.739936180385,208.606697198928
p23,118.717041748206,157,2048,1.32870507770018,1.32870507770018,157.739936180385,208.606697198928
p23,118.717041748206,157,2049,1.32870507770018,1.32870507770018,157.739936180385,208.606697198928
p23,118.717041748206,157,2050,1.32870507770018,1.32870507770018,157.739936180385,208.606697198928
p24,735.659458577952,971,2023,1,1,735.659458577952,971
p24,735.659458577952,971,2024,1.02606562597152,1.02606562597152,754.834882867654,996.309722818344
p24,735.659458577952,971,2025,1.05281066880032,1.05281066880032,774.510126594737,1022.27915940511
p24,735.659458577952,971,2026,1.0802528379121,1.0802528379121,794.698217865709,1048.92550561265
p24,735.659458577952,971,2027,1.10841030433979,1.10841030433979,815.412524372829,1076.26640551393
p24,735.659458577952,971,2028,1.13730171275568,1.13730171275568,836.666762245623,1104.31996308577
p24,735.659458577952,971,2029,1.16694619381714,1.16694619381714,858.475005133119,1133.10475419644
p24,735.659458577952,971,2030,1.19736337683406,1.19736337683406,880.851693522816,1162.63983890588
p24,735.659458577952,971,2031,1.20989096301467,1.20989096301467,890.06773078973,1174.80412508725
p24,735.659458577952,971,2032,1.2225496208637,1.2225496208637,899.380192169273,1187.09568185866
p24,735.659458577952,971,2033,1.2353407217373,1.2353407217373,908.790086512562,1199.51584080692
p24,735.659458577952,971,2034,1.24826565133963,1.24826565133963,918.298433225963,1212.06594745078
p24,735.659458577952,971,2035,1.26132580987295,1.26132580987295,927.906262381531,1224.74736138663
p24,735.659458577952,971,2036,1.27452261218938,1.27452261218938,937.614614828593,1237.56145643588
p24,735.659458577952,971,2037,1.2878574879441,1.2878574879441,947.424542306515,1250.50962079372
p24,735.659458577952,971,2038,1.30133188175028,1.30133188175028,957.337107558636,1263.59325717952
p24,735.659458577952,971,2039,1.31494725333556,1.31494725333556,967.353384447399,1276.81378298882
p24,735.659458577952,971,2040,1.32870507770018,1.32870507770018,977.474458070688,1290.17263044687
p24,735.659458577952,971,2041,1.32870507770018,1.32870507770018,977.474458070688,1290.17263044687
p24,735.659458577952,971,2042,1.32870507770018,1.32870507770018,977.474458070688,1290.17263044687
p24,735.659458577952,971,2043,1.32870507770018,1.32870507770018,977.474458070688,1290.17263044687
p24,735.659458577952,971,2044,1.32870507770018,1.32870507770018,977.474458070688,1290.17263044687
p24,735.659458577952,971,2045,1.32870507770018,1.32870507770018,977.474458070688,1290.17263044687
p24,735.659458577952,971,2046,1.32870507770018,1.32870507770018,977.474458070688,1290.17263044687
p24,735.659458577952,971,2047,1.32870507770018,1.32870507770018,977.474458070688,1290.17263044687
p24,735.659458577952,971,2048,1.32870507770018,1.32870507770018,977.474458070688,1290.17263044687
p24,735.659458577952,971,2049,1.32870507770018,1.32870507770018,977.474458070688,1290.17263044687
p24,735.659458577952,971,2050,1.32870507770018,1.32870507770018,977.474458070688,1290.17263044687
p25,3762.20905088063,5844,2023,1,1,3762.20905088063,5844
p25,3762.20905088063,5844,2024,1.02606562597152,1.02606562597152,3860.27338482754,5996.32751817755
p25,3762.20905088063,5844,2025,1.05281066880032,1.05281066880032,3960.89382702426,6152.62554846909
p25,3762.20905088063,5844,2026,1.0802528379121,1.0802528379121,4064.13700403237,6312.9975847583
p25,3762.20905088063,5844,2027,1.10841030433979,1.10841030433979,4170.07127907649,6477.54981856171
p25,3762.20905088063,5844,2028,1.13730171275568,1.13730171275568,4278.76679731147,6646.39120934421
p25,3762.20905088063,5844,2029,1.16694619381714,1.16694619381714,4390.29553226954,6819.63355666737
p25,3762.20905088063,5844,2030,1.19736337683406,1.19736337683406,4504.73133351811,6997.39157421827
p25,3762.20905088063,5844,2031,1.20989096301467,1.20989096301467,4551.86273163248,7070.60278785774
p25,3762.20905088063,5844,2032,1.2225496208637,1.2225496208637,4599.48724876411,7144.57998432749
p25,3762.20905088063,5844,2033,1.2353407217373,1.2353407217373,4647.61004424149,7219.33117783281
p25,3762.20905088063,5844,2034,1.24826565133963,1.24826565133963,4696.23633137334,7294.86446642877
p25,3762.20905088063,5844,2035,1.26132580987295,1.26132580987295,4745.37137801335,7371.18803289752
p25,3762.20905088063,5844,2036,1.27452261218938,1.27452261218938,4795.02050713089,7448.31014563472
p25,3762.20905088063,5844,2037,1.2878574879441,1.2878574879441,4845.18909738767,7526.2391595453
p25,3762.20905088063,5844,2038,1.30133188175028,1.30133188175028,4895.88258372041,7604.98351694862
p25,3762.20905088063,5844,2039,1.31494725333556,1.31494725333556,4947.10645792965,7684.55174849299
p25,3762.20905088063,5844,2040,1.32870507770018,1.32870507770018,4998.86626927465,7764.95247407984
p25,3762.20905088063,5844,2041,1.32870507770018,1.32870507770018,4998.86626927465,7764.95247407984
p25,3762.20905088063,5844,2042,1.32870507770018,1.32870507770018,4998.86626927465,7764.95247407984
p25,3762.20905088063,5844,2043,1.32870507770018,1.32870507770018,4998.86626927465,7764.95247407984
p25,3762.20905088063,5844,2044,1.32870507770018,1.32870507770018,4998.86626927465,7764.95247407984
p25,3762.20905088063,5844,2045,1.32870507770018,1.32870507770018,4998.86626927465,7764.95247407984
p25,3762.20905088063,5844,2046,1.32870507770018,1.32870507770018,4998.86626927465,7764.95247407984
p25,3762.20905088063,5844,2047,1.32870507770018,1.32870507770018,4998.86626927465,7764.95247407984
p25,3762.20905088063,5844,2048,1.32870507770018,1.32870507770018,4998.86626927465,7764.95247407984
p25,3762.20905088063,5844,2049,1.32870507770018,1.32870507770018,4998.86626927465,7764.95247407984
p25,3762.20905088063,5844,2050,1.32870507770018,1.32870507770018,4998.86626927465,7764.95247407984
p26,166.420123939987,258,2023,1,1,166.420123939987,258
p26,166.420123939987,258,2024,1.02606562597152,1.02606562597152,170.75796864474,264.724931500652
p26,166.420123939987,258,2025,1.05281066880032,1.05281066880032,175.20888198709,271.625152550484
p26,166.420123939987,258,2026,1.0802528379121,1.0802528379121,179.775811171854,278.705232181321
p26,166.420123939987,258,2027,1.10841030433979,1.10841030433979,184.461780224586,285.969858519665
p26,166.420123939987,258,2028,1.13730171275568,1.13730171275568,189.26989199396,293.423841890966
p26,166.420123939987,258,2029,1.16694619381714,1.16694619381714,194.203330206344,301.072118004822
p26,166.420123939987,258,2030,1.19736337683406,1.19736337683406,199.265361573926,308.919751223189
p26,166.420123939987,258,2031,1.20989096301467,1.20989096301467,201.350204018772,312.151868457785
p26,166.420123939987,258,2032,1.2225496208637,1.2225496208637,203.456859426922,315.417802182836
p26,166.420123939987,258,2033,1.2353407217373,1.2353407217373,205.585556019635,318.717906208225
p26,166.420123939987,258,2034,1.24826565133963,1.24826565133963,207.736524405969,322.052538045624
p26,166.420123939987,258,2035,1.26132580987295,1.26132580987295,209.909997607761,325.422058947221
p26,166.420123939987,258,2036,1.27452261218938,1.27452261218938,212.106211084872,328.826833944859
p26,166.420123939987,258,2037,1.2878574879441,1.2878574879441,214.325402760697,332.267231889577
p26,166.420123939987,258,2038,1.30133188175028,1.30133188175028,216.567813047938,335.743625491572
p26,166.420123939987,258,2039,1.31494725333556,1.31494725333556,218.833684874649,339.256391360573
p26,166.420123939987,258,2040,1.32870507770018,1.32870507770018,221.123263710554,342.805910046646
p26,166.420123939987,258,2041,1.32870507770018,1.32870507770018,221.123263710554,342.805910046646
p26,166.420123939987,258,2042,1.32870507770018,1.32870507770018,221.123263710554,342.805910046646
p26,166.420123939987,258,2043,1.32870507770018,1.32870507770018,221.123263710554,342.805910046646
p26,166.420123939987,258,2044,1.32870507770018,1.32870507770018,221.123263710554,342.805910046646
p26,166.420123939987,258,2045,1.32870507770018,1.32870507770018,221.123263710554,342.805910046646
p26,166.420123939987,258,2046,1.32870507770018,1.32870507770018,221.123263710554,342.805910046646
p26,166.420123939987,258,2047,1.32870507770018,1.32870507770018,221.123263710554,342.805910046646
p26,166.420123939987,258,2048,1.32870507770018,1.32870507770018,221.123263710554,342.805910046646
p26,166.420123939987,258,2049,1.32870507770018,1.32870507770018,221.123263710554,342.805910046646
p26,166.420123939987,258,2050,1.32870507770018,1.32870507770018,221.123263710554,342.805910046646
p27,1189.90275603392,2360,2023,1,1,1189.90275603392,2360
p27,1189.90275603392,2360,2024,1.02606562597152,1.02606562597152,1220.91831621518,2421.51487729278
p27,1189.90275603392,2360,2025,1.05281066880032,1.05281066880032,1252.74231638742,2484.63317836876
p27,1189.90275603392,2360,2026,1.0802528379121,1.0802528379121,1285.39582904507,2549.39669747255
p27,1189.90275603392,2360,2027,1.10841030433979,1.10841030433979,1318.90047595031,2615.84831824189
p27,1189.90275603392,2360,2028,1.13730171275568,1.13730171275568,1353.27844245009,2684.03204210341
p27,1189.90275603392,2360,2029,1.16694619381714,1.16694619381714,1388.55249216631,2753.99301740845
p27,1189.90275603392,2360,2030,1.19736337683406,1.19736337683406,1424.74598206894,2825.77756932839
p27,1189.90275603392,2360,2031,1.20989096301467,1.20989096301467,1439.65259139169,2855.34267271463
p27,1189.90275603392,2360,2032,1.2225496208637,1.2225496208637,1454.71516325395,2885.21710523834
p27,1189.90275603392,2360,2033,1.2353407217373,1.2353407217373,1469.93532943615,2915.40410330004
p27,1189.90275603392,2360,2034,1.24826565133963,1.24826565133963,1485.3147387915,2945.90693716152
p27,1189.90275603392,2360,2035,1.26132580987295,1.26132580987295,1500.85505742454,2976.72891130016
p27,1189.90275603392,2360,2036,1.27452261218938,1.27452261218938,1516.55796887169,3007.87336476693
p27,1189.90275603392,2360,2037,1.2878574879441,1.2878574879441,1532.4251742836,3039.34367154807
p27,1189.90275603392,2360,2038,1.30133188175028,1.30133188175028,1548.45839260946,3071.14324093066
p27,1189.90275603392,2360,2039,1.31494725333556,1.31494725333556,1564.65936078321,3103.27551787191
p27,1189.90275603392,2360,2040,1.32870507770018,1.32870507770018,1581.02983391171,3135.74398337242
p27,1189.90275603392,2360,2041,1.32870507770018,1.32870507770018,1581.02983391171,3135.74398337242
p27,1189.90275603392,2360,2042,1.32870507770018,1.32870507770018,1581.02983391171,3135.74398337242
p27,1189.90275603392,2360,2043,1.32870507770018,1.32870507770018,1581.02983391171,3135.74398337242
p27,1189.90275603392,2360,2044,1.32870507770018,1.32870507770018,1581.02983391171,3135.74398337242
p27,1189.90275603392,2360,2045,1.32870507770018,1.32870507770018,1581.02983391171,3135.74398337242
p27,1189.90275603392,2360,2046,1.32870507770018,1.32870507770018,1581.02983391171,3135.74398337242
p27,1189.90275603392,2360,2047,1.32870507770018,1.32870507770018,1581.02983391171,3135.74398337242
p27,1189.90275603392,2360,2048,1.32870507770018,1.32870507770018,1581.02983391171,3135.74398337242
p27,1189.90275603392,2360,2049,1.32870507770018,1.32870507770018,1581.02983391171,3135.74398337242
p27,1189.90275603392,2360,2050,1.32870507770018,1.32870507770018,1581.02983391171,3135.74398337242
p28,7351.73835616438,14591,2023,1,1,7351.73835616438,14591
p28,7351.73835616438,14591,2024,1.02606562597152,1.02606562597152,7543.36601839663,14971.3235485504
p28,7351.73835616438,14591,2025,1.05281066880032,1.05281066880032,7739.98857559842,15361.5604684655
p28,7351.73835616438,14591,2026,1.0802528379121,1.0802528379121,7941.73622283379,15761.9691579754
p28,7351.73835616438,14591,2027,1.10841030433979,1.10841030433979,8148.74254878264,16172.8147506218
p28,7351.73835616438,14591,2028,1.13730171275568,1.13730171275568,8361.1446241974,16594.3692908182
p28,7351.73835616438,14591,2029,1.16694619381714,1.16694619381714,8579.08309266551,17026.9119139859
p28,7351.73835616438,14591,2030,1.19736337683406,1.19736337683406,8802.7022637375,17470.7290313858
p28,7351.73835616438,14591,2031,1.20989096301467,1.20989096301467,8894.80179957163,17653.5190413471
p28,7351.73835616438,14591,2032,1.2225496208637,1.2225496208637,8987.86494001792,17838.2215180223
p28,7351.73835616438,14591,2033,1.2353407217373,1.2353407217373,9081.90176692794,18024.856470869
p28,7351.73835616438,14591,2034,1.24826565133963,1.24826565133963,9176.92246763605,18213.4441186965
p28,7351.73835616438,14591,2035,1.26132580987295,1.26132580987295,9272.93733606307,18404.0048918562
p28,7351.73835616438,14591,2036,1.27452261218938,1.27452261218938,9369.95677383146,18596.5594344552
p28,7351.73835616438,14591,2037,1.2878574879441,1.2878574879441,9467.99129139213,18791.1286065923
p28,7351.73835616438,14591,2038,1.30133188175028,1.30133188175028,9567.05150916309,18987.7334866183
p28,7351.73835616438,14591,2039,1.31494725333556,1.31494725333556,9667.14815868001,19186.3953734191
p28,7351.73835616438,14591,2040,1.32870507770018,1.32870507770018,9768.29208375878,19387.1357887233
p28,7351.73835616438,14591,2041,1.32870507770018,1.32870507770018,9768.29208375878,19387.1357887233
p28,7351.73835616438,14591,2042,1.32870507770018,1.32870507770018,9768.29208375878,19387.1357887233
p28,7351.73835616438,14591,2043,1.32870507770018,1.32870507770018,9768.29208375878,19387.1357887233
p28,7351.73835616438,14591,2044,1.32870507770018,1.32870507770018,9768.29208375878,19387.1357887233
p28,7351.73835616438,14591,2045,1.32870507770018,1.32870507770018,9768.29208375878,19387.1357887233
p28,7351.73835616438,14591,2046,1.32870507770018,1.32870507770018,9768.29208375878,19387.1357887233
p28,7351.73835616438,14591,2047,1.32870507770018,1.32870507770018,9768.29208375878,19387.1357887233
p28,7351.73835616438,14591,2048,1.32870507770018,1.32870507770018,9768.29208375878,19387.1357887233
p28,7351.73835616438,14591,2049,1.32870507770018,1.32870507770018,9768.29208375878,19387.1357887233
p28,7351.73835616438,14591,2050,1.32870507770018,1.32870507770018,9768.29208375878,19387.1357887233
p29,124.793427919113,248,2023,1,1,124.793427919113,248
p29,124.793427919113,248,2024,1.02606562597152,1.02606562597152,128.046246734956,254.464275240937
p29,124.793427919113,248,2025,1.05281066880032,1.05281066880032,131.383852309406,261.09704586248
p29,124.793427919113,248,2026,1.0802528379121,1.0802528379121,134.8084546624,267.9027038022
p29,124.793427919113,248,2027,1.10841030433979,1.10841030433979,138.322321419429,274.885755476267
p29,124.793427919113,248,2028,1.13730171275568,1.13730171275568,141.92777931306,282.050824763409
p29,124.793427919113,248,2029,1.16694619381714,1.16694619381714,145.627215723602,289.402656066651
p29,124.793427919113,248,2030,1.19736337683406,1.19736337683406,149.423080259927,296.946117454848
p29,124.793427919113,248,2031,1.20989096301467,1.20989096301467,150.986440682958,300.052958827639
p29,124.793427919113,248,2032,1.2225496208637,1.2225496208637,152.566157988793,303.192305974199
p29,124.793427919113,248,2033,1.2353407217373,1.2353407217373,154.162403313669,306.364498990852
p29,124.793427919113,248,2034,1.24826565133963,1.24826565133963,155.775349584356,309.569881532227
p29,124.793427919113,248,2035,1.26132580987295,1.26132580987295,157.405171536897,312.808800848492
p29,124.793427919113,248,2036,1.27452261218938,1.27452261218938,159.052045735534,316.081607822965
p29,124.793427919113,248,2037,1.2878574879441,1.2878574879441,160.716150591841,319.388657010136
p29,124.793427919113,248,2038,1.30133188175028,1.30133188175028,162.397666384047,322.730306674069
p29,124.793427919113,248,2039,1.31494725333556,1.31494725333556,164.096775276566,326.106918827218
p29,124.793427919113,248,2040,1.32870507770018,1.32870507770018,165.813661339736,329.518859269644
p29,124.793427919113,248,2041,1.32870507770018,1.32870507770018,165.813661339736,329.518859269644
p29,124.793427919113,248,2042,1.32870507770018,1.32870507770018,165.813661339736,329.518859269644
p29,124.793427919113,248,2043,1.32870507770018,1.32870507770018,165.813661339736,329.518859269644
p29,124.793427919113,248,2044,1.32870507770018,1.32870507770018,165.813661339736,329.518859269644
p29,124.793427919113,248,2045,1.32870507770018,1.32870507770018,165.813661339736,329.518859269644
p29,124.793427919113,248,2046,1.32870507770018,1.32870507770018,165.813661339736,329.518859269644
p29,124.793427919113,248,2047,1.32870507770018,1.32870507770018,165.813661339736,329.518859269644
p29,124.793427919113,248,2048,1.32870507770018,1.32870507770018,165.813661339736,329.518859269644
p29,124.793427919113,248,2049,1.32870507770018,1.32870507770018,165.813661339736,329.518859269644
p29,124.793427919113,248,2050,1.32870507770018,1.32870507770018,165.813661339736,329.518859269644
p3,1403.4007012394,2410,2023,1,1,1403.4007012394,2410
p3,1403.4007012394,2410,2024,1.02606562597152,1.02606562597152,1439.98121900607,2472.81815859136
p3,1403.4007012394,2410,2025,1.05281066880032,1.05281066880032,1477.5152308667,2537.27371180878
p3,1403.4007012394,2410,2026,1.0802528379121,1.0802528379121,1516.02759024169,2603.40933936815
p3,1403.4007012394,2410,2027,1.10841030433979,1.10841030433979,1555.54379837143,2671.26883345888
p3,1403.4007012394,2410,2028,1.13730171275568,1.13730171275568,1596.0900212021,2740.8971277412
p3,1403.4007012394,2410,2029,1.16694619381714,1.16694619381714,1637.69310671162,2812.34032709931
p3,1403.4007012394,2410,2030,1.19736337683406,1.19736337683406,1680.3806026873,2885.6457381701
p3,1403.4007012394,2410,2031,1.20989096301467,1.20989096301467,1697.961825918,2915.83722086536
p3,1403.4007012394,2410,2032,1.2225496208637,1.2225496208637,1715.72699522009,2946.34458628153
p3,1403.4007012394,2410,2033,1.2353407217373,1.2353407217373,1733.67803515572,2977.1711393869
p3,1403.4007012394,2410,2034,1.24826565133963,1.24826565133963,1751.81689042309,3008.3202197285
p3,1403.4007012394,2410,2035,1.26132580987295,1.26132580987295,1770.14552606705,3039.79520179381
p3,1403.4007012394,2410,2036,1.27452261218938,1.27452261218938,1788.66592769204,3071.5994953764
p3,1403.4007012394,2410,2037,1.2878574879441,1.2878574879441,1807.38010167716,3103.73654594527
p3,1403.4007012394,2410,2038,1.30133188175028,1.30133188175028,1826.29007539353,3136.20983501817
p3,1403.4007012394,2410,2039,1.31494725333556,1.31494725333556,1845.39789742394,3169.02288053869
p3,1403.4007012394,2410,2040,1.32870507770018,1.32870507770018,1864.70563778478,3202.17923725743
p3,1403.4007012394,2410,2041,1.32870507770018,1.32870507770018,1864.70563778478,3202.17923725743
p3,1403.4007012394,2410,2042,1.32870507770018,1.32870507770018,1864.70563778478,3202.17923725743
p3,1403.4007012394,2410,2043,1.32870507770018,1.32870507770018,1864.70563778478,3202.17923725743
p3,1403.4007012394,2410,2044,1.32870507770018,1.32870507770018,1864.70563778478,3202.17923725743
p3,1403.4007012394,2410,2045,1.32870507770018,1.32870507770018,1864.70563778478,3202.17923725743
p3,1403.4007012394,2410,2046,1.32870507770018,1.32870507770018,1864.70563778478,3202.17923725743
p3,1403.4007012394,2410,2047,1.32870507770018,1.32870507770018,1864.70563778478,3202.17923725743
p3,1403.4007012394,2410,2048,1.32870507770018,1.32870507770018,1864.70563778478,3202.17923725743
p3,1403.4007012394,2410,2049,1.32870507770018,1.32870507770018,1864.70563778478,3202.17923725743
p3,1403.4007012394,2410,2050,1.32870507770018,1.32870507770018,1864.70563778478,3202.17923725743
p30,1462.41687866928,2901,2023,1,1,1462.41687866928,2901
p30,1462.41687866928,2901,2024,1.02606562597152,1.02606562597152,1500.5356900431,2976.61638094337
p30,1462.41687866928,2901,2025,1.05281066880032,1.05281066880032,1539.64809209668,3054.20375018974
p30,1462.41687866928,2901,2026,1.0802528379121,1.0802528379121,1579.77998339304,3133.81348278299
p30,1462.41687866928,2901,2027,1.10841030433979,1.10841030433979,1620.95793755745,3215.49829288972
p30,1462.41687866928,2901,2028,1.13730171275568,1.13730171275568,1663.20922087339,3299.31226870424
p30,1462.41687866928,2901,2029,1.16694619381714,1.16694619381714,1706.56181033705,3385.31090826352
p30,1462.41687866928,2901,2030,1.19736337683406,1.19736337683406,1751.04441218258,3473.55115619562
p30,1462.41687866928,2901,2031,1.20989096301467,1.20989096301467,1769.36496566208,3509.89368370556
p30,1462.41687866928,2901,2032,1.2225496208637,1.2225496208637,1787.87720056181,3546.61645012561
p30,1462.41687866928,2901,2033,1.2353407217373,1.2353407217373,1806.58312237612,3583.72343375992
p30,1462.41687866928,2901,2034,1.24826565133963,1.24826565133963,1825.48475758217,3621.21865453626
p30,1462.41687866928,2901,2035,1.26132580987295,1.26132580987295,1844.5841538594,3659.10617444143
p30,1462.41687866928,2901,2036,1.27452261218938,1.27452261218938,1863.8833803114,3697.39009796138
p30,1462.41687866928,2901,2037,1.2878574879441,1.2878574879441,1883.38452769006,3736.07457252583
p30,1462.41687866928,2901,2038,1.30133188175028,1.30133188175028,1903.08970862206,3775.16378895756
p30,1462.41687866928,2901,2039,1.31494725333556,1.31494725333556,1923.00105783772,3814.66198192645
p30,1462.41687866928,2901,2040,1.32870507770018,1.32870507770018,1943.12073240231,3854.57343040822
p30,1462.41687866928,2901,2041,1.32870507770018,1.32870507770018,1943.12073240231,3854.57343040822
p30,1462.41687866928,2901,2042,1.32870507770018,1.32870507770018,1943.12073240231,3854.57343040822
p30,1462.41687866928,2901,2043,1.32870507770018,1.32870507770018,1943.12073240231,3854.57343040822
p30,1462.41687866928,2901,2044,1.32870507770018,1.32870507770018,1943.12073240231,3854.57343040822
p30,1462.41687866928,2901,2045,1.32870507770018,1.32870507770018,1943.12073240231,3854.57343040822
p30,1462.41687866928,2901,2046,1.32870507770018,1.32870507770018,1943.12073240231,3854.57343040822
p30,1462.41687866928,2901,2047,1.32870507770018,1.32870507770018,1943.12073240231,3854.57343040822
p30,1462.41687866928,2901,2048,1.32870507770018,1.32870507770018,1943.12073240231,3854.57343040822
p30,1462.41687866928,2901,2049,1.32870507770018,1.32870507770018,1943.12073240231,3854.57343040822
p30,1462.41687866928,2901,2050,1.32870507770018,1.32870507770018,1943.12073240231,3854.57343040822
p31,2293.2088878017,3777,2023,1,1,2293.2088878017,3777
p31,2293.2088878017,3777,2024,1.02606562597152,1.02606562597152,2352.9828129457,3875.44986929442
p31,2293.2088878017,3777,2025,1.05281066880032,1.05281066880032,2414.31478286535,3976.46589605882
p31,2293.2088878017,3777,2026,1.0802528379121,1.0802528379121,2477.24540897303,4080.11496879399
p31,2293.2088878017,3777,2027,1.10841030433979,1.10841030433979,2541.81636124298,4186.46571949137
p31,2293.2088878017,3777,2028,1.13730171275568,1.13730171275568,2608.07039580342,4295.58856907822
p31,2293.2088878017,3777,2029,1.16694619381714,1.16694619381714,2676.05138324783,4407.55577404734
p31,2293.2088878017,3777,2030,1.19736337683406,1.19736337683406,2745.80433768413,4522.44147430226
p31,2293.2088878017,3777,2031,1.20989096301467,1.20989096301467,2774.5327096562,4569.75816730642
p31,2293.2088878017,3777,2032,1.2225496208637,1.2225496208637,2803.56165634324,4617.56991800221
p31,2293.2088878017,3777,2033,1.2353407217373,1.2353407217373,2832.89432255135,4665.8819060018
p31,2293.2088878017,3777,2034,1.24826565133963,1.24826565133963,2862.5338859896,4714.69936510977
p31,2293.2088878017,3777,2035,1.26132580987295,1.26132580987295,2892.48355761432,4764.02758389013
p31,2293.2088878017,3777,2036,1.27452261218938,1.27452261218938,2922.74658197691,4813.87190623927
p31,2293.2088878017,3777,2037,1.2878574879441,1.2878574879441,2953.32623757537,4864.23773196485
p31,2293.2088878017,3777,2038,1.30133188175028,1.30133188175028,2984.22583720944,4915.1305173708
p31,2293.2088878017,3777,2039,1.31494725333556,1.31494725333556,3015.44872833952,4966.55577584839
p31,2293.2088878017,3777,2040,1.32870507770018,1.32870507770018,3046.99829344929,5018.51907847357
p31,2293.2088878017,3777,2041,1.32870507770018,1.32870507770018,3046.99829344929,5018.51907847357
p31,2293.2088878017,3777,2042,1.32870507770018,1.32870507770018,3046.99829344929,5018.51907847357
p31,2293.2088878017,3777,2043,1.32870507770018,1.32870507770018,3046.99829344929,5018.51907847357
p31,2293.2088878017,3777,2044,1.32870507770018,1.32870507770018,3046.99829344929,5018.51907847357
p31,2293.2088878017,3777,2045,1.32870507770018,1.32870507770018,3046.99829344929,5018.51907847357
p31,2293.2088878017,3777,2046,1.32870507770018,1.32870507770018,3046.99829344929,5018.51907847357
p31,2293.2088878017,3777,2047,1.32870507770018,1.32870507770018,3046.99829344929,5018.51907847357
p31,2293.2088878017,3777,2048,1.32870507770018,1.32870507770018,3046.99829344929,5018.51907847357
p31,2293.2088878017,3777,2049,1.32870507770018,1.32870507770018,3046.99829344929,5018.51907847357
p31,2293.2088878017,3777,2050,1.32870507770018,1.32870507770018,3046.99829344929,5018.51907847357
p32,201.478408349641,327,2023,1,1,201.478408349641,327
p32,201.478408349641,327,2024,1.02606562597152,1.02606562597152,206.73006918302,335.523459692687
p32,201.478408349641,327,2025,1.05281066880032,1.05281066880032,212.118617843411,344.269088697706
p32,201.478408349641,327,2026,1.0802528379121,1.0802528379121,217.647622397712,353.242677997256
p32,201.478408349641,327,2027,1.10841030433979,1.10841030433979,223.320743916721,362.45016951911
p32,201.478408349641,327,2028,1.13730171275568,1.13730171275568,229.141738899336,371.897660071108
p32,201.478408349641,327,2029,1.16694619381714,1.16694619381714,235.114461759949,381.591405378205
p32,201.478408349641,327,2030,1.19736337683406,1.19736337683406,241.242867380679,391.537824224739
p32,201.478408349641,327,2031,1.20989096301467,1.20989096301467,243.766905504811,395.634344905798
p32,201.478408349641,327,2032,1.2225496208637,1.2225496208637,246.317351740077,399.773726022431
p32,201.478408349641,327,2033,1.2353407217373,1.2353407217373,248.894482385129,403.956416008099
p32,201.478408349641,327,2034,1.24826565133963,1.24826565133963,251.498576629436,408.182867988058
p32,201.478408349641,327,2035,1.26132580987295,1.26132580987295,254.129916583524,412.453539828455
p32,201.478408349641,327,2036,1.27452261218938,1.27452261218938,256.788787309543,416.768894185926
p32,201.478408349641,327,2037,1.2878574879441,1.2878574879441,259.475476852144,421.12939855772
p32,201.478408349641,327,2038,1.30133188175028,1.30133188175028,262.19027626969,425.535525332341
p32,201.478408349641,327,2039,1.31494725333556,1.31494725333556,264.93347966578,429.987751840727
p32,201.478408349641,327,2040,1.32870507770018,1.32870507770018,267.705384221118,434.486560407958
p32,201.478408349641,327,2041,1.32870507770018,1.32870507770018,267.705384221118,434.486560407958
p32,201.478408349641,327,2042,1.32870507770018,1.32870507770018,267.705384221118,434.486560407958
p32,201.478408349641,327,2043,1.32870507770018,1.32870507770018,267.705384221118,434.486560407958
p32,201.478408349641,327,2044,1.32870507770018,1.32870507770018,267.705384221118,434.486560407958
p32,201.478408349641,327,2045,1.32870507770018,1.32870507770018,267.705384221118,434.486560407958
p32,201.478408349641,327,2046,1.32870507770018,1.32870507770018,267.705384221118,434.486560407958
p32,201.478408349641,327,2047,1.32870507770018,1.32870507770018,267.705384221118,434.486560407958
p32,201.478408349641,327,2048,1.32870507770018,1.32870507770018,267.705384221118,434.486560407958
p32,201.478408349641,327,2049,1.32870507770018,1.32870507770018,267.705384221118,434.486560407958
p32,201.478408349641,327,2050,1.32870507770018,1.32870507770018,267.705384221118,434.486560407958
p33,4999.52151011089,7674,2023,1,1,4999.52151011089,7674
p33,4999.52151011089,7674,2024,1.02606562597152,1.02606562597152,5129.83716783,7874.02761370543
p33,4999.52151011089,7674,2025,1.05281066880032,1.05281066880032,5263.54958474145,8079.26907237369
p33,4999.52151011089,7674,2026,1.0802528379121,1.0802528379121,5400.74729949987,8289.86027813743
p33,4999.52151011089,7674,2027,1.10841030433979,1.10841030433979,5541.52115857532,8505.94067550351
p33,4999.52151011089,7674,2028,1.13730171275568,1.13730171275568,5685.964376408,8727.65334368711
p33,4999.52151011089,7674,2029,1.16694619381714,1.16694619381714,5834.17259713083,8955.14509135273
p33,4999.52151011089,7674,2030,1.19736337683406,1.19736337683406,5986.24395790092,9188.56655382461
p33,4999.52151011089,7674,2031,1.20989096301467,1.20989096301467,6048.87589448064,9284.70325017459
p33,4999.52151011089,7674,2032,1.2225496208637,1.2225496208637,6112.16312668601,9381.84579050807
p33,4999.52151011089,7674,2033,1.2353407217373,1.2353407217373,6176.11251064157,9480.00469861208
p33,4999.52151011089,7674,2034,1.24826565133963,1.24826565133963,6240.73097420504,9579.19060838029
p33,4999.52151011089,7674,2035,1.26132580987295,1.26132580987295,6306.02551771786,9679.41426496502
p33,4999.52151011089,7674,2036,1.27452261218938,1.27452261218938,6372.00321476351,9780.68652594128
p33,4999.52151011089,7674,2037,1.2878574879441,1.2878574879441,6438.67121293389,9883.018362483
p33,4999.52151011089,7674,2038,1.30133188175028,1.30133188175028,6506.0367346036,9986.42086055163
p33,4999.52151011089,7674,2039,1.31494725333556,1.31494725333556,6574.10707771235,10090.9052220971
p33,4999.52151011089,7674,2040,1.32870507770018,1.32870507770018,6642.88961655561,10196.4827662712
p33,4999.52151011089,7674,2041,1.32870507770018,1.32870507770018,6642.88961655561,10196.4827662712
p33,4999.52151011089,7674,2042,1.32870507770018,1.32870507770018,6642.88961655561,10196.4827662712
p33,4999.52151011089,7674,2043,1.32870507770018,1.32870507770018,6642.88961655561,10196.4827662712
p33,4999.52151011089,7674,2044,1.32870507770018,1.32870507770018,6642.88961655561,10196.4827662712
p33,4999.52151011089,7674,2045,1.32870507770018,1.32870507770018,6642.88961655561,10196.4827662712
p33,4999.52151011089,7674,2046,1.32870507770018,1.32870507770018,6642.88961655561,10196.4827662712
p33,4999.52151011089,7674,2047,1.32870507770018,1.32870507770018,6642.88961655561,10196.4827662712
p33,4999.52151011089,7674,2048,1.32870507770018,1.32870507770018,6642.88961655561,10196.4827662712
p33,4999.52151011089,7674,2049,1.32870507770018,1.32870507770018,6642.88961655561,10196.4827662712
p33,4999.52151011089,7674,2050,1.32870507770018,1.32870507770018,6642.88961655561,10196.4827662712
p34,1812.38783431181,2782,2023,1,1,1812.38783431181,2782
p34,1812.38783431181,2782,2024,1.02606562597152,1.02606562597152,1859.62885771631,2854.51457145276
p34,1812.38783431181,2782,2025,1.05281066880032,1.05281066880032,1908.10124796738,2928.9192806025
p34,1812.38783431181,2782,2026,1.0802528379121,1.0802528379121,1957.83710141269,3005.26339507145
p34,1812.38783431181,2782,2027,1.10841030433979,1.10841030433979,2008.86935101127,3083.59746667328
p34,1812.38783431181,2782,2028,1.13730171275568,1.13730171275568,2061.23178814038,3163.97336488631
p34,1812.38783431181,2782,2029,1.16694619381714,1.16694619381714,2114.95908497065,3246.44431119928
p34,1812.38783431181,2782,2030,1.19736337683406,1.19736337683406,2170.08681742456,3331.06491435237
p34,1812.38783431181,2782,2031,1.20989096301467,1.20989096301467,2192.79166221159,3365.91665910682
p34,1812.38783431181,2782,2032,1.2225496208637,1.2225496208637,2215.73405969589,3401.13304524283
p34,1812.38783431181,2782,2033,1.2353407217373,1.2353407217373,2238.91649530666,3436.71788787318
p34,1812.38783431181,2782,2034,1.24826565133963,1.24826565133963,2262.34148047724,3472.67504202684
p34,1812.38783431181,2782,2035,1.26132580987295,1.26132580987295,2286.01155291722,3509.00840306655
p34,1812.38783431181,2782,2036,1.27452261218938,1.27452261218938,2309.92927688733,3545.72190711085
p34,1812.38783431181,2782,2037,1.2878574879441,1.2878574879441,2334.09724347725,3582.81953146048
p34,1812.38783431181,2782,2038,1.30133188175028,1.30133188175028,2358.51807088629,3620.30529502927
p34,1812.38783431181,2782,2039,1.31494725333556,1.31494725333556,2383.19440470709,3658.18325877952
p34,1812.38783431181,2782,2040,1.32870507770018,1.32870507770018,2408.12891821213,3696.45752616189
p34,1812.38783431181,2782,2041,1.32870507770018,1.32870507770018,2408.12891821213,3696.45752616189
p34,1812.38783431181,2782,2042,1.32870507770018,1.32870507770018,2408.12891821213,3696.45752616189
p34,1812.38783431181,2782,2043,1.32870507770018,1.32870507770018,2408.12891821213,3696.45752616189
p34,1812.38783431181,2782,2044,1.32870507770018,1.32870507770018,2408.12891821213,3696.45752616189
p34,1812.38783431181,2782,2045,1.32870507770018,1.32870507770018,2408.12891821213,3696.45752616189
p34,1812.38783431181,2782,2046,1.32870507770018,1.32870507770018,2408.12891821213,3696.45752616189
p34,1812.38783431181,2782,2047,1.32870507770018,1.32870507770018,2408.12891821213,3696.45752616189
p34,1812.38783431181,2782,2048,1.32870507770018,1.32870507770018,2408.12891821213,3696.45752616189
p34,1812.38783431181,2782,2049,1.32870507770018,1.32870507770018,2408.12891821213,3696.45752616189
p34,1812.38783431181,2782,2050,1.32870507770018,1.32870507770018,2408.12891821213,3696.45752616189
p35,79.7718525766471,118,2023,1,1,79.7718525766471,118
p35,79.7718525766471,118,2024,1.02948625785728,1.02948625785728,82.1240259914749,121.479378427159
p35,79.7718525766471,118,2025,1.05984195511698,1.05984195511698,84.5455561981374,125.061350703804
p35,79.7718525766471,118,2026,1.09109272829352,1.09109272829352,87.0384882688826,128.748941938636
p35,79.7718525766471,118,2027,1.12326496982619,1.12326496982619,89.6049275774866,132.54526643949
p35,79.7718525766471,118,2028,1.15638585036853,1.15638585036853,92.2470415773191,136.453530343487
p35,79.7718525766471,118,2029,1.19048334173501,1.19048334173501,94.967061631839,140.477034324731
p35,79.7718525766471,118,2030,1.2255862405242,1.2255862405242,97.7672848990635,144.619176381855
p35,79.7718525766471,118,2031,1.23399052370615,1.23399052370615,98.4377101380667,145.610881797326
p35,79.7718525766471,118,2032,1.24245243806368,1.24245243806368,99.1127327227113,146.609387691514
p35,79.7718525766471,118,2033,1.25097237879435,1.25097237879435,99.7923841786404,147.614740697733
p35,79.7718525766471,118,2034,1.25955074380577,1.25955074380577,100.47669624768,148.626987769081
p35,79.7718525766471,118,2035,1.26818793373412,1.26818793373412,101.165700889321,149.646176180627
p35,79.7718525766471,118,2036,1.27688435196291,1.27688435196291,101.859430282212,150.672353531623
p35,79.7718525766471,118,2037,1.28564040464175,1.28564040464175,102.557916825663,151.705567747727
p35,79.7718525766471,118,2038,1.29445650070542,1.29445650070542,103.261193141155,152.74586708324
p35,79.7718525766471,118,2039,1.30333305189287,1.30333305189287,103.96929207387,153.793300123359
p35,79.7718525766471,118,2040,1.31227047276652,1.31227047276652,104.682246694217,154.847915786449
p35,79.7718525766471,118,2041,1.31227047276652,1.31227047276652,104.682246694217,154.847915786449
p35,79.7718525766471,118,2042,1.31227047276652,1.31227047276652,104.682246694217,154.847915786449
p35,79.7718525766471,118,2043,1.31227047276652,1.31227047276652,104.682246694217,154.847915786449
p35,79.7718525766471,118,2044,1.31227047276652,1.31227047276652,104.682246694217,154.847915786449
p35,79.7718525766471,118,2045,1.31227047276652,1.31227047276652,104.682246694217,154.847915786449
p35,79.7718525766471,118,2046,1.31227047276652,1.31227047276652,104.682246694217,154.847915786449
p35,79.7718525766471,118,2047,1.31227047276652,1.31227047276652,104.682246694217,154.847915786449
p35,79.7718525766471,118,2048,1.31227047276652,1.31227047276652,104.682246694217,154.847915786449
p35,79.7718525766471,118,2049,1.31227047276652,1.31227047276652,104.682246694217,154.847915786449
p35,79.7718525766471,118,2050,1.31227047276652,1.31227047276652,104.682246694217,154.847915786449
p36,782.892123287671,1285,2023,1,1,782.892123287671,1285
p36,782.892123287671,1285,2024,1.02948625785728,1.02948625785728,805.976682309364,1322.8898413466
p36,782.892123287671,1285,2025,1.05984195511698,1.05984195511698,829.741918590891,1361.89691232532
p36,782.892123287671,1285,2026,1.09109272829352,1.09109272829352,854.207902757455,1402.05415585718
p36,782.892123287671,1285,2027,1.12326496982619,1.12326496982619,879.395297241886,1443.39548622665
p36,782.892123287671,1285,2028,1.15638585036853,1.15638585036853,905.325373734838,1485.95581772356
p36,782.892123287671,1285,2029,1.19048334173501,1.19048334173501,932.020031149521,1529.77109412948
p36,782.892123287671,1285,2030,1.2255862405242,1.2255862405242,959.501814116144,1574.87831907359
p36,782.892123287671,1285,2031,1.23399052370615,1.23399052370615,966.081461221175,1585.67782296241
p36,782.892123287671,1285,2032,1.24245243806368,1.24245243806368,972.706227319615,1596.55138291182
p36,782.892123287671,1285,2033,1.25097237879435,1.25097237879435,979.376421808537,1607.49950675074
p36,782.892123287671,1285,2034,1.25955074380577,1.25955074380577,986.092356206665,1618.52270579041
p36,782.892123287671,1285,2035,1.26818793373412,1.26818793373412,992.854344168913,1629.62149484835
p36,782.892123287671,1285,2036,1.27688435196291,1.27688435196291,999.662701501041,1640.79639227233
p36,782.892123287671,1285,2037,1.28564040464175,1.28564040464175,1006.5177461744,1652.04791996465
p36,782.892123287671,1285,2038,1.29445650070542,1.29445650070542,1013.4197983408,1663.37660340647
p36,782.892123287671,1285,2039,1.30333305189287,1.30333305189287,1020.36918034741,1674.78297168234
p36,782.892123287671,1285,2040,1.31227047276652,1.31227047276652,1027.36621675189,1686.26755750497
p36,782.892123287671,1285,2041,1.31227047276652,1.31227047276652,1027.36621675189,1686.26755750497
p36,782.892123287671,1285,2042,1.31227047276652,1.31227047276652,1027.36621675189,1686.26755750497
p36,782.892123287671,1285,2043,1.31227047276652,1.31227047276652,1027.36621675189,1686.26755750497
p36,782.892123287671,1285,2044,1.31227047276652,1.31227047276652,1027.36621675189,1686.26755750497
p36,782.892123287671,1285,2045,1.31227047276652,1.31227047276652,1027.36621675189,1686.26755750497
p36,782.892123287671,1285,2046,1.31227047276652,1.31227047276652,1027.36621675189,1686.26755750497
p36,782.892123287671,1285,2047,1.31227047276652,1.31227047276652,1027.36621675189,1686.26755750497
p36,782.892123287671,1285,2048,1.31227047276652,1.31227047276652,1027.36621675189,1686.26755750497
p36,782.892123287671,1285,2049,1.31227047276652,1.31227047276652,1027.36621675189,1686.26755750497
p36,782.892123287671,1285,2050,1.31227047276652,1.31227047276652,1027.36621675189,1686.26755750497
p37,2133.51149706458,3494,2023,1,1,2133.51149706458,3494
p37,2133.51149706458,3494,2024,1,1,2133.51149706458,3494
p37,2133.51149706458,3494,2025,1,1,2133.51149706458,3494
p37,2133.51149706458,3494,2026,1,1,2133.51149706458,3494
p37,2133.51149706458,3494,2027,1,1,2133.51149706458,3494
p37,2133.51149706458,3494,2028,1,1,2133.51149706458,3494
p37,2133.51149706458,3494,2029,1,1,2133.51149706458,3494
p37,2133.51149706458,3494,2030,1,1,2133.51149706458,3494
p37,2133.51149706458,3494,2031,1.01845490252449,1.01845490252449,2172.88524377778,3558.48142942056
p37,2133.51149706458,3494,2032,1.03725038847617,1.03725038847617,2212.9856291486,3624.15285733572
p37,2133.51149706458,3494,2033,1.05639274328898,1.05639274328898,2253.82606322263,3691.0362450517
p37,2133.51149706458,3494,2034,1.07588836839396,1.07588836839396,2295.42020352656,3759.15395916849
p37,2133.51149706458,3494,2035,1.0957437833599,1.0957437833599,2337.78195963539,3828.52877905949
p37,2133.51149706458,3494,2036,1.11596562807362,1.11596562807362,2380.92549782396,3899.18390448923
p37,2133.51149706458,3494,2037,1.1365606649604,1.1365606649604,2424.86524580438,3971.14296337164
p37,2133.51149706458,3494,2038,1.15753578124541,1.15753578124541,2469.61589755072,4044.43001967147
p37,2133.51149706458,3494,2039,1.1788979912569,1.1788979912569,2515.19241821294,4119.06958145162
p37,2133.51149706458,3494,2040,1.20065443877187,1.20065443877187,2561.6100491214,4195.0866090689
p37,2133.51149706458,3494,2041,1.20065443877187,1.20065443877187,2561.6100491214,4195.0866090689
p37,2133.51149706458,3494,2042,1.20065443877187,1.20065443877187,2561.6100491214,4195.0866090689
p37,2133.51149706458,3494,2043,1.20065443877187,1.20065443877187,2561.6100491214,4195.0866090689
p37,2133.51149706458,3494,2044,1.20065443877187,1.20065443877187,2561.6100491214,4195.0866090689
p37,2133.51149706458,3494,2045,1.20065443877187,1.20065443877187,2561.6100491214,4195.0866090689
p37,2133.51149706458,3494,2046,1.20065443877187,1.20065443877187,2561.6100491214,4195.0866090689
p37,2133.51149706458,3494,2047,1.20065443877187,1.20065443877187,2561.6100491214,4195.0866090689
p37,2133.51149706458,3494,2048,1.20065443877187,1.20065443877187,2561.6100491214,4195.0866090689
p37,2133.51149706458,3494,2049,1.20065443877187,1.20065443877187,2561.6100491214,4195.0866090689
p37,2133.51149706458,3494,2050,1.20065443877187,1.20065443877187,2561.6100491214,4195.0866090689
p38,1349.20777886497,2194,2023,1,1,1349.20777886497,2194
p38,1349.20777886497,2194,2024,1.02948625785728,1.02948625785728,1388.99086733563,2258.69284973887
p38,1349.20777886497,2194,2025,1.05984195511698,1.05984195511698,1429.94701021129,2325.29324952666
p38,1349.20777886497,2194,2026,1.09109272829352,1.09109272829352,1472.11079647663,2393.85744587599
p38,1349.20777886497,2194,2027,1.12326496982619,1.12326496982619,1515.51783501602,2464.44334379866
p38,1349.20777886497,2194,2028,1.15638585036853,1.15638585036853,1560.20478468661,2537.11055570856
p38,1349.20777886497,2194,2029,1.19048334173501,1.19048334173501,1606.20938527803,2611.9204517666
p38,1349.20777886497,2194,2030,1.2255862405242,1.2255862405242,1653.57048938512,2688.93621171009
p38,1349.20777886497,2194,2031,1.23399052370615,1.23399052370615,1664.90961363,2707.3752090113
p38,1349.20777886497,2194,2032,1.24245243806368,1.24245243806368,1676.32649430526,2725.9406491117
p38,1349.20777886497,2194,2033,1.25097237879435,1.25097237879435,1687.82166461455,2744.6333990748
p38,1349.20777886497,2194,2034,1.25955074380577,1.25955074380577,1699.3956614179,2763.45433190986
p38,1349.20777886497,2194,2035,1.26818793373412,1.26818793373412,1711.04902525677,2782.40432661267
p38,1349.20777886497,2194,2036,1.27688435196291,1.27688435196291,1722.78230037931,2801.48426820661
p38,1349.20777886497,2194,2037,1.28564040464175,1.28564040464175,1734.59603476576,2820.69504778401
p38,1349.20777886497,2194,2038,1.29445650070542,1.29445650070542,1746.49078015409,2840.0375625477
p38,1349.20777886497,2194,2039,1.30333305189287,1.30333305189287,1758.46709206569,2859.51271585297
p38,1349.20777886497,2194,2040,1.31227047276652,1.31227047276652,1770.5255298314,2879.12141724973
p38,1349.20777886497,2194,2041,1.31227047276652,1.31227047276652,1770.5255298314,2879.12141724973
p38,1349.20777886497,2194,2042,1.31227047276652,1.31227047276652,1770.5255298314,2879.12141724973
p38,1349.20777886497,2194,2043,1.31227047276652,1.31227047276652,1770.5255298314,2879.12141724973
p38,1349.20777886497,2194,2044,1.31227047276652,1.31227047276652,1770.5255298314,2879.12141724973
p38,1349.20777886497,2194,2045,1.31227047276652,1.31227047276652,1770.5255298314,2879.12141724973
p38,1349.20777886497,2194,2046,1.31227047276652,1.31227047276652,1770.5255298314,2879.12141724973
p38,1349.20777886497,2194,2047,1.31227047276652,1.31227047276652,1770.5255298314,2879.12141724973
p38,1349.20777886497,2194,2048,1.31227047276652,1.31227047276652,1770.5255298314,2879.12141724973
p38,1349.20777886497,2194,2049,1.31227047276652,1.31227047276652,1770.5255298314,2879.12141724973
p38,1349.20777886497,2194,2050,1.31227047276652,1.31227047276652,1770.5255298314,2879.12141724973
p39,244.306881930855,455,2023,1,1,244.306881930855,455
p39,244.306881930855,455,2024,1.02948625785728,1.02948625785728,251.510577647775,468.416247325062
p39,244.306881930855,455,2025,1.05984195511698,1.05984195511698,258.926683394131,482.228089578227
p39,244.306881930855,455,2026,1.09109272829352,1.09109272829352,266.56146234682,496.447191373553
p39,244.306881930855,455,2027,1.12326496982619,1.12326496982619,274.421362360391,511.085561270916
p39,244.306881930855,455,2028,1.15638585036853,1.15638585036853,282.513021412496,526.155561917682
p39,244.306881930855,455,2029,1.19048334173501,1.19048334173501,290.843273209903,541.669920489428
p39,244.306881930855,455,2030,1.2255862405242,1.2255862405242,299.419152959825,557.64173943851
p39,244.306881930855,455,2031,1.23399052370615,1.23399052370615,301.472377178872,561.465688286299
p39,244.306881930855,455,2032,1.24245243806368,1.24245243806368,303.539681090725,565.315859318972
p39,244.306881930855,455,2033,1.25097237879435,1.25097237879435,305.621161244871,569.192432351429
p39,244.306881930855,455,2034,1.25955074380577,1.25955074380577,307.716914852876,573.095588431625
p39,244.306881930855,455,2035,1.26818793373412,1.26818793373412,309.827039792917,577.025509849026
p39,244.306881930855,455,2036,1.27688435196291,1.27688435196291,311.951634614357,580.982380143122
p39,244.306881930855,455,2037,1.28564040464175,1.28564040464175,314.090798542349,584.966384111998
p39,244.306881930855,455,2038,1.29445650070542,1.29445650070542,316.244631482467,588.977707820967
p39,244.306881930855,455,2039,1.30333305189287,1.30333305189287,318.413234025373,593.016538611258
p39,244.306881930855,455,2040,1.31227047276652,1.31227047276652,320.596707451516,597.083065108764
p39,244.306881930855,455,2041,1.31227047276652,1.31227047276652,320.596707451516,597.083065108764
p39,244.306881930855,455,2042,1.31227047276652,1.31227047276652,320.596707451516,597.083065108764
p39,244.306881930855,455,2043,1.31227047276652,1.31227047276652,320.596707451516,597.083065108764
p39,244.306881930855,455,2044,1.31227047276652,1.31227047276652,320.596707451516,597.083065108764
p39,244.306881930855,455,2045,1.31227047276652,1.31227047276652,320.596707451516,597.083065108764
p39,244.306881930855,455,2046,1.31227047276652,1.31227047276652,320.596707451516,597.083065108764
p39,244.306881930855,455,2047,1.31227047276652,1.31227047276652,320.596707451516,597.083065108764
p39,244.306881930855,455,2048,1.31227047276652,1.31227047276652,320.596707451516,597.083065108764
p39,244.306881930855,455,2049,1.31227047276652,1.31227047276652,320.596707451516,597.083065108764
p39,244.306881930855,455,2050,1.31227047276652,1.31227047276652,320.596707451516,597.083065108764
p4,556.358333333333,955,2023,1,1,556.358333333333,955
p4,556.358333333333,955,2024,1.02606562597152,1.02606562597152,570.860161556137,979.8926728028
p4,556.358333333333,955,2025,1.05281066880032,1.05281066880032,585.7399890093,1005.43418870431
p4,556.358333333333,955,2026,1.0802528379121,1.0802528379121,601.007668479378,1031.64146020605
p4,556.358333333333,955,2027,1.10841030433979,1.10841030433979,616.673309571976,1058.53184064449
p4,556.358333333333,955,2028,1.13730171275568,1.13730171275568,632.747285405897,1086.12313568168
p4,556.358333333333,955,2029,1.16694619381714,1.16694619381714,649.240239481781,1114.43361509537
p4,556.358333333333,955,2030,1.19736337683406,1.19736337683406,666.163092729772,1143.48202487653
p4,556.358333333333,955,2031,1.20989096301467,1.20989096301467,673.132919697905,1155.44586967901
p4,556.358333333333,955,2032,1.2225496208637,1.2225496208637,680.175669481029,1167.53488792484
p4,556.358333333333,955,2033,1.2353407217373,1.2353407217373,687.292105044564,1179.75038925913
p4,556.358333333333,955,2034,1.24826565133963,1.24826565133963,694.482997336562,1192.09369702934
p4,556.358333333333,955,2035,1.26132580987295,1.26132580987295,701.749125371231,1204.56614842867
p4,556.358333333333,955,2036,1.27452261218938,1.27452261218938,709.091276313328,1217.16909464085
p4,556.358333333333,955,2037,1.2878574879441,1.2878574879441,716.510245563431,1229.90390098661
p4,556.358333333333,955,2038,1.30133188175028,1.30133188175028,724.006836844115,1242.77194707152
p4,556.358333333333,955,2039,1.31494725333556,1.31494725333556,731.581862287014,1255.77462693546
p4,556.358333333333,955,2040,1.32870507770018,1.32870507770018,739.236142520808,1268.91334920367
p4,556.358333333333,955,2041,1.32870507770018,1.32870507770018,739.236142520808,1268.91334920367
p4,556.358333333333,955,2042,1.32870507770018,1.32870507770018,739.236142520808,1268.91334920367
p4,556.358333333333,955,2043,1.32870507770018,1.32870507770018,739.236142520808,1268.91334920367
p4,556.358333333333,955,2044,1.32870507770018,1.32870507770018,739.236142520808,1268.91334920367
p4,556.358333333333,955,2045,1.32870507770018,1.32870507770018,739.236142520808,1268.91334920367
p4,556.358333333333,955,2046,1.32870507770018,1.32870507770018,739.236142520808,1268.91334920367
p4,556.358333333333,955,2047,1.32870507770018,1.32870507770018,739.236142520808,1268.91334920367
p4,556.358333333333,955,2048,1.32870507770018,1.32870507770018,739.236142520808,1268.91334920367
p4,556.358333333333,955,2049,1.32870507770018,1.32870507770018,739.236142520808,1268.91334920367
p4,556.358333333333,955,2050,1.32870507770018,1.32870507770018,739.236142520808,1268.91334920367
p40,1399.41407371168,2609,2023,1,1,1399.41407371168,2609
p40,1399.41407371168,2609,2024,1.02948625785728,1.02948625785728,1440.67755793824,2685.92964674964
p40,1399.41407371168,2609,2025,1.05984195511698,1.05984195511698,1483.1577479008,2765.12766090021
p40,1399.41407371168,2609,2026,1.09109272829352,1.09109272829352,1526.89051969843,2846.6609281178
p40,1399.41407371168,2609,2027,1.12326496982619,1.12326496982619,1571.91280728209,2930.59830627652
p40,1399.41407371168,2609,2028,1.15638585036853,1.15638585036853,1618.26263364677,3017.0106836115
p40,1399.41407371168,2609,2029,1.19048334173501,1.19048334173501,1665.97914294327,3105.97103858663
p40,1399.41407371168,2609,2030,1.2255862405242,1.2255862405242,1715.10263353695,3197.55450152763
p40,1399.41407371168,2609,2031,1.23399052370615,1.23399052370615,1726.86370570123,3219.48127634935
p40,1399.41407371168,2609,2032,1.24245243806368,1.24245243806368,1738.70542774369,3241.55841090813
p40,1399.41407371168,2609,2033,1.25097237879435,1.25097237879435,1750.62835270939,3263.78693627446
p40,1399.41407371168,2609,2034,1.25955074380577,1.25955074380577,1762.6330374358,3286.16789058925
p40,1399.41407371168,2609,2035,1.26818793373412,1.26818793373412,1774.72004257886,3308.70231911233
p40,1399.41407371168,2609,2036,1.27688435196291,1.27688435196291,1786.8899326391,3331.39127427122
p40,1399.41407371168,2609,2037,1.28564040464175,1.28564040464175,1799.14327598805,3354.23581571034
p40,1399.41407371168,2609,2038,1.29445650070542,1.29445650070542,1811.48064489474,3377.23701034045
p40,1399.41407371168,2609,2039,1.30333305189287,1.30333305189287,1823.90261555248,3400.39593238851
p40,1399.41407371168,2609,2040,1.31227047276652,1.31227047276652,1836.40976810574,3423.71366344784
p40,1399.41407371168,2609,2041,1.31227047276652,1.31227047276652,1836.40976810574,3423.71366344784
p40,1399.41407371168,2609,2042,1.31227047276652,1.31227047276652,1836.40976810574,3423.71366344784
p40,1399.41407371168,2609,2043,1.31227047276652,1.31227047276652,1836.40976810574,3423.71366344784
p40,1399.41407371168,2609,2044,1.31227047276652,1.31227047276652,1836.40976810574,3423.71366344784
p40,1399.41407371168,2609,2045,1.31227047276652,1.31227047276652,1836.40976810574,3423.71366344784
p40,1399.41407371168,2609,2046,1.31227047276652,1.31227047276652,1836.40976810574,3423.71366344784
p40,1399.41407371168,2609,2047,1.31227047276652,1.31227047276652,1836.40976810574,3423.71366344784
p40,1399.41407371168,2609,2048,1.31227047276652,1.31227047276652,1836.40976810574,3423.71366344784
p40,1399.41407371168,2609,2049,1.31227047276652,1.31227047276652,1836.40976810574,3423.71366344784
p40,1399.41407371168,2609,2050,1.31227047276652,1.31227047276652,1836.40976810574,3423.71366344784
p41,2195.82840834964,4094,2023,1,1,2195.82840834964,4094
p41,2195.82840834964,4094,2024,1.02948625785728,1.02948625785728,2260.57517100858,4214.7167396677
p41,2195.82840834964,4094,2025,1.05984195511698,1.05984195511698,2327.2310734067,4338.99296424893
p41,2195.82840834964,4094,2026,1.09109272829352,1.09109272829352,2395.85240893064,4466.93362963369
p41,2195.82840834964,4094,2027,1.12326496982619,1.12326496982619,2466.49713084835,4598.64678646841
p41,2195.82840834964,4094,2028,1.15638585036853,1.15638585036853,2539.22490125278,4734.24367140877
p41,2195.82840834964,4094,2029,1.19048334173501,1.19048334173501,2614.09714144874,4873.83880106311
p41,2195.82840834964,4094,2030,1.2255862405242,1.2255862405242,2691.17708382547,5017.55006870607
p41,2195.82840834964,4094,2031,1.23399052370615,1.23399052370615,2709.63144758822,5051.95720405299
p41,2195.82840834964,4094,2032,1.24245243806368,1.24245243806368,2728.21235952349,5086.60028143269
p41,2195.82840834964,4094,2033,1.25097237879435,1.25097237879435,2746.92068741736,5121.48091878407
p41,2195.82840834964,4094,2034,1.25955074380577,1.25955074380577,2765.75730500663,5156.60074514082
p41,2195.82840834964,4094,2035,1.26818793373412,1.26818793373412,2784.72309201962,5191.9614007075
p41,2195.82840834964,4094,2036,1.27688435196291,1.27688435196291,2803.81893421727,5227.56453693613
p41,2195.82840834964,4094,2037,1.28564040464175,1.28564040464175,2823.04572343449,5263.41181660334
p41,2195.82840834964,4094,2038,1.29445650070542,1.29445650070542,2842.40435762184,5299.504913888
p41,2195.82840834964,4094,2039,1.30333305189287,1.30333305189287,2861.89574088741,5335.84551444943
p41,2195.82840834964,4094,2040,1.31227047276652,1.31227047276652,2881.52078353913,5372.43531550611
p41,2195.82840834964,4094,2041,1.31227047276652,1.31227047276652,2881.52078353913,5372.43531550611
p41,2195.82840834964,4094,2042,1.31227047276652,1.31227047276652,2881.52078353913,5372.43531550611
p41,2195.82840834964,4094,2043,1.31227047276652,1.31227047276652,2881.52078353913,5372.43531550611
p41,2195.82840834964,4094,2044,1.31227047276652,1.31227047276652,2881.52078353913,5372.43531550611
p41,2195.82840834964,4094,2045,1.31227047276652,1.31227047276652,2881.52078353913,5372.43531550611
p41,2195.82840834964,4094,2046,1.31227047276652,1.31227047276652,2881.52078353913,5372.43531550611
p41,2195.82840834964,4094,2047,1.31227047276652,1.31227047276652,2881.52078353913,5372.43531550611
p41,2195.82840834964,4094,2048,1.31227047276652,1.31227047276652,2881.52078353913,5372.43531550611
p41,2195.82840834964,4094,2049,1.31227047276652,1.31227047276652,2881.52078353913,5372.43531550611
p41,2195.82840834964,4094,2050,1.31227047276652,1.31227047276652,2881.52078353913,5372.43531550611
p42,477.882648401826,768,2023,1,1,477.882648401826,768
p42,477.882648401826,768,2024,1,1,477.882648401826,768
p42,477.882648401826,768,2025,1,1,477.882648401826,768
p42,477.882648401826,768,2026,1,1,477.882648401826,768
p42,477.882648401826,768,2027,1,1,477.882648401826,768
p42,477.882648401826,768,2028,1,1,477.882648401826,768
p42,477.882648401826,768,2029,1,1,477.882648401826,768
p42,477.882648401826,768,2030,1,1,477.882648401826,768
p42,477.882648401826,768,2031,1.01845490252449,1.01845490252449,486.701926096227,782.173365138807
p42,477.882648401826,768,2032,1.03725038847617,1.03725038847617,495.683962700814,796.608298349696
p42,477.882648401826,768,2033,1.05639274328898,1.05639274328898,504.83176191541,811.309626845938
p42,477.882648401826,768,2034,1.07588836839396,1.07588836839396,514.148382872825,826.282266926559
p42,477.882648401826,768,2035,1.0957437833599,1.0957437833599,523.636941161866,841.531225620403
p42,477.882648401826,768,2036,1.11596562807362,1.11596562807362,533.30060986923,857.061602360541
p42,477.882648401826,768,2037,1.1365606649604,1.1365606649604,543.142620640617,872.878590689587
p42,477.882648401826,768,2038,1.15753578124541,1.15753578124541,553.166264761435,888.987479996477
p42,477.882648401826,768,2039,1.1788979912569,1.1788979912569,563.374894257443,905.393657285303
p42,477.882648401826,768,2040,1.20065443877187,1.20065443877187,573.771923015708,922.102608976793
p42,477.882648401826,768,2041,1.20065443877187,1.20065443877187,573.771923015708,922.102608976793
p42,477.882648401826,768,2042,1.20065443877187,1.20065443877187,573.771923015708,922.102608976793
p42,477.882648401826,768,2043,1.20065443877187,1.20065443877187,573.771923015708,922.102608976793
p42,477.882648401826,768,2044,1.20065443877187,1.20065443877187,573.771923015708,922.102608976793
p42,477.882648401826,768,2045,1.20065443877187,1.20065443877187,573.771923015708,922.102608976793
p42,477.882648401826,768,2046,1.20065443877187,1.20065443877187,573.771923015708,922.102608976793
p42,477.882648401826,768,2047,1.20065443877187,1.20065443877187,573.771923015708,922.102608976793
p42,477.882648401826,768,2048,1.20065443877187,1.20065443877187,573.771923015708,922.102608976793
p42,477.882648401826,768,2049,1.20065443877187,1.20065443877187,573.771923015708,922.102608976793
p42,477.882648401826,768,2050,1.20065443877187,1.20065443877187,573.771923015708,922.102608976793
p43,6642.8852739726,10674,2023,1,1,6642.8852739726,10674
p43,6642.8852739726,10674,2024,1,1,6642.8852739726,10674
p43,6642.8852739726,10674,2025,1,1,6642.8852739726,10674
p43,6642.8852739726,10674,2026,1,1,6642.8852739726,10674
p43,6642.8852739726,10674,2027,1,1,6642.8852739726,10674
p43,6642.8852739726,10674,2028,1,1,6642.8852739726,10674
p43,6642.8852739726,10674,2029,1,1,6642.8852739726,10674
p43,6642.8852739726,10674,2030,1,1,6642.8852739726,10674
p43,6642.8852739726,10674,2031,1.01845490252449,1.01845490252449,6765.47907418513,10870.9876295464
p43,6642.8852739726,10674,2032,1.03725038847617,1.03725038847617,6890.33533103069,11071.6106465946
p43,6642.8852739726,10674,2033,1.05639274328898,1.05639274328898,7017.4957979259,11275.9361418666
p43,6642.8852739726,10674,2034,1.07588836839396,1.07588836839396,7147.00299884263,11484.0324442371
p43,6642.8852739726,10674,2035,1.0957437833599,1.0957437833599,7278.9002425285,11695.9691435836
p43,6642.8852739726,10674,2036,1.11596562807362,1.11596562807362,7413.23163698984,11911.8171140578
p43,6642.8852739726,10674,2037,1.1365606649604,1.1365606649604,7550.04210424195,12131.6485377873
p43,6642.8852739726,10674,2038,1.15753578124541,1.15753578124541,7689.37739533152,12355.5369290135
p43,6642.8852739726,10674,2039,1.1788979912569,1.1788979912569,7831.28410563637,12583.5571586762
p43,6642.8852739726,10674,2040,1.20065443877187,1.20065443877187,7975.80969044747,12815.7854794509
p43,6642.8852739726,10674,2041,1.20065443877187,1.20065443877187,7975.80969044747,12815.7854794509
p43,6642.8852739726,10674,2042,1.20065443877187,1.20065443877187,7975.80969044747,12815.7854794509
p43,6642.8852739726,10674,2043,1.20065443877187,1.20065443877187,7975.80969044747,12815.7854794509
p43,6642.8852739726,10674,2044,1.20065443877187,1.20065443877187,7975.80969044747,12815.7854794509
p43,6642.8852739726,10674,2045,1.20065443877187,1.20065443877187,7975.80969044747,12815.7854794509
p43,6642.8852739726,10674,2046,1.20065443877187,1.20065443877187,7975.80969044747,12815.7854794509
p43,6642.8852739726,10674,2047,1.20065443877187,1.20065443877187,7975.80969044747,12815.7854794509
p43,6642.8852739726,10674,2048,1.20065443877187,1.20065443877187,7975.80969044747,12815.7854794509
p43,6642.8852739726,10674,2049,1.20065443877187,1.20065443877187,7975.80969044747,12815.7854794509
p43,6642.8852739726,10674,2050,1.20065443877187,1.20065443877187,7975.80969044747,12815.7854794509
p44,199.767579908676,321,2023,1,1,199.767579908676,321
p44,199.767579908676,321,2024,1,1,199.767579908676,321
p44,199.767579908676,321,2025,1,1,199.767579908676,321
p44,199.767579908676,321,2026,1,1,199.767579908676,321
p44,199.767579908676,321,2027,1,1,199.767579908676,321
p44,199.767579908676,321,2028,1,1,199.767579908676,321
p44,199.767579908676,321,2029,1,1,199.767579908676,321
p44,199.767579908676,321,2030,1,1,199.767579908676,321
p44,199.767579908676,321,2031,1.01845490252449,1.01845490252449,203.454271123443,326.924023710361
p44,199.767579908676,321,2032,1.03725038847617,1.03725038847617,207.208999865218,332.957374700849
p44,199.767579908676,321,2033,1.05639274328898,1.05639274328898,211.033021759927,339.102070595763
p44,199.767579908676,321,2034,1.07588836839396,1.07588836839396,214.927615605955,345.36016625446
p44,199.767579908676,321,2035,1.0957437833599,1.0957437833599,218.894083801783,351.733754458528
p44,199.767579908676,321,2036,1.11596562807362,1.11596562807362,222.933752781533,358.224966611632
p44,199.767579908676,321,2037,1.1365606649604,1.1365606649604,227.047973458534,364.835973452288
p44,199.767579908676,321,2038,1.15753578124541,1.15753578124541,231.238121677094,371.568985779777
p44,199.767579908676,321,2039,1.1788979912569,1.1788979912569,235.505598672591,378.426255193466
p44,199.767579908676,321,2040,1.20065443877187,1.20065443877187,239.851831540065,385.410074845769
p44,199.767579908676,321,2041,1.20065443877187,1.20065443877187,239.851831540065,385.410074845769
p44,199.767579908676,321,2042,1.20065443877187,1.20065443877187,239.851831540065,385.410074845769
p44,199.767579908676,321,2043,1.20065443877187,1.20065443877187,239.851831540065,385.410074845769
p44,199.767579908676,321,2044,1.20065443877187,1.20065443877187,239.851831540065,385.410074845769
p44,199.767579908676,321,2045,1.20065443877187,1.20065443877187,239.851831540065,385.410074845769
p44,199.767579908676,321,2046,1.20065443877187,1.20065443877187,239.851831540065,385.410074845769
p44,199.767579908676,321,2047,1.20065443877187,1.20065443877187,239.851831540065,385.410074845769
p44,199.767579908676,321,2048,1.20065443877187,1.20065443877187,239.851831540065,385.410074845769
p44,199.767579908676,321,2049,1.20065443877187,1.20065443877187,239.851831540065,385.410074845769
p44,199.767579908676,321,2050,1.20065443877187,1.20065443877187,239.851831540065,385.410074845769
p45,1525.09939660796,2636,2023,1,1,1525.09939660796,2636
p45,1525.09939660796,2636,2024,1,1,1525.09939660796,2636
p45,1525.09939660796,2636,2025,1,1,1525.09939660796,2636
p45,1525.09939660796,2636,2026,1,1,1525.09939660796,2636
p45,1525.09939660796,2636,2027,1,1,1525.09939660796,2636
p45,1525.09939660796,2636,2028,1,1,1525.09939660796,2636
p45,1525.09939660796,2636,2029,1,1,1525.09939660796,2636
p45,1525.09939660796,2636,2030,1,1,1525.09939660796,2636
p45,1525.09939660796,2636,2031,1.01845490252449,1.01845490252449,1553.24495731251,2684.64712305455
p45,1525.09939660796,2636,2032,1.03725038847617,1.03725038847617,1581.90994159637,2734.19202402317
p45,1525.09939660796,2636,2033,1.05639274328898,1.05639274328898,1611.10393537105,2784.65127130976
p45,1525.09939660796,2636,2034,1.07588836839396,1.07588836839396,1640.83670145515,2836.04173908647
p45,1525.09939660796,2636,2035,1.0957437833599,1.0957437833599,1671.1181828391,2888.3806129367
p45,1525.09939660796,2636,2036,1.11596562807362,1.11596562807362,1701.9585060103,2941.68539560207
p45,1525.09939660796,2636,2037,1.1365606649604,1.1365606649604,1733.36798433945,2995.97391283561
p45,1525.09939660796,2636,2038,1.15753578124541,1.15753578124541,1765.3571215295,3051.26431936291
p45,1525.09939660796,2636,2039,1.1788979912569,1.1788979912569,1797.93661512824,3107.5751049532
p45,1525.09939660796,2636,2040,1.20065443877187,1.20065443877187,1831.11736010564,3164.92510060264
p45,1525.09939660796,2636,2041,1.20065443877187,1.20065443877187,1831.11736010564,3164.92510060264
p45,1525.09939660796,2636,2042,1.20065443877187,1.20065443877187,1831.11736010564,3164.92510060264
p45,1525.09939660796,2636,2043,1.20065443877187,1.20065443877187,1831.11736010564,3164.92510060264
p45,1525.09939660796,2636,2044,1.20065443877187,1.20065443877187,1831.11736010564,3164.92510060264
p45,1525.09939660796,2636,2045,1.20065443877187,1.20065443877187,1831.11736010564,3164.92510060264
p45,1525.09939660796,2636,2046,1.20065443877187,1.20065443877187,1831.11736010564,3164.92510060264
p45,1525.09939660796,2636,2047,1.20065443877187,1.20065443877187,1831.11736010564,3164.92510060264
p45,1525.09939660796,2636,2048,1.20065443877187,1.20065443877187,1831.11736010564,3164.92510060264
p45,1525.09939660796,2636,2049,1.20065443877187,1.20065443877187,1831.11736010564,3164.92510060264
p45,1525.09939660796,2636,2050,1.20065443877187,1.20065443877187,1831.11736010564,3164.92510060264
p46,994.45086431833,1735,2023,1,1,994.45086431833,1735
p46,994.45086431833,1735,2024,1,1,994.45086431833,1735
p46,994.45086431833,1735,2025,1,1,994.45086431833,1735
p46,994.45086431833,1735,2026,1,1,994.45086431833,1735
p46,994.45086431833,1735,2027,1,1,994.45086431833,1735
p46,994.45086431833,1735,2028,1,1,994.45086431833,1735
p46,994.45086431833,1735,2029,1,1,994.45086431833,1735
p46,994.45086431833,1735,2030,1,1,994.45086431833,1735
p46,994.45086431833,1735,2031,1.01845490252449,1.01845490252449,1012.80335808472,1767.01925587999
p46,994.45086431833,1735,2032,1.03725038847617,1.03725038847617,1031.49454533465,1799.62942400615
p46,994.45086431833,1735,2033,1.05639274328898,1.05639274328898,1050.53067662334,1832.84140960638
p46,994.45086431833,1735,2034,1.07588836839396,1.07588836839396,1069.91811785941,1866.66631916352
p46,994.45086431833,1735,2035,1.0957437833599,1.0957437833599,1089.66335243369,1901.11546412943
p46,994.45086431833,1735,2036,1.11596562807362,1.11596562807362,1109.77298338736,1936.20036470773
p46,994.45086431833,1735,2037,1.1365606649604,1.1365606649604,1130.25373562009,1971.93275370629
p46,994.45086431833,1735,2038,1.15753578124541,1.15753578124541,1151.11245813889,2008.32458046079
p46,994.45086431833,1735,2039,1.1788979912569,1.1788979912569,1172.35612634857,2045.38801483073
p46,994.45086431833,1735,2040,1.20065443877187,1.20065443877187,1193.99184438432,2083.13545126919
p46,994.45086431833,1735,2041,1.20065443877187,1.20065443877187,1193.99184438432,2083.13545126919
p46,994.45086431833,1735,2042,1.20065443877187,1.20065443877187,1193.99184438432,2083.13545126919
p46,994.45086431833,1735,2043,1.20065443877187,1.20065443877187,1193.99184438432,2083.13545126919
p46,994.45086431833,1735,2044,1.20065443877187,1.20065443877187,1193.99184438432,2083.13545126919
p46,994.45086431833,1735,2045,1.20065443877187,1.20065443877187,1193.99184438432,2083.13545126919
p46,994.45086431833,1735,2046,1.20065443877187,1.20065443877187,1193.99184438432,2083.13545126919
p46,994.45086431833,1735,2047,1.20065443877187,1.20065443877187,1193.99184438432,2083.13545126919
p46,994.45086431833,1735,2048,1.20065443877187,1.20065443877187,1193.99184438432,2083.13545126919
p46,994.45086431833,1735,2049,1.20065443877187,1.20065443877187,1193.99184438432,2083.13545126919
p46,994.45086431833,1735,2050,1.20065443877187,1.20065443877187,1193.99184438432,2083.13545126919
p47,951.640900195695,1567,2023,1,1,951.640900195695,1567
p47,951.640900195695,1567,2024,1.02948625785728,1.02948625785728,979.701229166397,1613.20496606236
p47,951.640900195695,1567,2025,1.05984195511698,1.05984195511698,1008.58895223269,1660.77234366831
p47,951.640900195695,1567,2026,1.09109272829352,1.09109272829352,1038.32846615023,1709.74230523595
p47,951.640900195695,1567,2027,1.12326496982619,1.12326496982619,1068.94488704368,1760.15620771764
p47,951.640900195695,1567,2028,1.15638585036853,1.15638585036853,1100.46407161827,1812.05662752749
p47,951.640900195695,1567,2029,1.19048334173501,1.19048334173501,1132.91263899668,1865.48739649875
p47,951.640900195695,1567,2030,1.2255862405242,1.2255862405242,1166.31799319991,1920.49363890142
p47,951.640900195695,1567,2031,1.23399052370615,1.23399052370615,1174.31585281268,1933.66315064754
p47,951.640900195695,1567,2032,1.24245243806368,1.24245243806368,1182.36855660925,1946.92297044578
p47,951.640900195695,1567,2033,1.25097237879435,1.25097237879435,1190.4764806758,1960.27371757075
p47,951.640900195695,1567,2034,1.25955074380577,1.25955074380577,1198.64000367748,1973.71601554364
p47,951.640900195695,1567,2035,1.26818793373412,1.26818793373412,1206.85950687606,1987.25049216137
p47,951.640900195695,1567,2036,1.27688435196291,1.27688435196291,1215.13537414778,2000.87777952587
p47,951.640900195695,1567,2037,1.28564040464175,1.28564040464175,1223.46799200124,2014.59851407363
p47,951.640900195695,1567,2038,1.29445650070542,1.29445650070542,1231.85774959548,2028.4133366054
p47,951.640900195695,1567,2039,1.30333305189287,1.30333305189287,1240.30503875814,2042.32289231613
p47,951.640900195695,1567,2040,1.31227047276652,1.31227047276652,1248.81025400376,2056.32783082513
p47,951.640900195695,1567,2041,1.31227047276652,1.31227047276652,1248.81025400376,2056.32783082513
p47,951.640900195695,1567,2042,1.31227047276652,1.31227047276652,1248.81025400376,2056.32783082513
p47,951.640900195695,1567,2043,1.31227047276652,1.31227047276652,1248.81025400376,2056.32783082513
p47,951.640900195695,1567,2044,1.31227047276652,1.31227047276652,1248.81025400376,2056.32783082513
p47,951.640900195695,1567,2045,1.31227047276652,1.31227047276652,1248.81025400376,2056.32783082513
p47,951.640900195695,1567,2046,1.31227047276652,1.31227047276652,1248.81025400376,2056.32783082513
p47,951.640900195695,1567,2047,1.31227047276652,1.31227047276652,1248.81025400376,2056.32783082513
p47,951.640900195695,1567,2048,1.31227047276652,1.31227047276652,1248.81025400376,2056.32783082513
p47,951.640900195695,1567,2049,1.31227047276652,1.31227047276652,1248.81025400376,2056.32783082513
p47,951.640900195695,1567,2050,1.31227047276652,1.31227047276652,1248.81025400376,2056.32783082513
p48,3164.88054468363,5636,2023,1,1,3164.88054468363,5636
p48,3164.88054468363,5636,2024,1.02948625785728,1.02948625785728,3258.20102851165,5802.18454928362
p48,3164.88054468363,5636,2025,1.05984195511698,1.05984195511698,3354.2731841892,5973.26925903931
p48,3164.88054468363,5636,2026,1.09109272829352,1.09109272829352,3453.17814822195,6149.3986166623
p48,3164.88054468363,5636,2027,1.12326496982619,1.12326496982619,3554.99944952754,6330.7213699404
p48,3164.88054468363,5636,2028,1.15638585036853,1.15638585036853,3659.8230799788,6517.39065267704
p48,3164.88054468363,5636,2029,1.19048334173501,1.19048334173501,3767.73756702707,6709.56411401849
p48,3164.88054468363,5636,2030,1.2255862405242,1.2255862405242,3878.83404846698,6907.40405159438
p48,3164.88054468363,5636,2031,1.23399052370615,1.23399052370615,3905.43260080156,6954.77059160788
p48,3164.88054468363,5636,2032,1.24245243806368,1.24245243806368,3932.21354892247,7002.46194092687
p48,3164.88054468363,5636,2033,1.25097237879435,1.25097237879435,3959.17814358283,7050.48032688496
p48,3164.88054468363,5636,2034,1.25955074380577,1.25955074380577,3986.32764411267,7098.82799208932
p48,3164.88054468363,5636,2035,1.26818793373412,1.26818793373412,4013.66331847766,7147.50719452552
p48,3164.88054468363,5636,2036,1.27688435196291,1.27688435196291,4041.18644333836,7196.52020766293
p48,3164.88054468363,5636,2037,1.28564040464175,1.28564040464175,4068.89830410987,7245.86932056093
p48,3164.88054468363,5636,2038,1.29445650070542,1.29445650070542,4096.80019502184,7295.55683797576
p48,3164.88054468363,5636,2039,1.30333305189287,1.30333305189287,4124.89341917889,7345.58508046824
p48,3164.88054468363,5636,2040,1.31227047276652,1.31227047276652,4153.17928862153,7395.95638451208
p48,3164.88054468363,5636,2041,1.31227047276652,1.31227047276652,4153.17928862153,7395.95638451208
p48,3164.88054468363,5636,2042,1.31227047276652,1.31227047276652,4153.17928862153,7395.95638451208
p48,3164.88054468363,5636,2043,1.31227047276652,1.31227047276652,4153.17928862153,7395.95638451208
p48,3164.88054468363,5636,2044,1.31227047276652,1.31227047276652,4153.17928862153,7395.95638451208
p48,3164.88054468363,5636,2045,1.31227047276652,1.31227047276652,4153.17928862153,7395.95638451208
p48,3164.88054468363,5636,2046,1.31227047276652,1.31227047276652,4153.17928862153,7395.95638451208
p48,3164.88054468363,5636,2047,1.31227047276652,1.31227047276652,4153.17928862153,7395.95638451208
p48,3164.88054468363,5636,2048,1.31227047276652,1.31227047276652,4153.17928862153,7395.95638451208
p48,3164.88054468363,5636,2049,1.31227047276652,1.31227047276652,4153.17928862153,7395.95638451208
p48,3164.88054468363,5636,2050,1.31227047276652,1.31227047276652,4153.17928862153,7395.95638451208
p49,97.8014840182648,184,2023,1,1,97.8014840182648,184
p49,97.8014840182648,184,2024,1.02948625785728,1.02948625785728,100.685283794852,189.425471445739
p49,97.8014840182648,184,2025,1.05984195511698,1.05984195511698,103.65411603526,195.010919741525
p49,97.8014840182648,184,2026,1.09109272829352,1.09109272829352,106.710488028644,200.761062006008
p49,97.8014840182648,184,2027,1.12326496982619,1.12326496982619,109.856980994733,206.680754448019
p49,97.8014840182648,184,2028,1.15638585036853,1.15638585036853,113.096252263765,212.77499646781
p49,97.8014840182648,184,2029,1.19048334173501,1.19048334173501,116.431037520707,219.048934879241
p49,97.8014840182648,184,2030,1.2255862405242,1.2255862405242,119.864153115633,225.507868256452
p49,97.8014840182648,184,2031,1.23399052370615,1.23399052370615,120.686104482938,227.054256361932
p49,97.8014840182648,184,2032,1.24245243806368,1.24245243806368,121.513692264739,228.611248603716
p49,97.8014840182648,184,2033,1.25097237879435,1.25097237879435,122.346955111946,230.17891769816
p49,97.8014840182648,184,2034,1.25955074380577,1.25955074380577,123.185931940514,231.757336860262
p49,97.8014840182648,184,2035,1.26818793373412,1.26818793373412,124.030661933254,233.346579807079
p49,97.8014840182648,184,2036,1.27688435196291,1.27688435196291,124.881184541673,234.946720761175
p49,97.8014840182648,184,2037,1.28564040464175,1.28564040464175,125.737539487806,236.557834454083
p49,97.8014840182648,184,2038,1.29445650070542,1.29445650070542,126.59976676608,238.179996129798
p49,97.8014840182648,184,2039,1.30333305189287,1.30333305189287,127.467906645177,239.813281548289
p49,97.8014840182648,184,2040,1.31227047276652,1.31227047276652,128.341999669915,241.457766989039
p49,97.8014840182648,184,2041,1.31227047276652,1.31227047276652,128.341999669915,241.457766989039
p49,97.8014840182648,184,2042,1.31227047276652,1.31227047276652,128.341999669915,241.457766989039
p49,97.8014840182648,184,2043,1.31227047276652,1.31227047276652,128.341999669915,241.457766989039
p49,97.8014840182648,184,2044,1.31227047276652,1.31227047276652,128.341999669915,241.457766989039
p49,97.8014840182648,184,2045,1.31227047276652,1.31227047276652,128.341999669915,241.457766989039
p49,97.8014840182648,184,2046,1.31227047276652,1.31227047276652,128.341999669915,241.457766989039
p49,97.8014840182648,184,2047,1.31227047276652,1.31227047276652,128.341999669915,241.457766989039
p49,97.8014840182648,184,2048,1.31227047276652,1.31227047276652,128.341999669915,241.457766989039
p49,97.8014840182648,184,2049,1.31227047276652,1.31227047276652,128.341999669915,241.457766989039
p49,97.8014840182648,184,2050,1.31227047276652,1.31227047276652,128.341999669915,241.457766989039
p5,4661.52049902153,7389,2023,1,1,4661.52049902153,7389
p5,4661.52049902153,7389,2024,1.02606562597152,1.02606562597152,4783.02594880759,7581.59891030355
p5,4661.52049902153,7389,2025,1.05281066880032,1.05281066880032,4907.69851420127,7779.21803176559
p5,4661.52049902153,7389,2026,1.0802528379121,1.0802528379121,5035.62074805342,7981.98821933249
p5,4661.52049902153,7389,2027,1.10841030433979,1.10841030433979,5166.8773550066,8190.04373876667
p5,4661.52049902153,7389,2028,1.13730171275568,1.13730171275568,5301.55524758291,8403.52235555174
p5,4661.52049902153,7389,2029,1.16694619381714,1.16694619381714,5439.74360373374,8622.56542611485
p5,4661.52049902153,7389,2030,1.19736337683406,1.19736337683406,5581.53392588963,8847.3179914269
p5,4661.52049902153,7389,2031,1.20989096301467,1.20989096301467,5639.93152567379,8939.88432571541
p5,4661.52049902153,7389,2032,1.2225496208637,1.2225496208637,5698.94011872715,9033.41914856191
p5,4661.52049902153,7389,2033,1.2353407217373,1.2353407217373,5758.56609765449,9127.93259291694
p5,4661.52049902153,7389,2034,1.24826565133963,1.24826565133963,5818.81592194412,9223.4348977485
p5,4661.52049902153,7389,2035,1.26132580987295,1.26132580987295,5879.69611866768,9319.93640915123
p5,4661.52049902153,7389,2036,1.27452261218938,1.27452261218938,5941.21328318724,9417.4475814673
p5,4661.52049902153,7389,2037,1.2878574879441,1.2878574879441,6003.37407986978,9515.97897841893
p5,4661.52049902153,7389,2038,1.30133188175028,1.30133188175028,6066.18524280918,9615.5412742528
p5,4661.52049902153,7389,2039,1.31494725333556,1.31494725333556,6129.65357655574,9716.14525489642
p5,4661.52049902153,7389,2040,1.32870507770018,1.32870507770018,6193.78595685337,9817.80181912661
p5,4661.52049902153,7389,2041,1.32870507770018,1.32870507770018,6193.78595685337,9817.80181912661
p5,4661.52049902153,7389,2042,1.32870507770018,1.32870507770018,6193.78595685337,9817.80181912661
p5,4661.52049902153,7389,2043,1.32870507770018,1.32870507770018,6193.78595685337,9817.80181912661
p5,4661.52049902153,7389,2044,1.32870507770018,1.32870507770018,6193.78595685337,9817.80181912661
p5,4661.52049902153,7389,2045,1.32870507770018,1.32870507770018,6193.78595685337,9817.80181912661
p5,4661.52049902153,7389,2046,1.32870507770018,1.32870507770018,6193.78595685337,9817.80181912661
p5,4661.52049902153,7389,2047,1.32870507770018,1.32870507770018,6193.78595685337,9817.80181912661
p5,4661.52049902153,7389,2048,1.32870507770018,1.32870507770018,6193.78595685337,9817.80181912661
p5,4661.52049902153,7389,2049,1.32870507770018,1.32870507770018,6193.78595685337,9817.80181912661
p5,4661.52049902153,7389,2050,1.32870507770018,1.32870507770018,6193.78595685337,9817.80181912661
p50,5088.7081702544,9585,2023,1,1,5088.7081702544,9585
p50,5088.7081702544,9585,2024,1.02948625785728,1.02948625785728,5238.75513152296,9867.62578156201
p50,5088.7081702544,9585,2025,1.05984195511698,1.05984195511698,5393.22641618219,10158.5851397963
p50,5088.7081702544,9585,2026,1.09109272829352,1.09109272829352,5552.25248097242,10458.1238006934
p50,5088.7081702544,9585,2027,1.12326496982619,1.12326496982619,5715.96762931509,10766.494735784
p50,5088.7081702544,9585,2028,1.15638585036853,1.15638585036853,5884.51012473693,11083.9583757824
p50,5088.7081702544,9585,2029,1.19048334173501,1.19048334173501,6058.02230763869,11410.78283053
p50,5088.7081702544,9585,2030,1.2255862405242,1.2255862405242,6236.65071550687,11747.2441154244
p50,5088.7081702544,9585,2031,1.23399052370615,1.23399052370615,6279.41766000001,11827.7991697235
p50,5088.7081702544,9585,2032,1.24245243806368,1.24245243806368,6322.47787272713,11908.9066188403
p50,5088.7081702544,9585,2033,1.25097237879435,1.25097237879435,6365.83336473339,11990.5702507438
p50,5088.7081702544,9585,2034,1.25955074380577,1.25955074380577,6409.48616085443,12072.7938793783
p50,5088.7081702544,9585,2035,1.26818793373412,1.26818793373412,6453.43829981088,12155.5813448416
p50,5088.7081702544,9585,2036,1.27688435196291,1.27688435196291,6497.69183430364,12238.9365135644
p50,5088.7081702544,9585,2037,1.28564040464175,1.28564040464175,6542.24883110967,12322.8632784912
p50,5088.7081702544,9585,2038,1.29445650070542,1.29445650070542,6587.11137117861,12407.3655592615
p50,5088.7081702544,9585,2039,1.30333305189287,1.30333305189287,6632.28154972988,12492.4473023932
p50,5088.7081702544,9585,2040,1.31227047276652,1.31227047276652,6677.76147635057,12578.112481467
p50,5088.7081702544,9585,2041,1.31227047276652,1.31227047276652,6677.76147635057,12578.112481467
p50,5088.7081702544,9585,2042,1.31227047276652,1.31227047276652,6677.76147635057,12578.112481467
p50,5088.7081702544,9585,2043,1.31227047276652,1.31227047276652,6677.76147635057,12578.112481467
p50,5088.7081702544,9585,2044,1.31227047276652,1.31227047276652,6677.76147635057,12578.112481467
p50,5088.7081702544,9585,2045,1.31227047276652,1.31227047276652,6677.76147635057,12578.112481467
p50,5088.7081702544,9585,2046,1.31227047276652,1.31227047276652,6677.76147635057,12578.112481467
p50,5088.7081702544,9585,2047,1.31227047276652,1.31227047276652,6677.76147635057,12578.112481467
p50,5088.7081702544,9585,2048,1.31227047276652,1.31227047276652,6677.76147635057,12578.112481467
p50,5088.7081702544,9585,2049,1.31227047276652,1.31227047276652,6677.76147635057,12578.112481467
p50,5088.7081702544,9585,2050,1.31227047276652,1.31227047276652,6677.76147635057,12578.112481467
p51,2841.93897586432,5353,2023,1,1,2841.93897586432,5353
p51,2841.93897586432,5353,2024,1.02948625785728,1.02948625785728,2925.7371213213,5510.83993831001
p51,2841.93897586432,5353,2025,1.05984195511698,1.05984195511698,3012.00616050319,5673.33398574121
p51,2841.93897586432,5353,2026,1.09109272829352,1.09109272829352,3100.8189508195,5840.61937455523
p51,2841.93897586432,5353,2027,1.12326496982619,1.12326496982619,3192.2504979721,6012.83738347958
p51,2841.93897586432,5353,2028,1.15638585036853,1.15638585036853,3286.37801930033,6190.13345702275
p51,2841.93897586432,5353,2029,1.19048334173501,1.19048334173501,3383.28100899391,6372.65732830748
p51,2841.93897586432,5353,2030,1.2255862405242,1.2255862405242,3483.04130522874,6560.56314552603
p51,2841.93897586432,5353,2031,1.23399052370615,1.23399052370615,3506.92576516774,6605.55127339903
p51,2841.93897586432,5353,2032,1.24245243806368,1.24245243806368,3530.97400939081,6650.84790095485
p51,2841.93897586432,5353,2033,1.25097237879435,1.25097237879435,3555.18716102536,6696.45514368615
p51,2841.93897586432,5353,2034,1.25955074380577,1.25955074380577,3579.56635090051,6742.37513159229
p51,2841.93897586432,5353,2035,1.26818793373412,1.26818793373412,3604.11271759984,6788.61000927876
p51,2841.93897586432,5353,2036,1.27688435196291,1.27688435196291,3628.82740751463,6835.16193605743
p51,2841.93897586432,5353,2037,1.28564040464175,1.28564040464175,3653.71157489738,6882.03308604731
p51,2841.93897586432,5353,2038,1.29445650070542,1.29445650070542,3678.76638191568,6929.22564827613
p51,2841.93897586432,5353,2039,1.30333305189287,1.30333305189287,3703.99299870655,6976.74182678256
p51,2841.93897586432,5353,2040,1.31227047276652,1.31227047276652,3729.39260343106,7024.58384071916
p51,2841.93897586432,5353,2041,1.31227047276652,1.31227047276652,3729.39260343106,7024.58384071916
p51,2841.93897586432,5353,2042,1.31227047276652,1.31227047276652,3729.39260343106,7024.58384071916
p51,2841.93897586432,5353,2043,1.31227047276652,1.31227047276652,3729.39260343106,7024.58384071916
p51,2841.93897586432,5353,2044,1.31227047276652,1.31227047276652,3729.39260343106,7024.58384071916
p51,2841.93897586432,5353,2045,1.31227047276652,1.31227047276652,3729.39260343106,7024.58384071916
p51,2841.93897586432,5353,2046,1.31227047276652,1.31227047276652,3729.39260343106,7024.58384071916
p51,2841.93897586432,5353,2047,1.31227047276652,1.31227047276652,3729.39260343106,7024.58384071916
p51,2841.93897586432,5353,2048,1.31227047276652,1.31227047276652,3729.39260343106,7024.58384071916
p51,2841.93897586432,5353,2049,1.31227047276652,1.31227047276652,3729.39260343106,7024.58384071916
p51,2841.93897586432,5353,2050,1.31227047276652,1.31227047276652,3729.39260343106,7024.58384071916
p52,196.184116112198,369,2023,1,1,196.184116112198,369
p52,196.184116112198,369,2024,1.02948625785728,1.02948625785728,201.968851547385,379.880429149336
p52,196.184116112198,369,2025,1.05984195511698,1.05984195511698,207.924157183249,391.081681438167
p52,196.184116112198,369,2026,1.09109272829352,1.09109272829352,214.055062496712,402.61321674031
p52,196.184116112198,369,2027,1.12326496982619,1.12326496982619,220.366745265146,414.484773865863
p52,196.184116112198,369,2028,1.15638585036853,1.15638585036853,226.864535939203,426.706378785988
p52,196.184116112198,369,2029,1.19048334173501,1.19048334173501,233.553922144578,439.288353100217
p52,196.184116112198,369,2030,1.2255862405242,1.2255862405242,240.440553316512,452.241322753429
p52,196.184116112198,369,2031,1.23399052370615,1.23399052370615,242.08934018412,455.34250324757
p52,196.184116112198,369,2032,1.24245243806368,1.24245243806368,243.749433372968,458.464949645496
p52,196.184116112198,369,2033,1.25097237879435,1.25097237879435,245.420910414544,461.608807775115
p52,196.184116112198,369,2034,1.25955074380577,1.25955074380577,247.103849371997,464.774224464329
p52,196.184116112198,369,2035,1.26818793373412,1.26818793373412,248.798328843784,467.961347547892
p52,196.184116112198,369,2036,1.27688435196291,1.27688435196291,250.50442796734,471.170325874312
p52,196.184116112198,369,2037,1.28564040464175,1.28564040464175,252.222226422772,474.401309312807
p52,196.184116112198,369,2038,1.29445650070542,1.29445650070542,253.951804436583,477.654448760301
p52,196.184116112198,369,2039,1.30333305189287,1.30333305189287,255.693242785417,480.929896148471
p52,196.184116112198,369,2040,1.31227047276652,1.31227047276652,257.446622799835,484.227804450844
p52,196.184116112198,369,2041,1.31227047276652,1.31227047276652,257.446622799835,484.227804450844
p52,196.184116112198,369,2042,1.31227047276652,1.31227047276652,257.446622799835,484.227804450844
p52,196.184116112198,369,2043,1.31227047276652,1.31227047276652,257.446622799835,484.227804450844
p52,196.184116112198,369,2044,1.31227047276652,1.31227047276652,257.446622799835,484.227804450844
p52,196.184116112198,369,2045,1.31227047276652,1.31227047276652,257.446622799835,484.227804450844
p52,196.184116112198,369,2046,1.31227047276652,1.31227047276652,257.446622799835,484.227804450844
p52,196.184116112198,369,2047,1.31227047276652,1.31227047276652,257.446622799835,484.227804450844
p52,196.184116112198,369,2048,1.31227047276652,1.31227047276652,257.446622799835,484.227804450844
p52,196.184116112198,369,2049,1.31227047276652,1.31227047276652,257.446622799835,484.227804450844
p52,196.184116112198,369,2050,1.31227047276652,1.31227047276652,257.446622799835,484.227804450844
p53,4661.5567677756,8765,2023,1,1,4661.5567677756,8765
p53,4661.5567677756,8765,2024,1.02948625785728,1.02948625785728,4799.00863264658,9023.44705011904
p53,4661.5567677756,8765,2025,1.05984195511698,1.05984195511698,4940.5134386481,9289.51473660035
p53,4661.5567677756,8765,2026,1.09109272829352,1.09109272829352,5086.19069184742,9563.42776349274
p53,4661.5567677756,8765,2027,1.12326496982619,1.12326496982619,5236.16342209853,9845.41746052654
p53,4661.5567677756,8765,2028,1.15638585036853,1.15638585036853,5390.55828694537,10135.7219784802
p53,4661.5567677756,8765,2029,1.19048334173501,1.19048334173501,5549.50567858893,10434.5864903073
p53,4661.5567677756,8765,2030,1.2255862405242,1.2255862405242,5713.13983400824,10742.2633981946
p53,4661.5567677756,8765,2031,1.23399052370615,1.23399052370615,5752.31687715338,10815.9269402844
p53,4661.5567677756,8765,2032,1.24245243806368,1.24245243806368,5791.76257129502,10890.0956196281
p53,4661.5567677756,8765,2033,1.25097237879435,1.25097237879435,5831.47875866915,10964.7729001325
p53,4661.5567677756,8765,2034,1.25955074380577,1.25955074380577,5871.46729414458,11039.9622694576
p53,4661.5567677756,8765,2035,1.26818793373412,1.26818793373412,5911.73004530966,11115.6672391796
p53,4661.5567677756,8765,2036,1.27688435196291,1.27688435196291,5952.26889255945,11191.8913449549
p53,4661.5567677756,8765,2037,1.28564040464175,1.28564040464175,5993.08572918354,11268.638146685
p53,4661.5567677756,8765,2038,1.29445650070542,1.29445650070542,6034.18246145449,11345.911228683
p53,4661.5567677756,8765,2039,1.30333305189287,1.30333305189287,6075.56100871686,11423.714199841
p53,4661.5567677756,8765,2040,1.31227047276652,1.31227047276652,6117.22330347684,11502.0506937985
p53,4661.5567677756,8765,2041,1.31227047276652,1.31227047276652,6117.22330347684,11502.0506937985
p53,4661.5567677756,8765,2042,1.31227047276652,1.31227047276652,6117.22330347684,11502.0506937985
p53,4661.5567677756,8765,2043,1.31227047276652,1.31227047276652,6117.22330347684,11502.0506937985
p53,4661.5567677756,8765,2044,1.31227047276652,1.31227047276652,6117.22330347684,11502.0506937985
p53,4661.5567677756,8765,2045,1.31227047276652,1.31227047276652,6117.22330347684,11502.0506937985
p53,4661.5567677756,8765,2046,1.31227047276652,1.31227047276652,6117.22330347684,11502.0506937985
p53,4661.5567677756,8765,2047,1.31227047276652,1.31227047276652,6117.22330347684,11502.0506937985
p53,4661.5567677756,8765,2048,1.31227047276652,1.31227047276652,6117.22330347684,11502.0506937985
p53,4661.5567677756,8765,2049,1.31227047276652,1.31227047276652,6117.22330347684,11502.0506937985
p53,4661.5567677756,8765,2050,1.31227047276652,1.31227047276652,6117.22330347684,11502.0506937985
p54,2531.51133398565,4650,2023,1,1,2531.51133398565,4650
p54,2531.51133398565,4650,2024,1.02948625785728,1.02948625785728,2606.15612994817,4787.11109903634
p54,2531.51133398565,4650,2025,1.05984195511698,1.05984195511698,2683.00192161215,4928.26509129397
p54,2531.51133398565,4650,2026,1.09109272829352,1.09109272829352,2762.11360810438,5073.58118656489
p54,2531.51133398565,4650,2027,1.12326496982619,1.12326496982619,2843.55800218404,5223.18210969177
p54,2531.51133398565,4650,2028,1.15638585036853,1.15638585036853,2927.40388666857,5377.19420421367
p54,2531.51133398565,4650,2029,1.19048334173501,1.19048334173501,3013.72207252328,5535.74753906778
p54,2531.51133398565,4650,2030,1.2255862405242,1.2255862405242,3102.58545866387,5698.97601843752
p54,2531.51133398565,4650,2031,1.23399052370615,1.23399052370615,3123.86099679301,5738.05593523361
p54,2531.51133398565,4650,2032,1.24245243806368,1.24245243806368,3145.2824288963,5777.40383699609
p54,2531.51133398565,4650,2033,1.25097237879435,1.25097237879435,3166.85075542088,5817.02156139373
p54,2531.51133398565,4650,2034,1.25955074380577,1.25955074380577,3188.56698367436,5856.91095869683
p54,2531.51133398565,4650,2035,1.26818793373412,1.26818793373412,3210.43212787178,5897.07389186368
p54,2531.51133398565,4650,2036,1.27688435196291,1.27688435196291,3232.44720918302,5937.51223662751
p54,2531.51133398565,4650,2037,1.28564040464175,1.28564040464175,3254.6132557805,5978.22788158416
p54,2531.51133398565,4650,2038,1.29445650070542,1.29445650070542,3276.93130288718,6019.22272828022
p54,2531.51133398565,4650,2039,1.30333305189287,1.30333305189287,3299.40239282492,6060.49869130187
p54,2531.51133398565,4650,2040,1.31227047276652,1.31227047276652,3322.02757506314,6102.0576983643
p54,2531.51133398565,4650,2041,1.31227047276652,1.31227047276652,3322.02757506314,6102.0576983643
p54,2531.51133398565,4650,2042,1.31227047276652,1.31227047276652,3322.02757506314,6102.0576983643
p54,2531.51133398565,4650,2043,1.31227047276652,1.31227047276652,3322.02757506314,6102.0576983643
p54,2531.51133398565,4650,2044,1.31227047276652,1.31227047276652,3322.02757506314,6102.0576983643
p54,2531.51133398565,4650,2045,1.31227047276652,1.31227047276652,3322.02757506314,6102.0576983643
p54,2531.51133398565,4650,2046,1.31227047276652,1.31227047276652,3322.02757506314,6102.0576983643
p54,2531.51133398565,4650,2047,1.31227047276652,1.31227047276652,3322.02757506314,6102.0576983643
p54,2531.51133398565,4650,2048,1.31227047276652,1.31227047276652,3322.02757506314,6102.0576983643
p54,2531.51133398565,4650,2049,1.31227047276652,1.31227047276652,3322.02757506314,6102.0576983643
p54,2531.51133398565,4650,2050,1.31227047276652,1.31227047276652,3322.02757506314,6102.0576983643
p55,1199.38677429876,2203,2023,1,1,1199.38677429876,2203
p55,1199.38677429876,2203,2024,1.02948625785728,1.02948625785728,1234.75220199634,2267.95822605958
p55,1199.38677429876,2203,2025,1.05984195511698,1.05984195511698,1271.16042381425,2334.83182712271
p55,1199.38677429876,2203,2026,1.09109272829352,1.09109272829352,1308.6421878488,2403.67728043063
p55,1199.38677429876,2203,2027,1.12326496982619,1.12326496982619,1347.22914884263,2474.55272852709
p55,1199.38677429876,2203,2028,1.15638585036853,1.15638585036853,1386.95389491824,2547.51802836187
p55,1199.38677429876,2203,2029,1.19048334173501,1.19048334173501,1427.84997509996,2622.63480184222
p55,1199.38677429876,2203,2030,1.2255862405242,1.2255862405242,1469.95192764726,2699.96648787481
p55,1199.38677429876,2203,2031,1.23399052370615,1.23399052370615,1480.03191374316,2718.48112372465
p55,1199.38677429876,2203,2032,1.24245243806368,1.24245243806368,1490.18102190882,2737.12272105428
p55,1199.38677429876,2203,2033,1.25097237879435,1.25097237879435,1500.399726139,2755.89215048395
p55,1199.38677429876,2203,2034,1.25955074380577,1.25955074380577,1510.68850367881,2774.79028860411
p55,1199.38677429876,2203,2035,1.26818793373412,1.26818793373412,1521.04783504598,2793.81801801627
p55,1199.38677429876,2203,2036,1.27688435196291,1.27688435196291,1531.47820405335,2812.97622737428
p55,1199.38677429876,2203,2037,1.28564040464175,1.28564040464175,1541.98009783143,2832.26581142579
p55,1199.38677429876,2203,2038,1.29445650070542,1.29445650070542,1552.55400685114,2851.68767105405
p55,1199.38677429876,2203,2039,1.30333305189287,1.30333305189287,1563.20042494675,2871.24271332
p55,1199.38677429876,2203,2040,1.31227047276652,1.31227047276652,1573.91984933894,2890.93185150463
p55,1199.38677429876,2203,2041,1.31227047276652,1.31227047276652,1573.91984933894,2890.93185150463
p55,1199.38677429876,2203,2042,1.31227047276652,1.31227047276652,1573.91984933894,2890.93185150463
p55,1199.38677429876,2203,2043,1.31227047276652,1.31227047276652,1573.91984933894,2890.93185150463
p55,1199.38677429876,2203,2044,1.31227047276652,1.31227047276652,1573.91984933894,2890.93185150463
p55,1199.38677429876,2203,2045,1.31227047276652,1.31227047276652,1573.91984933894,2890.93185150463
p55,1199.38677429876,2203,2046,1.31227047276652,1.31227047276652,1573.91984933894,2890.93185150463
p55,1199.38677429876,2203,2047,1.31227047276652,1.31227047276652,1573.91984933894,2890.93185150463
p55,1199.38677429876,2203,2048,1.31227047276652,1.31227047276652,1573.91984933894,2890.93185150463
p55,1199.38677429876,2203,2049,1.31227047276652,1.31227047276652,1573.91984933894,2890.93185150463
p55,1199.38677429876,2203,2050,1.31227047276652,1.31227047276652,1573.91984933894,2890.93185150463
p56,1662.0310828441,2883,2023,1,1,1662.0310828441,2883
p56,1662.0310828441,2883,2024,1.02948625785728,1.02948625785728,1711.03815991965,2968.00888140253
p56,1662.0310828441,2883,2025,1.05984195511698,1.05984195511698,1761.49027230668,3055.52435660226
p56,1662.0310828441,2883,2026,1.09109272829352,1.09109272829352,1813.43002868901,3145.62033567023
p56,1662.0310828441,2883,2027,1.12326496982619,1.12326496982619,1866.90129412106,3238.3729080089
p56,1662.0310828441,2883,2028,1.15638585036853,1.15638585036853,1921.9492270736,3333.86040661247
p56,1662.0310828441,2883,2029,1.19048334173501,1.19048334173501,1978.62031757169,3432.16347422202
p56,1662.0310828441,2883,2030,1.2255862405242,1.2255862405242,2036.96242645726,3533.36513143126
p56,1662.0310828441,2883,2031,1.23399052370615,1.23399052370615,2050.93060633469,3557.59467984484
p56,1662.0310828441,2883,2032,1.24245243806368,1.24245243806368,2064.99457101726,3581.99037893758
p56,1662.0310828441,2883,2033,1.25097237879435,1.25097237879435,2079.15497733563,3606.55336806411
p56,1662.0310828441,2883,2034,1.25955074380577,1.25955074380577,2093.41248662459,3631.28479439203
p56,1662.0310828441,2883,2035,1.26818793373412,1.26818793373412,2107.76776475394,3656.18581295548
p56,1662.0310828441,2883,2036,1.27688435196291,1.27688435196291,2122.22148215959,3681.25758670906
p56,1662.0310828441,2883,2037,1.28564040464175,1.28564040464175,2136.77431387486,3706.50128658218
p56,1662.0310828441,2883,2038,1.29445650070542,1.29445650070542,2151.42693956201,3731.91809153373
p56,1662.0310828441,2883,2039,1.30333305189287,1.30333305189287,2166.18004354402,3757.50918860716
p56,1662.0310828441,2883,2040,1.31227047276652,1.31227047276652,2181.03431483647,3783.27577298586
p56,1662.0310828441,2883,2041,1.31227047276652,1.31227047276652,2181.03431483647,3783.27577298586
p56,1662.0310828441,2883,2042,1.31227047276652,1.31227047276652,2181.03431483647,3783.27577298586
p56,1662.0310828441,2883,2043,1.31227047276652,1.31227047276652,2181.03431483647,3783.27577298586
p56,1662.0310828441,2883,2044,1.31227047276652,1.31227047276652,2181.03431483647,3783.27577298586
p56,1662.0310828441,2883,2045,1.31227047276652,1.31227047276652,2181.03431483647,3783.27577298586
p56,1662.0310828441,2883,2046,1.31227047276652,1.31227047276652,2181.03431483647,3783.27577298586
p56,1662.0310828441,2883,2047,1.31227047276652,1.31227047276652,2181.03431483647,3783.27577298586
p56,1662.0310828441,2883,2048,1.31227047276652,1.31227047276652,2181.03431483647,3783.27577298586
p56,1662.0310828441,2883,2049,1.31227047276652,1.31227047276652,2181.03431483647,3783.27577298586
p56,1662.0310828441,2883,2050,1.31227047276652,1.31227047276652,2181.03431483647,3783.27577298586
p57,1026.33935094586,1828,2023,1,1,1026.33935094586,1828
p57,1026.33935094586,1828,2024,1.02948625785728,1.02948625785728,1056.60225769692,1881.9008793631
p57,1026.33935094586,1828,2025,1.05984195511698,1.05984195511698,1087.75750431995,1937.39109395384
p57,1026.33935094586,1828,2026,1.09109272829352,1.09109272829352,1119.83140257852,1994.51750732056
p57,1026.33935094586,1828,2027,1.12326496982619,1.12326496982619,1152.85104007163,2053.32836484227
p57,1026.33935094586,1828,2028,1.15638585036853,1.15638585036853,1186.84430311021,2113.87333447367
p57,1026.33935094586,1828,2029,1.19048334173501,1.19048334173501,1221.83990026816,2176.20354869159
p57,1026.33935094586,1828,2030,1.2255862405242,1.2255862405242,1257.86738662778,2240.37164767823
p57,1026.33935094586,1828,2031,1.23399052370615,1.23399052370615,1266.49303317391,2255.73467733485
p57,1026.33935094586,1828,2032,1.24245243806368,1.24245243806368,1275.17782886337,2271.2030567804
p57,1026.33935094586,1828,2033,1.25097237879435,1.25097237879435,1283.92217930299,2286.77750843607
p57,1026.33935094586,1828,2034,1.25955074380577,1.25955074380577,1292.72649288099,2302.45875967695
p57,1026.33935094586,1828,2035,1.26818793373412,1.26818793373412,1301.59118078605,2318.24754286598
p57,1026.33935094586,1828,2036,1.27688435196291,1.27688435196291,1310.51665702653,2334.14459538819
p57,1026.33935094586,1828,2037,1.28564040464175,1.28564040464175,1319.50333844979,2350.15065968513
p57,1026.33935094586,1828,2038,1.29445650070542,1.29445650070542,1328.55164476165,2366.26648328951
p57,1026.33935094586,1828,2039,1.30333305189287,1.30333305189287,1337.66199854602,2382.49281886017
p57,1026.33935094586,1828,2040,1.31227047276652,1.31227047276652,1346.8348252846,2398.83042421719
p57,1026.33935094586,1828,2041,1.31227047276652,1.31227047276652,1346.8348252846,2398.83042421719
p57,1026.33935094586,1828,2042,1.31227047276652,1.31227047276652,1346.8348252846,2398.83042421719
p57,1026.33935094586,1828,2043,1.31227047276652,1.31227047276652,1346.8348252846,2398.83042421719
p57,1026.33935094586,1828,2044,1.31227047276652,1.31227047276652,1346.8348252846,2398.83042421719
p57,1026.33935094586,1828,2045,1.31227047276652,1.31227047276652,1346.8348252846,2398.83042421719
p57,1026.33935094586,1828,2046,1.31227047276652,1.31227047276652,1346.8348252846,2398.83042421719
p57,1026.33935094586,1828,2047,1.31227047276652,1.31227047276652,1346.8348252846,2398.83042421719
p57,1026.33935094586,1828,2048,1.31227047276652,1.31227047276652,1346.8348252846,2398.83042421719
p57,1026.33935094586,1828,2049,1.31227047276652,1.31227047276652,1346.8348252846,2398.83042421719
p57,1026.33935094586,1828,2050,1.31227047276652,1.31227047276652,1346.8348252846,2398.83042421719
p58,8464.28604044357,14428,2023,1,1,8464.28604044357,14428
p58,8464.28604044357,14428,2024,1,1,8464.28604044357,14428
p58,8464.28604044357,14428,2025,1,1,8464.28604044357,14428
p58,8464.28604044357,14428,2026,1,1,8464.28604044357,14428
p58,8464.28604044357,14428,2027,1,1,8464.28604044357,14428
p58,8464.28604044357,14428,2028,1,1,8464.28604044357,14428
p58,8464.28604044357,14428,2029,1,1,8464.28604044357,14428
p58,8464.28604044357,14428,2030,1,1,8464.28604044357,14428
p58,8464.28604044357,14428,2031,1.01845490252449,1.01845490252449,8620.49361425935,14694.2673336233
p58,8464.28604044357,14428,2032,1.03725038847617,1.03725038847617,8779.58398362349,14965.4486049341
p58,8464.28604044357,14428,2033,1.05639274328898,1.05639274328898,8941.61035024682,15241.6345001734
p58,8464.28604044357,14428,2034,1.07588836839396,1.07588836839396,9106.62689767259,15522.917379188
p58,8464.28604044357,14428,2035,1.0957437833599,1.0957437833599,9274.68880939603,15809.3913063166
p58,8464.28604044357,14428,2036,1.11596562807362,1.11596562807362,9445.8522873184,16101.1520818462
p58,8464.28604044357,14428,2037,1.1365606649604,1.1365606649604,9620.17457054158,16398.2972740486
p58,8464.28604044357,14428,2038,1.15753578124541,1.15753578124541,9797.71395450949,16700.9262518088
p58,8464.28604044357,14428,2039,1.1788979912569,1.1788979912569,9978.52981050279,17009.1402178546
p58,8464.28604044357,14428,2040,1.20065443877187,1.20065443877187,10162.6826054933,17323.0422426005
p58,8464.28604044357,14428,2041,1.20065443877187,1.20065443877187,10162.6826054933,17323.0422426005
p58,8464.28604044357,14428,2042,1.20065443877187,1.20065443877187,10162.6826054933,17323.0422426005
p58,8464.28604044357,14428,2043,1.20065443877187,1.20065443877187,10162.6826054933,17323.0422426005
p58,8464.28604044357,14428,2044,1.20065443877187,1.20065443877187,10162.6826054933,17323.0422426005
p58,8464.28604044357,14428,2045,1.20065443877187,1.20065443877187,10162.6826054933,17323.0422426005
p58,8464.28604044357,14428,2046,1.20065443877187,1.20065443877187,10162.6826054933,17323.0422426005
p58,8464.28604044357,14428,2047,1.20065443877187,1.20065443877187,10162.6826054933,17323.0422426005
p58,8464.28604044357,14428,2048,1.20065443877187,1.20065443877187,10162.6826054933,17323.0422426005
p58,8464.28604044357,14428,2049,1.20065443877187,1.20065443877187,10162.6826054933,17323.0422426005
p58,8464.28604044357,14428,2050,1.20065443877187,1.20065443877187,10162.6826054933,17323.0422426005
p59,884.442563600783,1573,2023,1,1,884.442563600783,1573
p59,884.442563600783,1573,2024,1.02606562597152,1.02606562597152,907.496112656892,1614.0012296532
p59,884.442563600783,1573,2025,1.05281066880032,1.05281066880032,931.150566900013,1656.07118202291
p59,884.442563600783,1573,2026,1.0802528379121,1.0802528379121,955.421589299996,1699.23771403573
p59,884.442563600783,1573,2027,1.10841030433979,1.10841030433979,980.325251091804,1743.52940872648
p59,884.442563600783,1573,2028,1.13730171275568,1.13730171275568,1005.8780424172,1788.97559416469
p59,884.442563600783,1573,2029,1.16694619381714,1.16694619381714,1032.09688324381,1835.60636287436
p59,884.442563600783,1573,2030,1.19736337683406,1.19736337683406,1058.99913456881,1883.45259175998
p59,884.442563600783,1573,2031,1.20989096301467,1.20989096301467,1070.07906500612,1903.15848482208
p59,884.442563600783,1573,2032,1.2225496208637,1.2225496208637,1081.27492080586,1923.07055361861
p59,884.442563600783,1573,2033,1.2353407217373,1.2353407217373,1092.58791485378,1943.19095529278
p59,884.442563600783,1573,2034,1.24826565133963,1.24826565133963,1104.01927272562,1963.52186955723
p59,884.442563600783,1573,2035,1.26132580987295,1.26132580987295,1115.57023281987,1984.06549893015
p59,884.442563600783,1573,2036,1.27452261218938,1.27452261218938,1127.24204649194,2004.82406897389
p59,884.442563600783,1573,2037,1.2878574879441,1.2878574879441,1139.03597818974,2025.79982853606
p59,884.442563600783,1573,2038,1.30133188175028,1.30133188175028,1150.95330559065,2046.99504999319
p59,884.442563600783,1573,2039,1.31494725333556,1.31494725333556,1162.99531973991,2068.41202949683
p59,884.442563600783,1573,2040,1.32870507770018,1.32870507770018,1175.16332519052,2090.05308722238
p59,884.442563600783,1573,2041,1.32870507770018,1.32870507770018,1175.16332519052,2090.05308722238
p59,884.442563600783,1573,2042,1.32870507770018,1.32870507770018,1175.16332519052,2090.05308722238
p59,884.442563600783,1573,2043,1.32870507770018,1.32870507770018,1175.16332519052,2090.05308722238
p59,884.442563600783,1573,2044,1.32870507770018,1.32870507770018,1175.16332519052,2090.05308722238
p59,884.442563600783,1573,2045,1.32870507770018,1.32870507770018,1175.16332519052,2090.05308722238
p59,884.442563600783,1573,2046,1.32870507770018,1.32870507770018,1175.16332519052,2090.05308722238
p59,884.442563600783,1573,2047,1.32870507770018,1.32870507770018,1175.16332519052,2090.05308722238
p59,884.442563600783,1573,2048,1.32870507770018,1.32870507770018,1175.16332519052,2090.05308722238
p59,884.442563600783,1573,2049,1.32870507770018,1.32870507770018,1175.16332519052,2090.05308722238
p59,884.442563600783,1573,2050,1.32870507770018,1.32870507770018,1175.16332519052,2090.05308722238
p6,1377.02504892368,2183,2023,1,1,1377.02504892368,2183
p6,1377.02504892368,2183,2024,1.02606562597152,1.02606562597152,1412.91806880234,2239.90126149582
p6,1377.02504892368,2183,2025,1.05281066880032,1.05281066880032,1449.74666271214,2298.28568999111
p6,1377.02504892368,2183,2026,1.0802528379121,1.0802528379121,1487.53521697585,2358.19194516211
p6,1377.02504892368,2183,2027,1.10841030433979,1.10841030433979,1526.308753561,2419.65969437375
p6,1377.02504892368,2183,2028,1.13730171275568,1.13730171275568,1566.09294664838,2482.72963894566
p6,1377.02504892368,2183,2029,1.16694619381714,1.16694619381714,1606.91413963235,2547.44354110282
p6,1377.02504892368,2183,2030,1.19736337683406,1.19736337683406,1648.79936256435,2613.84425162876
p6,1377.02504892368,2183,2031,1.20989096301467,1.20989096301467,1666.0501625376,2641.19197226103
p6,1377.02504892368,2183,2032,1.2225496208637,1.2225496208637,1683.48145148147,2668.82582234547
p6,1377.02504892368,2183,2033,1.2353407217373,1.2353407217373,1701.09511778773,2696.74879555254
p6,1377.02504892368,2183,2034,1.24826565133963,1.24826565133963,1718.8930696057,2724.9639168744
p6,1377.02504892368,2183,2035,1.26132580987295,1.26132580987295,1736.877235049,2753.47424295265
p6,1377.02504892368,2183,2036,1.27452261218938,1.27452261218938,1755.04956240441,2782.28286240941
p6,1377.02504892368,2183,2037,1.2878574879441,1.2878574879441,1773.41202034295,2811.39289618196
p6,1377.02504892368,2183,2038,1.30133188175028,1.30133188175028,1791.96659813312,2840.80749786086
p6,1377.02504892368,2183,2039,1.31494725333556,1.31494725333556,1810.71530585645,2870.52985403152
p6,1377.02504892368,2183,2040,1.32870507770018,1.32870507770018,1829.66017462523,2900.56318461949
p6,1377.02504892368,2183,2041,1.32870507770018,1.32870507770018,1829.66017462523,2900.56318461949
p6,1377.02504892368,2183,2042,1.32870507770018,1.32870507770018,1829.66017462523,2900.56318461949
p6,1377.02504892368,2183,2043,1.32870507770018,1.32870507770018,1829.66017462523,2900.56318461949
p6,1377.02504892368,2183,2044,1.32870507770018,1.32870507770018,1829.66017462523,2900.56318461949
p6,1377.02504892368,2183,2045,1.32870507770018,1.32870507770018,1829.66017462523,2900.56318461949
p6,1377.02504892368,2183,2046,1.32870507770018,1.32870507770018,1829.66017462523,2900.56318461949
p6,1377.02504892368,2183,2047,1.32870507770018,1.32870507770018,1829.66017462523,2900.56318461949
p6,1377.02504892368,2183,2048,1.32870507770018,1.32870507770018,1829.66017462523,2900.56318461949
p6,1377.02504892368,2183,2049,1.32870507770018,1.32870507770018,1829.66017462523,2900.56318461949
p6,1377.02504892368,2183,2050,1.32870507770018,1.32870507770018,1829.66017462523,2900.56318461949
p60,504.360812133072,899,2023,1,1,504.360812133072,899
p60,504.360812133072,899,2024,1.07018883575736,1.07018883575736,539.761310338331,962.099763345871
p60,504.360812133072,899,2025,1.1453041441797,1.1453041441797,577.646528297848,1029.62842561755
p60,504.360812133072,899,2026,1.22569170864776,1.22569170864776,618.190865598358,1101.89684607434
p60,504.360812133072,899,2027,1.3117215826752,1.3117215826752,661.580962730544,1179.23770282501
p60,504.360812133072,899,2028,1.40378979340098,1.40378979340098,708.016560263837,1262.00702426748
p60,504.360812133072,899,2029,1.50232016464787,1.50232016464787,757.711418325689,1350.58582801843
p60,504.360812133072,899,2030,1.60776626793931,1.60776626793931,810.894300618031,1445.38187487744
p60,504.360812133072,899,2031,1.63700580464243,1.63700580464243,825.641577096008,1471.66821837354
p60,504.360812133072,899,2032,1.66677710427878,1.66677710427878,840.657053958859,1498.43261674663
p60,504.360812133072,899,2033,1.6970898377204,1.6970898377204,855.945608815446,1525.68376411064
p60,504.360812133072,899,2034,1.72795385171798,1.72795385171798,871.512207980949,1553.43051269446
p60,504.360812133072,899,2035,1.7593791720995,1.7593791720995,887.361908090114,1581.68187571745
p60,504.360812133072,899,2036,1.79137600702702,1.79137600702702,903.499857739848,1610.44703031729
p60,504.360812133072,899,2037,1.82395475031268,1.82395475031268,919.93129916168,1639.7353205311
p60,504.360812133072,899,2038,1.85712598479501,1.85712598479501,936.661569924641,1669.55626033071
p60,504.360812133072,899,2039,1.89090048577662,1.89090048577662,953.696104669116,1699.91953671318
p60,504.360812133072,899,2040,1.92528922452448,1.92528922452448,971.040436872222,1730.83501284751
p60,504.360812133072,899,2041,1.92528922452448,1.92528922452448,971.040436872222,1730.83501284751
p60,504.360812133072,899,2042,1.92528922452448,1.92528922452448,971.040436872222,1730.83501284751
p60,504.360812133072,899,2043,1.92528922452448,1.92528922452448,971.040436872222,1730.83501284751
p60,504.360812133072,899,2044,1.92528922452448,1.92528922452448,971.040436872222,1730.83501284751
p60,504.360812133072,899,2045,1.92528922452448,1.92528922452448,971.040436872222,1730.83501284751
p60,504.360812133072,899,2046,1.92528922452448,1.92528922452448,971.040436872222,1730.83501284751
p60,504.360812133072,899,2047,1.92528922452448,1.92528922452448,971.040436872222,1730.83501284751
p60,504.360812133072,899,2048,1.92528922452448,1.92528922452448,971.040436872222,1730.83501284751
p60,504.360812133072,899,2049,1.92528922452448,1.92528922452448,971.040436872222,1730.83501284751
p60,504.360812133072,899,2050,1.92528922452448,1.92528922452448,971.040436872222,1730.83501284751
p61,1120.22829419439,1996,2023,1,1,1120.22829419439,1996
p61,1120.22829419439,1996,2024,1.07018883575736,1.07018883575736,1198.85581394635,2136.0969161717
p61,1120.22829419439,1996,2025,1.1453041441797,1.1453041441797,1283.00210776819,2286.02707178269
p61,1120.22829419439,1996,2026,1.22569170864776,1.22569170864776,1373.05453198669,2446.48065046093
p61,1120.22829419439,1996,2027,1.3117215826752,1.3117215826752,1469.42763101821,2618.1962790197
p61,1120.22829419439,1996,2028,1.40378979340098,1.40378979340098,1572.56504566908,2801.96442762836
p61,1120.22829419439,1996,2029,1.50232016464787,1.50232016464787,1682.94155537732,2998.63104863714
p61,1120.22829419439,1996,2030,1.60776626793931,1.60776626793931,1801.06526379694,3209.10147080687
p61,1120.22829419439,1996,2031,1.63700580464243,1.63700580464243,1833.8202201209,3267.46358606628
p61,1120.22829419439,1996,2032,1.66677710427878,1.66677710427878,1867.17087232849,3326.88710014045
p61,1120.22829419439,1996,2033,1.6970898377204,1.6970898377204,1901.12805400416,3387.39131608992
p61,1120.22829419439,1996,2034,1.72795385171798,1.72795385171798,1935.70279575665,3448.99588802908
p61,1120.22829419439,1996,2035,1.7593791720995,1.7593791720995,1970.90632880216,3511.72082751059
p61,1120.22829419439,1996,2036,1.79137600702702,1.79137600702702,2006.75008861264,3575.58651002593
p61,1120.22829419439,1996,2037,1.82395475031268,1.82395475031268,2043.24571863053,3640.61368162411
p61,1120.22829419439,1996,2038,1.85712598479501,1.85712598479501,2080.40507405099,3706.82346565083
p61,1120.22829419439,1996,2039,1.89090048577662,1.89090048577662,2118.24022567288,3774.23736961013
p61,1120.22829419439,1996,2040,1.92528922452448,1.92528922452448,2156.7634638199,3842.87729215087
p61,1120.22829419439,1996,2041,1.92528922452448,1.92528922452448,2156.7634638199,3842.87729215087
p61,1120.22829419439,1996,2042,1.92528922452448,1.92528922452448,2156.7634638199,3842.87729215087
p61,1120.22829419439,1996,2043,1.92528922452448,1.92528922452448,2156.7634638199,3842.87729215087
p61,1120.22829419439,1996,2044,1.92528922452448,1.92528922452448,2156.7634638199,3842.87729215087
p61,1120.22829419439,1996,2045,1.92528922452448,1.92528922452448,2156.7634638199,3842.87729215087
p61,1120.22829419439,1996,2046,1.92528922452448,1.92528922452448,2156.7634638199,3842.87729215087
p61,1120.22829419439,1996,2047,1.92528922452448,1.92528922452448,2156.7634638199,3842.87729215087
p61,1120.22829419439,1996,2048,1.92528922452448,1.92528922452448,2156.7634638199,3842.87729215087
p61,1120.22829419439,1996,2049,1.92528922452448,1.92528922452448,2156.7634638199,3842.87729215087
p61,1120.22829419439,1996,2050,1.92528922452448,1.92528922452448,2156.7634638199,3842.87729215087
p62,962.605283757338,1715,2023,1,1,962.605283757338,1715
p62,962.605283757338,1715,2024,1.07018883575736,1.07018883575736,1030.16942791815,1835.37385332388
p62,962.605283757338,1715,2025,1.1453041441797,1.1453041441797,1102.47582069656,1964.19660726819
p62,962.605283757338,1715,2026,1.22569170864776,1.22569170864776,1179.85731500189,2102.06128033091
p62,962.605283757338,1715,2027,1.3117215826752,1.3117215826752,1262.67012630169,2249.60251428797
p62,962.605283757338,1715,2028,1.40378979340098,1.40378979340098,1351.29547241241,2407.49949568268
p62,962.605283757338,1715,2029,1.50232016464787,1.50232016464787,1446.14132838523,2576.47908237109
p62,962.605283757338,1715,2030,1.60776626793931,1.60776626793931,1547.6443045652,2757.31914951592
p62,962.605283757338,1715,2031,1.63700580464243,1.63700580464243,1575.79043709023,2807.46495496176
p62,962.605283757338,1715,2032,1.66677710427878,1.66677710427878,1604.44844742451,2858.52273383812
p62,962.605283757338,1715,2033,1.6970898377204,1.6970898377204,1633.62764480054,2910.50907169049
p62,962.605283757338,1715,2034,1.72795385171798,1.72795385171798,1663.33750775257,2963.44085569633
p62,962.605283757338,1715,2035,1.7593791720995,1.7593791720995,1693.58768719559,3017.33528015063
p62,962.605283757338,1715,2036,1.79137600702702,1.79137600702702,1724.38800956033,3072.20985205134
p62,962.605283757338,1715,2037,1.82395475031268,1.82395475031268,1755.74847998528,3128.08239678625
p62,962.605283757338,1715,2038,1.85712598479501,1.85712598479501,1787.67928556672,3184.97106392343
p62,962.605283757338,1715,2039,1.89090048577662,1.89090048577662,1820.19079866789,3242.8943331069
p62,962.605283757338,1715,2040,1.92528922452448,1.92528922452448,1853.29358028834,3301.87102005949
p62,962.605283757338,1715,2041,1.92528922452448,1.92528922452448,1853.29358028834,3301.87102005949
p62,962.605283757338,1715,2042,1.92528922452448,1.92528922452448,1853.29358028834,3301.87102005949
p62,962.605283757338,1715,2043,1.92528922452448,1.92528922452448,1853.29358028834,3301.87102005949
p62,962.605283757338,1715,2044,1.92528922452448,1.92528922452448,1853.29358028834,3301.87102005949
p62,962.605283757338,1715,2045,1.92528922452448,1.92528922452448,1853.29358028834,3301.87102005949
p62,962.605283757338,1715,2046,1.92528922452448,1.92528922452448,1853.29358028834,3301.87102005949
p62,962.605283757338,1715,2047,1.92528922452448,1.92528922452448,1853.29358028834,3301.87102005949
p62,962.605283757338,1715,2048,1.92528922452448,1.92528922452448,1853.29358028834,3301.87102005949
p62,962.605283757338,1715,2049,1.92528922452448,1.92528922452448,1853.29358028834,3301.87102005949
p62,962.605283757338,1715,2050,1.92528922452448,1.92528922452448,1853.29358028834,3301.87102005949
p63,17384.5027560339,30962,2023,1,1,17384.5027560339,30962
p63,17384.5027560339,30962,2024,1.07018883575736,1.07018883575736,18604.7007647006,33135.1867327195
p63,17384.5027560339,30962,2025,1.1453041441797,1.1453041441797,19910.5430509891,35460.906912092
p63,17384.5027560339,30962,2026,1.22569170864776,1.22569170864776,21308.0408870349,37949.866683152
p63,17384.5027560339,30962,2027,1.3117215826752,1.3117215826752,22803.6274691662,40613.5236427896
p63,17384.5027560339,30962,2028,1.40378979340098,1.40378979340098,24404.1875322717,43464.1395832812
p63,17384.5027560339,30962,2029,1.50232016464787,1.50232016464787,26117.0890427662,46514.8369378273
p63,17384.5027560339,30962,2030,1.60776626793931,1.60776626793931,27950.2171160494,49779.659187937
p63,17384.5027560339,30962,2031,1.63700580464243,1.63700580464243,28458.5319224498,50684.9737233388
p63,17384.5027560339,30962,2032,1.66677710427878,1.66677710427878,28976.0911630288,51606.7527026797
p63,17384.5027560339,30962,2033,1.6970898377204,1.6970898377204,29503.0629610875,52545.2955554991
p63,17384.5027560339,30962,2034,1.72795385171798,1.72795385171798,30039.6184974906,53500.907156892
p63,17384.5027560339,30962,2035,1.7593791720995,1.7593791720995,30585.9320662724,54473.8979265446
p63,17384.5027560339,30962,2036,1.79137600702702,1.79137600702702,31142.1811312543,55464.5839295706
p63,17384.5027560339,30962,2037,1.82395475031268,1.82395475031268,31708.546383692,56473.2869791813
p63,17384.5027560339,30962,2038,1.85712598479501,1.85712598479501,32285.211800971,57500.334741223
p63,17384.5027560339,30962,2039,1.89090048577662,1.89090048577662,32872.3647063695,58546.0608406156
p63,17384.5027560339,30962,2040,1.92528922452448,1.92528922452448,33470.1958299083,59610.8049697271
p63,17384.5027560339,30962,2041,1.92528922452448,1.92528922452448,33470.1958299083,59610.8049697271
p63,17384.5027560339,30962,2042,1.92528922452448,1.92528922452448,33470.1958299083,59610.8049697271
p63,17384.5027560339,30962,2043,1.92528922452448,1.92528922452448,33470.1958299083,59610.8049697271
p63,17384.5027560339,30962,2044,1.92528922452448,1.92528922452448,33470.1958299083,59610.8049697271
p63,17384.5027560339,30962,2045,1.92528922452448,1.92528922452448,33470.1958299083,59610.8049697271
p63,17384.5027560339,30962,2046,1.92528922452448,1.92528922452448,33470.1958299083,59610.8049697271
p63,17384.5027560339,30962,2047,1.92528922452448,1.92528922452448,33470.1958299083,59610.8049697271
p63,17384.5027560339,30962,2048,1.92528922452448,1.92528922452448,33470.1958299083,59610.8049697271
p63,17384.5027560339,30962,2049,1.92528922452448,1.92528922452448,33470.1958299083,59610.8049697271
p63,17384.5027560339,30962,2050,1.92528922452448,1.92528922452448,33470.1958299083,59610.8049697271
p64,5195.19479778213,9252,2023,1,1,5195.19479778213,9252
p64,5195.19479778213,9252,2024,1.07018883575736,1.07018883575736,5559.83947217117,9901.38710842713
p64,5195.19479778213,9252,2025,1.1453041441797,1.1453041441797,5950.0781317207,10596.3539419506
p64,5195.19479778213,9252,2026,1.22569170864776,1.22569170864776,6367.70718845153,11340.0996884091
p64,5195.19479778213,9252,2027,1.3117215826752,1.3117215826752,6814.64914245275,12136.048082911
p64,5195.19479778213,9252,2028,1.40378979340098,1.40378979340098,7292.96143185643,12987.8631685459
p64,5195.19479778213,9252,2029,1.50232016464787,1.50232016464787,7804.84590398179,13899.4661633221
p64,5195.19479778213,9252,2030,1.60776626793931,1.60776626793931,8352.6589512479,14875.0535109745
p64,5195.19479778213,9252,2031,1.63700580464243,1.63700580464243,8504.56404021748,15145.5777045517
p64,5195.19479778213,9252,2032,1.66677710427878,1.66677710427878,8659.2317412115,15421.0217687873
p64,5195.19479778213,9252,2033,1.6970898377204,1.6970898377204,8816.71229629395,15701.4751785892
p64,5195.19479778213,9252,2034,1.72795385171798,1.72795385171798,8977.05686125281,15987.0290360947
p64,5195.19479778213,9252,2035,1.7593791720995,1.7593791720995,9140.31752221752,16277.7761002645
p64,5195.19479778213,9252,2036,1.79137600702702,1.79137600702702,9306.54731257849,16573.810817014
p64,5195.19479778213,9252,2037,1.82395475031268,1.82395475031268,9475.80023021444,16875.2293498929
p64,5195.19479778213,9252,2038,1.85712598479501,1.85712598479501,9648.13125503302,17182.1296113234
p64,5195.19479778213,9252,2039,1.89090048577662,1.89090048577662,9823.59636683038,17494.6112944053
p64,5195.19479778213,9252,2040,1.92528922452448,1.92528922452448,10002.2525634756,17812.7759053005
p64,5195.19479778213,9252,2041,1.92528922452448,1.92528922452448,10002.2525634756,17812.7759053005
p64,5195.19479778213,9252,2042,1.92528922452448,1.92528922452448,10002.2525634756,17812.7759053005
p64,5195.19479778213,9252,2043,1.92528922452448,1.92528922452448,10002.2525634756,17812.7759053005
p64,5195.19479778213,9252,2044,1.92528922452448,1.92528922452448,10002.2525634756,17812.7759053005
p64,5195.19479778213,9252,2045,1.92528922452448,1.92528922452448,10002.2525634756,17812.7759053005
p64,5195.19479778213,9252,2046,1.92528922452448,1.92528922452448,10002.2525634756,17812.7759053005
p64,5195.19479778213,9252,2047,1.92528922452448,1.92528922452448,10002.2525634756,17812.7759053005
p64,5195.19479778213,9252,2048,1.92528922452448,1.92528922452448,10002.2525634756,17812.7759053005
p64,5195.19479778213,9252,2049,1.92528922452448,1.92528922452448,10002.2525634756,17812.7759053005
p64,5195.19479778213,9252,2050,1.92528922452448,1.92528922452448,10002.2525634756,17812.7759053005
p65,7861.01686236138,14000,2023,1,1,7861.01686236138,14000
p65,7861.01686236138,14000,2024,1.07018883575736,1.07018883575736,8412.77248379954,14982.6437006031
p65,7861.01686236138,14000,2025,1.1453041441797,1.1453041441797,9003.25518992902,16034.2580185158
p65,7861.01686236138,14000,2026,1.22569170864776,1.22569170864776,9635.18318973658,17159.6839210687
p65,7861.01686236138,14000,2027,1.3117215826752,1.3117215826752,10311.4654801331,18364.1021574528
p65,7861.01686236138,14000,2028,1.40378979340098,1.40378979340098,11035.2152371359,19653.0571076137
p65,7861.01686236138,14000,2029,1.50232016464787,1.50232016464787,11809.7641469624,21032.4823050701
p65,7861.01686236138,14000,2030,1.60776626793931,1.60776626793931,12638.6777430068,22508.7277511504
p65,7861.01686236138,14000,2031,1.63700580464243,1.63700580464243,12868.5302340776,22918.081264994
p65,7861.01686236138,14000,2032,1.66677710427878,1.66677710427878,13102.5629225334,23334.879459903
p65,7861.01686236138,14000,2033,1.6970898377204,1.6970898377204,13340.8518312622,23759.2577280856
p65,7861.01686236138,14000,2034,1.72795385171798,1.72795385171798,13583.4743657373,24191.3539240517
p65,7861.01686236138,14000,2035,1.7593791720995,1.7593791720995,13830.5093391615,24631.3084093929
p65,7861.01686236138,14000,2036,1.79137600702702,1.79137600702702,14082.036998069,25079.2640983783
p65,7861.01686236138,14000,2037,1.82395475031268,1.82395475031268,14338.1390483921,25535.3665043775
p65,7861.01686236138,14000,2038,1.85712598479501,1.85712598479501,14598.898682003,25999.7637871301
p65,7861.01686236138,14000,2039,1.89090048577662,1.89090048577662,14864.4006037373,26472.6068008726
p65,7861.01686236138,14000,2040,1.92528922452448,1.92528922452448,15134.7310589096,26954.0491433428
p65,7861.01686236138,14000,2041,1.92528922452448,1.92528922452448,15134.7310589096,26954.0491433428
p65,7861.01686236138,14000,2042,1.92528922452448,1.92528922452448,15134.7310589096,26954.0491433428
p65,7861.01686236138,14000,2043,1.92528922452448,1.92528922452448,15134.7310589096,26954.0491433428
p65,7861.01686236138,14000,2044,1.92528922452448,1.92528922452448,15134.7310589096,26954.0491433428
p65,7861.01686236138,14000,2045,1.92528922452448,1.92528922452448,15134.7310589096,26954.0491433428
p65,7861.01686236138,14000,2046,1.92528922452448,1.92528922452448,15134.7310589096,26954.0491433428
p65,7861.01686236138,14000,2047,1.92528922452448,1.92528922452448,15134.7310589096,26954.0491433428
p65,7861.01686236138,14000,2048,1.92528922452448,1.92528922452448,15134.7310589096,26954.0491433428
p65,7861.01686236138,14000,2049,1.92528922452448,1.92528922452448,15134.7310589096,26954.0491433428
p65,7861.01686236138,14000,2050,1.92528922452448,1.92528922452448,15134.7310589096,26954.0491433428
p66,3124.73312133072,5566,2023,1,1,3124.73312133072,5566
p66,3124.73312133072,5566,2024,1,1,3124.73312133072,5566
p66,3124.73312133072,5566,2025,1,1,3124.73312133072,5566
p66,3124.73312133072,5566,2026,1,1,3124.73312133072,5566
p66,3124.73312133072,5566,2027,1,1,3124.73312133072,5566
p66,3124.73312133072,5566,2028,1,1,3124.73312133072,5566
p66,3124.73312133072,5566,2029,1,1,3124.73312133072,5566
p66,3124.73312133072,5566,2030,1,1,3124.73312133072,5566
p66,3124.73312133072,5566,2031,1.01845490252449,1.01845490252449,3182.39976649992,5668.71998745131
p66,3124.73312133072,5566,2032,1.03725038847617,1.03725038847617,3241.13064398464,5773.33566225834
p66,3124.73312133072,5566,2033,1.05639274328898,1.05639274328898,3300.94539408851,5879.88200914647
p66,3124.73312133072,5566,2034,1.07588836839396,1.07588836839396,3361.86401957507,5988.39465848077
p66,3124.73312133072,5566,2035,1.0957437833599,1.0957437833599,3423.90689235692,6098.9098981812
p66,3124.73312133072,5566,2036,1.11596562807362,1.11596562807362,3487.09476030829,6211.46468585778
p66,3124.73312133072,5566,2037,1.1365606649604,1.1365606649604,3551.44875420343,6326.09666116959
p66,3124.73312133072,5566,2038,1.15753578124541,1.15753578124541,3616.99039478298,6442.84415841197
p66,3124.73312133072,5566,2039,1.1788979912569,1.1788979912569,3683.74159995071,6561.74621933593
p66,3124.73312133072,5566,2040,1.20065443877187,1.20065443877187,3751.7246921032,6682.84260620421
p66,3124.73312133072,5566,2041,1.20065443877187,1.20065443877187,3751.7246921032,6682.84260620421
p66,3124.73312133072,5566,2042,1.20065443877187,1.20065443877187,3751.7246921032,6682.84260620421
p66,3124.73312133072,5566,2043,1.20065443877187,1.20065443877187,3751.7246921032,6682.84260620421
p66,3124.73312133072,5566,2044,1.20065443877187,1.20065443877187,3751.7246921032,6682.84260620421
p66,3124.73312133072,5566,2045,1.20065443877187,1.20065443877187,3751.7246921032,6682.84260620421
p66,3124.73312133072,5566,2046,1.20065443877187,1.20065443877187,3751.7246921032,6682.84260620421
p66,3124.73312133072,5566,2047,1.20065443877187,1.20065443877187,3751.7246921032,6682.84260620421
p66,3124.73312133072,5566,2048,1.20065443877187,1.20065443877187,3751.7246921032,6682.84260620421
p66,3124.73312133072,5566,2049,1.20065443877187,1.20065443877187,3751.7246921032,6682.84260620421
p66,3124.73312133072,5566,2050,1.20065443877187,1.20065443877187,3751.7246921032,6682.84260620421
p67,11474.9730104371,20436,2023,1,1,11474.9730104371,20436
p67,11474.9730104371,20436,2024,1.07018883575736,1.07018883575736,12280.3880063868,21870.3790475375
p67,11474.9730104371,20436,2025,1.1453041441797,1.1453041441797,13142.3341432038,23405.4354904564
p67,11474.9730104371,20436,2026,1.22569170864776,1.22569170864776,14064.7792758495,25048.2357579256
p67,11474.9730104371,20436,2027,1.3117215826752,1.3117215826752,15051.9697584057,26806.3422635504
p67,11474.9730104371,20436,2028,1.40378979340098,1.40378979340098,16108.4499916033,28687.8482179425
p67,11474.9730104371,20436,2029,1.50232016464787,1.50232016464787,17239.0833423696,30701.4148847438
p67,11474.9730104371,20436,2030,1.60776626793931,1.60776626793931,18449.0745316947,32856.3114516078
p67,11474.9730104371,20436,2031,1.63700580464243,1.63700580464243,18784.5974262006,33453.8506236726
p67,11474.9730104371,20436,2032,1.66677710427878,1.66677710427878,19126.2222860135,34062.2569030412
p67,11474.9730104371,20436,2033,1.6970898377204,1.6970898377204,19474.0600841286,34681.7279236541
p67,11474.9730104371,20436,2034,1.72795385171798,1.72795385171798,19828.2238117445,35312.4649137086
p67,11474.9730104371,20436,2035,1.7593791720995,1.7593791720995,20188.8285149668,35954.6727610253
p67,11474.9730104371,20436,2036,1.79137600702702,1.79137600702702,20555.9913321795,36608.5600796042
p67,11474.9730104371,20436,2037,1.82395475031268,1.82395475031268,20929.8315320965,37274.33927739
p67,11474.9730104371,20436,2038,1.85712598479501,1.85712598479501,21310.470552504,37952.2266252707
p67,11474.9730104371,20436,2039,1.89090048577662,1.89090048577662,21698.032039709,38642.442327331
p67,11474.9730104371,20436,2040,1.92528922452448,1.92528922452448,22092.6418887037,39345.2105923824
p67,11474.9730104371,20436,2041,1.92528922452448,1.92528922452448,22092.6418887037,39345.2105923824
p67,11474.9730104371,20436,2042,1.92528922452448,1.92528922452448,22092.6418887037,39345.2105923824
p67,11474.9730104371,20436,2043,1.92528922452448,1.92528922452448,22092.6418887037,39345.2105923824
p67,11474.9730104371,20436,2044,1.92528922452448,1.92528922452448,22092.6418887037,39345.2105923824
p67,11474.9730104371,20436,2045,1.92528922452448,1.92528922452448,22092.6418887037,39345.2105923824
p67,11474.9730104371,20436,2046,1.92528922452448,1.92528922452448,22092.6418887037,39345.2105923824
p67,11474.9730104371,20436,2047,1.92528922452448,1.92528922452448,22092.6418887037,39345.2105923824
p67,11474.9730104371,20436,2048,1.92528922452448,1.92528922452448,22092.6418887037,39345.2105923824
p67,11474.9730104371,20436,2049,1.92528922452448,1.92528922452448,22092.6418887037,39345.2105923824
p67,11474.9730104371,20436,2050,1.92528922452448,1.92528922452448,22092.6418887037,39345.2105923824
p68,386.631115459883,622,2023,1,1,386.631115459883,622
p68,386.631115459883,622,2024,1,1,386.631115459883,622
p68,386.631115459883,622,2025,1,1,386.631115459883,622
p68,386.631115459883,622,2026,1,1,386.631115459883,622
p68,386.631115459883,622,2027,1,1,386.631115459883,622
p68,386.631115459883,622,2028,1,1,386.631115459883,622
p68,386.631115459883,622,2029,1,1,386.631115459883,622
p68,386.631115459883,622,2030,1,1,386.631115459883,622
p68,386.631115459883,622,2031,1.01845490252449,1.01845490252449,393.766355008629,633.478949370232
p68,386.631115459883,622,2032,1.03725038847617,1.03725038847617,401.033274707737,645.169741632175
p68,386.631115459883,622,2033,1.05639274328898,1.05639274328898,408.434304701545,657.076286325747
p68,386.631115459883,622,2034,1.07588836839396,1.07588836839396,415.971919982469,669.202565141042
p68,386.631115459883,622,2035,1.0957437833599,1.0957437833599,423.64864121867,681.552633249858
p68,386.631115459883,622,2036,1.11596562807362,1.11596562807362,431.467035596993,694.130620661792
p68,386.631115459883,622,2037,1.1365606649604,1.1365606649604,439.429717681465,706.940733605369
p68,386.631115459883,622,2038,1.15753578124541,1.15753578124541,447.53935028764,719.987255934646
p68,386.631115459883,622,2039,1.1788979912569,1.1788979912569,455.798645373072,733.274550561795
p68,386.631115459883,622,2040,1.20065443877187,1.20065443877187,464.210364944226,746.807060916101
p68,386.631115459883,622,2041,1.20065443877187,1.20065443877187,464.210364944226,746.807060916101
p68,386.631115459883,622,2042,1.20065443877187,1.20065443877187,464.210364944226,746.807060916101
p68,386.631115459883,622,2043,1.20065443877187,1.20065443877187,464.210364944226,746.807060916101
p68,386.631115459883,622,2044,1.20065443877187,1.20065443877187,464.210364944226,746.807060916101
p68,386.631115459883,622,2045,1.20065443877187,1.20065443877187,464.210364944226,746.807060916101
p68,386.631115459883,622,2046,1.20065443877187,1.20065443877187,464.210364944226,746.807060916101
p68,386.631115459883,622,2047,1.20065443877187,1.20065443877187,464.210364944226,746.807060916101
p68,386.631115459883,622,2048,1.20065443877187,1.20065443877187,464.210364944226,746.807060916101
p68,386.631115459883,622,2049,1.20065443877187,1.20065443877187,464.210364944226,746.807060916101
p68,386.631115459883,622,2050,1.20065443877187,1.20065443877187,464.210364944226,746.807060916101
p69,658.218199608611,1138,2023,1,1,658.218199608611,1138
p69,658.218199608611,1138,2024,1,1,658.218199608611,1138
p69,658.218199608611,1138,2025,1,1,658.218199608611,1138
p69,658.218199608611,1138,2026,1,1,658.218199608611,1138
p69,658.218199608611,1138,2027,1,1,658.218199608611,1138
p69,658.218199608611,1138,2028,1,1,658.218199608611,1138
p69,658.218199608611,1138,2029,1,1,658.218199608611,1138
p69,658.218199608611,1138,2030,1,1,658.218199608611,1138
p69,658.218199608611,1138,2031,1.01845490252449,1.01845490252449,670.365552322232,1159.00167907287
p69,658.218199608611,1138,2032,1.03725038847617,1.03725038847617,682.737083246114,1180.39094208588
p69,658.218199608611,1138,2033,1.05639274328898,1.05639274328898,695.336929567275,1202.17494186286
p69,658.218199608611,1138,2034,1.07588836839396,1.07588836839396,708.169304824116,1224.36096323232
p69,658.218199608611,1138,2035,1.0957437833599,1.0957437833599,721.23850031548,1246.95642546357
p69,658.218199608611,1138,2036,1.11596562807362,1.11596562807362,734.548886535711,1269.96888474778
p69,658.218199608611,1138,2037,1.1365606649604,1.1365606649604,748.1049146362,1293.40603672494
p69,658.218199608611,1138,2038,1.15753578124541,1.15753578124541,761.911117913902,1317.27571905728
p69,658.218199608611,1138,2039,1.1788979912569,1.1788979912569,775.972113327327,1341.58591405036
p69,658.218199608611,1138,2040,1.20065443877187,1.20065443877187,790.292603040505,1366.34475132238
p69,658.218199608611,1138,2041,1.20065443877187,1.20065443877187,790.292603040505,1366.34475132238
p69,658.218199608611,1138,2042,1.20065443877187,1.20065443877187,790.292603040505,1366.34475132238
p69,658.218199608611,1138,2043,1.20065443877187,1.20065443877187,790.292603040505,1366.34475132238
p69,658.218199608611,1138,2044,1.20065443877187,1.20065443877187,790.292603040505,1366.34475132238
p69,658.218199608611,1138,2045,1.20065443877187,1.20065443877187,790.292603040505,1366.34475132238
p69,658.218199608611,1138,2046,1.20065443877187,1.20065443877187,790.292603040505,1366.34475132238
p69,658.218199608611,1138,2047,1.20065443877187,1.20065443877187,790.292603040505,1366.34475132238
p69,658.218199608611,1138,2048,1.20065443877187,1.20065443877187,790.292603040505,1366.34475132238
p69,658.218199608611,1138,2049,1.20065443877187,1.20065443877187,790.292603040505,1366.34475132238
p69,658.218199608611,1138,2050,1.20065443877187,1.20065443877187,790.292603040505,1366.34475132238
p7,182.473907371168,289,2023,1,1,182.473907371168,289
p7,182.473907371168,289,2024,1.02606562597152,1.02606562597152,187.230203990266,296.532965905769
p7,182.473907371168,289,2025,1.05281066880032,1.05281066880032,192.110476458047,304.262283283294
p7,182.473907371168,289,2026,1.0802528379121,1.0802528379121,197.117956282613,312.193070156596
p7,182.473907371168,289,2027,1.10841030433979,1.10841030433979,202.255959203346,320.330577954198
p7,182.473907371168,289,2028,1.13730171275568,1.13730171275568,207.527887386451,328.680194986392
p7,182.473907371168,289,2029,1.16694619381714,1.16694619381714,212.937231677725,337.247450013153
p7,182.473907371168,289,2030,1.19736337683406,1.19736337683406,218.487573914048,346.038015905045
p7,182.473907371168,289,2031,1.20989096301467,1.20989096301467,220.773531514352,349.65848831124
p7,182.473907371168,289,2032,1.2225496208637,1.2225496208637,223.08340627414,353.316840429611
p7,182.473907371168,289,2033,1.2353407217373,1.2353407217373,225.417448430124,357.013468582081
p7,182.473907371168,289,2034,1.24826565133963,1.24826565133963,227.775910837157,360.748773237152
p7,182.473907371168,289,2035,1.26132580987295,1.26132580987295,230.15904899562,364.523159053282
p7,182.473907371168,289,2036,1.27452261218938,1.27452261218938,232.567121079103,368.33703492273
p7,182.473907371168,289,2037,1.2878574879441,1.2878574879441,235.000387962376,372.190814015844
p7,182.473907371168,289,2038,1.30133188175028,1.30133188175028,237.459113249648,376.08491382583
p7,182.473907371168,289,2039,1.31494725333556,1.31494725333556,239.943563303123,380.019756213976
p7,182.473907371168,289,2040,1.32870507770018,1.32870507770018,242.454007271862,383.995767455351
p7,182.473907371168,289,2041,1.32870507770018,1.32870507770018,242.454007271862,383.995767455351
p7,182.473907371168,289,2042,1.32870507770018,1.32870507770018,242.454007271862,383.995767455351
p7,182.473907371168,289,2043,1.32870507770018,1.32870507770018,242.454007271862,383.995767455351
p7,182.473907371168,289,2044,1.32870507770018,1.32870507770018,242.454007271862,383.995767455351
p7,182.473907371168,289,2045,1.32870507770018,1.32870507770018,242.454007271862,383.995767455351
p7,182.473907371168,289,2046,1.32870507770018,1.32870507770018,242.454007271862,383.995767455351
p7,182.473907371168,289,2047,1.32870507770018,1.32870507770018,242.454007271862,383.995767455351
p7,182.473907371168,289,2048,1.32870507770018,1.32870507770018,242.454007271862,383.995767455351
p7,182.473907371168,289,2049,1.32870507770018,1.32870507770018,242.454007271862,383.995767455351
p7,182.473907371168,289,2050,1.32870507770018,1.32870507770018,242.454007271862,383.995767455351
p70,4150.4018590998,7175,2023,1,1,4150.4018590998,7175
p70,4150.4018590998,7175,2024,1,1,4150.4018590998,7175
p70,4150.4018590998,7175,2025,1,1,4150.4018590998,7175
p70,4150.4018590998,7175,2026,1,1,4150.4018590998,7175
p70,4150.4018590998,7175,2027,1,1,4150.4018590998,7175
p70,4150.4018590998,7175,2028,1,1,4150.4018590998,7175
p70,4150.4018590998,7175,2029,1,1,4150.4018590998,7175
p70,4150.4018590998,7175,2030,1,1,4150.4018590998,7175
p70,4150.4018590998,7175,2031,1.01845490252449,1.01845490252449,4226.99712084695,7307.41392561321
p70,4150.4018590998,7175,2032,1.03725038847617,1.03725038847617,4305.00594068347,7442.27153731649
p70,4150.4018590998,7175,2033,1.05639274328898,1.05639274328898,4384.45440568613,7579.61793309845
p70,4150.4018590998,7175,2034,1.07588836839396,1.07588836839396,4465.36908436614,7719.49904322665
p70,4150.4018590998,7175,2035,1.0957437833599,1.0957437833599,4547.77703555398,7861.96164560728
p70,4150.4018590998,7175,2036,1.11596562807362,1.11596562807362,4631.70581744824,8007.05338142823
p70,4150.4018590998,7175,2037,1.1365606649604,1.1365606649604,4717.18349683135,8154.82277109087
p70,4150.4018590998,7175,2038,1.15753578124541,1.15753578124541,4804.2386584555,8305.31923043583
p70,4150.4018590998,7175,2039,1.1788979912569,1.1788979912569,4892.90041460168,8458.59308726829
p70,4150.4018590998,7175,2040,1.20065443877187,1.20065443877187,4983.19841481519,8614.69559818814
p70,4150.4018590998,7175,2041,1.20065443877187,1.20065443877187,4983.19841481519,8614.69559818814
p70,4150.4018590998,7175,2042,1.20065443877187,1.20065443877187,4983.19841481519,8614.69559818814
p70,4150.4018590998,7175,2043,1.20065443877187,1.20065443877187,4983.19841481519,8614.69559818814
p70,4150.4018590998,7175,2044,1.20065443877187,1.20065443877187,4983.19841481519,8614.69559818814
p70,4150.4018590998,7175,2045,1.20065443877187,1.20065443877187,4983.19841481519,8614.69559818814
p70,4150.4018590998,7175,2046,1.20065443877187,1.20065443877187,4983.19841481519,8614.69559818814
p70,4150.4018590998,7175,2047,1.20065443877187,1.20065443877187,4983.19841481519,8614.69559818814
p70,4150.4018590998,7175,2048,1.20065443877187,1.20065443877187,4983.19841481519,8614.69559818814
p70,4150.4018590998,7175,2049,1.20065443877187,1.20065443877187,4983.19841481519,8614.69559818814
p70,4150.4018590998,7175,2050,1.20065443877187,1.20065443877187,4983.19841481519,8614.69559818814
p71,211.344651011089,388,2023,1,1,211.344651011089,388
p71,211.344651011089,388,2024,1,1,211.344651011089,388
p71,211.344651011089,388,2025,1,1,211.344651011089,388
p71,211.344651011089,388,2026,1,1,211.344651011089,388
p71,211.344651011089,388,2027,1,1,211.344651011089,388
p71,211.344651011089,388,2028,1,1,211.344651011089,388
p71,211.344651011089,388,2029,1,1,211.344651011089,388
p71,211.344651011089,388,2030,1,1,211.344651011089,388
p71,211.344651011089,388,2031,1.01845490252449,1.01845490252449,215.244995944571,395.160502179502
p71,211.344651011089,388,2032,1.03725038847617,1.03725038847617,219.217321363612,402.453150728752
p71,211.344651011089,388,2033,1.05639274328898,1.05639274328898,223.262955661057,409.880384396125
p71,211.344651011089,388,2034,1.07588836839396,1.07588836839396,227.383251745111,417.444686936856
p71,211.344651011089,388,2035,1.0957437833599,1.0957437833599,231.579587491769,425.148587943641
p71,211.344651011089,388,2036,1.11596562807362,1.11596562807362,235.853366205591,432.994663692565
p71,211.344651011089,388,2037,1.1365606649604,1.1365606649604,240.206017088987,440.985538004635
p71,211.344651011089,388,2038,1.15753578124541,1.15753578124541,244.63899572016,449.12388312322
p71,211.344651011089,388,2039,1.1788979912569,1.1788979912569,249.153784539865,457.412420607679
p71,211.344651011089,388,2040,1.20065443877187,1.20065443877187,253.751893347155,465.853922243484
p71,211.344651011089,388,2041,1.20065443877187,1.20065443877187,253.751893347155,465.853922243484
p71,211.344651011089,388,2042,1.20065443877187,1.20065443877187,253.751893347155,465.853922243484
p71,211.344651011089,388,2043,1.20065443877187,1.20065443877187,253.751893347155,465.853922243484
p71,211.344651011089,388,2044,1.20065443877187,1.20065443877187,253.751893347155,465.853922243484
p71,211.344651011089,388,2045,1.20065443877187,1.20065443877187,253.751893347155,465.853922243484
p71,211.344651011089,388,2046,1.20065443877187,1.20065443877187,253.751893347155,465.853922243484
p71,211.344651011089,388,2047,1.20065443877187,1.20065443877187,253.751893347155,465.853922243484
p71,211.344651011089,388,2048,1.20065443877187,1.20065443877187,253.751893347155,465.853922243484
p71,211.344651011089,388,2049,1.20065443877187,1.20065443877187,253.751893347155,465.853922243484
p71,211.344651011089,388,2050,1.20065443877187,1.20065443877187,253.751893347155,465.853922243484
p72,4581.30324527071,8419,2023,1,1,4581.30324527071,8419
p72,4581.30324527071,8419,2024,1,1,4581.30324527071,8419
p72,4581.30324527071,8419,2025,1,1,4581.30324527071,8419
p72,4581.30324527071,8419,2026,1,1,4581.30324527071,8419
p72,4581.30324527071,8419,2027,1,1,4581.30324527071,8419
p72,4581.30324527071,8419,2028,1,1,4581.30324527071,8419
p72,4581.30324527071,8419,2029,1,1,4581.30324527071,8419
p72,4581.30324527071,8419,2030,1,1,4581.30324527071,8419
p72,4581.30324527071,8419,2031,1.01845490252449,1.01845490252449,4665.85075009731,8574.37182435367
p72,4581.30324527071,8419,2032,1.03725038847617,1.03725038847617,4751.95857088417,8732.61102058084
p72,4581.30324527071,8419,2033,1.05639274328898,1.05639274328898,4839.65550311024,8893.77050574994
p72,4581.30324527071,8419,2034,1.07588836839396,1.07588836839396,4928.97087367225,9057.90417350873
p72,4581.30324527071,8419,2035,1.0957437833599,1.0957437833599,5019.93455069191,9225.066912107
p72,4581.30324527071,8419,2036,1.11596562807362,1.11596562807362,5112.57695350425,9395.31462275182
p72,4581.30324527071,8419,2037,1.1365606649604,1.1365606649604,5206.92906283012,9568.70423830161
p72,4581.30324527071,8419,2038,1.15753578124541,1.15753578124541,5303.02243113658,9745.29374230513
p72,4581.30324527071,8419,2039,1.1788979912569,1.1788979912569,5400.88919318838,9925.14218839188
p72,4581.30324527071,8419,2040,1.20065443877187,1.20065443877187,5500.56207679424,10108.3097200203
p72,4581.30324527071,8419,2041,1.20065443877187,1.20065443877187,5500.56207679424,10108.3097200203
p72,4581.30324527071,8419,2042,1.20065443877187,1.20065443877187,5500.56207679424,10108.3097200203
p72,4581.30324527071,8419,2043,1.20065443877187,1.20065443877187,5500.56207679424,10108.3097200203
p72,4581.30324527071,8419,2044,1.20065443877187,1.20065443877187,5500.56207679424,10108.3097200203
p72,4581.30324527071,8419,2045,1.20065443877187,1.20065443877187,5500.56207679424,10108.3097200203
p72,4581.30324527071,8419,2046,1.20065443877187,1.20065443877187,5500.56207679424,10108.3097200203
p72,4581.30324527071,8419,2047,1.20065443877187,1.20065443877187,5500.56207679424,10108.3097200203
p72,4581.30324527071,8419,2048,1.20065443877187,1.20065443877187,5500.56207679424,10108.3097200203
p72,4581.30324527071,8419,2049,1.20065443877187,1.20065443877187,5500.56207679424,10108.3097200203
p72,4581.30324527071,8419,2050,1.20065443877187,1.20065443877187,5500.56207679424,10108.3097200203
p73,299.478049575995,550,2023,1,1,299.478049575995,550
p73,299.478049575995,550,2024,1,1,299.478049575995,550
p73,299.478049575995,550,2025,1,1,299.478049575995,550
p73,299.478049575995,550,2026,1,1,299.478049575995,550
p73,299.478049575995,550,2027,1,1,299.478049575995,550
p73,299.478049575995,550,2028,1,1,299.478049575995,550
p73,299.478049575995,550,2029,1,1,299.478049575995,550
p73,299.478049575995,550,2030,1,1,299.478049575995,550
p73,299.478049575995,550,2031,1.01845490252449,1.01845490252449,305.004887789144,560.150196388469
p73,299.478049575995,550,2032,1.03725038847617,1.03725038847617,310.633723262785,570.487713661891
p73,299.478049575995,550,2033,1.05639274328898,1.05639274328898,316.366438346419,581.01600880894
p73,299.478049575995,550,2034,1.07588836839396,1.07588836839396,322.204950128122,591.738602616677
p73,299.478049575995,550,2035,1.0957437833599,1.0957437833599,328.151211075644,602.659080847945
p73,299.478049575995,550,2036,1.11596562807362,1.11596562807362,334.207209689338,613.781095440492
p73,299.478049575995,550,2037,1.1365606649604,1.1365606649604,340.374971167136,625.10836572822
p73,299.478049575995,550,2038,1.15753578124541,1.15753578124541,346.656558081801,636.644679684977
p73,299.478049575995,550,2039,1.1788979912569,1.1788979912569,353.054071070676,648.393895191297
p73,299.478049575995,550,2040,1.20065443877187,1.20065443877187,359.569649538159,660.359941324527
p73,299.478049575995,550,2041,1.20065443877187,1.20065443877187,359.569649538159,660.359941324527
p73,299.478049575995,550,2042,1.20065443877187,1.20065443877187,359.569649538159,660.359941324527
p73,299.478049575995,550,2043,1.20065443877187,1.20065443877187,359.569649538159,660.359941324527
p73,299.478049575995,550,2044,1.20065443877187,1.20065443877187,359.569649538159,660.359941324527
p73,299.478049575995,550,2045,1.20065443877187,1.20065443877187,359.569649538159,660.359941324527
p73,299.478049575995,550,2046,1.20065443877187,1.20065443877187,359.569649538159,660.359941324527
p73,299.478049575995,550,2047,1.20065443877187,1.20065443877187,359.569649538159,660.359941324527
p73,299.478049575995,550,2048,1.20065443877187,1.20065443877187,359.569649538159,660.359941324527
p73,299.478049575995,550,2049,1.20065443877187,1.20065443877187,359.569649538159,660.359941324527
p73,299.478049575995,550,2050,1.20065443877187,1.20065443877187,359.569649538159,660.359941324527
p74,231.078750815395,410,2023,1,1,231.078750815395,410
p74,231.078750815395,410,2024,1,1,231.078750815395,410
p74,231.078750815395,410,2025,1,1,231.078750815395,410
p74,231.078750815395,410,2026,1,1,231.078750815395,410
p74,231.078750815395,410,2027,1,1,231.078750815395,410
p74,231.078750815395,410,2028,1,1,231.078750815395,410
p74,231.078750815395,410,2029,1,1,231.078750815395,410
p74,231.078750815395,410,2030,1,1,231.078750815395,410
p74,231.078750815395,410,2031,1.01845490252449,1.01845490252449,235.343286637173,417.56651003504
p74,231.078750815395,410,2032,1.03725038847617,1.03725038847617,239.686524051855,425.272659275228
p74,231.078750815395,410,2033,1.05639274328898,1.05639274328898,244.109915489666,433.121024748483
p74,231.078750815395,410,2034,1.07588836839396,1.07588836839396,248.614940185289,441.114231041523
p74,231.078750815395,410,2035,1.0957437833599,1.0957437833599,253.20310467254,449.254951177559
p74,231.078750815395,410,2036,1.11596562807362,1.11596562807362,257.87594328817,457.545907510185
p74,231.078750815395,410,2037,1.1365606649604,1.1365606649604,262.635018684963,465.989872633764
p74,231.078750815395,410,2038,1.15753578124541,1.15753578124541,267.481922354312,474.589670310619
p74,231.078750815395,410,2039,1.1788979912569,1.1788979912569,272.418275158424,483.348176415331
p74,231.078750815395,410,2040,1.20065443877187,1.20065443877187,277.445727872362,492.268319896465
p74,231.078750815395,410,2041,1.20065443877187,1.20065443877187,277.445727872362,492.268319896465
p74,231.078750815395,410,2042,1.20065443877187,1.20065443877187,277.445727872362,492.268319896465
p74,231.078750815395,410,2043,1.20065443877187,1.20065443877187,277.445727872362,492.268319896465
p74,231.078750815395,410,2044,1.20065443877187,1.20065443877187,277.445727872362,492.268319896465
p74,231.078750815395,410,2045,1.20065443877187,1.20065443877187,277.445727872362,492.268319896465
p74,231.078750815395,410,2046,1.20065443877187,1.20065443877187,277.445727872362,492.268319896465
p74,231.078750815395,410,2047,1.20065443877187,1.20065443877187,277.445727872362,492.268319896465
p74,231.078750815395,410,2048,1.20065443877187,1.20065443877187,277.445727872362,492.268319896465
p74,231.078750815395,410,2049,1.20065443877187,1.20065443877187,277.445727872362,492.268319896465
p74,231.078750815395,410,2050,1.20065443877187,1.20065443877187,277.445727872362,492.268319896465
p75,1232.53664383562,2150,2023,1,1,1232.53664383562,2150
p75,1232.53664383562,2150,2024,1,1,1232.53664383562,2150
p75,1232.53664383562,2150,2025,1,1,1232.53664383562,2150
p75,1232.53664383562,2150,2026,1,1,1232.53664383562,2150
p75,1232.53664383562,2150,2027,1,1,1232.53664383562,2150
p75,1232.53664383562,2150,2028,1,1,1232.53664383562,2150
p75,1232.53664383562,2150,2029,1,1,1232.53664383562,2150
p75,1232.53664383562,2150,2030,1,1,1232.53664383562,2150
p75,1232.53664383562,2150,2031,1.01845490252449,1.01845490252449,1255.28298745546,2189.67804042765
p75,1232.53664383562,2150,2032,1.03725038847617,1.03725038847617,1278.4491126296,2230.08833522376
p75,1232.53664383562,2150,2033,1.05639274328898,1.05639274328898,1302.0427663857,2271.24439807131
p75,1232.53664383562,2150,2034,1.07588836839396,1.07588836839396,1326.07183872207,2313.15999204701
p75,1232.53664383562,2150,2035,1.0957437833599,1.0957437833599,1350.54436524615,2355.84913422378
p75,1232.53664383562,2150,2036,1.11596562807362,1.11596562807362,1375.46852986177,2399.32610035829
p75,1232.53664383562,2150,2037,1.1365606649604,1.1365606649604,1400.85266750587,2443.60542966486
p75,1232.53664383562,2150,2038,1.15753578124541,1.15753578124541,1426.70526693586,2488.70192967764
p75,1232.53664383562,2150,2039,1.1788979912569,1.1788979912569,1453.03497356833,2534.63068120234
p75,1232.53664383562,2150,2040,1.20065443877187,1.20065443877187,1479.85059237021,2581.40704335951
p75,1232.53664383562,2150,2041,1.20065443877187,1.20065443877187,1479.85059237021,2581.40704335951
p75,1232.53664383562,2150,2042,1.20065443877187,1.20065443877187,1479.85059237021,2581.40704335951
p75,1232.53664383562,2150,2043,1.20065443877187,1.20065443877187,1479.85059237021,2581.40704335951
p75,1232.53664383562,2150,2044,1.20065443877187,1.20065443877187,1479.85059237021,2581.40704335951
p75,1232.53664383562,2150,2045,1.20065443877187,1.20065443877187,1479.85059237021,2581.40704335951
p75,1232.53664383562,2150,2046,1.20065443877187,1.20065443877187,1479.85059237021,2581.40704335951
p75,1232.53664383562,2150,2047,1.20065443877187,1.20065443877187,1479.85059237021,2581.40704335951
p75,1232.53664383562,2150,2048,1.20065443877187,1.20065443877187,1479.85059237021,2581.40704335951
p75,1232.53664383562,2150,2049,1.20065443877187,1.20065443877187,1479.85059237021,2581.40704335951
p75,1232.53664383562,2150,2050,1.20065443877187,1.20065443877187,1479.85059237021,2581.40704335951
p76,1345.23124592303,2347,2023,1,1,1345.23124592303,2347
p76,1345.23124592303,2347,2024,1,1,1345.23124592303,2347
p76,1345.23124592303,2347,2025,1,1,1345.23124592303,2347
p76,1345.23124592303,2347,2026,1,1,1345.23124592303,2347
p76,1345.23124592303,2347,2027,1,1,1345.23124592303,2347
p76,1345.23124592303,2347,2028,1,1,1345.23124592303,2347
p76,1345.23124592303,2347,2029,1,1,1345.23124592303,2347
p76,1345.23124592303,2347,2030,1,1,1345.23124592303,2347
p76,1345.23124592303,2347,2031,1.01845490252449,1.01845490252449,1370.05735743943,2390.31365622498
p76,1345.23124592303,2347,2032,1.03725038847617,1.03725038847617,1395.34163242394,2434.42666175356
p76,1345.23124592303,2347,2033,1.05639274328898,1.05639274328898,1421.09252623868,2479.35376849924
p76,1345.23124592303,2347,2034,1.07588836839396,1.07588836839396,1447.3186502887,2525.11000062062
p76,1345.23124592303,2347,2035,1.0957437833599,1.0957437833599,1474.02877490165,2571.71065954568
p76,1345.23124592303,2347,2036,1.11596562807362,1.11596562807362,1501.23183226075,2619.17132908879
p76,1345.23124592303,2347,2037,1.1365606649604,1.1365606649604,1528.93691939178,2667.50788066206
p76,1345.23124592303,2347,2038,1.15753578124541,1.15753578124541,1557.15330120525,2716.73647858298
p76,1345.23124592303,2347,2039,1.1788979912569,1.1788979912569,1585.89041359468,2766.87358547995
p76,1345.23124592303,2347,2040,1.20065443877187,1.20065443877187,1615.15786659209,2817.93596779757
p76,1345.23124592303,2347,2041,1.20065443877187,1.20065443877187,1615.15786659209,2817.93596779757
p76,1345.23124592303,2347,2042,1.20065443877187,1.20065443877187,1615.15786659209,2817.93596779757
p76,1345.23124592303,2347,2043,1.20065443877187,1.20065443877187,1615.15786659209,2817.93596779757
p76,1345.23124592303,2347,2044,1.20065443877187,1.20065443877187,1615.15786659209,2817.93596779757
p76,1345.23124592303,2347,2045,1.20065443877187,1.20065443877187,1615.15786659209,2817.93596779757
p76,1345.23124592303,2347,2046,1.20065443877187,1.20065443877187,1615.15786659209,2817.93596779757
p76,1345.23124592303,2347,2047,1.20065443877187,1.20065443877187,1615.15786659209,2817.93596779757
p76,1345.23124592303,2347,2048,1.20065443877187,1.20065443877187,1615.15786659209,2817.93596779757
p76,1345.23124592303,2347,2049,1.20065443877187,1.20065443877187,1615.15786659209,2817.93596779757
p76,1345.23124592303,2347,2050,1.20065443877187,1.20065443877187,1615.15786659209,2817.93596779757
p77,346.022847358121,604,2023,1,1,346.022847358121,604
p77,346.022847358121,604,2024,1,1,346.022847358121,604
p77,346.022847358121,604,2025,1,1,346.022847358121,604
p77,346.022847358121,604,2026,1,1,346.022847358121,604
p77,346.022847358121,604,2027,1,1,346.022847358121,604
p77,346.022847358121,604,2028,1,1,346.022847358121,604
p77,346.022847358121,604,2029,1,1,346.022847358121,604
p77,346.022847358121,604,2030,1,1,346.022847358121,604
p77,346.022847358121,604,2031,1.01845490252449,1.01845490252449,352.408665277362,615.146761124791
p77,346.022847358121,604,2032,1.03725038847617,1.03725038847617,358.91233284384,626.499234639604
p77,346.022847358121,604,2033,1.05639274328898,1.05639274328898,365.536024961311,638.061216946545
p77,346.022847358121,604,2034,1.07588836839396,1.07588836839396,372.281956671161,649.83657450995
p77,346.022847358121,604,2035,1.0957437833599,1.0957437833599,379.152383893153,661.829245149379
p77,346.022847358121,604,2036,1.11596562807362,1.11596562807362,386.149604179829,674.043239356467
p77,346.022847358121,604,2037,1.1365606649604,1.1365606649604,393.275957484837,686.482641636082
p77,346.022847358121,604,2038,1.15753578124541,1.15753578124541,400.533826945445,699.151611872229
p77,346.022847358121,604,2039,1.1788979912569,1.1788979912569,407.925639679484,712.05438671917
p77,346.022847358121,604,2040,1.20065443877187,1.20065443877187,415.453867597008,725.195281018207
p77,346.022847358121,604,2041,1.20065443877187,1.20065443877187,415.453867597008,725.195281018207
p77,346.022847358121,604,2042,1.20065443877187,1.20065443877187,415.453867597008,725.195281018207
p77,346.022847358121,604,2043,1.20065443877187,1.20065443877187,415.453867597008,725.195281018207
p77,346.022847358121,604,2044,1.20065443877187,1.20065443877187,415.453867597008,725.195281018207
p77,346.022847358121,604,2045,1.20065443877187,1.20065443877187,415.453867597008,725.195281018207
p77,346.022847358121,604,2046,1.20065443877187,1.20065443877187,415.453867597008,725.195281018207
p77,346.022847358121,604,2047,1.20065443877187,1.20065443877187,415.453867597008,725.195281018207
p77,346.022847358121,604,2048,1.20065443877187,1.20065443877187,415.453867597008,725.195281018207
p77,346.022847358121,604,2049,1.20065443877187,1.20065443877187,415.453867597008,725.195281018207
p77,346.022847358121,604,2050,1.20065443877187,1.20065443877187,415.453867597008,725.195281018207
p78,881.290150032616,1538,2023,1,1,881.290150032616,1538
p78,881.290150032616,1538,2024,1,1,881.290150032616,1538
p78,881.290150032616,1538,2025,1,1,881.290150032616,1538
p78,881.290150032616,1538,2026,1,1,881.290150032616,1538
p78,881.290150032616,1538,2027,1,1,881.290150032616,1538
p78,881.290150032616,1538,2028,1,1,881.290150032616,1538
p78,881.290150032616,1538,2029,1,1,881.290150032616,1538
p78,881.290150032616,1538,2030,1,1,881.290150032616,1538
p78,881.290150032616,1538,2031,1.01845490252449,1.01845490252449,897.55427384726,1566.38364008266
p78,881.290150032616,1538,2032,1.03725038847617,1.03725038847617,914.118550481549,1595.29109747634
p78,881.290150032616,1538,2033,1.05639274328898,1.05639274328898,930.988519226514,1624.73203917845
p78,881.290150032616,1538,2034,1.07588836839396,1.07588836839396,948.169821600257,1654.71631058991
p78,881.290150032616,1538,2035,1.0957437833599,1.0957437833599,965.668203234552,1685.25393880753
p78,881.290150032616,1538,2036,1.11596562807362,1.11596562807362,983.489515796244,1716.35513597723
p78,881.290150032616,1538,2037,1.1365606649604,1.1365606649604,1001.63971894412,1748.03030270909
p78,881.290150032616,1538,2038,1.15753578124541,1.15753578124541,1020.12488232189,1780.29003155544
p78,881.290150032616,1538,2039,1.1788979912569,1.1788979912569,1038.95118758795,1813.14511055312
p78,881.290150032616,1538,2040,1.20065443877187,1.20065443877187,1058.12493048258,1846.60652683113
p78,881.290150032616,1538,2041,1.20065443877187,1.20065443877187,1058.12493048258,1846.60652683113
p78,881.290150032616,1538,2042,1.20065443877187,1.20065443877187,1058.12493048258,1846.60652683113
p78,881.290150032616,1538,2043,1.20065443877187,1.20065443877187,1058.12493048258,1846.60652683113
p78,881.290150032616,1538,2044,1.20065443877187,1.20065443877187,1058.12493048258,1846.60652683113
p78,881.290150032616,1538,2045,1.20065443877187,1.20065443877187,1058.12493048258,1846.60652683113
p78,881.290150032616,1538,2046,1.20065443877187,1.20065443877187,1058.12493048258,1846.60652683113
p78,881.290150032616,1538,2047,1.20065443877187,1.20065443877187,1058.12493048258,1846.60652683113
p78,881.290150032616,1538,2048,1.20065443877187,1.20065443877187,1058.12493048258,1846.60652683113
p78,881.290150032616,1538,2049,1.20065443877187,1.20065443877187,1058.12493048258,1846.60652683113
p78,881.290150032616,1538,2050,1.20065443877187,1.20065443877187,1058.12493048258,1846.60652683113
p79,3321.29334637965,5795,2023,1,1,3321.29334637965,5795
p79,3321.29334637965,5795,2024,1,1,3321.29334637965,5795
p79,3321.29334637965,5795,2025,1,1,3321.29334637965,5795
p79,3321.29334637965,5795,2026,1,1,3321.29334637965,5795
p79,3321.29334637965,5795,2027,1,1,3321.29334637965,5795
p79,3321.29334637965,5795,2028,1,1,3321.29334637965,5795
p79,3321.29334637965,5795,2029,1,1,3321.29334637965,5795
p79,3321.29334637965,5795,2030,1,1,3321.29334637965,5795
p79,3321.29334637965,5795,2031,1.01845490252449,1.01845490252449,3382.58749134232,5901.94616012941
p79,3321.29334637965,5795,2032,1.03725038847617,1.03725038847617,3445.0128137756,6010.86600121938
p79,3321.29334637965,5795,2033,1.05639274328898,1.05639274328898,3508.59018944944,6121.79594735965
p79,3321.29334637965,5795,2034,1.07588836839396,1.07588836839396,3573.34087939411,6234.77309484299
p79,3321.29334637965,5795,2035,1.0957437833599,1.0957437833599,3639.2865370101,6349.83522457062
p79,3321.29334637965,5795,2036,1.11596562807362,1.11596562807362,3706.4492153093,6467.02081468664
p79,3321.29334637965,5795,2037,1.1365606649604,1.1365606649604,3774.8513742898,6586.36905344552
p79,3321.29334637965,5795,2038,1.15753578124541,1.15753578124541,3844.51588844676,6707.91985231716
p79,3321.29334637965,5795,2039,1.1788979912569,1.1788979912569,3915.46605442189,6831.71385933376
p79,3321.29334637965,5795,2040,1.20065443877187,1.20065443877187,3987.72559879419,6957.79247268297
p79,3321.29334637965,5795,2041,1.20065443877187,1.20065443877187,3987.72559879419,6957.79247268297
p79,3321.29334637965,5795,2042,1.20065443877187,1.20065443877187,3987.72559879419,6957.79247268297
p79,3321.29334637965,5795,2043,1.20065443877187,1.20065443877187,3987.72559879419,6957.79247268297
p79,3321.29334637965,5795,2044,1.20065443877187,1.20065443877187,3987.72559879419,6957.79247268297
p79,3321.29334637965,5795,2045,1.20065443877187,1.20065443877187,3987.72559879419,6957.79247268297
p79,3321.29334637965,5795,2046,1.20065443877187,1.20065443877187,3987.72559879419,6957.79247268297
p79,3321.29334637965,5795,2047,1.20065443877187,1.20065443877187,3987.72559879419,6957.79247268297
p79,3321.29334637965,5795,2048,1.20065443877187,1.20065443877187,3987.72559879419,6957.79247268297
p79,3321.29334637965,5795,2049,1.20065443877187,1.20065443877187,3987.72559879419,6957.79247268297
p79,3321.29334637965,5795,2050,1.20065443877187,1.20065443877187,3987.72559879419,6957.79247268297
p8,168.232175472929,303,2023,1,1,168.232175472929,303
p8,168.232175472929,303,2024,1.02606562597152,1.02606562597152,172.617252435181,310.89788466937
p8,168.232175472929,303,2025,1.05281066880032,1.05281066880032,177.116629173388,319.001632646498
p8,168.232175472929,303,2026,1.0802528379121,1.0802528379121,181.733284982757,327.316609887365
p8,168.232175472929,303,2027,1.10841030433979,1.10841030433979,186.470276815693,335.848322214955
p8,168.232175472929,303,2028,1.13730171275568,1.13730171275568,191.330741305977,344.602418964972
p8,168.232175472929,303,2029,1.16694619381714,1.16694619381714,196.317896845712,353.584696726593
p8,168.232175472929,303,2030,1.19736337683406,1.19736337683406,201.435045716407,362.801103180722
p8,168.232175472929,303,2031,1.20989096301467,1.20989096301467,203.542588792995,366.596961793446
p8,168.232175472929,303,2032,1.2225496208637,1.2225496208637,205.672182341505,370.432535121702
p8,168.232175472929,303,2033,1.2353407217373,1.2353407217373,207.824057068165,374.308238686403
p8,168.232175472929,303,2034,1.24826565133963,1.24826565133963,209.998446092998,378.224492355907
p8,168.232175472929,303,2035,1.26132580987295,1.26132580987295,212.19558497508,382.181720391504
p8,168.232175472929,303,2036,1.27452261218938,1.27452261218938,214.415711738059,386.180351493381
p8,168.232175472929,303,2037,1.2878574879441,1.2878574879441,216.659066895937,390.220818847061
p8,168.232175472929,303,2038,1.30133188175028,1.30133188175028,218.92589347913,394.303560170334
p8,168.232175472929,303,2039,1.31494725333556,1.31494725333556,221.216437060793,398.429017760673
p8,168.232175472929,303,2040,1.32870507770018,1.32870507770018,223.530945783428,402.597638543154
p8,168.232175472929,303,2041,1.32870507770018,1.32870507770018,223.530945783428,402.597638543154
p8,168.232175472929,303,2042,1.32870507770018,1.32870507770018,223.530945783428,402.597638543154
p8,168.232175472929,303,2043,1.32870507770018,1.32870507770018,223.530945783428,402.597638543154
p8,168.232175472929,303,2044,1.32870507770018,1.32870507770018,223.530945783428,402.597638543154
p8,168.232175472929,303,2045,1.32870507770018,1.32870507770018,223.530945783428,402.597638543154
p8,168.232175472929,303,2046,1.32870507770018,1.32870507770018,223.530945783428,402.597638543154
p8,168.232175472929,303,2047,1.32870507770018,1.32870507770018,223.530945783428,402.597638543154
p8,168.232175472929,303,2048,1.32870507770018,1.32870507770018,223.530945783428,402.597638543154
p8,168.232175472929,303,2049,1.32870507770018,1.32870507770018,223.530945783428,402.597638543154
p8,168.232175472929,303,2050,1.32870507770018,1.32870507770018,223.530945783428,402.597638543154
p80,10532.2103555121,20289,2023,1,1,10532.2103555121,20289
p80,10532.2103555121,20289,2024,1.04127986482784,1.04127986482784,10966.978575326,21126.527177492
p80,10532.2103555121,20289,2025,1.08426375689588,1.08426375689588,11419.6939684852,21998.6273636605
p80,10532.2103555121,20289,2026,1.12902201821827,1.12902201821827,11891.0973918796,22906.7277276304
p80,10532.2103555121,20289,2027,1.17562789451797,1.17562789451797,12381.960284871,23852.3143518751
p80,10532.2103555121,20289,2028,1.22415765509151,1.22415765509151,12893.0859317342,24836.9346641516
p80,10532.2103555121,20289,2029,1.27469071762165,1.27469071762165,13425.3107762099,25862.1999698257
p80,10532.2103555121,20289,2030,1.32730977814237,1.32730977814237,13979.5057903235,26929.7880887306
p80,10532.2103555121,20289,2031,1.3439630653595,1.3439630653595,14154.9017144051,27267.666633079
p80,10532.2103555121,20289,2032,1.36082529549238,1.36082529549238,14332.4982692276,27609.7844202448
p80,10532.2103555121,20289,2033,1.37789909007399,1.37789909007399,14512.3230653279,27956.1946385112
p80,10532.2103555121,20289,2034,1.3951871035288,1.3951871035288,14694.4040596629,28306.9511434958
p80,10532.2103555121,20289,2035,1.41269202358538,1.41269202358538,14878.7695599553,28662.1084665238
p80,10532.2103555121,20289,2036,1.4304165716943,1.4304165716943,15065.4482290947,29021.7218231056
p80,10532.2103555121,20289,2037,1.44836350345118,1.44836350345118,15254.4690895943,29385.847121521
p80,10532.2103555121,20289,2038,1.46653560902516,1.46653560902516,15445.861528102,29754.5409715116
p80,10532.2103555121,20289,2039,1.48493571359264,1.48493571359264,15639.6552999701,30127.860693081
p80,10532.2103555121,20289,2040,1.50356667777648,1.50356667777648,15835.8805338803,30505.864325407
p80,10532.2103555121,20289,2041,1.50356667777648,1.50356667777648,15835.8805338803,30505.864325407
p80,10532.2103555121,20289,2042,1.50356667777648,1.50356667777648,15835.8805338803,30505.864325407
p80,10532.2103555121,20289,2043,1.50356667777648,1.50356667777648,15835.8805338803,30505.864325407
p80,10532.2103555121,20289,2044,1.50356667777648,1.50356667777648,15835.8805338803,30505.864325407
p80,10532.2103555121,20289,2045,1.50356667777648,1.50356667777648,15835.8805338803,30505.864325407
p80,10532.2103555121,20289,2046,1.50356667777648,1.50356667777648,15835.8805338803,30505.864325407
p80,10532.2103555121,20289,2047,1.50356667777648,1.50356667777648,15835.8805338803,30505.864325407
p80,10532.2103555121,20289,2048,1.50356667777648,1.50356667777648,15835.8805338803,30505.864325407
p80,10532.2103555121,20289,2049,1.50356667777648,1.50356667777648,15835.8805338803,30505.864325407
p80,10532.2103555121,20289,2050,1.50356667777648,1.50356667777648,15835.8805338803,30505.864325407
p81,2712.78320287019,5226,2023,1,1,2712.78320287019,5226
p81,2712.78320287019,5226,2024,1,1,2712.78320287019,5226
p81,2712.78320287019,5226,2025,1,1,2712.78320287019,5226
p81,2712.78320287019,5226,2026,1,1,2712.78320287019,5226
p81,2712.78320287019,5226,2027,1,1,2712.78320287019,5226
p81,2712.78320287019,5226,2028,1,1,2712.78320287019,5226
p81,2712.78320287019,5226,2029,1,1,2712.78320287019,5226
p81,2712.78320287019,5226,2030,1,1,2712.78320287019,5226
p81,2712.78320287019,5226,2031,1.01845490252449,1.01845490252449,2762.84735244923,5322.44532059298
p81,2712.78320287019,5226,2032,1.03725038847617,1.03725038847617,2813.83543102872,5420.67053017644
p81,2712.78320287019,5226,2033,1.05639274328898,1.05639274328898,2865.76448962831,5520.70847642822
p81,2712.78320287019,5226,2034,1.07588836839396,1.07588836839396,2918.65189394254,5622.59261322682
p81,2712.78320287019,5226,2035,1.0957437833599,1.0957437833599,2972.51533014817,5726.35701183884
p81,2712.78320287019,5226,2036,1.11596562807362,1.11596562807362,3027.3728108186,5832.03637231274
p81,2712.78320287019,5226,2037,1.1365606649604,1.1365606649604,3083.24268094755,5939.66603508305
p81,2712.78320287019,5226,2038,1.15753578124541,1.15753578124541,3140.14362408378,6049.28199278852
p81,2712.78320287019,5226,2039,1.1788979912569,1.1788979912569,3198.09466857914,6160.92090230858
p81,2712.78320287019,5226,2040,1.20065443877187,1.20065443877187,3257.11519395185,6274.62009702177
p81,2712.78320287019,5226,2041,1.20065443877187,1.20065443877187,3257.11519395185,6274.62009702177
p81,2712.78320287019,5226,2042,1.20065443877187,1.20065443877187,3257.11519395185,6274.62009702177
p81,2712.78320287019,5226,2043,1.20065443877187,1.20065443877187,3257.11519395185,6274.62009702177
p81,2712.78320287019,5226,2044,1.20065443877187,1.20065443877187,3257.11519395185,6274.62009702177
p81,2712.78320287019,5226,2045,1.20065443877187,1.20065443877187,3257.11519395185,6274.62009702177
p81,2712.78320287019,5226,2046,1.20065443877187,1.20065443877187,3257.11519395185,6274.62009702177
p81,2712.78320287019,5226,2047,1.20065443877187,1.20065443877187,3257.11519395185,6274.62009702177
p81,2712.78320287019,5226,2048,1.20065443877187,1.20065443877187,3257.11519395185,6274.62009702177
p81,2712.78320287019,5226,2049,1.20065443877187,1.20065443877187,3257.11519395185,6274.62009702177
p81,2712.78320287019,5226,2050,1.20065443877187,1.20065443877187,3257.11519395185,6274.62009702177
p82,976.45362035225,1881,2023,1,1,976.45362035225,1881
p82,976.45362035225,1881,2024,1,1,976.45362035225,1881
p82,976.45362035225,1881,2025,1,1,976.45362035225,1881
p82,976.45362035225,1881,2026,1,1,976.45362035225,1881
p82,976.45362035225,1881,2027,1,1,976.45362035225,1881
p82,976.45362035225,1881,2028,1,1,976.45362035225,1881
p82,976.45362035225,1881,2029,1,1,976.45362035225,1881
p82,976.45362035225,1881,2030,1,1,976.45362035225,1881
p82,976.45362035225,1881,2031,1.01845490252449,1.01845490252449,994.473976735536,1915.71367164856
p82,976.45362035225,1881,2032,1.03725038847617,1.03725038847617,1012.82689703933,1951.06798072367
p82,976.45362035225,1881,2033,1.05639274328898,1.05639274328898,1031.51851869837,1987.07475012658
p82,976.45362035225,1881,2034,1.07588836839396,1.07588836839396,1050.55509241316,2023.74602094903
p82,976.45362035225,1881,2035,1.0957437833599,1.0957437833599,1069.94298424025,2061.09405649997
p82,976.45362035225,1881,2036,1.11596562807362,1.11596562807362,1089.68867772116,2099.13134640648
p82,976.45362035225,1881,2037,1.1365606649604,1.1365606649604,1109.79877605054,2137.87061079051
p82,976.45362035225,1881,2038,1.15753578124541,1.15753578124541,1130.28000428435,2177.32480452262
p82,976.45362035225,1881,2039,1.1788979912569,1.1788979912569,1151.1392115888,2217.50712155424
p82,976.45362035225,1881,2040,1.20065443877187,1.20065443877187,1172.38337353079,2258.43099932988
p82,976.45362035225,1881,2041,1.20065443877187,1.20065443877187,1172.38337353079,2258.43099932988
p82,976.45362035225,1881,2042,1.20065443877187,1.20065443877187,1172.38337353079,2258.43099932988
p82,976.45362035225,1881,2043,1.20065443877187,1.20065443877187,1172.38337353079,2258.43099932988
p82,976.45362035225,1881,2044,1.20065443877187,1.20065443877187,1172.38337353079,2258.43099932988
p82,976.45362035225,1881,2045,1.20065443877187,1.20065443877187,1172.38337353079,2258.43099932988
p82,976.45362035225,1881,2046,1.20065443877187,1.20065443877187,1172.38337353079,2258.43099932988
p82,976.45362035225,1881,2047,1.20065443877187,1.20065443877187,1172.38337353079,2258.43099932988
p82,976.45362035225,1881,2048,1.20065443877187,1.20065443877187,1172.38337353079,2258.43099932988
p82,976.45362035225,1881,2049,1.20065443877187,1.20065443877187,1172.38337353079,2258.43099932988
p82,976.45362035225,1881,2050,1.20065443877187,1.20065443877187,1172.38337353079,2258.43099932988
p83,1606.2616927593,3096,2023,1,1,1606.2616927593,3096
p83,1606.2616927593,3096,2024,1,1,1606.2616927593,3096
p83,1606.2616927593,3096,2025,1,1,1606.2616927593,3096
p83,1606.2616927593,3096,2026,1,1,1606.2616927593,3096
p83,1606.2616927593,3096,2027,1,1,1606.2616927593,3096
p83,1606.2616927593,3096,2028,1,1,1606.2616927593,3096
p83,1606.2616927593,3096,2029,1,1,1606.2616927593,3096
p83,1606.2616927593,3096,2030,1,1,1606.2616927593,3096
p83,1606.2616927593,3096,2031,1.01845490252449,1.01845490252449,1635.90509572799,3153.13637821582
p83,1606.2616927593,3096,2032,1.03725038847617,1.03725038847617,1666.09556480896,3211.32720272221
p83,1606.2616927593,3096,2033,1.05639274328898,1.05639274328898,1696.843196054,3270.59193322269
p83,1606.2616927593,3096,2034,1.07588836839396,1.07588836839396,1728.15827183652,3330.95038854769
p83,1606.2616927593,3096,2035,1.0957437833599,1.0957437833599,1760.05126429015,3392.42275328225
p83,1606.2616927593,3096,2036,1.11596562807362,1.11596562807362,1792.53283881073,3455.02958451593
p83,1606.2616927593,3096,2037,1.1365606649604,1.1365606649604,1825.61385762292,3518.7918187174
p83,1606.2616927593,3096,2038,1.15753578124541,1.15753578124541,1859.30538341271,3583.7307787358
p83,1606.2616927593,3096,2039,1.1788979912569,1.1788979912569,1893.61868302685,3649.86818093138
p83,1606.2616927593,3096,2040,1.20065443877187,1.20065443877187,1928.56523124066,3717.2261424377
p83,1606.2616927593,3096,2041,1.20065443877187,1.20065443877187,1928.56523124066,3717.2261424377
p83,1606.2616927593,3096,2042,1.20065443877187,1.20065443877187,1928.56523124066,3717.2261424377
p83,1606.2616927593,3096,2043,1.20065443877187,1.20065443877187,1928.56523124066,3717.2261424377
p83,1606.2616927593,3096,2044,1.20065443877187,1.20065443877187,1928.56523124066,3717.2261424377
p83,1606.2616927593,3096,2045,1.20065443877187,1.20065443877187,1928.56523124066,3717.2261424377
p83,1606.2616927593,3096,2046,1.20065443877187,1.20065443877187,1928.56523124066,3717.2261424377
p83,1606.2616927593,3096,2047,1.20065443877187,1.20065443877187,1928.56523124066,3717.2261424377
p83,1606.2616927593,3096,2048,1.20065443877187,1.20065443877187,1928.56523124066,3717.2261424377
p83,1606.2616927593,3096,2049,1.20065443877187,1.20065443877187,1928.56523124066,3717.2261424377
p83,1606.2616927593,3096,2050,1.20065443877187,1.20065443877187,1928.56523124066,3717.2261424377
p84,487.539008480104,895,2023,1,1,487.539008480104,895
p84,487.539008480104,895,2024,1,1,487.539008480104,895
p84,487.539008480104,895,2025,1,1,487.539008480104,895
p84,487.539008480104,895,2026,1,1,487.539008480104,895
p84,487.539008480104,895,2027,1,1,487.539008480104,895
p84,487.539008480104,895,2028,1,1,487.539008480104,895
p84,487.539008480104,895,2029,1,1,487.539008480104,895
p84,487.539008480104,895,2030,1,1,487.539008480104,895
p84,487.539008480104,895,2031,1.01845490252449,1.01845490252449,496.536493358491,911.517137759418
p84,487.539008480104,895,2032,1.03725038847617,1.03725038847617,505.700025943273,928.339097686169
p84,487.539008480104,895,2033,1.05639274328898,1.05639274328898,515.032670628688,945.471505243639
p84,487.539008480104,895,2034,1.07588836839396,1.07588836839396,524.537548362067,962.920089712592
p84,487.539008480104,895,2035,1.0957437833599,1.0957437833599,534.217837687524,980.69068610711
p84,487.539008480104,895,2036,1.11596562807362,1.11596562807362,544.07677580889,998.789237125891
p84,487.539008480104,895,2037,1.1365606649604,1.1365606649604,554.117659672281,1017.22179513956
p84,487.539008480104,895,2038,1.15753578124541,1.15753578124541,564.343847068631,1035.99452421464
p84,487.539008480104,895,2039,1.1788979912569,1.1788979912569,574.758757756578,1055.11370217493
p84,487.539008480104,895,2040,1.20065443877187,1.20065443877187,585.365874606072,1074.58572270082
p84,487.539008480104,895,2041,1.20065443877187,1.20065443877187,585.365874606072,1074.58572270082
p84,487.539008480104,895,2042,1.20065443877187,1.20065443877187,585.365874606072,1074.58572270082
p84,487.539008480104,895,2043,1.20065443877187,1.20065443877187,585.365874606072,1074.58572270082
p84,487.539008480104,895,2044,1.20065443877187,1.20065443877187,585.365874606072,1074.58572270082
p84,487.539008480104,895,2045,1.20065443877187,1.20065443877187,585.365874606072,1074.58572270082
p84,487.539008480104,895,2046,1.20065443877187,1.20065443877187,585.365874606072,1074.58572270082
p84,487.539008480104,895,2047,1.20065443877187,1.20065443877187,585.365874606072,1074.58572270082
p84,487.539008480104,895,2048,1.20065443877187,1.20065443877187,585.365874606072,1074.58572270082
p84,487.539008480104,895,2049,1.20065443877187,1.20065443877187,585.365874606072,1074.58572270082
p84,487.539008480104,895,2050,1.20065443877187,1.20065443877187,585.365874606072,1074.58572270082
p85,4079.78367579909,7079,2023,1,1,4079.78367579909,7079
p85,4079.78367579909,7079,2024,1,1,4079.78367579909,7079
p85,4079.78367579909,7079,2025,1,1,4079.78367579909,7079
p85,4079.78367579909,7079,2026,1,1,4079.78367579909,7079
p85,4079.78367579909,7079,2027,1,1,4079.78367579909,7079
p85,4079.78367579909,7079,2028,1,1,4079.78367579909,7079
p85,4079.78367579909,7079,2029,1,1,4079.78367579909,7079
p85,4079.78367579909,7079,2030,1,1,4079.78367579909,7079
p85,4079.78367579909,7079,2031,1.01845490252449,1.01845490252449,4155.07568585696,7209.64225497086
p85,4079.78367579909,7079,2032,1.03725038847617,1.03725038847617,4231.75720262132,7342.69550002278
p85,4079.78367579909,7079,2033,1.05639274328898,1.05639274328898,4309.853869303,7478.2042297427
p85,4079.78367579909,7079,2034,1.07588836839396,1.07588836839396,4389.39180235578,7616.21375986083
p85,4079.78367579909,7079,2035,1.0957437833599,1.0957437833599,4470.39760021005,7756.77024240473
p85,4079.78367579909,7079,2036,1.11596562807362,1.11596562807362,4552.89835216763,7899.92068113316
p85,4079.78367579909,7079,2037,1.1365606649604,1.1365606649604,4636.92164746079,8045.71294725467
p85,4079.78367579909,7079,2038,1.15753578124541,1.15753578124541,4722.49558447838,8194.19579543627
p85,4079.78367579909,7079,2039,1.1788979912569,1.1788979912569,4809.64878016225,8345.41888010763
p85,4079.78367579909,7079,2040,1.20065443877187,1.20065443877187,4898.41037957718,8499.43277206604
p85,4079.78367579909,7079,2041,1.20065443877187,1.20065443877187,4898.41037957718,8499.43277206604
p85,4079.78367579909,7079,2042,1.20065443877187,1.20065443877187,4898.41037957718,8499.43277206604
p85,4079.78367579909,7079,2043,1.20065443877187,1.20065443877187,4898.41037957718,8499.43277206604
p85,4079.78367579909,7079,2044,1.20065443877187,1.20065443877187,4898.41037957718,8499.43277206604
p85,4079.78367579909,7079,2045,1.20065443877187,1.20065443877187,4898.41037957718,8499.43277206604
p85,4079.78367579909,7079,2046,1.20065443877187,1.20065443877187,4898.41037957718,8499.43277206604
p85,4079.78367579909,7079,2047,1.20065443877187,1.20065443877187,4898.41037957718,8499.43277206604
p85,4079.78367579909,7079,2048,1.20065443877187,1.20065443877187,4898.41037957718,8499.43277206604
p85,4079.78367579909,7079,2049,1.20065443877187,1.20065443877187,4898.41037957718,8499.43277206604
p85,4079.78367579909,7079,2050,1.20065443877187,1.20065443877187,4898.41037957718,8499.43277206604
p86,2687.91578604044,4582,2023,1,1,2687.91578604044,4582
p86,2687.91578604044,4582,2024,1,1,2687.91578604044,4582
p86,2687.91578604044,4582,2025,1,1,2687.91578604044,4582
p86,2687.91578604044,4582,2026,1,1,2687.91578604044,4582
p86,2687.91578604044,4582,2027,1,1,2687.91578604044,4582
p86,2687.91578604044,4582,2028,1,1,2687.91578604044,4582
p86,2687.91578604044,4582,2029,1,1,2687.91578604044,4582
p86,2687.91578604044,4582,2030,1,1,2687.91578604044,4582
p86,2687.91578604044,4582,2031,1.01845490252449,1.01845490252449,2737.52100986585,4666.56036336721
p86,2687.91578604044,4582,2032,1.03725038847617,1.03725038847617,2788.04169326167,4752.68127999779
p86,2687.91578604044,4582,2033,1.05639274328898,1.05639274328898,2839.49473094502,4840.39154975012
p86,2687.91578604044,4582,2034,1.07588836839396,1.07588836839396,2891.89732942342,4929.72050398111
p86,2687.91578604044,4582,2035,1.0957437833599,1.0957437833599,2945.26701274875,5020.69801535506
p86,2687.91578604044,4582,2036,1.11596562807362,1.11596562807362,2999.62162837762,5113.35450783333
p86,2687.91578604044,4582,2037,1.1365606649604,1.1365606649604,3054.97935313968,5207.72096684855
p86,2687.91578604044,4582,2038,1.15753578124541,1.15753578124541,3111.3586993162,5303.82894966648
p86,2687.91578604044,4582,2039,1.1788979912569,1.1788979912569,3168.7785208308,5401.71059593914
p86,2687.91578604044,4582,2040,1.20065443877187,1.20065443877187,3227.25801955443,5501.39863845269
p86,2687.91578604044,4582,2041,1.20065443877187,1.20065443877187,3227.25801955443,5501.39863845269
p86,2687.91578604044,4582,2042,1.20065443877187,1.20065443877187,3227.25801955443,5501.39863845269
p86,2687.91578604044,4582,2043,1.20065443877187,1.20065443877187,3227.25801955443,5501.39863845269
p86,2687.91578604044,4582,2044,1.20065443877187,1.20065443877187,3227.25801955443,5501.39863845269
p86,2687.91578604044,4582,2045,1.20065443877187,1.20065443877187,3227.25801955443,5501.39863845269
p86,2687.91578604044,4582,2046,1.20065443877187,1.20065443877187,3227.25801955443,5501.39863845269
p86,2687.91578604044,4582,2047,1.20065443877187,1.20065443877187,3227.25801955443,5501.39863845269
p86,2687.91578604044,4582,2048,1.20065443877187,1.20065443877187,3227.25801955443,5501.39863845269
p86,2687.91578604044,4582,2049,1.20065443877187,1.20065443877187,3227.25801955443,5501.39863845269
p86,2687.91578604044,4582,2050,1.20065443877187,1.20065443877187,3227.25801955443,5501.39863845269
p87,4384.98626875408,7420,2023,1,1,4384.98626875408,7420
p87,4384.98626875408,7420,2024,1,1,4384.98626875408,7420
p87,4384.98626875408,7420,2025,1,1,4384.98626875408,7420
p87,4384.98626875408,7420,2026,1,1,4384.98626875408,7420
p87,4384.98626875408,7420,2027,1,1,4384.98626875408,7420
p87,4384.98626875408,7420,2028,1,1,4384.98626875408,7420
p87,4384.98626875408,7420,2029,1,1,4384.98626875408,7420
p87,4384.98626875408,7420,2030,1,1,4384.98626875408,7420
p87,4384.98626875408,7420,2031,1.01845490252449,1.01845490252449,4465.91076291516,7556.93537673171
p87,4384.98626875408,7420,2032,1.03725038847617,1.03725038847617,4548.32871072782,7696.39788249315
p87,4384.98626875408,7420,2033,1.05639274328898,1.05639274328898,4632.26767373364,7838.43415520425
p87,4384.98626875408,7420,2034,1.07588836839396,1.07588836839396,4717.75572211973,7983.09169348317
p87,4384.98626875408,7420,2035,1.0957437833599,1.0957437833599,4804.8214441058,8130.41887253045
p87,4384.98626875408,7420,2036,1.11596562807362,1.11596562807362,4893.49395550435,8280.46496030627
p87,4384.98626875408,7420,2037,1.1365606649604,1.1365606649604,4983.80290945736,8433.28013400617
p87,4384.98626875408,7420,2038,1.15753578124541,1.15753578124541,5075.77850635266,8588.91549684096
p87,4384.98626875408,7420,2039,1.1788979912569,1.1788979912569,5169.45150392329,8747.42309512623
p87,4384.98626875408,7420,2040,1.20065443877187,1.20065443877187,5264.85322753327,8908.85593568725
p87,4384.98626875408,7420,2041,1.20065443877187,1.20065443877187,5264.85322753327,8908.85593568725
p87,4384.98626875408,7420,2042,1.20065443877187,1.20065443877187,5264.85322753327,8908.85593568725
p87,4384.98626875408,7420,2043,1.20065443877187,1.20065443877187,5264.85322753327,8908.85593568725
p87,4384.98626875408,7420,2044,1.20065443877187,1.20065443877187,5264.85322753327,8908.85593568725
p87,4384.98626875408,7420,2045,1.20065443877187,1.20065443877187,5264.85322753327,8908.85593568725
p87,4384.98626875408,7420,2046,1.20065443877187,1.20065443877187,5264.85322753327,8908.85593568725
p87,4384.98626875408,7420,2047,1.20065443877187,1.20065443877187,5264.85322753327,8908.85593568725
p87,4384.98626875408,7420,2048,1.20065443877187,1.20065443877187,5264.85322753327,8908.85593568725
p87,4384.98626875408,7420,2049,1.20065443877187,1.20065443877187,5264.85322753327,8908.85593568725
p87,4384.98626875408,7420,2050,1.20065443877187,1.20065443877187,5264.85322753327,8908.85593568725
p88,1375.64776581866,2327,2023,1,1,1375.64776581866,2327
p88,1375.64776581866,2327,2024,1.02424348317147,1.02424348317147,1408.99825927915,2383.41458534001
p88,1375.64776581866,2327,2025,1.04907471281922,1.04907471281922,1443.15728486661,2441.19685673033
p88,1375.64776581866,2327,2026,1.07450793796507,1.07450793796507,1478.14444421606,2500.37997164471
p88,1375.64776581866,2327,2027,1.10055775307673,1.10055775307673,1513.97981417441,2560.99789140956
p88,1375.64776581866,2327,2028,1.12723910644268,1.12723910644268,1550.68395832129,2623.08540069211
p88,1375.64776581866,2327,2029,1.15456730874994,1.15456730874994,1588.27793876911,2686.67812746111
p88,1375.64776581866,2327,2030,1.18255804186995,1.18255804186995,1626.78332824928,2751.81256343137
p88,1375.64776581866,2327,2031,1.18878583587655,1.18878583587655,1635.35057916044,2766.30464008474
p88,1375.64776581866,2327,2032,1.19504642778129,1.19504642778129,1643.9629484269,2780.87303744706
p88,1375.64776581866,2327,2033,1.20133999031018,1.20133999031018,1652.62067365881,2795.51815745179
p88,1375.64776581866,2327,2034,1.2076666970989,1.2076666970989,1661.32399371769,2810.24040414914
p88,1375.64776581866,2327,2035,1.21402672269754,1.21402672269754,1670.07314872301,2825.04018371717
p88,1375.64776581866,2327,2036,1.22042024257545,1.22042024257545,1678.86838005878,2839.91790447306
p88,1375.64776581866,2327,2037,1.22684743312606,1.22684743312606,1687.70993038021,2854.87397688433
p88,1375.64776581866,2327,2038,1.23330847167175,1.23330847167175,1696.59804362046,2869.90881358016
p88,1375.64776581866,2327,2039,1.23980353646876,1.23980353646876,1705.53296499732,2885.02282936281
p88,1375.64776581866,2327,2040,1.24633280671209,1.24633280671209,1714.51494101998,2900.21644121904
p88,1375.64776581866,2327,2041,1.24633280671209,1.24633280671209,1714.51494101998,2900.21644121904
p88,1375.64776581866,2327,2042,1.24633280671209,1.24633280671209,1714.51494101998,2900.21644121904
p88,1375.64776581866,2327,2043,1.24633280671209,1.24633280671209,1714.51494101998,2900.21644121904
p88,1375.64776581866,2327,2044,1.24633280671209,1.24633280671209,1714.51494101998,2900.21644121904
p88,1375.64776581866,2327,2045,1.24633280671209,1.24633280671209,1714.51494101998,2900.21644121904
p88,1375.64776581866,2327,2046,1.24633280671209,1.24633280671209,1714.51494101998,2900.21644121904
p88,1375.64776581866,2327,2047,1.24633280671209,1.24633280671209,1714.51494101998,2900.21644121904
p88,1375.64776581866,2327,2048,1.24633280671209,1.24633280671209,1714.51494101998,2900.21644121904
p88,1375.64776581866,2327,2049,1.24633280671209,1.24633280671209,1714.51494101998,2900.21644121904
p88,1375.64776581866,2327,2050,1.24633280671209,1.24633280671209,1714.51494101998,2900.21644121904
p89,5300.8130789302,9269,2023,1,1,5300.8130789302,9269
p89,5300.8130789302,9269,2024,1.02424348317147,1.02424348317147,5429.32325160435,9493.71284551634
p89,5300.8130789302,9269,2025,1.04907471281922,1.04907471281922,5560.94895848708,9723.87351312137
p89,5300.8130789302,9269,2026,1.07450793796507,1.07450793796507,5695.76573097955,9959.61407699821
p89,5300.8130789302,9269,2027,1.10055775307673,1.10055775307673,5833.85093162718,10201.0698132682
p89,5300.8130789302,9269,2028,1.12723910644268,1.12723910644268,5975.28379851294,10448.3792776172
p89,5300.8130789302,9269,2029,1.15456730874994,1.15456730874994,6120.14549072693,10701.6843848032
p89,5300.8130789302,9269,2030,1.18255804186995,1.18255804186995,6268.51913493831,10961.1304900925
p89,5300.8130789302,9269,2031,1.18878583587655,1.18878583587655,6301.53150686141,11018.8559127398
p89,5300.8130789302,9269,2032,1.19504642778129,1.19504642778129,6334.71773431187,11076.8853391048
p89,5300.8130789302,9269,2033,1.20133999031018,1.20133999031018,6368.07873287809,11135.2203701851
p89,5300.8130789302,9269,2034,1.2076666970989,1.2076666970989,6401.61542297028,11193.8626154097
p89,5300.8130789302,9269,2035,1.21402672269754,1.21402672269754,6435.32872984588,11252.8136926835
p89,5300.8130789302,9269,2036,1.22042024257545,1.22042024257545,6469.2195836351,11312.0752284318
p89,5300.8130789302,9269,2037,1.22684743312606,1.22684743312606,6503.28891936654,11371.6488576454
p89,5300.8130789302,9269,2038,1.23330847167175,1.23330847167175,6537.53767699303,11431.5362239254
p89,5300.8130789302,9269,2039,1.23980353646876,1.23980353646876,6571.96680141754,11491.738979529
p89,5300.8130789302,9269,2040,1.24633280671209,1.24633280671209,6606.57724251924,11552.2587854144
p89,5300.8130789302,9269,2041,1.24633280671209,1.24633280671209,6606.57724251924,11552.2587854144
p89,5300.8130789302,9269,2042,1.24633280671209,1.24633280671209,6606.57724251924,11552.2587854144
p89,5300.8130789302,9269,2043,1.24633280671209,1.24633280671209,6606.57724251924,11552.2587854144
p89,5300.8130789302,9269,2044,1.24633280671209,1.24633280671209,6606.57724251924,11552.2587854144
p89,5300.8130789302,9269,2045,1.24633280671209,1.24633280671209,6606.57724251924,11552.2587854144
p89,5300.8130789302,9269,2046,1.24633280671209,1.24633280671209,6606.57724251924,11552.2587854144
p89,5300.8130789302,9269,2047,1.24633280671209,1.24633280671209,6606.57724251924,11552.2587854144
p89,5300.8130789302,9269,2048,1.24633280671209,1.24633280671209,6606.57724251924,11552.2587854144
p89,5300.8130789302,9269,2049,1.24633280671209,1.24633280671209,6606.57724251924,11552.2587854144
p89,5300.8130789302,9269,2050,1.24633280671209,1.24633280671209,6606.57724251924,11552.2587854144
p9,13919.1542889759,25088,2023,1,1,13919.1542889759,25088
p9,13919.1542889759,25088,2024,1.00047244390475,1.00047244390475,13925.730308579,25099.8526726824
p9,13919.1542889759,25088,2025,1.00094511101274,1.00094511101274,13932.3094349824,25111.7109450877
p9,13919.1542889759,25088,2026,1.00141800142943,1.00141800142943,13938.8916696541,25123.5748198615
p9,13919.1542889759,25088,2027,1.00189111526031,1.00189111526031,13945.4770140624,25135.4442996507
p9,13919.1542889759,25088,2028,1.00236445261094,1.00236445261094,13952.0654696765,25147.3193871032
p9,13919.1542889759,25088,2029,1.00283801358691,1.00283801358691,13958.6570379663,25159.2000848684
p9,13919.1542889759,25088,2030,1.00331179829388,1.00331179829388,13965.2517204024,25171.0863955969
p9,13919.1542889759,25088,2031,1.02280409975246,1.02280409975246,14236.5680718516,25660.1092545898
p9,13919.1542889759,25088,2032,1.04267509686358,1.04267509686358,14513.1555465171,26158.6328301136
p9,13919.1542889759,25088,2033,1.06293214691122,1.06293214691122,14795.1165515696,26666.8417017087
p9,13919.1542889759,25088,2034,1.08358275011637,1.08358275011637,15082.5554837425,27184.9240349195
p9,13919.1542889759,25088,2035,1.10463455241403,1.10463455241403,15375.5787679846,27713.0716509631
p9,13919.1542889759,25088,2036,1.1260953482841,1.1260953482841,15674.2948968644,28251.4800977515
p9,13919.1542889759,25088,2037,1.14797308363735,1.14797308363735,15978.8144707396,28800.3487222937
p9,13919.1542889759,25088,2038,1.17027585875735,1.17027585875735,16289.2502387073,29359.8807445045
p9,13919.1542889759,25088,2039,1.1930119312997,1.1930119312997,16605.7171403496,29930.2833324469
p9,13919.1542889759,25088,2040,1.21618971934936,1.21618971934936,16928.33234829,30511.7676790368
p9,13919.1542889759,25088,2041,1.21618971934936,1.21618971934936,16928.33234829,30511.7676790368
p9,13919.1542889759,25088,2042,1.21618971934936,1.21618971934936,16928.33234829,30511.7676790368
p9,13919.1542889759,25088,2043,1.21618971934936,1.21618971934936,16928.33234829,30511.7676790368
p9,13919.1542889759,25088,2044,1.21618971934936,1.21618971934936,16928.33234829,30511.7676790368
p9,13919.1542889759,25088,2045,1.21618971934936,1.21618971934936,16928.33234829,30511.7676790368
p9,13919.1542889759,25088,2046,1.21618971934936,1.21618971934936,16928.33234829,30511.7676790368
p9,13919.1542889759,25088,2047,1.21618971934936,1.21618971934936,16928.33234829,30511.7676790368
p9,13919.1542889759,25088,2048,1.21618971934936,1.21618971934936,16928.33234829,30511.7676790368
p9,13919.1542889759,25088,2049,1.21618971934936,1.21618971934936,16928.33234829,30511.7676790368
p9,13919.1542889759,25088,2050,1.21618971934936,1.21618971934936,16928.33234829,30511.7676790368
p90,4863.9897260274,8505,2023,1,1,4863.9897260274,8505
p90,4863.9897260274,8505,2024,1.02424348317147,1.02424348317147,4981.90977909654,8711.19082437334
p90,4863.9897260274,8505,2025,1.04907471281922,1.04907471281922,5102.68862498784,8922.38043252748
p90,4863.9897260274,8505,2026,1.07450793796507,1.07450793796507,5226.39557079697,9138.6900123929
p90,4863.9897260274,8505,2027,1.10055775307673,1.10055775307673,5353.10160386502,9360.24368991761
p90,4863.9897260274,8505,2028,1.12723910644268,1.12723910644268,5482.87943251348,9587.16860029497
p90,4863.9897260274,8505,2029,1.15456730874994,1.15456730874994,5615.80352776681,9819.59496091825
p90,4863.9897260274,8505,2030,1.18255804186995,1.18255804186995,5751.9501660865,10057.6561461039
p90,4863.9897260274,8505,2031,1.18878583587655,1.18878583587655,5782.24209215045,10110.6235341301
p90,4863.9897260274,8505,2032,1.19504642778129,1.19504642778129,5812.69354685393,10163.8698682799
p90,4863.9897260274,8505,2033,1.20133999031018,1.20133999031018,5843.30537033457,10217.3966175881
p90,4863.9897260274,8505,2034,1.2076666970989,1.2076666970989,5874.07840715448,10271.2052588261
p90,4863.9897260274,8505,2035,1.21402672269754,1.21402672269754,5905.01350632354,10325.2972765426
p90,4863.9897260274,8505,2036,1.22042024257545,1.22042024257545,5936.11152132284,10379.6741631042
p90,4863.9897260274,8505,2037,1.22684743312606,1.22684743312606,5967.37331012822,10434.3374187371
p90,4863.9897260274,8505,2038,1.23330847167175,1.23330847167175,5998.79973523394,10489.2885515682
p90,4863.9897260274,8505,2039,1.23980353646876,1.23980353646876,6030.3916636765,10544.5290776668
p90,4863.9897260274,8505,2040,1.24633280671209,1.24633280671209,6062.1499670585,10600.0605210863
p90,4863.9897260274,8505,2041,1.24633280671209,1.24633280671209,6062.1499670585,10600.0605210863
p90,4863.9897260274,8505,2042,1.24633280671209,1.24633280671209,6062.1499670585,10600.0605210863
p90,4863.9897260274,8505,2043,1.24633280671209,1.24633280671209,6062.1499670585,10600.0605210863
p90,4863.9897260274,8505,2044,1.24633280671209,1.24633280671209,6062.1499670585,10600.0605210863
p90,4863.9897260274,8505,2045,1.24633280671209,1.24633280671209,6062.1499670585,10600.0605210863
p90,4863.9897260274,8505,2046,1.24633280671209,1.24633280671209,6062.1499670585,10600.0605210863
p90,4863.9897260274,8505,2047,1.24633280671209,1.24633280671209,6062.1499670585,10600.0605210863
p90,4863.9897260274,8505,2048,1.24633280671209,1.24633280671209,6062.1499670585,10600.0605210863
p90,4863.9897260274,8505,2049,1.24633280671209,1.24633280671209,6062.1499670585,10600.0605210863
p90,4863.9897260274,8505,2050,1.24633280671209,1.24633280671209,6062.1499670585,10600.0605210863
p91,1617.65865949119,3112,2023,1,1,1617.65865949119,3112
p91,1617.65865949119,3112,2024,1.02424348317147,1.02424348317147,1656.87633997975,3187.44571962961
p91,1617.65865949119,3112,2025,1.04907471281922,1.04907471281922,1697.04479364525,3264.72050629342
p91,1617.65865949119,3112,2026,1.07450793796507,1.07450793796507,1738.18707054122,3343.86870294729
p91,1617.65865949119,3112,2027,1.10055775307673,1.10055775307673,1780.32677953475,3424.93572757479
p91,1617.65865949119,3112,2028,1.12723910644268,1.12723910644268,1823.48810185411,3507.96809924961
p91,1617.65865949119,3112,2029,1.15456730874994,1.15456730874994,1867.69580496478,3593.01346482982
p91,1617.65865949119,3112,2030,1.18255804186995,1.18255804186995,1912.97525678187,3680.12062629928
p91,1617.65865949119,3112,2031,1.18878583587655,1.18878583587655,1923.04970168618,3699.50152124784
p91,1617.65865949119,3112,2032,1.19504642778129,1.19504642778129,1933.17720239442,3718.98448325537
p91,1617.65865949119,3112,2033,1.20133999031018,1.20133999031018,1943.35803831833,3738.57004984528
p91,1617.65865949119,3112,2034,1.2076666970989,1.2076666970989,1953.59249034116,3758.25876137177
p91,1617.65865949119,3112,2035,1.21402672269754,1.21402672269754,1963.88084082539,3778.05116103474
p91,1617.65865949119,3112,2036,1.22042024257545,1.22042024257545,1974.22337362051,3797.94779489479
p91,1617.65865949119,3112,2037,1.22684743312606,1.22684743312606,1984.62037407091,3817.94921188828
p91,1617.65865949119,3112,2038,1.23330847167175,1.23330847167175,1995.07212902366,3838.05596384249
p91,1617.65865949119,3112,2039,1.23980353646876,1.23980353646876,2005.5789268365,3858.26860549079
p91,1617.65865949119,3112,2040,1.24633280671209,1.24633280671209,2016.14105738578,3878.58769448803
p91,1617.65865949119,3112,2041,1.24633280671209,1.24633280671209,2016.14105738578,3878.58769448803
p91,1617.65865949119,3112,2042,1.24633280671209,1.24633280671209,2016.14105738578,3878.58769448803
p91,1617.65865949119,3112,2043,1.24633280671209,1.24633280671209,2016.14105738578,3878.58769448803
p91,1617.65865949119,3112,2044,1.24633280671209,1.24633280671209,2016.14105738578,3878.58769448803
p91,1617.65865949119,3112,2045,1.24633280671209,1.24633280671209,2016.14105738578,3878.58769448803
p91,1617.65865949119,3112,2046,1.24633280671209,1.24633280671209,2016.14105738578,3878.58769448803
p91,1617.65865949119,3112,2047,1.24633280671209,1.24633280671209,2016.14105738578,3878.58769448803
p91,1617.65865949119,3112,2048,1.24633280671209,1.24633280671209,2016.14105738578,3878.58769448803
p91,1617.65865949119,3112,2049,1.24633280671209,1.24633280671209,2016.14105738578,3878.58769448803
p91,1617.65865949119,3112,2050,1.24633280671209,1.24633280671209,2016.14105738578,3878.58769448803
p92,11877.1216242661,20933,2023,1,1,11877.1216242661,20933
p92,11877.1216242661,20933,2024,1.02424348317147,1.02424348317147,12165.0644224895,21440.4888332283
p92,11877.1216242661,20933,2025,1.04907471281922,1.04907471281922,12459.987957096,21960.2809634448
p92,11877.1216242661,20933,2026,1.07450793796507,1.07450793796507,12762.0614654505,22492.6746654228
p92,11877.1216242661,20933,2027,1.10055775307673,1.10055775307673,13071.4582878214,23037.9754451552
p92,11877.1216242661,20933,2028,1.12723910644268,1.12723910644268,13388.3559668488,23596.4962151646
p92,11877.1216242661,20933,2029,1.15456730874994,1.15456730874994,13712.9363494247,24168.5574740625
p92,11877.1216242661,20933,2030,1.18255804186995,1.18255804186995,14045.3856910434,24754.4874904636
p92,11877.1216242661,20933,2031,1.18878583587655,1.18878583587655,14119.3539579107,24884.8539024039
p92,11877.1216242661,20933,2032,1.19504642778129,1.19504642778129,14193.7117694032,25015.9068727457
p92,11877.1216242661,20933,2033,1.20133999031018,1.20133999031018,14268.4611770087,25147.650017163
p92,11877.1216242661,20933,2034,1.2076666970989,1.2076666970989,14343.6042430194,25280.0869703712
p92,11877.1216242661,20933,2035,1.21402672269754,1.21402672269754,14419.1430405879,25413.2213862276
p92,11877.1216242661,20933,2036,1.22042024257545,1.22042024257545,14495.079653785,25547.0569378318
p92,11877.1216242661,20933,2037,1.22684743312606,1.22684743312606,14571.4161776569,25681.5973176277
p92,11877.1216242661,20933,2038,1.23330847167175,1.23330847167175,14648.1547182832,25816.8462375047
p92,11877.1216242661,20933,2039,1.23980353646876,1.23980353646876,14725.2973928348,25952.8074289006
p92,11877.1216242661,20933,2040,1.24633280671209,1.24633280671209,14802.8463296325,26089.4846429042
p92,11877.1216242661,20933,2041,1.24633280671209,1.24633280671209,14802.8463296325,26089.4846429042
p92,11877.1216242661,20933,2042,1.24633280671209,1.24633280671209,14802.8463296325,26089.4846429042
p92,11877.1216242661,20933,2043,1.24633280671209,1.24633280671209,14802.8463296325,26089.4846429042
p92,11877.1216242661,20933,2044,1.24633280671209,1.24633280671209,14802.8463296325,26089.4846429042
p92,11877.1216242661,20933,2045,1.24633280671209,1.24633280671209,14802.8463296325,26089.4846429042
p92,11877.1216242661,20933,2046,1.24633280671209,1.24633280671209,14802.8463296325,26089.4846429042
p92,11877.1216242661,20933,2047,1.24633280671209,1.24633280671209,14802.8463296325,26089.4846429042
p92,11877.1216242661,20933,2048,1.24633280671209,1.24633280671209,14802.8463296325,26089.4846429042
p92,11877.1216242661,20933,2049,1.24633280671209,1.24633280671209,14802.8463296325,26089.4846429042
p92,11877.1216242661,20933,2050,1.24633280671209,1.24633280671209,14802.8463296325,26089.4846429042
p93,1503.8992987606,2491,2023,1,1,1503.8992987606,2491
p93,1503.8992987606,2491,2024,1.02424348317147,1.02424348317147,1540.35905610169,2551.39051658013
p93,1503.8992987606,2491,2025,1.04907471281922,1.04907471281922,1577.70272495631,2613.24510963268
p93,1503.8992987606,2491,2026,1.07450793796507,1.07450793796507,1615.95173441836,2676.59927347098
p93,1503.8992987606,2491,2027,1.10055775307673,1.10055775307673,1655.12803309764,2741.48936291414
p93,1503.8992987606,2491,2028,1.12723910644268,1.12723910644268,1695.25410171467,2807.95261414871
p93,1503.8992987606,2491,2029,1.15456730874994,1.15456730874994,1736.35296600095,2876.0271660961
p93,1503.8992987606,2491,2030,1.18255804186995,1.18255804186995,1778.44820991192,2945.75208229804
p93,1503.8992987606,2491,2031,1.18878583587655,1.18878583587655,1787.81418495128,2961.2655171685
p93,1503.8992987606,2491,2032,1.19504642778129,1.19504642778129,1797.22948472664,2976.86065160319
p93,1503.8992987606,2491,2033,1.20133999031018,1.20133999031018,1806.69436900055,2992.53791586266
p93,1503.8992987606,2491,2034,1.2076666970989,1.2076666970989,1816.20909890356,3008.29774247335
p93,1503.8992987606,2491,2035,1.21402672269754,1.21402672269754,1825.77393694146,3024.14056623957
p93,1503.8992987606,2491,2036,1.22042024257545,1.22042024257545,1835.38914700246,3040.06682425544
p93,1503.8992987606,2491,2037,1.22684743312606,1.22684743312606,1845.05499436452,3056.076955917
p93,1503.8992987606,2491,2038,1.23330847167175,1.23330847167175,1854.77174570265,3072.17140293433
p93,1503.8992987606,2491,2039,1.23980353646876,1.23980353646876,1864.53966909628,3088.35060934369
p93,1503.8992987606,2491,2040,1.24633280671209,1.24633280671209,1874.35903403664,3104.61502151982
p93,1503.8992987606,2491,2041,1.24633280671209,1.24633280671209,1874.35903403664,3104.61502151982
p93,1503.8992987606,2491,2042,1.24633280671209,1.24633280671209,1874.35903403664,3104.61502151982
p93,1503.8992987606,2491,2043,1.24633280671209,1.24633280671209,1874.35903403664,3104.61502151982
p93,1503.8992987606,2491,2044,1.24633280671209,1.24633280671209,1874.35903403664,3104.61502151982
p93,1503.8992987606,2491,2045,1.24633280671209,1.24633280671209,1874.35903403664,3104.61502151982
p93,1503.8992987606,2491,2046,1.24633280671209,1.24633280671209,1874.35903403664,3104.61502151982
p93,1503.8992987606,2491,2047,1.24633280671209,1.24633280671209,1874.35903403664,3104.61502151982
p93,1503.8992987606,2491,2048,1.24633280671209,1.24633280671209,1874.35903403664,3104.61502151982
p93,1503.8992987606,2491,2049,1.24633280671209,1.24633280671209,1874.35903403664,3104.61502151982
p93,1503.8992987606,2491,2050,1.24633280671209,1.24633280671209,1874.35903403664,3104.61502151982
p94,16574.5343281148,29561,2023,1,1,16574.5343281148,29561
p94,16574.5343281148,29561,2024,1.02424348317147,1.02424348317147,16976.3587721734,30277.6616060318
p94,16574.5343281148,29561,2025,1.04907471281922,1.04907471281922,17387.9248403794,31011.697585649
p94,16574.5343281148,29561,2026,1.07450793796507,1.07450793796507,17809.4687036339,31763.5291541854
p94,16574.5343281148,29561,2027,1.10055775307673,1.10055775307673,18241.2322584432,32533.5877387013
p94,16574.5343281148,29561,2028,1.12723910644268,1.12723910644268,18683.4632657276,33322.315225552
p94,16574.5343281148,29561,2029,1.15456730874994,1.15456730874994,19136.415492995,34130.164213957
p94,16574.5343281148,29561,2030,1.18255804186995,1.18255804186995,19600.3488599617,34957.5982757175
p94,16574.5343281148,29561,2031,1.18878583587655,1.18878583587655,19703.5716455126,35141.6980943468
p94,16574.5343281148,29561,2032,1.19504642778129,1.19504642778129,19807.338040952,35326.7674516427
p94,16574.5343281148,29561,2033,1.20133999031018,1.20133999031018,19911.6509091332,35512.8114535593
p94,16574.5343281148,29561,2034,1.2076666970989,1.2076666970989,20016.5131279867,35699.8352329405
p94,16574.5343281148,29561,2035,1.21402672269754,1.21402672269754,20121.9275905991,35887.8439496619
p94,16574.5343281148,29561,2036,1.22042024257545,1.22042024257545,20227.8972052929,36076.8427907728
p94,16574.5343281148,29561,2037,1.22684743312606,1.22684743312606,20334.4248957073,36266.8369706393
p94,16574.5343281148,29561,2038,1.23330847167175,1.23330847167175,20441.5136008782,36457.8317310886
p94,16574.5343281148,29561,2039,1.23980353646876,1.23980353646876,20549.1662753197,36649.8323415531
p94,16574.5343281148,29561,2040,1.24633280671209,1.24633280671209,20657.3858891052,36842.8440992161
p94,16574.5343281148,29561,2041,1.24633280671209,1.24633280671209,20657.3858891052,36842.8440992161
p94,16574.5343281148,29561,2042,1.24633280671209,1.24633280671209,20657.3858891052,36842.8440992161
p94,16574.5343281148,29561,2043,1.24633280671209,1.24633280671209,20657.3858891052,36842.8440992161
p94,16574.5343281148,29561,2044,1.24633280671209,1.24633280671209,20657.3858891052,36842.8440992161
p94,16574.5343281148,29561,2045,1.24633280671209,1.24633280671209,20657.3858891052,36842.8440992161
p94,16574.5343281148,29561,2046,1.24633280671209,1.24633280671209,20657.3858891052,36842.8440992161
p94,16574.5343281148,29561,2047,1.24633280671209,1.24633280671209,20657.3858891052,36842.8440992161
p94,16574.5343281148,29561,2048,1.24633280671209,1.24633280671209,20657.3858891052,36842.8440992161
p94,16574.5343281148,29561,2049,1.24633280671209,1.24633280671209,20657.3858891052,36842.8440992161
p94,16574.5343281148,29561,2050,1.24633280671209,1.24633280671209,20657.3858891052,36842.8440992161
p95,3246.50642530985,5680,2023,1,1,3246.50642530985,5680
p95,3246.50642530985,5680,2024,1.02424348317147,1.02424348317147,3325.21304919791,5817.70298441394
p95,3246.50642530985,5680,2025,1.04907471281922,1.04907471281922,3405.82779579769,5958.74436881318
p95,3246.50642530985,5680,2026,1.07450793796507,1.07450793796507,3488.39692465003,6103.20508764158
p95,3246.50642530985,5680,2027,1.10055775307673,1.10055775307673,3572.96781678818,6251.16803747584
p95,3246.50642530985,5680,2028,1.12723910644268,1.12723910644268,3659.58900192668,6402.71812459441
p95,3246.50642530985,5680,2029,1.15456730874994,1.15456730874994,3748.31018630938,6557.94231369966
p95,3246.50642530985,5680,2030,1.18255804186995,1.18255804186995,3839.18228123262,6716.9296778213
p95,3246.50642530985,5680,2031,1.18878583587655,1.18878583587655,3859.40085449057,6752.30354777883
p95,3246.50642530985,5680,2032,1.19504642778129,1.19504642778129,3879.72590633554,6787.86370979772
p95,3246.50642530985,5680,2033,1.20133999031018,1.20133999031018,3900.15799752368,6823.61114496183
p95,3246.50642530985,5680,2034,1.2076666970989,1.2076666970989,3920.6976917643,6859.54683952174
p95,3246.50642530985,5680,2035,1.21402672269754,1.21402672269754,3941.34555573542,6895.67178492202
p95,3246.50642530985,5680,2036,1.22042024257545,1.22042024257545,3962.10215909939,6931.98697782854
p95,3246.50642530985,5680,2037,1.22684743312606,1.22684743312606,3982.96807451863,6968.49342015599
p95,3246.50642530985,5680,2038,1.23330847167175,1.23330847167175,4003.94387767141,7005.19211909554
p95,3246.50642530985,5680,2039,1.23980353646876,1.23980353646876,4025.03014726771,7042.08408714257
p95,3246.50642530985,5680,2040,1.24633280671209,1.24633280671209,4046.22746506526,7079.17034212468
p95,3246.50642530985,5680,2041,1.24633280671209,1.24633280671209,4046.22746506526,7079.17034212468
p95,3246.50642530985,5680,2042,1.24633280671209,1.24633280671209,4046.22746506526,7079.17034212468
p95,3246.50642530985,5680,2043,1.24633280671209,1.24633280671209,4046.22746506526,7079.17034212468
p95,3246.50642530985,5680,2044,1.24633280671209,1.24633280671209,4046.22746506526,7079.17034212468
p95,3246.50642530985,5680,2045,1.24633280671209,1.24633280671209,4046.22746506526,7079.17034212468
p95,3246.50642530985,5680,2046,1.24633280671209,1.24633280671209,4046.22746506526,7079.17034212468
p95,3246.50642530985,5680,2047,1.24633280671209,1.24633280671209,4046.22746506526,7079.17034212468
p95,3246.50642530985,5680,2048,1.24633280671209,1.24633280671209,4046.22746506526,7079.17034212468
p95,3246.50642530985,5680,2049,1.24633280671209,1.24633280671209,4046.22746506526,7079.17034212468
p95,3246.50642530985,5680,2050,1.24633280671209,1.24633280671209,4046.22746506526,7079.17034212468
p96,6468.40530006523,11317,2023,1,1,6468.40530006523,11317
p96,6468.40530006523,11317,2024,1.02424348317147,1.02424348317147,6625.2219751036,11591.3634990515
p96,6468.40530006523,11317,2025,1.04907471281922,1.04907471281922,6785.84043256426,11872.3785249751
p96,6468.40530006523,11317,2026,1.07450793796507,1.07450793796507,6950.3528408954,12160.2063339507
p96,6468.40530006523,11317,2027,1.10055775307673,1.10055775307673,7118.85360302942,12455.0120915694
p96,6468.40530006523,11317,2028,1.12723910644268,1.12723910644268,7291.43941055461,12756.9649676118
p96,6468.40530006523,11317,2029,1.15456730874994,1.15456730874994,7468.20929920017,13066.2382331231
p96,6468.40530006523,11317,2030,1.18255804186995,1.18255804186995,7649.26470566633,13383.0093598422
p96,6468.40530006523,11317,2031,1.18878583587655,1.18878583587655,7689.54860142638,13453.489304615
p96,6468.40530006523,11317,2032,1.19504642778129,1.19504642778129,7730.04464728451,13524.3404232008
p96,6468.40530006523,11317,2033,1.20133999031018,1.20133999031018,7770.75396050269,13595.5646703403
p96,6468.40530006523,11317,2034,1.2076666970989,1.2076666970989,7811.67766422678,13667.1640110682
p96,6468.40530006523,11317,2035,1.21402672269754,1.21402672269754,7852.81688751758,13739.140420768
p96,6468.40530006523,11317,2036,1.22042024257545,1.22042024257545,7894.17276538191,13811.4958852263
p96,6468.40530006523,11317,2037,1.22684743312606,1.22684743312606,7935.746438804,13884.2324006876
p96,6468.40530006523,11317,2038,1.23330847167175,1.23330847167175,7977.5390547769,13957.3519739092
p96,6468.40530006523,11317,2039,1.23980353646876,1.23980353646876,8019.55176633416,14030.856622217
p96,6468.40530006523,11317,2040,1.24633280671209,1.24633280671209,8061.78573258166,14104.7483735607
p96,6468.40530006523,11317,2041,1.24633280671209,1.24633280671209,8061.78573258166,14104.7483735607
p96,6468.40530006523,11317,2042,1.24633280671209,1.24633280671209,8061.78573258166,14104.7483735607
p96,6468.40530006523,11317,2043,1.24633280671209,1.24633280671209,8061.78573258166,14104.7483735607
p96,6468.40530006523,11317,2044,1.24633280671209,1.24633280671209,8061.78573258166,14104.7483735607
p96,6468.40530006523,11317,2045,1.24633280671209,1.24633280671209,8061.78573258166,14104.7483735607
p96,6468.40530006523,11317,2046,1.24633280671209,1.24633280671209,8061.78573258166,14104.7483735607
p96,6468.40530006523,11317,2047,1.24633280671209,1.24633280671209,8061.78573258166,14104.7483735607
p96,6468.40530006523,11317,2048,1.24633280671209,1.24633280671209,8061.78573258166,14104.7483735607
p96,6468.40530006523,11317,2049,1.24633280671209,1.24633280671209,8061.78573258166,14104.7483735607
p96,6468.40530006523,11317,2050,1.24633280671209,1.24633280671209,8061.78573258166,14104.7483735607
p97,8406.33202870189,14848,2023,1,1,8406.33202870189,14848
p97,8406.33202870189,14848,2024,1.02424348317147,1.02424348317147,8610.1307977735,15207.96723813
p97,8406.33202870189,14848,2025,1.04907471281922,1.04907471281922,8818.87035887346,15576.6613359398
p97,8406.33202870189,14848,2026,1.07450793796507,1.07450793796507,9032.67049401017,15954.2938629053
p97,8406.33202870189,14848,2027,1.10055775307673,1.10055775307673,9251.65388912512,16341.0815176833
p97,8406.33202870189,14848,2028,1.12723910644268,1.12723910644268,9475.94620449438,16737.2462524609
p97,8406.33202870189,14848,2029,1.15456730874994,1.15456730874994,9705.67614683677,17143.0154003191
p97,8406.33202870189,14848,2030,1.18255804186995,1.18255804186995,9940.97554317033,17558.621805685
p97,8406.33202870189,14848,2031,1.18878583587655,1.18878583587655,9993.32844739622,17651.0920910951
p97,8406.33202870189,14848,2032,1.19504642778129,1.19504642778129,10045.9570616436,17744.0493596966
p97,8406.33202870189,14848,2033,1.20133999031018,1.20133999031018,10098.8628379049,17837.4961761256
p97,8406.33202870189,14848,2034,1.2076666970989,1.2076666970989,10152.0472358191,17931.4351185244
p97,8406.33202870189,14848,2035,1.21402672269754,1.21402672269754,10205.5117227123,18025.8687786131
p97,8406.33202870189,14848,2036,1.22042024257545,1.22042024257545,10259.2577736381,18120.7997617602
p97,8406.33202870189,14848,2037,1.22684743312606,1.22684743312606,10313.2868714183,18216.2306870557
p97,8406.33202870189,14848,2038,1.23330847167175,1.23330847167175,10367.6005066836,18312.1641873821
p97,8406.33202870189,14848,2039,1.23980353646876,1.23980353646876,10422.2001779152,18408.6029094882
p97,8406.33202870189,14848,2040,1.24633280671209,1.24633280671209,10477.0873914858,18505.5495140611
p97,8406.33202870189,14848,2041,1.24633280671209,1.24633280671209,10477.0873914858,18505.5495140611
p97,8406.33202870189,14848,2042,1.24633280671209,1.24633280671209,10477.0873914858,18505.5495140611
p97,8406.33202870189,14848,2043,1.24633280671209,1.24633280671209,10477.0873914858,18505.5495140611
p97,8406.33202870189,14848,2044,1.24633280671209,1.24633280671209,10477.0873914858,18505.5495140611
p97,8406.33202870189,14848,2045,1.24633280671209,1.24633280671209,10477.0873914858,18505.5495140611
p97,8406.33202870189,14848,2046,1.24633280671209,1.24633280671209,10477.0873914858,18505.5495140611
p97,8406.33202870189,14848,2047,1.24633280671209,1.24633280671209,10477.0873914858,18505.5495140611
p97,8406.33202870189,14848,2048,1.24633280671209,1.24633280671209,10477.0873914858,18505.5495140611
p97,8406.33202870189,14848,2049,1.24633280671209,1.24633280671209,10477.0873914858,18505.5495140611
p97,8406.33202870189,14848,2050,1.24633280671209,1.24633280671209,10477.0873914858,18505.5495140611
p98,7855.73568166993,13875,2023,1,1,7855.73568166993,13875
p98,7855.73568166993,13875,2024,1.02424348317147,1.02424348317147,8046.186077468,14211.3783290041
p98,7855.73568166993,13875,2025,1.04907471281922,1.04907471281922,8241.25365423159,14555.9116403667
p98,7855.73568166993,13875,2026,1.07450793796507,1.07450793796507,8441.05034850976,14908.7976392653
p98,7855.73568166993,13875,2027,1.10055775307673,1.10055775307673,8645.69081058337,15270.2388239397
p98,7855.73568166993,13875,2028,1.12723910644268,1.12723910644268,8855.29247025546,15640.4426018921
p98,7855.73568166993,13875,2029,1.15456730874994,1.15456730874994,9069.97560423653,16019.6214089054
p98,7855.73568166993,13875,2030,1.18255804186995,1.18255804186995,9289.86340516347,16407.9928309455
p98,7855.73568166993,13875,2031,1.18878583587655,1.18878583587655,9338.78730875925,16494.4034727872
p98,7855.73568166993,13875,2032,1.19504642778129,1.19504642778129,9387.96886397366,16581.2691854654
p98,7855.73568166993,13875,2033,1.20133999031018,1.20133999031018,9437.4094276967,16668.5923655538
p98,7855.73568166993,13875,2034,1.2076666970989,1.2076666970989,9487.11036396428,16756.3754222472
p98,7855.73568166993,13875,2035,1.21402672269754,1.21402672269754,9537.07304399586,16844.6207774283
p98,7855.73568166993,13875,2036,1.22042024257545,1.22042024257545,9587.2988462322,16933.3308657343
p98,7855.73568166993,13875,2037,1.22684743312606,1.22684743312606,9637.78915637351,17022.508134624
p98,7855.73568166993,13875,2038,1.23330847167175,1.23330847167175,9688.54536741757,17112.1550444455
p98,7855.73568166993,13875,2039,1.23980353646876,1.23980353646876,9739.56887969822,17202.2740685041
p98,7855.73568166993,13875,2040,1.24633280671209,1.24633280671209,9790.861100924,17292.8676931303
p98,7855.73568166993,13875,2041,1.24633280671209,1.24633280671209,9790.861100924,17292.8676931303
p98,7855.73568166993,13875,2042,1.24633280671209,1.24633280671209,9790.861100924,17292.8676931303
p98,7855.73568166993,13875,2043,1.24633280671209,1.24633280671209,9790.861100924,17292.8676931303
p98,7855.73568166993,13875,2044,1.24633280671209,1.24633280671209,9790.861100924,17292.8676931303
p98,7855.73568166993,13875,2045,1.24633280671209,1.24633280671209,9790.861100924,17292.8676931303
p98,7855.73568166993,13875,2046,1.24633280671209,1.24633280671209,9790.861100924,17292.8676931303
p98,7855.73568166993,13875,2047,1.24633280671209,1.24633280671209,9790.861100924,17292.8676931303
p98,7855.73568166993,13875,2048,1.24633280671209,1.24633280671209,9790.861100924,17292.8676931303
p98,7855.73568166993,13875,2049,1.24633280671209,1.24633280671209,9790.861100924,17292.8676931303
p98,7855.73568166993,13875,2050,1.24633280671209,1.24633280671209,9790.861100924,17292.8676931303
p99,11850.7081702544,21510,2023,1,1,11850.7081702544,21510
p99,11850.7081702544,21510,2024,1.04127986482784,1.04127986482784,12339.9038016367,22397.9298924468
p99,11850.7081702544,21510,2025,1.08426375689588,1.08426375689588,12849.2933625568,23322.5134108304
p99,11850.7081702544,21510,2026,1.12902201821827,1.12902201821827,13379.7104556963,24285.2636118749
p99,11850.7081702544,21510,2027,1.17562789451797,1.17562789451797,13932.0230947431,25287.7560110816
p99,11850.7081702544,21510,2028,1.22415765509151,1.22415765509151,14507.1351248724,26331.6311610184
p99,11850.7081702544,21510,2029,1.27469071762165,1.27469071762165,15105.9877018664,27418.5973360417
p99,11850.7081702544,21510,2030,1.32730977814237,1.32730977814237,15729.5608322904,28550.4333278424
p99,11850.7081702544,21510,2031,1.3439630653595,1.3439630653595,15926.914079176,28908.6455358829
p99,11850.7081702544,21510,2032,1.36082529549238,1.36082529549238,16126.7434475804,29271.352106041
p99,11850.7081702544,21510,2033,1.37789909007399,1.37789909007399,16329.0800045259,29638.6094274915
p99,11850.7081702544,21510,2034,1.3951871035288,1.3951871035288,16533.9552068223,30010.4745969045
p99,11850.7081702544,21510,2035,1.41269202358538,1.41269202358538,16741.4009059565,30387.0054273216
p99,11850.7081702544,21510,2036,1.4304165716943,1.4304165716943,16951.4493530449,30768.2604571443
p99,11850.7081702544,21510,2037,1.44836350345118,1.44836350345118,17164.1332038472,31154.2989592349
p99,11850.7081702544,21510,2038,1.46653560902516,1.46653560902516,17379.4855238435,31545.1809501313
p99,11850.7081702544,21510,2039,1.48493571359264,1.48493571359264,17597.5397933748,31940.9671993776
p99,11850.7081702544,21510,2040,1.50356667777648,1.50356667777648,17818.329912848,32341.719238972
p99,11850.7081702544,21510,2041,1.50356667777648,1.50356667777648,17818.329912848,32341.719238972
p99,11850.7081702544,21510,2042,1.50356667777648,1.50356667777648,17818.329912848,32341.719238972
p99,11850.7081702544,21510,2043,1.50356667777648,1.50356667777648,17818.329912848,32341.719238972
p99,11850.7081702544,21510,2044,1.50356667777648,1.50356667777648,17818.329912848,32341.719238972
p99,11850.7081702544,21510,2045,1.50356667777648,1.50356667777648,17818.329912848,32341.719238972
p99,11850.7081702544,21510,2046,1.50356667777648,1.50356667777648,17818.329912848,32341.719238972
p99,11850.7081702544,21510,2047,1.50356667777648,1.50356667777648,17818.329912848,32341.719238972
p99,11850.7081702544,21510,2048,1.50356667777648,1.50356667777648,17818.329912848,32341.719238972
p99,11850.7081702544,21510,2049,1.50356667777648,1.50356667777648,17818.329912848,32341.719238972
p99,11850.7081702544,21510,2050,1.50356667777648,1.50356667777648,17818.329912848,32341.719238972
