region,avg_base,peak_base,year,avg_growth,peak_growth,avg_targ,peak_targ
p1,5467.20949119374,9391,2023,1,1,5467.20949119374,9391
p1,5467.20949119374,9391,2024,1.05284295468987,1.04678925939915,5756.11299461692,9830.39793501746
p1,5467.20949119374,9391,2025,1.1084782872401,1.09576775359343,6060.28301278124,10290.3549739959
p1,5467.20949119374,9391,2026,1.16705355514743,1.14703791525754,6380.52627343343,10771.8330621836
p1,5467.20949119374,9391,2027,1.22872411328274,1.20070696981519,6717.692134198,11275.8391535345
p1,5467.20949119374,9391,2028,1.29365352592729,1.25688715968825,7072.67483526592,11803.4273166323
p1,5467.20949119374,9391,2029,1.36201400058226,1.31569597903837,7446.41587112207,12355.7009391493
p1,5467.20949119374,9391,2030,1.43398684470199,1.37725641949202,7839.9064876017,12933.8150354495
p1,5467.20949119374,9391,2031,1.45828484099387,1.3979196955414,7972.74872354561,13127.8638608293
p1,5467.20949119374,9391,2032,1.48299455140012,1.41889298719213,8107.84188680332,13324.8240427213
p1,5467.20949119374,9391,2033,1.50812295215492,1.44018094567535,8245.22411790849,13524.7392608372
p1,5467.20949119374,9391,2034,1.5336771377003,1.46178829200562,8384.93420366191,13727.6538502248
p1,5467.20949119374,9391,2035,1.55966432268909,1.48371981802792,8527.01158808206,13933.6128111002
p1,5467.20949119374,9391,2036,1.58609184402186,1.50598038748031,8671.49638354127,14142.6618188276
p1,5467.20949119374,9391,2037,1.61296716291826,1.52857493707257,8818.42938209054,14354.8472340485
p1,5467.20949119374,9391,2038,1.6402978670236,1.55150847758099,8967.85206697625,14570.2161129631
p1,5467.20949119374,9391,2039,1.668091672551,1.57478609495964,9119.80662435207,14788.8162177659
p1,5467.20949119374,9391,2040,1.69635642645993,1.59841295146824,9274.33595518923,15010.6960272382
p1,5467.20949119374,9391,2041,1.70982196772203,1.60964747800806,9347.95489018144,15116.1994659737
p1,5467.20949119374,9391,2042,1.72339439737071,1.62096096698777,9422.15820637524,15222.4444409821
p1,5467.20949119374,9391,2043,1.7370745638774,1.63235397339886,9496.95054254173,15329.4361641887
p1,5467.20949119374,9391,2044,1.75086332244864,1.64382705613364,9572.33657427422,15437.179884151
p1,5467.20949119374,9391,2045,1.76476153507954,1.65538077801262,9648.3210142805,15545.6808863165
p1,5467.20949119374,9391,2046,1.77877007060764,1.66701570581211,9724.90861267743,15654.9444932815
p1,5467.20949119374,9391,2047,1.79288980476725,1.67873241029205,9802.10415728797,15764.9760650526
p1,5467.20949119374,9391,2048,1.80712162024418,1.69053146622398,9879.9124739404,15875.7809993094
p1,5467.20949119374,9391,2049,1.82146640673095,1.70241345241926,9958.33842677002,15987.3647316693
p1,5467.20949119374,9391,2050,1.83592506098238,1.71437895175746,10037.3869185233,16099.7327359543
p10,15722.6103392042,28336,2023,1,1,15722.6103392042,28336
p10,15722.6103392042,28336,2024,1,1,15722.6103392042,28336
p10,15722.6103392042,28336,2025,1,1,15722.6103392042,28336
p10,15722.6103392042,28336,2026,1,1,15722.6103392042,28336
p10,15722.6103392042,28336,2027,1,1,15722.6103392042,28336
p10,15722.6103392042,28336,2028,1,1,15722.6103392042,28336
p10,15722.6103392042,28336,2029,1,1,15722.6103392042,28336
p10,15722.6103392042,28336,2030,1,1,15722.6103392042,28336
p10,15722.6103392042,28336,2031,1.01678386488215,1.01486110328804,15986.496506732,28757.1042227698
p10,15722.6103392042,28336,2032,1.03384942788468,1.02994305896701,16254.81170404,29184.4665188892
p10,15722.6103392042,28336,2033,1.05120141699078,1.04524914914711,16527.6302673653,29618.1798902326
p10,15722.6103392042,28336,2034,1.06884463953748,1.06078270471432,16805.0277805949,30058.338720785
p10,15722.6103392042,28336,2035,1.08678398354748,1.07654710605524,17087.0810962051,30505.0387971814
p10,15722.6103392042,28336,2036,1.10502441908343,1.09254578379277,17373.8683565542,30958.3773295518
p10,15722.6103392042,28336,2037,1.1235709996248,1.10878221953262,17665.4690155308,31418.4529726763
p10,15722.6103392042,28336,2038,1.142428863468,1.12525994662103,17961.9638605672,31885.3658474536
p10,15722.6103392042,28336,2039,1.16160323514991,1.14198255091366,18263.435035021,32359.2175626894
p10,15722.6103392042,28336,2040,1.18109942689533,1.15895367155592,18569.9660609327,32840.1112372085
p10,15722.6103392042,28336,2041,1.18762956860124,1.16462730534849,18672.6369344345,33000.8793243547
p10,15722.6103392042,28336,2042,1.19419581459247,1.17032871429825,18775.875461546,33162.4344483551
p10,15722.6103392042,28336,2043,1.20079836448482,1.17605803437792,18879.6847807484,33324.7804621327
p10,15722.6103392042,28336,2044,1.20743741899771,1.18181540222585,18984.0680478755,33487.9212374718
p10,15722.6103392042,28336,2045,1.21411317996036,1.18760095514933,19089.0284362088,33651.8606651114
p10,15722.6103392042,28336,2046,1.22082585031784,1.1934148311278,19194.569136575,33816.6026548373
p10,15722.6103392042,28336,2047,1.22757563413728,1.19925716881619,19300.693357442,33982.1511355757
p10,15722.6103392042,28336,2048,1.23436273661409,1.20512810754823,19407.4043250171,34148.5100554866
p10,15722.6103392042,28336,2049,1.24118736407816,1.21102778733972,19514.7052833449,34315.6833820584
p10,15722.6103392042,28336,2050,1.24804972400015,1.21695634889194,19622.5994944057,34483.6751022019
p100,387.620939334638,703,2023,1,1,387.620939334638,703
p100,387.620939334638,703,2024,1.12311394577376,1.10900999723178,435.342482640656,779.63402805394
p100,387.620939334638,703,2025,1.2613849351915,1.22990317396003,488.939213441491,864.6219312939
p100,387.620939334638,703,2026,1.4166790117025,1.36397491554877,549.13444925179,958.874365630782
p100,387.620939334638,703,2027,1.59109195472806,1.51266181731695,616.740558059478,1063.40125757382
p100,387.620939334638,703,2028,1.78697756336352,1.67755707783529,692.669921680889,1179.32262571821
p100,387.620939334638,703,2029,2.00697942219838,1.86042757024626,777.947248857824,1307.88058188312
p100,387.620939334638,703,2030,2.25406657795196,2.06323277452873,873.72340426855,1450.4526404937
p100,387.620939334638,703,2031,2.27460675917867,2.07988011406842,881.685208609755,1462.1557201901
p100,387.620939334638,703,2032,2.29533411280259,2.09666177384437,889.719564891377,1473.95322701259
p100,387.620939334638,703,2033,2.31625034443212,2.11357883762891,897.827134242958,1485.84592285313
p100,387.620939334638,703,2034,2.33735717521807,2.13063239793887,906.008583818584,1497.83457575102
p100,387.620939334638,703,2035,2.3586563419952,2.1478235561061,914.26458685178,1509.91995994259
p100,387.620939334638,703,2036,2.38014959742519,2.16515342234865,922.595822710913,1522.1028559111
p100,387.620939334638,703,2037,2.40183871014086,2.18262311584244,931.002976955095,1534.38405043723
p100,387.620939334638,703,2038,2.42372546489168,2.20023376479352,939.486741390593,1546.76433664984
p100,387.620939334638,703,2039,2.44581166269064,2.21798650651097,948.04781412776,1559.24451407721
p100,387.620939334638,703,2040,2.4680991209625,2.23588248748033,956.686899638479,1571.82538869868
p100,387.620939334638,703,2041,2.47438159483266,2.24092185631739,959.122118061376,1575.36806499113
p100,387.620939334638,703,2042,2.48068006055566,2.24597258319246,961.563535261291,1578.9187259843
p100,387.620939334638,703,2043,2.48699455883829,2.25103469370498,964.01116701703,1582.4773896746
p100,387.620939334638,703,2044,2.49332513049095,2.25610821351208,966.465029147561,1586.04407409899
p100,387.620939334638,703,2045,2.49967181642795,2.26119316832874,968.925137512121,1589.61879733511
p100,387.620939334638,703,2046,2.50603465766771,2.26628958392788,971.391508010316,1593.2015775013
p100,387.620939334638,703,2047,2.51241369533309,2.27139748614052,973.864156582222,1596.79243275679
p100,387.620939334638,703,2048,2.51880897065162,2.27651690085588,976.343099208492,1600.39138130169
p100,387.620939334638,703,2049,2.52522052495575,2.28164785402156,978.828351910457,1603.99844137715
p100,387.620939334638,703,2050,2.53164839968319,2.2867903716436,981.319930750229,1607.61363126545
p101,18292.8626386171,35194,2023,1,1,18292.8626386171,35194
p101,18292.8626386171,35194,2024,1.00810290660017,1.00717463663846,18441.0879960275,35446.5041618539
p101,18292.8626386171,35194,2025,1.0162714702957,1.01440074868781,18590.5144096647,35700.8199493188
p101,18292.8626386171,35194,2026,1.02450622309992,1.02167870546542,18741.1516115753,35956.9603601501
p101,18292.8626386171,35194,2027,1.03280770133699,1.02900887893839,18893.0094126635,36214.9384853576
p101,18292.8626386171,35194,2028,1.04117644567686,1.03639164374252,19046.0977033303,36474.7675098742
p101,18292.8626386171,35194,2029,1.04961300117047,1.0438273772015,19200.4264541181,36736.4607132297
p101,18292.8626386171,35194,2030,1.05811791728528,1.0513164593462,19356.0057163592,37000.0314702301
p101,18292.8626386171,35194,2031,1.07176908192206,1.06332604925377,19605.7245959171,37422.6969774371
p101,18292.8626386171,35194,2032,1.08559636520584,1.07547282929896,19858.6651896924,37850.1907543477
p101,18292.8626386171,35194,2033,1.0996020393074,1.08775836665719,20114.8690621935,38282.567956133
p101,18292.8626386171,35194,2034,1.11378840571167,1.10018424640628,20374.378314168,38719.8843680226
p101,18292.8626386171,35194,2035,1.12815779559586,1.11275207173104,20637.2355895201,39162.1964125021
p101,18292.8626386171,35194,2036,1.14271257021254,1.12546346413005,20903.484082319,39609.5611565929
p101,18292.8626386171,35194,2037,1.15745512127766,1.13832006362489,21173.1675438961,40062.0363192145
p101,18292.8626386171,35194,2038,1.17238787136358,1.15132352897175,21446.3302900347,40519.6802786319
p101,18292.8626386171,35194,2039,1.18751327429714,1.16447553787541,21723.017208252,40982.5520799872
p101,18292.8626386171,35194,2040,1.20283381556289,1.17777778720572,22003.2737651757,41450.711442918
p101,18292.8626386171,35194,2041,1.21251489231222,1.18617123650554,22180.3683723451,41746.110497576
p101,18292.8626386171,35194,2042,1.22227388776139,1.19462450183511,22358.8883355876,42043.6147175848
p101,18292.8626386171,35194,2043,1.2321114290435,1.20313800947416,22538.845126963,42343.2391054335
p101,18292.8626386171,35194,2044,1.24202814833919,1.21171218874033,22720.2503108647,42644.998770527
p101,18292.8626386171,35194,2045,1.25202468291722,1.22034747201078,22903.1155447628,42948.9089299474
p101,18292.8626386171,35194,2046,1.26210167517546,1.22904429474403,23087.4525799532,43254.9849092215
p101,18292.8626386171,35194,2047,1.27225977268215,1.2378030955019,23273.2732623128,43563.2421430937
p101,18292.8626386171,35194,2048,1.28249962821752,1.2466243159716,23460.5895330606,43873.6961763044
p101,18292.8626386171,35194,2049,1.29282189981574,1.25550840098806,23649.4134295253,44186.3626643738
p101,18292.8626386171,35194,2050,1.3032272508072,1.26445579855632,23839.7570859187,44501.2573743911
p102,10401.4526581866,20011,2023,1,1,10401.4526581866,20011
p102,10401.4526581866,20011,2024,1.00367843044623,1.0032570290087,10439.7136783294,20076.1764074931
p102,10401.4526581866,20011,2025,1.007370391743,1.00652466625536,10478.1154389737,20141.565096436
p102,10401.4526581866,20011,2026,1.01107593366262,1.00980294629132,10516.6584578235,20207.1667582357
p102,10401.4526581866,20011,2027,1.01479510616045,1.01309190378046,10555.3432544873,20272.9820865509
p102,10401.4526581866,20011,2028,1.01852795937563,1.01639157349956,10594.170350485,20339.0117772996
p102,10401.4526581866,20011,2029,1.02227454363173,1.01970199033864,10633.1402692547,20405.2565286665
p102,10401.4526581866,20011,2030,1.02603490943743,1.0230231893014,10672.2535361601,20471.7170411103
p102,10401.4526581866,20011,2031,1.03927215950475,1.03470957436673,10809.94016606,20705.5732926527
p102,10401.4526581866,20011,2032,1.05268018815644,1.0465294574772,10949.4031413202,20942.1009735762
p102,10401.4526581866,20011,2033,1.06626119866922,1.05848436363201,11090.6653792192,21181.3306006401
p102,10401.4526581866,20011,2034,1.08001742274508,1.07057583525103,11233.7500926996,21423.2930392083
p102,10401.4526581866,20011,2035,1.093951120878,1.08280543237377,11378.6807941827,21668.0195072316
p102,10401.4526581866,20011,2036,1.10806458272545,1.09517473286069,11525.481299432,21915.5415792753
p102,10401.4526581866,20011,2037,1.12236012748457,1.10768533259673,11674.175731467,22165.8911905931
p102,10401.4526581866,20011,2038,1.13684010427333,1.12033884569723,11824.7885245269,22419.1006412474
p102,10401.4526581866,20011,2039,1.15150689251651,1.13313690471622,11977.344428086,22675.2026002762
p102,10401.4526581866,20011,2040,1.16636290233673,1.14608116085698,12131.8685109205,22934.230109909
p102,10401.4526581866,20011,2041,1.17575044085535,1.15424872372124,12229.5125483989,23097.6712103857
p102,10401.4526581866,20011,2042,1.18521353551456,1.16247449283251,12327.9424794967,23262.2770760714
p102,10401.4526581866,20011,2043,1.1947527944323,1.1707588829984,12427.1646295237,23428.056007681
p102,10401.4526581866,20011,2044,1.20436883062094,1.17910231198264,12527.1853746992,23595.0163650846
p102,10401.4526581866,20011,2045,1.21406226202675,1.18750520052617,12628.0111425621,23763.1665677291
p102,10401.4526581866,20011,2046,1.22383371156955,1.19596797236833,12729.6484123834,23932.5150950627
p102,10401.4526581866,20011,2047,1.23368380718278,1.20449105426828,12832.1037155831,24103.0704869625
p102,10401.4526581866,20011,2048,1.24361318185384,1.21307487602643,12935.3836361495,24274.841344165
p102,10401.4526581866,20011,2049,1.25362247366476,1.22171987050623,13039.4948110627,24447.8363287001
p102,10401.4526581866,20011,2050,1.2637123258332,1.23042647365588,13144.4439307209,24622.0641643279
p103,10365.9022341813,18409,2023,1,1,10365.9022341813,18409
p103,10365.9022341813,18409,2024,1.01116609318674,1.00988690419859,10481.6488644928,18591.0080193919
p103,10365.9022341813,18409,2025,1.02245686801053,1.01987155927182,10598.6879324644,18774.8155346349
p103,10365.9022341813,18409,2026,1.03387371667816,1.02995493167321,10717.0338695755,18960.4403371721
p103,10365.9022341813,18409,2027,1.0454180469419,1.04013799741153,10836.7012684486,19147.9003943489
p103,10365.9022341813,18409,2028,1.05709128227315,1.05042174214526,10957.7048846489,19337.2138511521
p103,10365.9022341813,18409,2029,1.0688948620379,1.06080716127797,11080.0596385037,19528.3990319661
p103,10365.9022341813,18409,2030,1.08083024167424,1.07129526005471,11203.7806169418,19721.4744423471
p103,10365.9022341813,18409,2031,1.0942112524493,1.08303881797428,11342.4868664306,19937.6616000885
p103,10365.9022341813,18409,2032,1.10775792425275,1.0949111089871,11482.9103419437,20156.2186053436
p103,10365.9022341813,18409,2033,1.12147230801909,1.10691354426766,11625.0723032676,20377.1714364234
p103,10365.9022341813,18409,2034,1.13535648007397,1.11904755045976,11768.9942733911,20600.5463564137
p103,10365.9022341813,18409,2035,1.14941254244864,1.13131456984609,11914.6980417644,20826.3699162968
p103,10365.9022341813,18409,2036,1.16364262319811,1.1437160605197,12062.2056675979,21054.6689581071
p103,10365.9022341813,18409,2037,1.17804887672337,1.15625349655724,12211.5394832016,21285.4706181223
p103,10365.9022341813,18409,2038,1.19263348409756,1.16892836819425,12362.7220973664,21518.802330088
p103,10365.9022341813,18409,2039,1.20739865339619,1.18174218200224,12515.7763987872,21754.6918284792
p103,10365.9022341813,18409,2040,1.22234662003141,1.19469646106779,12670.7255595276,21993.1671517969
p103,10365.9022341813,18409,2041,1.2311259791359,1.20229421270403,12761.7315376836,22133.0341616684
p103,10365.9022341813,18409,2042,1.23996839494217,1.20994028274733,12853.3911554453,22273.7906650956
p103,10365.9022341813,18409,2043,1.24887432034747,1.21763497848183,12945.7091075015,22415.442318872
p103,10365.9022341813,18409,2044,1.25784421150193,1.22537860914583,13038.6901222599,22557.9948157657
p103,10365.9022341813,18409,2045,1.26687852783194,1.23317148594429,13132.3389620894,22701.4538847484
p103,10365.9022341813,18409,2046,1.27597773206365,1.24101392206126,13226.6604235642,22845.8252912257
p103,10365.9022341813,18409,2047,1.28514229024669,1.24890623267253,13321.6593377091,22991.1148372687
p103,10365.9022341813,18409,2048,1.29437267177803,1.25684873495828,13417.3405702472,23137.3283618469
p103,10365.9022341813,18409,2049,1.30366934942605,1.26484174811578,13513.7090218493,23284.4717410633
p103,10365.9022341813,18409,2050,1.31303279935471,1.27288559337229,13610.7696283844,23432.5508883904
p104,1030.00883887802,1829,2023,1,1,1030.00883887802,1829
p104,1030.00883887802,1829,2024,1,1,1030.00883887802,1829
p104,1030.00883887802,1829,2025,1,1,1030.00883887802,1829
p104,1030.00883887802,1829,2026,1,1,1030.00883887802,1829
p104,1030.00883887802,1829,2027,1,1,1030.00883887802,1829
p104,1030.00883887802,1829,2028,1,1,1030.00883887802,1829
p104,1030.00883887802,1829,2029,1,1,1030.00883887802,1829
p104,1030.00883887802,1829,2030,1,1,1030.00883887802,1829
p104,1030.00883887802,1829,2031,1.01066585664575,1.00944397481634,1040.99476549735,1846.27302993909
p104,1030.00883887802,1829,2032,1.02144547378949,1.01897713829302,1052.09786643512,1863.70918593793
p104,1030.00883887802,1829,2033,1.03234006478438,1.02860033272548,1063.31939145582,1881.31000855491
p104,1030.00883887802,1829,2034,1.04335085592504,1.03831440836382,1074.66060365373,1899.07705289743
p104,1030.00883887802,1829,2035,1.05447908658555,1.04812022348786,1086.12277959514,1917.01188875929
p104,1030.00883887802,1829,2036,1.06572600935902,1.05801864448298,1097.70720946198,1935.11610075936
p104,1030.00883887802,1829,2037,1.07709289019849,1.06801054591669,1109.41519719711,1953.39128848163
p104,1030.00883887802,1829,2038,1.0885810085595,1.07809681061592,1121.24806065104,1971.83906661652
p104,1030.00883887802,1829,2039,1.10019165754409,1.08827832974495,1133.20713173027,1990.46106510352
p104,1030.00883887802,1829,2040,1.1119261440463,1.09855600288424,1145.29375654724,2009.25892927527
p104,1030.00883887802,1829,2041,1.1191855540452,1.104906484502,1152.77101301115,2020.87396015415
p104,1030.00883887802,1829,2042,1.12649235840911,1.11129367668951,1160.29708608993,2032.55613466512
p104,1030.00883887802,1829,2043,1.13384686656067,1.11771779166155,1167.87229449163,2044.30584094898
p104,1030.00883887802,1829,2044,1.14124938994265,1.12417904285963,1175.49695900507,2056.12346939026
p104,1030.00883887802,1829,2045,1.14870024203111,1.13067764495912,1183.17140251336,2068.00941263023
p104,1030.00883887802,1829,2046,1.15619973834873,1.13721381387638,1190.89595000765,2079.9640655799
p104,1030.00883887802,1829,2047,1.16374819647811,1.14378776677594,1198.67092860081,2091.98782543319
p104,1030.00883887802,1829,2048,1.17134593607525,1.15039972207768,1206.49666754135,2104.08109168007
p104,1030.00883887802,1829,2049,1.17899327888309,1.15704989946413,1214.37349822735,2116.24426611989
p104,1030.00883887802,1829,2050,1.18669054874511,1.16373851988774,1222.30175422046,2128.47775287468
p105,6884.55345727332,11483,2023,1,1,6884.55345727332,11483
p105,6884.55345727332,11483,2024,1.0338295644222,1.02995404542385,7117.45490197423,11826.962303602
p105,6884.55345727332,11483,2025,1.0688035682734,1.06080533568495,7358.23530110267,12181.2276696703
p105,6884.55345727332,11483,2026,1.10496072744098,1.09258074689592,7607.16119625503,12546.1047166058
p105,6884.55345727332,11483,2027,1.14234106755394,1.12530796021766,7864.5081460138,12921.9113071794
p105,6884.55345727332,11483,2028,1.18098596829089,1.15901548597384,8130.56103098829,13308.9748254376
p105,6884.55345727332,11483,2029,1.2209382091869,1.19373268848764,8405.61436917474,13707.6324619036
p105,6884.55345727332,11483,2030,1.26224201699011,1.22948981166253,8689.97264198491,14118.2315073209
p105,6884.55345727332,11483,2031,1.27408098865517,1.23970050800274,8771.47867529216,14235.4809333955
p105,6884.55345727332,11483,2032,1.28603100182273,1.24999600237768,8853.74917975935,14353.7040953029
p105,6884.55345727332,11483,2033,1.29809309798657,1.2603769990201,8936.79132560604,14472.9090797478
p105,6884.55345727332,11483,2034,1.31026832840895,1.27084420801126,9020.61235030358,14593.1040405934
p105,6884.55345727332,11483,2035,1.32255775421229,1.28139834532955,9105.21955920588,14714.2971994192
p105,6884.55345727332,11483,2036,1.3349624464716,1.2920401328994,9190.62032618607,14836.4968460838
p105,6884.55345727332,11483,2037,1.34748348630783,1.30277029864072,9276.82209427924,14959.7113392913
p105,6884.55345727332,11483,2038,1.36012196498212,1.31358957651865,9363.83237633107,15083.9491071637
p105,6884.55345727332,11483,2039,1.37287898399092,1.3244987065938,9451.6587556526,15209.2186478166
p105,6884.55345727332,11483,2040,1.38575565516194,1.33549843507283,9540.30888668121,15335.5285299414
p105,6884.55345727332,11483,2041,1.39199370852372,1.34082153828998,9583.25509851969,15396.6537241838
p105,6884.55345727332,11483,2042,1.39825984281708,1.3461658586251,9626.39463503279,15458.0225545921
p105,6884.55345727332,11483,2043,1.40455418444985,1.35153148064657,9669.72836648189,15519.6359922645
p105,6884.55345727332,11483,2044,1.41087686039886,1.3569184892598,9713.25716704591,15581.4950121703
p105,6884.55345727332,11483,2045,1.41722799821258,1.36232696970867,9756.98191483893,15643.6005931646
p105,6884.55345727332,11483,2046,1.42360772601359,1.36775700757679,9800.9034919279,15705.9537180042
p105,6884.55345727332,11483,2047,1.43001617250128,1.37320868878891,9845.02278435044,15768.555373363
p105,6884.55345727332,11483,2048,1.43645346695434,1.37868209961226,9889.34068213273,15831.4065498476
p105,6884.55345727332,11483,2049,1.44291973923343,1.38417732665793,9933.85807930743,15894.5082420131
p105,6884.55345727332,11483,2050,1.4494151197838,1.38969445688222,9978.57587393177,15957.8614483786
p106,1835.62767449446,3061,2023,1,1,1835.62767449446,3061
p106,1835.62767449446,3061,2024,1.07087272091728,1.06275353342341,1965.72360237693,3253.08856580905
p106,1835.62767449446,3061,2025,1.14676838440477,1.12944507280394,2105.0397826487,3457.23136785285
p106,1835.62767449446,3061,2026,1.22804298006945,1.20032174193004,2254.22967968413,3674.18485204786
p106,1835.62767449446,3061,2027,1.31507772747034,1.27564617248109,2413.99307065583,3904.75293396462
p106,1835.62767449446,3061,2028,1.40828086423387,1.35569747720233,2585.07932784866,4149.78997771632
p106,1835.62767449446,3061,2029,1.50808956089786,1.44077228414997,2768.2909336003,4410.20396178306
p106,1835.62767449446,3061,2030,1.61497197146564,1.5311858358389,2964.48724435519,4686.95984350286
p106,1835.62767449446,3061,2031,1.63011931021105,1.54390206452325,2992.29211855122,4725.88421950566
p106,1835.62767449446,3061,2032,1.64540872069215,1.55672389924716,3020.35778355704,4765.13185559555
p106,1835.62767449446,3061,2033,1.6608415354452,1.56965221705019,3048.68668541307,4804.70543639063
p106,1835.62767449446,3061,2034,1.67641909950472,1.58268790225555,3077.28129310195,4844.60766880425
p106,1835.62767449446,3061,2035,1.69214277052079,1.59583184653062,3106.14409876367,4884.84128223023
p106,1835.62767449446,3061,2036,1.70801391887726,1.6090849489479,3135.27761791283,4925.40902872951
p106,1835.62767449446,3061,2037,1.72403392781132,1.62244811604653,3164.68438965783,4966.31368321842
p106,1835.62767449446,3061,2038,1.74020419353391,1.6359222618943,3194.36697692216,5007.55804365846
p106,1835.62767449446,3061,2039,1.75652612535155,1.64950830815019,3224.32796666782,5049.14493124774
p106,1835.62767449446,3061,2040,1.77300114578904,1.66320718412737,3254.56997012074,5091.07719061389
p106,1835.62767449446,3061,2041,1.78098240548423,1.66983648692556,3269.22059129456,5111.36948647915
p106,1835.62767449446,3061,2042,1.78899959324775,1.67649221316396,3283.9371630249,5131.7426644949
p106,1835.62767449446,3061,2043,1.79705287081174,1.68317446816258,3298.71998219173,5152.19704704566
p106,1835.62767449446,3061,2044,1.80514240063635,1.68988335766121,3313.56934701144,5172.73295780095
p106,1835.62767449446,3061,2045,1.81326834591309,1.6966189878211,3328.48555704285,5193.35072172038
p106,1835.62767449446,3061,2046,1.82143087056806,1.70338146522666,3343.46891319326,5214.05066505879
p106,1835.62767449446,3061,2047,1.8296301392653,1.71017089688711,3358.51971772453,5234.83311537144
p106,1835.62767449446,3061,2048,1.83786631741009,1.71698739023821,3373.63827425916,5255.69840151917
p106,1835.62767449446,3061,2049,1.84613957115227,1.72383105314395,3388.82488778643,5276.64685367362
p106,1835.62767449446,3061,2050,1.85445006738964,1.73070199389822,3404.07986466853,5297.67880332244
p107,2914.11591650359,4860,2023,1,1,2914.11591650359,4860
p107,2914.11591650359,4860,2024,1.06855258973055,1.06069919674649,3113.88610935493,5154.99809618796
p107,2914.11591650359,4860,2025,1.14180463701987,1.12508278597866,3327.3510662772,5467.90233985628
p107,2914.11591650359,4860,2026,1.22007830185393,1.19337440736087,3555.44959881321,5799.79961977383
p107,2914.11591650359,4860,2027,1.30371782912007,1.2658112753055,3799.1848764683,6151.84279798473
p107,2914.11591650359,4860,2028,1.39309106258414,1.3426450029492,4059.62883861534,6525.25471433311
p107,2914.11591650359,4860,2029,1.48859106265477,1.42414247614391,4337.92690884725,6921.33243405941
p107,2914.11591650359,4860,2030,1.59063783504951,1.51058678049841,4635.30303251058,7341.45175322227
p107,2914.11591650359,4860,2031,1.60555693614505,1.5231319376562,4678.77902247304,7402.42121700912
p107,2914.11591650359,4860,2032,1.62061596826236,1.53578128013465,4722.6627876532,7463.89702145438
p107,2914.11591650359,4860,2033,1.63581624385923,1.54853567317449,4766.95815270529,7525.88337162804
p107,2914.11591650359,4860,2034,1.65115908770345,1.56139598920215,4811.66897815616,7588.38450752247
p107,2914.11591650359,4860,2035,1.66664583698822,1.57436310788938,4856.79916074181,7651.40470434239
p107,2914.11591650359,4860,2036,1.6822778414487,1.58743791621345,4902.35263374695,7714.94827279738
p107,2914.11591650359,4860,2037,1.69805646347965,1.60062130851784,4948.33336734783,7779.01955939669
p107,2914.11591650359,4860,2038,1.71398307825416,1.61391418657337,4994.74536895826,7843.62294674656
p107,2914.11591650359,4860,2039,1.73005907384352,1.62731745963992,5041.59268357887,7908.76285385
p107,2914.11591650359,4860,2040,1.74628585133819,1.64083204452862,5088.87939414963,7974.44373640909
p107,2914.11591650359,4860,2041,1.7541468507034,1.64737216326305,5111.78725751941,8006.22871345842
p107,2914.11591650359,4860,2042,1.76204323677862,1.65393834996294,5134.79824186408,8038.14038081989
p107,2914.11591650359,4860,2043,1.76997516885903,1.66053070853142,5157.91281138822,8070.17924346271
p107,2914.11591650359,4860,2044,1.77794280695687,1.66714934328577,5181.13143238607,8102.34580836884
p107,2914.11591650359,4860,2045,1.78594631180469,1.67379435895905,5204.45457325093,8134.64058454099
p107,2914.11591650359,4860,2046,1.79398584485859,1.68046586070179,5227.88270448456,8167.0640830107
p107,2914.11591650359,4860,2047,1.80206156830148,1.68716395408362,5251.41629870676,8199.61681684638
p107,2914.11591650359,4860,2048,1.81017364504632,1.69388874509495,5275.0558306648,8232.29930116148
p107,2914.11591650359,4860,2049,1.81832223873946,1.70064034014868,5298.8017772431,8265.1120531226
p107,2914.11591650359,4860,2050,1.82650751376389,1.70741884608183,5322.65461747276,8298.05559195769
p108,962.354680365297,1594,2023,1,1,962.354680365297,1594
p108,962.354680365297,1594,2024,1,1,962.354680365297,1594
p108,962.354680365297,1594,2025,1,1,962.354680365297,1594
p108,962.354680365297,1594,2026,1,1,962.354680365297,1594
p108,962.354680365297,1594,2027,1,1,962.354680365297,1594
p108,962.354680365297,1594,2028,1,1,962.354680365297,1594
p108,962.354680365297,1594,2029,1,1,962.354680365297,1594
p108,962.354680365297,1594,2030,1,1,962.354680365297,1594
p108,962.354680365297,1594,2031,1.01106197386079,1.00979471279524,973.000222684304,1609.61277219561
p108,962.354680365297,1594,2032,1.02224631498727,1.01968536198922,983.763525714178,1625.37846701081
p108,962.354680365297,1594,2033,1.03355437700295,1.02967288725141,994.645892120825,1641.29858227875
p108,962.354680365297,1594,2034,1.04498752850506,1.03975823745508,1005.64863898021,1657.3746305034
p108,962.354680365297,1594,2035,1.05654715323023,1.04994237076744,1016.77309793774,1673.60813900329
p108,962.354680365297,1594,2036,1.06823465022195,1.06022625474065,1028.02061536948,1690.0006500566
p108,962.354680365297,1594,2037,1.08005143399989,1.07061086640381,1039.39255254505,1706.55372104767
p108,962.354680365297,1594,2038,1.09199893473111,1.08109719235569,1050.8902857924,1723.26892461498
p108,962.354680365297,1594,2039,1.10407859840311,1.09168622885856,1062.51520666439,1740.14784880054
p108,962.354680365297,1594,2040,1.1162918869989,1.10237898193274,1074.2687221072,1757.19209720079
p108,962.354680365297,1594,2041,1.12386177282995,1.10899812188202,1081.55363716654,1767.74300627994
p108,962.354680365297,1594,2042,1.13148299216271,1.11565700588882,1088.88795326151,1778.35726738678
p108,962.354680365297,1594,2043,1.13915589310394,1.12235587259292,1096.27200539428,1789.03526091312
p108,962.354680365297,1594,2044,1.146880826121,1.129094962067,1103.70613083876,1799.7773695348
p108,962.354680365297,1594,2045,1.15465814405788,1.13587451582522,1111.19066915601,1810.5839782254
p108,962.354680365297,1594,2046,1.16248820215129,1.14269477683191,1118.72596220974,1821.45547427006
p108,962.354680365297,1594,2047,1.17037135804691,1.14955598951023,1126.31235418193,1832.39224727931
p108,962.354680365297,1594,2048,1.17830797181569,1.156458399751,1133.95019158857,1843.3946892031
p108,962.354680365297,1594,2049,1.18629840597036,1.16340225492143,1141.63982329547,1854.46319434477
p108,962.354680365297,1594,2050,1.19434302548192,1.17038780387405,1149.38160053418,1865.59815937524
p109,5633.6593444227,9332,2023,1,1,5633.6593444227,9332
p109,5633.6593444227,9332,2024,1.01962054489107,1.0173728128915,5744.19481049096,9494.12308990348
p109,5633.6593444227,9332,2025,1.03962605556397,1.03504744041076,5856.89904263326,9659.06271391325
p109,5633.6593444227,9332,2026,1.06002408525709,1.05302912592685,5971.81459322173,9826.86780314933
p109,5633.6593444227,9332,2027,1.0808223354075,1.07132320390087,6088.9848495292,9997.58813880296
p109,5633.6593444227,9332,2028,1.10202865855863,1.08993510146857,6208.45405011045,10171.2743669047
p109,5633.6593444227,9332,2029,1.12365106132513,1.10887034005026,6330.26730150481,10347.978013349
p109,5633.6593444227,9332,2030,1.14569770741576,1.12813453698889,6454.47059526648,10527.7514991803
p109,5633.6593444227,9332,2031,1.15785127538385,1.13873082424458,6522.93965701796,10626.6360518504
p109,5633.6593444227,9332,2032,1.17013376847188,1.14942663979226,6592.13503897617,10726.4494025414
p109,5633.6593444227,9332,2033,1.18254655431829,1.16022291847644,6662.06444595012,10827.2002752221
p109,5633.6593444227,9332,2034,1.19509101506942,1.17112060392238,6732.73566448145,10928.8974758037
p109,5633.6593444227,9332,2035,1.20776854753342,1.18212064861859,6804.15656371149,11031.5498929087
p109,5633.6593444227,9332,2036,1.2205805633358,1.19322401400006,6876.33509625747,11135.1664986486
p109,5633.6593444227,9332,2037,1.2335284890766,1.20443167053231,6949.27929909803,11239.7563494075
p109,5633.6593444227,9332,2038,1.24661376648924,1.21574459779617,7022.99729446811,11345.3285866339
p109,5633.6593444227,9332,2039,1.25983785260106,1.22716378457347,7097.49729076341,11451.8924376397
p109,5633.6593444227,9332,2040,1.27320221989555,1.23869022893341,7172.78758345428,11559.4572164065
p109,5633.6593444227,9332,2041,1.28115599965975,1.2455419230153,7217.59646914636,11623.3972255788
p109,5633.6593444227,9332,2042,1.28915946722024,1.25243151657416,7262.68527895631,11687.6909126701
p109,5633.6593444227,9332,2043,1.29721293298002,1.25935921924724,7308.05576158889,11752.3402340152
p109,5633.6593444227,9332,2044,1.3053167092812,1.26632524183138,7353.70967667314,11817.3471567704
p109,5633.6593444227,9332,2045,1.31347111041711,1.27332979628943,7399.64879483062,11882.7136589729
p109,5633.6593444227,9332,2046,1.32167645264449,1.28037309575668,7445.87489774408,11948.4417296014
p109,5633.6593444227,9332,2047,1.32993305419576,1.28745535454738,7492.38977822655,12014.5333686362
p109,5633.6593444227,9332,2048,1.33824123529135,1.29457678816122,7539.19524029091,12080.9905871205
p109,5633.6593444227,9332,2049,1.34660131815215,1.30173761328991,7586.29309921981,12147.8154072215
p109,5633.6593444227,9332,2050,1.35501362701197,1.30893804782377,7633.68518163609,12215.0098622914
p11,2169.51568819309,3910,2023,1,1,2169.51568819309,3910
p11,2169.51568819309,3910,2024,1.00875131162681,1.0077487603067,2188.50179605972,3940.2976527992
p11,2169.51568819309,3910,2025,1.01757920870881,1.01555756389969,2207.65405727287,3970.83007484781
p11,2169.51568819309,3910,2026,1.02648436146919,1.02342687604001,2226.97392589226,4001.59908531644
p11,2169.51568819309,3910,2027,1.03546744599645,1.03135716559388,2246.46286870253,4032.60651747208
p11,2169.51568819309,3910,2028,1.04452914429579,1.03934890506067,2266.12236532461,4063.85421878721
p11,2169.51568819309,3910,2029,1.05367014434081,1.04740257060102,2285.95390832805,4095.34405104998
p11,2169.51568819309,3910,2030,1.0628911401258,1.05551864206523,2305.95900334436,4127.07789047504
p11,2169.51568819309,3910,2031,1.0807305614061,1.07120481362741,2344.66190768026,4188.41082128316
p11,2169.51568819309,3910,2032,1.09886939712275,1.08712409900537,2384.01439633309,4250.65522711098
p11,2169.51568819309,3910,2033,1.11731267260719,1.1032799625276,2424.02737183824,4313.82465348291
p11,2169.51568819309,3910,2034,1.13606549753534,1.11967592000634,2464.7119197178,4377.93284722479
p11,2169.51568819309,3910,2035,1.15513306734324,1.13631553950268,2506.07931155176,4442.99375945549
p11,2169.51568819309,3910,2036,1.17452066466643,1.15320244210303,2548.1410081008,4509.02154862286
p11,2169.51568819309,3910,2037,1.19423366080349,1.17034030270714,2590.90866248142,4576.03058358492
p11,2169.51568819309,3910,2038,1.21427751720412,1.18773285082782,2634.3941233945,4644.03544673679
p11,2169.51568819309,3910,2039,1.23465778698231,1.20538387140257,2678.60943840788,4713.05093718405
p11,2169.51568819309,3910,2040,1.25538011645471,1.22329720561722,2723.56685729416,4783.09207396332
p11,2169.51568819309,3910,2041,1.26232094621769,1.22928583185352,2738.62509635402,4806.50760254727
p11,2169.51568819309,3910,2042,1.26930015090565,1.23530377528603,2753.76659041567,4830.03776136839
p11,2169.51568819309,3910,2043,1.27631794268846,1.24135117943648,2768.99179978494,4853.68311159664
p11,2169.51568819309,3910,2044,1.28337453490903,1.24742818852921,2784.30118731265,4877.44421714919
p11,2169.51568819309,3910,2045,1.29047014208983,1.25353494749459,2799.69521840865,4901.32164470384
p11,2169.51568819309,3910,2046,1.29760497993938,1.25967160197252,2815.17436105595,4925.31596371254
p11,2169.51568819309,3910,2047,1.30477926535883,1.26583829831586,2830.73908582503,4949.42774641501
p11,2169.51568819309,3910,2048,1.31199321644855,1.27203518359394,2846.38986588805,4973.65756785232
p11,2169.51568819309,3910,2049,1.31924705251477,1.27826240559608,2862.12717703328,4998.00600588068
p11,2169.51568819309,3910,2050,1.32654099407621,1.28452011283508,2877.95149767959,5022.47364118515
p110,624.170156555773,1033,2023,1,1,624.170156555773,1033
p110,624.170156555773,1033,2024,1,1,624.170156555773,1033
p110,624.170156555773,1033,2025,1,1,624.170156555773,1033
p110,624.170156555773,1033,2026,1,1,624.170156555773,1033
p110,624.170156555773,1033,2027,1,1,624.170156555773,1033
p110,624.170156555773,1033,2028,1,1,624.170156555773,1033
p110,624.170156555773,1033,2029,1,1,624.170156555773,1033
p110,624.170156555773,1033,2030,1,1,624.170156555773,1033
p110,624.170156555773,1033,2031,1.01060800583733,1.00939275140354,630.791357220006,1042.70271219986
p110,624.170156555773,1033,2032,1.02132854146251,1.01887372658602,637.482795619535,1052.49655956336
p110,624.170156555773,1033,2033,1.03216280059218,1.02844375421144,644.245216836666,1062.38239810042
p110,624.170156555773,1033,2034,1.04311198960594,1.03810367072728,651.079373857543,1072.36109186128
p110,624.170156555773,1033,2035,1.05417732768067,1.04785432043753,657.986027655991,1082.43351301197
p110,624.170156555773,1033,2036,1.06536004692629,1.05769655557653,664.96594727825,1092.60054191055
p110,624.170156555773,1033,2037,1.07666139252295,1.06763123638344,672.019909928605,1102.8630671841
p110,624.170156555773,1033,2038,1.08808262285966,1.07765923117745,679.148701055932,1113.22198580631
p110,624.170156555773,1033,2039,1.09962500967446,1.08778141643363,686.35311444115,1123.67820317594
p110,624.170156555773,1033,2040,1.11128983819596,1.09799867685959,693.633952285614,1134.23263319596
p110,624.170156555773,1033,2041,1.11823214043915,1.10407214935533,697.967130163599,1140.50653028406
p110,624.170156555773,1033,2042,1.12521781171062,1.1101792166713,702.327377694764,1146.81513082145
p110,624.170156555773,1033,2043,1.13224712293963,1.11632006463396,706.714863985051,1153.15862676688
p110,624.170156555773,1033,2044,1.1393203467479,1.12249488009767,711.129759196816,1159.53721114089
p110,624.170156555773,1033,2045,1.14643775746028,1.12870385095033,715.572234555433,1165.95107803169
p110,624.170156555773,1033,2046,1.15359963111532,1.13494716611916,720.042462355931,1172.40042260109
p110,624.170156555773,1033,2047,1.160806245476,1.14122501557637,724.540615969677,1178.88544109039
p110,624.170156555773,1033,2048,1.16805788004053,1.14753759034502,729.066869851103,1185.40633082641
p110,624.170156555773,1033,2049,1.17535481605314,1.15388508250478,733.621399544468,1191.96329022744
p110,624.170156555773,1033,2050,1.18269733651501,1.16026768519778,738.204381690668,1198.55651880931
p111,5708.5404272668,9400,2023,1,1,5708.5404272668,9400
p111,5708.5404272668,9400,2024,1.05524317782209,1.04891451267859,6023.89834119491,9859.7964191787
p111,5708.5404272668,9400,2025,1.11353816434007,1.10022165490775,6356.67762843976,10342.0835561329
p111,5708.5404272668,9400,2026,1.1750535511644,1.15403846099599,6707.84070102539,10847.9615333623
p111,5708.5404272668,9400,2027,1.23996724344186,1.21048768992796,7078.40313767442,11378.5842853228
p111,5708.5404272668,9400,2028,1.30846697436489,1.26969810538421,7469.43662090543,11935.1621906116
p111,5708.5404272668,9400,2029,1.38075084810407,1.331804769458,7882.07203638497,12518.9648329052
p111,5708.5404272668,9400,2030,1.45702791273389,1.39694935073905,8317.50274349755,13131.3238969471
p111,5708.5404272668,9400,2031,1.47129564772532,1.4090616585934,8398.95068550165,13245.1795907779
p111,5708.5404272668,9400,2032,1.48570309744699,1.4212789867203,8481.19619469164,13360.0224751708
p111,5708.5404272668,9400,2033,1.50025163003518,1.43360224570242,8564.24708112876,13475.8611096027
p111,5708.5404272668,9400,2034,1.51494262702346,1.44603235401768,8648.11123135317,13592.7041277662
p111,5708.5404272668,9400,2035,1.52977748347383,1.45857023810771,8732.79660913281,13710.5602382125
p111,5708.5404272668,9400,2036,1.54475760810926,1.47121683244687,8818.31125621969,13829.4382250006
p111,5708.5404272668,9400,2037,1.55988442344744,1.48397307961192,8904.66329311348,13949.3469483521
p111,5708.5404272668,9400,2038,1.57515936593584,1.49683993035229,8991.8609198327,14070.2953453116
p111,5708.5404272668,9400,2039,1.59058388608815,1.50981834366091,9079.91241669335,14192.2924304126
p111,5708.5404272668,9400,2040,1.606159448622,1.52290928684571,9168.82614509523,14315.3472963496
p111,5708.5404272668,9400,2041,1.61406584927901,1.52954707327148,9213.96015287996,14377.742488752
p111,5708.5404272668,9400,2042,1.62201116959086,1.53621379130141,9259.31633508774,14440.4096382332
p111,5708.5404272668,9400,2043,1.6299956011415,1.54290956703741,9304.89578538332,14503.3499301516
p111,5708.5404272668,9400,2044,1.63801933645798,1.54963452713106,9350.6996028151,14566.5645550319
p111,5708.5404272668,9400,2045,1.64608256901505,1.55638879878595,9396.72889184159,14630.0547085879
p111,5708.5404272668,9400,2046,1.65418549323987,1.5631725097601,9442.98476235805,14693.8215917449
p111,5708.5404272668,9400,2047,1.66232830451667,1.56998578836839,9489.46832972326,14757.8664106629
p111,5708.5404272668,9400,2048,1.67051119919146,1.57682876348497,9536.18071478641,14822.1903767588
p111,5708.5404272668,9400,2049,1.6787343745768,1.58370156454571,9583.12304391413,14886.7947067297
p111,5708.5404272668,9400,2050,1.68699802895651,1.59060432155063,9630.29644901763,14951.6806225759
p112,7353.27690802348,12106,2023,1,1,7353.27690802348,12106
p112,7353.27690802348,12106,2024,1.01310342869121,1.01160229831298,7449.63004763446,12246.4574233769
p112,7353.27690802348,12106,2025,1.02637855722588,1.0233392099521,7547.2457437395,12388.5444756802
p112,7353.27690802348,12106,2026,1.03982763546067,1.03521229674134,7646.14054015759,12532.2800643506
p112,7353.27690802348,12106,2027,1.05345294273307,1.04722313862539,7746.33119748848,12677.683316199
p112,7353.27690802348,12106,2028,1.06725678824772,1.05937333387998,7847.83469595323,12824.773579951
p112,7353.27690802348,12106,2029,1.08124151146772,1.07166449932447,7950.66823827202,12973.570428822
p112,7353.27690802348,12106,2030,1.09540948251121,1.08409827053706,8054.84925257965,13124.0936631217
p112,7353.27690802348,12106,2031,1.10613612135387,1.0934979899973,8133.72519828208,13237.8866669073
p112,7353.27690802348,12106,2032,1.11696779925516,1.10297921011881,8213.3735252688,13352.6663176983
p112,7353.27690802348,12106,2033,1.12790554479487,1.11254263755648,8293.80179697176,13468.4411702588
p112,7353.27690802348,12106,2034,1.13895039662499,1.1221889850923,8375.01765088674,13585.2198535274
p112,7353.27690802348,12106,2035,1.15010340356838,1.13191897168845,8457.02879929856,13703.0110712604
p112,7353.27690802348,12106,2036,1.16136562471833,1.14173332254091,8539.84303001353,13821.8236026802
p112,7353.27690802348,12106,2037,1.17273812953915,1.15163276913349,8623.46820709885,13941.66630313
p112,7353.27690802348,12106,2038,1.18422199796773,1.16161804929237,8707.91227162954,14062.5481047334
p112,7353.27690802348,12106,2039,1.19581832051609,1.17168990724108,8793.18324244238,14184.4780170605
p112,7353.27690802348,12106,2040,1.20752819837492,1.18184909365598,8879.28921689749,14307.4651277993
p112,7353.27690802348,12106,2041,1.21347231665607,1.1870003275075,8922.99796459283,14369.8259648058
p112,7353.27690802348,12106,2042,1.21944569515838,1.19217401364191,8966.92187079674,14432.458609149
p112,7353.27690802348,12106,2043,1.22544847791676,1.19737024992025,9011.06199463781,14495.3642455345
p112,7353.27690802348,12106,2044,1.23148080967513,1.20258913463006,9055.41940045822,14558.5440638315
p112,7353.27690802348,12106,2045,1.23754283588995,1.20783076648731,9099.99515783944,14621.9992590954
p112,7353.27690802348,12106,2046,1.24363470273365,1.21309524463823,9144.79034162802,14685.7310315904
p112,7353.27690802348,12106,2047,1.24975655709825,1.21838266866117,9189.80603196147,14749.7405868122
p112,7353.27690802348,12106,2048,1.25590854659881,1.22369313856854,9235.04331429435,14814.0291355108
p112,7353.27690802348,12106,2049,1.26209081957706,1.22902675480863,9280.50327942443,14878.5978937133
p112,7353.27690802348,12106,2050,1.26830352510494,1.23438361826758,9326.18702351897,14943.4480827473
p113,1645.87721787345,2710,2023,1,1,1645.87721787345,2710
p113,1645.87721787345,2710,2024,1.02838974439759,1.02513741184024,1692.60325139869,2778.12238608704
p113,1645.87721787345,2710,2025,1.05758546638213,1.0509067131545,1740.65582507242,2847.9571926487
p113,1645.87721787345,2710,2026,1.08761004745132,1.07732378800874,1790.07259903039,2919.54746550368
p113,1645.87721787345,2710,2027,1.11848701870271,1.1044049197532,1840.89230256999,2992.93733253117
p113,1645.87721787345,2710,2028,1.1502405792757,1.13216680105942,1893.15476450343,3068.17203087102
p113,1645.87721787345,2710,2029,1.18289561531706,1.16062654420949,1946.90094437275,3145.29793480773
p113,1645.87721787345,2710,2030,1.21647771948494,1.189801691644,2002.17296455091,3224.36258435524
p113,1645.87721787345,2710,2031,1.22838990151859,1.20011791704415,2021.77895357525,3252.31955518963
p113,1645.87721787345,2710,2032,1.24041873187101,1.2105235897087,2041.57693140996,3280.51892811058
p113,1645.87721787345,2710,2033,1.25256535280398,1.22101948519392,2061.56877807769,3308.96280487551
p113,1645.87721787345,2710,2034,1.26483091776472,1.23160638578054,2081.75639201093,3337.65330546526
p113,1645.87721787345,2710,2035,1.27721659149541,1.24228508053211,2102.14169023229,3366.59256824202
p113,1645.87721787345,2710,2036,1.28972355014381,1.25305636535379,2122.72660853656,3395.78275010876
p113,1645.87721787345,2710,2037,1.3023529813749,1.26392104305164,2143.51310167451,3425.22602666995
p113,1645.87721787345,2710,2038,1.31510608448374,1.27487992339253,2164.50314353855,3454.92459239375
p113,1645.87721787345,2710,2039,1.3279840705093,1.2859338231644,2185.6987273501,3484.88066077552
p113,1645.87721787345,2710,2040,1.34098816234946,1.29708356623722,2207.10186584895,3515.09646450286
p113,1645.87721787345,2710,2041,1.34758924401476,1.30273706363423,2217.96643577519,3530.41744244877
p113,1645.87721787345,2710,2042,1.35422281983651,1.30841520249125,2228.88448709326,3545.80519875128
p113,1645.87721787345,2710,2043,1.36088904976884,1.31411809021108,2239.85628306799,3561.26002447204
p113,1645.87721787345,2710,2044,1.36758809455325,1.31984583466469,2250.88208826016,3576.78221194131
p113,1645.87721787345,2710,2045,1.37432011572249,1.32559854419318,2261.96216853286,3592.37205476351
p113,1645.87721787345,2710,2046,1.38108527560448,1.33137632760988,2273.0967910579,3608.02984782277
p113,1645.87721787345,2710,2047,1.3878837373262,1.3371792942024,2284.28622432226,3623.75588728851
p113,1645.87721787345,2710,2048,1.39471566481763,1.3430075537347,2295.53073813456,3639.55047062104
p113,1645.87721787345,2710,2049,1.4015812228157,1.34886121644915,2306.83060363157,3655.4138965772
p113,1645.87721787345,2710,2050,1.40848057686827,1.35474039306863,2318.18609328475,3671.34646521598
p114,2661.41570450098,4382,2023,1,1,2661.41570450098,4382
p114,2661.41570450098,4382,2024,1.02283345512916,1.0202176517435,2722.18502056974,4470.59374994
p114,2661.41570450098,4382,2025,1.04618827693145,1.04084405692901,2784.34191009018,4560.97865746293
p114,2661.41570450098,4382,2026,1.07007637000941,1.06188747959129,2847.91805615846,4653.19093556903
p114,2661.41570450098,4382,2027,1.0945099107888,1.08335635084444,2912.94586530527,4747.26752940035
p114,2661.41570450098,4382,2028,1.11950135372521,1.10525927225992,2979.45848401438,4843.24613104297
p114,2661.41570450098,4382,2029,1.14506343765253,1.12760501931274,3047.48981561831,4941.16519462843
p114,2661.41570450098,4382,2030,1.1712091922762,1.15040254489742,3117.07453757979,5041.0639517405
p114,2661.41570450098,4382,2031,1.18267808880789,1.16037715834554,3147.59803892252,5084.77270787015
p114,2661.41570450098,4382,2032,1.19425929284922,1.17043825709732,3178.42043723514,5128.86044260048
p114,2661.41570450098,4382,2033,1.20595390415522,1.18058659102723,3209.54465942298,5173.33044188132
p114,2661.41570450098,4382,2034,1.21776303325014,1.19082291651152,3240.97366105266,5218.18602015348
p114,2661.41570450098,4382,2035,1.22968780153283,1.20114799648465,3272.71042663277,5263.43052059575
p114,2661.41570450098,4382,2036,1.24172934138333,1.21156260049614,3304.75796989724,5309.06731537408
p114,2661.41570450098,4382,2037,1.25388879627029,1.2220675047679,3337.11933409159,5355.09980589296
p114,2661.41570450098,4382,2038,1.26616732085967,1.23266349225214,3369.79759226185,5401.53142304887
p114,2661.41570450098,4382,2039,1.27856608112428,1.24335135268965,3402.79584754643,5448.36562748604
p114,2661.41570450098,4382,2040,1.29108625445458,1.25413188266872,3436.11723347076,5495.60590985435
p114,2661.41570450098,4382,2041,1.29744169146878,1.25959816989858,3453.03169334933,5519.55918049558
p114,2661.41570450098,4382,2042,1.30382841344129,1.26508828261002,3470.02941550725,5543.61685439713
p114,2661.41570450098,4382,2043,1.31024657437389,1.27060232464933,3487.11080980727,5567.77938661338
p114,2661.41570450098,4382,2044,1.31669632902643,1.27614040031541,3504.27628812974,5592.04723418212
p114,2661.41570450098,4382,2045,1.32317783292061,1.28170261436175,3521.52626438247,5616.4208561332
p114,2661.41570450098,4382,2046,1.32969124234364,1.28728907199845,3538.86115451078,5640.9007134972
p114,2661.41570450098,4382,2047,1.33623671435211,1.29289987889415,3556.28137650749,5665.48726931417
p114,2661.41570450098,4382,2048,1.3428144067757,1.29853514117809,3573.78735042302,5690.18098864237
p114,2661.41570450098,4382,2049,1.34942447822103,1.30419496544205,3591.37949837549,5714.98233856707
p114,2661.41570450098,4382,2050,1.35606708807546,1.30987945874244,3609.05824456093,5739.89178820939
p115,3449.55242987606,6119,2023,1,1,3449.55242987606,6119
p115,3449.55242987606,6119,2024,1.01507376488326,1.01334691255219,3501.55017215651,6200.66975790684
p115,3449.55242987606,6119,2025,1.03037474815428,1.02687196517905,3554.33171617855,6283.42955493061
p115,3449.55242987606,6119,2026,1.04590637484962,1.04057753550059,3607.90887678535,6367.2939397281
p115,3449.55242987606,6119,2027,1.06167212163401,1.05446603287069,3662.29364691426,6452.27765513573
p115,3449.55242987606,6119,2028,1.07767551757863,1.06853989880066,3717.49820028131,6538.39564076126
p115,3449.55242987606,6119,2029,1.09392014495106,1.08280160738848,3773.53489410631,6625.66303561011
p115,3449.55242987606,6119,2030,1.11040964001712,1.09725366575366,3830.41627187887,6714.09518074666
p115,3449.55242987606,6119,2031,1.12126256983815,1.10674942925635,3867.85402231428,6772.1997576196
p115,3449.55242987606,6119,2032,1.13222157410366,1.11632737022384,3905.65768210737,6830.80717839968
p115,3449.55242987606,6119,2033,1.14328768956481,1.12598819982967,3943.83082758567,6889.92179475777
p115,3449.55242987606,6119,2034,1.15446196310579,1.13573263540197,3982.37707003107,6949.54799602464
p115,3449.55242987606,6119,2035,1.16574545184283,1.14556140047668,4021.30005602141,7009.69020951681
p115,3449.55242987606,6119,2036,1.17713922322421,1.15547522485134,4060.60346777551,7070.35290086535
p115,3449.55242987606,6119,2037,1.18864435513125,1.16547484463923,4100.29102350145,7131.54057434744
p115,3449.55242987606,6119,2038,1.20026193598024,1.17556100232404,4140.36647774839,7193.25777322078
p115,3449.55242987606,6119,2039,1.21199306482549,1.185734446815,4180.83362176171,7255.50908006098
p115,3449.55242987606,6119,2040,1.22383885146323,1.1959959335025,4221.6962838417,7318.29911710181
p115,3449.55242987606,6119,2041,1.23035600296455,1.20163519666652,4244.17753963896,7352.80576840244
p115,3449.55242987606,6119,2042,1.23690785941387,1.2073010496275,4266.7785119739,7387.47512267065
p115,3449.55242987606,6119,2043,1.24349460562097,1.21299361775949,4289.49983835758,7422.30794707029
p115,3449.55242987606,6119,2044,1.25011642737979,1.2187130270277,4312.34215969592,7457.30501238249
p115,3449.55242987606,6119,2045,1.25677351147365,1.22445940399129,4335.30612030779,7492.46709302271
p115,3449.55242987606,6119,2046,1.26346604568053,1.23023287580615,4358.39236794315,7527.79496705783
p115,3449.55242987606,6119,2047,1.27019421877834,1.23603357022773,4381.60155380135,7563.28941622347
p115,3449.55242987606,6119,2048,1.27695822055029,1.24186161561386,4404.93433254948,7598.95122594118
p115,3449.55242987606,6119,2049,1.28375824179021,1.24771714092758,4428.39136234084,7634.78118533588
p115,3449.55242987606,6119,2050,1.29059447430793,1.25360027574004,4451.97330483353,7670.78008725332
p116,2075.15446836269,3370,2023,1,1,2075.15446836269,3370
p116,2075.15446836269,3370,2024,1.02332216652079,1.0206503762989,2123.5515664302,3439.59176812728
p116,2075.15446836269,3370,2025,1.0471882564928,1.04172719063908,2173.07738967796,3510.62063245369
p116,2075.15446836269,3370,2026,1.07161095538933,1.06323924912657,2223.75826242258,3583.11626955653
p116,2075.15446836269,3370,2027,1.09660324453642,1.08519553971679,2275.62112292077,3657.10896884557
p116,2075.15446836269,3370,2028,1.12217840801273,1.10760523596982,2328.69353768775,3732.6296452183
p116,2075.15446836269,3370,2029,1.14835003971044,1.13047770088322,2383.00371614958,3809.70985197647
p116,2075.15446836269,3370,2030,1.17513205056072,1.15382249080397,2438.58052563728,3888.38179400939
p116,2075.15446836269,3370,2031,1.18773786298696,1.16478177646832,2464.73953362095,3925.31458669824
p116,2075.15446836269,3370,2032,1.20047889979659,1.17584515608406,2491.17915308801,3962.59817600328
p116,2075.15446836269,3370,2033,1.21335661156122,1.18701361836077,2517.90239419868,4000.23589387579
p116,2075.15446836269,3370,2034,1.22637246441298,1.19828816139903,2544.91229940357,4038.23110391473
p116,2075.15446836269,3370,2035,1.23952794021141,1.20966979277963,2572.2119437901,4076.58720166735
p116,2075.15446836269,3370,2036,1.25282453671215,1.2211595296536,2599.80443543264,4115.30761493262
p116,2075.15446836269,3370,2037,1.26626376773752,1.23275839883311,2627.69291574628,4154.39580406757
p116,2075.15446836269,3370,2038,1.27984716334879,1.24446743688325,2655.88055984455,4193.85526229655
p116,2075.15446836269,3370,2039,1.29357627002045,1.25628769021466,2684.37057690088,4233.6895160234
p116,2075.15446836269,3370,2040,1.30745265081625,1.26822021517703,2713.16621051397,4273.90212514659
p116,2075.15446836269,3370,2041,1.31612206901414,1.27566612432242,2731.15659242543,4298.99483896655
p116,2075.15446836269,3370,2042,1.32484897213268,1.28315574950571,2749.26626442685,4324.23487583425
p116,2075.15446836269,3370,2043,1.33363374134118,1.29068934739026,2767.49601750341,4349.62310070519
p116,2075.15446836269,3370,2044,1.34247676033639,1.29826717614633,2785.84664788513,4375.16038361312
p116,2075.15446836269,3370,2045,1.35137841535927,1.30588949545991,2804.31895708167,4400.8475996999
p116,2075.15446836269,3370,2046,1.36033909521183,1.31355656654169,2822.91375191729,4426.6856292455
p116,2075.15446836269,3370,2047,1.36935919127418,1.32126865213594,2841.63184456613,4452.6753576981
p116,2075.15446836269,3370,2048,1.37843909752155,1.32902601652953,2860.47405258767,4478.81767570452
p116,2075.15446836269,3370,2049,1.38757921054153,1.33682892556103,2879.44119896243,4505.11347914068
p116,2075.15446836269,3370,2050,1.39677992955141,1.34467764662977,2898.53411212793,4531.56366914231
p117,1722.67358121331,2797,2023,1,1,1722.67358121331,2797
p117,1722.67358121331,2797,2024,1,1,1722.67358121331,2797
p117,1722.67358121331,2797,2025,1,1,1722.67358121331,2797
p117,1722.67358121331,2797,2026,1,1,1722.67358121331,2797
p117,1722.67358121331,2797,2027,1,1,1722.67358121331,2797
p117,1722.67358121331,2797,2028,1,1,1722.67358121331,2797
p117,1722.67358121331,2797,2029,1,1,1722.67358121331,2797
p117,1722.67358121331,2797,2030,1,1,1722.67358121331,2797
p117,1722.67358121331,2797,2031,1.01072714544738,1.00949824236544,1741.15295127735,2823.56658389612
p117,1722.67358121331,2797,2032,1.02156936254422,1.0190867013389,1759.83055223184,2850.38550364491
p117,1722.67358121331,2797,2033,1.03252788568082,1.02876623381961,1778.70851052838,2877.45915599345
p117,1722.67358121331,2797,2034,1.043603962489,1.03853770484581,1797.78897542932,2904.78996045372
p117,1722.67358121331,2797,2035,1.05479885398408,1.04840198767207,1817.07411925245,2932.38035951879
p117,1722.67358121331,2797,2036,1.0661138347085,1.05835996384739,1836.56613761835,2960.23281888114
p117,1722.67358121331,2797,2037,1.07755019287689,1.06841252329388,1856.26724970032,2988.34982765299
p117,1722.67358121331,2797,2038,1.08910923052274,1.07856056438639,1876.17969847707,3016.73389858874
p117,1722.67358121331,2797,2039,1.10079226364664,1.08880499403274,1896.30575098807,3045.38756830956
p117,1722.67358121331,2797,2040,1.11260062236614,1.09914672775476,1916.64769859163,3074.31339753005
p117,1722.67358121331,2797,2041,1.11997802152205,1.10559998135722,1929.35654921558,3092.36314785615
p117,1722.67358121331,2797,2042,1.12740433851713,1.11209112296955,1942.14966930872,3110.51887094583
p117,1722.67358121331,2797,2043,1.13487989771434,1.11862037503786,1955.02761764255,3128.7811889809
p117,1722.67358121331,2797,2044,1.1424050256274,1.12518796131431,1967.99095669363,3147.15072779613
p117,1722.67358121331,2797,2045,1.14998005093509,1.13179410686472,1981.04025266821,3165.62811690063
p117,1722.67358121331,2797,2046,1.15760530449556,1.13843903807631,1994.17607552689,3184.21398949944
p117,1722.67358121331,2797,2047,1.16528111936083,1.14512298266546,2007.39899900958,3202.90898251529
p117,1722.67358121331,2797,2048,1.17300783079129,1.15184616968549,2020.70960066049,3221.71373661032
p117,1722.67358121331,2797,2049,1.18078577627037,1.15860882953455,2034.10846185342,3240.62889620814
p117,1722.67358121331,2797,2050,1.18861529551929,1.16541119396347,2047.59616781713,3259.65510951583
p118,2692.18385518591,4886,2023,1,1,2692.18385518591,4886
p118,2692.18385518591,4886,2024,1.05064741481761,1.04484524084063,2828.53600766477,5105.1138467473
p118,2692.18385518591,4886,2025,1.10385999026292,1.09170157730731,2971.7940441715,5334.0539067235
p118,2692.18385518591,4886,2026,1.15976764509032,1.14065919746774,3122.30772987915,5573.26083882739
p118,2692.18385518591,4886,2027,1.21850687810325,1.19181233389526,3280.44454466256,5823.19506341224
p118,2692.18385518591,4886,2028,1.28022110141665,1.24525944504562,3446.59058030223,6084.33764849291
p118,2692.18385518591,4886,2029,1.34506099059835,1.30110340476776,3621.15148312925,6357.19123569526
p118,2692.18385518591,4886,2030,1.41318485254417,1.35945170031313,3804.55344441269,6642.28100772993
p118,2692.18385518591,4886,2031,1.42376929846604,1.36846724592461,3833.04871883965,6686.33096358764
p118,2692.18385518591,4886,2032,1.43443301957635,1.37754258039263,3861.75741664903,6730.67304779837
p118,2692.18385518591,4886,2033,1.44517660962894,1.386678100222,3890.68113633534,6775.30919768471
p118,2692.18385518591,4886,2034,1.45600066682474,1.39587420454709,3919.82148836548,6820.24136341708
p118,2692.18385518591,4886,2035,1.46690579384509,1.4051312951492,3949.18009526841,6865.47150809898
p118,2692.18385518591,4886,2036,1.47789259788526,1.41444977647415,3978.75859172545,6911.00160785269
p118,2692.18385518591,4886,2037,1.48896169068829,1.42383005564995,4008.55862466134,6956.83365190566
p118,2692.18385518591,4886,2038,1.50011368857906,1.43327254250458,4038.58185333593,7002.9696426774
p118,2692.18385518591,4886,2039,1.51134921249856,1.4427776495839,4068.82994943656,7049.41159586694
p118,2692.18385518591,4886,2040,1.5226688880385,1.45234579216966,4099.30459717113,7096.16154054098
p118,2692.18385518591,4886,2041,1.52422235402411,1.453657766637,4103.48681321718,7102.57184778839
p118,2692.18385518591,4886,2042,1.5257774048957,1.45497092627457,4107.67329606767,7108.98794577756
p118,2692.18385518591,4886,2043,1.52733404227021,1.456285272153,4111.8640500757,7115.40983973956
p118,2692.18385518591,4886,2044,1.52889226776623,1.45760080534387,4116.05907959882,7121.83753491016
p118,2692.18385518591,4886,2045,1.530452083004,1.45891752691975,4120.25838899901,7128.27103652988
p118,2692.18385518591,4886,2046,1.53201348960542,1.46023543795415,4124.46198264273,7134.71034984398
p118,2692.18385518591,4886,2047,1.53357648919403,1.46155453952158,4128.66986490086,7141.15548010242
p118,2692.18385518591,4886,2048,1.53514108339505,1.46287483269749,4132.88204014877,7147.60643255995
p118,2692.18385518591,4886,2049,1.53670727383534,1.46419631855834,4137.09851276626,7154.06321247604
p118,2692.18385518591,4886,2050,1.53827506214342,1.46551899818152,4141.31928713762,7160.5258251149
p119,413.385371819961,733,2023,1,1,413.385371819961,733
p119,413.385371819961,733,2024,1,1,413.385371819961,733
p119,413.385371819961,733,2025,1,1,413.385371819961,733
p119,413.385371819961,733,2026,1,1,413.385371819961,733
p119,413.385371819961,733,2027,1,1,413.385371819961,733
p119,413.385371819961,733,2028,1,1,413.385371819961,733
p119,413.385371819961,733,2029,1,1,413.385371819961,733
p119,413.385371819961,733,2030,1,1,413.385371819961,733
p119,413.385371819961,733,2031,1.01034246274814,1.00915762896282,417.660794628636,739.712542029747
p119,413.385371819961,733,2032,1.02079189203198,1.01839912009386,421.980435838442,746.486555028799
p119,413.385371819961,733,2033,1.03134939414893,1.02772524137174,426.344752776546,753.322601925487
p119,413.385371819961,733,2034,1.04201608683823,1.03713676780795,430.754207500004,760.221250803226
p119,413.385371819961,733,2035,1.05279309939932,1.04663448151123,435.209266844678,767.183074947733
p119,413.385371819961,733,2036,1.06368157281136,1.0562191717526,439.710402474666,774.208652894659
p119,413.385371819961,733,2037,1.07468265985405,1.06589163503093,444.258090932231,781.298568477673
p119,413.385371819961,733,2038,1.08579752522966,1.07565267513912,448.852813688258,788.453410876974
p119,413.385371819961,733,2039,1.09702734568638,1.08550310323091,453.495057193228,795.673774668255
p119,413.385371819961,733,2040,1.10837331014283,1.09544373788828,458.185312928716,802.960259872113
p119,413.385371819961,733,2041,1.11273880401549,1.09926402918218,459.989944236441,805.760533390535
p119,413.385371819961,733,2042,1.11712149203797,1.10309764350222,461.801683354184,808.570572687129
p119,413.385371819961,733,2043,1.12152144193199,1.10694462731164,463.620558277115,811.390411819432
p119,413.385371819961,733,2044,1.12593872168603,1.11080502723568,465.44659711067,814.220084963756
p119,413.385371819961,733,2045,1.13037339955631,1.11467889006221,467.27982807098,817.059626415602
p119,413.385371819961,733,2046,1.13482554406793,1.11856626274225,469.120279485311,819.909070590073
p119,413.385371819961,733,2047,1.13929522401586,1.12246719239057,470.967979792501,822.768452022291
p119,413.385371819961,733,2048,1.14378250846603,1.12638172628625,472.822957543396,825.637805367821
p119,413.385371819961,733,2049,1.1482874667564,1.13030991187324,474.685241401297,828.517165403084
p119,413.385371819961,733,2050,1.15281016849805,1.13425179676096,476.554860142396,831.406567025783
p12,1582.12397260274,3016,2023,1,1,1582.12397260274,3016
p12,1582.12397260274,3016,2024,1.02168408826098,1.01919995648297,1616.43088846447,3073.90706875263
p12,1582.12397260274,3016,2025,1.04383837620566,1.03876855129489,1651.4817185177,3132.92595070538
p12,1582.12397260274,3016,2026,1.0664730596855,1.05871286227562,1687.29259386343,3193.07799262328
p12,1582.12397260274,3016,2027,1.08959855563968,1.07904010315928,1723.87999539085,3254.38495112838
p12,1582.12397260274,3016,2028,1.1132255068892,1.09975762618331,1761.26076136224,3316.86900056887
p12,1582.12397260274,3016,2029,1.13736478703496,1.12087292474785,1799.45209516222,3380.5527410395
p12,1582.12397260274,3016,2030,1.16202750546195,1.14239363612594,1838.47157321512,3445.45920655584
p12,1582.12397260274,3016,2031,1.17977741402663,1.15784456400521,1866.5541290668,3492.05920503973
p12,1582.12397260274,3016,2032,1.19779845150399,1.17350446641374,1895.0656444709,3539.28947070384
p12,1582.12397260274,3016,2033,1.21609475937379,1.18937616974189,1924.01267176184,3587.15852794155
p12,1582.12397260274,3016,2034,1.2346705423767,1.20546253860712,1953.40186336061,3635.67501643907
p12,1582.12397260274,3016,2035,1.25353006948056,1.22176647637094,1983.23997330358,3684.84769273476
p12,1582.12397260274,3016,2036,1.27267767486148,1.23829092566299,2013.53385879466,3734.68543179957
p12,1582.12397260274,3016,2037,1.29211775889987,1.25503886891209,2044.29048178122,3785.19722863887
p12,1582.12397260274,3016,2038,1.31185478919173,1.27201332888458,2075.51691055395,3836.39219991589
p12,1582.12397260274,3016,2039,1.33189330157534,1.28921736922983,2107.22032137135,3888.27958559717
p12,1582.12397260274,3016,2040,1.35223790117367,1.30665409503323,2139.40800010888,3940.86875062022
p12,1582.12397260274,3016,2041,1.36525506339205,1.31779147212986,2160.00276450984,3974.45907994366
p12,1582.12397260274,3016,2042,1.37839753382141,1.32902377960559,2180.79578203536,4008.33571929047
p12,1582.12397260274,3016,2043,1.3916665187268,1.34035182660757,2201.78896114628,4042.50110904842
p12,1582.12397260274,3016,2044,1.40506323598523,1.35177642917976,2222.98422867502,4076.95771040617
p12,1582.12397260274,3016,2045,1.41858891519747,1.36329841032178,2244.38353000243,4111.7080055305
p12,1582.12397260274,3016,2046,1.43224479780089,1.37491860004813,2265.98882923635,4146.75449774516
p12,1582.12397260274,3016,2047,1.44603213718342,1.38663783544801,2287.80210939187,4182.09971171119
p12,1582.12397260274,3016,2048,1.45995219879859,1.39845696074563,2309.82537257334,4217.74619360881
p12,1582.12397260274,3016,2049,1.47400626028167,1.41037682736101,2332.06064015815,4253.69651132079
p12,1582.12397260274,3016,2050,1.48819561156693,1.42239829397132,2354.50995298224,4289.9532546175
p120,242.545482713633,430,2023,1,1,242.545482713633,430
p120,242.545482713633,430,2024,1.01412410127669,1.01250604252342,245.971219675684,435.377598285072
p120,242.545482713633,430,2025,1.02844769279025,1.02516848614644,249.445342093533,440.822449042971
p120,242.545482713633,430,2026,1.04297359216099,1.03798928682786,252.96853336826,446.335393335982
p120,242.545482713633,430,2027,1.05770465680559,1.05097042498779,256.541486553369,451.91728274475
p120,242.545482713633,430,2028,1.07264378449913,1.06411390581355,260.16490449112,457.568979499826
p120,242.545482713633,430,2029,1.08779391394521,1.07742175956942,263.839499950793,463.29135661485
p120,242.545482713633,430,2030,1.10315802535393,1.09089604191026,267.565995768888,469.08529802141
p120,242.545482713633,430,2031,1.11394007929079,1.10033678578135,270.181134245648,473.14481788598
p120,242.545482713633,430,2032,1.12482751494489,1.10985923097082,272.821832581885,477.239469317452
p120,242.545482713633,430,2033,1.13582136229682,1.11946408453158,275.48834059474,481.36955634858
p120,242.545482713633,430,2034,1.14692266139401,1.12915205963546,278.180910543016,485.535385643249
p120,242.545482713633,430,2035,1.15813246244912,1.13892387562617,280.89979715105,489.737266519252
p120,242.545482713633,430,2036,1.16945182593936,1.14878025807268,283.645257632801,493.975510971254
p120,242.545482713633,430,2037,1.18088182270686,1.15872193882316,286.41755171619,498.250433693959
p120,242.545482713633,430,2038,1.19242353405995,1.16874965605925,289.216941667667,502.562352105478
p120,242.545482713633,430,2039,1.20407805187546,1.17886415435091,292.043692317025,506.911586370892
p120,242.545482713633,430,2040,1.21584647870202,1.18906618471171,294.898071082454,511.298459426034
p120,242.545482713633,430,2041,1.22232106944947,1.19467277328546,296.468453820666,513.709292512746
p120,242.545482713633,430,2042,1.22883013850161,1.20030579759158,298.047199115933,516.131492964379
p120,242.545482713633,430,2043,1.23537386946131,1.2059653822777,299.634351500302,518.565114379412
p120,242.545482713633,430,2044,1.24195244690917,1.21165165257918,301.229955742963,521.010210609046
p120,242.545482713633,430,2045,1.24856605640871,1.21736473432186,302.834056851509,523.466835758398
p120,242.545482713633,430,2046,1.25521488451161,1.22310475392488,304.446700073206,525.935044187697
p120,242.545482713633,430,2047,1.26189911876295,1.22887183840345,306.067930896269,528.414890513485
p120,242.545482713633,430,2048,1.26861894770655,1.2346661153717,307.697795051148,530.90642960983
p120,242.545482713633,430,2049,1.27537456089024,1.24048771304544,309.336338511811,533.409716609537
p120,242.545482713633,430,2050,1.28216614887122,1.24633676024504,310.98360749705,535.924806905369
p121,717.632583170254,1346,2023,1,1,717.632583170254,1346
p121,717.632583170254,1346,2024,1.00260870805993,1.00230985414857,719.504677074042,1349.10906368397
p121,717.632583170254,1346,2025,1.00522422147761,1.00462504372332,721.381654724285,1352.22530885159
p121,717.632583170254,1346,2026,1.00784655800622,1.00694558104832,723.263528861252,1355.34875209104
p121,717.632583170254,1346,2027,1.01047573544527,1.00927147847608,725.150312258449,1358.47941002881
p121,717.632583170254,1346,2028,1.01311177164069,1.01160274838767,727.042017722701,1361.61729932981
p121,717.632583170254,1346,2029,1.01575468448498,1.01393940319274,728.938658094245,1364.76243669742
p121,717.632583170254,1346,2030,1.01840449191731,1.0162814553296,730.840246246812,1367.91483887364
p121,717.632583170254,1346,2031,1.02833866741597,1.02505923348841,737.969334271583,1379.7297282754
p121,717.632583170254,1346,2032,1.03836974728183,1.03391282665792,745.167964027705,1391.64666468156
p121,717.632583170254,1346,2033,1.0484986767827,1.04284288966395,752.436813870162,1403.66652948768
p121,717.632583170254,1346,2034,1.05872641040715,1.05185008298816,759.776568771053,1415.79021170207
p121,717.632583170254,1346,2035,1.06905391195445,1.0609350728169,767.187920384136,1428.01860801154
p121,717.632583170254,1346,2036,1.07948215462538,1.07009853109044,774.671567110007,1440.35262284774
p121,717.632583170254,1346,2037,1.09001212111398,1.07934113555274,782.228214161912,1452.79316845399
p121,717.632583170254,1346,2038,1.10064480370008,1.08866356980152,789.858573632203,1465.34116495285
p121,717.632583170254,1346,2039,1.11138120434287,1.09806652333884,797.563364559443,1477.99754041408
p121,717.632583170254,1346,2040,1.12222233477531,1.10755069162209,805.343312996158,1490.76323092333
p121,717.632583170254,1346,2041,1.12834462166662,1.11290073692592,809.736865552882,1497.96439190229
p121,717.632583170254,1346,2042,1.13450030871014,1.11827662572836,814.154387147106,1505.20033823038
p121,717.632583170254,1346,2043,1.14068957812046,1.12367848286694,818.596008541975,1512.47123793889
p121,717.632583170254,1346,2044,1.14691261310629,1.12910643378219,823.061861214016,1519.77725987083
p121,717.632583170254,1346,2045,1.15316959787581,1.13456060452064,827.552077357024,1527.11857368478
p121,717.632583170254,1346,2046,1.15946071764216,1.14004112173764,832.06678988598,1534.49534985886
p121,717.632583170254,1346,2047,1.16578615862889,1.14554811270037,836.606132440982,1541.9077596947
p121,717.632583170254,1346,2048,1.17214610807553,1.15108170529079,841.1702393912,1549.3559753214
p121,717.632583170254,1346,2049,1.17854075424305,1.15664202800857,845.759245838858,1556.84016969954
p121,717.632583170254,1346,2050,1.18497028641951,1.16222920997413,850.37328762323,1564.36051662517
p122,12703.2714122635,22537,2023,1,1,12703.2714122635,22537
p122,12703.2714122635,22537,2024,1.02418674458408,1.02141590819452,13010.5221932942,23019.65032298
p122,12703.2714122635,22537,2025,1.04895848778174,1.04329045751285,13325.204370489,23512.637040967
p122,12703.2714122635,22537,2026,1.07432937880502,1.06563347017116,13647.4976851287,24016.1815172475
p122,12703.2714122635,22537,2027,1.10031390908935,1.08845497873736,13977.5862258507,24530.5098558039
p122,12703.2714122635,22537,2028,1.12692692057081,1.11176523063588,14315.6585337973,25055.8530028407
p122,12703.2714122635,22537,2029,1.15418361416358,1.13557469274904,14661.9077103072,25592.4468504851
p122,12703.2714122635,22537,2030,1.18209955844249,1.15989405611698,15016.5315272118,26140.5323427083
p122,12703.2714122635,22537,2031,1.19432537909028,1.17051593551908,15171.8394451383,26379.9176387934
p122,12703.2714122635,22537,2032,1.20667764483268,1.18123508615163,15328.7536294205,26621.4951365992
p122,12703.2714122635,22537,2033,1.21915766342338,1.19205239878847,15487.2906928082,26865.2849114957
p122,12703.2714122635,22537,2034,1.23176675614145,1.20296877236081,15647.4674198682,27111.3072226956
p122,12703.2714122635,22537,2035,1.24450625793124,1.21398511403195,15809.300768761,27359.5825149381
p122,12703.2714122635,22537,2036,1.25737751754372,1.22510233927264,15972.8078730361,27610.1314201875
p122,12703.2714122635,22537,2037,1.27038189767927,1.23632137193718,16138.0060434462,27862.9747593483
p122,12703.2714122635,22537,2038,1.28352077513193,1.24764314434019,16304.9127697798,28118.1335439948
p122,12703.2714122635,22537,2039,1.2967955409352,1.25906859733406,16473.545722713,28375.6289781177
p122,12703.2714122635,22537,2040,1.31020760050928,1.27059868038718,16643.92275568,28635.482459886
p122,12703.2714122635,22537,2041,1.31536804888853,1.27502981355161,16709.4773320506,28735.3469080125
p122,12703.2714122635,22537,2042,1.32054882246469,1.27947640001487,16775.290104914,28835.5596271352
p122,12703.2714122635,22537,2043,1.32575000129159,1.28393849366939,16841.3620912158,28936.1218318271
p122,12703.2714122635,22537,2044,1.33097166573835,1.28841614859553,16907.6943119068,29037.0347408974
p122,12703.2714122635,22537,2045,1.33621389649065,1.29290941906223,16974.287791959,29138.2995774055
p122,12703.2714122635,22537,2046,1.34147677455196,1.29741835952772,17041.1435603814,29239.9175686763
p122,12703.2714122635,22537,2047,1.34676038124478,1.30194302464014,17108.262650236,29341.8899463148
p122,12703.2714122635,22537,2048,1.35206479821193,1.3064834692382,17175.6460986535,29444.2179462213
p122,12703.2714122635,22537,2049,1.35739010741779,1.31103974835187,17243.2949468497,29546.9028086062
p122,12703.2714122635,22537,2050,1.36273639114955,1.31561191720304,17311.2102401413,29649.9457780048
p123,7467.16226353555,14024,2023,1,1,7467.16226353555,14024
p123,7467.16226353555,14024,2024,1.01706385687167,1.01510901936132,7594.58085163802,14235.8888875231
p123,7467.16226353555,14024,2025,1.03441888895467,1.03044632118869,7724.17369229066,14450.9792083502
p123,7467.16226353555,14024,2026,1.05207006482114,1.04601535460633,7855.97788662779,14669.3193329991
p123,7467.16226353555,14024,2027,1.07002243782621,1.06181962085131,7990.03116887217,14890.9583628188
p123,7467.16226353555,14024,2028,1.08828114755474,1.07786267406098,8126.37191713795,15115.9461410311
p123,7467.16226353555,14024,2029,1.10685142129275,1.0941481220722,8265.03916441791,15344.3332639406
p123,7467.16226353555,14024,2030,1.12573857552389,1.11067962723274,8406.07260975824,15576.1710923119
p123,7467.16226353555,14024,2031,1.13735990228411,1.12083196476431,8492.85094239436,15718.5474738547
p123,7467.16226353555,14024,2032,1.14910119938078,1.13107710129465,8580.52511299961,15862.2252685562
p123,7467.16226353555,14024,2033,1.16096370530259,1.14141588506723,8669.10436956993,16007.2163721829
p123,7467.16226353555,14024,2034,1.1729486713235,1.15184917207906,8758.59805557099,16153.5327892367
p123,7467.16226353555,14024,2035,1.18505736163472,1.16237782615147,8849.01561092378,16301.1866339482
p123,7467.16226353555,14024,2036,1.1972910534781,1.17300271900172,8940.36657300036,16450.1901312801
p123,7467.16226353555,14024,2037,1.2096510372808,1.18372473031512,9032.66057762983,16600.5556179393
p123,7467.16226353555,14024,2038,1.22213861679147,1.19454474781789,9125.90736011477,16752.2955433981
p123,7467.16226353555,14024,2039,1.2347551092177,1.20546366735064,9220.11675625812,16905.4224709254
p123,7467.16226353555,14024,2040,1.24750184536502,1.21648239294254,9315.29870340067,17059.9490786262
p123,7467.16226353555,14024,2041,1.25257768211406,1.22086498809944,9353.20080002892,17121.4105931065
p123,7467.16226353555,14024,2042,1.2576741714327,1.22526337233838,9391.25711274563,17183.0935336734
p123,7467.16226353555,14024,2043,1.26279139735216,1.22967760254236,9429.46826902537,17244.998698054
p123,7467.16226353555,14024,2044,1.26792944424552,1.23410773579929,9467.83489889578,17307.1268868492
p123,7467.16226353555,14024,2045,1.2730883968292,1.23855382940276,9506.35763494796,17369.4789035444
p123,7467.16226353555,14024,2046,1.27826834016428,1.24301594085278,9545.0371123469,17432.0555545194
p123,7467.16226353555,14024,2047,1.28346935965795,1.2474941278565,9583.87396884195,17494.8576490596
p123,7467.16226353555,14024,2048,1.2886915410649,1.25198844832897,9622.86884477733,17557.8859993655
p123,7467.16226353555,14024,2049,1.29393497048876,1.2564989603939,9662.02238310269,17621.141420564
p123,7467.16226353555,14024,2050,1.29919973438348,1.26102572238438,9701.33522938373,17684.6247307186
p124,74.2368395303327,135,2023,1,1,74.2368395303327,135
p124,74.2368395303327,135,2024,1.08937272571602,1.0791341754313,80.8715882277013,145.683113683225
p124,74.2368395303327,135,2025,1.18673293553395,1.16453056858379,88.0993025005944,157.211626758811
p124,74.2368395303327,135,2026,1.29279449267959,1.2566847348932,95.9729772987527,169.652439210582
p124,74.2368395303327,135,2027,1.40833506028102,1.35613144516607,104.550343875024,183.07774509742
p124,74.2368395303327,135,2028,1.53420180333977,1.46344778885575,113.894293081682,197.565451495526
p124,74.2368395303327,135,2029,1.67131760030268,1.5792565229136,124.073336497891,213.199630593336
p124,74.2368395303327,135,2030,1.82068780977889,1.70422968564886,135.162108769388,230.071007562597
p124,74.2368395303327,135,2031,1.83535736607552,1.71638786925743,136.251130266162,231.712362349753
p124,74.2368395303327,135,2032,1.85014511719983,1.72863279083912,137.348926173393,233.365426763281
p124,74.2368395303327,135,2033,1.86505201546538,1.74096506919326,138.455567187827,235.03028434109
p124,74.2368395303327,135,2034,1.88007902085865,1.75338532753379,139.571124575829,236.707019217061
p124,74.2368395303327,135,2035,1.89522710110089,1.76589419352072,140.695670177965,238.395716125297
p124,74.2368395303327,135,2036,1.91049723171042,1.77849229929186,141.829276413632,240.096460404401
p124,74.2368395303327,135,2037,1.92589039606546,1.79118028149479,142.97201628572,241.809338001796
p124,74.2368395303327,135,2038,1.94140758546744,1.80395878131899,144.123963385317,243.534435478063
p124,74.2368395303327,135,2039,1.95704979920488,1.81682844452827,145.285191896443,245.271840011317
p124,74.2368395303327,135,2040,1.97281804461772,1.82978992149341,146.45577660083,247.021639401611
p124,74.2368395303327,135,2041,1.97281804461772,1.82978992149341,146.45577660083,247.021639401611
p124,74.2368395303327,135,2042,1.97281804461772,1.82978992149341,146.45577660083,247.021639401611
p124,74.2368395303327,135,2043,1.97281804461772,1.82978992149341,146.45577660083,247.021639401611
p124,74.2368395303327,135,2044,1.97281804461772,1.82978992149341,146.45577660083,247.021639401611
p124,74.2368395303327,135,2045,1.97281804461772,1.82978992149341,146.45577660083,247.021639401611
p124,74.2368395303327,135,2046,1.97281804461772,1.82978992149341,146.45577660083,247.021639401611
p124,74.2368395303327,135,2047,1.97281804461772,1.82978992149341,146.45577660083,247.021639401611
p124,74.2368395303327,135,2048,1.97281804461772,1.82978992149341,146.45577660083,247.021639401611
p124,74.2368395303327,135,2049,1.97281804461772,1.82978992149341,146.45577660083,247.021639401611
p124,74.2368395303327,135,2050,1.97281804461772,1.82978992149341,146.45577660083,247.021639401611
p125,1355.48002283105,2839,2023,1,1,1355.48002283105,2839
p125,1355.48002283105,2839,2024,1,1,1355.48002283105,2839
p125,1355.48002283105,2839,2025,1,1,1355.48002283105,2839
p125,1355.48002283105,2839,2026,1,1,1355.48002283105,2839
p125,1355.48002283105,2839,2027,1,1,1355.48002283105,2839
p125,1355.48002283105,2839,2028,1,1,1355.48002283105,2839
p125,1355.48002283105,2839,2029,1,1,1355.48002283105,2839
p125,1355.48002283105,2839,2030,1,1,1355.48002283105,2839
p125,1355.48002283105,2839,2031,1.01124021555864,1.00995253510259,1370.71591047311,2867.25524715627
p125,1355.48002283105,2839,2032,1.02260677356309,1.02000412316016,1386.12305277649,2895.79170565169
p125,1355.48002283105,2839,2033,1.03410109412967,1.0301557500007,1401.7033746805,2924.61217425199
p125,1355.48002283105,2839,2034,1.04572461333711,1.04040841126372,1417.45882276118,2953.71947957771
p125,1355.48002283105,2839,2035,1.057478783406,1.05076311249786,1433.39136547452,2983.11647638142
p125,1355.48002283105,2839,2036,1.06936507288018,1.06122086925951,1449.50299340235,3012.80604782774
p125,1355.48002283105,2839,2037,1.08138496681023,1.07178270721242,1465.79571950109,3042.79110577605
p125,1355.48002283105,2839,2038,1.09353996693906,1.0824496622283,1482.27157935322,3073.07459106615
p125,1355.48002283105,2839,2039,1.10583159188944,1.09322278048842,1498.9326314216,3103.65947380663
p125,1355.48002283105,2839,2040,1.11826137735384,1.10410311858619,1515.78095730666,3134.54875366619
p125,1355.48002283105,2839,2041,1.12403049763527,1.10914665293477,1523.60088459745,3148.86734768182
p125,1355.48002283105,2839,2042,1.12982938085896,1.11421322610853,1531.4611549619,3163.25134892212
p125,1355.48002283105,2839,2043,1.13565818057222,1.11930294334864,1539.3619765303,3177.70105616679
p125,1355.48002283105,2839,2044,1.14151705111446,1.12441591037701,1547.30355850667,3192.21676956033
p125,1355.48002283105,2839,2045,1.14740614762136,1.12955223339849,1555.28611117429,3206.79879061831
p125,1355.48002283105,2839,2046,1.15332562602894,1.13471201910307,1563.30984590135,3221.44742223361
p125,1355.48002283105,2839,2047,1.15927564307769,1.13989537466811,1571.37497514643,3236.16296868275
p125,1355.48002283105,2839,2048,1.16525635631673,1.14510240776053,1579.48171246422,3250.94573563215
p125,1355.48002283105,2839,2049,1.17126792410797,1.15033322653911,1587.63027251114,3265.79603014454
p125,1355.48002283105,2839,2050,1.17731050563031,1.15558793965667,1595.82087105101,3280.71416068527
p126,8874.69326484018,18389,2023,1,1,8874.69326484018,18389
p126,8874.69326484018,18389,2024,1,1,8874.69326484018,18389
p126,8874.69326484018,18389,2025,1,1,8874.69326484018,18389
p126,8874.69326484018,18389,2026,1,1,8874.69326484018,18389
p126,8874.69326484018,18389,2027,1,1,8874.69326484018,18389
p126,8874.69326484018,18389,2028,1,1,8874.69326484018,18389
p126,8874.69326484018,18389,2029,1,1,8874.69326484018,18389
p126,8874.69326484018,18389,2030,1,1,8874.69326484018,18389
p126,8874.69326484018,18389,2031,1.01110665362267,1.00983427403819,8973.2614089402,18569.8424652882
p126,8874.69326484018,18389,2032,1.02233666500003,1.01976526102223,9072.92431527497,18752.4633849378
p126,8874.69326484018,18389,2033,1.03369140422394,1.02979391205375,9173.69414298942,18936.8802487563
p126,8874.69326484018,18389,2034,1.04517225660339,1.03992118758774,9275.58318627591,19123.1107185509
p126,8874.69326484018,18389,2035,1.05678062283351,1.05014805752459,9378.60387587414,19311.1726298197
p126,8874.69326484018,18389,2036,1.06851791916647,1.06047550130296,9482.7687805877,19501.0839934601
p126,8874.69326484018,18389,2037,1.08038557758426,1.07090450799355,9588.09060881754,19692.8629974934
p126,8874.69326484018,18389,2038,1.09238504597342,1.08143607639389,9694.58221011245,19886.5280088072
p126,8874.69326484018,18389,2039,1.10451778830163,1.09207121512393,9802.25657673666,20082.0975749139
p126,8874.69326484018,18389,2040,1.11678528479637,1.10281094272267,9911.12684525501,20279.5904257272
p126,8874.69326484018,18389,2041,1.12191382388528,1.1072951340245,9956.64105656582,20362.0502195766
p126,8874.69326484018,18389,2042,1.12706591442454,1.11179755870692,10002.3642797744,20444.8453070616
p126,8874.69326484018,18389,2043,1.13224166456792,1.11631829090953,10048.2974747123,20527.9770515353
p126,8874.69326484018,18389,2044,1.13744118296584,1.12085740507339,10094.4416056188,20611.4468218945
p126,8874.69326484018,18389,2045,1.14266457876769,1.12541497594226,10140.7976411611,20695.2559926021
p126,8874.69326484018,18389,2046,1.14791196162409,1.12999107856381,10187.3665544548,20779.4059437099
p126,8874.69326484018,18389,2047,1.15318344168921,1.13458578829088,10234.1493230844,20863.8980608809
p126,8874.69326484018,18389,2048,1.15847912962305,1.13919918078268,10281.1469291236,20948.7337354127
p126,8874.69326484018,18389,2049,1.16379913659381,1.14383133200609,10328.3603591559,21033.9143642599
p126,8874.69326484018,18389,2050,1.16914357428019,1.14848231823686,10375.7906042956,21119.4413500575
p127,14499.6258643183,26116,2023,1,1,14499.6258643183,26116
p127,14499.6258643183,26116,2024,1,1,14499.6258643183,26116
p127,14499.6258643183,26116,2025,1,1,14499.6258643183,26116
p127,14499.6258643183,26116,2026,1,1,14499.6258643183,26116
p127,14499.6258643183,26116,2027,1,1,14499.6258643183,26116
p127,14499.6258643183,26116,2028,1,1,14499.6258643183,26116
p127,14499.6258643183,26116,2029,1,1,14499.6258643183,26116
p127,14499.6258643183,26116,2030,1,1,14499.6258643183,26116
p127,14499.6258643183,26116,2031,1.01039597724823,1.00920501283529,14650.3636449116,26356.3981152064
p127,14499.6258643183,26116,2032,1.0209000308394,1.01849475793188,14802.6684920423,26599.0090981489
p127,14499.6258643183,26116,2033,1.03151328433272,1.02787001525132,14956.5566968986,26843.8533183034
p127,14499.6258643183,26116,2034,1.04223687296788,1.03733157193472,15112.0447200313,27090.951332647
p127,14499.6258643183,26116,2035,1.05307194378652,1.04688022236883,15269.1491931149,27340.3238873843
p127,14499.6258643183,26116,2036,1.06401965575487,1.05651676825274,15427.8869207263,27591.9919196886
p127,14499.6258643183,26116,2037,1.07508117988776,1.06624201866521,15588.2748821424,27845.9765594606
p127,14499.6258643183,26116,2038,1.08625769937387,1.07605679013255,15750.3302331562,28102.2991311016
p127,14499.6258643183,26116,2039,1.09755040970227,1.08596190669722,15914.0703079122,28360.9811553046
p127,14499.6258643183,26116,2040,1.10896051879031,1.095958199987,16079.5126207599,28622.0443508606
p127,14499.6258643183,26116,2041,1.11307923459318,1.09956231639662,16139.2324589429,28716.169455014
p127,14499.6258643183,26116,2042,1.11721324744187,1.10317828513335,16199.1740985672,28810.6040945425
p127,14499.6258643183,26116,2043,1.1213626141501,1.1068061451742,16259.3383634104,28905.3492873694
p127,14499.6258643183,26116,2044,1.12552739174262,1.11044593562436,16319.7260803101,29000.4060547657
p127,14499.6258643183,26116,2045,1.12970763745596,1.1140976957176,16380.3380791744,29095.7754213607
p127,14499.6258643183,26116,2046,1.13390340873922,1.11776146481672,16441.1751929939,29191.4584151536
p127,14499.6258643183,26116,2047,1.13811476325489,1.12143728241399,16502.2382578531,29287.4560675237
p127,14499.6258643183,26116,2048,1.14234175887959,1.12512518813151,16563.5281129414,29383.7694132426
p127,14499.6258643183,26116,2049,1.14658445370493,1.12882522172172,16625.0456005653,29480.3994904844
p127,14499.6258643183,26116,2050,1.15084290603825,1.13253742306776,16686.7915661594,29577.3473408375
p128,2359.19390084801,4250,2023,1,1,2359.19390084801,4250
p128,2359.19390084801,4250,2024,1.20141609851649,1.17834184587071,2834.37353200073,5007.95284495052
p128,2359.19390084801,4250,2025,1.44340064177459,1.38848950572999,3405.26199055473,5901.08039935248
p128,2359.19390084801,4250,2026,1.73412476763704,1.63611528715399,4091.13657511877,6953.48997040447
p128,2359.19390084801,4250,2027,2.08340541267531,1.92790310752232,4915.15734257732,8193.58820696987
p128,2359.19390084801,4250,2028,2.50303680252452,2.27172890637773,5905.14915811395,9654.84785210537
p128,2359.19390084801,4250,2029,3.00718870973221,2.67687323285899,7094.54126269922,11376.7112396507
p128,2359.19390084801,4250,2030,3.61288492714932,3.15427174636896,8523.49608459638,13405.6549220681
p128,2359.19390084801,4250,2031,3.67285996595966,3.20063507329509,8664.98883036087,13602.6990615041
p128,2359.19390084801,4250,2032,3.73383060948835,3.2476798754575,8808.83040070452,13802.6394706944
p128,2359.19390084801,4250,2033,3.79581338509034,3.29541616957691,8955.05978686238,14005.5187207019
p128,2359.19390084801,4250,2034,3.85882509447995,3.34385411960567,9103.71662733634,14211.3800083241
p128,2359.19390084801,4250,2035,3.92288281828528,3.3930040388918,9254.84121864008,14420.2671652901
p128,2359.19390084801,4250,2036,3.9880039206783,3.44287639237494,9408.47452622219,14632.2246675935
p128,2359.19390084801,4250,2037,4.05420605408176,3.49348179881453,9564.65819557076,14847.2976449618
p128,2359.19390084801,4250,2038,4.12150716395423,3.54483103305072,9723.4345635022,15065.5318904656
p128,2359.19390084801,4250,2039,4.18992549365462,3.59693502829857,9884.84666963757,15286.9738702689
p128,2359.19390084801,4250,2040,4.25947958938738,3.64980487847587,10048.9382680693,15511.6707335225
p128,2359.19390084801,4250,2041,4.28596636631426,3.66990049329137,10111.4257106483,15597.0770964883
p128,2359.19390084801,4250,2042,4.31261784630809,3.69010675340113,10174.3017196983,15682.9537019548
p128,2359.19390084801,4250,2043,4.33943505354408,3.71042426801177,10237.5687114472,15769.30313905
p128,2359.19390084801,4250,2044,4.36641901856607,3.73085364968413,10301.2291171478,15856.1280111576
p128,2359.19390084801,4250,2045,4.39357077832616,3.7513955143518,10365.2853831711,15943.4309359951
p128,2359.19390084801,4250,2046,4.42089137622454,3.77205048133964,10429.7399711005,16031.2145456935
p128,2359.19390084801,4250,2047,4.44838186214957,3.7928191733825,10494.5953578262,16119.4814868756
p128,2359.19390084801,4250,2048,4.47604329251818,3.81370221664397,10559.8540356405,16208.2344207369
p128,2359.19390084801,4250,2049,4.5038767303164,3.83470024073524,10625.5185123337,16297.4760231248
p128,2359.19390084801,4250,2050,4.53188324514025,3.85581387873412,10691.5913112902,16387.20898462
p129,655.922211350294,1089,2023,1,1,655.922211350294,1089
p129,655.922211350294,1089,2024,1,1,655.922211350294,1089
p129,655.922211350294,1089,2025,1,1,655.922211350294,1089
p129,655.922211350294,1089,2026,1,1,655.922211350294,1089
p129,655.922211350294,1089,2027,1,1,655.922211350294,1089
p129,655.922211350294,1089,2028,1,1,655.922211350294,1089
p129,655.922211350294,1089,2029,1,1,655.922211350294,1089
p129,655.922211350294,1089,2030,1,1,655.922211350294,1089
p129,655.922211350294,1089,2031,1.01459909021954,1.01292661667544,665.498078890796,1103.07708555956
p129,655.922211350294,1089,2032,1.02941131387432,1.02602033076956,675.213745385453,1117.33614020805
p129,655.922211350294,1089,2033,1.04443978251858,1.03928330228662,685.071251771809,1131.77951619013
p129,655.922211350294,1089,2034,1.05968765313245,1.05271771915247,695.072668783238,1146.40959615704
p129,655.922211350294,1089,2035,1.07515812878506,1.0663257975754,705.220097383941,1161.22879355961
p129,655.922211350294,1089,2036,1.09085445930746,1.08010978241179,715.515669210281,1176.23955304644
p129,655.922211350294,1089,2037,1.10677994197528,1.09407194753642,725.961547018576,1191.44435086717
p129,655.922211350294,1089,2038,1.12293792220135,1.10821459621758,736.559925139417,1206.84569528095
p129,655.922211350294,1089,2039,1.13933179423851,1.12254006149702,747.313029938624,1222.44612697025
p129,655.922211350294,1089,2040,1.15596500189259,1.13705070657481,758.223120284935,1238.24821945997
p129,655.922211350294,1089,2041,1.16165035379126,1.14200237522867,761.952268874614,1243.64058662402
p129,655.922211350294,1089,2042,1.16736366780483,1.1469756075844,765.699758436536,1249.05643665942
p129,655.922211350294,1089,2043,1.17310508145864,1.15197049754839,769.465679176618,1254.4958718302
p129,655.922211350294,1089,2044,1.17887473295439,1.15698713943594,773.250121744432,1259.95899484574
p129,655.922211350294,1089,2045,1.18467276117352,1.16202562797312,777.053177235391,1265.44590886272
p129,655.922211350294,1089,2046,1.1904993056805,1.16708605829847,780.87493719294,1270.95671748703
p129,655.922211350294,1089,2047,1.19635450672623,1.17216852596487,784.715493610758,1276.49152477574
p129,655.922211350294,1089,2048,1.20223850525141,1.17727312694132,788.574938934975,1282.0504352391
p129,655.922211350294,1089,2049,1.20815144288991,1.18239995761474,792.453366066397,1287.63355384245
p129,655.922211350294,1089,2050,1.21409346197221,1.1875491147918,796.350868362742,1293.24098600827
p13,3214.34169928245,6127,2023,1,1,3214.34169928245,6127
p13,3214.34169928245,6127,2024,1.06907924469056,1.06116551805049,3436.38599604626,6501.76112909533
p13,3214.34169928245,6127,2025,1.14293043142814,1.12607225669936,3673.76894511836,6899.44471679696
p13,3214.34169928245,6127,2026,1.22188320236505,1.19494904964265,3927.55012901477,7321.45282716054
p13,3214.34169928245,6127,2027,1.30628997108452,1.26803872730798,4198.86232541143,7769.27328221602
p13,3214.34169928245,6127,2028,1.39652749563389,1.34559897297186,4488.91656341051,8244.48490739857
p13,3214.34169928245,6127,2029,1.49299856022188,1.42790323124188,4799.00752908985,8748.76309781902
p13,3214.34169928245,6127,2030,1.5961337730861,1.51524167210676,5130.5193444637,9283.8857249981
p13,3214.34169928245,6127,2031,1.62051463188343,1.53573538728079,5208.88775556026,9409.45071786938
p13,3214.34169928245,6127,2032,1.64526790700683,1.55650628092038,5288.45323998322,9536.71398319918
p13,3214.34169928245,6127,2033,1.67039928709595,1.57755810187738,5369.23408296419,9665.69849020269
p13,3214.34169928245,6127,2034,1.6959145476841,1.59889464970701,5451.24884904074,9796.42751875485
p13,3214.34169928245,6127,2035,1.72181955252556,1.62051977535368,5534.51638632277,9928.92466359198
p13,3214.34169928245,6127,2036,1.74812025494315,1.64243738184599,5619.05583082405,10063.2138385704
p13,3214.34169928245,6127,2037,1.77482269919638,1.66465142500118,5704.88661085995,10199.3192809822
p13,3214.34169928245,6127,2038,1.80193302187048,1.68716591413913,5792.02845151232,10337.2655559305
p13,3214.34169928245,6127,2039,1.82945745328672,1.70998491280594,5880.5013791626,10477.077560762
p13,3214.34169928245,6127,2040,1.85740231893421,1.73311253950737,5970.32572609415,10618.7805295617
p13,3214.34169928245,6127,2041,1.87528238816565,1.74788487135615,6027.79837821082,10709.2906067991
p13,3214.34169928245,6127,2042,1.89333457782165,1.76278311642942,6085.82428418548,10800.572154363
p13,3214.34169928245,6127,2043,1.91156054479964,1.77780834795923,6144.40876985256,10892.6317479462
p13,3214.34169928245,6127,2044,1.92996196194696,1.79296164832543,6203.55721231509,10985.4760192899
p13,3214.34169928245,6127,2045,1.94854051821443,1.80824410913361,6263.2750404381,11079.1116566616
p13,3214.34169928245,6127,2046,1.96729791881138,1.82365683129377,6323.567735347,11173.545405337
p13,3214.34169928245,6127,2047,1.9862358853621,1.83920092509961,6384.44083093061,11268.7840680853
p13,3214.34169928245,6127,2048,2.00535615606394,1.85487751030848,6445.8999143491,11364.83450566
p13,3214.34169928245,6127,2049,2.02466048584678,1.87068771622211,6507.95062654679,11461.7036372929
p13,3214.34169928245,6127,2050,2.04415064653414,1.88663268176793,6570.59866276988,11559.3984411921
p130,1277.30595238095,2347,2023,1,1,1277.30595238095,2347
p130,1277.30595238095,2347,2024,1,1,1277.30595238095,2347
p130,1277.30595238095,2347,2025,1,1,1277.30595238095,2347
p130,1277.30595238095,2347,2026,1,1,1277.30595238095,2347
p130,1277.30595238095,2347,2027,1,1,1277.30595238095,2347
p130,1277.30595238095,2347,2028,1,1,1277.30595238095,2347
p130,1277.30595238095,2347,2029,1,1,1277.30595238095,2347
p130,1277.30595238095,2347,2030,1,1,1277.30595238095,2347
p130,1277.30595238095,2347,2031,1.0146145372506,1.01294029409275,1295.97318780244,2377.37087023569
p130,1277.30595238095,2347,2032,1.02944265920025,1.02604803939672,1314.91323623136,2408.13474846409
p130,1277.30595238095,2347,2033,1.04448748729049,1.0393254027798,1334.13008470357,2439.2967203242
p130,1277.30595238095,2347,2034,1.05975218858129,1.05277457914984,1353.62777852362,2470.86193726468
p130,1277.30595238095,2347,2035,1.07523997641772,1.06639779181742,1373.4104221163,2502.83561739548
p130,1277.30595238095,2347,2036,1.09095411110641,1.0801972928634,1393.48217989069,2535.2230463504
p130,1277.30595238095,2347,2037,1.10689790060187,1.09417536351125,1413.84727711675,2568.0295781609
p130,1277.30595238095,2347,2038,1.12307470120283,1.10833431450413,1434.51000081484,2601.2606361412
p130,1277.30595238095,2347,2039,1.13948791825877,1.12267648648691,1455.4747006581,2634.92171378477
p130,1277.30595238095,2347,2040,1.15614100688677,1.13720425039307,1476.74578988818,2669.01837567253
p130,1277.30595238095,2347,2041,1.16183103418905,1.14215990576852,1484.01369563059,2680.64929883871
p130,1277.30595238095,2347,2042,1.16754906535115,1.14713715666667,1491.31737086985,2692.33090669667
p130,1277.30595238095,2347,2043,1.17329523819601,1.15213609719547,1498.65699164799,2704.06342011776
p130,1277.30595238095,2347,2044,1.17906969122483,1.15715682187298,1506.03273487345,2715.84706093588
p130,1277.30595238095,2347,2045,1.18487256362049,1.16219942562914,1513.44477832533,2727.68205195159
p130,1277.30595238095,2347,2046,1.19070399525085,1.16726400380758,1520.8933006577,2739.56861693638
p130,1277.30595238095,2347,2047,1.19656412667215,1.17235065216739,1528.37848140385,2751.50698063687
p130,1277.30595238095,2347,2048,1.20245309913237,1.177459466885,1535.9005009807,2763.49736877909
p130,1277.30595238095,2347,2049,1.20837105457467,1.1825905445559,1543.45954069307,2775.54000807269
p130,1277.30595238095,2347,2050,1.21431813564078,1.18774398219655,1551.05578273811,2787.6351262153
p131,6174.18228962818,11976,2023,1,1,6174.18228962818,11976
p131,6174.18228962818,11976,2024,1,1,6174.18228962818,11976
p131,6174.18228962818,11976,2025,1,1,6174.18228962818,11976
p131,6174.18228962818,11976,2026,1,1,6174.18228962818,11976
p131,6174.18228962818,11976,2027,1,1,6174.18228962818,11976
p131,6174.18228962818,11976,2028,1,1,6174.18228962818,11976
p131,6174.18228962818,11976,2029,1,1,6174.18228962818,11976
p131,6174.18228962818,11976,2030,1,1,6174.18228962818,11976
p131,6174.18228962818,11976,2031,1.01469003498508,1.01300714279763,6264.88124346708,12131.7735421444
p131,6174.18228962818,11976,2032,1.02959586709802,1.02618347135901,6356.91256811099,12289.5732529955
p131,6174.18228962818,11976,2033,1.04472066640619,1.03953118630754,6450.29583613363,12449.4254872191
p131,6174.18228962818,11976,2034,1.06006764954533,1.05305251689042,6545.05090763055,12611.3569422797
p131,6174.18228962818,11976,2035,1.0756400804037,1.06674972135102,6641.19793444278,12775.3946628998
p131,6174.18228962818,11976,2036,1.09144127081619,1.08062508730596,6738.75736444258,12941.5660455761
p131,6174.18228962818,11976,2037,1.10747458126864,1.09468093212724,6837.74994588221,13109.8988431558
p131,6174.18228962818,11976,2038,1.12374342161256,1.10891960332926,6938.19673180645,13280.4211694712
p131,6174.18228962818,11976,2039,1.1402512517903,1.12334347896085,7040.11908453006,13453.1615040351
p131,6174.18228962818,11976,2040,1.15700158257089,1.13795496800247,7143.53868018094,13628.1486967976
p131,6174.18228962818,11976,2041,1.16258395101107,1.14281645018137,7178.0052405385,13686.3698073721
p131,6174.18228962818,11976,2042,1.16819325358676,1.14769870120407,7212.63809715847,13744.8396456199
p131,6174.18228962818,11976,2043,1.17382962025133,1.15260180979759,7247.43805239671,13803.5592741359
p131,6174.18228962818,11976,2044,1.17949318158517,1.15752586506801,7282.40591248035,13862.5297600545
p131,6174.18228962818,11976,2045,1.18518406879871,1.1624709565021,7317.54248752644,13921.7521750692
p131,6174.18228962818,11976,2046,1.19090241373542,1.1674371739689,7352.84859156071,13981.2275954515
p131,6174.18228962818,11976,2047,1.19664834887495,1.1724246077214,7388.32504253649,14040.9571020714
p131,6174.18228962818,11976,2048,1.20242200733608,1.17743334839815,7423.9726623536,14100.9417804162
p131,6174.18228962818,11976,2049,1.20822352287992,1.18246348702492,7459.7922768774,14161.1827206105
p131,6174.18228962818,11976,2050,1.21405302991294,1.18751511501637,7495.78471595793,14221.6810174361
p132,3307.92599478147,6742,2023,1,1,3307.92599478147,6742
p132,3307.92599478147,6742,2024,1,1,3307.92599478147,6742
p132,3307.92599478147,6742,2025,1,1,3307.92599478147,6742
p132,3307.92599478147,6742,2026,1,1,3307.92599478147,6742
p132,3307.92599478147,6742,2027,1,1,3307.92599478147,6742
p132,3307.92599478147,6742,2028,1,1,3307.92599478147,6742
p132,3307.92599478147,6742,2029,1,1,3307.92599478147,6742
p132,3307.92599478147,6742,2030,1,1,3307.92599478147,6742
p132,3307.92599478147,6742,2031,1.01409530175193,1.01248054227571,3354.55220985097,6826.14381602283
p132,3307.92599478147,6742,2032,1.02838928103533,1.02511684848691,3401.83563549141,6911.33779249878
p132,3307.92599478147,6742,2033,1.04288473826998,1.037910862652,3449.78553528413,6997.59503599977
p132,3307.92599478147,6742,2034,1.05758451334837,1.05086455305174,3498.4113033834,7084.92881667486
p132,3307.92599478147,6742,2035,1.07249148619218,1.06397991253215,3547.72246635694,7173.35257029176
p132,3307.92599478147,6742,2036,1.08760857731644,1.07725895881101,3597.72868505234,7262.87990030386
p132,3307.92599478147,6742,2037,1.1029387484017,1.09070373478834,3648.43975648972,7353.524579943
p132,3307.92599478147,6742,2038,1.11848500287431,1.10431630886064,3699.86561578117,7445.30055433845
p132,3307.92599478147,6742,2039,1.13425038649483,1.11809877523913,3752.01633807719,7538.22194266223
p132,3307.92599478147,6742,2040,1.15023798795472,1.13205325427192,3804.90214054056,7632.30304030131
p132,3307.92599478147,6742,2041,1.15539931755784,1.13655105098788,3821.97543690234,7662.62718576029
p132,3307.92599478147,6742,2042,1.16058380699705,1.14106671804273,3839.12534428798,7693.07181304408
p132,3307.92599478147,6742,2043,1.16579156019481,1.14560032643768,3856.35220646525,7723.63740084285
p132,3307.92599478147,6742,2044,1.17102268153987,1.15015194745604,3873.65636874445,7754.32442974865
p132,3307.92599478147,6742,2045,1.17627727588943,1.15472165266434,3891.03817798539,7785.133382263
p132,3307.92599478147,6742,2046,1.18155544857117,1.15930951391345,3908.49798260426,7816.06474280447
p132,3307.92599478147,6742,2047,1.18685730538541,1.1639156033397,3926.03613258069,7847.11899771627
p132,3307.92599478147,6742,2048,1.19218295260721,1.16853999336605,3943.65297946473,7878.29663527392
p132,3307.92599478147,6742,2049,1.19753249698851,1.17318275670319,3961.34887638387,7909.59814569293
p132,3307.92599478147,6742,2050,1.20290604576027,1.17784396635071,3979.12417805019,7941.0240211365
p133,928.716030658839,1941,2023,1,1,928.716030658839,1941
p133,928.716030658839,1941,2024,1,1,928.716030658839,1941
p133,928.716030658839,1941,2025,1,1,928.716030658839,1941
p133,928.716030658839,1941,2026,1,1,928.716030658839,1941
p133,928.716030658839,1941,2027,1,1,928.716030658839,1941
p133,928.716030658839,1941,2028,1,1,928.716030658839,1941
p133,928.716030658839,1941,2029,1,1,928.716030658839,1941
p133,928.716030658839,1941,2030,1,1,928.716030658839,1941
p133,928.716030658839,1941,2031,1.01462085505428,1.01294588812808,942.294653129686,1966.1279688566
p133,928.716030658839,1941,2032,1.02945547951107,1.02605937227558,956.071806671517,1991.58124158689
p133,928.716030658839,1941,2033,1.04450699886184,1.03934262212182,970.050393978343,2017.36402953845
p133,928.716030658839,1941,2034,1.05977858429538,1.05279783543455,984.233360184046,2043.48059857846
p133,928.716030658839,1941,2035,1.07527345336599,1.06642723843357,998.623693482882,2069.93526979955
p133,928.716030658839,1941,2036,1.09099487067136,1.08023308615906,1013.22442575906,2096.73242023474
p133,928.716030658839,1941,2037,1.10694614854041,1.09421766284472,1028.03863322554,2123.87648358161
p133,928.716030658839,1941,2038,1.12313064773111,1.10838328229567,1043.06943707213,2151.3719509359
p133,928.716030658839,1941,2039,1.13955177813861,1.1227322882713,1058.32000412311,2179.2233715346
p133,928.716030658839,1941,2040,1.15621299951362,1.13726705487304,1073.79354750444,2207.43535350858
p133,928.716030658839,1941,2041,1.16190528966857,1.14222464613787,1079.08006862251,2217.05803815361
p133,928.716030658839,1941,2042,1.16762560421629,1.14720384860743,1084.39261644338,2226.72267014702
p133,928.716030658839,1941,2043,1.17337408112699,1.15220475648959,1089.73131910222,2236.4294323463
p133,928.716030658839,1941,2044,1.17915085905017,1.15722746440291,1095.09630536504,2246.17850840605
p133,928.716030658839,1941,2045,1.18495607731792,1.16227206737841,1100.48770463176,2255.97008278149
p133,928.716030658839,1941,2046,1.19078987594829,1.16733866086136,1105.90564693942,2265.8043407319
p133,928.716030658839,1941,2047,1.19665239564867,1.1724273407131,1111.35026296522,2275.68146832414
p133,928.716030658839,1941,2048,1.20254377781919,1.17753820321287,1116.82168402972,2285.60165243618
p133,928.716030658839,1941,2049,1.20846416455612,1.18267134505958,1122.32004210001,2295.56508076064
p133,928.716030658839,1941,2050,1.2144136986553,1.18782686337369,1127.84546979287,2305.57194180834
p134,1393.89856490541,2023,2023,1,1,1393.89856490541,2023
p134,1393.89856490541,2023,2024,1.00651588225812,1.00576942199729,1402.9810438341,2034.67154070052
p134,1393.89856490541,2023,2025,1.01307422123784,1.01157213022476,1412.1227031261,2046.41041944469
p134,1393.89856490541,2023,2026,1.01967529358216,1.01740831672472,1421.32392839368,2058.21702473412
p134,1393.89856490541,2023,2027,1.02631937773666,1.02327817464746,1430.58510776174,2070.09174731181
p134,1393.89856490541,2023,2028,1.03300675396121,1.02918189825762,1439.90663188414,2082.03498017516
p134,1393.89856490541,2023,2029,1.03973770434187,1.03511968294064,1449.28889396018,2094.0471185889
p134,1393.89856490541,2023,2030,1.04651251280269,1.04109172520922,1458.73228975122,2106.12856009825
p134,1393.89856490541,2023,2031,1.06174619107596,1.0545103628893,1479.96649203457,2133.27446412505
p134,1393.89856490541,2023,2032,1.07720162011753,1.06810195347336,1501.50979239561,2160.7702518766
p134,1393.89856490541,2023,2033,1.09288202786762,1.08186872615245,1523.3666902556,2188.62043300641
p134,1393.89856490541,2023,2034,1.10879068925438,1.09581293884968,1545.54175053216,2216.82957529291
p134,1393.89856490541,2023,2035,1.12493092687779,1.10993687859054,1568.03960459267,2245.40230538867
p134,1393.89856490541,2023,2036,1.14130611170365,1.12424286187801,1590.86495122149,2274.34330957921
p134,1393.89856490541,2023,2037,1.15791966376759,1.13873323507248,1614.02255760141,2303.65733455162
p134,1393.89856490541,2023,2038,1.17477505288941,1.1534103747766,1637.51726030923,2333.34918817306
p134,1393.89856490541,2023,2039,1.19187579939769,1.16827668822507,1661.35396632594,2363.42374027931
p134,1393.89856490541,2023,2040,1.20922547486512,1.18333461367945,1685.53765406156,2393.88592347352
p134,1393.89856490541,2023,2041,1.21512484921573,1.18844631316561,1693.76078350272,2404.22689153403
p134,1393.89856490541,2023,2042,1.2210530044831,1.19358009387152,1702.02403062244,2414.61252990208
p134,1393.89856490541,2023,2043,1.22701008107892,1.19873605118233,1710.32759114038,2425.04303154185
p134,1393.89856490541,2023,2044,1.2329962200999,1.20391428089524,1718.67166173105,2435.51859025107
p134,1393.89856490541,2023,2045,1.23901156333113,1.20911487922127,1727.05644002848,2446.03940066462
p134,1393.89856490541,2023,2046,1.24505625324939,1.21433794278704,1735.48212463084,2456.60565825818
p134,1393.89856490541,2023,2047,1.25113043302658,1.21958356863658,1743.94891510525,2467.2175593518
p134,1393.89856490541,2023,2048,1.25723424653307,1.22485185423311,1752.45701199238,2477.87530111359
p134,1393.89856490541,2023,2049,1.26336783834111,1.2301428974609,1761.00661681133,2488.57908156339
p134,1393.89856490541,2023,2050,1.26953135372829,1.235456796627,1769.59793206429,2499.32909957642
p14,516.172716894977,858,2023,1,1,516.172716894977,858
p14,516.172716894977,858,2024,1.03731272431572,1.03303817409801,535.432527179776,886.346753376096
p14,516.172716894977,858,2025,1.0760176880273,1.06716786914376,555.410973456105,915.630031725344
p14,516.172716894977,858,2026,1.1161668393795,1.10242514699634,576.134869990598,945.880776122856
p14,516.172716894977,858,2027,1.15781406494762,1.13884726093283,597.632031563231,977.130949880367
p14,516.172716894977,858,2028,1.20101526196188,1.17647269501057,619.931310799194,1009.41357231907
p14,516.172716894977,858,2029,1.24582841333043,1.21534120472989,643.062636893728,1042.76275365825
p14,516.172716894977,858,2030,1.29231366546172,1.25549385904025,667.057055781884,1077.21373105653
p14,516.172716894977,858,2031,1.31266479762489,1.27300015670996,677.561754962437,1092.23413445715
p14,516.172716894977,858,2032,1.33333641589867,1.29075055788993,688.231880329426,1107.46397866956
p14,516.172716894977,858,2033,1.3543335672429,1.30874846629949,699.070036985835,1122.90618408497
p14,516.172716894977,858,2034,1.37566137809611,1.32699733311859,710.078871059356,1138.56371181575
p14,516.172716894977,858,2035,1.39732505562706,1.34550065764958,721.261070348443,1154.43956426334
p14,516.172716894977,858,2036,1.41932988900612,1.36426198798824,732.619364978538,1170.53678569391
p14,516.172716894977,858,2037,1.44168125069662,1.3832849217041,744.156528068622,1186.85846282212
p14,516.172716894977,858,2038,1.46438459776647,1.40257310653034,755.875376408278,1203.40772540303
p14,516.172716894977,858,2039,1.48744547322058,1.42213024106322,767.778771145403,1220.18774683225
p14,516.172716894977,858,2040,1.51086950735413,1.44196007547132,779.869618484756,1237.2017447544
p14,516.172716894977,858,2041,1.52146929212541,1.45091748446989,785.340938188652,1244.88720167517
p14,516.172716894977,858,2042,1.53214344164935,1.45993053660126,790.850642948965,1252.62040040388
p14,516.172716894977,858,2043,1.54289247764562,1.46899957751875,796.399002063163,1260.40163751109
p14,516.172716894977,858,2044,1.55371692549414,1.47812495502288,801.986286718024,1268.23121140963
p14,516.172716894977,858,2045,1.56461731426073,1.48730701907469,807.612770002885,1276.10942236608
p14,516.172716894977,858,2046,1.57559417672295,1.49654612180916,813.278726922992,1284.03657251226
p14,516.172716894977,858,2047,1.58664804939618,1.50584261754875,818.984434412944,1292.01296585682
p14,516.172716894977,858,2048,1.59777947255981,1.51519686281691,824.730171350221,1300.03890829691
p14,516.172716894977,858,2049,1.60898899028366,1.52460921635185,830.516218568824,1308.11470762988
p14,516.172716894977,858,2050,1.62027715045458,1.53408003912021,836.342858872995,1316.24067356514
p15,1841.80262557078,3058,2023,1,1,1841.80262557078,3058
p15,1841.80262557078,3058,2024,1.00847879083283,1.0075074595279,1857.41888478836,3080.95781123631
p15,1841.80262557078,3058,2025,1.01702947155966,1.01507128100436,1873.16755100143,3104.08797731132
p15,1841.80262557078,3058,2026,1.02565265171984,1.02269188756443,1889.04974686123,3127.39179217202
p15,1841.80262557078,3058,2027,1.03434894602091,1.03036970551983,1905.06660453769,3150.87055947963
p15,1841.80262557078,3058,2028,1.04311897438239,1.03810516438279,1921.21926580018,3174.52559268256
p15,1841.80262557078,3058,2029,1.05196336197994,1.04589869689009,1937.50888209891,3198.3582150899
p15,1841.80262557078,3058,2030,1.06088273928997,1.05375073902727,1953.93661464699,3222.3697599454
p15,1841.80262557078,3058,2031,1.07937022301066,1.07001024670387,1987.98691070395,3272.09133442043
p15,1841.80262557078,3058,2032,1.09817987905225,1.08652064064805,2022.63058458743,3322.58011910175
p15,1841.80262557078,3058,2033,1.11731732175393,1.10328579206679,2057.8779768021,3373.84795214024
p15,1841.80262557078,3058,2034,1.13678826329323,1.12030963190025,2093.73960805152,3425.90685435095
p15,1841.80262557078,3058,2035,1.156598515391,1.13759615174351,2130.2261823784,3478.76903203164
p15,1841.80262557078,3058,2036,1.17675399104608,1.15514940478247,2167.34859035957,3532.44687982478
p15,1841.80262557078,3058,2037,1.19726070630029,1.1729735067442,2205.11791235659,3586.95298362377
p15,1841.80262557078,3058,2038,1.21812478203401,1.19107263686197,2243.54542182306,3642.3001235239
p15,1841.80262557078,3058,2039,1.23935244579324,1.20945103885514,2282.64258866955,3698.50127681901
p15,1841.80262557078,3058,2040,1.26095003364836,1.22811302192419,2322.4210826871,3755.56962104417
p15,1841.80262557078,3058,2041,1.27680357886525,1.24178482934678,2351.62018389219,3797.37800814245
p15,1841.80262557078,3058,2042,1.29285644593412,1.25560883637548,2381.18639660756,3839.65182163623
p15,1841.80262557078,3058,2043,1.30911114086859,1.26958673735249,2411.12433641573,3882.39624282391
p15,1841.80262557078,3058,2044,1.32557020118969,1.28372024548203,2441.43867692955,3925.61651068404
p15,1841.80262557078,3058,2045,1.34223619632189,1.29801109304035,2472.13415052178,3969.31792251739
p15,1841.80262557078,3058,2046,1.35911172799428,1.31246103158805,2503.21554906391,4013.50583459625
p15,1841.80262557078,3058,2047,1.37619943064673,1.32707183218473,2534.68772467415,4058.18566282091
p15,1841.80262557078,3058,2048,1.39350197184108,1.3418452856061,2566.55559047496,4103.36288338346
p15,1841.80262557078,3058,2049,1.41102205267767,1.35678320256343,2598.82412136,4149.04303343896
p15,1841.80262557078,3058,2050,1.42876240821693,1.3718874139255,2631.49835477077,4195.23171178417
p16,675.349934768428,1122,2023,1,1,675.349934768428,1122
p16,675.349934768428,1122,2024,1.06317740588067,1.05593979460961,718.016791708775,1184.76444955198
p16,675.349934768428,1122,2025,1.13034619637515,1.11500884984018,763.379229987695,1251.03992952068
p16,675.349934768428,1122,2026,1.20175853680921,1.17738221588814,811.607549441499,1321.02284622649
p16,675.349934768428,1122,2027,1.27768252365976,1.24324473522193,862.882809008379,1394.920592919
p16,675.349934768428,1122,2028,1.35840319104365,1.31279159035972,917.397506460552,1472.9521643836
p16,675.349934768428,1122,2029,1.44422358079381,1.38622888228966,975.356301080122,1555.348805929
p16,675.349934768428,1122,2030,1.53546588014005,1.46377424124685,1036.97678199173,1642.35469867897
p16,675.349934768428,1122,2031,1.56222369173547,1.48636046361508,1055.04766830724,1667.69644017612
p16,675.349934768428,1122,2032,1.58944779860365,1.50929519426177,1073.43346710479,1693.4292079617
p16,675.349934768428,1122,2033,1.61714632664383,1.53258381071389,1092.13966620991,1719.55903562098
p16,675.349934768428,1122,2034,1.64532754336134,1.55623177347435,1111.17184908178,1746.09204983822
p16,675.349934768428,1122,2035,1.67399986033526,1.58024462730231,1130.53569647978,1773.03447183319
p16,675.349934768428,1122,2036,1.70317183572916,1.60462800251326,1150.23698815911,1800.39261881988
p16,675.349934768428,1122,2037,1.73285217684551,1.62938761629918,1170.28160459595,1828.17290548768
p16,675.349934768428,1122,2038,1.76304974272469,1.65452927406905,1190.67552874261,1856.38184550547
p16,675.349934768428,1122,2039,1.79377354678922,1.68005887081003,1211.42484781343,1885.02605304885
p16,675.349934768428,1122,2040,1.82503275953412,1.7059823924697,1232.53575510161,1914.112244351
p16,675.349934768428,1122,2041,1.84797834707012,1.72497401809356,1248.03205614727,1935.42084830098
p16,675.349934768428,1122,2042,1.87121242257139,1.74417706550315,1263.72318752146,1956.96666749454
p16,675.349934768428,1122,2043,1.8947386131103,1.76359388832382,1279.61159876726,1978.75234269933
p16,675.349934768428,1122,2044,1.91856059136128,1.78322686638234,1295.69977022512,2000.78054408098
p16,675.349934768428,1122,2045,1.9426820761742,1.80307840599859,1311.99021342004,2023.05397153042
p16,675.349934768428,1122,2046,1.96710683315491,1.82315094028051,1328.4854714537,2045.57535499473
p16,675.349934768428,1122,2047,1.99183867525309,1.84344692942227,1345.18811940141,2068.34745481179
p16,675.349934768428,1122,2048,2.01688146335749,1.86396886100585,1362.10076471413,2091.37306204856
p16,675.349934768428,1122,2049,2.04223910689864,1.88471925030589,1379.22604762553,2114.65499884321
p16,675.349934768428,1122,2050,2.06791556445918,1.90570064059801,1396.56664156412,2138.19611875097
p17,937.035779517286,1385,2023,1,1,937.035779517286,1385
p17,937.035779517286,1385,2024,1,1,937.035779517286,1385
p17,937.035779517286,1385,2025,1,1,937.035779517286,1385
p17,937.035779517286,1385,2026,1,1,937.035779517286,1385
p17,937.035779517286,1385,2027,1,1,937.035779517286,1385
p17,937.035779517286,1385,2028,1,1,937.035779517286,1385
p17,937.035779517286,1385,2029,1,1,937.035779517286,1385
p17,937.035779517286,1385,2030,1,1,937.035779517286,1385
p17,937.035779517286,1385,2031,1.01713020998575,1.01516777105461,953.087399184574,1406.00736291063
p17,937.035779517286,1385,2032,1.03455386406565,1.03056560338798,969.413986467374,1427.33336069236
p17,937.035779517286,1385,2033,1.05227598899866,1.04619698651693,986.020251618679,1448.98282632594
p17,937.035779517286,1385,2034,1.07030169765316,1.06206546288644,1002.9109855791,1470.96066609772
p17,937.035779517286,1385,2035,1.08863619048206,1.07817462867251,1020.09106135909,1493.27186071142
p17,937.035779517286,1385,2036,1.1072847570231,1.0945281345971,1037.56543544475,1515.92146641698
p17,937.035779517286,1385,2037,1.12625277742492,1.1111296867555,1055.33914922787,1538.91461615636
p17,937.035779517286,1385,2038,1.14554572399924,1.12798304745618,1073.41733046032,1562.25652072681
p17,937.035779517286,1385,2039,1.16516916279962,1.14509203607348,1091.80519473344,1585.95246996177
p17,937.035779517286,1385,2040,1.18512875522729,1.1624605299131,1110.50804698276,1610.00783392964
p17,937.035779517286,1385,2041,1.19491346940549,1.17095859204719,1119.67667426008,1621.77764998536
p17,937.035779517286,1385,2042,1.20477896858796,1.17951877849275,1128.92099997685,1633.63350821247
p17,937.035779517286,1385,2043,1.21472591975554,1.18814154340393,1138.24164911799,1645.57603761444
p17,937.035779517286,1385,2044,1.22475499539584,1.1968273442549,1147.63925182843,1657.60587179304
p17,937.035779517286,1385,2045,1.23486687354867,1.20557664186419,1157.11444345575,1669.7236489819
p17,937.035779517286,1385,2046,1.24506223785192,1.21438990041908,1166.66786459311,1681.93001208042
p17,937.035779517286,1385,2047,1.25534177758777,1.22326758750024,1176.30016112257,1694.22560868783
p17,937.035779517286,1385,2048,1.26570618772926,1.23221017410658,1186.01198425874,1706.61109113761
p17,937.035779517286,1385,2049,1.27615616898732,1.24121813468018,1195.80399059283,1719.08711653204
p17,937.035779517286,1385,2050,1.28669242785811,1.25029194713148,1205.67684213701,1731.6543467771
p18,508.291373124592,752,2023,1,1,508.291373124592,752
p18,508.291373124592,752,2024,1.04343228352974,1.03845667586714,530.367628157858,780.91942025209
p18,508.291373124592,752,2025,1.08875093031208,1.07839226765303,553.402705359003,810.950985275081
p18,508.291373124592,752,2026,1.13603786941065,1.1198636495478,577.438248564278,842.137464459944
p18,508.291373124592,752,2027,1.18537858825541,1.16292988293385,602.517710296835,874.523271966256
p18,508.291373124592,752,2028,1.2368622871906,1.20765230049805,628.686430322134,908.154529974534
p18,508.291373124592,752,2029,1.2905820407351,1.25409459357851,655.991717615182,943.079134371041
p18,508.291373124592,752,2030,1.34663496584669,1.3023229028705,684.482935887803,979.346822958613
p18,508.291373124592,752,2031,1.36970310558579,1.32207623850041,696.208272311221,994.201331352308
p18,508.291373124592,752,2032,1.3931664074026,1.34212918820272,708.134466209725,1009.28114952845
p18,508.291373124592,752,2033,1.4170316405065,1.36248629645509,720.264958314041,1024.58969493423
p18,508.291373124592,752,2034,1.44130569006482,1.38315217666476,732.603248295335,1040.1304368519
p18,508.291373124592,752,2035,1.46599555918928,1.4041315122141,745.152895774873,1055.906897185
p18,508.291373124592,752,2036,1.49110837095636,1.42542905752192,757.917521350984,1071.92265125649
p18,508.291373124592,752,2037,1.51665137046235,1.447049639121,770.900807643602,1088.18132861899
p18,508.291373124592,752,2038,1.54263192691354,1.46899815675184,784.106500356717,1104.68661387739
p18,508.291373124592,752,2039,1.56905753575228,1.4912795844731,797.538409359016,1121.44224752377
p18,508.291373124592,752,2040,1.59593582081943,1.5138989717888,811.200409783033,1138.45202678518
p18,508.291373124592,752,2041,1.60911225906262,1.52496619273604,817.897879670552,1146.7745769375
p18,508.291373124592,752,2042,1.62239748521726,1.53611431959695,824.650645514968,1155.1579683369
p18,508.291373124592,752,2043,1.6357923974631,1.54734394382684,831.459163853287,1163.60264575778
p18,508.291373124592,752,2044,1.64929790139544,1.55865566120483,838.323894991796,1172.10905722603
p18,508.291373124592,752,2045,1.66291491008642,1.57005007186544,845.245303037185,1180.67765404281
p18,508.291373124592,752,2046,1.67664434414673,1.58152778033038,852.223855927921,1189.30889080845
p18,508.291373124592,752,2047,1.69048713178783,1.5930893955407,859.260025465889,1198.00322544661
p18,508.291373124592,752,2048,1.70444420888474,1.60473553088904,866.354287348284,1206.76111922856
p18,508.291373124592,752,2049,1.71851651903929,1.61646680425219,873.507121199773,1215.58303679765
p18,508.291373124592,752,2050,1.7327050136439,1.62828383802387,880.719010604924,1224.46944619395
p19,12.5098336594912,18,2023,1,1,12.5098336594912,18
p19,12.5098336594912,18,2024,1.03693845131644,1.03270677785887,12.971927541099,18.5887220014596
p19,12.5098336594912,18,2025,1.07524135181853,1.06648328903564,13.4510904550563,19.1966992026416
p19,12.5098336594912,18,2026,1.1149591021461,1.10136452106033,13.9479529049834,19.8245613790859
p19,12.5098336594912,18,2027,1.15614396466054,1.13738660579229,14.463168684328,20.4729589042612
p19,12.5098336594912,18,2028,1.19885013221395,1.17458685684759,14.9974157366555,21.1425634232566
p19,12.5098336594912,18,2029,1.24313379945844,1.21300380825045,15.5513970477163,21.834068548508
p19,12.5098336594912,18,2030,1.28905323678955,1.25267725434885,16.125841570466,22.5481905782794
p19,12.5098336594912,18,2031,1.30138442810311,1.26328767133262,16.280102722622,22.7391780839872
p19,12.5098336594912,18,2032,1.3138335806264,1.2739879605865,16.43583954989,22.9317832905571
p19,12.5098336594912,18,2033,1.32640182278624,1.28477888334589,16.5930661687018,23.1260199002261
p19,12.5098336594912,18,2034,1.33909029380406,1.29566120729399,16.751796830528,23.3219017312919
p19,12.5098336594912,18,2035,1.35190014379921,1.30663570661643,16.9120459231704,23.5194427190957
p19,12.5098336594912,18,2036,1.36483253389316,1.31770316205633,17.0738279720653,23.7186569170139
p19,12.5098336594912,18,2037,1.37788863631475,1.32886436096986,17.2371576416007,23.9195584974575
p19,12.5098336594912,18,2038,1.3910696345065,1.34012009738226,17.4020497364455,24.1221617528807
p19,12.5098336594912,18,2039,1.40437672323179,1.3514711720443,17.568519202891,24.3264810967974
p19,12.5098336594912,18,2040,1.41781110868326,1.36291839248927,17.7365811302063,24.5325310648069
p19,12.5098336594912,18,2041,1.42620717962229,1.37006478152938,17.841614581047,24.6611660675289
p19,12.5098336594912,18,2042,1.43465297087088,1.37724864227477,17.9472700246896,24.7904755609459
p19,12.5098336594912,18,2043,1.44314877686546,1.38447017120629,18.0535511444851,24.9204630817133
p19,12.5098336594912,18,2044,1.45169489378607,1.39172956583505,18.1604616455965,25.051132185031
p19,12.5098336594912,18,2045,1.46029161956669,1.39902702470779,18.2680052551283,25.1824864447402
p19,12.5098336594912,18,2046,1.46893925390561,1.40636274741232,18.3761857222563,25.3145294534217
p19,12.5098336594912,18,2047,1.47763809827592,1.41373693458296,18.4850068183587,25.4472648224933
p19,12.5098336594912,18,2048,1.48638845593595,1.42114978790609,18.5944723371467,25.5806961823095
p19,12.5098336594912,18,2049,1.49519063193991,1.42860151012557,18.7045860947978,25.7148271822602
p19,12.5098336594912,18,2050,1.50404493314849,1.43609230504837,18.8153519300882,25.8496614908707
p2,3073.8357469015,5280,2023,1,1,3073.8357469015,5280
p2,3073.8357469015,5280,2024,1,1,3073.8357469015,5280
p2,3073.8357469015,5280,2025,1,1,3073.8357469015,5280
p2,3073.8357469015,5280,2026,1,1,3073.8357469015,5280
p2,3073.8357469015,5280,2027,1,1,3073.8357469015,5280
p2,3073.8357469015,5280,2028,1,1,3073.8357469015,5280
p2,3073.8357469015,5280,2029,1,1,3073.8357469015,5280
p2,3073.8357469015,5280,2030,1,1,3073.8357469015,5280
p2,3073.8357469015,5280,2031,1.01694436485358,1.0150032163633,3125.91994129699,5359.21698239823
p2,3073.8357469015,5280,2032,1.03417584120746,1.03023152922785,3178.88666928542,5439.62247432304
p2,3073.8357469015,5280,2033,1.05169929398364,1.04568831576515,3232.75088483799,5521.23430723998
p2,3073.8357469015,5280,2034,1.06951967053716,1.06137700381515,3287.52779531143,5604.07058014399
p2,3073.8357469015,5280,2035,1.08764200205283,1.07730107264642,3343.23286574149,5688.1496635731
p2,3073.8357469015,5280,2036,1.10607140496569,1.09346405372775,3399.88182320911,5773.49020368253
p2,3073.8357469015,5280,2037,1.12481308240555,1.10986953151132,3457.49066128063,5860.11112637979
p2,3073.8357469015,5280,2038,1.14387232566591,1.12652114422762,3516.07564452324,5948.03164152185
p2,3073.8357469015,5280,2039,1.16325451569791,1.14342258469231,3575.65331309684,6037.27124717537
p2,3073.8357469015,5280,2040,1.18296512462948,1.16057760112513,3636.24048742388,6127.84973394069
p2,3073.8357469015,5280,2041,1.19235540691265,1.1687347796874,3665.10467277938,6170.91963674947
p2,3073.8357469015,5280,2042,1.20182022850346,1.17694929139312,3694.19797972326,6214.2922585557
p2,3073.8357469015,5280,2043,1.21136018108896,1.18522153921121,3723.52222700432,6257.96972703521
p2,3073.8357469015,5280,2044,1.22097586105296,1.19355192894286,3753.07924780844,6301.95418481831
p2,3073.8357469015,5280,2045,1.23066786951333,1.20194086924146,3782.87088987317,6346.24778959491
p2,3073.8357469015,5280,2046,1.24043681235953,1.21038877163264,3812.89901560326,6390.85271422032
p2,3073.8357469015,5280,2047,1.25028330029055,1.21889605053445,3843.16550218708,6435.77114682192
p2,3073.8357469015,5280,2048,1.26020794885307,1.22746312327773,3873.67224171397,6481.00529090641
p2,3073.8357469015,5280,2049,1.27021137847989,1.23609041012651,3904.42114129253,6526.55736546798
p2,3073.8357469015,5280,2050,1.2802942145288,1.2447783342987,3935.41412316981,6572.42960509711
p20,261.930740378343,387,2023,1,1,261.930740378343,387
p20,261.930740378343,387,2024,1.04188714892197,1.03708855206722,272.902272307813,401.353269650015
p20,261.930740378343,387,2025,1.08552883108875,1.07555266482889,284.333370429115,416.238881288779
p20,261.930740378343,387,2026,1.13099853889566,1.11544335583943,296.243284659765,431.67657870986
p20,261.930740378343,387,2027,1.17837284312492,1.15681353482052,308.652071241442,447.686837975541
p20,261.930740378343,387,2028,1.22773152189049,1.19971807383878,321.580626514607,464.290894575607
p20,261.930740378343,387,2029,1.27915769498412,1.24421388008633,335.050722107845,481.510771593411
p20,261.930740378343,387,2030,1.3327379638486,1.29035997136068,349.085041601191,499.369308916581
p20,261.930740378343,387,2031,1.35556804502531,1.30993185598431,355.064941666702,506.943628265926
p20,261.930740378343,387,2032,1.37878921028656,1.32980060247301,361.147278676029,514.632833157057
p20,261.930740378343,387,2033,1.40240815898485,1.34997071355961,367.33380739553,522.438666147568
p20,261.930740378343,387,2034,1.42643170523398,1.37044676027331,373.626312651079,530.362896225769
p20,261.930740378343,387,2035,1.45086677987496,1.39123338297566,380.026609842991,538.407319211581
p20,261.930740378343,387,2036,1.47572043247556,1.41233529241217,386.536545469773,546.573758163508
p20,261.930740378343,387,2037,1.50099983336412,1.43375727077982,393.157997660835,554.864063791789
p20,261.930740378343,387,2038,1.52671227569822,1.45550417281089,399.89287671834,563.280114877813
p20,261.930740378343,387,2039,1.55286517756875,1.47758092687311,406.743125668329,571.823818699894
p20,261.930740378343,387,2040,1.57946608414005,1.49999253608658,413.710720821286,580.497111465506
p20,261.930740378343,387,2041,1.59250654419075,1.51095809529855,417.126418177239,584.740782880538
p20,261.930740378343,387,2042,1.60565466948354,1.52200381723529,420.570316369769,589.015477270057
p20,261.930740378343,387,2043,1.61891134892913,1.53313028791912,424.042648231909,593.3214214247
p20,261.930740378343,387,2044,1.63227747877726,1.54433809765643,427.543648519022,597.658843793038
p20,261.930740378343,387,2045,1.64575396267735,1.55562784106898,431.073553924669,602.027974493694
p20,261.930740378343,387,2046,1.65934171173956,1.56700011712545,434.63260309661,606.429045327549
p20,261.930740378343,387,2047,1.67304164459641,1.57845552917325,438.221036652939,610.862289790049
p20,261.930740378343,387,2048,1.68685468746488,1.5899946849705,441.839097198354,615.327943083583
p20,261.930740378343,387,2049,1.700781774209,1.60161819671826,445.487029340555,619.826242129968
p20,261.930740378343,387,2050,1.71482384640304,1.61332668109306,449.165079706785,624.357425583014
p21,895.619161774299,1183,2023,1,1,895.619161774299,1183
p21,895.619161774299,1183,2024,1.03482479416723,1.03083526152873,926.808914735317,1219.47811438848
p21,895.619161774299,1183,2025,1.07086235462325,1.062621336411,959.084844423329,1257.08104097421
p21,895.619161774299,1183,2026,1.10815491570444,1.09538754322523,992.484776719283,1295.84346363545
p21,895.619161774299,1183,2027,1.14674618254926,1.12916410459589,1027.04785478264,1335.80113573694
p21,895.619161774299,1183,2028,1.18668138231859,1.16398217506995,1062.81458492534,1376.99091310775
p21,895.619161774299,1183,2029,1.22800731719992,1.19987386985301,1099.8268840833,1419.45078803611
p21,895.619161774299,1183,2030,1.27077241925726,1.23687229443141,1138.12812894109,1463.21992431236
p21,895.619161774299,1183,2031,1.2910378468867,1.25433742881626,1156.27823424756,1483.88117828963
p21,895.619161774299,1183,2032,1.31162645398619,1.27204917792475,1174.7177852801,1504.83417748498
p21,895.619161774299,1183,2033,1.3325433944055,1.29001102405601,1193.45139792533,1526.08304145826
p21,895.619161774299,1183,2034,1.35379390418458,1.3082264986806,1212.48376168095,1547.63194793915
p21,895.619161774299,1183,2035,1.37538330286422,1.32669918313488,1231.81964082961,1569.48513364856
p21,895.619161774299,1183,2036,1.39731699481767,1.34543270932512,1251.46387563158,1591.64689513162
p21,895.619161774299,1183,2037,1.41960047060353,1.36443076044158,1271.42138353633,1614.12158960239
p21,895.619161774299,1183,2038,1.44223930834015,1.38369707168261,1291.69716041355,1636.91363580053
p21,895.619161774299,1183,2039,1.46523917510196,1.40323543098911,1312.29628180368,1660.02751486012
p21,895.619161774299,1183,2040,1.4886058283381,1.42304967978921,1333.22390418851,1683.46777119063
p21,895.619161774299,1183,2041,1.50185003903006,1.43426019328641,1345.0856730668,1696.72980865782
p21,895.619161774299,1183,2042,1.51521208421755,1.44555902106712,1357.05297677721,1710.0963219224
p21,895.619161774299,1183,2043,1.52869301228081,1.45694685885439,1369.12675426917,1723.56813402474
p21,895.619161774299,1183,2044,1.54229388092752,1.46842440785205,1381.30795284594,1737.14607448898
p21,895.619161774299,1183,2045,1.55601575727589,1.47999237478788,1393.59752823903,1750.83097937406
p21,895.619161774299,1183,2046,1.5698597179383,1.49165147195712,1405.99644468314,1764.62369132527
p21,895.619161774299,1183,2047,1.58382684910586,1.50340241726633,1418.50567499182,1778.52505962607
p21,895.619161774299,1183,2048,1.59791824663353,1.51524593427761,1431.12620063378,1792.53594025042
p21,895.619161774299,1183,2049,1.6121350161262,1.52718275225316,1443.85901180994,1806.65719591548
p21,895.619161774299,1183,2050,1.62647827302537,1.53921360620012,1456.70510753109,1820.88969613475
p22,158.439285714286,210,2023,1,1,158.439285714286,210
p22,158.439285714286,210,2024,1.02048584170566,1.01813898119818,161.685047841386,213.809186051619
p22,158.439285714286,210,2025,1.04139135312171,1.03660698503528,164.997302137637,217.687466857408
p22,158.439285714286,210,2026,1.0627251315354,1.05540997964674,168.377410751089,221.636095725815
p22,158.439285714286,210,2027,1.08449595035666,1.07455404142393,171.826763734545,225.656348699025
p22,158.439285714286,210,2028,1.1067127627261,1.09404535697775,175.346779617206,229.749524965328
p22,158.439285714286,210,2029,1.12938470519693,1.11389022513793,178.938905988041,233.916947278966
p22,158.439285714286,210,2030,1.15252110149239,1.13409505898855,182.604620091096,238.159962387596
p22,158.439285714286,210,2031,1.17204224269156,1.1511035135261,185.69753575902,241.731737840481
p22,158.439285714286,210,2032,1.19189402855591,1.16836705031929,188.84283853152,245.357080567051
p22,158.439285714286,210,2033,1.21208205946983,1.18588949493363,192.041415729501,249.036793936063
p22,158.439285714286,210,2034,1.23261203067578,1.20367473030811,195.294169703106,252.771693364703
p22,158.439285714286,210,2035,1.25348973388092,1.22172669761559,198.602018086283,256.562606499275
p22,158.439285714286,210,2036,1.27472105889103,1.24004939713625,201.965894055653,260.410373398612
p22,158.439285714286,210,2037,1.2963119952721,1.25864688914395,205.386746593772,264.315846720229
p22,158.439285714286,210,2038,1.31826863404002,1.27752329480603,208.865540756849,268.279891909267
p22,158.439285714286,210,2039,1.34059716937895,1.29668279709656,212.403257946994,272.303387390278
p22,158.439285714286,210,2040,1.3633039003887,1.31612964172325,216.000896189085,276.387224761882
p22,158.439285714286,210,2041,1.37847704574716,1.32909966303099,218.404918501719,279.110929236508
p22,158.439285714286,210,2042,1.3938190634605,1.34219749959902,220.835696829636,281.861474915794
p22,158.439285714286,210,2043,1.40933183302512,1.35542441100435,223.293528958905,284.639126310913
p22,158.439285714286,210,2044,1.42501725485564,1.36878166923671,225.77871598986,287.444150539709
p22,158.439285714286,210,2045,1.44087725051771,1.38227055882087,228.29156237399,290.276817352383
p22,158.439285714286,210,2046,1.45691376296337,1.39589237694017,230.832375951229,293.137399157436
p22,158.439285714286,210,2047,1.47312875676914,1.40964843356126,233.401467987677,296.026171047864
p22,158.439285714286,210,2048,1.48952421837665,1.42354005156006,235.999153213726,298.943410827612
p22,158.439285714286,210,2049,1.50610215633599,1.43756856684901,238.62574986262,301.889399038292
p22,158.439285714286,210,2050,1.52286460155181,1.45173532850553,241.28157970944,304.864418986162
p23,118.717041748206,157,2023,1,1,118.717041748206,157
p23,118.717041748206,157,2024,1.13232309172166,1.11716414230429,134.426047752379,175.394770341773
p23,118.717041748206,157,2025,1.28215558404611,1.24805572085047,152.213717998897,195.944748173524
p23,118.717041748206,157,2026,1.45181437499528,1.39428309893188,172.355107766961,218.902446532305
p23,118.717041748206,157,2027,1.64392294170061,1.55764308234759,195.161668500705,244.549963928572
p23,118.717041748206,157,2028,1.86145190789861,1.74014299810706,220.986063862277,273.202450702808
p23,118.717041748206,157,2029,2.10776497944294,1.94402535996708,250.227623059934,305.211981514832
p23,118.717041748206,157,2030,2.38667095814548,2.17179542388541,283.338515777388,340.971881550009
p23,118.717041748206,157,2031,2.42709584989764,2.20436666510478,288.137639339195,346.08556642145
p23,118.717041748206,157,2032,2.46820544930403,2.23742638960527,293.018049368176,351.275943168027
p23,118.717041748206,157,2033,2.51001135378771,2.27098192335626,297.981122676086,356.544161966932
p23,118.717041748206,157,2034,2.55252535720626,2.30504070219747,303.02825939481,361.891390245003
p23,118.717041748206,157,2035,2.59575945317895,2.33961027348675,308.160883371346,367.31881293742
p23,118.717041748206,157,2036,2.63972583847026,2.37469829777255,313.380442569492,372.82763275029
p23,118.717041748206,157,2037,2.68443691643069,2.41031255049144,318.688409478328,378.419070427156
p23,118.717041748206,157,2038,2.72990530049589,2.4464609236912,324.086281527619,384.094365019518
p23,118.717041748206,157,2039,2.77614381774501,2.48315142777963,329.575581510259,389.854774161403
p23,118.717041748206,157,2040,2.82316551251938,2.52039219329969,335.157858011859,395.701574348051
p23,118.717041748206,157,2041,2.85458646032143,2.54522982282695,338.888059983844,399.601082183831
p23,118.717041748206,157,2042,2.88635711342996,2.57031221895925,342.659777935296,403.539018376603
p23,118.717041748206,157,2043,2.91848136395548,2.59564179379035,346.473473926064,407.515761625085
p23,118.717041748206,157,2044,2.95096314732647,2.62122098318438,350.329615158574,411.531694359948
p23,118.717041748206,157,2045,2.98380644277151,2.6470522470101,354.228674035072,415.587202780586
p23,118.717041748206,157,2046,3.01701527380675,2.67313806937748,358.171128215491,419.682676892265
p23,118.717041748206,157,2047,3.05059370872879,2.69948095887655,362.157460675971,423.818510543619
p23,118.717041748206,157,2048,3.08454586111312,2.72608344881868,366.188159768023,427.995101464533
p23,118.717041748206,157,2049,3.11887589031803,2.75294809748017,370.263719278359,432.212851304386
p23,118.717041748206,157,2050,3.15358800199416,2.78007748834829,374.384638489382,436.472165670682
p24,735.659458577952,971,2023,1,1,735.659458577952,971
p24,735.659458577952,971,2024,1.07675305089669,1.06796021208803,792.12356644482,1036.98936593748
p24,735.659458577952,971,2025,1.15939713261534,1.14053901460312,852.92146685663,1107.46338317963
p24,735.659458577952,971,2026,1.24838439974445,1.21805028793022,918.38579161316,1182.72682958024
p24,735.659458577952,971,2027,1.34420171111667,1.30082924383185,988.874703019646,1263.10519576072
p24,735.659458577952,971,2028,1.44737329346543,1.38923387513298,1064.77385343097,1348.94609275412
p24,735.659458577952,971,2029,1.5584636095253,1.48364650392689,1146.49849519682,1440.62075531301
p24,735.659458577952,971,2030,1.67808044626784,1.58447543499743,1234.49575255165,1538.52564738251
p24,735.659458577952,971,2031,1.70637850427946,1.60813400245407,1255.31348658728,1561.4981163829
p24,735.659458577952,971,2032,1.73515376234964,1.63214582740005,1276.48227735964,1584.81359840544
p24,735.659458577952,971,2033,1.76441426767003,1.65651618449344,1298.00804486135,1608.47721514314
p24,735.659458577952,971,2034,1.79416820313487,1.6812504271508,1319.89680891597,1632.49416476343
p24,735.659458577952,971,2035,1.82442388962942,1.70635398872309,1342.15469086146,1656.86972305012
p24,735.659458577952,971,2036,1.85518978835695,1.73183238368929,1364.78791526202,1681.6092445623
p24,735.659458577952,971,2037,1.88647450320494,1.7576912088677,1387.80281164886,1706.71816381054
p24,735.659458577952,971,2038,1.91828678315128,1.78393614464545,1411.20581629031,1732.20199645073
p24,735.659458577952,971,2039,1.95063552471088,1.81057295622624,1435.00347399172,1758.06634049568
p24,735.659458577952,971,2040,1.98352977442374,1.83760749489683,1459.20243992581,1784.31687754482
p24,735.659458577952,971,2041,2.00589517081018,1.85595384628231,1475.65575532235,1802.13118474012
p24,735.659458577952,971,2042,2.02851274942347,1.87448336442679,1492.29459095934,1820.12334685841
p24,735.659458577952,971,2043,2.05138535375784,1.89319787803512,1509.12103868023,1838.2951395721
p24,735.659458577952,971,2044,2.07451585936947,1.9120992340696,1526.13721391512,1856.64835628158
p24,735.659458577952,971,2045,2.09790717423806,1.93118929793229,1543.34525594677,1875.18480829226
p24,735.659458577952,971,2046,2.12156223913238,1.95046995364911,1560.74732817955,1893.90632499328
p24,735.659458577952,971,2047,2.14548402797999,1.96994310405573,1578.3456184114,1912.81475403811
p24,735.659458577952,971,2048,2.16967554824114,1.98961067098543,1596.14233910889,1931.91196152685
p24,735.659458577952,971,2049,2.19413984128685,2.00947459545873,1614.1397276854,1951.19983219043
p24,735.659458577952,971,2050,2.21887998278129,2.02953683787495,1632.34004678234,1970.68026957657
p25,3762.20905088063,5844,2023,1,1,3762.20905088063,5844
p25,3762.20905088063,5844,2024,1.02860582040702,1.02532873415586,3869.8301273238,5992.02112240684
p25,3762.20905088063,5844,2025,1.05802993377521,1.05129901308566,3980.52979295171,6143.79143247257
p25,3762.20905088063,5844,2026,1.08829574804603,1.07792708630642,4094.39611333369,6299.40589237472
p25,3762.20905088063,5844,2027,1.11942734076437,1.10522961491487,4211.51967322693,6458.96186956253
p25,3762.20905088063,5844,2028,1.15144947823298,1.13322368201224,4331.9936486399,6622.55919767951
p25,3762.20905088063,5844,2029,1.18438763521508,1.16192680339305,4455.91388095726,6790.30023902897
p25,3762.20905088063,5844,2030,1.21826801520034,1.19135693850476,4583.37895318509,6962.2899486218
p25,3762.20905088063,5844,2031,1.23990285098849,1.21009012848491,4664.77372820158,7071.76671086581
p25,3762.20905088063,5844,2032,1.26192189297243,1.22911788375905,4747.61396724529,7182.96491268787
p25,3762.20905088063,5844,2033,1.2843319641483,1.24844483614442,4831.92533985403,7295.91162242797
p25,3762.20905088063,5844,2034,1.30714000867966,1.2680756902901,4917.7339714228,7410.63433405534
p25,3762.20905088063,5844,2035,1.33035309404926,1.28801522482224,5005.06645129918,7527.16097386115
p25,3762.20905088063,5844,2036,1.35397841324906,1.30826829350727,5093.9498410226,7645.51990725646
p25,3762.20905088063,5844,2037,1.37802328700906,1.32883982643344,5184.41168270976,7765.73994567705
p25,3762.20905088063,5844,2038,1.40249516606581,1.34973483121095,5276.48000758911,7887.85035359678
p25,3762.20905088063,5844,2039,1.42740163347111,1.37095839419085,5370.18334468679,8011.88085565135
p25,3762.20905088063,5844,2040,1.45275040694178,1.39251568170327,5465.55072966688,8137.86164387393
p25,3762.20905088063,5844,2041,1.47070707649121,1.40775599719463,5533.1074743694,8226.92604760543
p25,3762.20905088063,5844,2042,1.48888569881364,1.42316310952665,5601.49925180339,8316.96521207375
p25,3762.20905088063,5844,2043,1.5072890173484,1.43873884419868,5670.73638336113,8407.98980549709
p25,3762.20905088063,5844,2044,1.52591980944502,1.45448504668916,5740.82931801209,8500.01061285143
p25,3762.20905088063,5844,2045,1.54478088678232,1.47040358267425,5811.78863387984,8593.03853714834
p25,3762.20905088063,5844,2046,1.56387509579281,1.48649633824895,5883.62503983851,8687.08460072686
p25,3762.20905088063,5844,2047,1.58320531809221,1.50276522015048,5956.34937712884,8782.15994655943
p25,3762.20905088063,5844,2048,1.60277447091435,1.51921215598429,6029.97262099437,8878.27583957216
p25,3762.20905088063,5844,2049,1.62258550755143,1.53583909445236,6104.50588233774,8975.44366797959
p25,3762.20905088063,5844,2050,1.64264141779972,1.55264800558418,6179.9604093975,9073.67494463395
p26,166.420123939987,258,2023,1,1,166.420123939987,258
p26,166.420123939987,258,2024,1.03648543261763,1.03230565703708,172.492034158217,266.334859515565
p26,166.420123939987,258,2025,1.07430205202856,1.06565496955075,178.785480647575,274.938982144093
p26,166.420123939987,258,2026,1.11349842715883,1.10008165351691,185.308546254752,283.821066607362
p26,166.420123939987,258,2027,1.15412489899277,1.1356205141282,192.069608732601,292.990092645077
p26,166.420123939987,258,2028,1.1962336452273,1.1723074809819,199.077351499909,302.45533009333
p26,166.420123939987,258,2029,1.23987874728518,1.2101796444045,206.340774793755,312.22634825636
p26,166.420123939987,258,2030,1.28511625977328,1.24927529294988,213.869207228762,322.313025581068
p26,166.420123939987,258,2031,1.30793823236222,1.26891920540294,217.667242735567,327.381154993959
p26,166.420123939987,258,2032,1.33116549313336,1.28887200357451,221.532726351887,332.528976922223
p26,166.420123939987,258,2033,1.35480523947115,1.3091385444597,225.466855867333,337.757744470602
p26,166.420123939987,258,2034,1.37886479657613,1.32972376142623,229.470850342685,343.068730447967
p26,166.420123939987,258,2035,1.40335161973473,1.35063266541531,233.545950487635,348.46322767715
p26,166.420123939987,258,2036,1.42827329662944,1.37187034616142,237.693419045246,353.942549309645
p26,166.420123939987,258,2037,1.45363754969004,1.39344197343127,241.914541183236,359.508029145268
p26,166.420123939987,258,2038,1.47945223848646,1.41535279828227,246.210624892208,365.161021956827
p26,166.420123939987,258,2039,1.50572536216426,1.43760815434075,250.583001390958,370.902903819914
p26,166.420123939987,258,2040,1.53246506192328,1.46021345910028,255.033025538972,376.735072447873
p26,166.420123939987,258,2041,1.55140704162021,1.47619468939724,258.185352147804,380.858229864487
p26,166.420123939987,258,2042,1.57058315298105,1.49235082543842,261.376642977162,385.026512963113
p26,166.420123939987,258,2043,1.58999628998188,1.50868378147067,264.607379642904,389.240415619432
p26,166.420123939987,258,2044,1.60964938236967,1.52519549269117,267.878049713883,393.500437114323
p26,166.420123939987,258,2045,1.6295453961044,1.54188791547681,271.189146785529,397.807082193016
p26,166.420123939987,258,2046,1.64968733380671,1.55876302761589,274.541170554339,402.1608611249
p26,166.420123939987,258,2047,1.67007823521103,1.57582282854257,277.934626893295,406.562289763983
p26,166.420123939987,258,2048,1.69072117762432,1.59306933957367,281.370027928199,411.011889610007
p26,166.420123939987,258,2049,1.71161927639045,1.61050460414823,284.84789211497,415.510187870242
p26,166.420123939987,258,2050,1.73277568536044,1.62813068806958,288.368744317879,420.057717521952
p27,1189.90275603392,2360,2023,1,1,1189.90275603392,2360
p27,1189.90275603392,2360,2024,1,1,1189.90275603392,2360
p27,1189.90275603392,2360,2025,1,1,1189.90275603392,2360
p27,1189.90275603392,2360,2026,1,1,1189.90275603392,2360
p27,1189.90275603392,2360,2027,1,1,1189.90275603392,2360
p27,1189.90275603392,2360,2028,1,1,1189.90275603392,2360
p27,1189.90275603392,2360,2029,1,1,1189.90275603392,2360
p27,1189.90275603392,2360,2030,1,1,1189.90275603392,2360
p27,1189.90275603392,2360,2031,1.01731383926208,1.0153303637388,1210.50454108939,2396.17965842356
p27,1189.90275603392,2360,2032,1.03492744755415,1.03089574752996,1231.46302213983,2432.91396417071
p27,1189.90275603392,2360,2033,1.05284601502901,1.04669975431637,1252.78437496235,2470.21142018664
p27,1189.90275603392,2360,2034,1.07107482170094,1.06274604227535,1274.47488226049,2508.08065976984
p27,1189.90275603392,2360,2035,1.08961923900152,1.0790383256654,1296.5409355155,2546.53044857035
p27,1189.90275603392,2360,2036,1.10848473136246,1.09558037568596,1318.98903686971,2585.56968661886
p27,1189.90275603392,2360,2037,1.12767685782574,1.11237602135031,1341.82580104252,2625.20741038674
p27,1189.90275603392,2360,2038,1.14720127368169,1.12942915037193,1365.05795727947,2665.45279487776
p27,1189.90275603392,2360,2039,1.16706373213547,1.14674371006433,1388.69235133523,2706.31515575183
p27,1189.90275603392,2360,2040,1.18727008600226,1.1643237082548,1412.73594749072,2747.80395148132
p27,1189.90275603392,2360,2041,1.19963643381099,1.17506174164876,1427.4506988304,2773.14571029107
p27,1189.90275603392,2360,2042,1.21213158681739,1.18589880709055,1442.31871582979,2798.72118473371
p27,1189.90275603392,2360,2043,1.22475688662849,1.19683581790818,1457.34159487077,2824.53253026329
p27,1189.90275603392,2360,2044,1.23751368882518,1.20787369585283,1472.52094896279,2850.58192221268
p27,1189.90275603392,2360,2045,1.25040336310781,1.21901337117662,1487.85840791606,2876.87155597683
p27,1189.90275603392,2360,2046,1.2634272934432,1.23025578271096,1503.35561851655,2903.40364719786
p27,1189.90275603392,2360,2047,1.27658687821331,1.24160187794564,1519.01424470276,2930.18043195172
p27,1189.90275603392,2360,2048,1.28988353036531,1.25305261310878,1534.83596774444,2957.20416693671
p27,1189.90275603392,2360,2049,1.30331867756332,1.26460895324731,1550.82248642308,2984.47712966365
p27,1189.90275603392,2360,2050,1.31689376234174,1.27627187230839,1566.97551721432,3012.0016186478
p28,7351.73835616438,14591,2023,1,1,7351.73835616438,14591
p28,7351.73835616438,14591,2024,1.05191927362774,1.0459713953514,7733.43527151765,15261.7686295723
p28,7351.73835616438,14591,2025,1.10653415822952,1.09405615989335,8134.949613462,15963.3734290039
p28,7351.73835616438,14591,2026,1.16398460796908,1.14435144815644,8557.31028839123,16697.2319800506
p28,7351.73835616438,14591,2027,1.2244178433287,1.19695888100059,9001.5996227717,17464.8270326796
p28,7351.73835616438,14591,2028,1.28798872837118,1.25198475093843,9468.95613667377,18267.7095009427
p28,7351.73835616438,14591,2029,1.35486016758893,1.30954023689775,9960.57746130282,19107.501596575
p28,7351.73835616438,14591,2030,1.4252035233573,1.36974162885674,10477.7234080065,19985.9001066487
p28,7351.73835616438,14591,2031,1.44987926807646,1.39074026625529,10659.1330269252,20292.2912249309
p28,7351.73835616438,14591,2032,1.47498224467335,1.41206082040317,10843.6835428265,20603.3794305027
p28,7351.73835616438,14591,2033,1.50051985017204,1.43370822640126,11031.4293366958,20919.2367314208
p28,7351.73835616438,14591,2034,1.52649960966747,1.4556874950073,11222.4257310623,21239.9362396515
p28,7351.73835616438,14591,2035,1.55292917854288,1.47800371379578,11416.7290063005,21565.5521879942
p28,7351.73835616438,14591,2036,1.57981634472556,1.50066204833556,11614.3964172143,21896.1599472642
p28,7351.73835616438,14591,2037,1.60716903098174,1.52366774338556,11815.486209908,22231.8360437387
p28,7351.73835616438,14591,2038,1.63499529725114,1.54702612410873,12020.0576389496,22572.6581768705
p28,7351.73835616438,14591,2039,1.663303343022,1.57074259730474,12228.1709848313,22918.7052372735
p28,7351.73835616438,14591,2040,1.69210150974716,1.59482265266145,12439.8875717318,23270.0573249832
p28,7351.73835616438,14591,2041,1.70972607221521,1.60953098401321,12569.4587436389,23484.6665877367
p28,7351.73835616438,14591,2042,1.72753420830483,1.62437496368348,12700.3795007807,23701.2550951057
p28,7351.73835616438,14591,2043,1.74552783007905,1.63935584269563,12832.6639001446,23919.841100772
p28,7351.73835616438,14591,2044,1.76370886951655,1.65447488361067,12966.3261451322,24140.4430267633
p28,7351.73835616438,14591,2045,1.78207927871908,1.66973336063362,13101.3805870848,24363.0794650051
p28,7351.73835616438,14591,2046,1.80064103012104,1.68513255972093,13237.8417268242,24587.7691788881
p28,7351.73835616438,14591,2047,1.81939611670131,1.70067377868885,13375.7242162096,24814.5311048491
p28,7351.73835616438,14591,2048,1.8383465521972,1.71635832732281,13515.0428597107,25043.3843539672
p28,7351.73835616438,14591,2049,1.85749437132064,1.73218752748779,13655.8126159974,25274.3482135743
p28,7351.73835616438,14591,2050,1.87684162997671,1.74816271323974,13798.0485995459,25507.442148881
p29,124.793427919113,248,2023,1,1,124.793427919113,248
p29,124.793427919113,248,2024,1,1,124.793427919113,248
p29,124.793427919113,248,2025,1,1,124.793427919113,248
p29,124.793427919113,248,2026,1,1,124.793427919113,248
p29,124.793427919113,248,2027,1,1,124.793427919113,248
p29,124.793427919113,248,2028,1,1,124.793427919113,248
p29,124.793427919113,248,2029,1,1,124.793427919113,248
p29,124.793427919113,248,2030,1,1,124.793427919113,248
p29,124.793427919113,248,2031,1.01731383926208,1.0153303637388,126.954081271068,251.801930207222
p29,124.793427919113,248,2032,1.03492744755415,1.03089574752996,129.15214382786,255.66214538743
p29,124.793427919113,248,2033,1.05284601502901,1.04669975431637,131.388263286448,259.581539070461
p29,124.793427919113,248,2034,1.07107482170094,1.06274604227535,133.663098557913,263.561018484288
p29,124.793427919113,248,2035,1.08961923900152,1.0790383256654,135.977319961615,267.60150476502
p29,124.793427919113,248,2036,1.10848473136246,1.09558037568596,138.331609422719,271.703933170118
p29,124.793427919113,248,2037,1.12767685782574,1.11237602135031,140.726660673128,275.869253294878
p29,124.793427919113,248,2038,1.14720127368169,1.12942915037193,143.163179455911,280.098429292239
p29,124.793427919113,248,2039,1.16706373213547,1.14674371006433,145.641883733258,284.392440095955
p29,124.793427919113,248,2040,1.18727008600226,1.1643237082548,148.163503898042,288.75227964719
p29,124.793427919113,248,2041,1.19963643381099,1.17506174164876,149.706742831933,291.415311928892
p29,124.793427919113,248,2042,1.21213158681739,1.18589880709055,151.266055807976,294.102904158457
p29,124.793427919113,248,2043,1.22475688662849,1.19683581790818,152.84161024991,296.815282841227
p29,124.793427919113,248,2044,1.23751368882518,1.20787369585283,154.433575325321,299.552676571502
p29,124.793427919113,248,2045,1.25040336310781,1.21901337117662,156.042121963811,302.315316051803
p29,124.793427919113,248,2046,1.2634272934432,1.23025578271096,157.667422875344,305.103434112317
p29,124.793427919113,248,2047,1.27658687821331,1.24160187794564,159.309652568798,307.91726573052
p29,124.793427919113,248,2048,1.28988353036531,1.25305261310878,160.968987370694,310.757048050977
p29,124.793427919113,248,2049,1.30331867756332,1.26460895324731,162.645605444132,313.623020405333
p29,124.793427919113,248,2050,1.31689376234174,1.27627187230839,164.339686807923,316.515424332481
p3,1403.4007012394,2410,2023,1,1,1403.4007012394,2410
p3,1403.4007012394,2410,2024,1,1,1403.4007012394,2410
p3,1403.4007012394,2410,2025,1,1,1403.4007012394,2410
p3,1403.4007012394,2410,2026,1,1,1403.4007012394,2410
p3,1403.4007012394,2410,2027,1,1,1403.4007012394,2410
p3,1403.4007012394,2410,2028,1,1,1403.4007012394,2410
p3,1403.4007012394,2410,2029,1,1,1403.4007012394,2410
p3,1403.4007012394,2410,2030,1,1,1403.4007012394,2410
p3,1403.4007012394,2410,2031,1.01694436485358,1.0150032163633,1427.18043475698,2446.15775143556
p3,1403.4007012394,2410,2032,1.03417584120746,1.03023152922785,1451.3631007554,2482.85798543911
p3,1403.4007012394,2410,2033,1.05169929398364,1.04568831576515,1475.95552666963,2520.10884099401
p3,1403.4007012394,2410,2034,1.06951967053716,1.06137700381515,1500.96465562118,2557.91857919451
p3,1403.4007012394,2410,2035,1.08764200205283,1.07730107264642,1526.39754837836,2596.29558507788
p3,1403.4007012394,2410,2036,1.10607140496569,1.09346405372775,1552.2613853497,2635.24836948389
p3,1403.4007012394,2410,2037,1.12481308240555,1.10986953151132,1578.5634686112,2674.78557094229
p3,1403.4007012394,2410,2038,1.14387232566591,1.12652114422763,1605.31122396789,2714.91595758858
p3,1403.4007012394,2410,2039,1.16325451569792,1.14342258469231,1632.51220305035,2755.64842910846
p3,1403.4007012394,2410,2040,1.18296512462948,1.16057760112513,1660.17408544677,2796.99201871157
p3,1403.4007012394,2410,2041,1.19235540691265,1.1687347796874,1673.3524141878,2816.65081904664
p3,1403.4007012394,2410,2042,1.20182022850346,1.17694929139313,1686.63535144545,2836.44779225744
p3,1403.4007012394,2410,2043,1.21136018108896,1.18522153921122,1700.02372759374,2856.38390949903
p3,1403.4007012394,2410,2044,1.22097586105297,1.19355192894286,1713.51837959811,2876.4601487523
p3,1403.4007012394,2410,2045,1.23066786951333,1.20194086924146,1727.1201510678,2896.67749487192
p3,1403.4007012394,2410,2046,1.24043681235953,1.21038877163264,1740.82989230853,2917.03693963466
p3,1403.4007012394,2410,2047,1.25028330029055,1.21889605053446,1754.64846037567,2937.53948178804
p3,1403.4007012394,2410,2048,1.26020794885307,1.22746312327773,1768.57671912786,2958.18612709933
p3,1403.4007012394,2410,2049,1.27021137847989,1.23609041012651,1782.61553928095,2978.97788840489
p3,1403.4007012394,2410,2050,1.2802942145288,1.2447783342987,1796.76579846247,2999.91578565986
p30,1462.41687866928,2901,2023,1,1,1462.41687866928,2901
p30,1462.41687866928,2901,2024,1.04879710420449,1.0432069020355,1533.77858748811,3026.34322280498
p30,1462.41687866928,2901,2025,1.09997536578773,1.0882806404545,1608.62254104838,3157.10213795851
p30,1462.41687866928,2901,2026,1.15365097833445,1.13530187547375,1687.11866280962,3293.51074074935
p30,1462.41687866928,2901,2027,1.20994580533984,1.18435475238806,1769.44516800408,3435.81313667777
p30,1462.41687866928,2901,2028,1.2689876568848,1.23552705214977,1855.78896825131,3584.26397828648
p30,1462.41687866928,2901,2029,1.33091057981202,1.28891034845421,1946.34609591661,3739.12892086567
p30,1462.41687866928,2901,2030,1.39585516206197,1.34460017161241,2041.32214917706,3900.68509784762
p30,1462.41687866928,2901,2031,1.42002277397105,1.36521338132648,2076.66527275003,3960.48401922813
p30,1462.41687866928,2901,2032,1.44460882002807,1.38614259904329,2112.62032148356,4021.19967982459
p30,1462.41687866928,2901,2033,1.46962054493461,1.40739266928047,2149.19789015152,4082.84613358264
p30,1462.41687866928,2901,2034,1.49506531882586,1.42896851082386,2186.408756964,4145.43764990001
p30,1462.41687866928,2901,2035,1.52095063944231,1.45087511786608,2224.26388674327,4208.98871692948
p30,1462.41687866928,2901,2036,1.54728413433917,1.47311756116253,2262.77443415478,4273.51404493251
p30,1462.41687866928,2901,2037,1.57407356313388,1.49570098920517,2301.95174699407,4339.02856968419
p30,1462.41687866928,2901,2038,1.60132681979266,1.51863062941416,2341.80736953058,4405.54745593048
p30,1462.41687866928,2901,2039,1.6290519349566,1.54191178934796,2382.35304590938,4473.08610089843
p30,1462.41687866928,2901,2040,1.65725707830801,1.56554985793181,2423.60072361177,4541.66013786017
p30,1462.41687866928,2901,2041,1.67451870873268,1.5799882194761,2448.84442329815,4583.54582470018
p30,1462.41687866928,2901,2042,1.69196013255742,1.59455973952892,2474.35105588748,4625.81780437338
p30,1462.41687866928,2901,2043,1.70958322247133,1.60926564615122,2500.12336003188,4668.47963948468
p30,1462.41687866928,2901,2044,1.72738987066898,1.62410717872984,2526.16410290866,4711.53492549526
p30,1462.41687866928,2901,2045,1.74538198905368,1.63908558808192,2552.47608051746,4754.98729102564
p30,1462.41687866928,2901,2046,1.76356150944268,1.65420213656032,2579.06211798044,4798.84039816148
p30,1462.41687866928,2901,2047,1.78193038377462,1.66945809816001,2605.92506984563,4843.09794276218
p30,1462.41687866928,2901,2048,1.80049058431913,1.68485475862545,2633.0678203934,4887.76365477242
p30,1462.41687866928,2901,2049,1.81924410388855,1.70039341555893,2660.49328394617,4932.84129853646
p30,1462.41687866928,2901,2050,1.83819295605193,1.71607537852996,2688.20440518131,4978.33467311541
p31,2293.2088878017,3777,2023,1,1,2293.2088878017,3777
p31,2293.2088878017,3777,2024,1.055572314369,1.0492059433028,2420.6478130284,3962.85084785469
p31,2293.2088878017,3777,2025,1.11423291086233,1.10083311146193,2555.16881427064,4157.84666199171
p31,2293.2088878017,3777,2026,1.17615341246505,1.15500064313037,2697.16545888315,4362.43742910343
p31,2293.2088878017,3777,2027,1.24151497964873,1.21183353929095,2847.05318566941,4577.09527790192
p31,2293.2088878017,3777,2028,1.31050884039159,1.27146295171774,3005.2705203287,4802.3155686379
p31,2293.2088878017,3777,2029,1.38333684965319,1.33402648563158,3172.28035844829,5038.61803623047
p31,2293.2088878017,3777,2030,1.46021207994034,1.39966851724801,3348.57131979458,5286.54798964572
p31,2293.2088878017,3777,2031,1.4865795939342,1.42204735462822,3409.03753723454,5371.07285843077
p31,2293.2088878017,3777,2032,1.51342323451527,1.44478399984386,3470.595612396,5456.94916741027
p31,2293.2088878017,3777,2033,1.54075159925277,1.46788417376619,3533.26526130113,5544.1985243149
p31,2293.2088878017,3777,2034,1.56857344096499,1.49135368873555,3597.0665559906,5632.84288235418
p31,2293.2088878017,3777,2035,1.59689767052261,1.51519845002389,3662.01993095228,5722.90454574025
p31,2293.2088878017,3777,2036,1.62573335970277,1.53942445732061,3728.1461896661,5814.40617529993
p31,2293.2088878017,3777,2037,1.65508974409455,1.56403780624213,3795.46651126706,5907.37079417652
p31,2293.2088878017,3777,2038,1.68497622605702,1.58904468986569,3864.00245732852,6001.82179362273
p31,2293.2088878017,3777,2039,1.71540237773062,1.61445140028761,3933.77597876801,6097.78293888629
p31,2293.2088878017,3777,2040,1.74637794410298,1.64026433020642,4004.80942287781,6195.27837518963
p31,2293.2088878017,3777,2041,1.76595611226902,1.656546292155,4049.70625212304,6256.77534546943
p31,2293.2088878017,3777,2042,1.78575376595366,1.67298987578858,4095.10640751028,6318.88276085347
p31,2293.2088878017,3777,2043,1.80577336574936,1.68959668543281,4141.01553169201,6381.60668087971
p31,2293.2088878017,3777,2044,1.8260173998336,1.70636834133854,4187.43933057896,6444.95322523566
p31,2293.2088878017,3777,2045,1.84648838427816,1.72330647983994,4234.38357404927,6508.92857435544
p31,2293.2088878017,3777,2046,1.8671888633618,1.74041275351411,4281.85409666562,6573.5389700228
p31,2293.2088878017,3777,2047,1.8881214098865,1.75768883134236,4329.85679840039,6638.79071598008
p31,2293.2088878017,3777,2048,1.90928862549723,1.77513639887299,4378.39764536894,6704.69017854328
p31,2293.2088878017,3777,2049,1.93069314100529,1.79275715838579,4427.48267057111,6771.24378722313
p31,2293.2088878017,3777,2050,1.95233761671529,1.8105528290581,4477.11797464109,6838.45803535243
p32,201.478408349641,327,2023,1,1,201.478408349641,327
p32,201.478408349641,327,2024,1.07091960386195,1.06279504545226,215.767177256534,347.533979862888
p32,201.478408349641,327,2025,1.14686879793583,1.12953330863786,231.069299993978,369.357391924581
p32,201.478408349641,327,2026,1.22820427876707,1.20046240409361,247.456643214208,392.551206138612
p32,201.478408349641,327,2027,1.31530803967878,1.2758454953224,265.006170323967,417.201476970424
p32,201.478408349641,327,2028,1.40858916480923,1.35596227119122,283.800302944315,443.39966267953
p32,201.478408349641,327,2029,1.50848575038173,1.44110998364222,303.927308005026,471.242964651007
p32,201.478408349641,327,2030,1.6154669622302,1.53160455056674,325.481712291571,500.834688035322
p32,201.478408349641,327,2031,1.64617705536377,1.55738489876854,331.669132976392,509.264861897311
p32,201.478408349641,327,2032,1.67747094862593,1.58359918819437,337.974176781914,517.836934539559
p32,201.478408349641,327,2033,1.70935974008103,1.6102547230507,344.399079728482,526.553294437578
p32,201.478408349641,327,2034,1.74185473876809,1.6373589304902,350.946120343275,535.416370270294
p32,201.478408349641,327,2035,1.77496746871143,1.66491936268123,357.617620468371,544.428631596761
p32,201.478408349641,327,2036,1.80870967300754,1.69294369891212,364.41594608416,553.592589544262
p32,201.478408349641,327,2037,1.84309331798965,1.72143974773089,371.343508148414,562.910797508
p32,201.478408349641,327,2038,1.87813059747148,1.75041544912098,378.402763451315,572.385851862559
p32,201.478408349641,327,2039,1.91383393707165,1.7798788767136,385.596215486724,582.020392685346
p32,201.478408349641,327,2040,1.9502159986203,1.80983824003733,392.926415340024,591.817104492206
p32,201.478408349641,327,2041,1.97669876738135,1.83159927324959,398.262121438692,598.932962352617
p32,201.478408349641,327,2042,2.00354115632896,1.85362195557281,403.670283240159,606.134379472308
p32,201.478408349641,327,2043,2.03074804889053,1.87590943300912,409.151884649603,613.422384593982
p32,201.478408349641,327,2044,2.05832439480748,1.89846488938741,414.70792293305,620.798018829682
p32,201.478408349641,327,2045,2.08627521103578,1.92129154681809,420.339408898801,628.262335809515
p32,201.478408349641,327,2046,2.11460558265865,1.94439266615342,426.04736708133,635.81640183217
p32,201.478408349641,327,2047,2.14332066381171,1.96777154745332,431.83283592768,643.461296017237
p32,201.478408349641,327,2048,2.17242567862067,1.99143153045678,437.696867986382,651.198110459366
p32,201.478408349641,327,2049,2.20192592215174,2.01537599505895,443.640530098948,659.027950384276
p32,201.478408349641,327,2050,2.23182676137497,2.03960836179399,449.664903593963,666.951934306633
p33,4999.52151011089,7674,2023,1,1,4999.52151011089,7674
p33,4999.52151011089,7674,2024,1.0260821051238,1.02309413600121,5129.91955570633,7851.22439967329
p33,4999.52151011089,7674,2025,1.0528444864553,1.04672161112006,5263.71865683492,8032.54164373537
p33,4999.52151011089,7674,2026,1.08030488703004,1.07089474236268,5401.00752018462,8218.04625289119
p33,4999.52151011089,7674,2027,1.10848151265932,1.09562613118578,5541.87716610053,8407.8349307197
p33,4999.52151011089,7674,2028,1.13739304400029,1.12092867006587,5686.42098892998,8602.00661408547
p33,4999.52151011089,7674,2029,1.16705864894099,1.14681554922003,5834.73481894146,8800.66252471448
p33,4999.52151011089,7674,2030,1.19749799530832,1.17330026348202,5986.91698585861,9003.90622196099
p33,4999.52151011089,7674,2031,1.22015600691676,1.19295717334279,6100.19620227134,9154.75334823259
p33,4999.52151011089,7674,2032,1.24324273363959,1.21294340564327,6215.6187891202,9308.12769490648
p33,4999.52151011089,7674,2033,1.26676628724993,1.23326447769366,6333.22530138934,9464.07160182113
p33,4999.52151011089,7674,2034,1.29073493300478,1.25392599923852,6453.05706140893,9622.62811815637
p33,4999.52151011089,7674,2035,1.31515709254911,1.27493367400539,6575.15617337418,9783.84101431735
p33,4999.52151011089,7674,2036,1.34004134687492,1.29629330127933,6699.56553813912,9947.75479401757
p33,4999.52151011089,7674,2037,1.36539643933623,1.31801077750383,6826.3288682903,10114.4147065644
p33,4999.52151011089,7674,2038,1.39123127872119,1.34009209790858,6955.49070350566,10283.8667593505
p33,4999.52151011089,7674,2039,1.41755494238224,1.36254335816447,7087.09642620403,10456.1577305541
p33,4999.52151011089,7674,2040,1.44437667942559,1.38537075606631,7221.19227749078,10631.3351820528
p33,4999.52151011089,7674,2041,1.46371372539373,1.40179308534283,7317.86825475052,10757.3601369209
p33,4999.52151011089,7674,2042,1.48330965213176,1.41841008662155,7415.83851198786,10884.8790047338
p33,4999.52151011089,7674,2043,1.50316792548721,1.43522406756466,7515.12037678207,11013.9094944912
p33,4999.52151011089,7674,2044,1.52329205770772,1.45223736318963,7615.73140869084,11144.4695251172
p33,4999.52151011089,7674,2045,1.54368560806227,1.46945233619345,7717.68940235594,11276.5772279486
p33,4999.52151011089,7674,2046,1.56435218347066,1.4868713772808,7821.01239065049,11410.2509492529
p33,4999.52151011089,7674,2047,1.58529543914145,1.50449690549599,7925.71864786837,11545.5092527762
p33,4999.52151011089,7674,2048,1.60651907921847,1.52233136855895,8031.82669295627,11682.3709223214
p33,4999.52151011089,7674,2049,1.62802685743592,1.54037724320513,8139.35529278913,11820.8549643561
p33,4999.52151011089,7674,2050,1.64982257778231,1.55863703552946,8248.32346548928,11960.9806106531
p34,1812.38783431181,2782,2023,1,1,1812.38783431181,2782
p34,1812.38783431181,2782,2024,1,1,1812.38783431181,2782
p34,1812.38783431181,2782,2025,1,1,1812.38783431181,2782
p34,1812.38783431181,2782,2026,1,1,1812.38783431181,2782
p34,1812.38783431181,2782,2027,1,1,1812.38783431181,2782
p34,1812.38783431181,2782,2028,1,1,1812.38783431181,2782
p34,1812.38783431181,2782,2029,1,1,1812.38783431181,2782
p34,1812.38783431181,2782,2030,1,1,1812.38783431181,2782
p34,1812.38783431181,2782,2031,1.01892112696406,1.01675352036694,1846.68025463294,2828.60829366081
p34,1812.38783431181,2782,2032,1.03820026297371,1.03378772117856,1881.62152619287,2875.99744031874
p34,1812.38783431181,2782,2033,1.05784418196356,1.05110730482041,1917.22392598828,2924.18052201037
p34,1812.38783431181,2782,2034,1.07785978603868,1.06871705245955,1953.49996331044,2973.17083994247
p34,1812.38783431181,2782,2035,1.09825410789978,1.08662182536442,1990.46238414052,3022.98191816382
p34,1812.38783431181,2782,2036,1.11903431331415,1.10482656624682,2028.12417562803,3073.62750729866
p34,1812.38783431181,2782,2037,1.14020770363351,1.12333630062637,2066.49857065397,3125.12158834256
p34,1812.38783431181,2782,2038,1.16178171835936,1.14215613821783,2105.59905248037,3177.478376522
p34,1812.38783431181,2782,2039,1.18376393775696,1.16129127434168,2145.43935948775,3230.71232521856
p34,1812.38783431181,2782,2040,1.20616208551874,1.18074699135831,2186.03349000231,3284.83812995882
p34,1812.38783431181,2782,2041,1.22230995887126,1.19474368920937,2215.29969921644,3323.77694338046
p34,1812.38783431181,2782,2042,1.23867401694468,1.20890630537499,2244.95771898868,3363.17734155323
p34,1812.38783431181,2782,2043,1.25525715397978,1.22323680666817,2275.01279480581,3403.04479615084
p34,1812.38783431181,2782,2044,1.27206230296487,1.23773718321669,2305.4702423802,3443.38484370882
p34,1812.38783431181,2782,2045,1.28909243615462,1.25240944873953,2336.33544859,3484.20308639336
p34,1812.38783431181,2782,2046,1.30635056559563,1.2672556408265,2367.61387243187,3525.50519277931
p34,1812.38783431181,2782,2047,1.32383974365926,1.28227782122121,2399.31104598651,3567.2968986374
p34,1812.38783431181,2782,2048,1.34156306358144,1.2974780761074,2431.43257539709,3609.58400773077
p34,1812.38783431181,2782,2049,1.35952366000976,1.31285851639863,2463.98414186076,3652.372392621
p34,1812.38783431181,2782,2050,1.37772470955789,1.32842127803149,2496.9715026335,3695.6679954836
p35,79.7718525766471,118,2023,1,1,79.7718525766471,118
p35,79.7718525766471,118,2024,1.03885678825165,1.03440534988239,82.8715305606595,122.059831286122
p35,79.7718525766471,118,2025,1.07922342649653,1.06999442786531,86.091652075745,126.259342488107
p35,79.7718525766471,118,2026,1.12115858265612,1.10680796052823,89.4368971706867,130.603339342331
p35,79.7718525766471,118,2027,1.16472320429891,1.14488807566282,92.9121277459325,135.096792928212
p35,79.7718525766471,118,2028,1.20998060722013,1.18427835048217,96.5223946197662,139.744845356897
p35,79.7718525766471,118,2029,1.25699656746348,1.22502386148865,100.272944869048,144.552815655661
p35,79.7718525766471,118,2030,1.30583941691846,1.26717123605745,104.169229455194,149.526205854779
p35,79.7718525766471,118,2031,1.31833118623818,1.27790441985058,105.165721035788,150.792721542369
p35,79.7718525766471,118,2032,1.33094245287029,1.28872851577229,106.17174513837,152.069964861131
p35,79.7718525766471,118,2033,1.34367435993611,1.29964429386577,107.187392951844,153.358026676161
p35,79.7718525766471,118,2034,1.35652806149212,1.31065253069662,108.212756537434,154.656998622201
p35,79.7718525766471,118,2035,1.36950472263463,1.32175400940811,109.247928837032,155.966973110157
p35,79.7718525766471,118,2036,1.38260551960536,1.33294951977688,110.293003681617,157.288043333672
p35,79.7718525766471,118,2037,1.39583163989804,1.34423985826913,111.348075799766,158.620303275758
p35,79.7718525766471,118,2038,1.40918428236607,1.35562582809729,112.413240826234,159.963847715481
p35,79.7718525766471,118,2039,1.42266465733119,1.36710823927714,113.48859531063,161.318772234703
p35,79.7718525766471,118,2040,1.43627398669317,1.37868790868546,114.574236726161,162.685173224884
p35,79.7718525766471,118,2041,1.44477939210741,1.38591698433273,115.25272867297,163.538204151262
p35,79.7718525766471,118,2042,1.45333516529405,1.39318396524804,115.935238550294,164.395707899269
p35,79.7718525766471,118,2043,1.4619416045237,1.40048905018561,116.621790151731,165.257707921902
p35,79.7718525766471,118,2044,1.47059900983329,1.40783243894183,117.312407411784,166.124227795136
p35,79.7718525766471,118,2045,1.47930768303652,1.4152143323607,118.007114406691,166.995291218563
p35,79.7718525766471,118,2046,1.4880679277344,1.42263493233934,118.705935355265,167.870922016042
p35,79.7718525766471,118,2047,1.4968800493258,1.43009444183351,119.408894619742,168.751144136355
p35,79.7718525766471,118,2048,1.50574435501815,1.43759306486316,120.116016706626,169.635981653853
p35,79.7718525766471,118,2049,1.51466115383807,1.44513100651799,120.827326267545,170.525458769123
p35,79.7718525766471,118,2050,1.52363075664224,1.4527084729631,121.54284810011,171.419599809646
p36,782.892123287671,1285,2023,1,1,782.892123287671,1285
p36,782.892123287671,1285,2024,1.06305316279685,1.05582978482852,832.255947789697,1356.74127350465
p36,782.892123287671,1285,2025,1.13008202693238,1.11477653453104,884.732317554323,1432.48784687239
p36,782.892123287671,1285,2026,1.20133727295033,1.17701426858579,940.517488404706,1512.46333513274
p36,782.892123287671,1285,2027,1.27708538759559,1.24272672194103,999.820090714368,1596.90383769423
p36,782.892123287671,1285,2028,1.35760966044512,1.31210788742765,1062.86190966174,1686.05863534453
p36,782.892123287671,1285,2029,1.44321124337974,1.38536258845454,1129.87871468221,1780.19092616409
p36,782.892123287671,1285,2030,1.5342102768588,1.46270708367744,1201.12114121975,1879.57860252551
p36,782.892123287671,1285,2031,1.54833198988377,1.47462825520475,1212.17691911433,1894.89730793811
p36,782.892123287671,1285,2032,1.5625836869023,1.48664658516671,1223.33446045362,1910.34086193922
p36,782.892123287671,1285,2033,1.57696656435839,1.49876286541176,1234.5947019242,1925.91028205412
p36,782.892123287671,1285,2034,1.59148182970874,1.51097789424202,1245.95858883442,1941.606594101
p36,782.892123287671,1285,2035,1.60613070152415,1.52329247646579,1257.42707519376,1957.43083225854
p36,782.892123287671,1285,2036,1.62091440959183,1.53570742345064,1269.00112379293,1973.38403913407
p36,782.892123287671,1285,2037,1.63583419501861,1.54822355317683,1280.6817062847,1989.46726583222
p36,782.892123287671,1285,2038,1.65089131033515,1.56084169029123,1292.46980326545,2005.68157202423
p36,782.892123287671,1285,2039,1.66608701960109,1.57356266616164,1304.36640435752,2022.02802601771
p36,782.892123287671,1285,2040,1.68142259851117,1.58638731893158,1316.37250829229,2038.50770482708
p36,782.892123287671,1285,2041,1.68955270039861,1.59317915845352,1322.73750102149,2047.23521861277
p36,782.892123287671,1285,2042,1.69772211337701,1.60000007604709,1329.13327009416,2056.00009772051
p36,782.892123287671,1285,2043,1.70593102752538,1.60685019620497,1335.55996432166,2064.80250212338
p36,782.892123287671,1285,2044,1.71417963384185,1.61372964395281,1342.01773323493,2073.64259247936
p36,782.892123287671,1285,2045,1.72246812424803,1.62063854485155,1348.50672708788,2082.52053013425
p36,782.892123287671,1285,2046,1.73079669159357,1.62757702499972,1355.02709686097,2091.43647712464
p36,782.892123287671,1285,2047,1.73916552966055,1.63454521103567,1361.57899426467,2100.39059618084
p36,782.892123287671,1285,2048,1.74757483316806,1.64154323013998,1368.16257174304,2109.38305072988
p36,782.892123287671,1285,2049,1.75602479777669,1.6485712100377,1374.7779824772,2118.41400489844
p36,782.892123287671,1285,2050,1.76451562009313,1.65562927900071,1381.42538038897,2127.48362351591
p37,2133.51149706458,3494,2023,1,1,2133.51149706458,3494
p37,2133.51149706458,3494,2024,1,1,2133.51149706458,3494
p37,2133.51149706458,3494,2025,1,1,2133.51149706458,3494
p37,2133.51149706458,3494,2026,1,1,2133.51149706458,3494
p37,2133.51149706458,3494,2027,1,1,2133.51149706458,3494
p37,2133.51149706458,3494,2028,1,1,2133.51149706458,3494
p37,2133.51149706458,3494,2029,1,1,2133.51149706458,3494
p37,2133.51149706458,3494,2030,1,1,2133.51149706458,3494
p37,2133.51149706458,3494,2031,1.00999514350085,1.00885009865057,2154.83625063846,3524.92224468511
p37,2133.51149706458,3494,2032,1.02009018989531,1.01777852154727,2176.37414818443,3556.11815428618
p37,2133.51149706458,3494,2033,1.03028613772713,1.0267859618674,2198.12732010708,3587.59015076471
p37,2133.51149706458,3494,2034,1.04058399552065,1.03587311892296,2220.0979181047,3619.34067751681
p37,2133.51149706458,3494,2035,1.05098478188057,1.0450406982149,2242.2881153821,3651.37219956287
p37,2133.51149706458,3494,2036,1.06148952559268,1.05428941148797,2264.70010686561,3683.68720373897
p37,2133.51149706458,3494,2037,1.07209926572563,1.0636199767859,2287.33610942013,3716.28819888992
p37,2133.51149706458,3494,2038,1.08281505173372,1.07303311850717,2310.19836206847,3749.17771606406
p37,2133.51149706458,3494,2039,1.09363794356068,1.0825295674613,2333.28912621278,3782.35830870977
p37,2133.51149706458,3494,2040,1.10456901174455,1.09211006092549,2356.61068585826,3815.83255287367
p37,2133.51149706458,3494,2041,1.11029175903292,1.09712005485004,2368.8202329928,3833.33747164603
p37,2133.51149706458,3494,2042,1.11604415574671,1.10215303184197,2381.09303751734,3850.92269325584
p37,2133.51149706458,3494,2043,1.12182635549892,1.10720909733483,2393.429427167,3868.58858608789
p37,2133.51149706458,3494,2044,1.12763851269842,1.11228835724582,2405.82973137489,3886.33552021689
p37,2133.51149706458,3494,2045,1.13348078255408,1.11739091797804,2418.2942812809,3904.16386741528
p37,2133.51149706458,3494,2046,1.1393533210789,1.12251688642271,2430.82340974054,3922.07400116097
p37,2133.51149706458,3494,2047,1.14525628509417,1.12766636996141,2443.41745133387,3940.06629664516
p37,2133.51149706458,3494,2048,1.15118983223367,1.13283947646831,2456.07674237437,3958.14113078026
p37,2133.51149706458,3494,2049,1.15715412094788,1.13803631431245,2468.80162091796,3976.29888220771
p37,2133.51149706458,3494,2050,1.16314931050822,1.14325699236004,2481.59242677203,3994.53993130597
p38,1349.20777886497,2194,2023,1,1,1349.20777886497,2194
p38,1349.20777886497,2194,2024,1.00475369060549,1.00420910723386,1355.62149520822,2203.23478127109
p38,1349.20777886497,2194,2025,1.00952997878536,1.00843593105143,1362.06570037459,2212.50843272683
p38,1349.20777886497,2194,2026,1.01432897196147,1.0126805460237,1368.54053929853,2221.821117976
p38,1349.20777886497,2194,2027,1.01915077806637,1.01694302703556,1375.04615760343,2231.17300131602
p38,1349.20777886497,2194,2028,1.02399550554564,1.02122344928708,1381.58270160495,2240.56424773586
p38,1349.20777886497,2194,2029,1.02886326336042,1.02552188829486,1388.15031831428,2249.99502291893
p38,1349.20777886497,2194,2030,1.03375416098979,1.02983841989337,1394.74915544146,2259.46549324605
p38,1349.20777886497,2194,2031,1.04365240861337,1.03856952490421,1408.10394813232,2278.62153763983
p38,1349.20777886497,2194,2032,1.05364543245136,1.04737465336692,1421.58661362892,2297.93998948702
p38,1349.20777886497,2194,2033,1.06373413999075,1.05625443286202,1435.19837631976,2317.42222569928
p38,1349.20777886497,2194,2034,1.07391944740774,1.06520949629075,1448.9404723169,2337.0696348619
p38,1349.20777886497,2194,2035,1.08420227965099,1.07424048192015,1462.81414956825,2356.8836173328
p38,1349.20777886497,2194,2036,1.09458357052555,1.08334803342858,1476.82066797087,2376.8655853423
p38,1349.20777886497,2194,2037,1.10506426277775,1.09253279995159,1490.96129948542,2397.0169630938
p38,1349.20777886497,2194,2038,1.11564530818071,1.1017954361282,1505.23732825162,2417.33918686527
p38,1349.20777886497,2194,2039,1.12632766762087,1.11113660214752,1519.65005070492,2437.83370511167
p38,1349.20777886497,2194,2040,1.13711231118518,1.12055696379585,1534.20077569417,2458.5019785681
p38,1349.20777886497,2194,2041,1.14399429815286,1.12656183229589,1543.48600604502,2471.67666005718
p38,1349.20777886497,2194,2042,1.1509179360148,1.13259887983445,1552.82743210638,2484.92194235678
p38,1349.20777886497,2194,2043,1.15788347684891,1.13866827885336,1562.22539398377,2498.23820380427
p38,1349.20777886497,2194,2044,1.16489117425874,1.14477020271854,1571.68023384104,2511.62582476447
p38,1349.20777886497,2194,2045,1.17194128338267,1.15090482572494,1581.19229591289,2525.08518764052
p38,1349.20777886497,2194,2046,1.17903406090323,1.15707232310154,1590.7619265174,2538.61667688477
p38,1349.20777886497,2194,2047,1.18616976505645,1.16327287101632,1600.38947406859,2552.2206790098
p38,1349.20777886497,2194,2048,1.19334865564121,1.16950664658133,1610.07528908917,2565.89758259943
p38,1349.20777886497,2194,2049,1.20057099402876,1.17577382785773,1619.81972422325,2579.64777831986
p38,1349.20777886497,2194,2050,1.2078370431722,1.18207459386087,1629.6231342492,2593.47165893075
p39,244.306881930855,455,2023,1,1,244.306881930855,455
p39,244.306881930855,455,2024,1.00726559977323,1.00643325178304,246.081917956809,457.927129561285
p39,244.306881930855,455,2025,1.01458398848652,1.01290789029459,247.869850684111,460.87309008404
p39,244.306881930855,455,2026,1.02195554968319,1.01942418178589,249.670773815031,463.83800271258
p39,244.306881930855,455,2027,1.02938066969321,1.02598239422104,251.484781732643,466.821989370574
p39,244.306881930855,455,2028,1.0368597376535,1.03258279728804,253.31196950577,469.825172766057
p39,244.306881930855,455,2029,1.04439314552826,1.03922566240983,255.152432893967,472.847676396473
p39,244.306881930855,455,2030,1.05198128812957,1.04591126275551,257.006268352539,475.889624553759
p39,244.306881930855,455,2031,1.06172595994372,1.05448979760823,259.386958738895,479.792857911744
p39,244.306881930855,455,2032,1.07156089821968,1.06313869336329,261.789701843077,483.728105480295
p39,244.306881930855,455,2033,1.0814869391102,1.07185852711884,264.214701942956,487.695629839071
p39,244.306881930855,455,2034,1.09150492651343,1.08064988070637,266.662165208663,491.695695721398
p39,244.306881930855,455,2035,1.10161571214472,1.08951334072954,269.132299720115,495.728570031942
p39,244.306881930855,455,2036,1.11182015560897,1.09844949860332,271.625315484705,499.794521864511
p39,244.306881930855,455,2037,1.12211912447374,1.10745895059343,274.141424455161,503.893822520012
p39,244.306881930855,455,2038,1.13251349434302,1.11654229785617,276.680840547561,508.026745524557
p39,244.306881930855,455,2039,1.14300414893166,1.12570014647848,279.243779659523,512.19356664771
p39,244.306881930855,455,2040,1.15359198014048,1.13493310751844,281.830459688561,516.394563920889
p39,244.306881930855,455,2041,1.15871837387329,1.13939880268368,283.082872956973,518.426455221075
p39,244.306881930855,455,2042,1.16386754854872,1.14388206931034,284.340851766444,520.466341536206
p39,244.306881930855,455,2043,1.16903960540193,1.14838297653799,285.604420849423,522.514254324787
p39,244.306881930855,455,2044,1.17423464611798,1.15290159377825,286.873605048265,524.570225169105
p39,244.306881930855,455,2045,1.17945277283379,1.15743799071586,288.148429315723,526.634285775718
p39,244.306881930855,455,2046,1.18469408814014,1.16199223730976,289.428918715435,528.706467975939
p39,244.306881930855,455,2047,1.18995869508375,1.16656440379413,290.715098422419,530.78680372633
p39,244.306881930855,455,2048,1.19524669716923,1.17115456067956,292.006993723568,532.875325109198
p39,244.306881930855,455,2049,1.20055819836117,1.17576277875403,293.304630018143,534.972064333082
p39,244.306881930855,455,2050,1.20589330308616,1.18038912908408,294.608032818279,537.077053733256
p4,556.358333333333,955,2023,1,1,556.358333333333,955
p4,556.358333333333,955,2024,1,1,556.358333333333,955
p4,556.358333333333,955,2025,1,1,556.358333333333,955
p4,556.358333333333,955,2026,1,1,556.358333333333,955
p4,556.358333333333,955,2027,1,1,556.358333333333,955
p4,556.358333333333,955,2028,1,1,556.358333333333,955
p4,556.358333333333,955,2029,1,1,556.358333333333,955
p4,556.358333333333,955,2030,1,1,556.358333333333,955
p4,556.358333333333,955,2031,1.01694436485358,1.0150032163633,565.785471922666,969.328071626953
p4,556.358333333333,955,2032,1.03417584120746,1.03023152922785,575.372347387781,983.871110412595
p4,556.358333333333,955,2033,1.05169929398364,1.04568831576515,585.121666368583,998.632341555717
p4,556.358333333333,955,2034,1.06951967053716,1.06137700381515,595.03618136727,1013.61503864347
p4,556.358333333333,955,2035,1.08764200205283,1.07730107264642,605.118691525441,1028.82252437733
p4,556.358333333333,955,2036,1.10607140496569,1.09346405372775,615.372043414372,1044.25817131001
p4,556.358333333333,955,2037,1.12481308240555,1.10986953151132,625.799131838681,1059.92540259332
p4,556.358333333333,955,2038,1.14387232566591,1.12652114422763,636.402900653612,1075.82769273738
p4,556.358333333333,955,2039,1.16325451569792,1.14342258469231,647.186343596166,1091.96856838115
p4,556.358333333333,955,2040,1.18296512462948,1.16057760112513,658.152505130317,1108.3516090745
p4,556.358333333333,955,2041,1.19235540691265,1.1687347796874,663.37686693091,1116.14171460147
p4,556.358333333333,955,2042,1.20182022850346,1.17694929139313,668.642699296471,1123.98657328044
p4,556.358333333333,955,2043,1.21136018108896,1.18522153921122,673.95033141702,1131.88656994671
p4,556.358333333333,955,2044,1.22097586105297,1.19355192894286,679.30009509566,1139.84209214043
p4,556.358333333333,955,2045,1.23066786951333,1.20194086924146,684.692324769319,1147.85353012559
p4,556.358333333333,955,2046,1.24043681235953,1.21038877163264,690.127357529659,1155.92127690917
p4,556.358333333333,955,2047,1.25028330029055,1.21889605053446,695.605533144151,1164.0457282604
p4,556.358333333333,955,2048,1.26020794885307,1.22746312327773,701.127194077311,1172.22728273023
p4,556.358333333333,955,2049,1.27021137847989,1.23609041012651,706.69268551211,1180.46634167082
p4,556.358333333333,955,2050,1.2802942145288,1.2447783342987,712.302355371554,1188.76330925525
p40,1399.41407371168,2609,2023,1,1,1399.41407371168,2609
p40,1399.41407371168,2609,2024,1.01534751801566,1.01358930449257,1420.89160641934,2644.45449542113
p40,1399.41407371168,2609,2025,1.03093058234056,1.02736327818174,1442.69876594716,2680.39079277616
p40,1399.41407371168,2609,2026,1.04675280802593,1.04132443059344,1464.8406112487,2716.81543941829
p40,1399.41407371168,2609,2027,1.06281786560505,1.05547530535633,1487.32227891992,2753.73507167467
p40,1399.41407371168,2609,2028,1.07912948194479,1.06981848066521,1510.14898439073,2791.15641605554
p40,1399.41407371168,2609,2029,1.09569144111017,1.08435656975076,1533.326023135,2829.08629047972
p40,1399.41407371168,2609,2030,1.11250758524222,1.09909222135562,1556.85877189895,2867.53160551682
p40,1399.41407371168,2609,2031,1.12281292187821,1.10810694493973,1571.28020502169,2891.05101934775
p40,1399.41407371168,2609,2032,1.1332137185044,1.11719560703393,1585.8352261982,2914.76333875151
p40,1399.41407371168,2609,2033,1.14371085938202,1.1263588140798,1600.52507287608,2938.6701459342
p40,1399.41407371168,2609,2034,1.15430523696338,1.13559717749295,1615.35099396564,2962.77303607911
p40,1399.41407371168,2609,2035,1.16499775196767,1.1449113137038,1630.31424994603,2987.07361745322
p40,1399.41407371168,2609,2036,1.17578931345765,1.15430184419871,1645.41611297242,3011.57351151443
p40,1399.41407371168,2609,2037,1.18668083891682,1.16376939556145,1660.65786698417,3036.27435301983
p40,1399.41407371168,2609,2038,1.1976732543275,1.17331459951503,1676.04080781397,3061.17779013472
p40,1399.41407371168,2609,2039,1.20876749424955,1.18293809296382,1691.56624329801,3086.2854845426
p40,1399.41407371168,2609,2040,1.21996450189977,1.19264051803605,1707.23549338719,3111.59911155606
p40,1399.41407371168,2609,2041,1.22538584539422,1.19733327830535,1714.82219777176,3123.84252309865
p40,1399.41407371168,2609,2042,1.23083128054482,1.2020445034839,1722.44261635899,3136.13410958949
p40,1399.41407371168,2609,2043,1.23630091441135,1.20677426622679,1730.09689896985,3148.4740605857
p40,1399.41407371168,2609,2044,1.24179485452935,1.21152263947499,1737.78519609112,3160.86256639024
p40,1399.41407371168,2609,2045,1.24731320891226,1.21628969645645,1745.50765887829,3173.29981805488
p40,1399.41407371168,2609,2046,1.25285608605348,1.22107551068728,1753.26443915857,3185.78600738311
p40,1399.41407371168,2609,2047,1.25842359492857,1.22588015597285,1761.05568943388,3198.32132693316
p40,1399.41407371168,2609,2048,1.26401584499733,1.23070370640893,1768.88156288382,3210.90597002091
p40,1399.41407371168,2609,2049,1.269632946206,1.23554623638286,1776.7422133687,3223.54013072288
p40,1399.41407371168,2609,2050,1.27527500898942,1.24040782057465,1784.63779543258,3236.22400387926
p41,2195.82840834964,4094,2023,1,1,2195.82840834964,4094
p41,2195.82840834964,4094,2024,1.05241237985269,1.04640801126748,2310.91700097939,4283.99439812907
p41,2195.82840834964,4094,2025,1.1075718172672,1.09496972604477,2432.03766064276,4482.80605842727
p41,2195.82840834964,4094,2026,1.16562229206795,1.1457850934286,2559.50654232842,4690.8441724967
p41,2195.82840834964,4094,2027,1.22671533040457,1.19895870095455,2693.65637146038,4908.53692170792
p41,2195.82840834964,4094,2028,1.29101040027286,1.25459998985769,2834.83731239398,5136.33235847739
p41,2195.82840834964,4094,2029,1.35867532776573,1.31282348032319,2983.41788243175,5374.69932844314
p41,2195.82840834964,4094,2030,1.42988673514107,1.37374900719024,3139.78591374507,5624.12843543685
p41,2195.82840834964,4094,2031,1.4431320058722,1.38501645803116,3168.87025549278,5670.25737917958
p41,2195.82840834964,4094,2032,1.45649996967575,1.39637632418797,3198.22401017439,5716.76467122556
p41,2195.82840834964,4094,2033,1.46999176307737,1.4078293636485,3227.84967340526,5763.65341477697
p41,2195.82840834964,4094,2034,1.48360853313054,1.41937634061758,3257.74976391797,5810.92673848835
p41,2195.82840834964,4094,2035,1.49735143751407,1.431018025568,3287.92682377657,5858.58779667541
p41,2195.82840834964,4094,2036,1.51122164463056,1.442755195292,3318.38341859265,5906.63976952543
p41,2195.82840834964,4094,2037,1.52522033370568,1.45458863295299,3349.12213774345,5955.08586330953
p41,2195.82840834964,4094,2038,1.53934869488847,1.4665191281379,3380.14559459205,6003.92931059655
p41,2195.82840834964,4094,2039,1.55360792935252,1.47854747690982,3411.45642670953,6053.17337046879
p41,2195.82840834964,4094,2040,1.56799924939808,1.49067448186112,3443.05729609921,6102.82132873944
p41,2195.82840834964,4094,2041,1.57496720831557,1.49653993576541,3458.35773823845,6126.8344970236
p41,2195.82840834964,4094,2042,1.58196613182152,1.50242846885293,3473.72617330069,6150.9421514839
p41,2195.82840834964,4094,2043,1.58899615751804,1.50834017193485,3489.16290343654,6175.14466390126
p41,2195.82840834964,4094,2044,1.5960574236187,1.51427513617964,3504.66823213929,6199.44240751944
p41,2195.82840834964,4094,2045,1.60315006895128,1.52023345311452,3520.24246425091,6223.83575705086
p41,2195.82840834964,4094,2046,1.61027423296049,1.52621521462685,3535.88590596807,6248.32508868231
p41,2195.82840834964,4094,2047,1.6174300557107,1.53222051296552,3551.5988648481,6272.91078008083
p41,2195.82840834964,4094,2048,1.62461767788873,1.53824944074242,3567.3816498151,6297.59321039945
p41,2195.82840834964,4094,2049,1.63183724080657,1.54430209093383,3583.23457116596,6322.3727602831
p41,2195.82840834964,4094,2050,1.63908888640419,1.55037855688189,3599.1579405765,6347.24981187445
p42,477.882648401826,768,2023,1,1,477.882648401826,768
p42,477.882648401826,768,2024,1,1,477.882648401826,768
p42,477.882648401826,768,2025,1,1,477.882648401826,768
p42,477.882648401826,768,2026,1,1,477.882648401826,768
p42,477.882648401826,768,2027,1,1,477.882648401826,768
p42,477.882648401826,768,2028,1,1,477.882648401826,768
p42,477.882648401826,768,2029,1,1,477.882648401826,768
p42,477.882648401826,768,2030,1,1,477.882648401826,768
p42,477.882648401826,768,2031,1.01000908837546,1.00886244599865,482.665818062777,774.806358526965
p42,477.882648401826,768,2032,1.02011835860102,1.01780343494638,487.496862891579,781.673038038824
p42,477.882648401826,768,2033,1.03032881340568,1.02682366292584,492.376262075018,788.600573127045
p42,477.882648401826,768,2034,1.04064146555484,1.03592383218866,497.304499596103,795.58950312089
p42,477.882648401826,768,2035,1.05105733795074,1.04510465121015,502.282064282072,802.640372129394
p42,477.882648401826,768,2036,1.06157746373396,1.05436683474444,507.309449852877,809.75372908373
p42,477.882648401826,768,2037,1.07220288638586,1.06371110388013,512.387154970158,816.930127779942
p42,477.882648401826,768,2038,1.08293465983212,1.07313818609644,517.515683286703,824.170126922064
p42,477.882648401826,768,2039,1.09377384854722,1.08264881531981,522.695543496404,831.474290165614
p42,477.882648401826,768,2040,1.10472152766009,1.09224373198109,527.927249384716,838.843186161475
p42,477.882648401826,768,2041,1.11117935922651,1.09789716870284,531.01333503661,843.18502556378
p42,477.882648401826,768,2042,1.11767494111054,1.10357986752592,534.117460910261,847.54933825991
p42,477.882648401826,768,2043,1.12420849398788,1.10929197991053,537.239732462756,851.936240571287
p42,477.882648401826,768,2044,1.13078023982422,1.1150336581008,540.380255767649,856.345849421412
p42,477.882648401826,768,2045,1.13739040188278,1.12080505512888,543.539137518562,860.778282338978
p42,477.882648401826,768,2046,1.14403920473193,1.12660632481902,546.716485032815,865.233657461008
p42,477.882648401826,768,2047,1.15072687425276,1.13243762179166,549.912406255066,869.712093535998
p42,477.882648401826,768,2048,1.15745363764681,1.13829910146756,553.127009760985,874.213709927084
p42,477.882648401826,768,2049,1.16421972344374,1.14419092007191,556.360404760936,878.738626615227
p42,477.882648401826,768,2050,1.17102536150913,1.15011323463855,559.61270110369,883.286964202404
p43,6642.8852739726,10674,2023,1,1,6642.8852739726,10674
p43,6642.8852739726,10674,2024,1.01544300000348,1.0136738480523,6745.47135128168,10819.9546541103
p43,6642.8852739726,10674,2025,1.03112448625607,1.02753467022516,6849.64166538301,10967.9050699834
p43,6642.8852739726,10674,2026,1.04704814170091,1.04158502317429,6955.42068164536,11117.8785373624
p43,6642.8852739726,10674,2027,1.06321770615684,1.05582749851473,7062.83324325622,11269.9027191463
p43,6642.8852739726,10674,2028,1.07963697719672,1.07026472329887,7171.90457705641,11424.0056564921
p43,6642.8852739726,10674,2029,1.09630981103933,1.084899360501,7282.66029946486,11580.2157739876
p43,6642.8852739726,10674,2030,1.11324012345503,1.09973410950853,7395.12642249484,11738.561884894
p43,6642.8852739726,10674,2031,1.12438264223379,1.10948044366692,7469.14489640526,11842.5942557007
p43,6642.8852739726,10674,2032,1.13563668746774,1.11931315418548,7543.90422776246,11947.5486077758
p43,6642.8852739726,10674,2033,1.14700337543501,1.12923300657003,7619.41183187411,12053.4331121285
p43,6642.8852739726,10674,2034,1.15848383358669,1.13924077311066,7695.67519826833,12160.2560121832
p43,6642.8852739726,10674,2035,1.17007920065859,1.14933723294181,7772.7018914366,12268.0256244209
p43,6642.8852739726,10674,2036,1.18179062678427,1.159523172103,7850.49955158406,12376.7503390274
p43,6642.8852739726,10674,2037,1.19361927360904,1.16979938359995,7929.07589538734,12486.4386205459
p43,6642.8852739726,10674,2038,1.20556631440524,1.18016666746636,8008.43871675997,12597.099008536
p43,6642.8852739726,10674,2039,1.21763293418859,1.19062583082619,8088.59588762543,12708.7401182388
p43,6642.8852739726,10674,2040,1.22982032983575,1.20117768795649,8169.55535869802,12821.3706412476
p43,6642.8852739726,10674,2041,1.237009447046,1.20739496515535,8217.31183954688,12887.7338580682
p43,6642.8852739726,10674,2042,1.24424058942449,1.21364442288516,8265.34748876695,12954.4405698762
p43,6642.8852739726,10674,2043,1.25151400263626,1.21992622771186,8313.66393828291,13021.4925545964
p43,6642.8852739726,10674,2044,1.25882993378242,1.22624054706352,8362.26282955913,13088.891599356
p43,6642.8852739726,10674,2045,1.26618863140855,1.23258754923481,8411.14581365541,13156.6395005324
p43,6642.8852739726,10674,2046,1.27359034551317,1.23896740339152,8460.3145512831,13224.7380638011
p43,6642.8852739726,10674,2047,1.28103532755617,1.24538027957501,8509.77071286152,13293.1891041837
p43,6642.8852739726,10674,2048,1.2885238304674,1.25182634870678,8559.51597857469,13361.9944460962
p43,6642.8852739726,10674,2049,1.29605610865529,1.25830578259302,8609.55203842843,13431.1559233979
p43,6642.8852739726,10674,2050,1.30363241801539,1.26481875392919,8659.88059230776,13500.6753794402
p44,199.767579908676,321,2023,1,1,199.767579908676,321
p44,199.767579908676,321,2024,1.00493040130373,1.0043655739331,200.7525142451,322.401349232525
p44,199.767579908676,321,2025,1.00988511146447,1.00875020610197,201.742304703061,323.808816158731
p44,199.767579908676,321,2026,1.01486425033466,1.01315397970674,202.736975225187,325.222427485862
p44,199.767579908676,321,2027,1.01986793835761,1.01757697831076,203.736549872151,326.642210037754
p44,199.767579908676,321,2028,1.02489629657052,1.0220192858422,204.741052823258,328.068190755345
p44,199.767579908676,321,2029,1.02994944660732,1.0264809865956,205.750508377025,329.500396697186
p44,199.767579908676,321,2030,1.03502751070165,1.0309621652335,206.76494095177,330.938855039954
p44,199.767579908676,321,2031,1.04538719252729,1.04009901174954,208.834469518702,333.871782771602
p44,199.767579908676,321,2032,1.05585056532387,1.04931683307442,210.924712179956,336.830703416889
p44,199.767579908676,321,2033,1.06641866694347,1.05861634684302,213.035876264733,339.815847336609
p44,199.767579908676,321,2034,1.07709254562614,1.06799827705021,215.168171177409,342.827446933117
p44,199.767579908676,321,2035,1.08787326010386,1.07746335410722,217.321808418309,345.865736668417
p44,199.767579908676,321,2036,1.09876187970553,1.08701231489852,219.497001604681,348.930953082426
p44,199.767579908676,321,2037,1.10975948446308,1.09664590283918,221.69396649189,352.023334811377
p44,199.767579908676,321,2038,1.12086716521858,1.10636486793274,223.912920994813,355.143122606408
p44,199.767579908676,321,2039,1.13208602373239,1.1161699668296,226.154085209456,358.290559352301
p44,199.767579908676,321,2040,1.14341717279255,1.12606196288594,228.417681434788,361.465890086388
p44,199.767579908676,321,2041,1.15010120612327,1.13189044224961,229.752934597295,363.336831962125
p44,199.767579908676,321,2042,1.15682431207126,1.13774908973263,231.095993201994,365.217457804174
p44,199.767579908676,321,2043,1.16358671904193,1.14363806148472,232.446902876882,367.107817736594
p44,199.767579908676,321,2044,1.17038865677587,1.14955751446383,233.805709516682,369.007962142889
p44,199.767579908676,321,2045,1.17723035635669,1.15550760644032,235.172459284403,370.917941667343
p44,199.767579908676,321,2046,1.18411205021879,1.16148849600117,236.547198612907,372.837807216377
p44,199.767579908676,321,2047,1.19103397215533,1.16750034255421,237.929974206487,374.767609959901
p44,199.767579908676,321,2048,1.19799635732615,1.17354330633234,239.320833042453,376.707401332681
p44,199.767579908676,321,2049,1.20499944226574,1.17961754839785,240.71982237273,378.657233035709
p44,199.767579908676,321,2050,1.2120434648913,1.18572323064666,242.12698972546,380.617157037578
p45,1525.09939660796,2636,2023,1,1,1525.09939660796,2636
p45,1525.09939660796,2636,2024,1.01380235679196,1.01222115712584,1546.14936262314,2668.21497018371
p45,1525.09939660796,2636,2025,1.02779521863693,1.02459167093317,1567.48986777972,2700.82364457985
p45,1525.09939660796,2636,2026,1.04198121495362,1.03711336673347,1589.12492220259,2733.83083470944
p45,1525.09939660796,2636,2027,1.05636301145293,1.04978809214563,1611.05859136582,2767.24141089589
p45,1525.09939660796,2636,2028,1.07094331063882,1.06261771736858,1633.2949968566,2801.06030298358
p45,1525.09939660796,2636,2029,1.08572485231622,1.07560413545724,1655.83831714973,2835.29250106529
p45,1525.09939660796,2636,2030,1.10071041410578,1.08874926260187,1678.69278839283,2869.94305621853
p45,1525.09939660796,2636,2031,1.11121772116354,1.09795175146196,1694.71747604659,2894.20081685374
p45,1525.09939660796,2636,2032,1.12182533026277,1.10723202297058,1710.89513428328,2918.66361255045
p45,1525.09939660796,2636,2033,1.13253419887997,1.11659073457382,1727.22722334972,2943.33317633658
p45,1525.09939660796,2636,2034,1.14334529363164,1.12602854927474,1743.71521743216,2968.2112558882
p45,1525.09939660796,2636,2035,1.15425959036153,1.13554613568034,1760.36060478931,2993.29961365337
p45,1525.09939660796,2636,2036,1.16527807422873,1.14514416804892,1777.16488788672,3018.60002697695
p45,1525.09939660796,2636,2037,1.17640173979661,1.15482332633784,1794.12958353236,3044.11428822656
p45,1525.09939660796,2636,2038,1.18763159112255,1.16458429625171,1811.25622301355,3069.84420491951
p45,1525.09939660796,2636,2039,1.19896864184861,1.17442776929094,1828.54635223518,3095.7915998509
p45,1525.09939660796,2636,2040,1.210413915293,1.18435444280074,1846.00153185923,3121.95831122274
p45,1525.09939660796,2636,2041,1.2153863451079,1.18866244112395,1853.58498156962,3133.31419480273
p45,1525.09939660796,2636,2042,1.22037920186764,1.19298610946019,1861.19958440123,3144.71138453707
p45,1525.09939660796,2636,2043,1.22539256948692,1.19732550480794,1868.84546833237,3156.15003067372
p45,1525.09939660796,2636,2044,1.2304265322252,1.20168068437298,1876.52276186707,3167.63028400717
p45,1525.09939660796,2636,2045,1.23548117468807,1.20605170556919,1884.23159403727,3179.15229588039
p45,1525.09939660796,2636,2046,1.24055658182868,1.2104386260193,1891.97209440495,3190.71621818688
p45,1525.09939660796,2636,2047,1.24565283894918,1.21484150355562,1899.74439306439,3202.3222033726
p45,1525.09939660796,2636,2048,1.25077003170214,1.21926039622081,1907.54862064424,3213.97040443806
p45,1525.09939660796,2636,2049,1.25590824609198,1.22369536226869,1915.38490830984,3225.66097494028
p45,1525.09939660796,2636,2050,1.26106756847646,1.22814646016495,1923.25338776531,3237.39406899482
p46,994.45086431833,1735,2023,1,1,994.45086431833,1735
p46,994.45086431833,1735,2024,1.02752863714556,1.02437495313932,1021.82674132124,1777.29054369672
p46,994.45086431833,1735,2025,1.05581510015421,1.04934404461918,1049.9562389087,1820.61191741428
p46,994.45086431833,1735,2026,1.08488025093916,1.0749217565338,1078.86010322833,1864.98924758614
p46,994.45086431833,1735,2027,1.11474552571365,1.10112292397775,1108.55965154093,1910.44827310139
p46,994.45086431833,1735,2028,1.14543295080065,1.12796274365033,1139.07678794241,1957.01536023333
p46,994.45086431833,1735,2029,1.17696515887781,1.15545678266971,1170.4340195186,2004.71751793195
p46,994.45086431833,1735,2030,1.20936540566953,1.18362098760179,1202.65447294475,2053.58241348911
p46,994.45086431833,1735,2031,1.22157821125134,1.19420449548456,1214.79950801133,2071.94479966571
p46,994.45086431833,1735,2032,1.23391434814351,1.20488263724107,1227.0671900061,2090.47137561326
p46,994.45086431833,1735,2033,1.24637506181023,1.21565625905297,1239.458757482,2109.16360945691
p46,994.45086431833,1735,2034,1.25896161029305,1.22652621466815,1251.97546149952,2128.02298244924
p46,994.45086431833,1735,2035,1.27167526433789,1.23749336546839,1264.61856575306,2147.05098908766
p46,994.45086431833,1735,2036,1.28451730752331,1.24855858053765,1277.38934669841,2166.24913723283
p46,994.45086431833,1735,2037,1.29748903639013,1.25972273673092,1290.28909368172,2185.61894822815
p46,994.45086431833,1735,2038,1.31059176057232,1.2709867187437,1303.31910906962,2205.16195702031
p46,994.45086431833,1735,2039,1.32382680292921,1.28235141918211,1316.48070838072,2224.87971228096
p46,994.45086431833,1735,2040,1.33719549967907,1.29381773863365,1329.77522041843,2244.77377652939
p46,994.45086431833,1735,2041,1.34525664823673,1.30072385986332,1337.79163656899,2256.75589686286
p46,994.45086431833,1735,2042,1.35336639261758,1.30766684448496,1345.85637887793,2268.80197518141
p46,994.45086431833,1735,2043,1.36152502577664,1.31464688926744,1353.96973867462,2280.91235287901
p46,994.45086431833,1735,2044,1.36973284243501,1.32166419202994,1362.13200904469,2293.08737317195
p46,994.45086431833,1735,2045,1.37799013909045,1.32871895164756,1370.34348484063,2305.32738110852
p46,994.45086431833,1735,2046,1.38629721402815,1.33581136805694,1378.60446269239,2317.6327235788
p46,994.45086431833,1735,2047,1.39465436733149,1.34294164226196,1386.91524101814,2330.0037493245
p46,994.45086431833,1735,2048,1.40306190089285,1.35010997633939,1395.27612003501,2342.44080894884
p46,994.45086431833,1735,2049,1.41152011842454,1.35731657344466,1403.68740177,2354.94425492648
p46,994.45086431833,1735,2050,1.42002932546979,1.36456163781759,1412.14939007081,2367.51444161353
p47,951.640900195695,1567,2023,1,1,951.640900195695,1567
p47,951.640900195695,1567,2024,1,1,951.640900195695,1567
p47,951.640900195695,1567,2025,1,1,951.640900195695,1567
p47,951.640900195695,1567,2026,1,1,951.640900195695,1567
p47,951.640900195695,1567,2027,1,1,951.640900195695,1567
p47,951.640900195695,1567,2028,1,1,951.640900195695,1567
p47,951.640900195695,1567,2029,1,1,951.640900195695,1567
p47,951.640900195695,1567,2030,1,1,951.640900195695,1567
p47,951.640900195695,1567,2031,1.00804068855233,1.00711954629772,959.292748287824,1578.15632904852
p47,951.640900195695,1567,2032,1.01614602977705,1.01428978053492,967.006122507311,1589.39208609821
p47,951.640900195695,1567,2033,1.02431654352617,1.02151106358673,974.781517566585,1600.70783664041
p47,951.640900195695,1567,2034,1.03255275383166,1.02878375889757,982.619432155901,1612.10415019249
p47,951.640900195695,1567,2035,1.04085518893906,1.03610823249938,990.52036897533,1623.58160032652
p47,951.640900195695,1567,2036,1.0492243813414,1.0434848530301,998.484834766996,1635.14076469817
p47,951.640900195695,1567,2037,1.05766086781327,1.05091399175221,1006.51334034758,1646.78222507572
p47,951.640900195695,1567,2038,1.06616518944534,1.05839602257141,1014.60640064107,1658.5065673694
p47,951.640900195695,1567,2039,1.074737891679,1.06593132205542,1022.76453471183,1670.31438166085
p47,951.640900195695,1567,2040,1.08337952434137,1.07352026945298,1030.98826579781,1682.20626223282
p47,951.640900195695,1567,2041,1.09094698982888,1.08015982720247,1038.18977546654,1692.61044922627
p47,951.640900195695,1567,2042,1.09856731447851,1.08684044959542,1045.44158807589,1703.07898451602
p47,951.640900195695,1567,2043,1.10624086751439,1.09356239061032,1052.74405499466,1713.61226608637
p47,951.640900195695,1567,2044,1.11396802073974,1.10032590579651,1060.09753004598,1724.21069438313
p47,951.640900195695,1567,2045,1.12174914855481,1.10713125228384,1067.50236952446,1734.87467232877
p47,951.640900195695,1567,2046,1.1295846279751,1.11397868879246,1074.95893221344,1745.60460533779
p47,951.640900195695,1567,2047,1.13747483864953,1.1208684756427,1082.46757940239,1756.40090133211
p47,951.640900195695,1567,2048,1.14542016287894,1.12780087476489,1090.02867490441,1767.26397075658
p47,951.640900195695,1567,2049,1.15342098563452,1.13477614970939,1097.64258507384,1778.19422659461
p47,951.640900195695,1567,2050,1.16147769457654,1.14179456565656,1105.30967882404,1789.19208438382
p48,3164.88054468363,5636,2023,1,1,3164.88054468363,5636
p48,3164.88054468363,5636,2024,1,1,3164.88054468363,5636
p48,3164.88054468363,5636,2025,1,1,3164.88054468363,5636
p48,3164.88054468363,5636,2026,1,1,3164.88054468363,5636
p48,3164.88054468363,5636,2027,1,1,3164.88054468363,5636
p48,3164.88054468363,5636,2028,1,1,3164.88054468363,5636
p48,3164.88054468363,5636,2029,1,1,3164.88054468363,5636
p48,3164.88054468363,5636,2030,1,1,3164.88054468363,5636
p48,3164.88054468363,5636,2031,1.00963558043219,1.00853172717061,3195.37600573019,5684.08481433357
p48,3164.88054468363,5636,2032,1.01936400527464,1.01713624470974,3226.16530824448,5732.57987518408
p48,3164.88054468363,5636,2033,1.02918616913714,1.02581417364494,3257.2512835596,5781.48868266289
p48,3164.88054468363,5636,2034,1.03910297524955,1.03456614030223,3288.63679029018,5830.81476674335
p48,3164.88054468363,5636,2035,1.04911533554489,1.04339277635124,3320.32471459527,5880.56168751559
p48,3164.88054468363,5636,2036,1.05922417074318,1.05229471885086,3352.31797044373,5930.73303544342
p48,3164.88054468363,5636,2037,1.06943041043609,1.06127261029517,3384.61949988221,5981.33243162356
p48,3164.88054468363,5636,2038,1.07973499317247,1.07032709865985,3417.23227330567,6032.36352804691
p48,3164.88054468363,5636,2039,1.09013886654463,1.07945883744893,3450.15928973057,6083.83000786215
p48,3164.88054468363,5636,2040,1.10064298727548,1.08866848574195,3483.40357707062,6135.73558564162
p48,3164.88054468363,5636,2041,1.10889161377088,1.09589268801424,3509.50949458628,6176.45118964828
p48,3164.88054468363,5636,2042,1.11720205853055,1.10316482875372,3535.81105952385,6217.43697485596
p48,3164.88054468363,5636,2043,1.12557478484349,1.11048522607115,3562.30973813763,6258.69473413702
p48,3164.88054468363,5636,2044,1.13401025947073,1.11785420018825,3589.00700767056,6300.226272261
p48,3164.88054468363,5636,2045,1.14250895267141,1.12527207345166,3615.90435643661,6342.03340597356
p48,3164.88054468363,5636,2046,1.15107133822893,1.13273917034704,3643.0032839037,6384.11796407592
p48,3164.88054468363,5636,2047,1.15969789347744,1.14025581751329,3670.30530077733,6426.48178750492
p48,3164.88054468363,5636,2048,1.16838909932837,1.14782234375683,3697.81192908479,6469.1267294135
p48,3164.88054468363,5636,2049,1.17714544029731,1.15543908006597,3725.52470226001,6512.05465525179
p48,3164.88054468363,5636,2050,1.18596740453098,1.16310635962539,3753.44516522903,6555.26744284868
p49,97.8014840182648,184,2023,1,1,97.8014840182648,184
p49,97.8014840182648,184,2024,1,1,97.8014840182648,184
p49,97.8014840182648,184,2025,1,1,97.8014840182648,184
p49,97.8014840182648,184,2026,1,1,97.8014840182648,184
p49,97.8014840182648,184,2027,1,1,97.8014840182648,184
p49,97.8014840182648,184,2028,1,1,97.8014840182648,184
p49,97.8014840182648,184,2029,1,1,97.8014840182648,184
p49,97.8014840182648,184,2030,1,1,97.8014840182648,184
p49,97.8014840182648,184,2031,1.01003754037257,1.00888763853153,98.7831703625956,185.635325489802
p49,97.8014840182648,184,2032,1.02017583296188,1.01785426718173,99.7747104232409,187.285185161439
p49,97.8014840182648,184,2033,1.03041588907235,1.02690058798622,100.776203107276,188.949708189465
p49,97.8014840182648,184,2034,1.04075873015946,1.03602730922006,101.78774831456,190.629024896492
p49,97.8014840182648,184,2035,1.05120538793154,1.04523514545321,102.8094469477,192.323266763391
p49,97.8014840182648,184,2036,1.06175690445277,1.05452481760645,103.84140092212,194.032566439587
p49,97.8014840182648,184,2037,1.07241433224707,1.06389705300787,104.88371317622,195.757057753448
p49,97.8014840182648,184,2038,1.08317873440312,1.07335258544977,105.936487681651,197.496875722757
p49,97.8014840182648,184,2039,1.09405118468041,1.08289215524613,106.999829453684,199.252156565288
p49,97.8014840182648,184,2040,1.1050327676163,1.09251650929059,108.073844561684,201.023037709469
p49,97.8014840182648,184,2041,1.11464018097713,1.100926943285,109.01346384595,202.570557564441
p49,97.8014840182648,184,2042,1.124331123437,1.10940212266255,109.961252400061,204.12999056991
p49,97.8014840182648,184,2043,1.13410632121743,1.11794254584753,110.91728124956,205.701428435945
p49,97.8014840182648,184,2044,1.14396650685389,1.12654871510121,111.881622037501,207.284963578623
p49,97.8014840182648,184,2045,1.15391241925068,1.13522113655139,112.854347029823,208.880689125457
p49,97.8014840182648,184,2046,1.16394480373631,1.14396032022215,113.835529120759,210.488698920876
p49,97.8014840182648,184,2047,1.17406441211933,1.15276678006385,114.825241838302,212.109087531748
p49,97.8014840182648,184,2048,1.18427200274473,1.16164103398334,115.823559349717,213.741950252934
p49,97.8014840182648,184,2049,1.19456834055069,1.17058360387445,116.830556467093,215.387383112898
p49,97.8014840182648,184,2050,1.20495419712595,1.17959501564865,117.846308652955,217.045482879351
p5,4661.52049902153,7389,2023,1,1,4661.52049902153,7389
p5,4661.52049902153,7389,2024,1.07348916873378,1.06507024066109,5004.09176553008,7869.80400824479
p5,4661.52049902153,7389,2025,1.15237899538873,1.13437461754187,5371.83830964642,8381.89404901688
p5,4661.52049902153,7389,2026,1.23706636982612,1.20818864690515,5766.61024159459,8927.30591198215
p5,4661.52049902153,7389,2027,1.32797734901315,1.28680577292326,6190.39363466106,9508.20785612999
p5,4661.52049902153,7389,2028,1.42556930048941,1.37053853425146,6645.32051700716,10126.909229584
p5,4661.52049902153,7389,2029,1.53033320335477,1.4597198065105,7133.67959777152,10785.8696503061
p5,4661.52049902153,7389,2030,1.64279611835501,1.55470412561789,7657.92778142485,11487.7087841906
p5,4661.52049902153,7389,2031,1.66631986541851,1.574416078941,7767.58421057517,11633.3604072951
p5,4661.52049902153,7389,2032,1.6901804568839,1.59437795834163,7878.81084680985,11780.8587341863
p5,4661.52049902153,7389,2033,1.71438271613882,1.61459293260995,7991.63017444932,11930.2271790549
p5,4661.52049902153,7389,2034,1.73893153563863,1.63506421071297,8106.06499977447,12081.4894529581
p5,4661.52049902153,7389,2035,1.76383187789539,1.65579504230386,8222.138455637,12234.6695675833
p5,4661.52049902153,7389,2036,1.78908877648102,1.6767887182379,8339.8740061356,12389.7918390598
p5,4661.52049902153,7389,2037,1.81470733704484,1.69804857109478,8459.29545135929,12546.8808918193
p5,4661.52049902153,7389,2038,1.84069273834568,1.71957797570769,8580.42693219848,12705.9616625041
p5,4661.52049902153,7389,2039,1.86705023329876,1.74138034969903,8703.29293522508,12867.0594039261
p5,4661.52049902153,7389,2040,1.89378515003751,1.76345915402291,8827.91829764243,13030.1996890753
p5,4661.52049902153,7389,2041,1.90342958860431,1.77141105067708,8872.87604572309,13088.9562534529
p5,4661.52049902153,7389,2042,1.91312314319425,1.77939880450449,8918.0627491525,13147.9777664837
p5,4661.52049902153,7389,2043,1.92286606393945,1.78742257719449,8963.47957392658,13207.2654228901
p5,4661.52049902153,7389,2044,1.93265860224585,1.7954825311655,9009.12769197933,13266.8204227819
p5,4661.52049902153,7389,2045,1.94250101079974,1.80357882956834,9055.00828121301,13326.6439716805
p5,4661.52049902153,7389,2046,1.95239354357423,1.81171163628953,9101.12252552855,13386.7372805433
p5,4661.52049902153,7389,2047,1.96233645583586,1.81988111595457,9147.47161485613,13447.1015657883
p5,4661.52049902153,7389,2048,1.97233000415116,1.82808743393134,9194.05674518584,13507.7380493186
p5,4661.52049902153,7389,2049,1.98237444639325,1.83633075633336,9240.87911859859,13568.6479585472
p5,4661.52049902153,7389,2050,1.99247004174853,1.84461125002323,9287.93994329706,13629.8325264217
p50,5088.7081702544,9585,2023,1,1,5088.7081702544,9585
p50,5088.7081702544,9585,2024,1.04900614920239,1.04339199881311,5338.0861620933,10000.9123086237
p50,5088.7081702544,9585,2025,1.10041390106442,1.08866686318722,5599.68520900804,10434.8718836495
p50,5088.7081702544,9585,2026,1.15434094888437,1.13590629442251,5874.1042178471,10887.6618320398
p50,5088.7081702544,9585,2027,1.21091075365582,1.1851955390019,6161.97144557728,11360.0992413332
p50,5088.7081702544,9585,2028,1.27025282672025,1.23662354242358,6463.9459376201,11853.03665413
p50,5088.7081702544,9585,2029,1.33250302627126,1.29028310970869,6780.71903667528,12367.3636065578
p50,5088.7081702544,9585,2030,1.39780386838934,1.34627107287374,7113.01596548606,12904.0082334948
p50,5088.7081702544,9585,2031,1.41183438115124,1.35823624353491,7184.41315041037,13018.6943942821
p50,5088.7081702544,9585,2032,1.42600572575143,1.37030775630787,7256.52698746085,13134.3998442109
p50,5088.7081702544,9585,2033,1.44031931579518,1.38248655632289,7329.36467006215,13251.1336423549
p50,5088.7081702544,9585,2034,1.45477657907687,1.39477359711019,7402.9334638432,13368.9049283012
p50,5088.7081702544,9585,2035,1.46937895772242,1.40716984067464,7477.240707362,13487.7229228664
p50,5088.7081702544,9585,2036,1.48412790833317,1.41967625757103,7552.29381283758,13607.5969288183
p50,5088.7081702544,9585,2037,1.49902490213113,1.43229382698012,7628.10026688946,13728.5363316044
p50,5088.7081702544,9585,2038,1.51407142510576,1.44502353678526,7704.66763128439,13850.5506000868
p50,5088.7081702544,9585,2039,1.52926897816221,1.45786638364977,7782.00354369066,13973.649287283
p50,5088.7081702544,9585,2040,1.54461907727104,1.47082337309492,7860.11571843995,14097.8420311148
p50,5088.7081702544,9585,2041,1.55804835683203,1.48214609709191,7928.45340306258,14206.370340626
p50,5088.7081702544,9585,2042,1.57159439369077,1.49355598592532,7997.38523150025,14315.7341250942
p50,5088.7081702544,9585,2043,1.58525820296253,1.50505371060936,8066.91636937825,14425.9398161907
p50,5088.7081702544,9585,2044,1.59904080858822,1.51663994732385,8137.05202723306,14536.9938950991
p50,5088.7081702544,9585,2045,1.61294324341111,1.528315377454,8207.79746090275,14648.9028928966
p50,5088.7081702544,9585,2046,1.62696654925428,1.54008068763047,8279.15797192089,14761.6733909381
p50,5088.7081702544,9585,2047,1.64111177699866,1.55193656976977,8351.13890791382,14875.3120212432
p50,5088.7081702544,9585,2048,1.65537998666177,1.56388372111492,8423.74566300139,14989.8254668865
p50,5088.7081702544,9585,2049,1.66977224747719,1.57592284427646,8496.98367820121,15105.2204623899
p50,5088.7081702544,9585,2050,1.68428963797463,1.58805464727382,8570.85844183634,15221.5037941196
p51,2841.93897586432,5353,2023,1,1,2841.93897586432,5353
p51,2841.93897586432,5353,2024,1.034545337185,1.03058781917223,2940.11471604474,5516.73659602895
p51,2841.93897586432,5353,2025,1.07028405469122,1.06211125302617,3041.68197027308,5685.48153744911
p51,2841.93897586432,5353,2026,1.10725737824426,1.09459891997453,3146.7578995457,5859.38801862366
p51,2841.93897586432,5353,2027,1.14550795772628,1.12808031380483,3255.46371222506,6038.61391979726
p51,2841.93897586432,5353,2028,1.18507991637404,1.16258583045525,3367.9248038574,6223.32195042693
p51,2841.93897586432,5353,2029,1.22601890167635,1.19814679560941,3484.27090182037,6413.67979689716
p51,2841.93897586432,5353,2030,1.26837213802994,1.2347954931353,3604.63621496764,6609.86027475324
p51,2841.93897586432,5353,2031,1.28110347457286,1.24576990913865,3640.81789650381,6668.60632361919
p51,2841.93897586432,5353,2032,1.29396260242033,1.25684186178453,3677.36275312915,6727.87448613261
p51,2841.93897586432,5353,2033,1.30695080428272,1.26801221794337,3714.27443022828,6787.66940265088
p51,2841.93897586432,5353,2034,1.32006937574567,1.27928185219002,3751.55660977651,6847.99575477319
p51,2841.93897586432,5353,2035,1.33331962539932,1.29065164687224,3789.21301070713,6908.85826570709
p51,2841.93897586432,5353,2036,1.3467028749688,1.30212249217977,3827.24738928238,6970.2617006383
p51,2841.93897586432,5353,2037,1.36022045944616,1.31369528621404,3865.66353946812,7032.21086710376
p51,2841.93897586432,5353,2038,1.37387372722345,1.32537093505849,3904.46529331231,7094.7106153681
p51,2841.93897586432,5353,2039,1.38766404022727,1.33715035284949,3943.65652132724,7157.76583880332
p51,2841.93897586432,5353,2040,1.40159277405462,1.34903446184793,3983.24113287562,7221.38147427196
p51,2841.93897586432,5353,2041,1.41377854948004,1.35941962783954,4017.87236300824,7276.97326782507
p51,2841.93897586432,5353,2042,1.42607027088739,1.36988474113845,4052.80468515626,7332.99301931413
p51,2841.93897586432,5353,2043,1.43846885939582,1.38043041719673,4088.04071708408,7389.44402325409
p51,2841.93897586432,5353,2044,1.45097524413291,1.39105727620434,4123.58309931557,7446.32959952181
p51,2841.93897586432,5353,2045,1.46359036230429,1.40176594312559,4159.43449533193,7503.65309355128
p51,2841.93897586432,5353,2046,1.47631515926386,1.41255704773593,4195.59759177129,7561.41787653042
p51,2841.93897586432,5353,2047,1.48915058858466,1.42343122465893,4232.07509863004,7619.62734559925
p51,2841.93897586432,5353,2048,1.50209761213033,1.43438911340365,4268.8697494659,7678.28492404975
p51,2841.93897586432,5353,2049,1.51515720012715,1.44543135840224,4305.98430160279,7737.39406152719
p51,2841.93897586432,5353,2050,1.52833033123679,1.45655860904781,4343.42153633747,7796.95823423291
p52,196.184116112198,369,2023,1,1,196.184116112198,369
p52,196.184116112198,369,2024,1,1,196.184116112198,369
p52,196.184116112198,369,2025,1,1,196.184116112198,369
p52,196.184116112198,369,2026,1,1,196.184116112198,369
p52,196.184116112198,369,2027,1,1,196.184116112198,369
p52,196.184116112198,369,2028,1,1,196.184116112198,369
p52,196.184116112198,369,2029,1,1,196.184116112198,369
p52,196.184116112198,369,2030,1,1,196.184116112198,369
p52,196.184116112198,369,2031,1.00970928335788,1.00859698668021,198.088923285848,372.172288084999
p52,196.184116112198,369,2032,1.01951283689909,1.01726788154041,200.012224772088,375.37184828841
p52,196.184116112198,369,2033,1.02941157591955,1.02601331996822,201.954200137441,378.598915068273
p52,196.184116112198,369,2034,1.03940642460203,1.03483394281371,203.915030691891,381.853724898258
p52,196.184116112198,369,2035,1.0494983161025,1.04373039643631,205.89489950581,385.136516284998
p52,196.184116112198,369,2036,1.05968819263716,1.05270333275221,207.893991427055,388.447529785564
p52,196.184116112198,369,2037,1.06997700557048,1.06175340928209,209.912493098222,391.787008025092
p52,196.184116112198,369,2038,1.08036571550399,1.07088128919936,211.950592974072,395.155195714564
p52,196.184116112198,369,2039,1.09085529236596,1.0800876413787,214.008481339129,398.55233966874
p52,196.184116112198,369,2040,1.10144671550199,1.08937314044509,216.086350325441,401.97868882424
p52,196.184116112198,369,2041,1.10922087620946,1.09618123788783,217.611517172351,404.490876780611
p52,196.184116112198,369,2042,1.11704990800045,1.10303188291053,219.14744885428,407.018764793984
p52,196.184116112198,369,2043,1.12493419816251,1.10992534141661,220.694221350896,409.562450982731
p52,196.184116112198,369,2044,1.13287413671674,1.11686188097132,222.251911178144,412.122034078417
p52,196.184116112198,369,2045,1.14087011643707,1.12384177081203,223.820595392028,414.697613429639
p52,196.184116112198,369,2046,1.14892253286967,1.13086528185875,225.400351592425,417.289289005877
p52,196.184116112198,369,2047,1.15703178435253,1.13793268672459,226.99125792692,419.897161401375
p52,196.184116112198,369,2048,1.16519827203515,1.14504425972642,228.593393094677,422.521331839048
p52,196.184116112198,369,2049,1.17342239989843,1.15220027689541,230.206836350328,425.161902174408
p52,196.184116112198,369,2050,1.18170457477459,1.15940101598785,231.831667507894,427.818974899518
p53,4661.5567677756,8765,2023,1,1,4661.5567677756,8765
p53,4661.5567677756,8765,2024,1,1,4661.5567677756,8765
p53,4661.5567677756,8765,2025,1,1,4661.5567677756,8765
p53,4661.5567677756,8765,2026,1,1,4661.5567677756,8765
p53,4661.5567677756,8765,2027,1,1,4661.5567677756,8765
p53,4661.5567677756,8765,2028,1,1,4661.5567677756,8765
p53,4661.5567677756,8765,2029,1,1,4661.5567677756,8765
p53,4661.5567677756,8765,2030,1,1,4661.5567677756,8765
p53,4661.5567677756,8765,2031,1.00970928335788,1.00859698668021,4706.8171433228,8840.35258825207
p53,4661.5567677756,8765,2032,1.01951283689909,1.01726788154041,4752.51696468107,8916.35298170166
p53,4661.5567677756,8765,2033,1.02941157591955,1.02601331996822,4798.66049855431,8993.00674952143
p53,4661.5567677756,8765,2034,1.03940642460203,1.03483394281371,4845.25205307306,9070.31950876214
p53,4661.5567677756,8765,2035,1.0494983161025,1.04373039643631,4892.29597819671,9148.29692476424
p53,4661.5567677756,8765,2036,1.05968819263716,1.05270333275221,4939.79666611966,9226.94471157308
p53,4661.5567677756,8765,2037,1.06997700557048,1.06175340928209,4987.75855168135,9306.26863235754
p53,4661.5567677756,8765,2038,1.08036571550399,1.07088128919936,5036.18611278034,9386.2744998324
p53,4661.5567677756,8765,2039,1.09085529236596,1.0800876413787,5085.08387079236,9466.96817668429
p53,4661.5567677756,8765,2040,1.10144671550199,1.08937314044509,5134.45639099249,9548.35557600125
p53,4661.5567677756,8765,2041,1.10922087620946,1.09618123788783,5170.6960824522,9608.02855008687
p53,4661.5567677756,8765,2042,1.11704990800045,1.10303188291053,5207.19155858259,9668.07445371077
p53,4661.5567677756,8765,2043,1.12493419816251,1.10992534141661,5243.94462474666,9728.49561751662
p53,4661.5567677756,8765,2044,1.13287413671674,1.11686188097132,5280.95709904988,9789.29438671362
p53,4661.5567677756,8765,2045,1.14087011643707,1.12384177081203,5318.23081243018,9850.47312116745
p53,4661.5567677756,8765,2046,1.14892253286967,1.13086528185875,5355.76760874851,9912.0341954919
p53,4661.5567677756,8765,2047,1.15703178435253,1.13793268672459,5393.56934488,9973.97999914107
p53,4661.5567677756,8765,2048,1.16519827203515,1.14504425972642,5431.6378908059,10036.312936502
p53,4661.5567677756,8765,2049,1.17342239989843,1.15220027689541,5469.97512970601,10099.0354269883
p53,4661.5567677756,8765,2050,1.18170457477459,1.15940101598785,5508.58295805188,10162.1499051335
p54,2531.51133398565,4650,2023,1,1,2531.51133398565,4650
p54,2531.51133398565,4650,2024,1,1,2531.51133398565,4650
p54,2531.51133398565,4650,2025,1,1,2531.51133398565,4650
p54,2531.51133398565,4650,2026,1,1,2531.51133398565,4650
p54,2531.51133398565,4650,2027,1,1,2531.51133398565,4650
p54,2531.51133398565,4650,2028,1,1,2531.51133398565,4650
p54,2531.51133398565,4650,2029,1,1,2531.51133398565,4650
p54,2531.51133398565,4650,2030,1,1,2531.51133398565,4650
p54,2531.51133398565,4650,2031,1.00955510128288,1.0084604677224,2555.70018118065,4689.34117490917
p54,2531.51133398565,4650,2032,1.01920150252629,1.01699251495888,2580.12015526051,4729.01519455881
p54,2531.51133398565,4650,2033,1.0289400761106,1.02559674730562,2604.77346466603,4769.02487497112
p54,2531.51133398565,4650,2034,1.03877170275185,1.0342737754824,2629.66233893988,4809.37305599315
p54,2531.51133398565,4650,2035,1.04869727158143,1.04302421537599,2654.78902892823,4850.06260149836
p54,2531.51133398565,4650,2036,1.05871768022648,1.05184868808386,2680.15580698432,4891.09639958997
p54,2531.51133398565,4650,2037,1.06883383489102,1.06074781995825,2705.76496717396,4932.47736280585
p54,2531.51133398565,4650,2038,1.07904665043797,1.06972224265061,2731.61882548298,4974.20842832535
p54,2531.51133398565,4650,2039,1.08935705047186,1.07877259315649,2757.7197200267,5016.29255817769
p54,2531.51133398565,4650,2040,1.09976596742235,1.0878995138607,2784.07001126136,5058.73273945227
p54,2531.51133398565,4650,2041,1.10712610212626,1.09434615280344,2802.70227568397,5088.70961053601
p54,2531.51133398565,4650,2042,1.11453549420352,1.10083099302592,2821.45923570551,5118.86411757054
p54,2531.51133398565,4650,2043,1.12199447330691,1.10735426090002,2840.34172584571,5149.1973131851
p54,2531.51133398565,4650,2044,1.1295033712954,1.11391618413905,2859.3505862093,5179.71025624656
p54,2531.51133398565,4650,2045,1.13706252224889,1.12051699180568,2878.48666252337,5210.40401189641
p54,2531.51133398565,4650,2046,1.14467226248311,1.12715691431998,2897.75080617498,5241.27965158788
p54,2531.51133398565,4650,2047,1.15233293056457,1.1338361834674,2917.1438742491,5272.33825312343
p54,2531.51133398565,4650,2048,1.16004486732561,1.14055503240694,2936.66672956665,5303.58090069229
p54,2531.51133398565,4650,2049,1.16780841587959,1.14731369567921,2956.320240723,5335.00868490834
p54,2531.51133398565,4650,2050,1.17562392163612,1.15411240921467,2976.10528212651,5366.62270284823
p55,1199.38677429876,2203,2023,1,1,1199.38677429876,2203
p55,1199.38677429876,2203,2024,1.02675850886885,1.02369305085128,1231.48057593601,2255.19579102537
p55,1199.38677429876,2203,2025,1.05423303553458,1.0479474623612,1264.43315984901,2308.62825958173
p55,1199.38677429876,2203,2026,1.08244273956576,1.0727765348764,1298.26750577089,2363.3267063327
p55,1199.38677429876,2203,2027,1.11140729321245,1.09819388386928,1333.0072083382,2419.32112616403
p55,1199.38677429876,2203,2028,1.14114689512477,1.12421344740437,1368.67649354475,2476.64222463182
p55,1199.38677429876,2203,2029,1.17168228443863,1.15084949378141,1405.30023563585,2535.32143480045
p55,1199.38677429876,2203,2030,1.20303475523825,1.17811662935974,1442.9039744545,2595.39093447952
p55,1199.38677429876,2203,2031,1.21452987417138,1.18808404707567,1456.69106807189,2617.34915570769
p55,1199.38677429876,2203,2032,1.22613483013017,1.19813579380745,1470.60989876519,2639.49315375781
p55,1199.38677429876,2203,2033,1.23785067261853,1.20827258301801,1484.6617252955,2661.82450038868
p55,1199.38677429876,2203,2034,1.24967846116849,1.2184951342065,1498.84781845151,2684.34478065692
p55,1199.38677429876,2203,2035,1.26161926543599,1.22880417295936,1513.16946116444,2707.05559302946
p55,1199.38677429876,2203,2036,1.27367416529767,1.23920043100183,1527.62794862404,2729.95854949703
p55,1199.38677429876,2203,2037,1.28584425094848,1.24968464624991,1542.2245883957,2753.05527568854
p55,1199.38677429876,2203,2038,1.2981306230003,1.26025756286268,1556.96070053877,2776.34741098649
p55,1199.38677429876,2203,2039,1.31053439258148,1.2709199312952,1571.83761772589,2799.83660864332
p55,1199.38677429876,2203,2040,1.3230566814373,1.28167250835168,1586.8566853635,2823.52453589874
p55,1199.38677429876,2203,2041,1.33191117928934,1.2892674008936,1597.4766529803,2840.25608416859
p55,1199.38677429876,2203,2042,1.34082493547347,1.29690729899844,1608.16769425687,2857.08677969356
p55,1199.38677429876,2203,2043,1.34979834657345,1.30459246935868,1618.93028485053,2874.01720999718
p55,1199.38677429876,2203,2044,1.35883181182714,1.31232318024716,1629.76490360189,2891.04796608449
p55,1199.38677429876,2203,2045,1.36792573314428,1.32009970152643,1640.67203255618,2908.17964246272
p55,1199.38677429876,2203,2046,1.37708051512438,1.32792230465818,1651.6521569847,2925.41283716197
p55,1199.38677429876,2203,2047,1.38629656507472,1.33579126271273,1662.70576540642,2942.74815175615
p55,1199.38677429876,2203,2048,1.39557429302845,1.34370685037856,1673.83334960967,2960.18619138397
p55,1199.38677429876,2203,2049,1.40491411176287,1.35166934397187,1685.03540467407,2977.72756477002
p55,1199.38677429876,2203,2050,1.41431643681775,1.35967902144624,1696.31242899255,2995.37288424607
p56,1662.0310828441,2883,2023,1,1,1662.0310828441,2883
p56,1662.0310828441,2883,2024,1.05781355187447,1.05119042436814,1758.11900306909,3030.58199345336
p56,1662.0310828441,2883,2025,1.11896951052928,1.10500130828328,1859.76210725451,3185.71877178069
p56,1662.0310828441,2883,2026,1.18366111237222,1.16156679418165,1967.28156031645,3348.79706762571
p56,1662.0310828441,2883,2027,1.25209276549415,1.22102789130776,2081.01709485549,3520.22341064027
p56,1662.0310828441,2883,2028,1.32448069554369,1.28353282722914,2201.32808462058,3700.42514090162
p56,1662.0310828441,2883,2029,1.40105362894224,1.34923741734545,2328.59468003352,3889.85147420692
p56,1662.0310828441,2883,2030,1.48205351559801,1.41830545331274,2463.21900936226,4088.97462190062
p56,1662.0310828441,2883,2031,1.49733384489034,1.43125330387364,2488.61539160221,4126.30327506772
p56,1662.0310828441,2883,2032,1.51277171806406,1.4443193566411,2514.27361666994,4163.97270519631
p56,1662.0310828441,2883,2033,1.52836875943461,1.45750469069474,2540.19638422819,4201.98602327292
p56,1662.0310828441,2883,2034,1.54412661006448,1.47081039496518,2566.38642177385,4240.34636868461
p56,1662.0310828441,2883,2035,1.56004692793594,1.48423756832403,2592.84648492498,4279.05690947819
p56,1662.0310828441,2883,2036,1.57613138812544,1.4977873196746,2619.5793577107,4318.12084262188
p56,1662.0310828441,2883,2037,1.59238168297989,1.51146076804348,2646.58785286417,4357.54139426935
p56,1662.0310828441,2883,2038,1.60879952229468,1.52525904267296,2673.87481211849,4397.32182002615
p56,1662.0310828441,2883,2039,1.62538663349362,1.53918328311431,2701.44310650572,4437.46540521855
p56,1662.0310828441,2883,2040,1.64214476181068,1.55323463932186,2729.29563665896,4477.97546516493
p56,1662.0310828441,2883,2041,1.65768590278427,1.56625034160198,2755.12549601993,4515.49973483851
p56,1662.0310828441,2883,2042,1.67337412400826,1.57937511208181,2781.19980732874,4553.33844813186
p56,1662.0310828441,2883,2043,1.68921081743966,1.5926098647245,2807.5208840612,4591.49424000074
p56,1662.0310828441,2883,2044,1.70519738820886,1.60595552115197,2834.09106158769,4629.96976748113
p56,1662.0310828441,2883,2045,1.72133525474429,1.61941301070909,2860.91269738037,4668.7677098743
p56,1662.0310828441,2883,2046,1.7376258488983,1.63298327052839,2887.98817122234,4707.89076893335
p56,1662.0310828441,2883,2047,1.75407061607419,1.64666724559534,2915.3198854188,4747.34166905138
p56,1662.0310828441,2883,2048,1.77067101535445,1.66046588881415,2942.91026501022,4787.12315745119
p56,1662.0310828441,2883,2049,1.78742851963023,1.67438016107409,2970.76175798744,4827.2380043766
p56,1662.0310828441,2883,2050,1.80434461573199,1.68841103131646,2998.87683550895,4867.68900328535
p57,1026.33935094586,1828,2023,1,1,1026.33935094586,1828
p57,1026.33935094586,1828,2024,1.05768619252547,1.05107765532159,1085.54496034098,1921.36995392787
p57,1026.33935094586,1828,2025,1.11870008185902,1.10476423751633,1148.16591591827,2019.50902617986
p57,1026.33935094586,1828,2026,1.1832336301594,1.16119300445181,1214.39923599511,2122.66081213792
p57,1026.33935094586,1828,2027,1.25148987315138,1.22050402049505,1284.4533041255,2231.08134946494
p57,1026.33935094586,1828,2028,1.32368355891766,1.28284450417251,1358.54852471726,2345.03975362735
p57,1026.33935094586,1828,2029,1.40004182354019,1.34836919358783,1436.91801646929,2464.81888587855
p57,1026.33935094586,1828,2030,1.48080490571663,1.41724073050416,1519.80834581065,2590.71605536161
p57,1026.33935094586,1828,2031,1.49507332049004,1.4293322417519,1534.45258136822,2612.81933792247
p57,1026.33935094586,1828,2032,1.50947921972164,1.44152691447469,1549.23792263537,2635.11119965973
p57,1026.33935094586,1828,2033,1.52402392815398,1.45382562881808,1564.16572924751,2657.59324947945
p57,1026.33935094586,1828,2034,1.53870878329428,1.4662292724368,1579.23737394095,2680.26711001447
p57,1026.33935094586,1828,2035,1.55353513553743,1.47873874055879,1594.45424267907,2703.13441774147
p57,1026.33935094586,1828,2036,1.56850434829013,1.49135493604985,1609.81773477984,2726.19682309913
p57,1026.33935094586,1828,2037,1.58361779809631,1.50407876947878,1625.32926304448,2749.45599060721
p57,1026.33935094586,1828,2038,1.59887687476371,1.51691115918308,1640.99025388733,2772.91359898667
p57,1026.33935094586,1828,2039,1.61428298149166,1.52985303133529,1656.80214746709,2796.5713412809
p57,1026.33935094586,1828,2040,1.62983753500013,1.54290532000977,1672.76639781923,2820.43092497786
p57,1026.33935094586,1828,2041,1.64205214157994,1.55314375371547,1685.30272920842,2839.14678179188
p57,1026.33935094586,1828,2042,1.65435828894876,1.56345012776942,1697.93301251157,2857.98683356249
p57,1026.33935094586,1828,2043,1.66675666314718,1.57382489301116,1710.65795183916,2876.95190442439
p57,1026.33935094586,1828,2044,1.67924795535725,1.58426850327194,1723.47825657852,2896.04282398111
p57,1026.33935094586,1828,2045,1.69183286194099,1.59478141539456,1736.39464143339,2915.26042734125
p57,1026.33935094586,1828,2046,1.70451208447921,1.60536408925331,1749.40782646376,2934.60555515505
p57,1026.33935094586,1828,2047,1.71728632981063,1.61601698777415,1762.51853712604,2954.07905365115
p57,1026.33935094586,1828,2048,1.73015631007129,1.62674057695493,1775.72750431345,2973.6817746736
p57,1026.33935094586,1828,2049,1.74312274273422,1.63753532588574,1789.03546439681,2993.41457571914
p57,1026.33935094586,1828,2050,1.75618635064949,1.64840170676951,1802.44315926557,3013.27831997467
p58,8464.28604044357,14428,2023,1,1,8464.28604044357,14428
p58,8464.28604044357,14428,2024,1.04653993947468,1.04120831837057,8858.21340046223,15022.5536174506
p58,8464.28604044357,14428,2025,1.09524584491568,1.08411476224408,9270.47411597359,15641.6077896575
p58,8464.28604044357,14428,2026,1.14621852024795,1.12878930851687,9701.92142023262,16286.1721432814
p58,8464.28604044357,14428,2027,1.19956346080505,1.17530481771553,10153.4482559184,16957.2979099997
p58,8464.28604044357,14428,2028,1.25539107166696,1.22373715282642,10625.9891232082,17656.0796409796
p58,8464.28604044357,14428,2029,1.3138168961594,1.27416530302199,11120.5220138609,18383.6569920013
p58,8464.28604044357,14428,2030,1.37496185498748,1.32667151248566,11638.0704353129,19141.2165821431
p58,8464.28604044357,14428,2031,1.38646516715114,1.33649927689774,11735.4377598787,19283.0115670806
p58,8464.28604044357,14428,2032,1.3980647192143,1.34639984377255,11833.6196864823,19425.8569459503
p58,8464.28604044357,14428,2033,1.40976131634664,1.35637375241876,11932.6230303102,19569.7604998979
p58,8464.28604044357,14428,2034,1.42155577045412,1.36642154614015,12032.4546635668,19714.7300677101
p58,8464.28604044357,14428,2035,1.43344890023534,1.37654377226521,12133.1215159512,19860.7735462425
p58,8464.28604044357,14428,2036,1.44544153123834,1.38674098217695,12234.630575138,20007.8988908491
p58,8464.28604044357,14428,2037,1.45753449591793,1.39701373134293,12336.9888872631,20156.1141158158
p58,8464.28604044357,14428,2038,1.46972863369349,1.40736257934552,12440.203557412,20305.4272947972
p58,8464.28604044357,14428,2039,1.48202479100718,1.4177880899124,12544.2817501134,20455.8465612561
p58,8464.28604044357,14428,2040,1.49442382138275,1.42829083094722,12649.2306898363,20607.3801089065
p58,8464.28604044357,14428,2041,1.50579076818395,1.43791018194831,12745.4437789682,20746.1681051502
p58,8464.28604044357,14428,2042,1.5172441747148,1.44759431801395,12842.3886879828,20885.8908203052
p58,8464.28604044357,14428,2043,1.52878469860878,1.45734367546303,12940.070983278,21026.5545495806
p58,8464.28604044357,14428,2044,1.54041300250151,1.46715869355301,13038.4962735913,21168.1656305828
p58,8464.28604044357,14428,2045,1.55212975406875,1.47703981449966,13137.6702103212,21310.7304436011
p58,8464.28604044357,14428,2046,1.56393562606478,1.48698748349704,13237.5984878525,21454.2554118952
p58,8464.28604044357,14428,2047,1.57583129636099,1.49700214873751,13338.2868438824,21598.7470019848
p58,8464.28604044357,14428,2048,1.58781744798485,1.50708426143198,13439.7410597509,21744.2117239407
p58,8464.28604044357,14428,2049,1.59989476915907,1.51723427583018,13541.9669607718,21890.6561316778
p58,8464.28604044357,14428,2050,1.61206395334119,1.52745264924116,13644.9704165681,22038.0868232514
p59,884.442563600783,1573,2023,1,1,884.442563600783,1573
p59,884.442563600783,1573,2024,1.11406613284789,1.10099870285076,985.327506556799,1731.87095958424
p59,884.442563600783,1573,2025,1.24114334835865,1.21219814367905,1097.72000481839,1906.78768000715
p59,884.442563600783,1573,2026,1.38271577041581,1.33462858378874,1222.93268071779,2099.37076229968
p59,884.442563600783,1573,2027,1.54043681117493,1.46942433953894,1362.42788234057,2311.40448609476
p59,884.442563600783,1573,2028,1.71614848112219,1.61783429176971,1517.8347621633,2544.85334095376
p59,884.442563600783,1573,2029,1.91190290175658,1.78123345666593,1690.96830378537,2801.88022733551
p59,884.442563600783,1573,2030,2.12998627214062,1.96113572526356,1883.85051896652,3084.86649583958
p59,884.442563600783,1573,2031,2.1718789656238,1.99528867421009,1920.90220018693,3138.58908453247
p59,884.442563600783,1573,2032,2.21459560703108,2.03003639276217,1958.6826160216,3193.24724581489
p59,884.442563600783,1573,2033,2.25815240181799,2.06538923876281,1997.20609926517,3248.8572725739
p59,884.442563600783,1573,2034,2.30256587416991,2.10135775043565,2036.48726461051,3305.43574143528
p59,884.442563600783,1573,2035,2.34785287327084,2.13795264952627,2076.54101419313,3362.99951770482
p59,884.442563600783,1573,2036,2.39403057969554,2.17518484449816,2117.38254324459,3421.56576039561
p59,884.442563600783,1573,2037,2.44111651192729,2.21306543378447,2159.02734585717,3481.15192734296
p59,884.442563600783,1573,2038,2.4891285330039,2.25160570909622,2201.49122086183,3541.77578040835
p59,884.442563600783,1573,2039,2.53808485729447,2.29081715878827,2244.79027782185,3603.45539077396
p59,884.442563600783,1573,2040,2.58800405740936,2.33071147128386,2288.94094314436,3666.20914432951
p59,884.442563600783,1573,2041,2.61834110944303,2.35490259348557,2315.77232321711,3704.26177955281
p59,884.442563600783,1573,2042,2.64903377789217,2.37934480227633,2342.91822558401,3742.70937398067
p59,884.442563600783,1573,2043,2.68008623135675,2.40404070375579,2370.38233713233,3781.55602700786
p59,884.442563600783,1573,2044,2.71150268730188,2.42899293107306,2398.16838796768,3820.80588057793
p59,884.442563600783,1573,2045,2.7432874126305,2.45420414470746,2426.28015192068,3860.46311962484
p59,884.442563600783,1573,2046,2.775444724263,2.47967703275218,2454.72144705944,3900.53197251919
p59,884.442563600783,1573,2047,2.80797898972348,2.50541431120092,2483.49613620817,3941.01671151904
p59,884.442563600783,1573,2048,2.84089462773294,2.53141872423742,2512.60812747181,3981.92165322546
p59,884.442563600783,1573,2049,2.87419610880944,2.55769304452812,2542.06137476681,4023.25115904273
p59,884.442563600783,1573,2050,2.90788795587525,2.58424007351776,2571.85987835814,4065.00963564343
p6,1377.02504892368,2183,2023,1,1,1377.02504892368,2183
p6,1377.02504892368,2183,2024,1,1,1377.02504892368,2183
p6,1377.02504892368,2183,2025,1,1,1377.02504892368,2183
p6,1377.02504892368,2183,2026,1,1,1377.02504892368,2183
p6,1377.02504892368,2183,2027,1,1,1377.02504892368,2183
p6,1377.02504892368,2183,2028,1,1,1377.02504892368,2183
p6,1377.02504892368,2183,2029,1,1,1377.02504892368,2183
p6,1377.02504892368,2183,2030,1,1,1377.02504892368,2183
p6,1377.02504892368,2183,2031,1.01431933445707,1.01267890976701,1396.74313115498,2210.67806002139
p6,1377.02504892368,2183,2032,1.02884371225343,1.0255185742869,1416.74356320061,2238.70704766831
p6,1377.02504892368,2183,2033,1.04357606947325,1.03852103175468,1437.03038812198,2267.09141232047
p6,1377.02504892368,2183,2034,1.05851938424343,1.05168834620744,1457.60770687447,2295.83565977084
p6,1377.02504892368,2183,2035,1.0736766773357,1.06502260785202,1478.47967913641,2324.94435294096
p6,1377.02504892368,2183,2036,1.08905101277723,1.0785259333968,1499.65052414994,2354.42211260522
p6,1377.02504892368,2183,2037,1.10464549847,1.09220046638772,1521.12452157397,2384.2736181244
p6,1377.02504892368,2183,2038,1.12046328681909,1.10604837754854,1542.90601234924,2414.50360818846
p6,1377.02504892368,2183,2039,1.13650757536992,1.12007186512543,1564.99939957589,2445.11688156881
p6,1377.02504892368,2183,2040,1.15278160745463,1.13427315523592,1587.40914940353,2476.11829788001
p6,1377.02504892368,2183,2041,1.1586523533488,1.13938788833731,1595.49331355567,2487.28376024035
p6,1377.02504892368,2183,2042,1.16455299706328,1.1445256851025,1603.61864775529,2498.49957057875
p6,1377.02504892368,2183,2043,1.17048369085805,1.14968664953154,1611.78536166818,2509.76595592734
p6,1377.02504892368,2183,2044,1.1764445877685,1.15487088609346,1619.99366602792,2521.08314434203
p6,1377.02504892368,2183,2045,1.18243584160939,1.16007849972839,1628.24377264128,2532.45136490707
p6,1377.02504892368,2183,2046,1.18845760697879,1.16530959584962,1636.53589439368,2543.87084773973
p6,1377.02504892368,2183,2047,1.1945100392621,1.17056428034581,1644.87024525472,2555.34182399491
p6,1377.02504892368,2183,2048,1.20059329463606,1.17584265958308,1653.24704028365,2566.86452586987
p6,1377.02504892368,2183,2049,1.20670753007274,1.1811448404072,1661.66649563498,2578.43918660891
p6,1377.02504892368,2183,2050,1.21285290334364,1.18647093014571,1670.128828564,2590.06604050808
p60,504.360812133072,899,2023,1,1,504.360812133072,899
p60,504.360812133072,899,2024,1,1,504.360812133072,899
p60,504.360812133072,899,2025,1,1,504.360812133072,899
p60,504.360812133072,899,2026,1,1,504.360812133072,899
p60,504.360812133072,899,2027,1,1,504.360812133072,899
p60,504.360812133072,899,2028,1,1,504.360812133072,899
p60,504.360812133072,899,2029,1,1,504.360812133072,899
p60,504.360812133072,899,2030,1,1,504.360812133072,899
p60,504.360812133072,899,2031,1.00919604810029,1.0081425477159,508.99893842135,906.320150396598
p60,504.360812133072,899,2032,1.01847666350125,1.01635139651511,513.67971714207,913.699905467088
p60,504.360812133072,899,2033,1.02784262388783,1.02462708625736,518.403540529053,921.139750545371
p60,504.360812133072,899,2034,1.03729471409663,1.03297016119822,523.170804423119,928.640174917203
p60,504.360812133072,899,2035,1.04683372618164,1.04138117002488,527.981908305263,936.201671852372
p60,504.360812133072,899,2036,1.05646045948061,1.04986066589226,532.837255330122,943.824738637139
p60,504.360812133072,899,2037,1.06617572068205,1.05840920645934,537.737252359765,951.509876606943
p60,504.360812133072,899,2038,1.07598032389281,1.06702735392588,542.682309997784,959.257591179369
p60,504.360812133072,899,2039,1.0858750907063,1.0757156750694,547.672842623701,967.06839188739
p60,504.360812133072,899,2040,1.09586085027134,1.0844747412824,552.709268427692,974.942792412876
p60,504.360812133072,899,2041,1.10361969359806,1.09127335066952,556.622524949169,981.054742251896
p60,504.360812133072,899,2042,1.11143347058698,1.0981145807723,560.563487857128,987.205008114302
p60,504.360812133072,899,2043,1.11930257017587,1.10499869878149,564.532353316539,993.39383020456
p60,504.360812133072,899,2044,1.12722738405625,1.11192597356283,568.529318881249,999.621450232988
p60,504.360812133072,899,2045,1.13520830669284,1.11889667566762,572.554583503809,1005.88811142519
p60,504.360812133072,899,2046,1.14324573534324,1.12591107734323,576.608347545386,1012.19405853157
p60,504.360812133072,899,2047,1.15134007007768,1.13296945254378,580.690812785727,1018.53953783686
p60,504.360812133072,899,2048,1.15949171379896,1.1400720769408,584.802182433209,1024.92479716978
p60,504.360812133072,899,2049,1.16770107226246,1.14721922793402,588.942661134953,1031.35008591268
p60,504.360812133072,899,2050,1.17596855409638,1.15441118466221,593.112454987006,1037.81565501132
p61,1120.22829419439,1996,2023,1,1,1120.22829419439,1996
p61,1120.22829419439,1996,2024,1,1,1120.22829419439,1996
p61,1120.22829419439,1996,2025,1,1,1120.22829419439,1996
p61,1120.22829419439,1996,2026,1,1,1120.22829419439,1996
p61,1120.22829419439,1996,2027,1,1,1120.22829419439,1996
p61,1120.22829419439,1996,2028,1,1,1120.22829419439,1996
p61,1120.22829419439,1996,2029,1,1,1120.22829419439,1996
p61,1120.22829419439,1996,2030,1,1,1120.22829419439,1996
p61,1120.22829419439,1996,2031,1.00919604810029,1.0081425477159,1130.52996747111,2012.25252524095
p61,1120.22829419439,1996,2032,1.01847666350125,1.01635139651511,1140.9263754308,2028.63738744417
p61,1120.22829419439,1996,2033,1.02784262388783,1.02462708625737,1151.41838925815,2045.1556641697
p61,1120.22829419439,1996,2034,1.03729471409663,1.03297016119822,1162.00688814933,2061.80844175166
p61,1120.22829419439,1996,2035,1.04683372618164,1.04138117002489,1172.69275938562,2078.59681536967
p61,1120.22829419439,1996,2036,1.05646045948062,1.04986066589226,1183.47689840779,2095.52188912095
p61,1120.22829419439,1996,2037,1.06617572068206,1.05840920645934,1194.36020889113,2112.58477609284
p61,1120.22829419439,1996,2038,1.07598032389281,1.06702735392588,1205.34360282117,2129.78659843607
p61,1120.22829419439,1996,2039,1.0858750907063,1.0757156750694,1216.42800057009,2147.12848743853
p61,1120.22829419439,1996,2040,1.09586085027134,1.0844747412824,1227.61433097388,2164.61158359967
p61,1120.22829419439,1996,2041,1.10361969359806,1.09127335066952,1236.30600679869,2178.18160793636
p61,1120.22829419439,1996,2042,1.11143347058698,1.09811458077231,1245.05922086621,2191.83670322152
p61,1120.22829419439,1996,2043,1.11930257017588,1.10499869878149,1253.87440887552,2205.57740276786
p61,1120.22829419439,1996,2044,1.12722738405625,1.11192597356284,1262.75200961054,2219.40424323142
p61,1120.22829419439,1996,2045,1.13520830669284,1.11889667566762,1271.69246496182,2233.31776463257
p61,1120.22829419439,1996,2046,1.14324573534324,1.12591107734323,1280.69621994856,2247.31851037709
p61,1120.22829419439,1996,2047,1.15134007007768,1.13296945254378,1289.76372274077,2261.40702727738
p61,1120.22829419439,1996,2048,1.15949171379896,1.1400720769408,1298.89542468153,2275.58386557383
p61,1120.22829419439,1996,2049,1.16770107226246,1.14721922793402,1308.09178030953,2289.8495789563
p61,1120.22829419439,1996,2050,1.17596855409638,1.15441118466221,1317.35324738163,2304.20472458576
p62,962.605283757338,1715,2023,1,1,962.605283757338,1715
p62,962.605283757338,1715,2024,1,1,962.605283757338,1715
p62,962.605283757338,1715,2025,1,1,962.605283757338,1715
p62,962.605283757338,1715,2026,1,1,962.605283757338,1715
p62,962.605283757338,1715,2027,1,1,962.605283757338,1715
p62,962.605283757338,1715,2028,1,1,962.605283757338,1715
p62,962.605283757338,1715,2029,1,1,962.605283757338,1715
p62,962.605283757338,1715,2030,1,1,962.605283757338,1715
p62,962.605283757338,1715,2031,1.00919604810029,1.0081425477159,971.457448248366,1728.96446933278
p62,962.605283757338,1715,2032,1.01847666350125,1.01635139651511,980.391017669844,1743.04264502342
p62,962.605283757338,1715,2033,1.02784262388783,1.02462708625736,989.40674062543,1757.23545293138
p62,962.605283757338,1715,2034,1.03729471409663,1.03297016119822,998.505372602974,1771.54382645495
p62,962.605283757338,1715,2035,1.04683372618164,1.04138117002488,1007.68767603783,1785.96870659268
p62,962.605283757338,1715,2036,1.05646045948061,1.04986066589226,1016.95442037675,1800.51104200522
p62,962.605283757338,1715,2037,1.06617572068205,1.05840920645934,1026.30638214233,1815.17178907776
p62,962.605283757338,1715,2038,1.07598032389281,1.06702735392588,1035.74434499815,1829.95191198289
p62,962.605283757338,1715,2039,1.0858750907063,1.0757156750694,1045.26909981436,1844.85238274402
p62,962.605283757338,1715,2040,1.09586085027134,1.0844747412824,1054.881444734,1859.87418129931
p62,962.605283757338,1715,2041,1.10361969359806,1.09127335066952,1062.35014831615,1871.53379639822
p62,962.605283757338,1715,2042,1.11143347058698,1.0981145807723,1069.87173133178,1883.2665060245
p62,962.605283757338,1715,2043,1.11930257017587,1.10499869878149,1077.44656817447,1895.07276841026
p62,962.605283757338,1715,2044,1.12722738405625,1.11192597356283,1085.07503588851,1906.95304466026
p62,962.605283757338,1715,2045,1.13520830669284,1.11889667566762,1092.75751418775,1918.90779876997
p62,962.605283757338,1715,2046,1.14324573534324,1.12591107734323,1100.49438547444,1930.93749764364
p62,962.605283757338,1715,2047,1.15134007007768,1.13296945254378,1108.28603485832,1943.04261111258
p62,962.605283757338,1715,2048,1.15949171379896,1.1400720769408,1116.13285017573,1955.22361195347
p62,962.605283757338,1715,2049,1.16770107226246,1.14721922793402,1124.03522200895,1967.48097590684
p62,962.605283757338,1715,2050,1.17596855409638,1.15441118466221,1131.99354370565,1979.81518169568
p63,17384.5027560339,30962,2023,1,1,17384.5027560339,30962
p63,17384.5027560339,30962,2024,1.03964878784081,1.03510661790267,18073.7772175258,32048.9711035026
p63,17384.5027560339,30962,2025,1.08086960205886,1.07144571042591,18790.3805759056,33174.1020862071
p63,17384.5027560339,30962,2026,1.12372477159447,1.10906054558529,19535.3963888077,34338.7326124119
p63,17384.5027560339,30962,2027,1.16827909665488,1.14799591039009,20309.9511756136,35544.2493774979
p63,17384.5027560339,30962,2028,1.214599946697,1.18829816416998,21115.2161208326,36792.087759031
p63,17384.5027560339,30962,2029,1.26275736229504,1.23001529377395,21952.4088450203,38083.733525829
p63,17384.5027560339,30962,2030,1.3128241610471,1.27319697070692,22822.7952459112,39420.7246070275
p63,17384.5027560339,30962,2031,1.32489695517931,1.28356403779264,23032.6747687757,39741.7097381358
p63,17384.5027560339,30962,2032,1.33708077130707,1.29401551921679,23244.4843538277,40065.3085059901
p63,17384.5027560339,30962,2033,1.34937663039399,1.30455210232713,23458.241750012,40391.5421922526
p63,17384.5027560339,30962,2034,1.3617855627925,1.31517448006821,23673.9648694934,40720.432251872
p63,17384.5027560339,30962,2035,1.37430860833022,1.32588335102691,23891.6717891579,41052.0003144951
p63,17384.5027560339,30962,2036,1.38694681639707,1.33667941947837,24111.3807521273,41386.2681858892
p63,17384.5027560339,30962,2037,1.3997012460332,1.34756339543234,24333.1101692884,41723.257849376
p63,17384.5027560339,30962,2038,1.41257296601776,1.35853599467985,24556.8786208348,42062.9914672775
p63,17384.5027560339,30962,2039,1.42556305495843,1.3695979388403,24782.704857825,42405.4913823735
p63,17384.5027560339,30962,2040,1.43867260138183,1.38074995540892,25010.6078037529,42750.7801193708
p63,17384.5027560339,30962,2041,1.44885859836293,1.38940592428561,25187.6862963438,43018.7862277312
p63,17384.5027560339,30962,2042,1.45911671358302,1.39811615772839,25366.0185286591,43288.4724755865
p63,17384.5027560339,30962,2043,1.469447457649,1.40688099592368,25545.6133773462,43559.8493957889
p63,17384.5027560339,30962,2044,1.47985134478296,1.41570078119054,25726.4797818999,43832.9275872215
p63,17384.5027560339,30962,2045,1.49032889284772,1.42457585799405,25908.6267451082,44107.7177152119
p63,17384.5027560339,30962,2046,1.50088062337266,1.43350657295876,26092.0633334999,44384.2305119492
p63,17384.5027560339,30962,2047,1.51150706157964,1.44249327488221,26276.7986777959,44662.476776903
p63,17384.5027560339,30962,2048,1.52220873640918,1.45153631474856,26462.8419733643,44942.467377245
p63,17384.5027560339,30962,2049,1.53298618054676,1.46063604574232,26650.202480677,45224.2132482737
p63,17384.5027560339,30962,2050,1.54383993044935,1.4697928232621,26838.889525772,45507.7253938412
p64,5195.19479778213,9252,2023,1,1,5195.19479778213,9252
p64,5195.19479778213,9252,2024,1.06071693576085,1.05376119624478,5510.63110658414,9749.39858765668
p64,5195.19479778213,9252,2025,1.12512041780988,1.11041265871122,5845.21974148433,10273.5379183962
p64,5195.19479778213,9252,2026,1.19343428194126,1.17010977156888,6200.12357303606,10825.8556065553
p64,5195.19479778213,9252,2027,1.26589595457267,1.23301627262613,6576.57607772939,11407.8665543369
p64,5195.19479778213,9252,2028,1.34275727792638,1.29930470243178,6975.8856249672,12021.1671068989
p64,5195.19479778213,9252,2029,1.42428538531264,1.36915687752098,7399.44002433334,12667.4394308241
p64,5195.19479778213,9252,2030,1.51076362955778,1.44276438910327,7848.71134895702,13348.4561279835
p64,5195.19479778213,9252,2031,1.52465668456336,1.45451216698435,7920.88847604733,13457.1465689392
p64,5195.19479778213,9252,2032,1.53867750077104,1.46635560170739,7993.72934747011,13566.7220269968
p64,5195.19479778213,9252,2033,1.55282725307897,1.47829547216277,8067.24006705016,13677.18970845
p64,5195.19479778213,9252,2034,1.56710712718972,1.49033256358307,8141.42679474335,13788.5568782705
p64,5195.19479778213,9252,2035,1.58151831970967,1.50246766759461,8216.29574715282,13900.8308605853
p64,5195.19479778213,9252,2036,1.59606203824921,1.5147015822696,8291.85319804985,14014.0190391583
p64,5195.19479778213,9252,2037,1.610739501524,1.52703511217859,8368.10547889968,14128.1288578763
p64,5195.19479778213,9252,2038,1.62555193945706,1.53946906844336,8445.05897939196,14243.167821238
p64,5195.19479778213,9252,2039,1.64050059328183,1.55200426879032,8522.72014797624,14359.1434948481
p64,5195.19479778213,9252,2040,1.6555867156462,1.56464153760423,8601.09549240236,14476.0635059144
p64,5195.19479778213,9252,2041,1.66730849395165,1.57445032912339,8661.99241407556,14566.8144450496
p64,5195.19479778213,9252,2042,1.67911326403599,1.58432061229335,8723.32049420673,14658.1343049381
p64,5195.19479778213,9252,2043,1.69100161349226,1.59425277260739,8785.08278545616,14750.0266521636
p64,5195.19479778213,9252,2044,1.70297413407374,1.60424719797545,8847.28236209742,14842.4950756688
p64,5195.19479778213,9252,2045,1.71503142172341,1.61430427873928,8909.92232017036,14935.5431868958
p64,5195.19479778213,9252,2046,1.7271740766036,1.62442440768772,8973.00577763517,15029.1746199268
p64,5195.19479778213,9252,2047,1.73940270312586,1.634607980072,9036.53587452765,15123.3930316261
p64,5195.19479778213,9252,2048,1.75171790998108,1.64485539362119,9100.51577311549,15218.2021017832
p64,5195.19479778213,9252,2049,1.76412031016974,1.65516704855776,9164.94865805563,15313.6055332564
p64,5195.19479778213,9252,2050,1.77661052103246,1.66554334761315,9229.83773655285,15409.6070521169
p65,7861.01686236138,14000,2023,1,1,7861.01686236138,14000
p65,7861.01686236138,14000,2024,1.05946921447768,1.05265641406296,8328.50536016179,14737.1897968814
p65,7861.01686236138,14000,2025,1.12247501642595,1.10808552606789,8823.79503170373,15513.1973649504
p65,7861.01686236138,14000,2026,1.18922772392361,1.16643333634569,9348.53919095117,16330.0667088396
p65,7861.01686236138,14000,2027,1.25995016250043,1.22785353308114,9904.48947315082,17189.949463136
p65,7861.01686236138,14000,2028,1.33487840894535,1.29250789712773,10493.5016819215,18095.1105597882
p65,7861.01686236138,14000,2029,1.41426257934854,1.36056672813853,11117.5419840656,19047.9341939394
p65,7861.01686236138,14000,2030,1.49836766400757,1.43220929313568,11778.6934727805,20050.9301038995
p65,7861.01686236138,14000,2031,1.5121467251177,1.4438711256442,11887.0109045148,20214.1957590188
p65,7861.01686236138,14000,2032,1.52605249913659,1.45562791518037,11996.3244285614,20378.7908125252
p65,7861.01686236138,14000,2033,1.54008615132222,1.46748043493633,12106.6432050332,20544.7260891086
p65,7861.01686236138,14000,2034,1.55424885764837,1.47942946439996,12217.9764782797,20712.0125015994
p65,7861.01686236138,14000,2035,1.56854180490313,1.49147578940615,12330.3335776622,20880.6610516861
p65,7861.01686236138,14000,2036,1.58296619078833,1.5036202021885,12443.7239183351,21050.6828306391
p65,7861.01686236138,14000,2037,1.59752322401996,1.51586350143142,12558.1570020348,21222.0890200399
p65,7861.01686236138,14000,2038,1.61221412442938,1.52820649232263,12673.6424178765,21394.8908925168
p65,7861.01686236138,14000,2039,1.6270401230656,1.54064998660612,12790.1898431572,21569.0998124856
p65,7861.01686236138,14000,2040,1.64200246229842,1.55319480263557,12907.8090441668,21744.7272368979
p65,7861.01686236138,14000,2041,1.65362806224928,1.5629318341802,12999.1980814155,21881.0456785227
p65,7861.01686236138,14000,2042,1.66533597302324,1.57272990750989,13091.2341654327,22018.2187051384
p65,7861.01686236138,14000,2043,1.6771267773921,1.58258940529769,13183.9218773971,22156.2516741676
p65,7861.01686236138,14000,2044,1.68900106225373,1.59251071261563,13277.2658309228,22295.1499766188
p65,7861.01686236138,14000,2045,1.70095941866134,1.60249421694979,13371.2706722892,22434.919037297
p65,7861.01686236138,14000,2046,1.71300244185286,1.61254030821538,13465.9410806716,22575.5643150154
p65,7861.01686236138,14000,2047,1.7251307312806,1.62264937877204,13561.2817683747,22717.0913028086
p65,7861.01686236138,14000,2048,1.73734489064107,1.6328218234391,13657.2974810669,22859.5055281475
p65,7861.01686236138,14000,2049,1.74964552790503,1.64305803951104,13753.9929980167,23002.8125531546
p65,7861.01686236138,14000,2050,1.76203325534775,1.65335842677298,13851.3731323302,23147.0179748217
p66,3124.73312133072,5566,2023,1,1,3124.73312133072,5566
p66,3124.73312133072,5566,2024,1.01123772662257,1.00995033129934,3159.84801791674,5621.38354401214
p66,3124.73312133072,5566,2025,1.02260173974479,1.01999967169165,3195.35752611097,5677.31817263573
p66,3124.73312133072,5566,2026,1.03409345853981,1.0301490063502,3231.26608045078,5733.80936934524
p66,3124.73312133072,5566,2027,1.04571431812907,1.04039933025108,3267.57816530768,5790.8626721775
p66,3124.73312133072,5566,2028,1.05746576976152,1.05075164827069,3304.2983154473,5848.48367427466
p66,3124.73312133072,5566,2029,1.06934928099483,1.06120697528431,3341.43111659573,5906.67802443249
p66,3124.73312133072,5566,2030,1.08136633587869,1.07176633626557,3378.98120601219,5965.45142765414
p66,3124.73312133072,5566,2031,1.09007248520233,1.0794066722347,3406.18559916303,6007.97753765834
p66,3124.73312133072,5566,2032,1.09884872828933,1.08710147411842,3433.60901661782,6050.8068049431
p66,3124.73312133072,5566,2033,1.10769562946904,1.09485113018967,3461.25322175519,6093.9413906357
p66,3124.73312133072,5566,2034,1.11661375761427,1.10265603148932,3489.11999215087,6137.38347126953
p66,3124.73312133072,5566,2035,1.12560368617786,1.11051657184583,3517.21111969193,6181.1352388939
p66,3124.73312133072,5566,2036,1.13466599322957,1.1184331478952,3545.52841069205,6225.19890118466
p66,3124.73312133072,5566,2037,1.1438012614932,1.12640615910089,3574.07368600768,6269.57668155558
p66,3124.73312133072,5566,2038,1.15301007838414,1.13443600777409,3602.84878115506,6314.27081927056
p66,3124.73312133072,5566,2039,1.16229303604707,1.1425230990939,3631.85554642833,6359.28356955662
p66,3124.73312133072,5566,2040,1.17165073139407,1.15066784112786,3661.09584701843,6404.61720371769
p66,3124.73312133072,5566,2041,1.17930499210733,1.15732385374304,3685.01336898845,6441.66456993377
p66,3124.73312133072,5566,2042,1.18700925723359,1.16401836791562,3709.08714140399,6478.92623581833
p66,3124.73312133072,5566,2043,1.19476385344599,1.170751606357,3733.3181850314,6516.40344098306
p66,3124.73312133072,5566,2044,1.20256910955176,1.17752379306686,3757.70752730559,6554.09743221014
p66,3124.73312133072,5566,2045,1.21042535650624,1.1843351533406,3782.25620237358,6592.00946349376
p66,3124.73312133072,5566,2046,1.21833292742681,1.19118591377682,3806.96525113836,6630.14079608177
p66,3124.73312133072,5566,2047,1.2262921576071,1.19807630228489,3831.83572130301,6668.49269851772
p66,3124.73312133072,5566,2048,1.23430338453117,1.20500654809252,3856.86866741515,6707.06644668299
p66,3124.73312133072,5566,2049,1.24236694788781,1.21197688175338,3882.06515091161,6745.8633238393
p66,3124.73312133072,5566,2050,1.25048318958499,1.21898753515475,3907.42624016351,6784.88462067134
p67,11474.9730104371,20436,2023,1,1,11474.9730104371,20436
p67,11474.9730104371,20436,2024,1.05809193486413,1.05143691576879,12141.5763951271,21487.1648106509
p67,11474.9730104371,20436,2025,1.11955854262453,1.10551958784138,12846.9040602207,22592.3982971264
p67,11474.9730104371,20436,2026,1.18459586455925,1.16238410576192,13593.2055740928,23754.4815853506
p67,11474.9730104371,20436,2027,1.25341133036355,1.22217355910098,14382.8611868978,24976.3388537875
p67,11474.9730104371,20436,2028,1.326224419725,1.28503839751529,15218.3894221269,26261.0446916225
p67,11474.9730104371,20436,2029,1.40326736233089,1.35113680932794,16102.4551091741,27611.8318354258
p67,11474.9730104371,20436,2030,1.48478587854038,1.42063511958145,17037.8778825289,29032.0993037666
p67,11474.9730104371,20436,2031,1.49844004089807,1.43220270882953,17194.5590270635,29268.4945576404
p67,11474.9730104371,20436,2032,1.51221976758957,1.44386448772503,17352.6810189397,29506.8146711486
p67,11474.9730104371,20436,2033,1.52612621331053,1.45562122321163,17512.2571082589,29747.0753175528
p67,11474.9730104371,20436,2034,1.54016054337525,1.46747368847791,17673.3006669711,29989.2922977346
p67,11474.9730104371,20436,2035,1.5543239338143,1.47942266300818,17835.8251899955,30233.4815412351
p67,11474.9730104371,20436,2036,1.56861757147309,1.49146893263371,17999.8442963511,30479.6591073025
p67,11474.9730104371,20436,2037,1.58304265411132,1.50361328958447,18165.3717302981,30727.8411859482
p67,11474.9730104371,20436,2038,1.59760039050334,1.51585653254118,18332.4213624896,30978.0440990115
p67,11474.9730104371,20436,2039,1.61229200053946,1.52819946668786,18501.0071911338,31230.2843012331
p67,11474.9730104371,20436,2040,1.62711871532813,1.54064290376479,18671.1433431673,31484.5783813372
p67,11474.9730104371,20436,2041,1.63863893633345,1.55030124702444,18803.3375682777,31681.9562841915
p67,11474.9730104371,20436,2042,1.65024072206467,1.5600201387696,18936.4677464162,31880.5715558955
p67,11474.9730104371,20436,2043,1.66192465001109,1.56979995858079,19070.5405042573,32080.4319535571
p67,11474.9730104371,20436,2044,1.67369130175073,1.57964108841816,19205.5625153929,32281.5452829135
p67,11474.9730104371,20436,2045,1.68554126297926,1.58954391263636,19341.540500665,32483.9193986367
p67,11474.9730104371,20436,2046,1.69747512353914,1.59950881799959,19478.4812285,32687.5622046395
p67,11474.9730104371,20436,2047,1.70949347744903,1.60953619369666,19616.3915152458,32892.481654385
p67,11474.9730104371,20436,2048,1.72159692293327,1.61962643135626,19755.2782255107,33098.6857511966
p67,11474.9730104371,20436,2049,1.73378606245175,1.62977992506219,19895.1482725058,33306.1825485709
p67,11474.9730104371,20436,2050,1.74606150272985,1.63999707136876,20036.0086183882,33514.980150492
p68,386.631115459883,622,2023,1,1,386.631115459883,622
p68,386.631115459883,622,2024,1.03202247662409,1.0283539778228,399.012001316842,639.636174205781
p68,386.631115459883,622,2025,1.06507039225732,1.05751190370398,411.789353801741,657.772404103873
p68,386.631115459883,622,2026,1.09917658399638,1.08749657276894,424.975868757905,676.422868262283
p68,386.631115459883,622,2027,1.13437494046315,1.11833142647561,438.584648581007,695.602147267827
p68,386.631115459883,622,2028,1.17070043547708,1.15004057094043,452.629215237876,715.32523512495
p68,386.631115459883,622,2029,1.20818916280596,1.1826487957842,467.12352370221,735.607550977772
p68,386.631115459883,622,2030,1.24687837202939,1.21618159351203,482.081975820525,756.46495116448
p68,386.631115459883,622,2031,1.25935848784848,1.22695993720908,486.907176920727,763.169080944049
p68,386.631115459883,622,2032,1.27196351824973,1.23783380339511,491.78067388517,769.932625711757
p68,386.631115459883,622,2033,1.28469471351425,1.248804038633,496.702950111428,776.756112029729
p68,386.631115459883,622,2034,1.29755333643729,1.25987149698829,501.674493835443,783.640071126716
p68,386.631115459883,622,2035,1.31054066245356,1.27103704009559,506.695798179953,790.585038939457
p68,386.631115459883,622,2036,1.32365797976369,1.28230153722573,511.767361203409,797.591556154401
p68,386.631115459883,622,2037,1.33690658946202,1.29366586535338,516.889685949367,804.660168249801
p68,386.631115459883,622,2038,1.35028780566567,1.30513090922537,522.063280496396,811.791425538182
p68,386.631115459883,622,2039,1.36380295564488,1.31669756142956,527.288658008465,818.985883209184
p68,386.631115459883,622,2040,1.37745337995464,1.32836672246428,532.566336785847,826.244101372784
p68,386.631115459883,622,2041,1.38550551046501,1.33524232814536,535.679540986903,830.520728106416
p68,386.631115459883,622,2042,1.39360471102996,1.34215352185547,538.81094393566,834.819490594104
p68,386.631115459883,622,2043,1.40175125680522,1.3491004877977,541.960652015895,839.14050341017
p68,386.631115459883,622,2044,1.40994542455502,1.35608341112857,545.128772233266,843.483881721972
p68,386.631115459883,622,2045,1.41818749266146,1.36310247796297,548.315412218954,847.84974129297
p68,386.631115459883,622,2046,1.42647774113395,1.37015787537912,551.520680233312,852.238198485815
p68,386.631115459883,622,2047,1.43481645161875,1.37724979142356,554.74468516955,856.649370265451
p68,386.631115459883,622,2048,1.44320390740855,1.38437841511612,557.987536557428,861.083374202228
p68,386.631115459883,622,2049,1.45164039345203,1.39154393645505,561.249344566983,865.540328475039
p68,386.631115459883,622,2050,1.46012619636363,1.39874654642198,564.530220012267,870.020351874471
p69,658.218199608611,1138,2023,1,1,658.218199608611,1138
p69,658.218199608611,1138,2024,1.02443211762051,1.02163317126617,674.299864081408,1162.61854890091
p69,658.218199608611,1138,2025,1.04946116361244,1.04373433663138,690.774437672138,1187.76967508651
p69,658.218199608611,1138,2026,1.07510172219998,1.06631362029211,707.651519982584,1213.46489989242
p69,658.218199608611,1138,2027,1.10136873393078,1.08938136546335,724.940945153131,1239.71599389729
p69,658.218199608611,1138,2028,1.12827750438172,1.11294813911659,742.652787593035,1266.53498231468
p69,658.218199608611,1138,2029,1.15584371307735,1.13702473682047,760.797367850707,1293.9341505017
p69,658.218199608611,1138,2030,1.18408342262618,1.16162218768599,779.385258627409,1321.92604958665
p69,658.218199608611,1138,2031,1.19538660277611,1.17144062394951,786.825217515543,1333.09943005455
p69,658.218199608611,1138,2032,1.20679768231813,1.18134204906405,794.336197747287,1344.36725183489
p69,658.218199608611,1138,2033,1.21831769125255,1.19132716448033,801.918877287575,1355.73031317862
p69,658.218199608611,1138,2034,1.22994766941197,1.20139667757801,809.573940573151,1367.18941908378
p69,658.218199608611,1138,2035,1.24168866655515,1.21155130171575,817.302078574345,1378.74538135253
p69,658.218199608611,1138,2036,1.25354174246179,1.22179175628178,825.103988857443,1390.39901864867
p69,658.218199608611,1138,2037,1.26550796702819,1.23211876674484,832.980375647649,1402.15115655563
p69,658.218199608611,1138,2038,1.27758842036378,1.24253306470559,840.931949892658,1414.00262763496
p69,658.218199608611,1138,2039,1.28978419288866,1.25303538794844,848.959429326819,1425.95427148532
p69,658.218199608611,1138,2040,1.30209638543199,1.26362648049379,857.063538535927,1438.00693480193
p69,658.218199608611,1138,2041,1.30744545057987,1.26822282476574,860.584390567154,1443.23757458342
p69,658.218199608611,1138,2042,1.31281648990592,1.27283588788698,864.119706402368,1448.48724041538
p69,658.218199608611,1138,2043,1.31820959368094,1.27746573067101,867.669545459467,1453.75600150361
p69,658.218199608611,1138,2044,1.32362485254661,1.28211241415259,871.23396740044,1459.04392730564
p69,658.218199608611,1138,2045,1.32906235751693,1.28677599958844,874.813032132369,1464.35108753165
p69,658.218199608611,1138,2046,1.33452219997982,1.29145654845814,878.406799808437,1469.67755214537
p69,658.218199608611,1138,2047,1.3400044716986,1.29615412246488,882.015330828941,1475.02339136503
p69,658.218199608611,1138,2048,1.34550926481358,1.30086878353627,885.638685842301,1480.38867566427
p69,658.218199608611,1138,2049,1.35103667184358,1.30560059382521,889.276925746087,1485.77347577308
p69,658.218199608611,1138,2050,1.35658678568747,1.31034961571065,892.930111688037,1491.17786267872
p7,182.473907371168,289,2023,1,1,182.473907371168,289
p7,182.473907371168,289,2024,1,1,182.473907371168,289
p7,182.473907371168,289,2025,1,1,182.473907371168,289
p7,182.473907371168,289,2026,1,1,182.473907371168,289
p7,182.473907371168,289,2027,1,1,182.473907371168,289
p7,182.473907371168,289,2028,1,1,182.473907371168,289
p7,182.473907371168,289,2029,1,1,182.473907371168,289
p7,182.473907371168,289,2030,1,1,182.473907371168,289
p7,182.473907371168,289,2031,1.01560094112987,1.01381369542412,185.320672057803,292.992157977571
p7,182.473907371168,289,2032,1.03144527162388,1.02781820902951,188.211848952725,297.039462409529
p7,182.473907371168,289,2033,1.04753678858517,1.04201617672041,191.148130928181,301.142675072199
p7,182.473907371168,289,2034,1.06387934835526,1.05641027081263,194.130221665876,305.302568264851
p7,182.473907371168,289,2035,1.08047686743824,1.07100320053655,197.158835825614,309.519924955064
p7,182.473907371168,289,2036,1.09733332343933,1.08579771254702,200.234699216564,313.79553892609
p7,182.473907371168,289,2037,1.11445275601815,1.10079659144036,203.358548971199,318.130214926263
p7,182.473907371168,289,2038,1.13183926785682,1.11600266027842,206.531133721955,322.524768820464
p7,182.473907371168,289,2039,1.14949702564313,1.13141878112002,209.753213780637,326.980027743685
p7,182.473907371168,289,2040,1.16743026106915,1.14704785555954,213.02556132063,331.496830256707
p7,182.473907371168,289,2041,1.17836502782612,1.15656089270747,215.020870936966,334.246097992459
p7,182.473907371168,289,2042,1.18940221536831,1.1661528261938,217.034869674178,337.01816677001
p7,182.473907371168,289,2043,1.20054278302274,1.17582431034503,219.067732584416,339.813225689715
p7,182.473907371168,289,2044,1.21178769910201,1.1855760049143,221.11963635946,342.631465420233
p7,182.473907371168,289,2045,1.22313794098841,1.19540857512642,223.19075934608,345.473078211534
p7,182.473907371168,289,2046,1.23459449521895,1.20532269172322,225.281281561536,348.338257908011
p7,182.473907371168,289,2047,1.24615835757103,1.21531903100935,227.391384709223,351.227199961703
p7,182.473907371168,289,2048,1.25783053314904,1.22539827489839,229.521252194465,354.140101445634
p7,182.473907371168,289,2049,1.26961203647172,1.23556111095934,231.67106914046,357.077161067249
p7,182.473907371168,289,2050,1.2815038915603,1.24580823246358,233.841022404365,360.038579181974
p70,4150.4018590998,7175,2023,1,1,4150.4018590998,7175
p70,4150.4018590998,7175,2024,1.04200867904649,1.03719615968595,4324.75475871268,7441.88244574671
p70,4150.4018590998,7175,2025,1.08578208720821,1.07577587366729,4506.43199332622,7718.6918935628
p70,4150.4018590998,7175,2026,1.13139435842417,1.11579060485051,4695.74124857869,8005.79758980243
p70,4150.4018590998,7175,2027,1.17892274090222,1.15729373036462,4893.0031355756,8303.58251536614
p70,4150.4018590998,7175,2028,1.22844772794539,1.20034061276281,5098.55173387146,8612.44389657319
p70,4150.4018590998,7175,2029,1.28005319427403,1.24498867387267,5312.73515726159,8932.79373503644
p70,4150.4018590998,7175,2030,1.33382653807472,1.29129747139325,5535.91614334199,9265.05935724654
p70,4150.4018590998,7175,2031,1.34655915586205,1.30221196842553,5588.76162387771,9343.37087345314
p70,4150.4018590998,7175,2032,1.35941331835634,1.31321871859707,5642.1115637912,9422.34430593401
p70,4150.4018590998,7175,2033,1.37239018581515,1.32431850166363,5695.97077861751,9501.98524943658
p70,4150.4018590998,7175,2034,1.38549092957174,1.33551210397171,5750.34412986046,9582.29934599703
p70,4150.4018590998,7175,2035,1.39871673214087,1.34680031851429,5805.23652543147,9663.29228534001
p70,4150.4018590998,7175,2036,1.41206878732549,1.358183944987,5860.65292009252,9744.96980528171
p70,4150.4018590998,7175,2037,1.42554830032452,1.36966378984479,5916.59831590345,9827.33769213635
p70,4150.4018590998,7175,2038,1.43915648784162,1.38124066635904,5973.07776267339,9910.40178112609
p70,4150.4018590998,7175,2039,1.45289457819502,1.39291539467518,6030.09635841663,9994.16795679442
p70,4150.4018590998,7175,2040,1.4667638114284,1.40468880187081,6087.65924981275,10078.6421534231
p70,4150.4018590998,7175,2041,1.47278933708968,1.40979824950271,6112.66760271939,10115.3024401819
p70,4150.4018590998,7175,2042,1.47883961585655,1.41492628235794,6137.77869096148,10152.0960759182
p70,4150.4018590998,7175,2043,1.48491474941578,1.42007296803884,6162.99293657997,10189.0235456786
p70,4150.4018590998,7175,2044,1.49101483987186,1.42523837439361,6188.31076334957,10226.0853362742
p70,4150.4018590998,7175,2045,1.49713998974876,1.43042256951728,6213.7325967859,10263.2819362865
p70,4150.4018590998,7175,2046,1.50329030199158,1.43562562175255,6239.25886415257,10300.6138360745
p70,4150.4018590998,7175,2047,1.50946587996837,1.44084759969071,6264.88999446845,10338.0815277809
p70,4150.4018590998,7175,2048,1.51566682747179,1.44608857217256,6290.62641851482,10375.6855053381
p70,4150.4018590998,7175,2049,1.52189324872089,1.45134860828928,6316.46856884262,10413.4262644756
p70,4150.4018590998,7175,2050,1.52814524836286,1.45662777738339,6342.41687977973,10451.3043027259
p71,211.344651011089,388,2023,1,1,211.344651011089,388
p71,211.344651011089,388,2024,1,1,211.344651011089,388
p71,211.344651011089,388,2025,1,1,211.344651011089,388
p71,211.344651011089,388,2026,1,1,211.344651011089,388
p71,211.344651011089,388,2027,1,1,211.344651011089,388
p71,211.344651011089,388,2028,1,1,211.344651011089,388
p71,211.344651011089,388,2029,1,1,211.344651011089,388
p71,211.344651011089,388,2030,1,1,211.344651011089,388
p71,211.344651011089,388,2031,1.01098968777551,1.00973070781265,213.667262738725,391.775514631307
p71,211.344651011089,388,2032,1.02210014878842,1.01955610229983,216.015399244072,395.587767692333
p71,211.344651011089,388,2033,1.03333271029891,1.02947710482991,218.389341036466,399.437116674005
p71,211.344651011089,388,2034,1.04468871415332,1.03949464573682,220.789371707956,403.323922545885
p71,211.344651011089,388,2035,1.05616951694446,1.04960966440729,223.215777967178,407.24854979003
p71,211.344651011089,388,2036,1.06777649017369,1.05982310936897,225.668849673605,411.21136643516
p71,211.344651011089,388,2037,1.07951102041473,1.07013593837933,228.148879872176,415.21274409118
p71,211.344651011089,388,2038,1.09137450947931,1.08054911851551,230.656164828304,419.253057984019
p71,211.344651011089,388,2039,1.10336837458464,1.091063626265,233.191004063263,423.33268699082
p71,211.344651011089,388,2040,1.1154940485227,1.10168044761719,235.753700389976,427.45201367547
p71,211.344651011089,388,2041,1.12297856106257,1.10822546768667,237.335512080705,429.991481462426
p71,211.344651011089,388,2042,1.13051329164533,1.1148093713433,238.92793708618,432.546036081201
p71,211.344651011089,388,2043,1.13809857721366,1.12143238959225,240.531046617438,435.115767161794
p71,211.344651011089,388,2044,1.14573475697101,1.12809475481106,242.144912363313,437.70076486669
p71,211.344651011089,388,2045,1.15342217239674,1.13479670075779,243.769606493641,440.301119894024
p71,211.344651011089,388,2046,1.16116116726139,1.14153846257929,245.405201662489,442.916923480764
p71,211.344651011089,388,2047,1.1689520876421,1.14832027681936,247.051771011403,445.548267405912
p71,211.344651011089,388,2048,1.17679528193799,1.15514238142712,248.70938817268,448.195243993723
p71,211.344651011089,388,2049,1.18469110088583,1.16200501576532,250.378127272659,450.857946116944
p71,211.344651011089,388,2050,1.19263989757569,1.16890842061876,252.058062935036,453.536467200077
p72,4581.30324527071,8419,2023,1,1,4581.30324527071,8419
p72,4581.30324527071,8419,2024,1,1,4581.30324527071,8419
p72,4581.30324527071,8419,2025,1,1,4581.30324527071,8419
p72,4581.30324527071,8419,2026,1,1,4581.30324527071,8419
p72,4581.30324527071,8419,2027,1,1,4581.30324527071,8419
p72,4581.30324527071,8419,2028,1,1,4581.30324527071,8419
p72,4581.30324527071,8419,2029,1,1,4581.30324527071,8419
p72,4581.30324527071,8419,2030,1,1,4581.30324527071,8419
p72,4581.30324527071,8419,2031,1.01098968777551,1.00973070781265,4631.65033754117,8500.92282907467
p72,4581.30324527071,8419,2032,1.02210014878842,1.01955610229983,4682.55072863608,8583.64282526225
p72,4581.30324527071,8419,2033,1.03333271029891,1.02947710482991,4734.01049913678,8667.167745563
p72,4581.30324527071,8419,2034,1.04468871415332,1.03949464573682,4786.03579644828,8751.50542245827
p72,4581.30324527071,8419,2035,1.05616951694446,1.04960966440729,4838.63283553366,8836.663764645
p72,4581.30324527071,8419,2036,1.06777649017369,1.05982310936897,4891.8078996565,8922.65075777736
p72,4581.30324527071,8419,2037,1.07951102041473,1.07013593837933,4945.5673411315,9009.47446521558
p72,4581.30324527071,8419,2038,1.09137450947931,1.08054911851551,4999.9175820833,9097.14302878209
p72,4581.30324527071,8419,2039,1.10336837458464,1.091063626265,5054.86511521368,9185.66466952503
p72,4581.30324527071,8419,2040,1.1154940485227,1.10168044761719,5110.41650457719,9275.04768848913
p72,4581.30324527071,8419,2041,1.12297856106257,1.10822546768667,5144.7053261654,9330.15021245404
p72,4581.30324527071,8419,2042,1.13051329164533,1.1148093713433,5179.22421183641,9385.58009733926
p72,4581.30324527071,8419,2043,1.13809857721366,1.12143238959225,5213.97470522691,9441.33928797718
p72,4581.30324527071,8419,2044,1.14573475697101,1.12809475481106,5248.95836033072,9497.42974075428
p72,4581.30324527071,8419,2045,1.15342217239674,1.13479670075779,5284.17674156836,9553.85342367986
p72,4581.30324527071,8419,2046,1.16116116726139,1.14153846257929,5319.63142385695,9610.61231645503
p72,4581.30324527071,8419,2047,1.1689520876421,1.14832027681936,5355.3239926807,9667.7084105422
p72,4581.30324527071,8419,2048,1.17679528193799,1.15514238142712,5391.25604416175,9725.14370923493
p72,4581.30324527071,8419,2049,1.18469110088583,1.16200501576532,5427.42918513158,9782.92022772823
p72,4581.30324527071,8419,2050,1.19263989757569,1.16890842061876,5463.84503320285,9841.0399931893
p73,299.478049575995,550,2023,1,1,299.478049575995,550
p73,299.478049575995,550,2024,1,1,299.478049575995,550
p73,299.478049575995,550,2025,1,1,299.478049575995,550
p73,299.478049575995,550,2026,1,1,299.478049575995,550
p73,299.478049575995,550,2027,1,1,299.478049575995,550
p73,299.478049575995,550,2028,1,1,299.478049575995,550
p73,299.478049575995,550,2029,1,1,299.478049575995,550
p73,299.478049575995,550,2030,1,1,299.478049575995,550
p73,299.478049575995,550,2031,1.01098968777551,1.00973070781265,302.769219836454,555.351889296956
p73,299.478049575995,550,2032,1.02210014878842,1.01955610229983,306.096559030491,560.755856264905
p73,299.478049575995,550,2033,1.03333271029891,1.02947710482991,309.460464643394,566.21240765645
p73,299.478049575995,550,2034,1.04468871415332,1.03949464573682,312.861338528689,571.72205515525
p73,299.478049575995,550,2035,1.05616951694446,1.04960966440729,316.299586956148,577.285315424011
p73,299.478049575995,550,2036,1.06777649017369,1.05982310936897,319.775620660319,582.902710152934
p73,299.478049575995,550,2037,1.07951102041473,1.07013593837933,323.289854889595,588.574766108632
p73,299.478049575995,550,2038,1.09137450947931,1.08054911851551,326.842709455822,594.302015183531
p73,299.478049575995,550,2039,1.10336837458464,1.091063626265,330.434608784443,600.08499444575
p73,299.478049575995,550,2040,1.1154940485227,1.10168044761719,334.065981965207,605.924246189455
p73,299.478049575995,550,2041,1.12297856106257,1.10822546768667,336.307429182676,609.524007227666
p73,299.478049575995,550,2042,1.13051329164533,1.1148093713433,338.563915601681,613.145154238816
p73,299.478049575995,550,2043,1.13809857721366,1.12143238959225,340.835542129161,616.787814275739
p73,299.478049575995,550,2044,1.14573475697101,1.12809475481106,343.122410349103,620.452115146081
p73,299.478049575995,550,2045,1.15342217239674,1.13479670075779,345.424622527081,624.138185416786
p73,299.478049575995,550,2046,1.16116116726139,1.14153846257929,347.742281614828,627.846154418609
p73,299.478049575995,550,2047,1.1689520876421,1.14832027681936,350.075491254842,631.576152250648
p73,299.478049575995,550,2048,1.17679528193799,1.15514238142712,352.424355785021,635.328309784916
p73,299.478049575995,550,2049,1.18469110088583,1.16200501576532,354.788980243326,639.102758670926
p73,299.478049575995,550,2050,1.19263989757569,1.16890842061876,357.169470372483,642.899631340315
p74,231.078750815395,410,2023,1,1,231.078750815395,410
p74,231.078750815395,410,2024,1.07486278590865,1.06628649608601,248.377949865726,437.177463395263
p74,231.078750815395,410,2025,1.1553300085313,1.13696689173538,266.972215150953,466.156425611504
p74,231.078750815395,410,2026,1.24182123161382,1.21233244315431,286.958498937357,497.056301693268
p74,231.078750815395,410,2027,1.33478742861294,1.2926937129024,308.441011607972,530.004422289984
p74,231.078750815395,410,2028,1.43471333411475,1.37838184964311,331.531765025427,565.136558353676
p74,231.078750815395,410,2029,1.54211997128687,1.4697499527245,356.351156572442,602.597480617046
p74,231.078750815395,410,2030,1.65756736854277,1.56717452721319,383.028596915225,642.541556157406
p74,231.078750815395,410,2031,1.67474799056606,1.5815573502491,386.998673590598,648.43851360213
p74,231.078750815395,410,2032,1.69210668907584,1.59607217236673,391.009899958018,654.389590670358
p74,231.078750815395,410,2033,1.70964530982804,1.61072020499428,395.062702532461,660.395284047656
p74,231.078750815395,410,2034,1.72736571770978,1.62550267067792,399.157512249713,666.456094977948
p74,231.078750815395,410,2035,1.74526979693767,1.64042080318377,403.294764512194,672.572529305347
p74,231.078750815395,410,2036,1.76335945125815,1.65547584760092,407.474899235253,678.745097516379
p74,231.078750815395,410,2037,1.78163660414992,1.67066906044532,411.698360893945,684.974314782582
p74,231.078750815395,410,2038,1.80010319902845,1.68600170976466,415.96559857029,691.260701003511
p74,231.078750815395,410,2039,1.81876119945266,1.7014750752442,420.277066001029,697.604780850121
p74,231.078750815395,410,2040,1.83761258933366,1.71709044831357,424.633221625864,704.007083808564
p74,231.078750815395,410,2041,1.84947745153494,1.72690704597533,427.374939161933,708.031888849884
p74,231.078750815395,410,2042,1.86141892126267,1.73677976507772,430.134359069518,712.079703681863
p74,231.078750815395,410,2043,1.87343749314656,1.74670892646673,432.911595647031,716.150659851361
p74,231.078750815395,410,2044,1.88553366500994,1.75669485282266,435.70676393087,720.244889657291
p74,231.078750815395,410,2045,1.89770793789046,1.76673786867053,438.519979700186,724.362526154918
p74,231.078750815395,410,2046,1.90996081606078,1.77683830039069,441.351359481676,728.503703160183
p74,231.078750815395,410,2047,1.92229280704949,1.7869964762294,444.201020554414,732.668555254053
p74,231.078750815395,410,2048,1.93470442166213,1.7972127263095,447.069080954707,736.857217786894
p74,231.078750815395,410,2049,1.94719617400236,1.80748738264114,449.95565948098,741.069826882868
p74,231.078750815395,410,2050,1.9597685814932,1.81782077913258,452.860875698706,745.306519444359
p75,1232.53664383562,2150,2023,1,1,1232.53664383562,2150
p75,1232.53664383562,2150,2024,1,1,1232.53664383562,2150
p75,1232.53664383562,2150,2025,1,1,1232.53664383562,2150
p75,1232.53664383562,2150,2026,1,1,1232.53664383562,2150
p75,1232.53664383562,2150,2027,1,1,1232.53664383562,2150
p75,1232.53664383562,2150,2028,1,1,1232.53664383562,2150
p75,1232.53664383562,2150,2029,1,1,1232.53664383562,2150
p75,1232.53664383562,2150,2030,1,1,1232.53664383562,2150
p75,1232.53664383562,2150,2031,1.01009852400652,1.00894163587299,1244.98344472231,2169.22451712693
p75,1232.53664383562,2150,2032,1.02029902820016,1.01796322459807,1257.55593992656,2188.62093288585
p75,1232.53664383562,2150,2033,1.03060254243027,1.02706548108452,1270.25539877546,2208.19078433172
p75,1232.53664383562,2150,2034,1.04101010694619,1.0362491266341,1283.08310341441,2227.93562226331
p75,1232.53664383562,2150,2035,1.05152277250222,1.04551488899817,1296.04034893661,2247.85701134606
p75,1232.53664383562,2150,2036,1.06214160046374,1.05486350243538,1309.12844351377,2267.95653023607
p75,1232.53664383562,2150,2037,1.07286766291435,1.06429570776987,1322.34870852821,2288.23577170522
p75,1232.53664383562,2150,2038,1.08370204276411,1.07381225244993,1335.70247870628,2308.69634276736
p75,1232.53664383562,2150,2039,1.09464583385889,1.0834138906073,1349.19110225307,2329.33986480569
p75,1232.53664383562,2150,2040,1.10570014109075,1.09310138311685,1362.81594098856,2350.16797370123
p75,1232.53664383562,2150,2041,1.11236574316591,1.09893612354644,1371.03153979943,2362.71266562484
p75,1232.53664383562,2150,2042,1.11907152815267,1.10480200856737,1379.29666552129,2375.32431841986
p75,1232.53664383562,2150,2043,1.12581773828967,1.1106992044228,1387.61161672216,2388.00328950902
p75,1232.53664383562,2150,2044,1.13260461727586,1.11662787824323,1395.97669376992,2400.74993822294
p75,1232.53664383562,2150,2045,1.13943241027931,1.12258819805127,1404.39219884319,2413.56462581023
p75,1232.53664383562,2150,2046,1.14630136394606,1.12858033276641,1412.85843594226,2426.44771544779
p75,1232.53664383562,2150,2047,1.15321172640901,1.1346044522098,1421.37571090004,2439.39957225107
p75,1232.53664383562,2150,2048,1.16016374729694,1.14066072710904,1429.94433139313,2452.42056328445
p75,1232.53664383562,2150,2049,1.16715767774348,1.14674932910306,1438.56460695292,2465.51105757158
p75,1232.53664383562,2150,2050,1.17419377039617,1.15287043074694,1447.23684897678,2478.67142610591
p76,1345.23124592303,2347,2023,1,1,1345.23124592303,2347
p76,1345.23124592303,2347,2024,1.01415719717368,1.01253534695045,1364.27594991576,2376.42045929271
p76,1345.23124592303,2347,2025,1.02851482057918,1.02522782882407,1383.59027353803,2406.20971425009
p76,1345.23124592303,2347,2026,1.04307570769018,1.03807941536164,1403.1780338481,2436.37238785376
p76,1345.23124592303,2347,2027,1.05784273615103,1.05109210099532,1423.04310194307,2466.91316103601
p76,1345.23124592303,2347,2028,1.07281882434547,1.06426790515817,1443.18940372393,2497.83677340623
p76,1345.23124592303,2347,2029,1.08800693197337,1.07760887259756,1463.62092067143,2529.14802398647
p76,1345.23124592303,2347,2030,1.10341006063565,1.09111707369245,1484.3416906329,2560.85177195619
p76,1345.23124592303,2347,2031,1.11455287362202,1.10087344526022,1499.33135082964,2583.74997602573
p76,1345.23124592303,2347,2032,1.12580821257283,1.11071705474998,1514.47238446973,2606.8529274982
p76,1345.23124592303,2347,2033,1.13717721383424,1.12064868221148,1529.76632020151,2630.16245715033
p76,1345.23124592303,2347,2034,1.14866102522782,1.13066911466936,1545.21470211044,2653.68041212899
p76,1345.23124592303,2347,2035,1.16026080616644,1.14077914618557,1560.81908987494,2677.40865609754
p76,1345.23124592303,2347,2036,1.17197772777134,1.15097957792227,1576.58105892388,2701.34906938356
p76,1345.23124592303,2347,2037,1.18381297299035,1.1612712182053,1592.50220059565,2725.50354912783
p76,1345.23124592303,2347,2038,1.19576773671733,1.17165488258827,1608.58412229881,2749.87400943468
p76,1345.23124592303,2347,2039,1.2078432259128,1.18213139391719,1624.82844767436,2774.46238152365
p76,1345.23124592303,2347,2040,1.2200406597258,1.19270158239563,1641.23681675968,2799.27061388255
p76,1345.23124592303,2347,2041,1.22739555211572,1.19906796729892,1651.13084781301,2814.21251925056
p76,1345.23124592303,2347,2042,1.23479478273457,1.20546833459758,1661.08452403728,2829.23418130052
p76,1345.23124592303,2347,2043,1.2422386188709,1.21190286568234,1671.0982049974,2844.33602575646
p76,1345.23124592303,2347,2044,1.24972732942458,1.21837174291216,1681.17225242589,2859.51848061485
p76,1345.23124592303,2347,2045,1.25726118491652,1.22487514961939,1691.30703023592,2874.7819761567
p76,1345.23124592303,2347,2046,1.26484045749845,1.23141327011494,1701.50290453449,2890.12694495978
p76,1345.23124592303,2347,2047,1.27246542096271,1.23798628969359,1711.76024363564,2905.55382191085
p76,1345.23124592303,2347,2048,1.28013635075221,1.24459439463913,1722.07941807375,2921.06304421803
p76,1345.23124592303,2347,2049,1.2878535239703,1.25123777222971,1732.46080061692,2936.65505142314
p76,1345.23124592303,2347,2050,1.29561721939084,1.25791661074315,1742.90476628047,2952.33028541418
p77,346.022847358121,604,2023,1,1,346.022847358121,604
p77,346.022847358121,604,2024,1.02903344328111,1.02570736850169,356.069082070861,619.527250575019
p77,346.022847358121,604,2025,1.05890982739098,1.05207560579866,366.406993569323,635.453665902389
p77,346.022847358121,604,2026,1.08965362580434,1.07912170108856,377.04505023492,651.789507457489
p77,346.022847358121,604,2027,1.12129002254519,1.10686308031661,387.991966315338,668.545300511233
p77,346.022847358121,604,2028,1.15384493281643,1.13531761740322,399.256709062881,685.731840911546
p77,346.022847358121,604,2029,1.18734502422855,1.16450364576026,410.848506080061,703.3602020392
p77,346.022847358121,604,2030,1.2218177386446,1.19443997010338,422.776852878465,721.441741942443
p77,346.022847358121,604,2031,1.2341562944099,1.20512021738819,427.046275076661,727.89261130247
p77,346.022847358121,604,2032,1.2466194513768,1.21589596355526,431.358812137419,734.401161987378
p77,346.022847358121,604,2033,1.25920846783353,1.22676806252081,435.714899457215,740.967909762571
p77,346.022847358121,604,2034,1.27192461477516,1.23773737583649,440.114976829384,747.59337500524
p77,346.022847358121,604,2035,1.28476917603196,1.24880477275761,444.559488488526,754.278082745598
p77,346.022847358121,604,2036,1.29774344839896,1.25997113031207,449.048883155355,761.022562708488
p77,346.022847358121,604,2037,1.31084874176693,1.2712373333698,453.583614082003,767.827349355359
p77,346.022847358121,604,2038,1.32408637925458,1.28260427471295,458.164139097776,774.692981926619
p77,346.022847358121,604,2039,1.3374576973422,1.29407285510657,462.790920655383,781.620004484369
p77,346.022847358121,604,2040,1.35096404600652,1.30564398337006,467.464425877623,788.608965955515
p77,346.022847358121,604,2041,1.35910819686069,1.31261323055433,470.2824881455,792.818391254818
p77,346.022847358121,604,2042,1.36730144390906,1.31961967808337,473.117538818282,797.050285562357
p77,346.022847358121,604,2043,1.37554408312307,1.32666352452462,475.969680308859,801.304768812871
p77,346.022847358121,604,2044,1.38383641225843,1.33374496950544,478.839015647508,805.581961581288
p77,346.022847358121,604,2045,1.39217873086583,1.34086421371877,481.725648485612,809.881985086136
p77,346.022847358121,604,2046,1.40057134030179,1.34802145892878,484.629683099405,814.204961192984
p77,346.022847358121,604,2047,1.40901454373949,1.35521690797664,487.551224393744,818.551012417891
p77,346.022847358121,604,2048,1.4175086461798,1.36245076478623,490.490377905889,822.920261930883
p77,346.022847358121,604,2049,1.42605395446222,1.36972323436993,493.447249809324,827.312833559439
p77,346.022847358121,604,2050,1.43465077727602,1.37703452283444,496.42194691759,831.728851792004
p78,881.290150032616,1538,2023,1,1,881.290150032616,1538
p78,881.290150032616,1538,2024,1.03259771216355,1.02886331430917,910.018192675947,1582.39177740751
p78,881.290150032616,1538,2025,1.06625803516539,1.05855971953126,939.682703784387,1628.06484863907
p78,881.290150032616,1538,2026,1.10101560768778,1.08911326143112,970.314210087413,1675.05619608106
p78,881.290150032616,1538,2027,1.13690619755475,1.12054867981409,1001.94423341604,1723.40386955407
p78,881.290150032616,1538,2028,1.1739667385396,1.15289142855829,1034.60532314086,1773.14701712265
p78,881.290150032616,1538,2029,1.21223536837209,1.18616769622512,1068.33108966748,1824.32591679424
p78,881.290150032616,1538,2030,1.25175146798475,1.22040442726465,1103.15623902383,1876.98200913304
p78,881.290150032616,1538,2031,1.26439231023439,1.23131683927104,1114.29648878655,1893.76529879886
p78,881.290150032616,1538,2032,1.27716080633296,1.24232682609209,1125.54923862895,1910.69865852963
p78,881.290150032616,1538,2033,1.29005824539591,1.25343526020625,1136.91562463577,1927.78343019722
p78,881.290150032616,1538,2034,1.30308592955685,1.26464302189339,1148.39679436455,1945.02096767203
p78,881.290150032616,1538,2035,1.31624517409904,1.27595099930448,1159.99390696145,1962.41263693029
p78,881.290150032616,1538,2036,1.32953730758815,1.28736008853204,1171.70813327832,1979.95981616227
p78,881.290150032616,1538,2037,1.3429636720064,1.29887119368111,1183.54065599088,1997.66389588155
p78,881.290150032616,1538,2038,1.35652562288805,1.31048522694093,1195.4926697181,2015.52627903515
p78,881.290150032616,1538,2039,1.37022452945625,1.32220310865717,1207.56538114287,2033.54838111473
p78,881.290150032616,1538,2040,1.38406177476129,1.33402576740492,1219.76000913379,2051.73163026877
p78,881.290150032616,1538,2041,1.39240545194388,1.34114651045713,1227.11320964985,2062.68333308307
p78,881.290150032616,1538,2042,1.40079942814504,1.34830526250651,1234.51073819555,2073.69349373501
p78,881.290150032616,1538,2043,1.40924400658737,1.35550222643692,1241.95286199795,2084.76242425998
p78,881.290150032616,1538,2044,1.41773949232137,1.36273760621517,1249.43984989506,2095.89043835893
p78,881.290150032616,1538,2045,1.42628619223653,1.37001160689682,1256.97197234558,2107.07785140731
p78,881.290150032616,1538,2046,1.4348844150724,1.37732443463195,1264.54950143861,2118.32498046394
p78,881.290150032616,1538,2047,1.44353447142971,1.38467629667103,1272.17271090354,2129.63214428005
p78,881.290150032616,1538,2048,1.45223667378164,1.3920674013708,1279.84187611989,2140.99966330829
p78,881.290150032616,1538,2049,1.46099133648507,1.39949795820015,1287.55727412728,2152.42785971183
p78,881.290150032616,1538,2050,1.46979877579195,1.40696817774607,1295.31918363544,2163.91705737346
p79,3321.29334637965,5795,2023,1,1,3321.29334637965,5795
p79,3321.29334637965,5795,2024,1,1,3321.29334637965,5795
p79,3321.29334637965,5795,2025,1,1,3321.29334637965,5795
p79,3321.29334637965,5795,2026,1,1,3321.29334637965,5795
p79,3321.29334637965,5795,2027,1,1,3321.29334637965,5795
p79,3321.29334637965,5795,2028,1,1,3321.29334637965,5795
p79,3321.29334637965,5795,2029,1,1,3321.29334637965,5795
p79,3321.29334637965,5795,2030,1,1,3321.29334637965,5795
p79,3321.29334637965,5795,2031,1.01009852400652,1.00894163587299,3354.83350697077,5846.81677988399
p79,3321.29334637965,5795,2032,1.02029902820016,1.01796322459807,3388.71237367881,5899.09688654581
p79,3321.29334637965,5795,2033,1.03060254243027,1.02706548108452,3422.93336693561,5951.84446288481
p79,3321.29334637965,5795,2034,1.04101010694619,1.0362491266341,3457.49994171434,6005.06368884461
p79,3321.29334637965,5795,2035,1.05152277250222,1.04551488899817,3492.4155878783,6058.75878174438
p79,3321.29334637965,5795,2036,1.06214160046374,1.05486350243538,3527.68383053325,6112.93399661303
p79,3321.29334637965,5795,2037,1.07286766291435,1.06429570776987,3563.30823038331,6167.59362652638
p79,3321.29334637965,5795,2038,1.08370204276411,1.07381225244993,3599.29238409048,6222.74200294737
p79,3321.29334637965,5795,2039,1.09464583385889,1.0834138906073,3635.63992463772,6278.3834960693
p79,3321.29334637965,5795,2040,1.10570014109075,1.09310138311685,3672.35452169575,6334.52251516215
p79,3321.29334637965,5795,2041,1.11236574316591,1.09893612354644,3694.4929415176,6368.33483595161
p79,3321.29334637965,5795,2042,1.11907152815267,1.10480200856737,3716.76482057638,6402.32763964794
p79,3321.29334637965,5795,2043,1.12581773828967,1.1106992044228,3739.17096341768,6436.50188963013
p79,3321.29334637965,5795,2044,1.13260461727586,1.11662787824323,3761.71217943719,6470.8585544195
p79,3321.29334637965,5795,2045,1.13943241027931,1.12258819805127,3784.38928291,6505.3986077071
p79,3321.29334637965,5795,2046,1.14630136394606,1.12858033276641,3807.20309301995,6540.12302838137
p79,3321.29334637965,5795,2047,1.15321172640901,1.1346044522098,3830.15443388924,6575.0328005558
p79,3321.29334637965,5795,2048,1.16016374729694,1.14066072710904,3853.24413460822,6610.12891359691
p79,3321.29334637965,5795,2049,1.16715767774348,1.14674932910306,3876.47302926533,6645.41236215223
p79,3321.29334637965,5795,2050,1.17419377039617,1.15287043074694,3899.84195697722,6680.88414617849
p8,168.232175472929,303,2023,1,1,168.232175472929,303
p8,168.232175472929,303,2024,1,1,168.232175472929,303
p8,168.232175472929,303,2025,1,1,168.232175472929,303
p8,168.232175472929,303,2026,1,1,168.232175472929,303
p8,168.232175472929,303,2027,1,1,168.232175472929,303
p8,168.232175472929,303,2028,1,1,168.232175472929,303
p8,168.232175472929,303,2029,1,1,168.232175472929,303
p8,168.232175472929,303,2030,1,1,168.232175472929,303
p8,168.232175472929,303,2031,1.01765559474321,1.01563296767061,171.202414585848,307.736789204196
p8,168.232175472929,303,2032,1.03562290951216,1.03151032501942,174.225095036834,312.547628480883
p8,168.232175472929,303,2033,1.05390744790929,1.04763589258235,177.301142708902,317.433675452451
p8,168.232175472929,303,2034,1.07251481070643,1.06401355062166,180.431499832078,322.396105838363
p8,168.232175472929,303,2035,1.09145069756035,1.08064724005962,183.617125272023,327.436113738066
p8,168.232175472929,303,2036,1.11072090875867,1.09754096342681,186.858994823739,332.554911918324
p8,168.232175472929,303,2037,1.13033134699652,1.11469878582524,190.158101510471,337.753732105047
p8,168.232175472929,303,2038,1.15028801918464,1.13212483590652,193.515455887878,343.033825279674
p8,168.232175472929,303,2039,1.17059703828933,1.14982330686534,196.932086353582,348.396461980198
p8,168.232175472929,303,2040,1.19126462520497,1.16779845744848,200.409039462176,353.84293260689
p8,168.232175472929,303,2041,1.20409179132741,1.17893241212352,202.566981524107,357.216520873428
p8,168.232175472929,303,2042,1.21705707637595,1.19017251948777,204.748159633449,360.622273404794
p8,168.232175472929,303,2043,1.23016196757213,1.20151979161588,206.952823988718,364.060496859612
p8,168.232175472929,303,2044,1.24340796815142,1.21297525023178,209.181227482488,367.531500820231
p8,168.232175472929,303,2045,1.25679659753568,1.22453992680066,211.433625730403,371.035597820601
p8,168.232175472929,303,2046,1.27032939150741,1.23621486262184,213.710277100494,374.573103374417
p8,168.232175472929,303,2047,1.28400790238595,1.24800110892252,216.011442742821,378.144336003524
p8,168.232175472929,303,2048,1.29783369920553,1.25989972695247,218.337386619425,381.749617266599
p8,168.232175472929,303,2049,1.31180836789524,1.27191178807956,220.688375534608,385.389271788106
p8,168.232175472929,303,2050,1.32593351146097,1.28403837388621,223.064679165539,389.063627287522
p80,10532.2103555121,20289,2023,1,1,10532.2103555121,20289
p80,10532.2103555121,20289,2024,1.02304258623763,1.02040282476685,10774.8997209019,20702.9529116946
p80,10532.2103555121,20289,2025,1.04661613325579,1.04122192479217,11023.1812769226,21125.3516321083
p80,10532.2103555121,20289,2026,1.07073287576404,1.06246579326711,11277.1838821092,21556.3684795963
p80,10532.2103555121,20289,2027,1.0954053303913,1.08414309666791,11537.0393642304,21996.1792882952
p80,10532.2103555121,20289,2028,1.12064630218201,1.10626267829142,11802.8825887076,22444.9634798545
p80,10532.2103555121,20289,2029,1.14646889124192,1.1288335618627,12074.8515286106,22902.9041366324
p80,10532.2103555121,20289,2030,1.17288649953713,1.15186495521633,12353.0873362652,23370.1880763841
p80,10532.2103555121,20289,2031,1.18614828682755,1.1633970104512,12492.7632696981,23604.1619450443
p80,10532.2103555121,20289,2032,1.19956002469052,1.17504452045126,12634.0185141039,23840.4782754356
p80,10532.2103555121,20289,2033,1.213123408612,1.18680864110786,12776.8709266975,24079.1605194373
p80,10532.2103555121,20289,2034,1.22684015324876,1.1986905398847,12921.3385666046,24320.2323637207
p80,10532.2103555121,20289,2035,1.24071199264512,1.21069139593372,13067.4396971449,24563.7177320993
p80,10532.2103555121,20289,2036,1.2547406804522,1.2228124002121,13215.1927881409,24809.6407879033
p80,10532.2103555121,20289,2037,1.26892799014957,1.23505475560043,13364.6165182524,25058.0259363772
p80,10532.2103555121,20289,2038,1.28327571526949,1.24741967702214,13515.7297773385,25308.8978271023
p80,10532.2103555121,20289,2039,1.29778566962363,1.25990839156401,13668.5516688452,25562.2813564423
p80,10532.2103555121,20289,2040,1.31245968753236,1.27252213859798,13823.1015122205,25818.2016700144
p80,10532.2103555121,20289,2041,1.319572265926,1.27862826117163,13898.0126840323,25942.0887909111
p80,10532.2103555121,20289,2042,1.32672338932935,1.284763683615,13973.3298199947,26066.5703768647
p80,10532.2103555121,20289,2043,1.33391326662838,1.2909285465218,14049.0551201384,26191.6492803807
p80,10532.2103555121,20289,2044,1.34114210784106,1.29712299116035,14125.1907964169,26317.3283676524
p80,10532.2103555121,20289,2045,1.3484101241235,1.30334715947686,14201.7390727708,26443.6105186261
p80,10532.2103555121,20289,2046,1.35571752777613,1.30960119409865,14278.702185193,26570.4986270675
p80,10532.2103555121,20289,2047,1.3630645322499,1.31588523833741,14356.0823817936,26697.9956006278
p80,10532.2103555121,20289,2048,1.37045135215249,1.32219943619254,14433.881922866,26826.1043609105
p80,10532.2103555121,20289,2049,1.37787820325462,1.32854393235439,14512.1030809527,26954.8278435382
p80,10532.2103555121,20289,2050,1.38534530249633,1.33491887220759,14590.7481409118,27084.1689982198
p81,2712.78320287019,5226,2023,1,1,2712.78320287019,5226
p81,2712.78320287019,5226,2024,1,1,2712.78320287019,5226
p81,2712.78320287019,5226,2025,1,1,2712.78320287019,5226
p81,2712.78320287019,5226,2026,1,1,2712.78320287019,5226
p81,2712.78320287019,5226,2027,1,1,2712.78320287019,5226
p81,2712.78320287019,5226,2028,1,1,2712.78320287019,5226
p81,2712.78320287019,5226,2029,1,1,2712.78320287019,5226
p81,2712.78320287019,5226,2030,1,1,2712.78320287019,5226
p81,2712.78320287019,5226,2031,1.01038749273704,1.00919750031073,2740.96221868716,5274.06613662388
p81,2712.78320287019,5226,2032,1.02088288547944,1.01847959463343,2769.43394382627,5322.5743615543
p81,2712.78320287019,5226,2033,1.03148729903772,1.02784706102154,2798.20141880347,5371.52874089859
p81,2712.78320287019,5226,2034,1.04220186586482,1.03730068468467,2827.26771571805,5420.93337816211
p81,2712.78320287019,5226,2035,1.05302773017702,1.04684125805438,2856.63593858074,5470.79241459221
p81,2712.78320287019,5226,2036,1.06396604807613,1.05646958085063,2886.3092236451,5521.11002952537
p81,2712.78320287019,5226,2037,1.07501798767298,1.06618646014878,2916.29073974256,5571.89044073751
p81,2712.78320287019,5226,2038,1.08618472921211,1.07599271044729,2946.58368862073,5623.13790479756
p81,2712.78320287019,5226,2039,1.09746746519789,1.08588915373598,2977.19130528535,5674.85671742422
p81,2712.78320287019,5226,2040,1.10886740052176,1.09587661956488,3008.11685834577,5727.05121384609
p81,2712.78320287019,5226,2041,1.11509468431797,1.1013259078216,3025.01012922762,5755.5291942757
p81,2712.78320287019,5226,2042,1.12135693989119,1.10680229287186,3041.99827095874,5784.14878254836
p81,2712.78320287019,5226,2043,1.1276543636393,1.1123059094555,3059.08181632395,5812.91068281444
p81,2712.78320287019,5226,2044,1.13398715306309,1.11783689298235,3076.26130110012,5841.81560272578
p81,2712.78320287019,5226,2045,1.14035550677251,1.12339537953559,3093.53726407299,5870.86425345299
p81,2712.78320287019,5226,2046,1.14675962449289,1.12898150587505,3110.91024705404,5900.05734970304
p81,2712.78320287019,5226,2047,1.15319970707119,1.13459540944064,3128.38079489755,5929.39560973679
p81,2712.78320287019,5226,2048,1.1596759564823,1.14023722835567,3145.94945551762,5958.87975538671
p81,2712.78320287019,5226,2049,1.16618857583539,1.14590710143026,3163.61677990537,5988.51051207456
p81,2712.78320287019,5226,2050,1.17273776938027,1.15160516816482,3181.38332214624,6018.28860882933
p82,976.45362035225,1881,2023,1,1,976.45362035225,1881
p82,976.45362035225,1881,2024,1,1,976.45362035225,1881
p82,976.45362035225,1881,2025,1,1,976.45362035225,1881
p82,976.45362035225,1881,2026,1,1,976.45362035225,1881
p82,976.45362035225,1881,2027,1,1,976.45362035225,1881
p82,976.45362035225,1881,2028,1,1,976.45362035225,1881
p82,976.45362035225,1881,2029,1,1,976.45362035225,1881
p82,976.45362035225,1881,2030,1,1,976.45362035225,1881
p82,976.45362035225,1881,2031,1.01038749273704,1.00919750031073,986.596525241713,1898.30049808449
p82,976.45362035225,1881,2032,1.02088288547944,1.01847959463343,996.844789482048,1915.76011750548
p82,976.45362035225,1881,2033,1.03148729903772,1.02784706102154,1007.19950749275,1933.38032178152
p82,976.45362035225,1881,2034,1.04220186586482,1.03730068468467,1017.66178506157,1951.16258789187
p82,976.45362035225,1881,2035,1.05302773017702,1.04684125805438,1028.23273946266,1969.1084064003
p82,976.45362035225,1881,2036,1.06396604807613,1.05646958085063,1038.91349957581,1987.21928158003
p82,976.45362035225,1881,2037,1.07501798767298,1.06618646014878,1049.70520600707,2005.49673153985
p82,976.45362035225,1881,2038,1.08618472921211,1.07599271044729,1060.6090112105,2023.94228835136
p82,976.45362035225,1881,2039,1.09746746519789,1.08588915373598,1071.62607961128,2042.55749817737
p82,976.45362035225,1881,2040,1.10886740052176,1.09587661956488,1082.75758773006,2061.34392140155
p82,976.45362035225,1881,2041,1.11509468431797,1.1013259078216,1088.83824153783,2071.59403261244
p82,976.45362035225,1881,2042,1.12135693989119,1.10680229287186,1094.95304366388,2081.89511289198
p82,976.45362035225,1881,2043,1.1276543636393,1.1123059094555,1101.1021858816,2092.2474156858
p82,976.45362035225,1881,2044,1.13398715306309,1.11783689298235,1107.28586104139,2102.65119569981
p82,976.45362035225,1881,2045,1.14035550677251,1.12339537953559,1113.50426307664,2113.10670890644
p82,976.45362035225,1881,2046,1.14675962449289,1.12898150587505,1119.75758700987,2123.61421255098
p82,976.45362035225,1881,2047,1.15319970707119,1.13459540944064,1126.04602895882,2134.17396515785
p82,976.45362035225,1881,2048,1.1596759564823,1.14023722835567,1132.36978614261,2144.78622653701
p82,976.45362035225,1881,2049,1.16618857583539,1.14590710143026,1138.72905688791,2155.45125779033
p82,976.45362035225,1881,2050,1.17273776938027,1.15160516816482,1145.12404063518,2166.16932131802
p83,1606.2616927593,3096,2023,1,1,1606.2616927593,3096
p83,1606.2616927593,3096,2024,1,1,1606.2616927593,3096
p83,1606.2616927593,3096,2025,1,1,1606.2616927593,3096
p83,1606.2616927593,3096,2026,1,1,1606.2616927593,3096
p83,1606.2616927593,3096,2027,1,1,1606.2616927593,3096
p83,1606.2616927593,3096,2028,1,1,1606.2616927593,3096
p83,1606.2616927593,3096,2029,1,1,1606.2616927593,3096
p83,1606.2616927593,3096,2030,1,1,1606.2616927593,3096
p83,1606.2616927593,3096,2031,1.01038749273704,1.00919750031073,1622.94672442661,3124.47546096202
p83,1606.2616927593,3096,2032,1.02088288547944,1.01847959463343,1639.80507173919,3153.2128249851
p83,1606.2616927593,3096,2033,1.03148729903772,1.02784706102154,1656.83853501204,3182.2145009227
p83,1606.2616927593,3096,2034,1.04220186586482,1.03730068468467,1674.04893326092,3211.48291978375
p83,1606.2616927593,3096,2035,1.05302773017702,1.04684125805438,1691.43810439662,3241.02053493637
p83,1606.2616927593,3096,2036,1.06396604807613,1.05646958085063,1709.00790542118,3270.82982231354
p83,1606.2616927593,3096,2037,1.07501798767298,1.06618646014878,1726.76021262629,3300.91328062062
p83,1606.2616927593,3096,2038,1.08618472921211,1.07599271044729,1744.69692179355,3331.27343154482
p83,1606.2616927593,3096,2039,1.09746746519789,1.08588915373598,1762.81994839701,3361.91281996659
p83,1606.2616927593,3096,2040,1.10886740052176,1.09587661956488,1781.13122780769,3392.83401417288
p83,1606.2616927593,3096,2041,1.11509468431797,1.1013259078216,1791.13387521947,3409.70501061569
p83,1606.2616927593,3096,2042,1.12135693989119,1.10680229287186,1801.19269645701,3426.65989873129
p83,1606.2616927593,3096,2043,1.1276543636393,1.1123059094555,1811.30800698666,3443.69909567423
p83,1606.2616927593,3096,2044,1.13398715306309,1.11783689298235,1821.48012404641,3460.82302067336
p83,1606.2616927593,3096,2045,1.14035550677251,1.12339537953559,1831.7093666558,3478.03209504218
p83,1606.2616927593,3096,2046,1.14675962449289,1.12898150587505,1841.99605562597,3495.32674218917
p83,1606.2616927593,3096,2047,1.15319970707119,1.13459540944064,1852.3405135697,3512.70738762823
p83,1606.2616927593,3096,2048,1.1596759564823,1.14023722835567,1862.74306491152,3530.17445898914
p83,1606.2616927593,3096,2049,1.16618857583539,1.14590710143026,1873.20403589791,3547.7283860281
p83,1606.2616927593,3096,2050,1.17273776938027,1.15160516816482,1883.72375460751,3565.36960063827
p84,487.539008480104,895,2023,1,1,487.539008480104,895
p84,487.539008480104,895,2024,1.02021770514769,1.01790156239678,497.395928401553,911.021898345119
p84,487.539008480104,895,2025,1.04084416589682,1.03612359072981,507.452132623638,927.330613703178
p84,487.539008480104,895,2026,1.06188764634762,1.05467182184003,517.71165021759,943.93128054683
p84,487.539008480104,895,2027,1.08335657768145,1.07355209526683,528.178591713215,960.829125263813
p84,487.539008480104,895,2028,1.10525956153883,1.09277035508644,538.857150745796,978.029467802367
p84,487.539008480104,895,2029,1.12760537346569,1.11233265178338,549.7516057363,995.537723346122
p84,487.539008480104,895,2030,1.15040296642937,1.13224514415525,560.866321605546,1013.35940401895
p84,487.539008480104,895,2031,1.16304553584645,1.14326269082532,567.03006736379,1023.22010828866
p84,487.539008480104,895,2032,1.1758270431541,1.15438744602284,573.261550763444,1033.17676419044
p84,487.539008480104,895,2033,1.18874901523637,1.16562045296267,579.561516220039,1043.23030540159
p84,487.539008480104,895,2034,1.20181299575726,1.1769627650109,585.930716329999,1053.38167468475
p84,487.539008480104,895,2035,1.21502054534518,1.18841544578358,592.369911960547,1063.63182397631
p84,487.539008480104,895,2036,1.22837324177936,1.19997956924654,598.879872340599,1073.98171447565
p84,487.539008480104,895,2037,1.2418726801783,1.21165621981602,605.46137515266,1084.43231673534
p84,487.539008480104,895,2038,1.2555204731904,1.22344649246043,612.115206625718,1094.98461075208
p84,487.539008480104,895,2039,1.26931825118652,1.23535149280297,618.842161629177,1105.63958605866
p84,487.539008480104,895,2040,1.28326766245482,1.24737233722535,625.643043767803,1116.39824181669
p84,487.539008480104,895,2041,1.29187786788297,1.25478290441741,629.840854785054,1123.03069945358
p84,487.539008480104,895,2042,1.30054584429662,1.26223749736222,634.066831411293,1129.70256013919
p84,487.539008480104,895,2043,1.30927197931564,1.26973637761425,638.32116262633,1136.41405796475
p84,487.539008480104,895,2044,1.31805666316068,1.27727980828183,642.604038677953,1143.16542841224
p84,487.539008480104,895,2045,1.32690028867061,1.28486805403641,646.915651090435,1149.95690836259
p84,487.539008480104,895,2046,1.3358032513201,1.29250138112185,651.256192673101,1156.78873610406
p84,487.539008480104,895,2047,1.34476594923727,1.30018005736374,655.625857528946,1163.66115134054
p84,487.539008480104,895,2048,1.35378878322155,1.30790435217879,660.02484106332,1170.57439520002
p84,487.539008480104,895,2049,1.36287215676154,1.31567453658433,664.45333999266,1177.52871024298
p84,487.539008480104,895,2050,1.3720164760531,1.32349088320777,668.911552353295,1184.52434047096
p85,4079.78367579909,7079,2023,1,1,4079.78367579909,7079
p85,4079.78367579909,7079,2024,1,1,4079.78367579909,7079
p85,4079.78367579909,7079,2025,1,1,4079.78367579909,7079
p85,4079.78367579909,7079,2026,1,1,4079.78367579909,7079
p85,4079.78367579909,7079,2027,1,1,4079.78367579909,7079
p85,4079.78367579909,7079,2028,1,1,4079.78367579909,7079
p85,4079.78367579909,7079,2029,1,1,4079.78367579909,7079
p85,4079.78367579909,7079,2030,1,1,4079.78367579909,7079
p85,4079.78367579909,7079,2031,1.00872466577463,1.00772516700658,4115.37842480324,7133.68645723957
p85,4079.78367579909,7079,2032,1.01752545134215,1.01551001221844,4151.2837260958,7188.79537649431
p85,4079.78367579909,7079,2033,1.02640302082229,1.02335499665968,4187.50228914166,7244.33002135385
p85,4079.78367579909,7079,2034,1.03535804412904,1.03126058491589,4224.03684704494,7300.29368061957
p85,4079.78367579909,7079,2035,1.04439119702115,1.03922724516167,4260.89015675515,7356.68966849943
p85,4079.78367579909,7079,2036,1.05350316115313,1.04725544918833,4298.06499927527,7413.52132480416
p85,4079.78367579909,7079,2037,1.06269462412671,1.05534567243185,4335.5641798716,7470.7920151451
p85,4079.78367579909,7079,2038,1.07196627954272,1.06349839400106,4373.39052828546,7528.50513113351
p85,4079.78367579909,7079,2039,1.08131882705341,1.07171409670595,4411.5468989467,7586.66409058139
p85,4079.78367579909,7079,2040,1.09075297241527,1.0799932670863,4450.03617118914,7645.27233770395
p85,4079.78367579909,7079,2041,1.10002498841771,1.08812209432064,4487.86399071765,7702.81630569579
p85,4079.78367579909,7079,2042,1.10937582179028,1.09631210511437,4526.01336806619,7760.7933921046
p85,4079.78367579909,7079,2043,1.11880614252513,1.10456375998017,4564.48703665775,7819.20685689959
p85,4079.78367579909,7079,2044,1.12831662630969,1.11287752289686,4603.28775315098,7878.05998458688
p85,4079.78367579909,7079,2045,1.13790795457515,1.12125386133553,4642.41829763764,7937.35608439424
p85,4079.78367579909,7079,2046,1.14758081454524,1.12969324628579,4681.88147384188,7997.09849045709
p85,4079.78367579909,7079,2047,1.15733589928546,1.13819615228225,4721.68010932106,8057.29056200607
p85,4079.78367579909,7079,2048,1.16717390775278,1.14676305743125,4761.8170556684,8117.93568355582
p85,4079.78367579909,7079,2049,1.17709554484568,1.15539444343769,4802.29518871725,8179.03726509538
p85,4079.78367579909,7079,2050,1.18710152145471,1.16409079563213,4843.11740874718,8240.59874227987
p86,2687.91578604044,4582,2023,1,1,2687.91578604044,4582
p86,2687.91578604044,4582,2024,1,1,2687.91578604044,4582
p86,2687.91578604044,4582,2025,1,1,2687.91578604044,4582
p86,2687.91578604044,4582,2026,1,1,2687.91578604044,4582
p86,2687.91578604044,4582,2027,1,1,2687.91578604044,4582
p86,2687.91578604044,4582,2028,1,1,2687.91578604044,4582
p86,2687.91578604044,4582,2029,1,1,2687.91578604044,4582
p86,2687.91578604044,4582,2030,1,1,2687.91578604044,4582
p86,2687.91578604044,4582,2031,1.00836627730576,1.00740783556411,2710.40363488098,4615.94270255475
p86,2687.91578604044,4582,2032,1.01680254920747,1.01487054715596,2733.07962330092,4650.13684706863
p86,2687.91578604044,4582,2033,1.02530940129934,1.02238854128815,2755.94532532817,4684.58429618232
p86,2687.91578604044,4582,2034,1.03388742407481,1.02996222748465,2779.00232815936,4719.28692633465
p86,2687.91578604044,4582,2035,1.04253721296755,1.0375920183031,2802.25223227008,4754.24662786479
p86,2687.91578604044,4582,2036,1.05125936839281,1.04527832935732,2825.69665152593,4789.46530511523
p86,2687.91578604044,4582,2037,1.06005449578905,1.05302157933992,2849.33721329454,4824.94487653553
p86,2687.91578604044,4582,2038,1.06892320566004,1.06082219004513,2873.17555855857,4860.6872747868
p86,2687.91578604044,4582,2039,1.07786611361715,1.06868058639175,2897.21334202959,4896.69444684698
p86,2687.91578604044,4582,2040,1.08688384042215,1.07659719644629,2921.45223226295,4932.96835411691
p86,2687.91578604044,4582,2041,1.09515094016747,1.08384793704829,2943.67350017317,4966.19124755524
p86,2687.91578604044,4582,2042,1.10348092146063,1.09114751043514,2966.06378838847,4999.63789281381
p86,2687.91578604044,4582,2043,1.11187426259378,1.09849624548924,2988.6243825179,5033.30979683172
p86,2687.91578604044,4582,2044,1.12033144549711,1.10589447330796,3011.35657794919,5067.20847669709
p86,2687.91578604044,4582,2045,1.12885295576646,1.11334252721856,3034.26167992308,5101.33545971546
p86,2687.91578604044,4582,2046,1.13743928269124,1.12084074279322,3057.3410036083,5135.69228347855
p86,2687.91578604044,4582,2047,1.14609091928251,1.12838945786416,3080.59587417706,5170.28049593357
p86,2687.91578604044,4582,2048,1.1548083623013,1.13598901253883,3104.02762688117,5205.10165545293
p86,2687.91578604044,4582,2049,1.1635921122871,1.1436397492153,3127.63760712864,5240.1573309045
p86,2687.91578604044,4582,2050,1.17244267358665,1.15134201259761,3151.42717056103,5275.44910172225
p87,4384.98626875408,7420,2023,1,1,4384.98626875408,7420
p87,4384.98626875408,7420,2024,1.01004746360055,1.00889642495331,4429.0442586783,7486.01147315359
p87,4384.98626875408,7420,2025,1.02019587872591,1.01787199628358,4473.54491965261,7552.61021242414
p87,4384.98626875408,7420,2026,1.03044625968284,1.02692741811059,4518.49269939825,7619.8014423806
p87,4384.98626875408,7420,2027,1.04079963096933,1.03606340081831,4563.89209032481,7687.59043407189
p87,4384.98626875408,7420,2028,1.05125702737696,1.04528066111057,4609.7476299792,7755.98250544042
p87,4384.98626875408,7420,2029,1.06181949409435,1.05457992206729,4656.06390149914,7824.98302173928
p87,4384.98626875408,7420,2030,1.07248808681162,1.06396191320123,4702.8455340713,7894.59739595314
p87,4384.98626875408,7420,2031,1.08127221309002,1.07167789604784,4741.36380718509,7951.84998867496
p87,4384.98626875408,7420,2032,1.09012828503889,1.07944983615245,4780.19756107597,8009.51778425121
p87,4384.98626875408,7420,2033,1.09905689192338,1.08727813932401,4819.34937966355,8067.60379378413
p87,4384.98626875408,7420,2034,1.10805862783497,1.0951632143144,4858.82186803081,8126.11105021285
p87,4384.98626875408,7420,2035,1.11713409173099,1.10310547283986,4898.61765259744,8185.04260847175
p87,4384.98626875408,7420,2036,1.12628388747449,1.11110532960242,4938.73938129462,8244.40154564995
p87,4384.98626875408,7420,2037,1.13550862387443,1.11916320231159,4979.18972374119,8304.19096115203
p87,4384.98626875408,7420,2038,1.14480891472612,1.12727951170617,5019.97137142129,8364.41397685981
p87,4384.98626875408,7420,2039,1.15418537885216,1.1354546815762,5061.08703786343,8425.07373729538
p87,4384.98626875408,7420,2040,1.16363864014354,1.14368913878508,5102.53945882107,8486.17340978533
p87,4384.98626875408,7420,2041,1.17158134193257,1.15060135314389,5137.36809710279,8537.46204032765
p87,4384.98626875408,7420,2042,1.17957825858654,1.15755534345887,5172.43446682281,8589.0606484648
p87,4384.98626875408,7420,2043,1.18762976016234,1.16455136221504,5207.74019067556,8640.97110763557
p87,4384.98626875408,7420,2044,1.19573621924279,1.17158966342337,5243.28690243153,8693.19530260139
p87,4384.98626875408,7420,2045,1.20389801095384,1.17867050263003,5279.07624701295,8745.7351295148
p87,4384.98626875408,7420,2046,1.212115512982,1.18579413692565,5315.10988056986,8798.5924959883
p87,4384.98626875408,7420,2047,1.22038910559172,1.19296082495466,5351.38947055675,8851.76932116357
p87,4384.98626875408,7420,2048,1.22871917164307,1.20017082692469,5387.91669580974,8905.26753578119
p87,4384.98626875408,7420,2049,1.23710609660942,1.207424404616,5424.69324662425,8959.08908225071
p87,4384.98626875408,7420,2050,1.24555026859528,1.214721821391,5461.72082483324,9013.23591472121
p88,1375.64776581866,2327,2023,1,1,1375.64776581866,2327
p88,1375.64776581866,2327,2024,1.04888237882866,1.04328240758839,1442.89270104221,2427.71816245819
p88,1375.64776581866,2327,2025,1.10015424461728,1.08843818198344,1513.42472866367,2532.79564947546
p88,1375.64776581866,2327,2026,1.15393240117262,1.13554840701082,1587.40452957887,2642.42114311417
p88,1375.64776581866,2327,2027,1.21033936194941,1.18469767599941,1665.00063914808,2756.79149205063
p88,1375.64776581866,2327,2028,1.26950362915146,1.23597424368104,1746.38983114089,2876.11206504578
p88,1375.64776581866,2327,2029,1.33155998647601,1.2894701846648,1831.75752044924,3000.597119715
p88,1375.64776581866,2327,2030,1.39664980616802,1.34528155877055,1921.29818548609,3130.47018725906
p88,1375.64776581866,2327,2031,1.40305569014722,1.3507449689831,1930.11042547018,3143.18354282366
p88,1375.64776581866,2327,2032,1.40949095539966,1.35623056700529,1938.96308373714,3155.94852942132
p88,1375.64776581866,2327,2033,1.41595573668567,1.36173844294549,1947.85634566976,3168.76535673416
p88,1375.64776581866,2327,2034,1.42245016938372,1.36726868727799,1956.79039750109,3181.63423529589
p88,1375.64776581866,2327,2035,1.42897438949318,1.37282139084452,1965.76542631837,3194.55537649521
p88,1375.64776581866,2327,2036,1.43552853363721,1.37839664485574,1974.78162006696,3207.5289925793
p88,1375.64776581866,2327,2037,1.44211273906559,1.3839945408927,1983.8391675542,3220.55529665732
p88,1375.64776581866,2327,2038,1.44872714365763,1.38961517090843,1992.93825845347,3233.63450270391
p88,1375.64776581866,2327,2039,1.45537188592503,1.39525862722934,2002.07908330805,3246.76682556268
p88,1375.64776581866,2327,2040,1.46204710501479,1.40092500255684,2011.26183353523,3259.95248094976
p88,1375.64776581866,2327,2041,1.46873007226633,1.406594987846,2020.45524250386,3273.14653671764
p88,1375.64776581866,2327,2042,1.47544358713234,1.41228792135374,2029.69067423007,3286.39399299016
p88,1375.64776581866,2327,2043,1.4821877892449,1.41800389595875,2038.96832079844,3299.69506589601
p88,1375.64776581866,2327,2044,1.48896281887438,1.42374300491561,2048.28837517159,3313.04997243862
p88,1375.64776581866,2327,2045,1.49576881693229,1.42950534185633,2057.65103119412,3326.45893049968
p88,1375.64776581866,2327,2046,1.50260592497426,1.4352910007919,2067.05648359672,3339.92215884275
p88,1375.64776581866,2327,2047,1.50947428520297,1.44110007611378,2076.50492800018,3353.43987711676
p88,1375.64776581866,2327,2048,1.51637404047109,1.44693266259547,2085.99656091946,3367.01230585965
p88,1375.64776581866,2327,2049,1.52330533428427,1.45278885539404,2095.53157976779,3380.63966650194
p88,1375.64776581866,2327,2050,1.53026831080411,1.45866875005172,2105.11018286077,3394.32218137036
p89,5300.8130789302,9269,2023,1,1,5300.8130789302,9269
p89,5300.8130789302,9269,2024,1.02428867244815,1.02150615919014,5429.56279151319,9468.34058953336
p89,5300.8130789302,9269,2025,1.04916728450559,1.04347483326338,5561.43966369291,9671.96822951828
p89,5300.8130789302,9269,2026,1.07465016502226,1.06591596913844,5696.51965002448,9879.97511794423
p89,5300.8130789302,9269,2027,1.10075199087683,1.08883972765404,5834.88054989836,10092.4554356253
p89,5300.8130789302,9269,2028,1.12748779542988,1.11225648816951,5976.6020523489,10309.5053888432
p89,5300.8130789302,9269,2029,1.15487297718236,1.13617685326435,6121.76578195133,10531.2232529072
p89,5300.8130789302,9269,2030,1.18292330864436,1.1606116535388,6270.45534583342,10757.7094166511
p89,5300.8130789302,9269,2031,1.19110461120049,1.16771907172864,6313.82290142565,10823.5880758528
p89,5300.8130789302,9269,2032,1.1993424970626,1.17487001472126,6357.49039454623,10889.8701664514
p89,5300.8130789302,9269,2033,1.20763735757062,1.18206474905628,6401.45989961508,10956.5581590026
p89,5300.8130789302,9269,2034,1.21598958677109,1.18930354290553,6445.73350539914,11023.6545391914
p89,5300.8130789302,9269,2035,1.22439958143582,1.19658666608314,6490.31331511166,11091.1618079246
p89,5300.8130789302,9269,2036,1.23286774108077,1.20391439005551,6535.20144651207,11159.0824814245
p89,5300.8130789302,9269,2037,1.24139446798501,1.21128698795146,6580.40003200656,11227.419091322
p89,5300.8130789302,9269,2038,1.24998016720987,1.21870473457242,6625.91121874945,11296.1741847517
p89,5300.8130789302,9269,2039,1.25862524661813,1.22616790640266,6671.73716874513,11365.3503244463
p89,5300.8130789302,9269,2040,1.26733011689342,1.23367678161962,6717.8800589508,11434.9500888323
p89,5300.8130789302,9269,2041,1.27535281176077,1.24059176257476,6760.40686483191,11499.0450473054
p89,5300.8130789302,9269,2042,1.28342629342161,1.24754550324583,6803.2028820122,11563.4992695856
p89,5300.8130789302,9269,2043,1.2915508833762,1.25453822088803,6846.2698147044,11628.3147694112
p89,5300.8130789302,9269,2044,1.29972690515999,1.26157013397433,6889.60937790957,11693.4935718081
p89,5300.8130789302,9269,2045,1.30795468435658,1.26864146220225,6933.22329748538,11759.0377131527
p89,5300.8130789302,9269,2046,1.3162345486106,1.27575242650079,6977.11331021487,11824.9492412358
p89,5300.8130789302,9269,2047,1.32456682764083,1.28290324903725,7021.28116387559,11891.2302153263
p89,5300.8130789302,9269,2048,1.33295185325327,1.29009415322427,7065.7286173092,11957.8827062358
p89,5300.8130789302,9269,2049,1.34138995935441,1.29732536372673,7110.45744049153,12024.908796383
p89,5300.8130789302,9269,2050,1.34988148196449,1.30459710646878,7155.46941460303,12092.3105798591
p9,13919.1542889759,25088,2023,1,1,13919.1542889759,25088
p9,13919.1542889759,25088,2024,1,1,13919.1542889759,25088
p9,13919.1542889759,25088,2025,1,1,13919.1542889759,25088
p9,13919.1542889759,25088,2026,1,1,13919.1542889759,25088
p9,13919.1542889759,25088,2027,1,1,13919.1542889759,25088
p9,13919.1542889759,25088,2028,1,1,13919.1542889759,25088
p9,13919.1542889759,25088,2029,1,1,13919.1542889759,25088
p9,13919.1542889759,25088,2030,1,1,13919.1542889759,25088
p9,13919.1542889759,25088,2031,1.016215000564,1.01435740813509,14144.853383622,25448.1986552931
p9,13919.1542889759,25088,2032,1.03269292737129,1.02892095143853,14374.2121892151,25813.5688296899
p9,13919.1542889759,25088,2033,1.04943804377105,1.04369358947708,14607.2900479703,26184.1847728009
p9,13919.1542889759,25088,2034,1.06645468224268,1.05867832430917,14844.1472643366,26560.1218002685
p9,13919.1542889759,25088,2035,1.08374724551673,1.07387820109505,15084.8451205999,26941.4563090726
p9,13919.1542889759,25088,2036,1.10132020771401,1.08929630871554,15329.4458927383,27328.2657930556
p9,13919.1542889759,25088,2037,1.11917811550324,1.10493578039982,15578.0128665348,27720.6288586706
p9,13919.1542889759,25088,2038,1.13732558927734,1.12079979436208,15830.6103539517,28118.6252409558
p9,13919.1542889759,25088,2039,1.15576732434892,1.13689157444746,16087.3037097694,28522.3358197378
p9,13919.1542889759,25088,2040,1.17450809216509,1.15321439078714,16348.1593484966,28931.8426360678
p9,13919.1542889759,25088,2041,1.18350536039781,1.16103649839331,16473.3937132071,29128.0836716914
p9,13919.1542889759,25088,2042,1.19257155181309,1.16891166236774,16599.5874303298,29325.6557854819
p9,13919.1542889759,25088,2043,1.20170719439397,1.17684024258508,16726.747848942,29524.5680059746
p9,13919.1542889759,25088,2044,1.2109128201681,1.18482260136096,16854.8823744186,29724.8294229439
p9,13919.1542889759,25088,2045,1.22018896523868,1.19285910346856,16983.998468863,29926.4491878192
p9,13919.1542889759,25088,2046,1.22953616981572,1.20095011615525,17114.1036515414,30129.4365141028
p9,13919.1542889759,25088,2047,1.23895497824749,1.20909600915941,17245.2054993215,30333.8006777912
p9,13919.1542889759,25088,2048,1.2484459390522,1.2172971547273,17377.311647113,30539.5510177985
p9,13919.1542889759,25088,2049,1.25800960494998,1.22555392763009,17510.4297883124,30746.6969363838
p9,13919.1542889759,25088,2050,1.26764653289503,1.23386670518097,17644.5676752513,30955.2478995803
p90,4863.9897260274,8505,2023,1,1,4863.9897260274,8505
p90,4863.9897260274,8505,2024,1.02424156817374,1.02146445118711,4981.90046456726,8687.55515734637
p90,4863.9897260274,8505,2025,1.049070789975,1.04338962503898,5102.66954431386,8874.02876095657
p90,4863.9897260274,8505,2026,1.07450191104926,1.06578541071477,5226.36625594041,9064.50491812913
p90,4863.9897260274,8505,2027,1.10054952237878,1.08866190963899,5353.06156983473,9259.06954147964
p90,4863.9897260274,8505,2028,1.1272285686541,1.11202944005771,5482.8281768181,9457.81038769079
p90,4863.9897260274,8505,2029,1.15455435684851,1.13589854169245,5615.74052985134,9660.81709709433
p90,4863.9897260274,8505,2030,1.18254256500035,1.16027998049412,5751.87488675177,9868.18123410251
p90,4863.9897260274,8505,2031,1.19370409922623,1.16997679282411,5806.16447455318,9950.65262296908
p90,4863.9897260274,8505,2032,1.20497098259553,1.17975464436097,5860.9664795058,10033.8132502901
p90,4863.9897260274,8505,2033,1.2163442094556,1.18961421237397,5916.28573810496,10117.6688762406
p90,4863.9897260274,8505,2034,1.22782478353903,1.19955617979253,5972.12713249566,10202.2253091355
p90,4863.9897260274,8505,2035,1.23941371805223,1.20958123525352,6028.49559090347,10287.4884058312
p90,4863.9897260274,8505,2036,1.25111203576485,1.21969007314895,6085.39608806946,10373.4640721318
p90,4863.9897260274,8505,2037,1.26292076910005,1.22988339367409,6142.83364568924,10460.1582631981
p90,4863.9897260274,8505,2038,1.27484096022559,1.24016190287594,6200.81333285615,10547.5769839599
p90,4863.9897260274,8505,2039,1.28687366114584,1.25052631270215,6259.34026650862,10635.7262895318
p90,4863.9897260274,8505,2040,1.29901993379461,1.26097734105035,6318.41961188176,10724.6122856332
p90,4863.9897260274,8505,2041,1.30819407340028,1.26886259872617,6363.04253266888,10791.6764021661
p90,4863.9897260274,8505,2042,1.31743300403441,1.2767971652092,6407.98059635278,10859.1598901043
p90,4863.9897260274,8505,2043,1.32673718327423,1.28478134884175,6453.23602858441,10927.0653718991
p90,4863.9897260274,8505,2044,1.33610707192855,1.29281545989427,6498.81107073302,10995.3954864008
p90,4863.9897260274,8505,2045,1.34554313406055,1.30089981057742,6544.70797999723,11064.1528889609
p90,4863.9897260274,8505,2046,1.35504583701082,1.3090347150542,6590.92902951681,11133.3402515359
p90,4863.9897260274,8505,2047,1.36461565142044,1.31722048945217,6637.47650848522,11202.9602627907
p90,4863.9897260274,8505,2048,1.37425305125437,1.32545745187574,6684.35272226304,11273.0156282031
p90,4863.9897260274,8505,2049,1.38395851382483,1.33374592241849,6731.5599924921,11343.5090701693
p90,4863.9897260274,8505,2050,1.39373251981502,1.34208622317567,6779.10065721052,11414.4433281091
p91,1617.65865949119,3112,2023,1,1,1617.65865949119,3112
p91,1617.65865949119,3112,2024,1,1,1617.65865949119,3112
p91,1617.65865949119,3112,2025,1,1,1617.65865949119,3112
p91,1617.65865949119,3112,2026,1,1,1617.65865949119,3112
p91,1617.65865949119,3112,2027,1,1,1617.65865949119,3112
p91,1617.65865949119,3112,2028,1,1,1617.65865949119,3112
p91,1617.65865949119,3112,2029,1,1,1617.65865949119,3112
p91,1617.65865949119,3112,2030,1,1,1617.65865949119,3112
p91,1617.65865949119,3112,2031,1.00948671509118,1.00839991586111,1633.00492630857,3138.14053815977
p91,1617.65865949119,3112,2032,1.01906342794559,1.01687039030869,1648.49677878696,3164.50065464064
p91,1617.65865949119,3112,2033,1.02873099234635,1.02541201602893,1664.13559805604,3191.08219388204
p91,1617.65865949119,3112,2034,1.03849027017621,1.03402539068654,1679.9227783479,3217.88701581653
p91,1617.65865949119,3112,2035,1.04834213149434,1.04271111696656,1695.85972712127,3244.91699599994
p91,1617.65865949119,3112,2036,1.05828745461391,1.05146980261652,1711.94786518708,3272.17402574261
p91,1617.65865949119,3112,2037,1.0683271261804,1.06030206048899,1728.18862683507,3299.66001224175
p91,1617.65865949119,3112,2038,1.07846204125066,1.06920850858446,1744.58345996168,3327.37687871484
p91,1617.65865949119,3112,2039,1.08869310337266,1.07818977009455,1761.13382619912,3355.32656453424
p91,1617.65865949119,3112,2040,1.09902122466609,1.08724647344565,1777.84120104572,3383.51102536287
p91,1617.65865949119,3112,2041,1.10720586504021,1.09441583706364,1791.08115542173,3405.82208494205
p91,1617.65865949119,3112,2042,1.11545145813893,1.10163247586343,1804.41971050053,3428.28026488698
p91,1617.65865949119,3112,2043,1.12375845788994,1.10889670158018,1817.85760058213,3450.88653531752
p91,1617.65865949119,3112,2044,1.13212732160137,1.11620882800467,1831.39556543502,3473.64187275054
p91,1617.65865949119,3112,2045,1.14055850998704,1.12356917099683,1845.03435033691,3496.54726014214
p91,1617.65865949119,3112,2046,1.14905248719182,1.13097804849938,1858.77470611574,3519.60368693008
p91,1617.65865949119,3112,2047,1.15760972081713,1.13843578055158,1872.61738919102,3542.81214907653
p91,1617.65865949119,3112,2048,1.16623068194675,1.14594268930305,1886.56316161548,3566.17364911108
p91,1617.65865949119,3112,2049,1.17491584517268,1.15349909902765,1900.612791117,3589.68919617406
p91,1617.65865949119,3112,2050,1.18366568862135,1.16110533613758,1914.76705114093,3613.35980606014
p92,11877.1216242661,20933,2023,1,1,11877.1216242661,20933
p92,11877.1216242661,20933,2024,1.04074717367861,1.03607917252584,12361.0807618921,21688.2453184834
p92,11877.1216242661,20933,2025,1.08315467952002,1.07346005174183,12864.7598665523,22470.7392631117
p92,11877.1216242661,20933,2026,1.12729017136722,1.11218960214822,13388.9624711683,23281.4649417686
p92,11877.1216242661,20933,2027,1.17322405976611,1.15231648268557,13934.5248503574,24121.440932057
p92,11877.1216242661,20933,2028,1.22102962429333,1.19389110786875,14502.3173545638,24991.7225610165
p92,11877.1216242661,20933,2029,1.27078313046114,1.23696571112661,15093.2457985526,25893.4032310133
p92,11877.1216242661,20933,2030,1.32256395138589,1.28159441042689,15708.2529064802,26827.6157934662
p92,11877.1216242661,20933,2031,1.32935602069238,1.28742208256138,15788.9231397139,26949.6064542574
p92,11877.1216242661,20933,2032,1.33618297088718,1.29327625431402,15870.0076575003,27072.1518315554
p92,11877.1216242661,20933,2033,1.34304498110219,1.29915704618401,15951.508587411,27195.2544477698
p92,11877.1216242661,20933,2034,1.34994223138928,1.30506457921846,16033.4280679437,27318.91683678
p92,11877.1216242661,20933,2035,1.35687490272494,1.31099897501493,16115.7682485784,27443.1415439875
p92,11877.1216242661,20933,2036,1.36384317701511,1.31696035572389,16198.531289834,27567.9311263682
p92,11877.1216242661,20933,2037,1.3708472370999,1.32294884405127,16281.7193633247,27693.2881525252
p92,11877.1216242661,20933,2038,1.37788726675838,1.32896456326095,16365.3346518169,27819.2152027415
p92,11877.1216242661,20933,2039,1.38496345071345,1.33500763717733,16449.379349287,27945.7148690332
p92,11877.1216242661,20933,2040,1.39207597463666,1.34107819018787,16533.8556609785,28072.7897552027
p92,11877.1216242661,20933,2041,1.39997419488496,1.34781539080498,16627.6637834828,28213.8195757206
p92,11877.1216242661,20933,2042,1.40791722725863,1.35458643722801,16722.0041450503,28355.557890494
p92,11877.1216242661,20933,2043,1.41590532600817,1.36139149948881,16816.8797654452,28498.0082587992
p92,11877.1216242661,20933,2044,1.42393874682665,1.36823074847338,16912.2936815653,28641.1742577933
p92,11877.1216242661,20933,2045,1.43201774685785,1.37510435592626,17008.2489475383,28785.0594826044
p92,11877.1216242661,20933,2046,1.44014258470452,1.38201249445473,17104.7486348206,28929.6675464209
p92,11877.1216242661,20933,2047,1.44831352043661,1.38895533753325,17201.7958322947,29075.0020805835
p92,11877.1216242661,20933,2048,1.45653081559968,1.39593305950772,17299.3936463689,29221.0667346752
p92,11877.1216242661,20933,2049,1.46479473322317,1.40294583559995,17397.5452010761,29367.8651766138
p92,11877.1216242661,20933,2050,1.47310553782891,1.40999384191199,17496.253638174,29515.4010927436
p93,1503.8992987606,2491,2023,1,1,1503.8992987606,2491
p93,1503.8992987606,2491,2024,1.01794594055538,1.01589005143137,1530.88818617744,2530.58211811554
p93,1503.8992987606,2491,2025,1.03621393789318,1.03203259659723,1558.36141456352,2570.79319812371
p93,1503.8992987606,2491,2026,1.05480977162527,1.04843164763601,1586.32767587308,2611.64323426131
p93,1503.8992987606,2491,2027,1.0737393250841,1.06509128043923,1614.79581804565,2653.14237957411
p93,1503.8992987606,2491,2028,1.09300858718403,1.08201563566451,1643.77484780538,2695.30094844029
p93,1503.8992987606,2491,2029,1.11262365431616,1.09920891976476,1673.27393351053,2738.12941913403
p93,1503.8992987606,2491,2030,1.13259073227703,1.11667540603365,1703.30240805418,2781.63843642982
p93,1503.8992987606,2491,2031,1.13826250049435,1.12162684580062,1711.83217629895,2793.97247288934
p93,1503.8992987606,2491,2032,1.14396267169415,1.12660024069943,1720.40465976913,2806.36119958228
p93,1503.8992987606,2491,2033,1.14969138811237,1.13159568808113,1729.02007237329,2818.80485901009
p93,1503.8992987606,2491,2034,1.15544879269726,1.13661328572841,1737.6786290912,2831.30369474947
p93,1503.8992987606,2491,2035,1.16123502911295,1.14165313185757,1746.38054597921,2843.8579514572
p93,1503.8992987606,2491,2036,1.16705024174295,1.14671532512037,1755.12604017562,2856.46787487485
p93,1503.8992987606,2491,2037,1.17289457569387,1.15179996460604,1763.91532990612,2869.13371183365
p93,1503.8992987606,2491,2038,1.17876817679894,1.15690714984316,1772.74863448923,2881.8557102593
p93,1503.8992987606,2491,2039,1.1846711916217,1.16203698080162,1781.62617434176,2894.63411917683
p93,1503.8992987606,2491,2040,1.19060376745968,1.1671895578946,1790.54817098433,2907.46918871546
p93,1503.8992987606,2491,2041,1.19760466107419,1.17326652236616,1801.0768099819,2922.6069072141
p93,1503.8992987606,2491,2042,1.20464672078673,1.17937512651178,1811.66735864542,2937.82344014084
p93,1503.8992987606,2491,2043,1.21173018865891,1.18551553506321,1822.32018101118,2953.11919784247
p93,1503.8992987606,2491,2044,1.2188553081757,1.19168791360989,1833.03564325608,2968.49459280223
p93,1503.8992987606,2491,2045,1.2260223242538,1.19789242860336,1843.81411371013,2983.95003965098
p93,1503.8992987606,2491,2046,1.23323148325002,1.20412924736183,1854.6559628692,2999.48595517832
p93,1503.8992987606,2491,2047,1.24048303296981,1.21039853807462,1865.56156340772,3015.10275834388
p93,1503.8992987606,2491,2048,1.24777722267572,1.21670046980674,1876.53129019147,3030.8008702886
p93,1503.8992987606,2491,2049,1.25511430309603,1.22303521250344,1887.56552029051,3046.58071434607
p93,1503.8992987606,2491,2050,1.26249452643328,1.22940293699478,1898.66463299211,3062.442716054
p94,16574.5343281148,29561,2023,1,1,16574.5343281148,29561
p94,16574.5343281148,29561,2024,1.03312413725469,1.0293294320781,17123.5514781318,30428.0073416607
p94,16574.5343281148,29561,2025,1.06734548297824,1.05951907974223,17690.7543475811,31320.4435162599
p94,16574.5343281148,29561,2026,1.10270038125458,1.09059417262698,18276.7453227294,32239.0543370261
p94,16574.5343281148,29561,2027,1.13922638003405,1.12258068033781,18882.1467433684,33184.6074914661
p94,16574.5343281148,29561,2028,1.17696227101046,1.15550533415397,19507.6015637589,34157.8931829255
p94,16574.5343281148,29561,2029,1.215948130819,1.18939564936792,20153.7740354666,35159.7247909651
p94,16574.5343281148,29561,2030,1.25622536359883,1.22427994828005,20821.3504128173,36190.9395511065
p94,16574.5343281148,29561,2031,1.26724285474923,1.23378719944133,21003.9601980993,36471.9834026851
p94,16574.5343281148,29561,2032,1.27835697275877,1.24336827997862,21188.1715285751,36755.209724448
p94,16574.5343281148,29561,2033,1.28956856507536,1.25302376322029,21373.9984502992,37040.6354645549
p94,16574.5343281148,29561,2034,1.30087848657929,1.26275422694692,21561.4551325145,37328.277702778
p94,16574.5343281148,29561,2035,1.31228759964845,1.27256025342593,21750.5558687326,37618.153651524
p94,16574.5343281148,29561,2036,1.32379677422401,1.28244242944636,21941.3150778235,37910.2806568638
p94,16574.5343281148,29561,2037,1.33540688787684,1.29240134635401,22133.7473051156,38204.676199571
p94,16574.5343281148,29561,2038,1.34711882587435,1.30243760008685,22327.8672235041,38501.3578961675
p94,16574.5343281148,29561,2039,1.35893348124804,1.31255179121064,22523.6896345702,38800.3434999777
p94,16574.5343281148,29561,2040,1.37085175486158,1.32274452495488,22721.2294697097,39101.6509021911
p94,16574.5343281148,29561,2041,1.37842336453655,1.3292134597827,22846.7253741866,39292.8790846363
p94,16574.5343281148,29561,2042,1.38603679439585,1.33571403119416,22972.9144287442,39485.0424761306
p94,16574.5343281148,29561,2043,1.39369227542441,1.34224639390925,23099.8004618503,39678.1456503512
p94,16574.5343281148,29561,2044,1.40139003988298,1.34881070340459,23227.3873231186,39872.1932033431
p94,16574.5343281148,29561,2045,1.40913032131513,1.35540711591719,23355.678883425,40067.1897536281
p94,16574.5343281148,29561,2046,1.41691335455437,1.36203578844814,23484.6790350258,40263.1399423155
p94,16574.5343281148,29561,2047,1.42473937573127,1.36869687876634,23614.3916916749,40460.0484332118
p94,16574.5343281148,29561,2048,1.43260862228061,1.37539054541227,23744.8207887433,40657.9199129321
p94,16574.5343281148,29561,2049,1.44052133294859,1.38211694770176,23875.9702833381,40856.7590910118
p94,16574.5343281148,29561,2050,1.44847774780007,1.38887624572979,24007.8441544227,41056.5707000183
p95,3246.50642530985,5680,2023,1,1,3246.50642530985,5680
p95,3246.50642530985,5680,2024,1.02616701692935,1.02316932030003,3331.45781390219,5811.60173930417
p95,3246.50642530985,5680,2025,1.05301874663369,1.04687545800323,3418.63212691799,5946.25260145832
p95,3246.50642530985,5680,2026,1.08057310600378,1.07113085080394,3508.08753165829,6084.02323256639
p95,3246.50642530985,5680,2027,1.10884848076198,1.09594822456946,3599.88371748884,6224.98591555455
p95,3246.50642530985,5680,2028,1.13786373773017,1.12134060001676,3694.08193566808,6369.2146080952
p95,3246.50642530985,5680,2029,1.16763823741865,1.14732129954398,3790.74504021712,6516.78498140979
p95,3246.50642530985,5680,2030,1.19819184694455,1.17390395422016,3889.93752985934,6667.7744599705
p95,3246.50642530985,5680,2031,1.21148835407755,1.18543856260725,3933.10472570082,6733.29103560916
p95,3246.50642530985,5680,2032,1.22493241446122,1.19708650836761,3976.75095411865,6799.451367528
p95,3246.50642530985,5680,2033,1.23852566551518,1.20884890513767,4020.8815310062,6866.26178118198
p95,3246.50642530985,5680,2034,1.25226976282975,1.22072687749631,4065.50183124803,6933.72866417905
p95,3246.50642530985,5680,2035,1.26616638036756,1.23272156107233,4110.6172893746,7001.85846689086
p95,3246.50642530985,5680,2036,1.28021721066745,1.24483410265308,4156.23340022413,7070.65770306948
p95,3246.50642530985,5680,2037,1.2944239650506,1.25706566029404,4202.35571961182,7140.13295047014
p95,3246.50642530985,5680,2038,1.30878837382897,1.2694174034296,4248.98986500658,7210.29085148013
p95,3246.50642530985,5680,2039,1.32331218651605,1.28189051298484,4296.14151621519,7281.13811375388
p95,3246.50642530985,5680,2040,1.33799717203992,1.29448618148842,4343.81641607401,7352.68151085425
p95,3246.50642530985,5680,2041,1.34738323981193,1.30252671723345,4374.28834540423,7398.351753886
p95,3246.50642530985,5680,2042,1.35683515097289,1.31061719574032,4404.97403571976,7444.30567180501
p95,3246.50642530985,5680,2043,1.36635336741505,1.31875792722212,4435.87498655672,7490.54502662164
p95,3246.50642530985,5680,2044,1.37593835427083,1.32694922381879,4466.9927079705,7537.07159129075
p95,3246.50642530985,5680,2045,1.38559057993555,1.3351913996091,4498.32872060957,7583.8871497797
p95,3246.50642530985,5680,2046,1.39531051609035,1.34348477062266,4529.88455578973,7630.99349713672
p95,3246.50642530985,5680,2047,1.40509863772521,1.35182965485207,4561.661755569,7678.39243955977
p95,3246.50642530985,5680,2048,1.41495542316216,1.3602263722651,4593.66187282296,7726.08579446576
p95,3246.50642530985,5680,2049,1.42488135407868,1.36867524481695,4625.88647132063,7774.07539056027
p95,3246.50642530985,5680,2050,1.43487691553122,1.37717659646261,4658.33712580088,7822.36306790764
p96,6468.40530006523,11317,2023,1,1,6468.40530006523,11317
p96,6468.40530006523,11317,2024,1.00833825495502,1.00738302345727,6522.34051260958,11400.5536764659
p96,6468.40530006523,11317,2025,1.01674603640574,1.01482055594991,6576.72545070717,11484.7242316851
p96,6468.40530006523,11317,2026,1.02522392408179,1.02231299991941,6631.56386428434,11569.5162200879
p96,6468.40530006523,11317,2027,1.03377250254677,1.02986076077848,6686.85953453524,11654.9342297301
p96,6468.40530006523,11317,2028,1.0423923612385,1.03746424693303,6742.6162741826,11740.9828825411
p96,6468.40530006523,11317,2029,1.05108409450967,1.04512386980421,6798.83792774061,11827.6668345743
p96,6468.40530006523,11317,2030,1.05984830166886,1.05284004385073,6855.52837177997,11914.9907762587
p96,6468.40530006523,11317,2031,1.07160959059682,1.06318509597906,6931.60515541719,12032.0657311951
p96,6468.40530006523,11317,2032,1.08350139623838,1.07363179707503,7008.52617405639,12150.2910474981
p96,6468.40530006523,11317,2033,1.09552516695626,1.08418114592649,7086.30079629474,12269.6780284501
p96,6468.40530006523,11317,2034,1.1076823671859,1.09483415113529,7164.93849469405,12390.238088398
p96,6468.40530006523,11317,2035,1.11997447761374,1.10559183121359,7244.44884693453,12511.9827538442
p96,6468.40530006523,11317,2036,1.13240299535767,1.11645521468135,7324.84153698127,12634.9236645488
p96,6468.40530006523,11317,2037,1.14496943414925,1.12742534016459,7406.12635626372,12759.0725746427
p96,6468.40530006523,11317,2038,1.15767532451819,1.13850325649474,7488.31320486822,12884.441353751
p96,6468.40530006523,11317,2039,1.17052221397868,1.14969002280887,7571.41209274381,13011.0419881279
p96,6468.40530006523,11317,2040,1.18351166721791,1.16098670865098,7655.43314092136,13138.8865818032
p96,6468.40530006523,11317,2041,1.19181401714032,1.16819802945448,7709.13610516246,13220.4970993364
p96,6468.40530006523,11317,2042,1.2001746081567,1.17545414245702,7763.21579640453,13302.6145301861
p96,6468.40530006523,11317,2043,1.20859384882911,1.18275532587962,7817.67485739244,13385.2420229796
p96,6468.40530006523,11317,2044,1.21707215058564,1.19010185967144,7872.51594940995,13468.3827459017
p96,6468.40530006523,11317,2045,1.22560992774058,1.19749402552053,7927.74175240975,13552.0398868158
p96,6468.40530006523,11317,2046,1.23420759751464,1.20493210686458,7983.35496514446,13636.2166533864
p96,6468.40530006523,11317,2047,1.24286558005532,1.21241638890182,8039.35830529846,13720.9162732019
p96,6468.40530006523,11317,2048,1.25158429845747,1.21994715860198,8095.75450962073,13806.1419938986
p96,6468.40530006523,11317,2049,1.26036417878397,1.22752470471723,8152.54633405858,13891.8970832849
p96,6468.40530006523,11317,2050,1.26920565008651,1.23514931779331,8209.73655389233,13978.1848294669
p97,8406.33202870189,14848,2023,1,1,8406.33202870189,14848
p97,8406.33202870189,14848,2024,1.0027293209777,1.00241664963586,8429.27560705332,14883.8824137933
p97,8406.33202870189,14848,2025,1.00546609114839,1.00483913946718,8452.28180579445,14919.8515428087
p97,8406.33202870189,14848,2026,1.00821033084333,1.00726748360767,8475.35079583642,14955.9075966067
p97,8406.33202870189,14848,2027,1.01096206044923,1.00970169620515,8498.48274855684,14992.050785254
p97,8406.33202870189,14848,2028,1.01372130040847,1.01214179144161,8521.67783580108,15028.281319325
p97,8406.33202870189,14848,2029,1.01648807121922,1.01458778353334,8544.93622988351,15064.599409903
p97,8406.33202870189,14848,2030,1.01926239343557,1.01703968673096,8568.25810358882,15101.0052685813
p97,8406.33202870189,14848,2031,1.03086036587568,1.02728659975276,8665.75451078009,15253.151433129
p97,8406.33202870189,14848,2032,1.04259030920531,1.03763675282295,8764.36030908683,15406.8305059152
p97,8406.33202870189,14848,2033,1.05445372509347,1.04809118610921,8864.08812203726,15562.0579313495
p97,8406.33202870189,14848,2034,1.06645213229633,1.05865095025911,8964.95071680007,15718.8493094473
p97,8406.33202870189,14848,2035,1.07858706685168,1.0693171065058,9066.96100581888,15877.2203973981
p97,8406.33202870189,14848,2036,1.09086008227554,1.08009072677455,9170.13204846527,16037.1871111485
p97,8406.33202870189,14848,2037,1.10327274976109,1.09097289379055,9274.4770527107,16198.7655270021
p97,8406.33202870189,14848,2038,1.11582665837978,1.10196470118771,9380.00937681732,16361.9718832351
p97,8406.33202870189,14848,2039,1.12852341528474,1.11306725361854,9486.74253104817,16526.822581728
p97,8406.33202870189,14848,2040,1.1413646459166,1.12428166686519,9594.69017939672,16693.3341896143
p97,8406.33202870189,14848,2041,1.14976409885668,1.1316075635916,9665.29876967047,16802.109104208
p97,8406.33202870189,14848,2042,1.15822536447857,1.13898119636532,9736.42697787113,16911.5928036323
p97,8406.33202870189,14848,2043,1.16674889766995,1.14640287623774,9808.07862793556,17021.7899063779
p97,8406.33202870189,14848,2044,1.17533515666608,1.15387291628704,9880.25757194145,17132.70506103
p97,8406.33202870189,14848,2045,1.18398460307443,1.16139163163147,9952.96769031445,17244.3429464641
p97,8406.33202870189,14848,2046,1.19269770189949,1.16895933944261,10026.2128920368,17356.7082720438
p97,8406.33202870189,14848,2047,1.20147492156779,1.17657635895873,10099.9971148574,17469.8057778192
p97,8406.33202870189,14848,2048,1.21031673395307,1.1842430114983,10174.3243255036,17583.6402347268
p97,8406.33202870189,14848,2049,1.21922361440166,1.19195962047353,10249.1985198944,17698.2164447909
p97,8406.33202870189,14848,2050,1.22819604175802,1.19972651140397,10324.6237233553,17813.5392413262
p98,7855.73568166993,13875,2023,1,1,7855.73568166993,13875
p98,7855.73568166993,13875,2024,1.0133716769063,1.01183981598005,7960.78004106649,14039.2774467233
p98,7855.73568166993,13875,2025,1.02692215555588,1.02381981320255,8067.22901969773,14205.4999081854
p98,7855.73568166993,13875,2026,1.04065382682789,1.0359416513876,8175.10139967823,14373.690413003
p98,7855.73568166993,13875,2027,1.05456911357154,1.04820700990611,8284.41621427095,14543.8722624472
p98,7855.73568166993,13875,2028,1.06867047103358,1.0606175880124,8395.19275124547,14716.069033672
p98,7855.73568166993,13875,2029,1.08296038729154,1.07317510507967,8507.45055628121,14890.3045829805
p98,7855.73568166993,13875,2030,1.09744138369272,1.08588130083819,8621.2094364161,15066.6030491299
p98,7855.73568166993,13875,2031,1.10992893842315,1.09682180924397,8719.30836568879,15218.4026032601
p98,7855.73568166993,13875,2032,1.12255858641293,1.10787254583406,8818.523542049,15371.7315734476
p98,7855.73568166993,13875,2033,1.13533194451137,1.11903462118325,8918.86766703764,15526.6053689175
p98,7855.73568166993,13875,2034,1.14825064796557,1.13030915705559,9020.35358672373,15683.0395541463
p98,7855.73568166993,13875,2035,1.16131635062978,1.14169728651721,9122.99429334905,15841.0498504262
p98,7855.73568166993,13875,2036,1.17453072517709,1.1532001540501,9226.80292699133,16000.6521374452
p98,7855.73568166993,13875,2037,1.1878954633136,1.16481891566722,9331.79277724651,16161.8624548827
p98,7855.73568166993,13875,2038,1.20141227599498,1.17655473902861,9437.97728493004,16324.6970040219
p98,7855.73568166993,13875,2039,1.21508289364548,1.18840880355874,9545.37004379757,16489.1721493775
p98,7855.73568166993,13875,2040,1.22890906637952,1.20038230056508,9653.98480228525,16655.3044203405
p98,7855.73568166993,13875,2041,1.23795277025419,1.20820407425874,9725.02974950797,16763.83153034
p98,7855.73568166993,13875,2042,1.24706302793826,1.21607681516817,9796.59752586593,16873.0658104584
p98,7855.73568166993,13875,2043,1.25624032920999,1.22400085539925,9868.69197892768,16983.0118686646
p98,7855.73568166993,13875,2044,1.26548516745198,1.23197652922189,9941.31698457656,17093.6743429538
p98,7855.73568166993,13875,2045,1.2747980396777,1.24000417308414,10014.476447219,17205.0579015424
p98,7855.73568166993,13875,2046,1.28417944655821,1.24808412562633,10088.1742999945,17317.1672430654
p98,7855.73568166993,13875,2047,1.29362989244908,1.25621672769544,10162.4145049871,17430.0070967743
p98,7855.73568166993,13875,2048,1.30314988541748,1.26440232235941,10237.2010534381,17543.5822227368
p98,7855.73568166993,13875,2049,1.31273993726952,1.27264125492163,10312.5379659613,17657.8974120376
p98,7855.73568166993,13875,2050,1.32240056357778,1.28093387293551,10388.4292927584,17772.9574869802
p99,11850.7081702544,21510,2023,1,1,11850.7081702544,21510
p99,11850.7081702544,21510,2024,1.11908188343353,1.10543984844169,13261.9128191894,23778.0111399808
p99,11850.7081702544,21510,2025,1.25234426182913,1.22199725852279,14841.1663756297,26285.1610308252
p99,11850.7081702544,21510,2026,1.40147577523491,1.3508444642576,16608.48041999,29056.6644261809
p99,11850.7081702544,21510,2027,1.56836615013635,1.49327729983722,18586.2495493713,32120.3947194985
p99,11850.7081702544,21510,2028,1.75513014520797,1.65072823201347,20799.5351516759,35507.1642706098
p99,11850.7081702544,21510,2029,1.9641343485703,1.8247807666154,23276.3829720794,39251.0342898972
p99,11850.7081702544,21510,2030,2.19802716611454,2.01718537408664,26048.1784959147,43389.6573966036
p99,11850.7081702544,21510,2031,2.21805668821244,2.03346117691968,26285.5425170866,43739.7499155424
p99,11850.7081702544,21510,2032,2.23826872932634,2.04986830221881,26525.0695178526,44092.6671807265
p99,11850.7081702544,21510,2033,2.25866495266072,2.06640780956861,26766.7792083636,44448.4319838208
p99,11850.7081702544,21510,2034,2.27924703657602,2.08308076710303,27010.6914783796,44807.0673003862
p99,11850.7081702544,21510,2035,2.30001667472676,2.09988825157432,27256.8263989058,45168.5962913637
p99,11850.7081702544,21510,2036,2.32097557620086,2.11683134842259,27505.2042238445,45533.0423045698
p99,11850.7081702544,21510,2037,2.34212546566033,2.13391115184588,27755.8453916617,45900.4288762048
p99,11850.7081702544,21510,2038,2.36346808348313,2.15112876487086,28008.770527069,46270.7797323722
p99,11850.7081702544,21510,2039,2.38500518590644,2.16848529942405,28264.0004427206,46644.1187906114
p99,11850.7081702544,21510,2040,2.40673854517114,2.18598187640363,28521.5561409258,47020.4701614421
p99,11850.7081702544,21510,2041,2.41286482749665,2.19090877618839,28594.156924934,47126.4477758123
p99,11850.7081702544,21510,2042,2.41900670409399,2.19584678052153,28666.9425121069,47232.6642490181
p99,11850.7081702544,21510,2043,2.42516421465795,2.20079591443115,28739.9133728556,47339.120119414
p99,11850.7081702544,21510,2044,2.43133739898431,2.20575620300177,28813.0699787885,47445.8159265681
p99,11850.7081702544,21510,2045,2.43752629697019,2.21072767137446,28886.4128027146,47552.7522112646
p99,11850.7081702544,21510,2046,2.44373094861423,2.21571034474693,28959.9423186462,47659.9295155065
p99,11850.7081702544,21510,2047,2.44995139401692,2.2207042483737,29033.6590018025,47767.3483825183
p99,11850.7081702544,21510,2048,2.4561876733808,2.22570940756621,29107.5633286121,47875.0093567491
p99,11850.7081702544,21510,2049,2.46243982701076,2.23072584769293,29181.6557767163,47982.912983875
p99,11850.7081702544,21510,2050,2.46870789531428,2.23575359417953,29255.9368249725,48091.0598108018
