MAX_CAP_PROGRAM,MAX_CAP_GEN
MaxCapTag_WindGrowth_SPP,p35_onshore_wind_turbine_1
MaxCapTag_WindGrowth_SPP,p36_onshore_wind_turbine_1
MaxCapTag_WindGrowth_SPP,p38_onshore_wind_turbine_1
MaxCapTag_WindGrowth_SPP,p39_onshore_wind_turbine_1
MaxCapTag_WindGrowth_SPP,p40_onshore_wind_turbine_1
MaxCapTag_WindGrowth_SPP,p41_onshore_wind_turbine_1
MaxCapTag_WindGrowth_SPP,p47_onshore_wind_turbine_1
MaxCapTag_WindGrowth_SPP,p48_onshore_wind_turbine_1
MaxCapTag_WindGrowth_SPP,p49_onshore_wind_turbine_1
MaxCapTag_WindGrowth_SPP,p50_onshore_wind_turbine_1
MaxCapTag_WindGrowth_SPP,p51_onshore_wind_turbine_1
MaxCapTag_WindGrowth_SPP,p52_onshore_wind_turbine_1
MaxCapTag_WindGrowth_SPP,p53_onshore_wind_turbine_1
MaxCapTag_WindGrowth_SPP,p54_onshore_wind_turbine_1
MaxCapTag_WindGrowth_SPP,p55_onshore_wind_turbine_1
MaxCapTag_WindGrowth_SPP,p56_onshore_wind_turbine_1
MaxCapTag_WindGrowth_SPP,p35_landbasedwind_class3_moderate_1
MaxCapTag_WindGrowth_SPP,p35_landbasedwind_class3_moderate_2
MaxCapTag_WindGrowth_SPP,p36_landbasedwind_class3_moderate_1
MaxCapTag_WindGrowth_SPP,p36_landbasedwind_class3_moderate_2
MaxCapTag_WindGrowth_SPP,p38_landbasedwind_class3_moderate_1
MaxCapTag_WindGrowth_SPP,p38_landbasedwind_class3_moderate_2
MaxCapTag_WindGrowth_SPP,p39_landbasedwind_class3_moderate_1
MaxCapTag_WindGrowth_SPP,p39_landbasedwind_class3_moderate_2
MaxCapTag_WindGrowth_SPP,p40_landbasedwind_class3_moderate_1
MaxCapTag_WindGrowth_SPP,p40_landbasedwind_class3_moderate_2
MaxCapTag_WindGrowth_SPP,p41_landbasedwind_class3_moderate_1
MaxCapTag_WindGrowth_SPP,p41_landbasedwind_class3_moderate_2
MaxCapTag_WindGrowth_SPP,p47_landbasedwind_class3_moderate_1
MaxCapTag_WindGrowth_SPP,p47_landbasedwind_class3_moderate_2
MaxCapTag_WindGrowth_SPP,p48_landbasedwind_class3_moderate_1
MaxCapTag_WindGrowth_SPP,p48_landbasedwind_class3_moderate_2
MaxCapTag_WindGrowth_SPP,p49_landbasedwind_class3_moderate_1
MaxCapTag_WindGrowth_SPP,p49_landbasedwind_class3_moderate_2
MaxCapTag_WindGrowth_SPP,p50_landbasedwind_class3_moderate_1
MaxCapTag_WindGrowth_SPP,p50_landbasedwind_class3_moderate_2
MaxCapTag_WindGrowth_SPP,p51_landbasedwind_class3_moderate_1
MaxCapTag_WindGrowth_SPP,p51_landbasedwind_class3_moderate_2
MaxCapTag_WindGrowth_SPP,p52_landbasedwind_class3_moderate_1
MaxCapTag_WindGrowth_SPP,p52_landbasedwind_class3_moderate_2
MaxCapTag_WindGrowth_SPP,p53_landbasedwind_class3_moderate_1
MaxCapTag_WindGrowth_SPP,p53_landbasedwind_class3_moderate_2
MaxCapTag_WindGrowth_SPP,p54_landbasedwind_class3_moderate_1
MaxCapTag_WindGrowth_SPP,p54_landbasedwind_class3_moderate_2
MaxCapTag_WindGrowth_SPP,p55_landbasedwind_class3_moderate_1
MaxCapTag_WindGrowth_SPP,p55_landbasedwind_class3_moderate_2
MaxCapTag_WindGrowth_SPP,p56_landbasedwind_class3_moderate_1
MaxCapTag_WindGrowth_SPP,p56_landbasedwind_class3_moderate_2
MaxCapTag_WindGrowth_SPP,p57_landbasedwind_class3_moderate_1
MaxCapTag_WindGrowth_SPP,p57_landbasedwind_class3_moderate_2
MaxCapTag_NuclearGrowth,p102_nuclear_1
MaxCapTag_NuclearGrowth,p103_nuclear_1
MaxCapTag_NuclearGrowth,p104_nuclear_1
MaxCapTag_NuclearGrowth,p111_nuclear_1
MaxCapTag_NuclearGrowth,p115_nuclear_1
MaxCapTag_NuclearGrowth,p122_nuclear_1
MaxCapTag_NuclearGrowth,p123_nuclear_1
MaxCapTag_NuclearGrowth,p126_nuclear_1
MaxCapTag_NuclearGrowth,p127_nuclear_1
MaxCapTag_NuclearGrowth,p130_nuclear_1
MaxCapTag_NuclearGrowth,p132_nuclear_1
MaxCapTag_NuclearGrowth,p2_nuclear_1
MaxCapTag_NuclearGrowth,p28_nuclear_1
MaxCapTag_NuclearGrowth,p41_nuclear_1
MaxCapTag_NuclearGrowth,p43_nuclear_1
MaxCapTag_NuclearGrowth,p53_nuclear_1
MaxCapTag_NuclearGrowth,p58_nuclear_1
MaxCapTag_NuclearGrowth,p63_nuclear_1
MaxCapTag_NuclearGrowth,p65_nuclear_1
MaxCapTag_NuclearGrowth,p72_nuclear_1
MaxCapTag_NuclearGrowth,p75_nuclear_1
MaxCapTag_NuclearGrowth,p80_nuclear_1
MaxCapTag_NuclearGrowth,p81_nuclear_1
MaxCapTag_NuclearGrowth,p83_nuclear_1
MaxCapTag_NuclearGrowth,p85_nuclear_1
MaxCapTag_NuclearGrowth,p87_nuclear_1
MaxCapTag_NuclearGrowth,p89_nuclear_1
MaxCapTag_NuclearGrowth,p9_nuclear_1
MaxCapTag_NuclearGrowth,p90_nuclear_1
MaxCapTag_NuclearGrowth,p92_nuclear_1
MaxCapTag_NuclearGrowth,p94_nuclear_1
MaxCapTag_NuclearGrowth,p95_nuclear_1
MaxCapTag_NuclearGrowth,p96_nuclear_1
MaxCapTag_NuclearGrowth,p97_nuclear_1
MaxCapTag_NuclearGrowth,p98_nuclear_1
MaxCapTag_NuclearGrowth,p99_nuclear_1
MaxCapTag_NuclearGrowth,p1_nuclear_nuclear__large_moderate_0
MaxCapTag_NuclearGrowth,p2_nuclear_nuclear__large_moderate_0
MaxCapTag_NuclearGrowth,p3_nuclear_nuclear__large_moderate_0
MaxCapTag_NuclearGrowth,p4_nuclear_nuclear__large_moderate_0
MaxCapTag_NuclearGrowth,p5_nuclear_nuclear__large_moderate_0
MaxCapTag_NuclearGrowth,p6_nuclear_nuclear__large_moderate_0
MaxCapTag_NuclearGrowth,p7_nuclear_nuclear__large_moderate_0
MaxCapTag_NuclearGrowth,p8_nuclear_nuclear__large_moderate_0
MaxCapTag_NuclearGrowth,p9_nuclear_nuclear__large_moderate_0
MaxCapTag_NuclearGrowth,p10_nuclear_nuclear__large_moderate_0
MaxCapTag_NuclearGrowth,p11_nuclear_nuclear__large_moderate_0
MaxCapTag_NuclearGrowth,p12_nuclear_nuclear__large_moderate_0
MaxCapTag_NuclearGrowth,p13_nuclear_nuclear__large_moderate_0
MaxCapTag_NuclearGrowth,p14_nuclear_nuclear__large_moderate_0
MaxCapTag_NuclearGrowth,p15_nuclear_nuclear__large_moderate_0
MaxCapTag_NuclearGrowth,p16_nuclear_nuclear__large_moderate_0
MaxCapTag_NuclearGrowth,p17_nuclear_nuclear__large_moderate_0
MaxCapTag_NuclearGrowth,p18_nuclear_nuclear__large_moderate_0
MaxCapTag_NuclearGrowth,p19_nuclear_nuclear__large_moderate_0
MaxCapTag_NuclearGrowth,p20_nuclear_nuclear__large_moderate_0
MaxCapTag_NuclearGrowth,p21_nuclear_nuclear__large_moderate_0
MaxCapTag_NuclearGrowth,p22_nuclear_nuclear__large_moderate_0
MaxCapTag_NuclearGrowth,p23_nuclear_nuclear__large_moderate_0
MaxCapTag_NuclearGrowth,p24_nuclear_nuclear__large_moderate_0
MaxCapTag_NuclearGrowth,p25_nuclear_nuclear__large_moderate_0
MaxCapTag_NuclearGrowth,p26_nuclear_nuclear__large_moderate_0
MaxCapTag_NuclearGrowth,p27_nuclear_nuclear__large_moderate_0
MaxCapTag_NuclearGrowth,p28_nuclear_nuclear__large_moderate_0
MaxCapTag_NuclearGrowth,p29_nuclear_nuclear__large_moderate_0
MaxCapTag_NuclearGrowth,p30_nuclear_nuclear__large_moderate_0
MaxCapTag_NuclearGrowth,p31_nuclear_nuclear__large_moderate_0
MaxCapTag_NuclearGrowth,p32_nuclear_nuclear__large_moderate_0
MaxCapTag_NuclearGrowth,p33_nuclear_nuclear__large_moderate_0
MaxCapTag_NuclearGrowth,p34_nuclear_nuclear__large_moderate_0
MaxCapTag_NuclearGrowth,p35_nuclear_nuclear__large_moderate_0
MaxCapTag_NuclearGrowth,p36_nuclear_nuclear__large_moderate_0
MaxCapTag_NuclearGrowth,p37_nuclear_nuclear__large_moderate_0
MaxCapTag_NuclearGrowth,p38_nuclear_nuclear__large_moderate_0
MaxCapTag_NuclearGrowth,p39_nuclear_nuclear__large_moderate_0
MaxCapTag_NuclearGrowth,p40_nuclear_nuclear__large_moderate_0
MaxCapTag_NuclearGrowth,p41_nuclear_nuclear__large_moderate_0
MaxCapTag_NuclearGrowth,p42_nuclear_nuclear__large_moderate_0
MaxCapTag_NuclearGrowth,p43_nuclear_nuclear__large_moderate_0
MaxCapTag_NuclearGrowth,p44_nuclear_nuclear__large_moderate_0
MaxCapTag_NuclearGrowth,p45_nuclear_nuclear__large_moderate_0
MaxCapTag_NuclearGrowth,p46_nuclear_nuclear__large_moderate_0
MaxCapTag_NuclearGrowth,p47_nuclear_nuclear__large_moderate_0
MaxCapTag_NuclearGrowth,p48_nuclear_nuclear__large_moderate_0
MaxCapTag_NuclearGrowth,p49_nuclear_nuclear__large_moderate_0
MaxCapTag_NuclearGrowth,p50_nuclear_nuclear__large_moderate_0
MaxCapTag_NuclearGrowth,p51_nuclear_nuclear__large_moderate_0
MaxCapTag_NuclearGrowth,p52_nuclear_nuclear__large_moderate_0
MaxCapTag_NuclearGrowth,p53_nuclear_nuclear__large_moderate_0
MaxCapTag_NuclearGrowth,p54_nuclear_nuclear__large_moderate_0
MaxCapTag_NuclearGrowth,p55_nuclear_nuclear__large_moderate_0
MaxCapTag_NuclearGrowth,p56_nuclear_nuclear__large_moderate_0
MaxCapTag_NuclearGrowth,p57_nuclear_nuclear__large_moderate_0
MaxCapTag_NuclearGrowth,p58_nuclear_nuclear__large_moderate_0
MaxCapTag_NuclearGrowth,p59_nuclear_nuclear__large_moderate_0
MaxCapTag_NuclearGrowth,p60_nuclear_nuclear__large_moderate_0
MaxCapTag_NuclearGrowth,p61_nuclear_nuclear__large_moderate_0
MaxCapTag_NuclearGrowth,p62_nuclear_nuclear__large_moderate_0
MaxCapTag_NuclearGrowth,p63_nuclear_nuclear__large_moderate_0
MaxCapTag_NuclearGrowth,p64_nuclear_nuclear__large_moderate_0
MaxCapTag_NuclearGrowth,p65_nuclear_nuclear__large_moderate_0
MaxCapTag_NuclearGrowth,p66_nuclear_nuclear__large_moderate_0
MaxCapTag_NuclearGrowth,p67_nuclear_nuclear__large_moderate_0
MaxCapTag_NuclearGrowth,p68_nuclear_nuclear__large_moderate_0
MaxCapTag_NuclearGrowth,p69_nuclear_nuclear__large_moderate_0
MaxCapTag_NuclearGrowth,p70_nuclear_nuclear__large_moderate_0
MaxCapTag_NuclearGrowth,p71_nuclear_nuclear__large_moderate_0
MaxCapTag_NuclearGrowth,p72_nuclear_nuclear__large_moderate_0
MaxCapTag_NuclearGrowth,p73_nuclear_nuclear__large_moderate_0
MaxCapTag_NuclearGrowth,p74_nuclear_nuclear__large_moderate_0
MaxCapTag_NuclearGrowth,p75_nuclear_nuclear__large_moderate_0
MaxCapTag_NuclearGrowth,p76_nuclear_nuclear__large_moderate_0
MaxCapTag_NuclearGrowth,p77_nuclear_nuclear__large_moderate_0
MaxCapTag_NuclearGrowth,p78_nuclear_nuclear__large_moderate_0
MaxCapTag_NuclearGrowth,p79_nuclear_nuclear__large_moderate_0
MaxCapTag_NuclearGrowth,p80_nuclear_nuclear__large_moderate_0
MaxCapTag_NuclearGrowth,p81_nuclear_nuclear__large_moderate_0
MaxCapTag_NuclearGrowth,p82_nuclear_nuclear__large_moderate_0
MaxCapTag_NuclearGrowth,p83_nuclear_nuclear__large_moderate_0
MaxCapTag_NuclearGrowth,p84_nuclear_nuclear__large_moderate_0
MaxCapTag_NuclearGrowth,p85_nuclear_nuclear__large_moderate_0
MaxCapTag_NuclearGrowth,p86_nuclear_nuclear__large_moderate_0
MaxCapTag_NuclearGrowth,p87_nuclear_nuclear__large_moderate_0
MaxCapTag_NuclearGrowth,p88_nuclear_nuclear__large_moderate_0
MaxCapTag_NuclearGrowth,p89_nuclear_nuclear__large_moderate_0
MaxCapTag_NuclearGrowth,p90_nuclear_nuclear__large_moderate_0
MaxCapTag_NuclearGrowth,p91_nuclear_nuclear__large_moderate_0
MaxCapTag_NuclearGrowth,p92_nuclear_nuclear__large_moderate_0
MaxCapTag_NuclearGrowth,p93_nuclear_nuclear__large_moderate_0
MaxCapTag_NuclearGrowth,p94_nuclear_nuclear__large_moderate_0
MaxCapTag_NuclearGrowth,p95_nuclear_nuclear__large_moderate_0
MaxCapTag_NuclearGrowth,p96_nuclear_nuclear__large_moderate_0
MaxCapTag_NuclearGrowth,p97_nuclear_nuclear__large_moderate_0
MaxCapTag_NuclearGrowth,p98_nuclear_nuclear__large_moderate_0
MaxCapTag_NuclearGrowth,p99_nuclear_nuclear__large_moderate_0
MaxCapTag_NuclearGrowth,p100_nuclear_nuclear__large_moderate_0
MaxCapTag_NuclearGrowth,p101_nuclear_nuclear__large_moderate_0
MaxCapTag_NuclearGrowth,p102_nuclear_nuclear__large_moderate_0
MaxCapTag_NuclearGrowth,p103_nuclear_nuclear__large_moderate_0
MaxCapTag_NuclearGrowth,p104_nuclear_nuclear__large_moderate_0
MaxCapTag_NuclearGrowth,p105_nuclear_nuclear__large_moderate_0
MaxCapTag_NuclearGrowth,p106_nuclear_nuclear__large_moderate_0
MaxCapTag_NuclearGrowth,p107_nuclear_nuclear__large_moderate_0
MaxCapTag_NuclearGrowth,p108_nuclear_nuclear__large_moderate_0
MaxCapTag_NuclearGrowth,p109_nuclear_nuclear__large_moderate_0
MaxCapTag_NuclearGrowth,p110_nuclear_nuclear__large_moderate_0
MaxCapTag_NuclearGrowth,p111_nuclear_nuclear__large_moderate_0
MaxCapTag_NuclearGrowth,p112_nuclear_nuclear__large_moderate_0
MaxCapTag_NuclearGrowth,p113_nuclear_nuclear__large_moderate_0
MaxCapTag_NuclearGrowth,p114_nuclear_nuclear__large_moderate_0
MaxCapTag_NuclearGrowth,p115_nuclear_nuclear__large_moderate_0
MaxCapTag_NuclearGrowth,p116_nuclear_nuclear__large_moderate_0
MaxCapTag_NuclearGrowth,p117_nuclear_nuclear__large_moderate_0
MaxCapTag_NuclearGrowth,p118_nuclear_nuclear__large_moderate_0
MaxCapTag_NuclearGrowth,p119_nuclear_nuclear__large_moderate_0
MaxCapTag_NuclearGrowth,p120_nuclear_nuclear__large_moderate_0
MaxCapTag_NuclearGrowth,p121_nuclear_nuclear__large_moderate_0
MaxCapTag_NuclearGrowth,p122_nuclear_nuclear__large_moderate_0
MaxCapTag_NuclearGrowth,p123_nuclear_nuclear__large_moderate_0
MaxCapTag_NuclearGrowth,p124_nuclear_nuclear__large_moderate_0
MaxCapTag_NuclearGrowth,p125_nuclear_nuclear__large_moderate_0
MaxCapTag_NuclearGrowth,p126_nuclear_nuclear__large_moderate_0
MaxCapTag_NuclearGrowth,p127_nuclear_nuclear__large_moderate_0
MaxCapTag_NuclearGrowth,p128_nuclear_nuclear__large_moderate_0
MaxCapTag_NuclearGrowth,p129_nuclear_nuclear__large_moderate_0
MaxCapTag_NuclearGrowth,p130_nuclear_nuclear__large_moderate_0
MaxCapTag_NuclearGrowth,p131_nuclear_nuclear__large_moderate_0
MaxCapTag_NuclearGrowth,p132_nuclear_nuclear__large_moderate_0
MaxCapTag_NuclearGrowth,p133_nuclear_nuclear__large_moderate_0
MaxCapTag_NuclearGrowth,p134_nuclear_nuclear__large_moderate_0
MaxCapTag_WindGrowth_NorthernGrid,p1_onshore_wind_turbine_1
MaxCapTag_WindGrowth_NorthernGrid,p12_onshore_wind_turbine_1
MaxCapTag_WindGrowth_NorthernGrid,p15_onshore_wind_turbine_1
MaxCapTag_WindGrowth_NorthernGrid,p16_onshore_wind_turbine_1
MaxCapTag_WindGrowth_NorthernGrid,p18_onshore_wind_turbine_1
MaxCapTag_WindGrowth_NorthernGrid,p2_onshore_wind_turbine_1
MaxCapTag_WindGrowth_NorthernGrid,p20_onshore_wind_turbine_1
MaxCapTag_WindGrowth_NorthernGrid,p21_onshore_wind_turbine_1
MaxCapTag_WindGrowth_NorthernGrid,p25_onshore_wind_turbine_1
MaxCapTag_WindGrowth_NorthernGrid,p3_onshore_wind_turbine_1
MaxCapTag_WindGrowth_NorthernGrid,p5_onshore_wind_turbine_1
MaxCapTag_WindGrowth_NorthernGrid,p7_onshore_wind_turbine_1
MaxCapTag_WindGrowth_NorthernGrid,p1_landbasedwind_class3_moderate_1
MaxCapTag_WindGrowth_NorthernGrid,p1_landbasedwind_class3_moderate_2
MaxCapTag_WindGrowth_NorthernGrid,p2_landbasedwind_class3_moderate_1
MaxCapTag_WindGrowth_NorthernGrid,p2_landbasedwind_class3_moderate_2
MaxCapTag_WindGrowth_NorthernGrid,p3_landbasedwind_class3_moderate_1
MaxCapTag_WindGrowth_NorthernGrid,p3_landbasedwind_class3_moderate_2
MaxCapTag_WindGrowth_NorthernGrid,p4_landbasedwind_class3_moderate_1
MaxCapTag_WindGrowth_NorthernGrid,p4_landbasedwind_class3_moderate_2
MaxCapTag_WindGrowth_NorthernGrid,p5_landbasedwind_class3_moderate_1
MaxCapTag_WindGrowth_NorthernGrid,p5_landbasedwind_class3_moderate_2
MaxCapTag_WindGrowth_NorthernGrid,p6_landbasedwind_class3_moderate_1
MaxCapTag_WindGrowth_NorthernGrid,p6_landbasedwind_class3_moderate_2
MaxCapTag_WindGrowth_NorthernGrid,p7_landbasedwind_class3_moderate_1
MaxCapTag_WindGrowth_NorthernGrid,p7_landbasedwind_class3_moderate_2
MaxCapTag_WindGrowth_NorthernGrid,p8_landbasedwind_class3_moderate_1
MaxCapTag_WindGrowth_NorthernGrid,p8_landbasedwind_class3_moderate_2
MaxCapTag_WindGrowth_NorthernGrid,p12_landbasedwind_class3_moderate_1
MaxCapTag_WindGrowth_NorthernGrid,p12_landbasedwind_class3_moderate_2
MaxCapTag_WindGrowth_NorthernGrid,p13_landbasedwind_class3_moderate_1
MaxCapTag_WindGrowth_NorthernGrid,p13_landbasedwind_class3_moderate_2
MaxCapTag_WindGrowth_NorthernGrid,p14_landbasedwind_class3_moderate_1
MaxCapTag_WindGrowth_NorthernGrid,p14_landbasedwind_class3_moderate_2
MaxCapTag_WindGrowth_NorthernGrid,p15_landbasedwind_class3_moderate_1
MaxCapTag_WindGrowth_NorthernGrid,p15_landbasedwind_class3_moderate_2
MaxCapTag_WindGrowth_NorthernGrid,p16_landbasedwind_class3_moderate_1
MaxCapTag_WindGrowth_NorthernGrid,p16_landbasedwind_class3_moderate_2
MaxCapTag_WindGrowth_NorthernGrid,p17_landbasedwind_class3_moderate_1
MaxCapTag_WindGrowth_NorthernGrid,p17_landbasedwind_class3_moderate_2
MaxCapTag_WindGrowth_NorthernGrid,p18_landbasedwind_class3_moderate_1
MaxCapTag_WindGrowth_NorthernGrid,p18_landbasedwind_class3_moderate_2
MaxCapTag_WindGrowth_NorthernGrid,p19_landbasedwind_class3_moderate_1
MaxCapTag_WindGrowth_NorthernGrid,p19_landbasedwind_class3_moderate_2
MaxCapTag_WindGrowth_NorthernGrid,p20_landbasedwind_class3_moderate_1
MaxCapTag_WindGrowth_NorthernGrid,p20_landbasedwind_class3_moderate_2
MaxCapTag_WindGrowth_NorthernGrid,p21_landbasedwind_class3_moderate_1
MaxCapTag_WindGrowth_NorthernGrid,p21_landbasedwind_class3_moderate_2
MaxCapTag_WindGrowth_NorthernGrid,p22_landbasedwind_class3_moderate_1
MaxCapTag_WindGrowth_NorthernGrid,p22_landbasedwind_class3_moderate_2
MaxCapTag_WindGrowth_NorthernGrid,p25_landbasedwind_class3_moderate_1
MaxCapTag_WindGrowth_NorthernGrid,p25_landbasedwind_class3_moderate_2
MaxCapTag_WindGrowth_NorthernGrid,p26_landbasedwind_class3_moderate_1
MaxCapTag_WindGrowth_NorthernGrid,p26_landbasedwind_class3_moderate_2
MaxCapTag_WindGrowth,p1_onshore_wind_turbine_1
MaxCapTag_WindGrowth,p10_onshore_wind_turbine_1
MaxCapTag_WindGrowth,p103_onshore_wind_turbine_1
MaxCapTag_WindGrowth,p105_onshore_wind_turbine_1
MaxCapTag_WindGrowth,p11_onshore_wind_turbine_1
MaxCapTag_WindGrowth,p111_onshore_wind_turbine_1
MaxCapTag_WindGrowth,p112_onshore_wind_turbine_1
MaxCapTag_WindGrowth,p115_onshore_wind_turbine_1
MaxCapTag_WindGrowth,p116_onshore_wind_turbine_1
MaxCapTag_WindGrowth,p119_onshore_wind_turbine_1
MaxCapTag_WindGrowth,p12_onshore_wind_turbine_1
MaxCapTag_WindGrowth,p121_onshore_wind_turbine_1
MaxCapTag_WindGrowth,p122_onshore_wind_turbine_1
MaxCapTag_WindGrowth,p125_onshore_wind_turbine_1
MaxCapTag_WindGrowth,p126_onshore_wind_turbine_1
MaxCapTag_WindGrowth,p127_onshore_wind_turbine_1
MaxCapTag_WindGrowth,p128_offshore_wind_turbine_1
MaxCapTag_WindGrowth,p129_onshore_wind_turbine_1
MaxCapTag_WindGrowth,p130_onshore_wind_turbine_1
MaxCapTag_WindGrowth,p131_offshore_wind_turbine_1
MaxCapTag_WindGrowth,p131_onshore_wind_turbine_1
MaxCapTag_WindGrowth,p132_onshore_wind_turbine_1
MaxCapTag_WindGrowth,p133_offshore_wind_turbine_1
MaxCapTag_WindGrowth,p133_onshore_wind_turbine_1
MaxCapTag_WindGrowth,p134_onshore_wind_turbine_1
MaxCapTag_WindGrowth,p15_onshore_wind_turbine_1
MaxCapTag_WindGrowth,p16_onshore_wind_turbine_1
MaxCapTag_WindGrowth,p18_onshore_wind_turbine_1
MaxCapTag_WindGrowth,p2_onshore_wind_turbine_1
MaxCapTag_WindGrowth,p20_onshore_wind_turbine_1
MaxCapTag_WindGrowth,p21_onshore_wind_turbine_1
MaxCapTag_WindGrowth,p24_onshore_wind_turbine_1
MaxCapTag_WindGrowth,p25_onshore_wind_turbine_1
MaxCapTag_WindGrowth,p27_onshore_wind_turbine_1
MaxCapTag_WindGrowth,p28_onshore_wind_turbine_1
MaxCapTag_WindGrowth,p3_onshore_wind_turbine_1
MaxCapTag_WindGrowth,p31_onshore_wind_turbine_1
MaxCapTag_WindGrowth,p32_onshore_wind_turbine_1
MaxCapTag_WindGrowth,p33_onshore_wind_turbine_1
MaxCapTag_WindGrowth,p34_onshore_wind_turbine_1
MaxCapTag_WindGrowth,p35_onshore_wind_turbine_1
MaxCapTag_WindGrowth,p36_onshore_wind_turbine_1
MaxCapTag_WindGrowth,p37_onshore_wind_turbine_1
MaxCapTag_WindGrowth,p38_onshore_wind_turbine_1
MaxCapTag_WindGrowth,p39_onshore_wind_turbine_1
MaxCapTag_WindGrowth,p40_onshore_wind_turbine_1
MaxCapTag_WindGrowth,p41_onshore_wind_turbine_1
MaxCapTag_WindGrowth,p42_onshore_wind_turbine_1
MaxCapTag_WindGrowth,p43_onshore_wind_turbine_1
MaxCapTag_WindGrowth,p44_onshore_wind_turbine_1
MaxCapTag_WindGrowth,p45_onshore_wind_turbine_1
MaxCapTag_WindGrowth,p47_onshore_wind_turbine_1
MaxCapTag_WindGrowth,p48_onshore_wind_turbine_1
MaxCapTag_WindGrowth,p49_onshore_wind_turbine_1
MaxCapTag_WindGrowth,p5_onshore_wind_turbine_1
MaxCapTag_WindGrowth,p50_onshore_wind_turbine_1
MaxCapTag_WindGrowth,p51_onshore_wind_turbine_1
MaxCapTag_WindGrowth,p52_onshore_wind_turbine_1
MaxCapTag_WindGrowth,p53_onshore_wind_turbine_1
MaxCapTag_WindGrowth,p54_onshore_wind_turbine_1
MaxCapTag_WindGrowth,p55_onshore_wind_turbine_1
MaxCapTag_WindGrowth,p56_onshore_wind_turbine_1
MaxCapTag_WindGrowth,p60_onshore_wind_turbine_1
MaxCapTag_WindGrowth,p61_onshore_wind_turbine_1
MaxCapTag_WindGrowth,p62_onshore_wind_turbine_1
MaxCapTag_WindGrowth,p63_onshore_wind_turbine_1
MaxCapTag_WindGrowth,p65_onshore_wind_turbine_1
MaxCapTag_WindGrowth,p68_onshore_wind_turbine_1
MaxCapTag_WindGrowth,p69_onshore_wind_turbine_1
MaxCapTag_WindGrowth,p7_onshore_wind_turbine_1
MaxCapTag_WindGrowth,p70_onshore_wind_turbine_1
MaxCapTag_WindGrowth,p71_onshore_wind_turbine_1
MaxCapTag_WindGrowth,p74_onshore_wind_turbine_1
MaxCapTag_WindGrowth,p75_onshore_wind_turbine_1
MaxCapTag_WindGrowth,p76_onshore_wind_turbine_1
MaxCapTag_WindGrowth,p77_onshore_wind_turbine_1
MaxCapTag_WindGrowth,p78_onshore_wind_turbine_1
MaxCapTag_WindGrowth,p79_onshore_wind_turbine_1
MaxCapTag_WindGrowth,p80_onshore_wind_turbine_1
MaxCapTag_WindGrowth,p81_onshore_wind_turbine_1
MaxCapTag_WindGrowth,p82_onshore_wind_turbine_1
MaxCapTag_WindGrowth,p83_onshore_wind_turbine_1
MaxCapTag_WindGrowth,p85_onshore_wind_turbine_1
MaxCapTag_WindGrowth,p87_onshore_wind_turbine_1
MaxCapTag_WindGrowth,p9_onshore_wind_turbine_1
MaxCapTag_WindGrowth,p92_onshore_wind_turbine_1
MaxCapTag_WindGrowth,p98_onshore_wind_turbine_1
MaxCapTag_WindGrowth,p99_offshore_wind_turbine_1
MaxCapTag_WindGrowth,p1_landbasedwind_class3_moderate_1
MaxCapTag_WindGrowth,p1_landbasedwind_class3_moderate_2
MaxCapTag_WindGrowth,p1_offshorewind_class3_moderate_fixed_1_1
MaxCapTag_WindGrowth,p1_offshorewind_class3_moderate_fixed_1_2
MaxCapTag_WindGrowth,p1_offshorewind_class3_moderate_fixed_0_1
MaxCapTag_WindGrowth,p1_offshorewind_class3_moderate_fixed_0_2
MaxCapTag_WindGrowth,p2_landbasedwind_class3_moderate_1
MaxCapTag_WindGrowth,p2_landbasedwind_class3_moderate_2
MaxCapTag_WindGrowth,p3_landbasedwind_class3_moderate_1
MaxCapTag_WindGrowth,p3_landbasedwind_class3_moderate_2
MaxCapTag_WindGrowth,p4_landbasedwind_class3_moderate_1
MaxCapTag_WindGrowth,p4_landbasedwind_class3_moderate_2
MaxCapTag_WindGrowth,p5_landbasedwind_class3_moderate_1
MaxCapTag_WindGrowth,p5_landbasedwind_class3_moderate_2
MaxCapTag_WindGrowth,p5_offshorewind_class3_moderate_fixed_1_1
MaxCapTag_WindGrowth,p5_offshorewind_class3_moderate_fixed_1_2
MaxCapTag_WindGrowth,p5_offshorewind_class3_moderate_fixed_0_1
MaxCapTag_WindGrowth,p5_offshorewind_class3_moderate_fixed_0_2
MaxCapTag_WindGrowth,p6_landbasedwind_class3_moderate_1
MaxCapTag_WindGrowth,p6_landbasedwind_class3_moderate_2
MaxCapTag_WindGrowth,p7_landbasedwind_class3_moderate_1
MaxCapTag_WindGrowth,p7_landbasedwind_class3_moderate_2
MaxCapTag_WindGrowth,p8_landbasedwind_class3_moderate_1
MaxCapTag_WindGrowth,p8_landbasedwind_class3_moderate_2
MaxCapTag_WindGrowth,p9_landbasedwind_class3_moderate_1
MaxCapTag_WindGrowth,p9_landbasedwind_class3_moderate_2
MaxCapTag_WindGrowth,p9_offshorewind_class3_moderate_fixed_1_1
MaxCapTag_WindGrowth,p9_offshorewind_class3_moderate_fixed_1_2
MaxCapTag_WindGrowth,p9_offshorewind_class3_moderate_fixed_0_1
MaxCapTag_WindGrowth,p9_offshorewind_class3_moderate_fixed_0_2
MaxCapTag_WindGrowth,p10_landbasedwind_class3_moderate_1
MaxCapTag_WindGrowth,p10_landbasedwind_class3_moderate_2
MaxCapTag_WindGrowth,p10_offshorewind_class3_moderate_fixed_1_1
MaxCapTag_WindGrowth,p10_offshorewind_class3_moderate_fixed_1_2
MaxCapTag_WindGrowth,p10_offshorewind_class3_moderate_fixed_0_1
MaxCapTag_WindGrowth,p10_offshorewind_class3_moderate_fixed_0_2
MaxCapTag_WindGrowth,p11_landbasedwind_class3_moderate_1
MaxCapTag_WindGrowth,p11_landbasedwind_class3_moderate_2
MaxCapTag_WindGrowth,p11_offshorewind_class3_moderate_fixed_1_1
MaxCapTag_WindGrowth,p11_offshorewind_class3_moderate_fixed_1_2
MaxCapTag_WindGrowth,p11_offshorewind_class3_moderate_fixed_0_1
MaxCapTag_WindGrowth,p11_offshorewind_class3_moderate_fixed_0_2
MaxCapTag_WindGrowth,p12_landbasedwind_class3_moderate_1
MaxCapTag_WindGrowth,p12_landbasedwind_class3_moderate_2
MaxCapTag_WindGrowth,p13_landbasedwind_class3_moderate_1
MaxCapTag_WindGrowth,p13_landbasedwind_class3_moderate_2
MaxCapTag_WindGrowth,p14_landbasedwind_class3_moderate_1
MaxCapTag_WindGrowth,p14_landbasedwind_class3_moderate_2
MaxCapTag_WindGrowth,p15_landbasedwind_class3_moderate_1
MaxCapTag_WindGrowth,p15_landbasedwind_class3_moderate_2
MaxCapTag_WindGrowth,p16_landbasedwind_class3_moderate_1
MaxCapTag_WindGrowth,p16_landbasedwind_class3_moderate_2
MaxCapTag_WindGrowth,p17_landbasedwind_class3_moderate_1
MaxCapTag_WindGrowth,p17_landbasedwind_class3_moderate_2
MaxCapTag_WindGrowth,p18_landbasedwind_class3_moderate_1
MaxCapTag_WindGrowth,p18_landbasedwind_class3_moderate_2
MaxCapTag_WindGrowth,p19_landbasedwind_class3_moderate_1
MaxCapTag_WindGrowth,p19_landbasedwind_class3_moderate_2
MaxCapTag_WindGrowth,p20_landbasedwind_class3_moderate_1
MaxCapTag_WindGrowth,p20_landbasedwind_class3_moderate_2
MaxCapTag_WindGrowth,p21_landbasedwind_class3_moderate_1
MaxCapTag_WindGrowth,p21_landbasedwind_class3_moderate_2
MaxCapTag_WindGrowth,p22_landbasedwind_class3_moderate_1
MaxCapTag_WindGrowth,p22_landbasedwind_class3_moderate_2
MaxCapTag_WindGrowth,p23_landbasedwind_class3_moderate_1
MaxCapTag_WindGrowth,p23_landbasedwind_class3_moderate_2
MaxCapTag_WindGrowth,p24_landbasedwind_class3_moderate_1
MaxCapTag_WindGrowth,p24_landbasedwind_class3_moderate_2
MaxCapTag_WindGrowth,p25_landbasedwind_class3_moderate_1
MaxCapTag_WindGrowth,p25_landbasedwind_class3_moderate_2
MaxCapTag_WindGrowth,p26_landbasedwind_class3_moderate_1
MaxCapTag_WindGrowth,p26_landbasedwind_class3_moderate_2
MaxCapTag_WindGrowth,p27_landbasedwind_class3_moderate_1
MaxCapTag_WindGrowth,p27_landbasedwind_class3_moderate_2
MaxCapTag_WindGrowth,p28_landbasedwind_class3_moderate_1
MaxCapTag_WindGrowth,p28_landbasedwind_class3_moderate_2
MaxCapTag_WindGrowth,p29_landbasedwind_class3_moderate_1
MaxCapTag_WindGrowth,p29_landbasedwind_class3_moderate_2
MaxCapTag_WindGrowth,p30_landbasedwind_class3_moderate_1
MaxCapTag_WindGrowth,p30_landbasedwind_class3_moderate_2
MaxCapTag_WindGrowth,p31_landbasedwind_class3_moderate_1
MaxCapTag_WindGrowth,p31_landbasedwind_class3_moderate_2
MaxCapTag_WindGrowth,p32_landbasedwind_class3_moderate_1
MaxCapTag_WindGrowth,p32_landbasedwind_class3_moderate_2
MaxCapTag_WindGrowth,p33_landbasedwind_class3_moderate_1
MaxCapTag_WindGrowth,p33_landbasedwind_class3_moderate_2
MaxCapTag_WindGrowth,p34_landbasedwind_class3_moderate_1
MaxCapTag_WindGrowth,p34_landbasedwind_class3_moderate_2
MaxCapTag_WindGrowth,p35_landbasedwind_class3_moderate_1
MaxCapTag_WindGrowth,p35_landbasedwind_class3_moderate_2
MaxCapTag_WindGrowth,p36_landbasedwind_class3_moderate_1
MaxCapTag_WindGrowth,p36_landbasedwind_class3_moderate_2
MaxCapTag_WindGrowth,p37_landbasedwind_class3_moderate_1
MaxCapTag_WindGrowth,p37_landbasedwind_class3_moderate_2
MaxCapTag_WindGrowth,p37_offshorewind_class3_moderate_fixed_1_1
MaxCapTag_WindGrowth,p37_offshorewind_class3_moderate_fixed_1_2
MaxCapTag_WindGrowth,p37_offshorewind_class3_moderate_fixed_0_1
MaxCapTag_WindGrowth,p37_offshorewind_class3_moderate_fixed_0_2
MaxCapTag_WindGrowth,p38_landbasedwind_class3_moderate_1
MaxCapTag_WindGrowth,p38_landbasedwind_class3_moderate_2
MaxCapTag_WindGrowth,p39_landbasedwind_class3_moderate_1
MaxCapTag_WindGrowth,p39_landbasedwind_class3_moderate_2
MaxCapTag_WindGrowth,p40_landbasedwind_class3_moderate_1
MaxCapTag_WindGrowth,p40_landbasedwind_class3_moderate_2
MaxCapTag_WindGrowth,p41_landbasedwind_class3_moderate_1
MaxCapTag_WindGrowth,p41_landbasedwind_class3_moderate_2
MaxCapTag_WindGrowth,p42_landbasedwind_class3_moderate_1
MaxCapTag_WindGrowth,p42_landbasedwind_class3_moderate_2
MaxCapTag_WindGrowth,p43_landbasedwind_class3_moderate_1
MaxCapTag_WindGrowth,p43_landbasedwind_class3_moderate_2
MaxCapTag_WindGrowth,p43_offshorewind_class3_moderate_fixed_1_1
MaxCapTag_WindGrowth,p43_offshorewind_class3_moderate_fixed_1_2
MaxCapTag_WindGrowth,p43_offshorewind_class3_moderate_fixed_0_1
MaxCapTag_WindGrowth,p43_offshorewind_class3_moderate_fixed_0_2
MaxCapTag_WindGrowth,p44_landbasedwind_class3_moderate_1
MaxCapTag_WindGrowth,p44_landbasedwind_class3_moderate_2
MaxCapTag_WindGrowth,p45_landbasedwind_class3_moderate_1
MaxCapTag_WindGrowth,p45_landbasedwind_class3_moderate_2
MaxCapTag_WindGrowth,p46_landbasedwind_class3_moderate_1
MaxCapTag_WindGrowth,p46_landbasedwind_class3_moderate_2
MaxCapTag_WindGrowth,p47_landbasedwind_class3_moderate_1
MaxCapTag_WindGrowth,p47_landbasedwind_class3_moderate_2
MaxCapTag_WindGrowth,p48_landbasedwind_class3_moderate_1
MaxCapTag_WindGrowth,p48_landbasedwind_class3_moderate_2
MaxCapTag_WindGrowth,p49_landbasedwind_class3_moderate_1
MaxCapTag_WindGrowth,p49_landbasedwind_class3_moderate_2
MaxCapTag_WindGrowth,p50_landbasedwind_class3_moderate_1
MaxCapTag_WindGrowth,p50_landbasedwind_class3_moderate_2
MaxCapTag_WindGrowth,p51_landbasedwind_class3_moderate_1
MaxCapTag_WindGrowth,p51_landbasedwind_class3_moderate_2
MaxCapTag_WindGrowth,p52_landbasedwind_class3_moderate_1
MaxCapTag_WindGrowth,p52_landbasedwind_class3_moderate_2
MaxCapTag_WindGrowth,p53_landbasedwind_class3_moderate_1
MaxCapTag_WindGrowth,p53_landbasedwind_class3_moderate_2
MaxCapTag_WindGrowth,p54_landbasedwind_class3_moderate_1
MaxCapTag_WindGrowth,p54_landbasedwind_class3_moderate_2
MaxCapTag_WindGrowth,p55_landbasedwind_class3_moderate_1
MaxCapTag_WindGrowth,p55_landbasedwind_class3_moderate_2
MaxCapTag_WindGrowth,p56_landbasedwind_class3_moderate_1
MaxCapTag_WindGrowth,p56_landbasedwind_class3_moderate_2
MaxCapTag_WindGrowth,p57_landbasedwind_class3_moderate_1
MaxCapTag_WindGrowth,p57_landbasedwind_class3_moderate_2
MaxCapTag_WindGrowth,p58_landbasedwind_class3_moderate_1
MaxCapTag_WindGrowth,p58_landbasedwind_class3_moderate_2
MaxCapTag_WindGrowth,p58_offshorewind_class3_moderate_fixed_1_1
MaxCapTag_WindGrowth,p58_offshorewind_class3_moderate_fixed_1_2
MaxCapTag_WindGrowth,p58_offshorewind_class3_moderate_fixed_0_1
MaxCapTag_WindGrowth,p58_offshorewind_class3_moderate_fixed_0_2
MaxCapTag_WindGrowth,p59_landbasedwind_class3_moderate_1
MaxCapTag_WindGrowth,p59_landbasedwind_class3_moderate_2
MaxCapTag_WindGrowth,p60_landbasedwind_class3_moderate_1
MaxCapTag_WindGrowth,p60_landbasedwind_class3_moderate_2
MaxCapTag_WindGrowth,p61_landbasedwind_class3_moderate_1
MaxCapTag_WindGrowth,p61_landbasedwind_class3_moderate_2
MaxCapTag_WindGrowth,p62_landbasedwind_class3_moderate_1
MaxCapTag_WindGrowth,p62_landbasedwind_class3_moderate_2
MaxCapTag_WindGrowth,p63_landbasedwind_class3_moderate_1
MaxCapTag_WindGrowth,p63_landbasedwind_class3_moderate_2
MaxCapTag_WindGrowth,p64_landbasedwind_class3_moderate_1
MaxCapTag_WindGrowth,p64_landbasedwind_class3_moderate_2
MaxCapTag_WindGrowth,p64_offshorewind_class3_moderate_fixed_1_1
MaxCapTag_WindGrowth,p64_offshorewind_class3_moderate_fixed_1_2
MaxCapTag_WindGrowth,p64_offshorewind_class3_moderate_fixed_0_1
MaxCapTag_WindGrowth,p64_offshorewind_class3_moderate_fixed_0_2
MaxCapTag_WindGrowth,p65_landbasedwind_class3_moderate_1
MaxCapTag_WindGrowth,p65_landbasedwind_class3_moderate_2
MaxCapTag_WindGrowth,p65_offshorewind_class3_moderate_fixed_1_1
MaxCapTag_WindGrowth,p65_offshorewind_class3_moderate_fixed_1_2
MaxCapTag_WindGrowth,p65_offshorewind_class3_moderate_fixed_0_1
MaxCapTag_WindGrowth,p65_offshorewind_class3_moderate_fixed_0_2
MaxCapTag_WindGrowth,p66_landbasedwind_class3_moderate_1
MaxCapTag_WindGrowth,p66_landbasedwind_class3_moderate_2
MaxCapTag_WindGrowth,p66_offshorewind_class3_moderate_fixed_1_1
MaxCapTag_WindGrowth,p66_offshorewind_class3_moderate_fixed_1_2
MaxCapTag_WindGrowth,p66_offshorewind_class3_moderate_fixed_0_1
MaxCapTag_WindGrowth,p66_offshorewind_class3_moderate_fixed_0_2
MaxCapTag_WindGrowth,p67_landbasedwind_class3_moderate_1
MaxCapTag_WindGrowth,p67_landbasedwind_class3_moderate_2
MaxCapTag_WindGrowth,p67_offshorewind_class3_moderate_fixed_1_1
MaxCapTag_WindGrowth,p67_offshorewind_class3_moderate_fixed_1_2
MaxCapTag_WindGrowth,p67_offshorewind_class3_moderate_fixed_0_1
MaxCapTag_WindGrowth,p67_offshorewind_class3_moderate_fixed_0_2
MaxCapTag_WindGrowth,p68_landbasedwind_class3_moderate_1
MaxCapTag_WindGrowth,p68_landbasedwind_class3_moderate_2
MaxCapTag_WindGrowth,p69_landbasedwind_class3_moderate_1
MaxCapTag_WindGrowth,p69_landbasedwind_class3_moderate_2
MaxCapTag_WindGrowth,p70_landbasedwind_class3_moderate_1
MaxCapTag_WindGrowth,p70_landbasedwind_class3_moderate_2
MaxCapTag_WindGrowth,p71_landbasedwind_class3_moderate_1
MaxCapTag_WindGrowth,p71_landbasedwind_class3_moderate_2
MaxCapTag_WindGrowth,p72_landbasedwind_class3_moderate_1
MaxCapTag_WindGrowth,p72_landbasedwind_class3_moderate_2
MaxCapTag_WindGrowth,p73_landbasedwind_class3_moderate_1
MaxCapTag_WindGrowth,p73_landbasedwind_class3_moderate_2
MaxCapTag_WindGrowth,p74_landbasedwind_class3_moderate_1
MaxCapTag_WindGrowth,p74_landbasedwind_class3_moderate_2
MaxCapTag_WindGrowth,p74_offshorewind_class3_moderate_fixed_1_1
MaxCapTag_WindGrowth,p74_offshorewind_class3_moderate_fixed_1_2
MaxCapTag_WindGrowth,p74_offshorewind_class3_moderate_fixed_0_1
MaxCapTag_WindGrowth,p74_offshorewind_class3_moderate_fixed_0_2
MaxCapTag_WindGrowth,p75_landbasedwind_class3_moderate_1
MaxCapTag_WindGrowth,p75_landbasedwind_class3_moderate_2
MaxCapTag_WindGrowth,p75_offshorewind_class3_moderate_fixed_1_1
MaxCapTag_WindGrowth,p75_offshorewind_class3_moderate_fixed_1_2
MaxCapTag_WindGrowth,p75_offshorewind_class3_moderate_fixed_0_1
MaxCapTag_WindGrowth,p75_offshorewind_class3_moderate_fixed_0_2
MaxCapTag_WindGrowth,p76_landbasedwind_class3_moderate_1
MaxCapTag_WindGrowth,p76_landbasedwind_class3_moderate_2
MaxCapTag_WindGrowth,p76_offshorewind_class3_moderate_fixed_1_1
MaxCapTag_WindGrowth,p76_offshorewind_class3_moderate_fixed_1_2
MaxCapTag_WindGrowth,p76_offshorewind_class3_moderate_fixed_0_1
MaxCapTag_WindGrowth,p76_offshorewind_class3_moderate_fixed_0_2
MaxCapTag_WindGrowth,p77_landbasedwind_class3_moderate_1
MaxCapTag_WindGrowth,p77_landbasedwind_class3_moderate_2
MaxCapTag_WindGrowth,p78_landbasedwind_class3_moderate_1
MaxCapTag_WindGrowth,p78_landbasedwind_class3_moderate_2
MaxCapTag_WindGrowth,p79_landbasedwind_class3_moderate_1
MaxCapTag_WindGrowth,p79_landbasedwind_class3_moderate_2
MaxCapTag_WindGrowth,p79_offshorewind_class3_moderate_fixed_1_1
MaxCapTag_WindGrowth,p79_offshorewind_class3_moderate_fixed_1_2
MaxCapTag_WindGrowth,p79_offshorewind_class3_moderate_fixed_0_1
MaxCapTag_WindGrowth,p79_offshorewind_class3_moderate_fixed_0_2
MaxCapTag_WindGrowth,p80_landbasedwind_class3_moderate_1
MaxCapTag_WindGrowth,p80_landbasedwind_class3_moderate_2
MaxCapTag_WindGrowth,p80_offshorewind_class3_moderate_fixed_1_1
MaxCapTag_WindGrowth,p80_offshorewind_class3_moderate_fixed_1_2
MaxCapTag_WindGrowth,p80_offshorewind_class3_moderate_fixed_0_1
MaxCapTag_WindGrowth,p80_offshorewind_class3_moderate_fixed_0_2
MaxCapTag_WindGrowth,p81_landbasedwind_class3_moderate_1
MaxCapTag_WindGrowth,p81_landbasedwind_class3_moderate_2
MaxCapTag_WindGrowth,p82_landbasedwind_class3_moderate_1
MaxCapTag_WindGrowth,p82_landbasedwind_class3_moderate_2
MaxCapTag_WindGrowth,p83_landbasedwind_class3_moderate_1
MaxCapTag_WindGrowth,p83_landbasedwind_class3_moderate_2
MaxCapTag_WindGrowth,p84_landbasedwind_class3_moderate_1
MaxCapTag_WindGrowth,p84_landbasedwind_class3_moderate_2
MaxCapTag_WindGrowth,p85_landbasedwind_class3_moderate_1
MaxCapTag_WindGrowth,p85_landbasedwind_class3_moderate_2
MaxCapTag_WindGrowth,p86_landbasedwind_class3_moderate_1
MaxCapTag_WindGrowth,p86_landbasedwind_class3_moderate_2
MaxCapTag_WindGrowth,p87_landbasedwind_class3_moderate_1
MaxCapTag_WindGrowth,p87_landbasedwind_class3_moderate_2
MaxCapTag_WindGrowth,p88_landbasedwind_class3_moderate_1
MaxCapTag_WindGrowth,p88_landbasedwind_class3_moderate_2
MaxCapTag_WindGrowth,p89_landbasedwind_class3_moderate_1
MaxCapTag_WindGrowth,p89_landbasedwind_class3_moderate_2
MaxCapTag_WindGrowth,p90_landbasedwind_class3_moderate_1
MaxCapTag_WindGrowth,p90_landbasedwind_class3_moderate_2
MaxCapTag_WindGrowth,p90_offshorewind_class3_moderate_fixed_1_1
MaxCapTag_WindGrowth,p90_offshorewind_class3_moderate_fixed_1_2
MaxCapTag_WindGrowth,p90_offshorewind_class3_moderate_fixed_0_1
MaxCapTag_WindGrowth,p90_offshorewind_class3_moderate_fixed_0_2
MaxCapTag_WindGrowth,p91_landbasedwind_class3_moderate_1
MaxCapTag_WindGrowth,p91_landbasedwind_class3_moderate_2
MaxCapTag_WindGrowth,p91_offshorewind_class3_moderate_fixed_1_1
MaxCapTag_WindGrowth,p91_offshorewind_class3_moderate_fixed_1_2
MaxCapTag_WindGrowth,p91_offshorewind_class3_moderate_fixed_0_1
MaxCapTag_WindGrowth,p91_offshorewind_class3_moderate_fixed_0_2
MaxCapTag_WindGrowth,p92_landbasedwind_class3_moderate_1
MaxCapTag_WindGrowth,p92_landbasedwind_class3_moderate_2
MaxCapTag_WindGrowth,p93_landbasedwind_class3_moderate_1
MaxCapTag_WindGrowth,p93_landbasedwind_class3_moderate_2
MaxCapTag_WindGrowth,p94_landbasedwind_class3_moderate_1
MaxCapTag_WindGrowth,p94_landbasedwind_class3_moderate_2
MaxCapTag_WindGrowth,p95_landbasedwind_class3_moderate_1
MaxCapTag_WindGrowth,p95_landbasedwind_class3_moderate_2
MaxCapTag_WindGrowth,p95_offshorewind_class3_moderate_fixed_1_1
MaxCapTag_WindGrowth,p95_offshorewind_class3_moderate_fixed_1_2
MaxCapTag_WindGrowth,p95_offshorewind_class3_moderate_fixed_0_1
MaxCapTag_WindGrowth,p95_offshorewind_class3_moderate_fixed_0_2
MaxCapTag_WindGrowth,p96_landbasedwind_class3_moderate_1
MaxCapTag_WindGrowth,p96_landbasedwind_class3_moderate_2
MaxCapTag_WindGrowth,p97_landbasedwind_class3_moderate_1
MaxCapTag_WindGrowth,p97_landbasedwind_class3_moderate_2
MaxCapTag_WindGrowth,p97_offshorewind_class3_moderate_fixed_1_1
MaxCapTag_WindGrowth,p97_offshorewind_class3_moderate_fixed_1_2
MaxCapTag_WindGrowth,p97_offshorewind_class3_moderate_fixed_0_1
MaxCapTag_WindGrowth,p97_offshorewind_class3_moderate_fixed_0_2
MaxCapTag_WindGrowth,p98_landbasedwind_class3_moderate_1
MaxCapTag_WindGrowth,p98_landbasedwind_class3_moderate_2
MaxCapTag_WindGrowth,p98_offshorewind_class3_moderate_fixed_1_1
MaxCapTag_WindGrowth,p98_offshorewind_class3_moderate_fixed_1_2
MaxCapTag_WindGrowth,p98_offshorewind_class3_moderate_fixed_0_1
MaxCapTag_WindGrowth,p98_offshorewind_class3_moderate_fixed_0_2
MaxCapTag_WindGrowth,p99_landbasedwind_class3_moderate_1
MaxCapTag_WindGrowth,p99_landbasedwind_class3_moderate_2
MaxCapTag_WindGrowth,p99_offshorewind_class3_moderate_fixed_1_1
MaxCapTag_WindGrowth,p99_offshorewind_class3_moderate_fixed_1_2
MaxCapTag_WindGrowth,p99_offshorewind_class3_moderate_fixed_0_1
MaxCapTag_WindGrowth,p99_offshorewind_class3_moderate_fixed_0_2
MaxCapTag_WindGrowth,p100_landbasedwind_class3_moderate_1
MaxCapTag_WindGrowth,p100_landbasedwind_class3_moderate_2
MaxCapTag_WindGrowth,p101_landbasedwind_class3_moderate_1
MaxCapTag_WindGrowth,p101_landbasedwind_class3_moderate_2
MaxCapTag_WindGrowth,p101_offshorewind_class3_moderate_fixed_1_1
MaxCapTag_WindGrowth,p101_offshorewind_class3_moderate_fixed_1_2
MaxCapTag_WindGrowth,p101_offshorewind_class3_moderate_fixed_0_1
MaxCapTag_WindGrowth,p101_offshorewind_class3_moderate_fixed_0_2
MaxCapTag_WindGrowth,p102_landbasedwind_class3_moderate_1
MaxCapTag_WindGrowth,p102_landbasedwind_class3_moderate_2
MaxCapTag_WindGrowth,p102_offshorewind_class3_moderate_fixed_1_1
MaxCapTag_WindGrowth,p102_offshorewind_class3_moderate_fixed_1_2
MaxCapTag_WindGrowth,p102_offshorewind_class3_moderate_fixed_0_1
MaxCapTag_WindGrowth,p102_offshorewind_class3_moderate_fixed_0_2
MaxCapTag_WindGrowth,p103_landbasedwind_class3_moderate_1
MaxCapTag_WindGrowth,p103_landbasedwind_class3_moderate_2
MaxCapTag_WindGrowth,p103_offshorewind_class3_moderate_fixed_1_1
MaxCapTag_WindGrowth,p103_offshorewind_class3_moderate_fixed_1_2
MaxCapTag_WindGrowth,p103_offshorewind_class3_moderate_fixed_0_1
MaxCapTag_WindGrowth,p103_offshorewind_class3_moderate_fixed_0_2
MaxCapTag_WindGrowth,p104_landbasedwind_class3_moderate_1
MaxCapTag_WindGrowth,p104_landbasedwind_class3_moderate_2
MaxCapTag_WindGrowth,p105_landbasedwind_class3_moderate_1
MaxCapTag_WindGrowth,p105_landbasedwind_class3_moderate_2
MaxCapTag_WindGrowth,p106_landbasedwind_class3_moderate_1
MaxCapTag_WindGrowth,p106_landbasedwind_class3_moderate_2
MaxCapTag_WindGrowth,p107_landbasedwind_class3_moderate_1
MaxCapTag_WindGrowth,p107_landbasedwind_class3_moderate_2
MaxCapTag_WindGrowth,p108_landbasedwind_class3_moderate_1
MaxCapTag_WindGrowth,p108_landbasedwind_class3_moderate_2
MaxCapTag_WindGrowth,p109_landbasedwind_class3_moderate_1
MaxCapTag_WindGrowth,p109_landbasedwind_class3_moderate_2
MaxCapTag_WindGrowth,p110_landbasedwind_class3_moderate_1
MaxCapTag_WindGrowth,p110_landbasedwind_class3_moderate_2
MaxCapTag_WindGrowth,p111_landbasedwind_class3_moderate_1
MaxCapTag_WindGrowth,p111_landbasedwind_class3_moderate_2
MaxCapTag_WindGrowth,p111_offshorewind_class3_moderate_fixed_1_1
MaxCapTag_WindGrowth,p111_offshorewind_class3_moderate_fixed_1_2
MaxCapTag_WindGrowth,p111_offshorewind_class3_moderate_fixed_0_1
MaxCapTag_WindGrowth,p111_offshorewind_class3_moderate_fixed_0_2
MaxCapTag_WindGrowth,p112_landbasedwind_class3_moderate_1
MaxCapTag_WindGrowth,p112_landbasedwind_class3_moderate_2
MaxCapTag_WindGrowth,p113_landbasedwind_class3_moderate_1
MaxCapTag_WindGrowth,p113_landbasedwind_class3_moderate_2
MaxCapTag_WindGrowth,p114_landbasedwind_class3_moderate_1
MaxCapTag_WindGrowth,p114_landbasedwind_class3_moderate_2
MaxCapTag_WindGrowth,p115_landbasedwind_class3_moderate_1
MaxCapTag_WindGrowth,p115_landbasedwind_class3_moderate_2
MaxCapTag_WindGrowth,p116_landbasedwind_class3_moderate_1
MaxCapTag_WindGrowth,p116_landbasedwind_class3_moderate_2
MaxCapTag_WindGrowth,p117_landbasedwind_class3_moderate_1
MaxCapTag_WindGrowth,p117_landbasedwind_class3_moderate_2
MaxCapTag_WindGrowth,p118_landbasedwind_class3_moderate_1
MaxCapTag_WindGrowth,p118_landbasedwind_class3_moderate_2
MaxCapTag_WindGrowth,p119_landbasedwind_class3_moderate_1
MaxCapTag_WindGrowth,p119_landbasedwind_class3_moderate_2
MaxCapTag_WindGrowth,p120_landbasedwind_class3_moderate_1
MaxCapTag_WindGrowth,p120_landbasedwind_class3_moderate_2
MaxCapTag_WindGrowth,p121_landbasedwind_class3_moderate_1
MaxCapTag_WindGrowth,p121_landbasedwind_class3_moderate_2
MaxCapTag_WindGrowth,p122_landbasedwind_class3_moderate_1
MaxCapTag_WindGrowth,p122_landbasedwind_class3_moderate_2
MaxCapTag_WindGrowth,p123_landbasedwind_class3_moderate_1
MaxCapTag_WindGrowth,p123_offshorewind_class3_moderate_fixed_1_1
MaxCapTag_WindGrowth,p123_offshorewind_class3_moderate_fixed_1_2
MaxCapTag_WindGrowth,p123_offshorewind_class3_moderate_fixed_0_1
MaxCapTag_WindGrowth,p123_offshorewind_class3_moderate_fixed_0_2
MaxCapTag_WindGrowth,p124_landbasedwind_class3_moderate_1
MaxCapTag_WindGrowth,p124_landbasedwind_class3_moderate_2
MaxCapTag_WindGrowth,p125_landbasedwind_class3_moderate_1
MaxCapTag_WindGrowth,p125_landbasedwind_class3_moderate_2
MaxCapTag_WindGrowth,p125_offshorewind_class3_moderate_fixed_1_1
MaxCapTag_WindGrowth,p125_offshorewind_class3_moderate_fixed_1_2
MaxCapTag_WindGrowth,p125_offshorewind_class3_moderate_fixed_0_1
MaxCapTag_WindGrowth,p125_offshorewind_class3_moderate_fixed_0_2
MaxCapTag_WindGrowth,p126_landbasedwind_class3_moderate_1
MaxCapTag_WindGrowth,p126_landbasedwind_class3_moderate_2
MaxCapTag_WindGrowth,p126_offshorewind_class3_moderate_fixed_1_1
MaxCapTag_WindGrowth,p126_offshorewind_class3_moderate_fixed_1_2
MaxCapTag_WindGrowth,p126_offshorewind_class3_moderate_fixed_0_1
MaxCapTag_WindGrowth,p126_offshorewind_class3_moderate_fixed_0_2
MaxCapTag_WindGrowth,p127_landbasedwind_class3_moderate_1
MaxCapTag_WindGrowth,p127_landbasedwind_class3_moderate_2
MaxCapTag_WindGrowth,p127_offshorewind_class3_moderate_fixed_1_1
MaxCapTag_WindGrowth,p127_offshorewind_class3_moderate_fixed_1_2
MaxCapTag_WindGrowth,p127_offshorewind_class3_moderate_fixed_0_1
MaxCapTag_WindGrowth,p127_offshorewind_class3_moderate_fixed_0_2
MaxCapTag_WindGrowth,p128_offshorewind_class3_moderate_fixed_1_1
MaxCapTag_WindGrowth,p128_offshorewind_class3_moderate_fixed_1_2
MaxCapTag_WindGrowth,p128_offshorewind_class3_moderate_fixed_0_1
MaxCapTag_WindGrowth,p128_offshorewind_class3_moderate_fixed_0_2
MaxCapTag_WindGrowth,p129_landbasedwind_class3_moderate_1
MaxCapTag_WindGrowth,p129_landbasedwind_class3_moderate_2
MaxCapTag_WindGrowth,p130_landbasedwind_class3_moderate_1
MaxCapTag_WindGrowth,p130_landbasedwind_class3_moderate_2
MaxCapTag_WindGrowth,p131_landbasedwind_class3_moderate_1
MaxCapTag_WindGrowth,p131_landbasedwind_class3_moderate_2
MaxCapTag_WindGrowth,p131_offshorewind_class3_moderate_fixed_1_1
MaxCapTag_WindGrowth,p131_offshorewind_class3_moderate_fixed_1_2
MaxCapTag_WindGrowth,p131_offshorewind_class3_moderate_fixed_0_1
MaxCapTag_WindGrowth,p131_offshorewind_class3_moderate_fixed_0_2
MaxCapTag_WindGrowth,p132_landbasedwind_class3_moderate_1
MaxCapTag_WindGrowth,p132_landbasedwind_class3_moderate_2
MaxCapTag_WindGrowth,p132_offshorewind_class3_moderate_fixed_1_1
MaxCapTag_WindGrowth,p132_offshorewind_class3_moderate_fixed_1_2
MaxCapTag_WindGrowth,p132_offshorewind_class3_moderate_fixed_0_1
MaxCapTag_WindGrowth,p132_offshorewind_class3_moderate_fixed_0_2
MaxCapTag_WindGrowth,p133_offshorewind_class3_moderate_fixed_1_1
MaxCapTag_WindGrowth,p133_offshorewind_class3_moderate_fixed_1_2
MaxCapTag_WindGrowth,p133_offshorewind_class3_moderate_fixed_0_1
MaxCapTag_WindGrowth,p133_offshorewind_class3_moderate_fixed_0_2
MaxCapTag_WindGrowth,p134_landbasedwind_class3_moderate_1
MaxCapTag_WindGrowth,p134_landbasedwind_class3_moderate_2
MaxCapTag_WindGrowth,p134_offshorewind_class3_moderate_fixed_1_1
MaxCapTag_WindGrowth,p134_offshorewind_class3_moderate_fixed_1_2
MaxCapTag_WindGrowth,p134_offshorewind_class3_moderate_fixed_0_1
MaxCapTag_WindGrowth,p134_offshorewind_class3_moderate_fixed_0_2
MaxCapTag_WindGrowth,p1_offshorewind_class12_moderate_floating_0_1
MaxCapTag_WindGrowth,p1_offshorewind_class12_moderate_floating_0_2
MaxCapTag_WindGrowth,p5_offshorewind_class12_moderate_floating_0_1
MaxCapTag_WindGrowth,p5_offshorewind_class12_moderate_floating_0_2
MaxCapTag_WindGrowth,p9_offshorewind_class12_moderate_floating_0_1
MaxCapTag_WindGrowth,p9_offshorewind_class12_moderate_floating_0_2
MaxCapTag_WindGrowth,p10_offshorewind_class12_moderate_floating_0_1
MaxCapTag_WindGrowth,p10_offshorewind_class12_moderate_floating_0_2
MaxCapTag_WindGrowth,p11_offshorewind_class12_moderate_floating_0_1
MaxCapTag_WindGrowth,p11_offshorewind_class12_moderate_floating_0_2
MaxCapTag_WindGrowth,p37_offshorewind_class12_moderate_floating_0_1
MaxCapTag_WindGrowth,p37_offshorewind_class12_moderate_floating_0_2
MaxCapTag_WindGrowth,p43_offshorewind_class12_moderate_floating_0_1
MaxCapTag_WindGrowth,p43_offshorewind_class12_moderate_floating_0_2
MaxCapTag_WindGrowth,p58_offshorewind_class12_moderate_floating_0_1
MaxCapTag_WindGrowth,p58_offshorewind_class12_moderate_floating_0_2
MaxCapTag_WindGrowth,p64_offshorewind_class12_moderate_floating_0_1
MaxCapTag_WindGrowth,p64_offshorewind_class12_moderate_floating_0_2
MaxCapTag_WindGrowth,p65_offshorewind_class12_moderate_floating_0_1
MaxCapTag_WindGrowth,p65_offshorewind_class12_moderate_floating_0_2
MaxCapTag_WindGrowth,p66_offshorewind_class12_moderate_floating_0_1
MaxCapTag_WindGrowth,p66_offshorewind_class12_moderate_floating_0_2
MaxCapTag_WindGrowth,p67_offshorewind_class12_moderate_floating_0_1
MaxCapTag_WindGrowth,p67_offshorewind_class12_moderate_floating_0_2
MaxCapTag_WindGrowth,p74_offshorewind_class12_moderate_floating_0_1
MaxCapTag_WindGrowth,p74_offshorewind_class12_moderate_floating_0_2
MaxCapTag_WindGrowth,p75_offshorewind_class12_moderate_floating_0_1
MaxCapTag_WindGrowth,p75_offshorewind_class12_moderate_floating_0_2
MaxCapTag_WindGrowth,p76_offshorewind_class12_moderate_floating_0_1
MaxCapTag_WindGrowth,p76_offshorewind_class12_moderate_floating_0_2
MaxCapTag_WindGrowth,p79_offshorewind_class12_moderate_floating_0_1
MaxCapTag_WindGrowth,p79_offshorewind_class12_moderate_floating_0_2
MaxCapTag_WindGrowth,p80_offshorewind_class12_moderate_floating_0_1
MaxCapTag_WindGrowth,p80_offshorewind_class12_moderate_floating_0_2
MaxCapTag_WindGrowth,p90_offshorewind_class12_moderate_floating_0_1
MaxCapTag_WindGrowth,p90_offshorewind_class12_moderate_floating_0_2
MaxCapTag_WindGrowth,p91_offshorewind_class12_moderate_floating_0_1
MaxCapTag_WindGrowth,p91_offshorewind_class12_moderate_floating_0_2
MaxCapTag_WindGrowth,p95_offshorewind_class12_moderate_floating_0_1
MaxCapTag_WindGrowth,p95_offshorewind_class12_moderate_floating_0_2
MaxCapTag_WindGrowth,p97_offshorewind_class12_moderate_floating_0_1
MaxCapTag_WindGrowth,p97_offshorewind_class12_moderate_floating_0_2
MaxCapTag_WindGrowth,p98_offshorewind_class12_moderate_floating_0_1
MaxCapTag_WindGrowth,p98_offshorewind_class12_moderate_floating_0_2
MaxCapTag_WindGrowth,p99_offshorewind_class12_moderate_floating_0_1
MaxCapTag_WindGrowth,p99_offshorewind_class12_moderate_floating_0_2
MaxCapTag_WindGrowth,p101_offshorewind_class12_moderate_floating_0_1
MaxCapTag_WindGrowth,p101_offshorewind_class12_moderate_floating_0_2
MaxCapTag_WindGrowth,p102_offshorewind_class12_moderate_floating_0_1
MaxCapTag_WindGrowth,p102_offshorewind_class12_moderate_floating_0_2
MaxCapTag_WindGrowth,p103_offshorewind_class12_moderate_floating_0_1
MaxCapTag_WindGrowth,p103_offshorewind_class12_moderate_floating_0_2
MaxCapTag_WindGrowth,p111_offshorewind_class12_moderate_floating_0_1
MaxCapTag_WindGrowth,p111_offshorewind_class12_moderate_floating_0_2
MaxCapTag_WindGrowth,p123_offshorewind_class12_moderate_floating_0_1
MaxCapTag_WindGrowth,p123_offshorewind_class12_moderate_floating_0_2
MaxCapTag_WindGrowth,p125_offshorewind_class12_moderate_floating_0_1
MaxCapTag_WindGrowth,p125_offshorewind_class12_moderate_floating_0_2
MaxCapTag_WindGrowth,p126_offshorewind_class12_moderate_floating_0_1
MaxCapTag_WindGrowth,p126_offshorewind_class12_moderate_floating_0_2
MaxCapTag_WindGrowth,p127_offshorewind_class12_moderate_floating_0_1
MaxCapTag_WindGrowth,p127_offshorewind_class12_moderate_floating_0_2
MaxCapTag_WindGrowth,p128_offshorewind_class12_moderate_floating_0_1
MaxCapTag_WindGrowth,p128_offshorewind_class12_moderate_floating_0_2
MaxCapTag_WindGrowth,p131_offshorewind_class12_moderate_floating_0_1
MaxCapTag_WindGrowth,p131_offshorewind_class12_moderate_floating_0_2
MaxCapTag_WindGrowth,p132_offshorewind_class12_moderate_floating_0_1
MaxCapTag_WindGrowth,p132_offshorewind_class12_moderate_floating_0_2
MaxCapTag_WindGrowth,p133_offshorewind_class12_moderate_floating_0_1
MaxCapTag_WindGrowth,p133_offshorewind_class12_moderate_floating_0_2
MaxCapTag_WindGrowth,p134_offshorewind_class12_moderate_floating_0_1
MaxCapTag_WindGrowth,p134_offshorewind_class12_moderate_floating_0_2
MaxCapTag_WindGrowth_ISONE,p129_onshore_wind_turbine_1
MaxCapTag_WindGrowth_ISONE,p130_onshore_wind_turbine_1
MaxCapTag_WindGrowth_ISONE,p131_onshore_wind_turbine_1
MaxCapTag_WindGrowth_ISONE,p132_onshore_wind_turbine_1
MaxCapTag_WindGrowth_ISONE,p133_onshore_wind_turbine_1
MaxCapTag_WindGrowth_ISONE,p134_onshore_wind_turbine_1
MaxCapTag_WindGrowth_ISONE,p129_landbasedwind_class3_moderate_1
MaxCapTag_WindGrowth_ISONE,p129_landbasedwind_class3_moderate_2
MaxCapTag_WindGrowth_ISONE,p130_landbasedwind_class3_moderate_1
MaxCapTag_WindGrowth_ISONE,p130_landbasedwind_class3_moderate_2
MaxCapTag_WindGrowth_ISONE,p131_landbasedwind_class3_moderate_1
MaxCapTag_WindGrowth_ISONE,p131_landbasedwind_class3_moderate_2
MaxCapTag_WindGrowth_ISONE,p132_landbasedwind_class3_moderate_1
MaxCapTag_WindGrowth_ISONE,p132_landbasedwind_class3_moderate_2
MaxCapTag_WindGrowth_ISONE,p134_landbasedwind_class3_moderate_1
MaxCapTag_WindGrowth_ISONE,p134_landbasedwind_class3_moderate_2
MaxCapTag_WindGrowth_CAISO,p10_onshore_wind_turbine_1
MaxCapTag_WindGrowth_CAISO,p11_onshore_wind_turbine_1
MaxCapTag_WindGrowth_CAISO,p9_onshore_wind_turbine_1
MaxCapTag_WindGrowth_CAISO,p9_landbasedwind_class3_moderate_1
MaxCapTag_WindGrowth_CAISO,p9_landbasedwind_class3_moderate_2
MaxCapTag_WindGrowth_CAISO,p10_landbasedwind_class3_moderate_1
MaxCapTag_WindGrowth_CAISO,p10_landbasedwind_class3_moderate_2
MaxCapTag_WindGrowth_CAISO,p11_landbasedwind_class3_moderate_1
MaxCapTag_WindGrowth_CAISO,p11_landbasedwind_class3_moderate_2
MaxCapTag_WindGrowth_ERCOT,p60_onshore_wind_turbine_1
MaxCapTag_WindGrowth_ERCOT,p61_onshore_wind_turbine_1
MaxCapTag_WindGrowth_ERCOT,p62_onshore_wind_turbine_1
MaxCapTag_WindGrowth_ERCOT,p63_onshore_wind_turbine_1
MaxCapTag_WindGrowth_ERCOT,p65_onshore_wind_turbine_1
MaxCapTag_WindGrowth_ERCOT,p60_landbasedwind_class3_moderate_1
MaxCapTag_WindGrowth_ERCOT,p60_landbasedwind_class3_moderate_2
MaxCapTag_WindGrowth_ERCOT,p61_landbasedwind_class3_moderate_1
MaxCapTag_WindGrowth_ERCOT,p61_landbasedwind_class3_moderate_2
MaxCapTag_WindGrowth_ERCOT,p62_landbasedwind_class3_moderate_1
MaxCapTag_WindGrowth_ERCOT,p62_landbasedwind_class3_moderate_2
MaxCapTag_WindGrowth_ERCOT,p63_landbasedwind_class3_moderate_1
MaxCapTag_WindGrowth_ERCOT,p63_landbasedwind_class3_moderate_2
MaxCapTag_WindGrowth_ERCOT,p64_landbasedwind_class3_moderate_1
MaxCapTag_WindGrowth_ERCOT,p64_landbasedwind_class3_moderate_2
MaxCapTag_WindGrowth_ERCOT,p65_landbasedwind_class3_moderate_1
MaxCapTag_WindGrowth_ERCOT,p65_landbasedwind_class3_moderate_2
MaxCapTag_WindGrowth_ERCOT,p67_landbasedwind_class3_moderate_1
MaxCapTag_WindGrowth_ERCOT,p67_landbasedwind_class3_moderate_2
MaxCapTag_SolarGrowth,p1_solar_photovoltaic_1
MaxCapTag_SolarGrowth,p10_solar_photovoltaic_1
MaxCapTag_SolarGrowth,p100_solar_photovoltaic_1
MaxCapTag_SolarGrowth,p101_solar_photovoltaic_1
MaxCapTag_SolarGrowth,p102_solar_photovoltaic_1
MaxCapTag_SolarGrowth,p103_solar_photovoltaic_1
MaxCapTag_SolarGrowth,p104_solar_photovoltaic_1
MaxCapTag_SolarGrowth,p105_solar_photovoltaic_1
MaxCapTag_SolarGrowth,p106_solar_photovoltaic_1
MaxCapTag_SolarGrowth,p107_solar_photovoltaic_1
MaxCapTag_SolarGrowth,p108_solar_photovoltaic_1
MaxCapTag_SolarGrowth,p109_solar_photovoltaic_1
MaxCapTag_SolarGrowth,p11_solar_photovoltaic_1
MaxCapTag_SolarGrowth,p110_solar_photovoltaic_1
MaxCapTag_SolarGrowth,p111_solar_photovoltaic_1
MaxCapTag_SolarGrowth,p112_solar_photovoltaic_1
MaxCapTag_SolarGrowth,p113_solar_photovoltaic_1
MaxCapTag_SolarGrowth,p114_solar_photovoltaic_1
MaxCapTag_SolarGrowth,p115_solar_photovoltaic_1
MaxCapTag_SolarGrowth,p116_solar_photovoltaic_1
MaxCapTag_SolarGrowth,p118_solar_photovoltaic_1
MaxCapTag_SolarGrowth,p119_solar_photovoltaic_1
MaxCapTag_SolarGrowth,p12_solar_photovoltaic_1
MaxCapTag_SolarGrowth,p120_solar_photovoltaic_1
MaxCapTag_SolarGrowth,p121_solar_photovoltaic_1
MaxCapTag_SolarGrowth,p122_solar_photovoltaic_1
MaxCapTag_SolarGrowth,p123_solar_photovoltaic_1
MaxCapTag_SolarGrowth,p124_solar_photovoltaic_1
MaxCapTag_SolarGrowth,p125_solar_photovoltaic_1
MaxCapTag_SolarGrowth,p126_solar_photovoltaic_1
MaxCapTag_SolarGrowth,p127_solar_photovoltaic_1
MaxCapTag_SolarGrowth,p128_solar_photovoltaic_1
MaxCapTag_SolarGrowth,p129_solar_photovoltaic_1
MaxCapTag_SolarGrowth,p13_solar_photovoltaic_1
MaxCapTag_SolarGrowth,p130_solar_photovoltaic_1
MaxCapTag_SolarGrowth,p131_solar_photovoltaic_1
MaxCapTag_SolarGrowth,p132_solar_photovoltaic_1
MaxCapTag_SolarGrowth,p133_solar_photovoltaic_1
MaxCapTag_SolarGrowth,p134_solar_photovoltaic_1
MaxCapTag_SolarGrowth,p15_solar_photovoltaic_1
MaxCapTag_SolarGrowth,p16_solar_photovoltaic_1
MaxCapTag_SolarGrowth,p17_solar_photovoltaic_1
MaxCapTag_SolarGrowth,p18_solar_photovoltaic_1
MaxCapTag_SolarGrowth,p2_solar_photovoltaic_1
MaxCapTag_SolarGrowth,p20_solar_photovoltaic_1
MaxCapTag_SolarGrowth,p21_solar_photovoltaic_1
MaxCapTag_SolarGrowth,p24_solar_photovoltaic_1
MaxCapTag_SolarGrowth,p25_solar_photovoltaic_1
MaxCapTag_SolarGrowth,p26_solar_photovoltaic_1
MaxCapTag_SolarGrowth,p27_solar_photovoltaic_1
MaxCapTag_SolarGrowth,p28_solar_photovoltaic_1
MaxCapTag_SolarGrowth,p29_solar_photovoltaic_1
MaxCapTag_SolarGrowth,p3_solar_photovoltaic_1
MaxCapTag_SolarGrowth,p30_solar_photovoltaic_1
MaxCapTag_SolarGrowth,p31_solar_photovoltaic_1
MaxCapTag_SolarGrowth,p32_solar_photovoltaic_1
MaxCapTag_SolarGrowth,p33_solar_photovoltaic_1
MaxCapTag_SolarGrowth,p34_solar_photovoltaic_1
MaxCapTag_SolarGrowth,p38_solar_photovoltaic_1
MaxCapTag_SolarGrowth,p39_solar_photovoltaic_1
MaxCapTag_SolarGrowth,p4_solar_photovoltaic_1
MaxCapTag_SolarGrowth,p40_solar_photovoltaic_1
MaxCapTag_SolarGrowth,p41_solar_photovoltaic_1
MaxCapTag_SolarGrowth,p42_solar_photovoltaic_1
MaxCapTag_SolarGrowth,p43_solar_photovoltaic_1
MaxCapTag_SolarGrowth,p44_solar_photovoltaic_1
MaxCapTag_SolarGrowth,p45_solar_photovoltaic_1
MaxCapTag_SolarGrowth,p46_solar_photovoltaic_1
MaxCapTag_SolarGrowth,p47_solar_photovoltaic_1
MaxCapTag_SolarGrowth,p48_solar_photovoltaic_1
MaxCapTag_SolarGrowth,p49_solar_photovoltaic_1
MaxCapTag_SolarGrowth,p5_solar_photovoltaic_1
MaxCapTag_SolarGrowth,p50_solar_photovoltaic_1
MaxCapTag_SolarGrowth,p51_solar_photovoltaic_1
MaxCapTag_SolarGrowth,p52_solar_photovoltaic_1
MaxCapTag_SolarGrowth,p53_solar_photovoltaic_1
MaxCapTag_SolarGrowth,p54_solar_photovoltaic_1
MaxCapTag_SolarGrowth,p55_solar_photovoltaic_1
MaxCapTag_SolarGrowth,p56_solar_photovoltaic_1
MaxCapTag_SolarGrowth,p57_solar_photovoltaic_1
MaxCapTag_SolarGrowth,p58_solar_photovoltaic_1
MaxCapTag_SolarGrowth,p59_solar_photovoltaic_1
MaxCapTag_SolarGrowth,p6_solar_photovoltaic_1
MaxCapTag_SolarGrowth,p60_solar_photovoltaic_1
MaxCapTag_SolarGrowth,p61_solar_photovoltaic_1
MaxCapTag_SolarGrowth,p62_solar_photovoltaic_1
MaxCapTag_SolarGrowth,p63_solar_photovoltaic_1
MaxCapTag_SolarGrowth,p64_solar_photovoltaic_1
MaxCapTag_SolarGrowth,p65_solar_photovoltaic_1
MaxCapTag_SolarGrowth,p66_solar_photovoltaic_1
MaxCapTag_SolarGrowth,p67_solar_photovoltaic_1
MaxCapTag_SolarGrowth,p68_solar_photovoltaic_1
MaxCapTag_SolarGrowth,p69_solar_photovoltaic_1
MaxCapTag_SolarGrowth,p7_solar_photovoltaic_1
MaxCapTag_SolarGrowth,p70_solar_photovoltaic_1
MaxCapTag_SolarGrowth,p71_solar_photovoltaic_1
MaxCapTag_SolarGrowth,p72_solar_photovoltaic_1
MaxCapTag_SolarGrowth,p73_solar_photovoltaic_1
MaxCapTag_SolarGrowth,p74_solar_photovoltaic_1
MaxCapTag_SolarGrowth,p75_solar_photovoltaic_1
MaxCapTag_SolarGrowth,p76_solar_photovoltaic_1
MaxCapTag_SolarGrowth,p77_solar_photovoltaic_1
MaxCapTag_SolarGrowth,p78_solar_photovoltaic_1
MaxCapTag_SolarGrowth,p79_solar_photovoltaic_1
MaxCapTag_SolarGrowth,p8_solar_photovoltaic_1
MaxCapTag_SolarGrowth,p80_solar_photovoltaic_1
MaxCapTag_SolarGrowth,p81_solar_photovoltaic_1
MaxCapTag_SolarGrowth,p82_solar_photovoltaic_1
MaxCapTag_SolarGrowth,p83_solar_photovoltaic_1
MaxCapTag_SolarGrowth,p84_solar_photovoltaic_1
MaxCapTag_SolarGrowth,p85_solar_photovoltaic_1
MaxCapTag_SolarGrowth,p86_solar_photovoltaic_1
MaxCapTag_SolarGrowth,p87_solar_photovoltaic_1
MaxCapTag_SolarGrowth,p88_solar_photovoltaic_1
MaxCapTag_SolarGrowth,p89_solar_photovoltaic_1
MaxCapTag_SolarGrowth,p9_solar_photovoltaic_1
MaxCapTag_SolarGrowth,p90_solar_photovoltaic_1
MaxCapTag_SolarGrowth,p91_solar_photovoltaic_1
MaxCapTag_SolarGrowth,p92_solar_photovoltaic_1
MaxCapTag_SolarGrowth,p93_solar_photovoltaic_1
MaxCapTag_SolarGrowth,p94_solar_photovoltaic_1
MaxCapTag_SolarGrowth,p95_solar_photovoltaic_1
MaxCapTag_SolarGrowth,p96_solar_photovoltaic_1
MaxCapTag_SolarGrowth,p97_solar_photovoltaic_1
MaxCapTag_SolarGrowth,p98_solar_photovoltaic_1
MaxCapTag_SolarGrowth,p99_solar_photovoltaic_1
MaxCapTag_SolarGrowth,p1_utilitypv_class1_moderate_1
MaxCapTag_SolarGrowth,p1_utilitypv_class1_moderate_2
MaxCapTag_SolarGrowth,p2_utilitypv_class1_moderate_1
MaxCapTag_SolarGrowth,p2_utilitypv_class1_moderate_2
MaxCapTag_SolarGrowth,p3_utilitypv_class1_moderate_1
MaxCapTag_SolarGrowth,p3_utilitypv_class1_moderate_2
MaxCapTag_SolarGrowth,p4_utilitypv_class1_moderate_1
MaxCapTag_SolarGrowth,p4_utilitypv_class1_moderate_2
MaxCapTag_SolarGrowth,p5_utilitypv_class1_moderate_1
MaxCapTag_SolarGrowth,p5_utilitypv_class1_moderate_2
MaxCapTag_SolarGrowth,p6_utilitypv_class1_moderate_1
MaxCapTag_SolarGrowth,p6_utilitypv_class1_moderate_2
MaxCapTag_SolarGrowth,p7_utilitypv_class1_moderate_1
MaxCapTag_SolarGrowth,p7_utilitypv_class1_moderate_2
MaxCapTag_SolarGrowth,p8_utilitypv_class1_moderate_1
MaxCapTag_SolarGrowth,p8_utilitypv_class1_moderate_2
MaxCapTag_SolarGrowth,p9_utilitypv_class1_moderate_1
MaxCapTag_SolarGrowth,p9_utilitypv_class1_moderate_2
MaxCapTag_SolarGrowth,p10_utilitypv_class1_moderate_1
MaxCapTag_SolarGrowth,p10_utilitypv_class1_moderate_2
MaxCapTag_SolarGrowth,p11_utilitypv_class1_moderate_1
MaxCapTag_SolarGrowth,p11_utilitypv_class1_moderate_2
MaxCapTag_SolarGrowth,p12_utilitypv_class1_moderate_1
MaxCapTag_SolarGrowth,p12_utilitypv_class1_moderate_2
MaxCapTag_SolarGrowth,p13_utilitypv_class1_moderate_1
MaxCapTag_SolarGrowth,p13_utilitypv_class1_moderate_2
MaxCapTag_SolarGrowth,p14_utilitypv_class1_moderate_1
MaxCapTag_SolarGrowth,p14_utilitypv_class1_moderate_2
MaxCapTag_SolarGrowth,p15_utilitypv_class1_moderate_1
MaxCapTag_SolarGrowth,p15_utilitypv_class1_moderate_2
MaxCapTag_SolarGrowth,p16_utilitypv_class1_moderate_1
MaxCapTag_SolarGrowth,p16_utilitypv_class1_moderate_2
MaxCapTag_SolarGrowth,p17_utilitypv_class1_moderate_1
MaxCapTag_SolarGrowth,p17_utilitypv_class1_moderate_2
MaxCapTag_SolarGrowth,p18_utilitypv_class1_moderate_1
MaxCapTag_SolarGrowth,p18_utilitypv_class1_moderate_2
MaxCapTag_SolarGrowth,p19_utilitypv_class1_moderate_1
MaxCapTag_SolarGrowth,p19_utilitypv_class1_moderate_2
MaxCapTag_SolarGrowth,p20_utilitypv_class1_moderate_1
MaxCapTag_SolarGrowth,p20_utilitypv_class1_moderate_2
MaxCapTag_SolarGrowth,p21_utilitypv_class1_moderate_1
MaxCapTag_SolarGrowth,p21_utilitypv_class1_moderate_2
MaxCapTag_SolarGrowth,p22_utilitypv_class1_moderate_1
MaxCapTag_SolarGrowth,p22_utilitypv_class1_moderate_2
MaxCapTag_SolarGrowth,p23_utilitypv_class1_moderate_1
MaxCapTag_SolarGrowth,p23_utilitypv_class1_moderate_2
MaxCapTag_SolarGrowth,p24_utilitypv_class1_moderate_1
MaxCapTag_SolarGrowth,p24_utilitypv_class1_moderate_2
MaxCapTag_SolarGrowth,p25_utilitypv_class1_moderate_1
MaxCapTag_SolarGrowth,p25_utilitypv_class1_moderate_2
MaxCapTag_SolarGrowth,p26_utilitypv_class1_moderate_1
MaxCapTag_SolarGrowth,p26_utilitypv_class1_moderate_2
MaxCapTag_SolarGrowth,p27_utilitypv_class1_moderate_1
MaxCapTag_SolarGrowth,p27_utilitypv_class1_moderate_2
MaxCapTag_SolarGrowth,p28_utilitypv_class1_moderate_1
MaxCapTag_SolarGrowth,p28_utilitypv_class1_moderate_2
MaxCapTag_SolarGrowth,p29_utilitypv_class1_moderate_1
MaxCapTag_SolarGrowth,p29_utilitypv_class1_moderate_2
MaxCapTag_SolarGrowth,p30_utilitypv_class1_moderate_1
MaxCapTag_SolarGrowth,p30_utilitypv_class1_moderate_2
MaxCapTag_SolarGrowth,p31_utilitypv_class1_moderate_1
MaxCapTag_SolarGrowth,p31_utilitypv_class1_moderate_2
MaxCapTag_SolarGrowth,p32_utilitypv_class1_moderate_1
MaxCapTag_SolarGrowth,p32_utilitypv_class1_moderate_2
MaxCapTag_SolarGrowth,p33_utilitypv_class1_moderate_1
MaxCapTag_SolarGrowth,p33_utilitypv_class1_moderate_2
MaxCapTag_SolarGrowth,p34_utilitypv_class1_moderate_1
MaxCapTag_SolarGrowth,p34_utilitypv_class1_moderate_2
MaxCapTag_SolarGrowth,p35_utilitypv_class1_moderate_1
MaxCapTag_SolarGrowth,p35_utilitypv_class1_moderate_2
MaxCapTag_SolarGrowth,p36_utilitypv_class1_moderate_1
MaxCapTag_SolarGrowth,p36_utilitypv_class1_moderate_2
MaxCapTag_SolarGrowth,p37_utilitypv_class1_moderate_1
MaxCapTag_SolarGrowth,p37_utilitypv_class1_moderate_2
MaxCapTag_SolarGrowth,p38_utilitypv_class1_moderate_1
MaxCapTag_SolarGrowth,p38_utilitypv_class1_moderate_2
MaxCapTag_SolarGrowth,p39_utilitypv_class1_moderate_1
MaxCapTag_SolarGrowth,p39_utilitypv_class1_moderate_2
MaxCapTag_SolarGrowth,p40_utilitypv_class1_moderate_1
MaxCapTag_SolarGrowth,p40_utilitypv_class1_moderate_2
MaxCapTag_SolarGrowth,p41_utilitypv_class1_moderate_1
MaxCapTag_SolarGrowth,p41_utilitypv_class1_moderate_2
MaxCapTag_SolarGrowth,p42_utilitypv_class1_moderate_1
MaxCapTag_SolarGrowth,p42_utilitypv_class1_moderate_2
MaxCapTag_SolarGrowth,p43_utilitypv_class1_moderate_1
MaxCapTag_SolarGrowth,p43_utilitypv_class1_moderate_2
MaxCapTag_SolarGrowth,p44_utilitypv_class1_moderate_1
MaxCapTag_SolarGrowth,p44_utilitypv_class1_moderate_2
MaxCapTag_SolarGrowth,p45_utilitypv_class1_moderate_1
MaxCapTag_SolarGrowth,p45_utilitypv_class1_moderate_2
MaxCapTag_SolarGrowth,p46_utilitypv_class1_moderate_1
MaxCapTag_SolarGrowth,p46_utilitypv_class1_moderate_2
MaxCapTag_SolarGrowth,p47_utilitypv_class1_moderate_1
MaxCapTag_SolarGrowth,p47_utilitypv_class1_moderate_2
MaxCapTag_SolarGrowth,p48_utilitypv_class1_moderate_1
MaxCapTag_SolarGrowth,p48_utilitypv_class1_moderate_2
MaxCapTag_SolarGrowth,p49_utilitypv_class1_moderate_1
MaxCapTag_SolarGrowth,p49_utilitypv_class1_moderate_2
MaxCapTag_SolarGrowth,p50_utilitypv_class1_moderate_1
MaxCapTag_SolarGrowth,p50_utilitypv_class1_moderate_2
MaxCapTag_SolarGrowth,p51_utilitypv_class1_moderate_1
MaxCapTag_SolarGrowth,p51_utilitypv_class1_moderate_2
MaxCapTag_SolarGrowth,p52_utilitypv_class1_moderate_1
MaxCapTag_SolarGrowth,p52_utilitypv_class1_moderate_2
MaxCapTag_SolarGrowth,p53_utilitypv_class1_moderate_1
MaxCapTag_SolarGrowth,p53_utilitypv_class1_moderate_2
MaxCapTag_SolarGrowth,p54_utilitypv_class1_moderate_1
MaxCapTag_SolarGrowth,p54_utilitypv_class1_moderate_2
MaxCapTag_SolarGrowth,p55_utilitypv_class1_moderate_1
MaxCapTag_SolarGrowth,p55_utilitypv_class1_moderate_2
MaxCapTag_SolarGrowth,p56_utilitypv_class1_moderate_1
MaxCapTag_SolarGrowth,p56_utilitypv_class1_moderate_2
MaxCapTag_SolarGrowth,p57_utilitypv_class1_moderate_1
MaxCapTag_SolarGrowth,p57_utilitypv_class1_moderate_2
MaxCapTag_SolarGrowth,p58_utilitypv_class1_moderate_1
MaxCapTag_SolarGrowth,p58_utilitypv_class1_moderate_2
MaxCapTag_SolarGrowth,p59_utilitypv_class1_moderate_1
MaxCapTag_SolarGrowth,p59_utilitypv_class1_moderate_2
MaxCapTag_SolarGrowth,p60_utilitypv_class1_moderate_1
MaxCapTag_SolarGrowth,p60_utilitypv_class1_moderate_2
MaxCapTag_SolarGrowth,p61_utilitypv_class1_moderate_1
MaxCapTag_SolarGrowth,p61_utilitypv_class1_moderate_2
MaxCapTag_SolarGrowth,p62_utilitypv_class1_moderate_1
MaxCapTag_SolarGrowth,p62_utilitypv_class1_moderate_2
MaxCapTag_SolarGrowth,p63_utilitypv_class1_moderate_1
MaxCapTag_SolarGrowth,p63_utilitypv_class1_moderate_2
MaxCapTag_SolarGrowth,p64_utilitypv_class1_moderate_1
MaxCapTag_SolarGrowth,p64_utilitypv_class1_moderate_2
MaxCapTag_SolarGrowth,p65_utilitypv_class1_moderate_1
MaxCapTag_SolarGrowth,p65_utilitypv_class1_moderate_2
MaxCapTag_SolarGrowth,p66_utilitypv_class1_moderate_1
MaxCapTag_SolarGrowth,p66_utilitypv_class1_moderate_2
MaxCapTag_SolarGrowth,p67_utilitypv_class1_moderate_1
MaxCapTag_SolarGrowth,p67_utilitypv_class1_moderate_2
MaxCapTag_SolarGrowth,p68_utilitypv_class1_moderate_1
MaxCapTag_SolarGrowth,p68_utilitypv_class1_moderate_2
MaxCapTag_SolarGrowth,p69_utilitypv_class1_moderate_1
MaxCapTag_SolarGrowth,p69_utilitypv_class1_moderate_2
MaxCapTag_SolarGrowth,p70_utilitypv_class1_moderate_1
MaxCapTag_SolarGrowth,p70_utilitypv_class1_moderate_2
MaxCapTag_SolarGrowth,p71_utilitypv_class1_moderate_1
MaxCapTag_SolarGrowth,p71_utilitypv_class1_moderate_2
MaxCapTag_SolarGrowth,p72_utilitypv_class1_moderate_1
MaxCapTag_SolarGrowth,p72_utilitypv_class1_moderate_2
MaxCapTag_SolarGrowth,p73_utilitypv_class1_moderate_1
MaxCapTag_SolarGrowth,p73_utilitypv_class1_moderate_2
MaxCapTag_SolarGrowth,p74_utilitypv_class1_moderate_1
MaxCapTag_SolarGrowth,p74_utilitypv_class1_moderate_2
MaxCapTag_SolarGrowth,p75_utilitypv_class1_moderate_1
MaxCapTag_SolarGrowth,p75_utilitypv_class1_moderate_2
MaxCapTag_SolarGrowth,p76_utilitypv_class1_moderate_1
MaxCapTag_SolarGrowth,p76_utilitypv_class1_moderate_2
MaxCapTag_SolarGrowth,p77_utilitypv_class1_moderate_1
MaxCapTag_SolarGrowth,p77_utilitypv_class1_moderate_2
MaxCapTag_SolarGrowth,p78_utilitypv_class1_moderate_1
MaxCapTag_SolarGrowth,p78_utilitypv_class1_moderate_2
MaxCapTag_SolarGrowth,p79_utilitypv_class1_moderate_1
MaxCapTag_SolarGrowth,p79_utilitypv_class1_moderate_2
MaxCapTag_SolarGrowth,p80_utilitypv_class1_moderate_1
MaxCapTag_SolarGrowth,p80_utilitypv_class1_moderate_2
MaxCapTag_SolarGrowth,p81_utilitypv_class1_moderate_1
MaxCapTag_SolarGrowth,p81_utilitypv_class1_moderate_2
MaxCapTag_SolarGrowth,p82_utilitypv_class1_moderate_1
MaxCapTag_SolarGrowth,p82_utilitypv_class1_moderate_2
MaxCapTag_SolarGrowth,p83_utilitypv_class1_moderate_1
MaxCapTag_SolarGrowth,p83_utilitypv_class1_moderate_2
MaxCapTag_SolarGrowth,p84_utilitypv_class1_moderate_1
MaxCapTag_SolarGrowth,p84_utilitypv_class1_moderate_2
MaxCapTag_SolarGrowth,p85_utilitypv_class1_moderate_1
MaxCapTag_SolarGrowth,p85_utilitypv_class1_moderate_2
MaxCapTag_SolarGrowth,p86_utilitypv_class1_moderate_1
MaxCapTag_SolarGrowth,p86_utilitypv_class1_moderate_2
MaxCapTag_SolarGrowth,p87_utilitypv_class1_moderate_1
MaxCapTag_SolarGrowth,p87_utilitypv_class1_moderate_2
MaxCapTag_SolarGrowth,p88_utilitypv_class1_moderate_1
MaxCapTag_SolarGrowth,p88_utilitypv_class1_moderate_2
MaxCapTag_SolarGrowth,p89_utilitypv_class1_moderate_1
MaxCapTag_SolarGrowth,p89_utilitypv_class1_moderate_2
MaxCapTag_SolarGrowth,p90_utilitypv_class1_moderate_1
MaxCapTag_SolarGrowth,p90_utilitypv_class1_moderate_2
MaxCapTag_SolarGrowth,p91_utilitypv_class1_moderate_1
MaxCapTag_SolarGrowth,p91_utilitypv_class1_moderate_2
MaxCapTag_SolarGrowth,p92_utilitypv_class1_moderate_1
MaxCapTag_SolarGrowth,p92_utilitypv_class1_moderate_2
MaxCapTag_SolarGrowth,p93_utilitypv_class1_moderate_1
MaxCapTag_SolarGrowth,p93_utilitypv_class1_moderate_2
MaxCapTag_SolarGrowth,p94_utilitypv_class1_moderate_1
MaxCapTag_SolarGrowth,p94_utilitypv_class1_moderate_2
MaxCapTag_SolarGrowth,p95_utilitypv_class1_moderate_1
MaxCapTag_SolarGrowth,p95_utilitypv_class1_moderate_2
MaxCapTag_SolarGrowth,p96_utilitypv_class1_moderate_1
MaxCapTag_SolarGrowth,p96_utilitypv_class1_moderate_2
MaxCapTag_SolarGrowth,p97_utilitypv_class1_moderate_1
MaxCapTag_SolarGrowth,p97_utilitypv_class1_moderate_2
MaxCapTag_SolarGrowth,p98_utilitypv_class1_moderate_1
MaxCapTag_SolarGrowth,p98_utilitypv_class1_moderate_2
MaxCapTag_SolarGrowth,p99_utilitypv_class1_moderate_1
MaxCapTag_SolarGrowth,p99_utilitypv_class1_moderate_2
MaxCapTag_SolarGrowth,p100_utilitypv_class1_moderate_1
MaxCapTag_SolarGrowth,p100_utilitypv_class1_moderate_2
MaxCapTag_SolarGrowth,p101_utilitypv_class1_moderate_1
MaxCapTag_SolarGrowth,p101_utilitypv_class1_moderate_2
MaxCapTag_SolarGrowth,p102_utilitypv_class1_moderate_1
MaxCapTag_SolarGrowth,p102_utilitypv_class1_moderate_2
MaxCapTag_SolarGrowth,p103_utilitypv_class1_moderate_1
MaxCapTag_SolarGrowth,p103_utilitypv_class1_moderate_2
MaxCapTag_SolarGrowth,p104_utilitypv_class1_moderate_1
MaxCapTag_SolarGrowth,p104_utilitypv_class1_moderate_2
MaxCapTag_SolarGrowth,p105_utilitypv_class1_moderate_1
MaxCapTag_SolarGrowth,p105_utilitypv_class1_moderate_2
MaxCapTag_SolarGrowth,p106_utilitypv_class1_moderate_1
MaxCapTag_SolarGrowth,p106_utilitypv_class1_moderate_2
MaxCapTag_SolarGrowth,p107_utilitypv_class1_moderate_1
MaxCapTag_SolarGrowth,p107_utilitypv_class1_moderate_2
MaxCapTag_SolarGrowth,p108_utilitypv_class1_moderate_1
MaxCapTag_SolarGrowth,p108_utilitypv_class1_moderate_2
MaxCapTag_SolarGrowth,p109_utilitypv_class1_moderate_1
MaxCapTag_SolarGrowth,p109_utilitypv_class1_moderate_2
MaxCapTag_SolarGrowth,p110_utilitypv_class1_moderate_1
MaxCapTag_SolarGrowth,p110_utilitypv_class1_moderate_2
MaxCapTag_SolarGrowth,p111_utilitypv_class1_moderate_1
MaxCapTag_SolarGrowth,p111_utilitypv_class1_moderate_2
MaxCapTag_SolarGrowth,p112_utilitypv_class1_moderate_1
MaxCapTag_SolarGrowth,p112_utilitypv_class1_moderate_2
MaxCapTag_SolarGrowth,p113_utilitypv_class1_moderate_1
MaxCapTag_SolarGrowth,p113_utilitypv_class1_moderate_2
MaxCapTag_SolarGrowth,p114_utilitypv_class1_moderate_1
MaxCapTag_SolarGrowth,p114_utilitypv_class1_moderate_2
MaxCapTag_SolarGrowth,p115_utilitypv_class1_moderate_1
MaxCapTag_SolarGrowth,p115_utilitypv_class1_moderate_2
MaxCapTag_SolarGrowth,p116_utilitypv_class1_moderate_1
MaxCapTag_SolarGrowth,p116_utilitypv_class1_moderate_2
MaxCapTag_SolarGrowth,p117_utilitypv_class1_moderate_1
MaxCapTag_SolarGrowth,p117_utilitypv_class1_moderate_2
MaxCapTag_SolarGrowth,p118_utilitypv_class1_moderate_1
MaxCapTag_SolarGrowth,p118_utilitypv_class1_moderate_2
MaxCapTag_SolarGrowth,p119_utilitypv_class1_moderate_1
MaxCapTag_SolarGrowth,p119_utilitypv_class1_moderate_2
MaxCapTag_SolarGrowth,p120_utilitypv_class1_moderate_1
MaxCapTag_SolarGrowth,p120_utilitypv_class1_moderate_2
MaxCapTag_SolarGrowth,p121_utilitypv_class1_moderate_1
MaxCapTag_SolarGrowth,p121_utilitypv_class1_moderate_2
MaxCapTag_SolarGrowth,p122_utilitypv_class1_moderate_1
MaxCapTag_SolarGrowth,p122_utilitypv_class1_moderate_2
MaxCapTag_SolarGrowth,p123_utilitypv_class1_moderate_1
MaxCapTag_SolarGrowth,p123_utilitypv_class1_moderate_2
MaxCapTag_SolarGrowth,p124_utilitypv_class1_moderate_1
MaxCapTag_SolarGrowth,p124_utilitypv_class1_moderate_2
MaxCapTag_SolarGrowth,p125_utilitypv_class1_moderate_1
MaxCapTag_SolarGrowth,p125_utilitypv_class1_moderate_2
MaxCapTag_SolarGrowth,p126_utilitypv_class1_moderate_1
MaxCapTag_SolarGrowth,p126_utilitypv_class1_moderate_2
MaxCapTag_SolarGrowth,p127_utilitypv_class1_moderate_1
MaxCapTag_SolarGrowth,p127_utilitypv_class1_moderate_2
MaxCapTag_SolarGrowth,p128_utilitypv_class1_moderate_1
MaxCapTag_SolarGrowth,p129_utilitypv_class1_moderate_1
MaxCapTag_SolarGrowth,p129_utilitypv_class1_moderate_2
MaxCapTag_SolarGrowth,p130_utilitypv_class1_moderate_1
MaxCapTag_SolarGrowth,p130_utilitypv_class1_moderate_2
MaxCapTag_SolarGrowth,p131_utilitypv_class1_moderate_1
MaxCapTag_SolarGrowth,p131_utilitypv_class1_moderate_2
MaxCapTag_SolarGrowth,p132_utilitypv_class1_moderate_1
MaxCapTag_SolarGrowth,p132_utilitypv_class1_moderate_2
MaxCapTag_SolarGrowth,p133_utilitypv_class1_moderate_1
MaxCapTag_SolarGrowth,p133_utilitypv_class1_moderate_2
MaxCapTag_SolarGrowth,p134_utilitypv_class1_moderate_1
MaxCapTag_SolarGrowth,p134_utilitypv_class1_moderate_2
MaxCapTag_WindGrowth_MISO,p103_onshore_wind_turbine_1
MaxCapTag_WindGrowth_MISO,p105_onshore_wind_turbine_1
MaxCapTag_WindGrowth_MISO,p37_onshore_wind_turbine_1
MaxCapTag_WindGrowth_MISO,p42_onshore_wind_turbine_1
MaxCapTag_WindGrowth_MISO,p43_onshore_wind_turbine_1
MaxCapTag_WindGrowth_MISO,p44_onshore_wind_turbine_1
MaxCapTag_WindGrowth_MISO,p45_onshore_wind_turbine_1
MaxCapTag_WindGrowth_MISO,p68_onshore_wind_turbine_1
MaxCapTag_WindGrowth_MISO,p69_onshore_wind_turbine_1
MaxCapTag_WindGrowth_MISO,p70_onshore_wind_turbine_1
MaxCapTag_WindGrowth_MISO,p71_onshore_wind_turbine_1
MaxCapTag_WindGrowth_MISO,p74_onshore_wind_turbine_1
MaxCapTag_WindGrowth_MISO,p75_onshore_wind_turbine_1
MaxCapTag_WindGrowth_MISO,p76_onshore_wind_turbine_1
MaxCapTag_WindGrowth_MISO,p77_onshore_wind_turbine_1
MaxCapTag_WindGrowth_MISO,p78_onshore_wind_turbine_1
MaxCapTag_WindGrowth_MISO,p79_onshore_wind_turbine_1
MaxCapTag_WindGrowth_MISO,p81_onshore_wind_turbine_1
MaxCapTag_WindGrowth_MISO,p82_onshore_wind_turbine_1
MaxCapTag_WindGrowth_MISO,p83_onshore_wind_turbine_1
MaxCapTag_WindGrowth_MISO,p85_onshore_wind_turbine_1
MaxCapTag_WindGrowth_MISO,p87_onshore_wind_turbine_1
MaxCapTag_WindGrowth_MISO,p37_landbasedwind_class3_moderate_1
MaxCapTag_WindGrowth_MISO,p37_landbasedwind_class3_moderate_2
MaxCapTag_WindGrowth_MISO,p42_landbasedwind_class3_moderate_1
MaxCapTag_WindGrowth_MISO,p42_landbasedwind_class3_moderate_2
MaxCapTag_WindGrowth_MISO,p43_landbasedwind_class3_moderate_1
MaxCapTag_WindGrowth_MISO,p43_landbasedwind_class3_moderate_2
MaxCapTag_WindGrowth_MISO,p44_landbasedwind_class3_moderate_1
MaxCapTag_WindGrowth_MISO,p44_landbasedwind_class3_moderate_2
MaxCapTag_WindGrowth_MISO,p45_landbasedwind_class3_moderate_1
MaxCapTag_WindGrowth_MISO,p45_landbasedwind_class3_moderate_2
MaxCapTag_WindGrowth_MISO,p46_landbasedwind_class3_moderate_1
MaxCapTag_WindGrowth_MISO,p46_landbasedwind_class3_moderate_2
MaxCapTag_WindGrowth_MISO,p58_landbasedwind_class3_moderate_1
MaxCapTag_WindGrowth_MISO,p58_landbasedwind_class3_moderate_2
MaxCapTag_WindGrowth_MISO,p66_landbasedwind_class3_moderate_1
MaxCapTag_WindGrowth_MISO,p66_landbasedwind_class3_moderate_2
MaxCapTag_WindGrowth_MISO,p68_landbasedwind_class3_moderate_1
MaxCapTag_WindGrowth_MISO,p68_landbasedwind_class3_moderate_2
MaxCapTag_WindGrowth_MISO,p69_landbasedwind_class3_moderate_1
MaxCapTag_WindGrowth_MISO,p69_landbasedwind_class3_moderate_2
MaxCapTag_WindGrowth_MISO,p70_landbasedwind_class3_moderate_1
MaxCapTag_WindGrowth_MISO,p70_landbasedwind_class3_moderate_2
MaxCapTag_WindGrowth_MISO,p71_landbasedwind_class3_moderate_1
MaxCapTag_WindGrowth_MISO,p71_landbasedwind_class3_moderate_2
MaxCapTag_WindGrowth_MISO,p72_landbasedwind_class3_moderate_1
MaxCapTag_WindGrowth_MISO,p72_landbasedwind_class3_moderate_2
MaxCapTag_WindGrowth_MISO,p73_landbasedwind_class3_moderate_1
MaxCapTag_WindGrowth_MISO,p73_landbasedwind_class3_moderate_2
MaxCapTag_WindGrowth_MISO,p74_landbasedwind_class3_moderate_1
MaxCapTag_WindGrowth_MISO,p74_landbasedwind_class3_moderate_2
MaxCapTag_WindGrowth_MISO,p75_landbasedwind_class3_moderate_1
MaxCapTag_WindGrowth_MISO,p75_landbasedwind_class3_moderate_2
MaxCapTag_WindGrowth_MISO,p76_landbasedwind_class3_moderate_1
MaxCapTag_WindGrowth_MISO,p76_landbasedwind_class3_moderate_2
MaxCapTag_WindGrowth_MISO,p77_landbasedwind_class3_moderate_1
MaxCapTag_WindGrowth_MISO,p77_landbasedwind_class3_moderate_2
MaxCapTag_WindGrowth_MISO,p78_landbasedwind_class3_moderate_1
MaxCapTag_WindGrowth_MISO,p78_landbasedwind_class3_moderate_2
MaxCapTag_WindGrowth_MISO,p79_landbasedwind_class3_moderate_1
MaxCapTag_WindGrowth_MISO,p79_landbasedwind_class3_moderate_2
MaxCapTag_WindGrowth_MISO,p81_landbasedwind_class3_moderate_1
MaxCapTag_WindGrowth_MISO,p81_landbasedwind_class3_moderate_2
MaxCapTag_WindGrowth_MISO,p82_landbasedwind_class3_moderate_1
MaxCapTag_WindGrowth_MISO,p82_landbasedwind_class3_moderate_2
MaxCapTag_WindGrowth_MISO,p83_landbasedwind_class3_moderate_1
MaxCapTag_WindGrowth_MISO,p83_landbasedwind_class3_moderate_2
MaxCapTag_WindGrowth_MISO,p84_landbasedwind_class3_moderate_1
MaxCapTag_WindGrowth_MISO,p84_landbasedwind_class3_moderate_2
MaxCapTag_WindGrowth_MISO,p85_landbasedwind_class3_moderate_1
MaxCapTag_WindGrowth_MISO,p85_landbasedwind_class3_moderate_2
MaxCapTag_WindGrowth_MISO,p86_landbasedwind_class3_moderate_1
MaxCapTag_WindGrowth_MISO,p86_landbasedwind_class3_moderate_2
MaxCapTag_WindGrowth_MISO,p87_landbasedwind_class3_moderate_1
MaxCapTag_WindGrowth_MISO,p87_landbasedwind_class3_moderate_2
MaxCapTag_WindGrowth_MISO,p103_landbasedwind_class3_moderate_1
MaxCapTag_WindGrowth_MISO,p103_landbasedwind_class3_moderate_2
MaxCapTag_WindGrowth_MISO,p105_landbasedwind_class3_moderate_1
MaxCapTag_WindGrowth_MISO,p105_landbasedwind_class3_moderate_2
MaxCapTag_WindGrowth_MISO,p106_landbasedwind_class3_moderate_1
MaxCapTag_WindGrowth_MISO,p106_landbasedwind_class3_moderate_2
MaxCapTag_WindGrowth_MISO,p107_landbasedwind_class3_moderate_1
MaxCapTag_WindGrowth_MISO,p107_landbasedwind_class3_moderate_2
MaxCapTag_WindGrowth_MISO,p108_landbasedwind_class3_moderate_1
MaxCapTag_WindGrowth_MISO,p108_landbasedwind_class3_moderate_2
MaxCapTag_WindGrowth_WestConnect,p24_onshore_wind_turbine_1
MaxCapTag_WindGrowth_WestConnect,p27_onshore_wind_turbine_1
MaxCapTag_WindGrowth_WestConnect,p28_onshore_wind_turbine_1
MaxCapTag_WindGrowth_WestConnect,p31_onshore_wind_turbine_1
MaxCapTag_WindGrowth_WestConnect,p32_onshore_wind_turbine_1
MaxCapTag_WindGrowth_WestConnect,p33_onshore_wind_turbine_1
MaxCapTag_WindGrowth_WestConnect,p34_onshore_wind_turbine_1
MaxCapTag_WindGrowth_WestConnect,p23_landbasedwind_class3_moderate_1
MaxCapTag_WindGrowth_WestConnect,p23_landbasedwind_class3_moderate_2
MaxCapTag_WindGrowth_WestConnect,p24_landbasedwind_class3_moderate_1
MaxCapTag_WindGrowth_WestConnect,p24_landbasedwind_class3_moderate_2
MaxCapTag_WindGrowth_WestConnect,p27_landbasedwind_class3_moderate_1
MaxCapTag_WindGrowth_WestConnect,p27_landbasedwind_class3_moderate_2
MaxCapTag_WindGrowth_WestConnect,p28_landbasedwind_class3_moderate_1
MaxCapTag_WindGrowth_WestConnect,p28_landbasedwind_class3_moderate_2
MaxCapTag_WindGrowth_WestConnect,p29_landbasedwind_class3_moderate_1
MaxCapTag_WindGrowth_WestConnect,p29_landbasedwind_class3_moderate_2
MaxCapTag_WindGrowth_WestConnect,p30_landbasedwind_class3_moderate_1
MaxCapTag_WindGrowth_WestConnect,p30_landbasedwind_class3_moderate_2
MaxCapTag_WindGrowth_WestConnect,p31_landbasedwind_class3_moderate_1
MaxCapTag_WindGrowth_WestConnect,p31_landbasedwind_class3_moderate_2
MaxCapTag_WindGrowth_WestConnect,p32_landbasedwind_class3_moderate_1
MaxCapTag_WindGrowth_WestConnect,p32_landbasedwind_class3_moderate_2
MaxCapTag_WindGrowth_WestConnect,p33_landbasedwind_class3_moderate_1
MaxCapTag_WindGrowth_WestConnect,p33_landbasedwind_class3_moderate_2
MaxCapTag_WindGrowth_WestConnect,p34_landbasedwind_class3_moderate_1
MaxCapTag_WindGrowth_WestConnect,p34_landbasedwind_class3_moderate_2
MaxCapTag_WindGrowth_WestConnect,p59_landbasedwind_class3_moderate_1
MaxCapTag_WindGrowth_WestConnect,p59_landbasedwind_class3_moderate_2
MaxCapTag_WindGrowth_PJM,p111_onshore_wind_turbine_1
MaxCapTag_WindGrowth_PJM,p112_onshore_wind_turbine_1
MaxCapTag_WindGrowth_PJM,p115_onshore_wind_turbine_1
MaxCapTag_WindGrowth_PJM,p116_onshore_wind_turbine_1
MaxCapTag_WindGrowth_PJM,p119_onshore_wind_turbine_1
MaxCapTag_WindGrowth_PJM,p121_onshore_wind_turbine_1
MaxCapTag_WindGrowth_PJM,p122_onshore_wind_turbine_1
MaxCapTag_WindGrowth_PJM,p125_onshore_wind_turbine_1
MaxCapTag_WindGrowth_PJM,p126_onshore_wind_turbine_1
MaxCapTag_WindGrowth_PJM,p80_onshore_wind_turbine_1
MaxCapTag_WindGrowth_PJM,p80_landbasedwind_class3_moderate_1
MaxCapTag_WindGrowth_PJM,p80_landbasedwind_class3_moderate_2
MaxCapTag_WindGrowth_PJM,p99_landbasedwind_class3_moderate_1
MaxCapTag_WindGrowth_PJM,p99_landbasedwind_class3_moderate_2
MaxCapTag_WindGrowth_PJM,p100_landbasedwind_class3_moderate_1
MaxCapTag_WindGrowth_PJM,p100_landbasedwind_class3_moderate_2
MaxCapTag_WindGrowth_PJM,p104_landbasedwind_class3_moderate_1
MaxCapTag_WindGrowth_PJM,p104_landbasedwind_class3_moderate_2
MaxCapTag_WindGrowth_PJM,p109_landbasedwind_class3_moderate_1
MaxCapTag_WindGrowth_PJM,p109_landbasedwind_class3_moderate_2
MaxCapTag_WindGrowth_PJM,p110_landbasedwind_class3_moderate_1
MaxCapTag_WindGrowth_PJM,p110_landbasedwind_class3_moderate_2
MaxCapTag_WindGrowth_PJM,p111_landbasedwind_class3_moderate_1
MaxCapTag_WindGrowth_PJM,p111_landbasedwind_class3_moderate_2
MaxCapTag_WindGrowth_PJM,p112_landbasedwind_class3_moderate_1
MaxCapTag_WindGrowth_PJM,p112_landbasedwind_class3_moderate_2
MaxCapTag_WindGrowth_PJM,p113_landbasedwind_class3_moderate_1
MaxCapTag_WindGrowth_PJM,p113_landbasedwind_class3_moderate_2
MaxCapTag_WindGrowth_PJM,p114_landbasedwind_class3_moderate_1
MaxCapTag_WindGrowth_PJM,p114_landbasedwind_class3_moderate_2
MaxCapTag_WindGrowth_PJM,p115_landbasedwind_class3_moderate_1
MaxCapTag_WindGrowth_PJM,p115_landbasedwind_class3_moderate_2
MaxCapTag_WindGrowth_PJM,p116_landbasedwind_class3_moderate_1
MaxCapTag_WindGrowth_PJM,p116_landbasedwind_class3_moderate_2
MaxCapTag_WindGrowth_PJM,p117_landbasedwind_class3_moderate_1
MaxCapTag_WindGrowth_PJM,p117_landbasedwind_class3_moderate_2
MaxCapTag_WindGrowth_PJM,p118_landbasedwind_class3_moderate_1
MaxCapTag_WindGrowth_PJM,p118_landbasedwind_class3_moderate_2
MaxCapTag_WindGrowth_PJM,p119_landbasedwind_class3_moderate_1
MaxCapTag_WindGrowth_PJM,p119_landbasedwind_class3_moderate_2
MaxCapTag_WindGrowth_PJM,p120_landbasedwind_class3_moderate_1
MaxCapTag_WindGrowth_PJM,p120_landbasedwind_class3_moderate_2
MaxCapTag_WindGrowth_PJM,p121_landbasedwind_class3_moderate_1
MaxCapTag_WindGrowth_PJM,p121_landbasedwind_class3_moderate_2
MaxCapTag_WindGrowth_PJM,p122_landbasedwind_class3_moderate_1
MaxCapTag_WindGrowth_PJM,p122_landbasedwind_class3_moderate_2
MaxCapTag_WindGrowth_PJM,p123_landbasedwind_class3_moderate_1
MaxCapTag_WindGrowth_PJM,p124_landbasedwind_class3_moderate_1
MaxCapTag_WindGrowth_PJM,p124_landbasedwind_class3_moderate_2
MaxCapTag_WindGrowth_PJM,p125_landbasedwind_class3_moderate_1
MaxCapTag_WindGrowth_PJM,p125_landbasedwind_class3_moderate_2
MaxCapTag_WindGrowth_PJM,p126_landbasedwind_class3_moderate_1
MaxCapTag_WindGrowth_PJM,p126_landbasedwind_class3_moderate_2
MaxCapTag_Ban,p1_offshorewind_class3_moderate_fixed_1_1
MaxCapTag_Ban,p1_offshorewind_class3_moderate_fixed_1_2
MaxCapTag_Ban,p1_offshorewind_class3_moderate_fixed_0_1
MaxCapTag_Ban,p1_offshorewind_class3_moderate_fixed_0_2
MaxCapTag_Ban,p5_offshorewind_class3_moderate_fixed_1_1
MaxCapTag_Ban,p5_offshorewind_class3_moderate_fixed_1_2
MaxCapTag_Ban,p5_offshorewind_class3_moderate_fixed_0_1
MaxCapTag_Ban,p5_offshorewind_class3_moderate_fixed_0_2
MaxCapTag_Ban,p9_offshorewind_class3_moderate_fixed_1_1
MaxCapTag_Ban,p9_offshorewind_class3_moderate_fixed_1_2
MaxCapTag_Ban,p9_offshorewind_class3_moderate_fixed_0_1
MaxCapTag_Ban,p9_offshorewind_class3_moderate_fixed_0_2
MaxCapTag_Ban,p10_offshorewind_class3_moderate_fixed_1_1
MaxCapTag_Ban,p10_offshorewind_class3_moderate_fixed_1_2
MaxCapTag_Ban,p10_offshorewind_class3_moderate_fixed_0_1
MaxCapTag_Ban,p10_offshorewind_class3_moderate_fixed_0_2
MaxCapTag_Ban,p11_offshorewind_class3_moderate_fixed_1_1
MaxCapTag_Ban,p11_offshorewind_class3_moderate_fixed_1_2
MaxCapTag_Ban,p11_offshorewind_class3_moderate_fixed_0_1
MaxCapTag_Ban,p11_offshorewind_class3_moderate_fixed_0_2
MaxCapTag_Ban,p37_offshorewind_class3_moderate_fixed_1_1
MaxCapTag_Ban,p37_offshorewind_class3_moderate_fixed_1_2
MaxCapTag_Ban,p37_offshorewind_class3_moderate_fixed_0_1
MaxCapTag_Ban,p37_offshorewind_class3_moderate_fixed_0_2
MaxCapTag_Ban,p43_offshorewind_class3_moderate_fixed_1_1
MaxCapTag_Ban,p43_offshorewind_class3_moderate_fixed_1_2
MaxCapTag_Ban,p43_offshorewind_class3_moderate_fixed_0_1
MaxCapTag_Ban,p43_offshorewind_class3_moderate_fixed_0_2
MaxCapTag_Ban,p58_offshorewind_class3_moderate_fixed_1_1
MaxCapTag_Ban,p58_offshorewind_class3_moderate_fixed_1_2
MaxCapTag_Ban,p58_offshorewind_class3_moderate_fixed_0_1
MaxCapTag_Ban,p58_offshorewind_class3_moderate_fixed_0_2
MaxCapTag_Ban,p64_offshorewind_class3_moderate_fixed_1_1
MaxCapTag_Ban,p64_offshorewind_class3_moderate_fixed_1_2
MaxCapTag_Ban,p64_offshorewind_class3_moderate_fixed_0_1
MaxCapTag_Ban,p64_offshorewind_class3_moderate_fixed_0_2
MaxCapTag_Ban,p65_offshorewind_class3_moderate_fixed_1_1
MaxCapTag_Ban,p65_offshorewind_class3_moderate_fixed_1_2
MaxCapTag_Ban,p65_offshorewind_class3_moderate_fixed_0_1
MaxCapTag_Ban,p65_offshorewind_class3_moderate_fixed_0_2
MaxCapTag_Ban,p66_offshorewind_class3_moderate_fixed_1_1
MaxCapTag_Ban,p66_offshorewind_class3_moderate_fixed_1_2
MaxCapTag_Ban,p66_offshorewind_class3_moderate_fixed_0_1
MaxCapTag_Ban,p66_offshorewind_class3_moderate_fixed_0_2
MaxCapTag_Ban,p67_offshorewind_class3_moderate_fixed_1_1
MaxCapTag_Ban,p67_offshorewind_class3_moderate_fixed_1_2
MaxCapTag_Ban,p67_offshorewind_class3_moderate_fixed_0_1
MaxCapTag_Ban,p67_offshorewind_class3_moderate_fixed_0_2
MaxCapTag_Ban,p74_offshorewind_class3_moderate_fixed_1_1
MaxCapTag_Ban,p74_offshorewind_class3_moderate_fixed_1_2
MaxCapTag_Ban,p74_offshorewind_class3_moderate_fixed_0_1
MaxCapTag_Ban,p74_offshorewind_class3_moderate_fixed_0_2
MaxCapTag_Ban,p75_offshorewind_class3_moderate_fixed_1_1
MaxCapTag_Ban,p75_offshorewind_class3_moderate_fixed_1_2
MaxCapTag_Ban,p75_offshorewind_class3_moderate_fixed_0_1
MaxCapTag_Ban,p75_offshorewind_class3_moderate_fixed_0_2
MaxCapTag_Ban,p76_offshorewind_class3_moderate_fixed_1_1
MaxCapTag_Ban,p76_offshorewind_class3_moderate_fixed_1_2
MaxCapTag_Ban,p76_offshorewind_class3_moderate_fixed_0_1
MaxCapTag_Ban,p76_offshorewind_class3_moderate_fixed_0_2
MaxCapTag_Ban,p79_offshorewind_class3_moderate_fixed_1_1
MaxCapTag_Ban,p79_offshorewind_class3_moderate_fixed_1_2
MaxCapTag_Ban,p79_offshorewind_class3_moderate_fixed_0_1
MaxCapTag_Ban,p79_offshorewind_class3_moderate_fixed_0_2
MaxCapTag_Ban,p80_offshorewind_class3_moderate_fixed_1_1
MaxCapTag_Ban,p80_offshorewind_class3_moderate_fixed_1_2
MaxCapTag_Ban,p80_offshorewind_class3_moderate_fixed_0_1
MaxCapTag_Ban,p80_offshorewind_class3_moderate_fixed_0_2
MaxCapTag_Ban,p90_offshorewind_class3_moderate_fixed_1_1
MaxCapTag_Ban,p90_offshorewind_class3_moderate_fixed_1_2
MaxCapTag_Ban,p90_offshorewind_class3_moderate_fixed_0_1
MaxCapTag_Ban,p90_offshorewind_class3_moderate_fixed_0_2
MaxCapTag_Ban,p91_offshorewind_class3_moderate_fixed_1_1
MaxCapTag_Ban,p91_offshorewind_class3_moderate_fixed_1_2
MaxCapTag_Ban,p91_offshorewind_class3_moderate_fixed_0_1
MaxCapTag_Ban,p91_offshorewind_class3_moderate_fixed_0_2
MaxCapTag_Ban,p95_offshorewind_class3_moderate_fixed_1_1
MaxCapTag_Ban,p95_offshorewind_class3_moderate_fixed_1_2
MaxCapTag_Ban,p95_offshorewind_class3_moderate_fixed_0_1
MaxCapTag_Ban,p95_offshorewind_class3_moderate_fixed_0_2
MaxCapTag_Ban,p97_offshorewind_class3_moderate_fixed_1_1
MaxCapTag_Ban,p97_offshorewind_class3_moderate_fixed_1_2
MaxCapTag_Ban,p97_offshorewind_class3_moderate_fixed_0_1
MaxCapTag_Ban,p97_offshorewind_class3_moderate_fixed_0_2
MaxCapTag_Ban,p98_offshorewind_class3_moderate_fixed_1_1
MaxCapTag_Ban,p98_offshorewind_class3_moderate_fixed_1_2
MaxCapTag_Ban,p98_offshorewind_class3_moderate_fixed_0_1
MaxCapTag_Ban,p98_offshorewind_class3_moderate_fixed_0_2
MaxCapTag_Ban,p99_offshorewind_class3_moderate_fixed_1_1
MaxCapTag_Ban,p99_offshorewind_class3_moderate_fixed_1_2
MaxCapTag_Ban,p99_offshorewind_class3_moderate_fixed_0_1
MaxCapTag_Ban,p99_offshorewind_class3_moderate_fixed_0_2
MaxCapTag_Ban,p101_offshorewind_class3_moderate_fixed_1_1
MaxCapTag_Ban,p101_offshorewind_class3_moderate_fixed_1_2
MaxCapTag_Ban,p101_offshorewind_class3_moderate_fixed_0_1
MaxCapTag_Ban,p101_offshorewind_class3_moderate_fixed_0_2
MaxCapTag_Ban,p102_offshorewind_class3_moderate_fixed_1_1
MaxCapTag_Ban,p102_offshorewind_class3_moderate_fixed_1_2
MaxCapTag_Ban,p102_offshorewind_class3_moderate_fixed_0_1
MaxCapTag_Ban,p102_offshorewind_class3_moderate_fixed_0_2
MaxCapTag_Ban,p103_offshorewind_class3_moderate_fixed_1_1
MaxCapTag_Ban,p103_offshorewind_class3_moderate_fixed_1_2
MaxCapTag_Ban,p103_offshorewind_class3_moderate_fixed_0_1
MaxCapTag_Ban,p103_offshorewind_class3_moderate_fixed_0_2
MaxCapTag_Ban,p111_offshorewind_class3_moderate_fixed_1_1
MaxCapTag_Ban,p111_offshorewind_class3_moderate_fixed_1_2
MaxCapTag_Ban,p111_offshorewind_class3_moderate_fixed_0_1
MaxCapTag_Ban,p111_offshorewind_class3_moderate_fixed_0_2
MaxCapTag_Ban,p123_offshorewind_class3_moderate_fixed_1_1
MaxCapTag_Ban,p123_offshorewind_class3_moderate_fixed_1_2
MaxCapTag_Ban,p123_offshorewind_class3_moderate_fixed_0_1
MaxCapTag_Ban,p123_offshorewind_class3_moderate_fixed_0_2
MaxCapTag_Ban,p125_offshorewind_class3_moderate_fixed_1_1
MaxCapTag_Ban,p125_offshorewind_class3_moderate_fixed_1_2
MaxCapTag_Ban,p125_offshorewind_class3_moderate_fixed_0_1
MaxCapTag_Ban,p125_offshorewind_class3_moderate_fixed_0_2
MaxCapTag_Ban,p126_offshorewind_class3_moderate_fixed_1_1
MaxCapTag_Ban,p126_offshorewind_class3_moderate_fixed_1_2
MaxCapTag_Ban,p126_offshorewind_class3_moderate_fixed_0_1
MaxCapTag_Ban,p126_offshorewind_class3_moderate_fixed_0_2
MaxCapTag_Ban,p127_offshorewind_class3_moderate_fixed_1_1
MaxCapTag_Ban,p127_offshorewind_class3_moderate_fixed_1_2
MaxCapTag_Ban,p127_offshorewind_class3_moderate_fixed_0_1
MaxCapTag_Ban,p127_offshorewind_class3_moderate_fixed_0_2
MaxCapTag_Ban,p128_offshorewind_class3_moderate_fixed_1_1
MaxCapTag_Ban,p128_offshorewind_class3_moderate_fixed_1_2
MaxCapTag_Ban,p128_offshorewind_class3_moderate_fixed_0_1
MaxCapTag_Ban,p128_offshorewind_class3_moderate_fixed_0_2
MaxCapTag_Ban,p131_offshorewind_class3_moderate_fixed_1_1
MaxCapTag_Ban,p131_offshorewind_class3_moderate_fixed_1_2
MaxCapTag_Ban,p131_offshorewind_class3_moderate_fixed_0_1
MaxCapTag_Ban,p131_offshorewind_class3_moderate_fixed_0_2
MaxCapTag_Ban,p132_offshorewind_class3_moderate_fixed_1_1
MaxCapTag_Ban,p132_offshorewind_class3_moderate_fixed_1_2
MaxCapTag_Ban,p132_offshorewind_class3_moderate_fixed_0_1
MaxCapTag_Ban,p132_offshorewind_class3_moderate_fixed_0_2
MaxCapTag_Ban,p133_offshorewind_class3_moderate_fixed_1_1
MaxCapTag_Ban,p133_offshorewind_class3_moderate_fixed_1_2
MaxCapTag_Ban,p133_offshorewind_class3_moderate_fixed_0_1
MaxCapTag_Ban,p133_offshorewind_class3_moderate_fixed_0_2
MaxCapTag_Ban,p134_offshorewind_class3_moderate_fixed_1_1
MaxCapTag_Ban,p134_offshorewind_class3_moderate_fixed_1_2
MaxCapTag_Ban,p134_offshorewind_class3_moderate_fixed_0_1
MaxCapTag_Ban,p134_offshorewind_class3_moderate_fixed_0_2
MaxCapTag_Ban,p1_offshorewind_class12_moderate_floating_0_1
MaxCapTag_Ban,p1_offshorewind_class12_moderate_floating_0_2
MaxCapTag_Ban,p5_offshorewind_class12_moderate_floating_0_1
MaxCapTag_Ban,p5_offshorewind_class12_moderate_floating_0_2
MaxCapTag_Ban,p9_offshorewind_class12_moderate_floating_0_1
MaxCapTag_Ban,p9_offshorewind_class12_moderate_floating_0_2
MaxCapTag_Ban,p10_offshorewind_class12_moderate_floating_0_1
MaxCapTag_Ban,p10_offshorewind_class12_moderate_floating_0_2
MaxCapTag_Ban,p11_offshorewind_class12_moderate_floating_0_1
MaxCapTag_Ban,p11_offshorewind_class12_moderate_floating_0_2
MaxCapTag_Ban,p37_offshorewind_class12_moderate_floating_0_1
MaxCapTag_Ban,p37_offshorewind_class12_moderate_floating_0_2
MaxCapTag_Ban,p43_offshorewind_class12_moderate_floating_0_1
MaxCapTag_Ban,p43_offshorewind_class12_moderate_floating_0_2
MaxCapTag_Ban,p58_offshorewind_class12_moderate_floating_0_1
MaxCapTag_Ban,p58_offshorewind_class12_moderate_floating_0_2
MaxCapTag_Ban,p64_offshorewind_class12_moderate_floating_0_1
MaxCapTag_Ban,p64_offshorewind_class12_moderate_floating_0_2
MaxCapTag_Ban,p65_offshorewind_class12_moderate_floating_0_1
MaxCapTag_Ban,p65_offshorewind_class12_moderate_floating_0_2
MaxCapTag_Ban,p66_offshorewind_class12_moderate_floating_0_1
MaxCapTag_Ban,p66_offshorewind_class12_moderate_floating_0_2
MaxCapTag_Ban,p67_offshorewind_class12_moderate_floating_0_1
MaxCapTag_Ban,p67_offshorewind_class12_moderate_floating_0_2
MaxCapTag_Ban,p74_offshorewind_class12_moderate_floating_0_1
MaxCapTag_Ban,p74_offshorewind_class12_moderate_floating_0_2
MaxCapTag_Ban,p75_offshorewind_class12_moderate_floating_0_1
MaxCapTag_Ban,p75_offshorewind_class12_moderate_floating_0_2
MaxCapTag_Ban,p76_offshorewind_class12_moderate_floating_0_1
MaxCapTag_Ban,p76_offshorewind_class12_moderate_floating_0_2
MaxCapTag_Ban,p79_offshorewind_class12_moderate_floating_0_1
MaxCapTag_Ban,p79_offshorewind_class12_moderate_floating_0_2
MaxCapTag_Ban,p80_offshorewind_class12_moderate_floating_0_1
MaxCapTag_Ban,p80_offshorewind_class12_moderate_floating_0_2
MaxCapTag_Ban,p90_offshorewind_class12_moderate_floating_0_1
MaxCapTag_Ban,p90_offshorewind_class12_moderate_floating_0_2
MaxCapTag_Ban,p91_offshorewind_class12_moderate_floating_0_1
MaxCapTag_Ban,p91_offshorewind_class12_moderate_floating_0_2
MaxCapTag_Ban,p95_offshorewind_class12_moderate_floating_0_1
MaxCapTag_Ban,p95_offshorewind_class12_moderate_floating_0_2
MaxCapTag_Ban,p97_offshorewind_class12_moderate_floating_0_1
MaxCapTag_Ban,p97_offshorewind_class12_moderate_floating_0_2
MaxCapTag_Ban,p98_offshorewind_class12_moderate_floating_0_1
MaxCapTag_Ban,p98_offshorewind_class12_moderate_floating_0_2
MaxCapTag_Ban,p99_offshorewind_class12_moderate_floating_0_1
MaxCapTag_Ban,p99_offshorewind_class12_moderate_floating_0_2
MaxCapTag_Ban,p101_offshorewind_class12_moderate_floating_0_1
MaxCapTag_Ban,p101_offshorewind_class12_moderate_floating_0_2
MaxCapTag_Ban,p102_offshorewind_class12_moderate_floating_0_1
MaxCapTag_Ban,p102_offshorewind_class12_moderate_floating_0_2
MaxCapTag_Ban,p103_offshorewind_class12_moderate_floating_0_1
MaxCapTag_Ban,p103_offshorewind_class12_moderate_floating_0_2
MaxCapTag_Ban,p111_offshorewind_class12_moderate_floating_0_1
MaxCapTag_Ban,p111_offshorewind_class12_moderate_floating_0_2
MaxCapTag_Ban,p123_offshorewind_class12_moderate_floating_0_1
MaxCapTag_Ban,p123_offshorewind_class12_moderate_floating_0_2
MaxCapTag_Ban,p125_offshorewind_class12_moderate_floating_0_1
MaxCapTag_Ban,p125_offshorewind_class12_moderate_floating_0_2
MaxCapTag_Ban,p126_offshorewind_class12_moderate_floating_0_1
MaxCapTag_Ban,p126_offshorewind_class12_moderate_floating_0_2
MaxCapTag_Ban,p127_offshorewind_class12_moderate_floating_0_1
MaxCapTag_Ban,p127_offshorewind_class12_moderate_floating_0_2
MaxCapTag_Ban,p128_offshorewind_class12_moderate_floating_0_1
MaxCapTag_Ban,p128_offshorewind_class12_moderate_floating_0_2
MaxCapTag_Ban,p131_offshorewind_class12_moderate_floating_0_1
MaxCapTag_Ban,p131_offshorewind_class12_moderate_floating_0_2
MaxCapTag_Ban,p132_offshorewind_class12_moderate_floating_0_1
MaxCapTag_Ban,p132_offshorewind_class12_moderate_floating_0_2
MaxCapTag_Ban,p133_offshorewind_class12_moderate_floating_0_1
MaxCapTag_Ban,p133_offshorewind_class12_moderate_floating_0_2
MaxCapTag_Ban,p134_offshorewind_class12_moderate_floating_0_1
MaxCapTag_Ban,p134_offshorewind_class12_moderate_floating_0_2
MaxCapTag_WindGrowth_NYISO,p127_onshore_wind_turbine_1
MaxCapTag_WindGrowth_NYISO,p127_landbasedwind_class3_moderate_1
MaxCapTag_WindGrowth_NYISO,p127_landbasedwind_class3_moderate_2
MaxCapTag_GasTurbineSupply,p1_natural_gas_fired_combined_cycle_1
MaxCapTag_GasTurbineSupply,p1_natural_gas_fired_combined_cycle_2
MaxCapTag_GasTurbineSupply,p1_natural_gas_fired_combustion_turbine_1
MaxCapTag_GasTurbineSupply,p10_natural_gas_fired_combined_cycle_1
MaxCapTag_GasTurbineSupply,p10_natural_gas_fired_combined_cycle_2
MaxCapTag_GasTurbineSupply,p10_natural_gas_fired_combustion_turbine_1
MaxCapTag_GasTurbineSupply,p100_natural_gas_fired_combined_cycle_1
MaxCapTag_GasTurbineSupply,p100_natural_gas_fired_combustion_turbine_1
MaxCapTag_GasTurbineSupply,p101_natural_gas_fired_combined_cycle_1
MaxCapTag_GasTurbineSupply,p101_natural_gas_fired_combined_cycle_2
MaxCapTag_GasTurbineSupply,p101_natural_gas_fired_combustion_turbine_1
MaxCapTag_GasTurbineSupply,p102_natural_gas_fired_combined_cycle_1
MaxCapTag_GasTurbineSupply,p102_natural_gas_fired_combined_cycle_2
MaxCapTag_GasTurbineSupply,p102_natural_gas_fired_combustion_turbine_1
MaxCapTag_GasTurbineSupply,p103_natural_gas_fired_combined_cycle_1
MaxCapTag_GasTurbineSupply,p103_natural_gas_fired_combined_cycle_2
MaxCapTag_GasTurbineSupply,p103_natural_gas_fired_combustion_turbine_1
MaxCapTag_GasTurbineSupply,p104_natural_gas_fired_combined_cycle_1
MaxCapTag_GasTurbineSupply,p104_natural_gas_fired_combined_cycle_2
MaxCapTag_GasTurbineSupply,p104_natural_gas_fired_combustion_turbine_1
MaxCapTag_GasTurbineSupply,p105_natural_gas_fired_combined_cycle_1
MaxCapTag_GasTurbineSupply,p105_natural_gas_fired_combined_cycle_2
MaxCapTag_GasTurbineSupply,p105_natural_gas_fired_combustion_turbine_1
MaxCapTag_GasTurbineSupply,p106_natural_gas_fired_combined_cycle_1
MaxCapTag_GasTurbineSupply,p106_natural_gas_fired_combustion_turbine_1
MaxCapTag_GasTurbineSupply,p107_natural_gas_fired_combined_cycle_1
MaxCapTag_GasTurbineSupply,p107_natural_gas_fired_combined_cycle_2
MaxCapTag_GasTurbineSupply,p107_natural_gas_fired_combustion_turbine_1
MaxCapTag_GasTurbineSupply,p108_natural_gas_fired_combined_cycle_1
MaxCapTag_GasTurbineSupply,p108_natural_gas_fired_combustion_turbine_1
MaxCapTag_GasTurbineSupply,p109_natural_gas_fired_combined_cycle_1
MaxCapTag_GasTurbineSupply,p109_natural_gas_fired_combined_cycle_2
MaxCapTag_GasTurbineSupply,p109_natural_gas_fired_combustion_turbine_1
MaxCapTag_GasTurbineSupply,p11_natural_gas_fired_combined_cycle_1
MaxCapTag_GasTurbineSupply,p11_natural_gas_fired_combined_cycle_2
MaxCapTag_GasTurbineSupply,p11_natural_gas_fired_combustion_turbine_1
MaxCapTag_GasTurbineSupply,p110_natural_gas_fired_combustion_turbine_1
MaxCapTag_GasTurbineSupply,p111_natural_gas_fired_combined_cycle_1
MaxCapTag_GasTurbineSupply,p111_natural_gas_fired_combined_cycle_2
MaxCapTag_GasTurbineSupply,p111_natural_gas_fired_combustion_turbine_1
MaxCapTag_GasTurbineSupply,p112_natural_gas_fired_combined_cycle_1
MaxCapTag_GasTurbineSupply,p112_natural_gas_fired_combined_cycle_2
MaxCapTag_GasTurbineSupply,p112_natural_gas_fired_combustion_turbine_1
MaxCapTag_GasTurbineSupply,p113_natural_gas_fired_combustion_turbine_1
MaxCapTag_GasTurbineSupply,p114_natural_gas_fired_combined_cycle_1
MaxCapTag_GasTurbineSupply,p114_natural_gas_fired_combined_cycle_2
MaxCapTag_GasTurbineSupply,p114_natural_gas_fired_combustion_turbine_1
MaxCapTag_GasTurbineSupply,p115_natural_gas_fired_combined_cycle_1
MaxCapTag_GasTurbineSupply,p115_natural_gas_fired_combined_cycle_2
MaxCapTag_GasTurbineSupply,p115_natural_gas_fired_combustion_turbine_1
MaxCapTag_GasTurbineSupply,p116_natural_gas_fired_combustion_turbine_1
MaxCapTag_GasTurbineSupply,p117_natural_gas_fired_combustion_turbine_1
MaxCapTag_GasTurbineSupply,p118_natural_gas_fired_combustion_turbine_1
MaxCapTag_GasTurbineSupply,p119_natural_gas_fired_combustion_turbine_1
MaxCapTag_GasTurbineSupply,p12_natural_gas_fired_combined_cycle_1
MaxCapTag_GasTurbineSupply,p12_natural_gas_fired_combustion_turbine_1
MaxCapTag_GasTurbineSupply,p120_natural_gas_fired_combustion_turbine_1
MaxCapTag_GasTurbineSupply,p122_natural_gas_fired_combined_cycle_1
MaxCapTag_GasTurbineSupply,p122_natural_gas_fired_combined_cycle_2
MaxCapTag_GasTurbineSupply,p122_natural_gas_fired_combustion_turbine_1
MaxCapTag_GasTurbineSupply,p123_natural_gas_fired_combined_cycle_1
MaxCapTag_GasTurbineSupply,p123_natural_gas_fired_combined_cycle_2
MaxCapTag_GasTurbineSupply,p123_natural_gas_fired_combustion_turbine_1
MaxCapTag_GasTurbineSupply,p125_natural_gas_fired_combined_cycle_1
MaxCapTag_GasTurbineSupply,p125_natural_gas_fired_combined_cycle_2
MaxCapTag_GasTurbineSupply,p125_natural_gas_fired_combustion_turbine_1
MaxCapTag_GasTurbineSupply,p126_natural_gas_fired_combined_cycle_1
MaxCapTag_GasTurbineSupply,p126_natural_gas_fired_combined_cycle_2
MaxCapTag_GasTurbineSupply,p126_natural_gas_fired_combustion_turbine_1
MaxCapTag_GasTurbineSupply,p127_natural_gas_fired_combined_cycle_1
MaxCapTag_GasTurbineSupply,p127_natural_gas_fired_combined_cycle_2
MaxCapTag_GasTurbineSupply,p127_natural_gas_fired_combustion_turbine_1
MaxCapTag_GasTurbineSupply,p128_natural_gas_fired_combined_cycle_1
MaxCapTag_GasTurbineSupply,p128_natural_gas_fired_combined_cycle_2
MaxCapTag_GasTurbineSupply,p128_natural_gas_fired_combustion_turbine_1
MaxCapTag_GasTurbineSupply,p13_natural_gas_fired_combined_cycle_1
MaxCapTag_GasTurbineSupply,p13_natural_gas_fired_combined_cycle_2
MaxCapTag_GasTurbineSupply,p13_natural_gas_fired_combustion_turbine_1
MaxCapTag_GasTurbineSupply,p130_natural_gas_fired_combined_cycle_1
MaxCapTag_GasTurbineSupply,p130_natural_gas_fired_combined_cycle_2
MaxCapTag_GasTurbineSupply,p130_natural_gas_fired_combustion_turbine_1
MaxCapTag_GasTurbineSupply,p131_natural_gas_fired_combined_cycle_1
MaxCapTag_GasTurbineSupply,p131_natural_gas_fired_combined_cycle_2
MaxCapTag_GasTurbineSupply,p131_natural_gas_fired_combustion_turbine_1
MaxCapTag_GasTurbineSupply,p132_natural_gas_fired_combined_cycle_1
MaxCapTag_GasTurbineSupply,p132_natural_gas_fired_combined_cycle_2
MaxCapTag_GasTurbineSupply,p132_natural_gas_fired_combustion_turbine_1
MaxCapTag_GasTurbineSupply,p133_natural_gas_fired_combined_cycle_1
MaxCapTag_GasTurbineSupply,p133_natural_gas_fired_combined_cycle_2
MaxCapTag_GasTurbineSupply,p133_natural_gas_fired_combustion_turbine_1
MaxCapTag_GasTurbineSupply,p134_natural_gas_fired_combined_cycle_1
MaxCapTag_GasTurbineSupply,p134_natural_gas_fired_combined_cycle_2
MaxCapTag_GasTurbineSupply,p134_natural_gas_fired_combustion_turbine_1
MaxCapTag_GasTurbineSupply,p14_natural_gas_fired_combined_cycle_1
MaxCapTag_GasTurbineSupply,p14_natural_gas_fired_combined_cycle_2
MaxCapTag_GasTurbineSupply,p14_natural_gas_fired_combustion_turbine_1
MaxCapTag_GasTurbineSupply,p15_natural_gas_fired_combined_cycle_1
MaxCapTag_GasTurbineSupply,p15_natural_gas_fired_combined_cycle_2
MaxCapTag_GasTurbineSupply,p15_natural_gas_fired_combustion_turbine_1
MaxCapTag_GasTurbineSupply,p16_natural_gas_fired_combustion_turbine_1
MaxCapTag_GasTurbineSupply,p17_natural_gas_fired_combustion_turbine_1
MaxCapTag_GasTurbineSupply,p2_natural_gas_fired_combined_cycle_1
MaxCapTag_GasTurbineSupply,p2_natural_gas_fired_combined_cycle_2
MaxCapTag_GasTurbineSupply,p21_natural_gas_fired_combustion_turbine_1
MaxCapTag_GasTurbineSupply,p22_natural_gas_fired_combustion_turbine_1
MaxCapTag_GasTurbineSupply,p23_natural_gas_fired_combustion_turbine_1
MaxCapTag_GasTurbineSupply,p24_natural_gas_fired_combined_cycle_1
MaxCapTag_GasTurbineSupply,p24_natural_gas_fired_combustion_turbine_1
MaxCapTag_GasTurbineSupply,p25_natural_gas_fired_combined_cycle_1
MaxCapTag_GasTurbineSupply,p25_natural_gas_fired_combined_cycle_2
MaxCapTag_GasTurbineSupply,p25_natural_gas_fired_combustion_turbine_1
MaxCapTag_GasTurbineSupply,p27_natural_gas_fired_combined_cycle_1
MaxCapTag_GasTurbineSupply,p27_natural_gas_fired_combined_cycle_2
MaxCapTag_GasTurbineSupply,p27_natural_gas_fired_combustion_turbine_1
MaxCapTag_GasTurbineSupply,p28_natural_gas_fired_combined_cycle_1
MaxCapTag_GasTurbineSupply,p28_natural_gas_fired_combined_cycle_2
MaxCapTag_GasTurbineSupply,p28_natural_gas_fired_combustion_turbine_1
MaxCapTag_GasTurbineSupply,p3_natural_gas_fired_combustion_turbine_1
MaxCapTag_GasTurbineSupply,p30_natural_gas_fired_combined_cycle_1
MaxCapTag_GasTurbineSupply,p30_natural_gas_fired_combined_cycle_2
MaxCapTag_GasTurbineSupply,p30_natural_gas_fired_combustion_turbine_1
MaxCapTag_GasTurbineSupply,p31_natural_gas_fired_combined_cycle_1
MaxCapTag_GasTurbineSupply,p31_natural_gas_fired_combined_cycle_2
MaxCapTag_GasTurbineSupply,p31_natural_gas_fired_combustion_turbine_1
MaxCapTag_GasTurbineSupply,p32_natural_gas_fired_combustion_turbine_1
MaxCapTag_GasTurbineSupply,p33_natural_gas_fired_combined_cycle_1
MaxCapTag_GasTurbineSupply,p33_natural_gas_fired_combined_cycle_2
MaxCapTag_GasTurbineSupply,p33_natural_gas_fired_combustion_turbine_1
MaxCapTag_GasTurbineSupply,p34_natural_gas_fired_combined_cycle_1
MaxCapTag_GasTurbineSupply,p34_natural_gas_fired_combined_cycle_2
MaxCapTag_GasTurbineSupply,p34_natural_gas_fired_combustion_turbine_1
MaxCapTag_GasTurbineSupply,p35_natural_gas_fired_combustion_turbine_1
MaxCapTag_GasTurbineSupply,p36_natural_gas_fired_combustion_turbine_1
MaxCapTag_GasTurbineSupply,p38_natural_gas_fired_combined_cycle_1
MaxCapTag_GasTurbineSupply,p38_natural_gas_fired_combined_cycle_2
MaxCapTag_GasTurbineSupply,p38_natural_gas_fired_combustion_turbine_1
MaxCapTag_GasTurbineSupply,p40_natural_gas_fired_combined_cycle_1
MaxCapTag_GasTurbineSupply,p40_natural_gas_fired_combustion_turbine_1
MaxCapTag_GasTurbineSupply,p41_natural_gas_fired_combined_cycle_1
MaxCapTag_GasTurbineSupply,p41_natural_gas_fired_combustion_turbine_1
MaxCapTag_GasTurbineSupply,p42_natural_gas_fired_combustion_turbine_1
MaxCapTag_GasTurbineSupply,p43_natural_gas_fired_combined_cycle_1
MaxCapTag_GasTurbineSupply,p43_natural_gas_fired_combined_cycle_2
MaxCapTag_GasTurbineSupply,p43_natural_gas_fired_combustion_turbine_1
MaxCapTag_GasTurbineSupply,p45_natural_gas_fired_combined_cycle_1
MaxCapTag_GasTurbineSupply,p45_natural_gas_fired_combustion_turbine_1
MaxCapTag_GasTurbineSupply,p46_natural_gas_fired_combustion_turbine_1
MaxCapTag_GasTurbineSupply,p47_natural_gas_fired_combined_cycle_1
MaxCapTag_GasTurbineSupply,p47_natural_gas_fired_combustion_turbine_1
MaxCapTag_GasTurbineSupply,p48_natural_gas_fired_combined_cycle_1
MaxCapTag_GasTurbineSupply,p48_natural_gas_fired_combustion_turbine_1
MaxCapTag_GasTurbineSupply,p5_natural_gas_fired_combined_cycle_1
MaxCapTag_GasTurbineSupply,p5_natural_gas_fired_combined_cycle_2
MaxCapTag_GasTurbineSupply,p5_natural_gas_fired_combustion_turbine_1
MaxCapTag_GasTurbineSupply,p50_natural_gas_fired_combined_cycle_1
MaxCapTag_GasTurbineSupply,p50_natural_gas_fired_combined_cycle_2
MaxCapTag_GasTurbineSupply,p50_natural_gas_fired_combustion_turbine_1
MaxCapTag_GasTurbineSupply,p51_natural_gas_fired_combined_cycle_1
MaxCapTag_GasTurbineSupply,p51_natural_gas_fired_combined_cycle_2
MaxCapTag_GasTurbineSupply,p51_natural_gas_fired_combustion_turbine_1
MaxCapTag_GasTurbineSupply,p52_natural_gas_fired_combustion_turbine_1
MaxCapTag_GasTurbineSupply,p53_natural_gas_fired_combined_cycle_1
MaxCapTag_GasTurbineSupply,p53_natural_gas_fired_combined_cycle_2
MaxCapTag_GasTurbineSupply,p53_natural_gas_fired_combustion_turbine_1
MaxCapTag_GasTurbineSupply,p54_natural_gas_fired_combined_cycle_1
MaxCapTag_GasTurbineSupply,p54_natural_gas_fired_combined_cycle_2
MaxCapTag_GasTurbineSupply,p54_natural_gas_fired_combustion_turbine_1
MaxCapTag_GasTurbineSupply,p55_natural_gas_fired_combined_cycle_1
MaxCapTag_GasTurbineSupply,p55_natural_gas_fired_combustion_turbine_1
MaxCapTag_GasTurbineSupply,p56_natural_gas_fired_combined_cycle_1
MaxCapTag_GasTurbineSupply,p56_natural_gas_fired_combined_cycle_2
MaxCapTag_GasTurbineSupply,p56_natural_gas_fired_combustion_turbine_1
MaxCapTag_GasTurbineSupply,p57_natural_gas_fired_combined_cycle_1
MaxCapTag_GasTurbineSupply,p57_natural_gas_fired_combined_cycle_2
MaxCapTag_GasTurbineSupply,p58_natural_gas_fired_combined_cycle_1
MaxCapTag_GasTurbineSupply,p58_natural_gas_fired_combined_cycle_2
MaxCapTag_GasTurbineSupply,p58_natural_gas_fired_combustion_turbine_1
MaxCapTag_GasTurbineSupply,p59_natural_gas_fired_combined_cycle_1
MaxCapTag_GasTurbineSupply,p59_natural_gas_fired_combustion_turbine_1
MaxCapTag_GasTurbineSupply,p6_natural_gas_fired_combined_cycle_1
MaxCapTag_GasTurbineSupply,p6_natural_gas_fired_combustion_turbine_1
MaxCapTag_GasTurbineSupply,p60_natural_gas_fired_combined_cycle_1
MaxCapTag_GasTurbineSupply,p60_natural_gas_fired_combined_cycle_2
MaxCapTag_GasTurbineSupply,p62_natural_gas_fired_combined_cycle_1
MaxCapTag_GasTurbineSupply,p62_natural_gas_fired_combined_cycle_2
MaxCapTag_GasTurbineSupply,p62_natural_gas_fired_combustion_turbine_1
MaxCapTag_GasTurbineSupply,p63_natural_gas_fired_combined_cycle_1
MaxCapTag_GasTurbineSupply,p63_natural_gas_fired_combined_cycle_2
MaxCapTag_GasTurbineSupply,p63_natural_gas_fired_combustion_turbine_1
MaxCapTag_GasTurbineSupply,p64_natural_gas_fired_combined_cycle_1
MaxCapTag_GasTurbineSupply,p64_natural_gas_fired_combined_cycle_2
MaxCapTag_GasTurbineSupply,p64_natural_gas_fired_combustion_turbine_1
MaxCapTag_GasTurbineSupply,p65_natural_gas_fired_combined_cycle_1
MaxCapTag_GasTurbineSupply,p65_natural_gas_fired_combined_cycle_2
MaxCapTag_GasTurbineSupply,p65_natural_gas_fired_combustion_turbine_1
MaxCapTag_GasTurbineSupply,p66_natural_gas_fired_combined_cycle_1
MaxCapTag_GasTurbineSupply,p66_natural_gas_fired_combined_cycle_2
MaxCapTag_GasTurbineSupply,p66_natural_gas_fired_combustion_turbine_1
MaxCapTag_GasTurbineSupply,p67_natural_gas_fired_combined_cycle_1
MaxCapTag_GasTurbineSupply,p67_natural_gas_fired_combined_cycle_2
MaxCapTag_GasTurbineSupply,p67_natural_gas_fired_combustion_turbine_1
MaxCapTag_GasTurbineSupply,p68_natural_gas_fired_combined_cycle_1
MaxCapTag_GasTurbineSupply,p68_natural_gas_fired_combustion_turbine_1
MaxCapTag_GasTurbineSupply,p69_natural_gas_fired_combustion_turbine_1
MaxCapTag_GasTurbineSupply,p70_natural_gas_fired_combined_cycle_1
MaxCapTag_GasTurbineSupply,p70_natural_gas_fired_combined_cycle_2
MaxCapTag_GasTurbineSupply,p70_natural_gas_fired_combustion_turbine_1
MaxCapTag_GasTurbineSupply,p71_natural_gas_fired_combustion_turbine_1
MaxCapTag_GasTurbineSupply,p72_natural_gas_fired_combined_cycle_1
MaxCapTag_GasTurbineSupply,p72_natural_gas_fired_combustion_turbine_1
MaxCapTag_GasTurbineSupply,p73_natural_gas_fired_combustion_turbine_1
MaxCapTag_GasTurbineSupply,p75_natural_gas_fired_combustion_turbine_1
MaxCapTag_GasTurbineSupply,p76_natural_gas_fired_combined_cycle_1
MaxCapTag_GasTurbineSupply,p76_natural_gas_fired_combined_cycle_2
MaxCapTag_GasTurbineSupply,p76_natural_gas_fired_combustion_turbine_1
MaxCapTag_GasTurbineSupply,p78_natural_gas_fired_combined_cycle_1
MaxCapTag_GasTurbineSupply,p78_natural_gas_fired_combined_cycle_2
MaxCapTag_GasTurbineSupply,p78_natural_gas_fired_combustion_turbine_1
MaxCapTag_GasTurbineSupply,p79_natural_gas_fired_combined_cycle_1
MaxCapTag_GasTurbineSupply,p79_natural_gas_fired_combined_cycle_2
MaxCapTag_GasTurbineSupply,p79_natural_gas_fired_combustion_turbine_1
MaxCapTag_GasTurbineSupply,p80_natural_gas_fired_combined_cycle_1
MaxCapTag_GasTurbineSupply,p80_natural_gas_fired_combined_cycle_2
MaxCapTag_GasTurbineSupply,p80_natural_gas_fired_combustion_turbine_1
MaxCapTag_GasTurbineSupply,p81_natural_gas_fired_combined_cycle_1
MaxCapTag_GasTurbineSupply,p81_natural_gas_fired_combustion_turbine_1
MaxCapTag_GasTurbineSupply,p82_natural_gas_fired_combustion_turbine_1
MaxCapTag_GasTurbineSupply,p83_natural_gas_fired_combined_cycle_1
MaxCapTag_GasTurbineSupply,p83_natural_gas_fired_combustion_turbine_1
MaxCapTag_GasTurbineSupply,p84_natural_gas_fired_combined_cycle_1
MaxCapTag_GasTurbineSupply,p84_natural_gas_fired_combined_cycle_2
MaxCapTag_GasTurbineSupply,p84_natural_gas_fired_combustion_turbine_1
MaxCapTag_GasTurbineSupply,p85_natural_gas_fired_combined_cycle_1
MaxCapTag_GasTurbineSupply,p85_natural_gas_fired_combined_cycle_2
MaxCapTag_GasTurbineSupply,p85_natural_gas_fired_combustion_turbine_1
MaxCapTag_GasTurbineSupply,p86_natural_gas_fired_combined_cycle_1
MaxCapTag_GasTurbineSupply,p86_natural_gas_fired_combined_cycle_2
MaxCapTag_GasTurbineSupply,p86_natural_gas_fired_combustion_turbine_1
MaxCapTag_GasTurbineSupply,p87_natural_gas_fired_combined_cycle_1
MaxCapTag_GasTurbineSupply,p87_natural_gas_fired_combined_cycle_2
MaxCapTag_GasTurbineSupply,p87_natural_gas_fired_combustion_turbine_1
MaxCapTag_GasTurbineSupply,p88_natural_gas_fired_combined_cycle_1
MaxCapTag_GasTurbineSupply,p88_natural_gas_fired_combined_cycle_2
MaxCapTag_GasTurbineSupply,p88_natural_gas_fired_combustion_turbine_1
MaxCapTag_GasTurbineSupply,p89_natural_gas_fired_combined_cycle_1
MaxCapTag_GasTurbineSupply,p89_natural_gas_fired_combined_cycle_2
MaxCapTag_GasTurbineSupply,p89_natural_gas_fired_combustion_turbine_1
MaxCapTag_GasTurbineSupply,p9_natural_gas_fired_combined_cycle_1
MaxCapTag_GasTurbineSupply,p9_natural_gas_fired_combined_cycle_2
MaxCapTag_GasTurbineSupply,p9_natural_gas_fired_combustion_turbine_1
MaxCapTag_GasTurbineSupply,p90_natural_gas_fired_combined_cycle_1
MaxCapTag_GasTurbineSupply,p90_natural_gas_fired_combined_cycle_2
MaxCapTag_GasTurbineSupply,p90_natural_gas_fired_combustion_turbine_1
MaxCapTag_GasTurbineSupply,p91_natural_gas_fired_combined_cycle_1
MaxCapTag_GasTurbineSupply,p91_natural_gas_fired_combined_cycle_2
MaxCapTag_GasTurbineSupply,p91_natural_gas_fired_combustion_turbine_1
MaxCapTag_GasTurbineSupply,p92_natural_gas_fired_combined_cycle_1
MaxCapTag_GasTurbineSupply,p92_natural_gas_fired_combined_cycle_2
MaxCapTag_GasTurbineSupply,p92_natural_gas_fired_combustion_turbine_1
MaxCapTag_GasTurbineSupply,p93_natural_gas_fired_combustion_turbine_1
MaxCapTag_GasTurbineSupply,p94_natural_gas_fired_combined_cycle_1
MaxCapTag_GasTurbineSupply,p94_natural_gas_fired_combined_cycle_2
MaxCapTag_GasTurbineSupply,p94_natural_gas_fired_combustion_turbine_1
MaxCapTag_GasTurbineSupply,p95_natural_gas_fired_combined_cycle_1
MaxCapTag_GasTurbineSupply,p95_natural_gas_fired_combined_cycle_2
MaxCapTag_GasTurbineSupply,p95_natural_gas_fired_combustion_turbine_1
MaxCapTag_GasTurbineSupply,p96_natural_gas_fired_combined_cycle_1
MaxCapTag_GasTurbineSupply,p96_natural_gas_fired_combined_cycle_2
MaxCapTag_GasTurbineSupply,p96_natural_gas_fired_combustion_turbine_1
MaxCapTag_GasTurbineSupply,p97_natural_gas_fired_combined_cycle_1
MaxCapTag_GasTurbineSupply,p97_natural_gas_fired_combined_cycle_2
MaxCapTag_GasTurbineSupply,p97_natural_gas_fired_combustion_turbine_1
MaxCapTag_GasTurbineSupply,p98_natural_gas_fired_combined_cycle_1
MaxCapTag_GasTurbineSupply,p98_natural_gas_fired_combined_cycle_2
MaxCapTag_GasTurbineSupply,p98_natural_gas_fired_combustion_turbine_1
MaxCapTag_GasTurbineSupply,p99_natural_gas_fired_combined_cycle_1
MaxCapTag_GasTurbineSupply,p99_natural_gas_fired_combined_cycle_2
MaxCapTag_GasTurbineSupply,p99_natural_gas_fired_combustion_turbine_1
MaxCapTag_GasTurbineSupply,p1_naturalgas_1on1_combined_cycle_hframe_moderate_0
MaxCapTag_GasTurbineSupply,p1_naturalgas_combustion_turbine_fframe_moderate_0
MaxCapTag_GasTurbineSupply,p2_naturalgas_1on1_combined_cycle_hframe_moderate_0
MaxCapTag_GasTurbineSupply,p2_naturalgas_combustion_turbine_fframe_moderate_0
MaxCapTag_GasTurbineSupply,p3_naturalgas_1on1_combined_cycle_hframe_moderate_0
MaxCapTag_GasTurbineSupply,p3_naturalgas_combustion_turbine_fframe_moderate_0
MaxCapTag_GasTurbineSupply,p4_naturalgas_1on1_combined_cycle_hframe_moderate_0
MaxCapTag_GasTurbineSupply,p4_naturalgas_combustion_turbine_fframe_moderate_0
MaxCapTag_GasTurbineSupply,p5_naturalgas_1on1_combined_cycle_hframe_moderate_0
MaxCapTag_GasTurbineSupply,p5_naturalgas_combustion_turbine_fframe_moderate_0
MaxCapTag_GasTurbineSupply,p6_naturalgas_1on1_combined_cycle_hframe_moderate_0
MaxCapTag_GasTurbineSupply,p6_naturalgas_combustion_turbine_fframe_moderate_0
MaxCapTag_GasTurbineSupply,p7_naturalgas_1on1_combined_cycle_hframe_moderate_0
MaxCapTag_GasTurbineSupply,p7_naturalgas_combustion_turbine_fframe_moderate_0
MaxCapTag_GasTurbineSupply,p8_naturalgas_1on1_combined_cycle_hframe_moderate_0
MaxCapTag_GasTurbineSupply,p8_naturalgas_combustion_turbine_fframe_moderate_0
MaxCapTag_GasTurbineSupply,p9_naturalgas_1on1_combined_cycle_hframe_moderate_0
MaxCapTag_GasTurbineSupply,p9_naturalgas_combustion_turbine_fframe_moderate_0
MaxCapTag_GasTurbineSupply,p10_naturalgas_1on1_combined_cycle_hframe_moderate_0
MaxCapTag_GasTurbineSupply,p10_naturalgas_combustion_turbine_fframe_moderate_0
MaxCapTag_GasTurbineSupply,p11_naturalgas_1on1_combined_cycle_hframe_moderate_0
MaxCapTag_GasTurbineSupply,p11_naturalgas_combustion_turbine_fframe_moderate_0
MaxCapTag_GasTurbineSupply,p12_naturalgas_1on1_combined_cycle_hframe_moderate_0
MaxCapTag_GasTurbineSupply,p12_naturalgas_combustion_turbine_fframe_moderate_0
MaxCapTag_GasTurbineSupply,p13_naturalgas_1on1_combined_cycle_hframe_moderate_0
MaxCapTag_GasTurbineSupply,p13_naturalgas_combustion_turbine_fframe_moderate_0
MaxCapTag_GasTurbineSupply,p14_naturalgas_1on1_combined_cycle_hframe_moderate_0
MaxCapTag_GasTurbineSupply,p14_naturalgas_combustion_turbine_fframe_moderate_0
MaxCapTag_GasTurbineSupply,p15_naturalgas_1on1_combined_cycle_hframe_moderate_0
MaxCapTag_GasTurbineSupply,p15_naturalgas_combustion_turbine_fframe_moderate_0
MaxCapTag_GasTurbineSupply,p16_naturalgas_1on1_combined_cycle_hframe_moderate_0
MaxCapTag_GasTurbineSupply,p16_naturalgas_combustion_turbine_fframe_moderate_0
MaxCapTag_GasTurbineSupply,p17_naturalgas_1on1_combined_cycle_hframe_moderate_0
MaxCapTag_GasTurbineSupply,p17_naturalgas_combustion_turbine_fframe_moderate_0
MaxCapTag_GasTurbineSupply,p18_naturalgas_1on1_combined_cycle_hframe_moderate_0
MaxCapTag_GasTurbineSupply,p18_naturalgas_combustion_turbine_fframe_moderate_0
MaxCapTag_GasTurbineSupply,p19_naturalgas_1on1_combined_cycle_hframe_moderate_0
MaxCapTag_GasTurbineSupply,p19_naturalgas_combustion_turbine_fframe_moderate_0
MaxCapTag_GasTurbineSupply,p20_naturalgas_1on1_combined_cycle_hframe_moderate_0
MaxCapTag_GasTurbineSupply,p20_naturalgas_combustion_turbine_fframe_moderate_0
MaxCapTag_GasTurbineSupply,p21_naturalgas_1on1_combined_cycle_hframe_moderate_0
MaxCapTag_GasTurbineSupply,p21_naturalgas_combustion_turbine_fframe_moderate_0
MaxCapTag_GasTurbineSupply,p22_naturalgas_1on1_combined_cycle_hframe_moderate_0
MaxCapTag_GasTurbineSupply,p22_naturalgas_combustion_turbine_fframe_moderate_0
MaxCapTag_GasTurbineSupply,p23_naturalgas_1on1_combined_cycle_hframe_moderate_0
MaxCapTag_GasTurbineSupply,p23_naturalgas_combustion_turbine_fframe_moderate_0
MaxCapTag_GasTurbineSupply,p24_naturalgas_1on1_combined_cycle_hframe_moderate_0
MaxCapTag_GasTurbineSupply,p24_naturalgas_combustion_turbine_fframe_moderate_0
MaxCapTag_GasTurbineSupply,p25_naturalgas_1on1_combined_cycle_hframe_moderate_0
MaxCapTag_GasTurbineSupply,p25_naturalgas_combustion_turbine_fframe_moderate_0
MaxCapTag_GasTurbineSupply,p26_naturalgas_1on1_combined_cycle_hframe_moderate_0
MaxCapTag_GasTurbineSupply,p26_naturalgas_combustion_turbine_fframe_moderate_0
MaxCapTag_GasTurbineSupply,p27_naturalgas_1on1_combined_cycle_hframe_moderate_0
MaxCapTag_GasTurbineSupply,p27_naturalgas_combustion_turbine_fframe_moderate_0
MaxCapTag_GasTurbineSupply,p28_naturalgas_1on1_combined_cycle_hframe_moderate_0
MaxCapTag_GasTurbineSupply,p28_naturalgas_combustion_turbine_fframe_moderate_0
MaxCapTag_GasTurbineSupply,p29_naturalgas_1on1_combined_cycle_hframe_moderate_0
MaxCapTag_GasTurbineSupply,p29_naturalgas_combustion_turbine_fframe_moderate_0
MaxCapTag_GasTurbineSupply,p30_naturalgas_1on1_combined_cycle_hframe_moderate_0
MaxCapTag_GasTurbineSupply,p30_naturalgas_combustion_turbine_fframe_moderate_0
MaxCapTag_GasTurbineSupply,p31_naturalgas_1on1_combined_cycle_hframe_moderate_0
MaxCapTag_GasTurbineSupply,p31_naturalgas_combustion_turbine_fframe_moderate_0
MaxCapTag_GasTurbineSupply,p32_naturalgas_1on1_combined_cycle_hframe_moderate_0
MaxCapTag_GasTurbineSupply,p32_naturalgas_combustion_turbine_fframe_moderate_0
MaxCapTag_GasTurbineSupply,p33_naturalgas_1on1_combined_cycle_hframe_moderate_0
MaxCapTag_GasTurbineSupply,p33_naturalgas_combustion_turbine_fframe_moderate_0
MaxCapTag_GasTurbineSupply,p34_naturalgas_1on1_combined_cycle_hframe_moderate_0
MaxCapTag_GasTurbineSupply,p34_naturalgas_combustion_turbine_fframe_moderate_0
MaxCapTag_GasTurbineSupply,p35_naturalgas_1on1_combined_cycle_hframe_moderate_0
MaxCapTag_GasTurbineSupply,p35_naturalgas_combustion_turbine_fframe_moderate_0
MaxCapTag_GasTurbineSupply,p36_naturalgas_1on1_combined_cycle_hframe_moderate_0
MaxCapTag_GasTurbineSupply,p36_naturalgas_combustion_turbine_fframe_moderate_0
MaxCapTag_GasTurbineSupply,p37_naturalgas_1on1_combined_cycle_hframe_moderate_0
MaxCapTag_GasTurbineSupply,p37_naturalgas_combustion_turbine_fframe_moderate_0
MaxCapTag_GasTurbineSupply,p38_naturalgas_1on1_combined_cycle_hframe_moderate_0
MaxCapTag_GasTurbineSupply,p38_naturalgas_combustion_turbine_fframe_moderate_0
MaxCapTag_GasTurbineSupply,p39_naturalgas_1on1_combined_cycle_hframe_moderate_0
MaxCapTag_GasTurbineSupply,p39_naturalgas_combustion_turbine_fframe_moderate_0
MaxCapTag_GasTurbineSupply,p40_naturalgas_1on1_combined_cycle_hframe_moderate_0
MaxCapTag_GasTurbineSupply,p40_naturalgas_combustion_turbine_fframe_moderate_0
MaxCapTag_GasTurbineSupply,p41_naturalgas_1on1_combined_cycle_hframe_moderate_0
MaxCapTag_GasTurbineSupply,p41_naturalgas_combustion_turbine_fframe_moderate_0
MaxCapTag_GasTurbineSupply,p42_naturalgas_1on1_combined_cycle_hframe_moderate_0
MaxCapTag_GasTurbineSupply,p42_naturalgas_combustion_turbine_fframe_moderate_0
MaxCapTag_GasTurbineSupply,p43_naturalgas_1on1_combined_cycle_hframe_moderate_0
MaxCapTag_GasTurbineSupply,p43_naturalgas_combustion_turbine_fframe_moderate_0
MaxCapTag_GasTurbineSupply,p44_naturalgas_1on1_combined_cycle_hframe_moderate_0
MaxCapTag_GasTurbineSupply,p44_naturalgas_combustion_turbine_fframe_moderate_0
MaxCapTag_GasTurbineSupply,p45_naturalgas_1on1_combined_cycle_hframe_moderate_0
MaxCapTag_GasTurbineSupply,p45_naturalgas_combustion_turbine_fframe_moderate_0
MaxCapTag_GasTurbineSupply,p46_naturalgas_1on1_combined_cycle_hframe_moderate_0
MaxCapTag_GasTurbineSupply,p46_naturalgas_combustion_turbine_fframe_moderate_0
MaxCapTag_GasTurbineSupply,p47_naturalgas_1on1_combined_cycle_hframe_moderate_0
MaxCapTag_GasTurbineSupply,p47_naturalgas_combustion_turbine_fframe_moderate_0
MaxCapTag_GasTurbineSupply,p48_naturalgas_1on1_combined_cycle_hframe_moderate_0
MaxCapTag_GasTurbineSupply,p48_naturalgas_combustion_turbine_fframe_moderate_0
MaxCapTag_GasTurbineSupply,p49_naturalgas_1on1_combined_cycle_hframe_moderate_0
MaxCapTag_GasTurbineSupply,p49_naturalgas_combustion_turbine_fframe_moderate_0
MaxCapTag_GasTurbineSupply,p50_naturalgas_1on1_combined_cycle_hframe_moderate_0
MaxCapTag_GasTurbineSupply,p50_naturalgas_combustion_turbine_fframe_moderate_0
MaxCapTag_GasTurbineSupply,p51_naturalgas_1on1_combined_cycle_hframe_moderate_0
MaxCapTag_GasTurbineSupply,p51_naturalgas_combustion_turbine_fframe_moderate_0
MaxCapTag_GasTurbineSupply,p52_naturalgas_1on1_combined_cycle_hframe_moderate_0
MaxCapTag_GasTurbineSupply,p52_naturalgas_combustion_turbine_fframe_moderate_0
MaxCapTag_GasTurbineSupply,p53_naturalgas_1on1_combined_cycle_hframe_moderate_0
MaxCapTag_GasTurbineSupply,p53_naturalgas_combustion_turbine_fframe_moderate_0
MaxCapTag_GasTurbineSupply,p54_naturalgas_1on1_combined_cycle_hframe_moderate_0
MaxCapTag_GasTurbineSupply,p54_naturalgas_combustion_turbine_fframe_moderate_0
MaxCapTag_GasTurbineSupply,p55_naturalgas_1on1_combined_cycle_hframe_moderate_0
MaxCapTag_GasTurbineSupply,p55_naturalgas_combustion_turbine_fframe_moderate_0
MaxCapTag_GasTurbineSupply,p56_naturalgas_1on1_combined_cycle_hframe_moderate_0
MaxCapTag_GasTurbineSupply,p56_naturalgas_combustion_turbine_fframe_moderate_0
MaxCapTag_GasTurbineSupply,p57_naturalgas_1on1_combined_cycle_hframe_moderate_0
MaxCapTag_GasTurbineSupply,p57_naturalgas_combustion_turbine_fframe_moderate_0
MaxCapTag_GasTurbineSupply,p58_naturalgas_1on1_combined_cycle_hframe_moderate_0
MaxCapTag_GasTurbineSupply,p58_naturalgas_combustion_turbine_fframe_moderate_0
MaxCapTag_GasTurbineSupply,p59_naturalgas_1on1_combined_cycle_hframe_moderate_0
MaxCapTag_GasTurbineSupply,p59_naturalgas_combustion_turbine_fframe_moderate_0
MaxCapTag_GasTurbineSupply,p60_naturalgas_1on1_combined_cycle_hframe_moderate_0
MaxCapTag_GasTurbineSupply,p60_naturalgas_combustion_turbine_fframe_moderate_0
MaxCapTag_GasTurbineSupply,p61_naturalgas_1on1_combined_cycle_hframe_moderate_0
MaxCapTag_GasTurbineSupply,p61_naturalgas_combustion_turbine_fframe_moderate_0
MaxCapTag_GasTurbineSupply,p62_naturalgas_1on1_combined_cycle_hframe_moderate_0
MaxCapTag_GasTurbineSupply,p62_naturalgas_combustion_turbine_fframe_moderate_0
MaxCapTag_GasTurbineSupply,p63_naturalgas_1on1_combined_cycle_hframe_moderate_0
MaxCapTag_GasTurbineSupply,p63_naturalgas_combustion_turbine_fframe_moderate_0
MaxCapTag_GasTurbineSupply,p64_naturalgas_1on1_combined_cycle_hframe_moderate_0
MaxCapTag_GasTurbineSupply,p64_naturalgas_combustion_turbine_fframe_moderate_0
MaxCapTag_GasTurbineSupply,p65_naturalgas_1on1_combined_cycle_hframe_moderate_0
MaxCapTag_GasTurbineSupply,p65_naturalgas_combustion_turbine_fframe_moderate_0
MaxCapTag_GasTurbineSupply,p66_naturalgas_1on1_combined_cycle_hframe_moderate_0
MaxCapTag_GasTurbineSupply,p66_naturalgas_combustion_turbine_fframe_moderate_0
MaxCapTag_GasTurbineSupply,p67_naturalgas_1on1_combined_cycle_hframe_moderate_0
MaxCapTag_GasTurbineSupply,p67_naturalgas_combustion_turbine_fframe_moderate_0
MaxCapTag_GasTurbineSupply,p68_naturalgas_1on1_combined_cycle_hframe_moderate_0
MaxCapTag_GasTurbineSupply,p68_naturalgas_combustion_turbine_fframe_moderate_0
MaxCapTag_GasTurbineSupply,p69_naturalgas_1on1_combined_cycle_hframe_moderate_0
MaxCapTag_GasTurbineSupply,p69_naturalgas_combustion_turbine_fframe_moderate_0
MaxCapTag_GasTurbineSupply,p70_naturalgas_1on1_combined_cycle_hframe_moderate_0
MaxCapTag_GasTurbineSupply,p70_naturalgas_combustion_turbine_fframe_moderate_0
MaxCapTag_GasTurbineSupply,p71_naturalgas_1on1_combined_cycle_hframe_moderate_0
MaxCapTag_GasTurbineSupply,p71_naturalgas_combustion_turbine_fframe_moderate_0
MaxCapTag_GasTurbineSupply,p72_naturalgas_1on1_combined_cycle_hframe_moderate_0
MaxCapTag_GasTurbineSupply,p72_naturalgas_combustion_turbine_fframe_moderate_0
MaxCapTag_GasTurbineSupply,p73_naturalgas_1on1_combined_cycle_hframe_moderate_0
MaxCapTag_GasTurbineSupply,p73_naturalgas_combustion_turbine_fframe_moderate_0
MaxCapTag_GasTurbineSupply,p74_naturalgas_1on1_combined_cycle_hframe_moderate_0
MaxCapTag_GasTurbineSupply,p74_naturalgas_combustion_turbine_fframe_moderate_0
MaxCapTag_GasTurbineSupply,p75_naturalgas_1on1_combined_cycle_hframe_moderate_0
MaxCapTag_GasTurbineSupply,p75_naturalgas_combustion_turbine_fframe_moderate_0
MaxCapTag_GasTurbineSupply,p76_naturalgas_1on1_combined_cycle_hframe_moderate_0
MaxCapTag_GasTurbineSupply,p76_naturalgas_combustion_turbine_fframe_moderate_0
MaxCapTag_GasTurbineSupply,p77_naturalgas_1on1_combined_cycle_hframe_moderate_0
MaxCapTag_GasTurbineSupply,p77_naturalgas_combustion_turbine_fframe_moderate_0
MaxCapTag_GasTurbineSupply,p78_naturalgas_1on1_combined_cycle_hframe_moderate_0
MaxCapTag_GasTurbineSupply,p78_naturalgas_combustion_turbine_fframe_moderate_0
MaxCapTag_GasTurbineSupply,p79_naturalgas_1on1_combined_cycle_hframe_moderate_0
MaxCapTag_GasTurbineSupply,p79_naturalgas_combustion_turbine_fframe_moderate_0
MaxCapTag_GasTurbineSupply,p80_naturalgas_1on1_combined_cycle_hframe_moderate_0
MaxCapTag_GasTurbineSupply,p80_naturalgas_combustion_turbine_fframe_moderate_0
MaxCapTag_GasTurbineSupply,p81_naturalgas_1on1_combined_cycle_hframe_moderate_0
MaxCapTag_GasTurbineSupply,p81_naturalgas_combustion_turbine_fframe_moderate_0
MaxCapTag_GasTurbineSupply,p82_naturalgas_1on1_combined_cycle_hframe_moderate_0
MaxCapTag_GasTurbineSupply,p82_naturalgas_combustion_turbine_fframe_moderate_0
MaxCapTag_GasTurbineSupply,p83_naturalgas_1on1_combined_cycle_hframe_moderate_0
MaxCapTag_GasTurbineSupply,p83_naturalgas_combustion_turbine_fframe_moderate_0
MaxCapTag_GasTurbineSupply,p84_naturalgas_1on1_combined_cycle_hframe_moderate_0
MaxCapTag_GasTurbineSupply,p84_naturalgas_combustion_turbine_fframe_moderate_0
MaxCapTag_GasTurbineSupply,p85_naturalgas_1on1_combined_cycle_hframe_moderate_0
MaxCapTag_GasTurbineSupply,p85_naturalgas_combustion_turbine_fframe_moderate_0
MaxCapTag_GasTurbineSupply,p86_naturalgas_1on1_combined_cycle_hframe_moderate_0
MaxCapTag_GasTurbineSupply,p86_naturalgas_combustion_turbine_fframe_moderate_0
MaxCapTag_GasTurbineSupply,p87_naturalgas_1on1_combined_cycle_hframe_moderate_0
MaxCapTag_GasTurbineSupply,p87_naturalgas_combustion_turbine_fframe_moderate_0
MaxCapTag_GasTurbineSupply,p88_naturalgas_1on1_combined_cycle_hframe_moderate_0
MaxCapTag_GasTurbineSupply,p88_naturalgas_combustion_turbine_fframe_moderate_0
MaxCapTag_GasTurbineSupply,p89_naturalgas_1on1_combined_cycle_hframe_moderate_0
MaxCapTag_GasTurbineSupply,p89_naturalgas_combustion_turbine_fframe_moderate_0
MaxCapTag_GasTurbineSupply,p90_naturalgas_1on1_combined_cycle_hframe_moderate_0
MaxCapTag_GasTurbineSupply,p90_naturalgas_combustion_turbine_fframe_moderate_0
MaxCapTag_GasTurbineSupply,p91_naturalgas_1on1_combined_cycle_hframe_moderate_0
MaxCapTag_GasTurbineSupply,p91_naturalgas_combustion_turbine_fframe_moderate_0
MaxCapTag_GasTurbineSupply,p92_naturalgas_1on1_combined_cycle_hframe_moderate_0
MaxCapTag_GasTurbineSupply,p92_naturalgas_combustion_turbine_fframe_moderate_0
MaxCapTag_GasTurbineSupply,p93_naturalgas_1on1_combined_cycle_hframe_moderate_0
MaxCapTag_GasTurbineSupply,p93_naturalgas_combustion_turbine_fframe_moderate_0
MaxCapTag_GasTurbineSupply,p94_naturalgas_1on1_combined_cycle_hframe_moderate_0
MaxCapTag_GasTurbineSupply,p94_naturalgas_combustion_turbine_fframe_moderate_0
MaxCapTag_GasTurbineSupply,p95_naturalgas_1on1_combined_cycle_hframe_moderate_0
MaxCapTag_GasTurbineSupply,p95_naturalgas_combustion_turbine_fframe_moderate_0
MaxCapTag_GasTurbineSupply,p96_naturalgas_1on1_combined_cycle_hframe_moderate_0
MaxCapTag_GasTurbineSupply,p96_naturalgas_combustion_turbine_fframe_moderate_0
MaxCapTag_GasTurbineSupply,p97_naturalgas_1on1_combined_cycle_hframe_moderate_0
MaxCapTag_GasTurbineSupply,p97_naturalgas_combustion_turbine_fframe_moderate_0
MaxCapTag_GasTurbineSupply,p98_naturalgas_1on1_combined_cycle_hframe_moderate_0
MaxCapTag_GasTurbineSupply,p98_naturalgas_combustion_turbine_fframe_moderate_0
MaxCapTag_GasTurbineSupply,p99_naturalgas_1on1_combined_cycle_hframe_moderate_0
MaxCapTag_GasTurbineSupply,p99_naturalgas_combustion_turbine_fframe_moderate_0
MaxCapTag_GasTurbineSupply,p100_naturalgas_1on1_combined_cycle_hframe_moderate_0
MaxCapTag_GasTurbineSupply,p100_naturalgas_combustion_turbine_fframe_moderate_0
MaxCapTag_GasTurbineSupply,p101_naturalgas_1on1_combined_cycle_hframe_moderate_0
MaxCapTag_GasTurbineSupply,p101_naturalgas_combustion_turbine_fframe_moderate_0
MaxCapTag_GasTurbineSupply,p102_naturalgas_1on1_combined_cycle_hframe_moderate_0
MaxCapTag_GasTurbineSupply,p102_naturalgas_combustion_turbine_fframe_moderate_0
MaxCapTag_GasTurbineSupply,p103_naturalgas_1on1_combined_cycle_hframe_moderate_0
MaxCapTag_GasTurbineSupply,p103_naturalgas_combustion_turbine_fframe_moderate_0
MaxCapTag_GasTurbineSupply,p104_naturalgas_1on1_combined_cycle_hframe_moderate_0
MaxCapTag_GasTurbineSupply,p104_naturalgas_combustion_turbine_fframe_moderate_0
MaxCapTag_GasTurbineSupply,p105_naturalgas_1on1_combined_cycle_hframe_moderate_0
MaxCapTag_GasTurbineSupply,p105_naturalgas_combustion_turbine_fframe_moderate_0
MaxCapTag_GasTurbineSupply,p106_naturalgas_1on1_combined_cycle_hframe_moderate_0
MaxCapTag_GasTurbineSupply,p106_naturalgas_combustion_turbine_fframe_moderate_0
MaxCapTag_GasTurbineSupply,p107_naturalgas_1on1_combined_cycle_hframe_moderate_0
MaxCapTag_GasTurbineSupply,p107_naturalgas_combustion_turbine_fframe_moderate_0
MaxCapTag_GasTurbineSupply,p108_naturalgas_1on1_combined_cycle_hframe_moderate_0
MaxCapTag_GasTurbineSupply,p108_naturalgas_combustion_turbine_fframe_moderate_0
MaxCapTag_GasTurbineSupply,p109_naturalgas_1on1_combined_cycle_hframe_moderate_0
MaxCapTag_GasTurbineSupply,p109_naturalgas_combustion_turbine_fframe_moderate_0
MaxCapTag_GasTurbineSupply,p110_naturalgas_1on1_combined_cycle_hframe_moderate_0
MaxCapTag_GasTurbineSupply,p110_naturalgas_combustion_turbine_fframe_moderate_0
MaxCapTag_GasTurbineSupply,p111_naturalgas_1on1_combined_cycle_hframe_moderate_0
MaxCapTag_GasTurbineSupply,p111_naturalgas_combustion_turbine_fframe_moderate_0
MaxCapTag_GasTurbineSupply,p112_naturalgas_1on1_combined_cycle_hframe_moderate_0
MaxCapTag_GasTurbineSupply,p112_naturalgas_combustion_turbine_fframe_moderate_0
MaxCapTag_GasTurbineSupply,p113_naturalgas_1on1_combined_cycle_hframe_moderate_0
MaxCapTag_GasTurbineSupply,p113_naturalgas_combustion_turbine_fframe_moderate_0
MaxCapTag_GasTurbineSupply,p114_naturalgas_1on1_combined_cycle_hframe_moderate_0
MaxCapTag_GasTurbineSupply,p114_naturalgas_combustion_turbine_fframe_moderate_0
MaxCapTag_GasTurbineSupply,p115_naturalgas_1on1_combined_cycle_hframe_moderate_0
MaxCapTag_GasTurbineSupply,p115_naturalgas_combustion_turbine_fframe_moderate_0
MaxCapTag_GasTurbineSupply,p116_naturalgas_1on1_combined_cycle_hframe_moderate_0
MaxCapTag_GasTurbineSupply,p116_naturalgas_combustion_turbine_fframe_moderate_0
MaxCapTag_GasTurbineSupply,p117_naturalgas_1on1_combined_cycle_hframe_moderate_0
MaxCapTag_GasTurbineSupply,p117_naturalgas_combustion_turbine_fframe_moderate_0
MaxCapTag_GasTurbineSupply,p118_naturalgas_1on1_combined_cycle_hframe_moderate_0
MaxCapTag_GasTurbineSupply,p118_naturalgas_combustion_turbine_fframe_moderate_0
MaxCapTag_GasTurbineSupply,p119_naturalgas_1on1_combined_cycle_hframe_moderate_0
MaxCapTag_GasTurbineSupply,p119_naturalgas_combustion_turbine_fframe_moderate_0
MaxCapTag_GasTurbineSupply,p120_naturalgas_1on1_combined_cycle_hframe_moderate_0
MaxCapTag_GasTurbineSupply,p120_naturalgas_combustion_turbine_fframe_moderate_0
MaxCapTag_GasTurbineSupply,p121_naturalgas_1on1_combined_cycle_hframe_moderate_0
MaxCapTag_GasTurbineSupply,p121_naturalgas_combustion_turbine_fframe_moderate_0
MaxCapTag_GasTurbineSupply,p122_naturalgas_1on1_combined_cycle_hframe_moderate_0
MaxCapTag_GasTurbineSupply,p122_naturalgas_combustion_turbine_fframe_moderate_0
MaxCapTag_GasTurbineSupply,p123_naturalgas_1on1_combined_cycle_hframe_moderate_0
MaxCapTag_GasTurbineSupply,p123_naturalgas_combustion_turbine_fframe_moderate_0
MaxCapTag_GasTurbineSupply,p124_naturalgas_1on1_combined_cycle_hframe_moderate_0
MaxCapTag_GasTurbineSupply,p124_naturalgas_combustion_turbine_fframe_moderate_0
MaxCapTag_GasTurbineSupply,p125_naturalgas_1on1_combined_cycle_hframe_moderate_0
MaxCapTag_GasTurbineSupply,p125_naturalgas_combustion_turbine_fframe_moderate_0
MaxCapTag_GasTurbineSupply,p126_naturalgas_1on1_combined_cycle_hframe_moderate_0
MaxCapTag_GasTurbineSupply,p126_naturalgas_combustion_turbine_fframe_moderate_0
MaxCapTag_GasTurbineSupply,p127_naturalgas_1on1_combined_cycle_hframe_moderate_0
MaxCapTag_GasTurbineSupply,p127_naturalgas_combustion_turbine_fframe_moderate_0
MaxCapTag_GasTurbineSupply,p128_naturalgas_1on1_combined_cycle_hframe_moderate_0
MaxCapTag_GasTurbineSupply,p128_naturalgas_combustion_turbine_fframe_moderate_0
MaxCapTag_GasTurbineSupply,p129_naturalgas_1on1_combined_cycle_hframe_moderate_0
MaxCapTag_GasTurbineSupply,p129_naturalgas_combustion_turbine_fframe_moderate_0
MaxCapTag_GasTurbineSupply,p130_naturalgas_1on1_combined_cycle_hframe_moderate_0
MaxCapTag_GasTurbineSupply,p130_naturalgas_combustion_turbine_fframe_moderate_0
MaxCapTag_GasTurbineSupply,p131_naturalgas_1on1_combined_cycle_hframe_moderate_0
MaxCapTag_GasTurbineSupply,p131_naturalgas_combustion_turbine_fframe_moderate_0
MaxCapTag_GasTurbineSupply,p132_naturalgas_1on1_combined_cycle_hframe_moderate_0
MaxCapTag_GasTurbineSupply,p132_naturalgas_combustion_turbine_fframe_moderate_0
MaxCapTag_GasTurbineSupply,p133_naturalgas_1on1_combined_cycle_hframe_moderate_0
MaxCapTag_GasTurbineSupply,p133_naturalgas_combustion_turbine_fframe_moderate_0
MaxCapTag_GasTurbineSupply,p134_naturalgas_1on1_combined_cycle_hframe_moderate_0
MaxCapTag_GasTurbineSupply,p134_naturalgas_combustion_turbine_fframe_moderate_0
