ba,year,peak_mw,median_mw,p10_mw,annual_mwh,source
p1,2010,11429.6,7005.4,5501.0,61329188.7,zenodo
p1,2011,10946.3,7211.8,5647.9,63559729.6,zenodo
p1,2012,10534.3,7120.1,5607.2,62495428.9,zenodo
p1,2013,11856.4,7152.3,5614.5,63155548.7,zenodo
p1,2014,11523.3,7061.4,5530.0,62458797.4,interpolated
p1,2015,11070.5,6896.8,5387.8,61109967.1,interpolated
p1,2016,10724.8,6798.5,5297.4,60348459.0,nrel
p1,2017,11710.5,7023.8,5419.1,62445664.1,nrel
p1,2018,11319.1,6879.4,5288.5,61143131.8,nrel
p1,2019,11435.9,6894.4,5384.6,61812928.2,nrel
p1,2020,10733.5,6543.1,5079.2,58741552.0,nrel
p1,2021,11688.2,6656.1,5109.3,59562039.5,nrel
p1,2022,12112.2,6821.0,5276.0,61306187.2,nrel
p1,2023,11300.8,6777.3,5169.8,60333446.4,nrel
p1,2024,11384.9,6827.8,5208.2,60782257.7,eia_scaled_2023
p1,2025,11300.8,6777.3,5169.8,60333446.4,held_2023
p1,2026,11300.8,6777.3,5169.8,60333446.4,held_latest
p1,2027,11300.8,6777.3,5169.8,60333446.4,held_latest
p1,2028,11300.8,6777.3,5169.8,60333446.4,held_latest
p1,2029,11300.8,6777.3,5169.8,60333446.4,held_latest
p1,2030,11300.8,6777.3,5169.8,60333446.4,held_latest
p10,2010,30491.3,15844.9,12465.3,140390507.0,zenodo
p10,2011,29155.3,16027.9,12630.6,142469464.7,zenodo
p10,2012,29742.5,15805.9,12420.9,141958169.0,zenodo
p10,2013,29039.1,16081.3,12834.1,144015190.0,zenodo
p10,2014,30347.6,16111.6,12767.9,144976627.4,interpolated
p10,2015,31510.3,16056.8,12633.2,145179931.9,interpolated
p10,2016,32199.7,15766.3,12313.8,143245864.2,nrel
p10,2017,32748.3,15921.3,12340.7,144659565.9,nrel
p10,2018,33110.8,15823.0,12282.4,144563871.2,nrel
p10,2019,32588.9,15729.8,12328.4,142959844.9,nrel
p10,2020,33669.1,15483.3,12214.5,143297159.9,nrel
p10,2021,30321.2,15658.8,12207.3,143718093.8,nrel
p10,2022,34163.2,15834.7,12295.6,147572707.1,nrel
p10,2023,30888.7,15350.8,12145.1,142684530.7,nrel
p10,2024,31699.9,15753.9,12464.0,146431927.7,eia_scaled_2023
p10,2025,30888.7,15350.8,12145.1,142684530.7,held_2023
p10,2026,30888.7,15350.8,12145.1,142684530.7,held_latest
p10,2027,30888.7,15350.8,12145.1,142684530.7,held_latest
p10,2028,30888.7,15350.8,12145.1,142684530.7,held_latest
p10,2029,30888.7,15350.8,12145.1,142684530.7,held_latest
p10,2030,30888.7,15350.8,12145.1,142684530.7,held_latest
p100,2010,570.7,353.9,269.9,3178889.0,zenodo
p100,2011,564.2,344.2,267.3,3076005.2,zenodo
p100,2012,545.3,339.6,265.6,3015544.2,zenodo
p100,2013,559.3,351.8,270.6,3107498.4,zenodo
p100,2014,560.0,349.8,272.5,3118926.0,interpolated
p100,2015,562.4,349.0,275.3,3140371.3,interpolated
p100,2016,560.6,345.5,276.0,3138520.1,nrel
p100,2017,554.6,351.8,281.3,3144729.4,nrel
p100,2018,612.5,375.8,301.3,3338964.0,nrel
p100,2019,644.3,377.3,299.8,3359919.5,nrel
p100,2020,604.3,371.7,301.6,3360319.6,nrel
p100,2021,658.3,407.0,325.6,3626739.5,nrel
p100,2022,717.1,426.0,341.7,3838187.9,nrel
p100,2023,693.1,433.4,353.3,3858197.8,nrel
p100,2024,712.4,445.5,363.2,3965514.8,eia_scaled_2023
p100,2025,693.1,433.4,353.3,3858197.8,held_2023
p100,2026,693.1,433.4,353.3,3858197.8,held_latest
p100,2027,693.1,433.4,353.3,3858197.8,held_latest
p100,2028,693.1,433.4,353.3,3858197.8,held_latest
p100,2029,693.1,433.4,353.3,3858197.8,held_latest
p100,2030,693.1,433.4,353.3,3858197.8,held_latest
p101,2010,32949.0,15171.6,10888.3,142204021.6,zenodo
p101,2011,27681.1,14941.0,10590.5,138845830.7,zenodo
p101,2012,27065.6,14729.7,10532.5,136063318.7,zenodo
p101,2013,27349.9,14932.9,10778.0,136879218.3,zenodo
p101,2014,28052.3,15097.7,10836.4,139210859.7,interpolated
p101,2015,29408.4,15610.4,11143.3,144765018.8,interpolated
p101,2016,29610.5,15510.1,11012.6,144636117.8,nrel
p101,2017,28703.8,15515.9,10874.9,143696455.3,nrel
p101,2018,29387.5,15938.6,11396.5,147535671.9,nrel
p101,2019,30862.3,15920.4,11512.8,149381235.0,nrel
p101,2020,30393.8,16231.8,11677.2,151428650.2,nrel
p101,2021,30880.6,16328.3,11820.2,152029423.2,nrel
p101,2022,31719.4,16986.7,12108.0,157556533.0,nrel
p101,2023,33744.8,17100.5,12153.4,159705856.4,nrel
p101,2024,34235.0,17348.9,12330.0,162025665.9,eia_scaled_2023
p101,2025,33744.8,17100.5,12153.4,159705856.4,held_2023
p101,2026,33744.8,17100.5,12153.4,159705856.4,held_latest
p101,2027,33744.8,17100.5,12153.4,159705856.4,held_latest
p101,2028,33744.8,17100.5,12153.4,159705856.4,held_latest
p101,2029,33744.8,17100.5,12153.4,159705856.4,held_latest
p101,2030,33744.8,17100.5,12153.4,159705856.4,held_latest
p102,2010,16798.9,8736.0,6215.0,80836175.9,zenodo
p102,2011,15219.0,8652.4,6012.5,79052379.6,zenodo
p102,2012,15083.9,8542.9,5959.5,77499188.0,zenodo
p102,2013,15117.5,8634.5,6085.6,77989502.0,zenodo
p102,2014,15527.7,8763.4,6173.3,79593164.8,interpolated
p102,2015,16300.3,9094.8,6403.5,83044457.5,interpolated
p102,2016,16433.2,9069.1,6382.4,83236146.3,nrel
p102,2017,15811.9,9006.7,6170.0,81866813.4,nrel
p102,2018,15736.9,9091.6,6439.0,83157803.3,nrel
p102,2019,16325.5,9021.5,6380.1,83324578.1,nrel
p102,2020,16221.6,8991.5,6372.8,83310010.6,nrel
p102,2021,16052.5,8918.2,6320.1,82198699.2,nrel
p102,2022,16593.5,9170.3,6472.7,83816591.5,nrel
p102,2023,16850.0,9133.5,6454.8,84012793.5,nrel
p102,2024,17094.7,9266.2,6548.5,85233122.5,eia_scaled_2023
p102,2025,16850.0,9133.5,6454.8,84012793.5,held_2023
p102,2026,16850.0,9133.5,6454.8,84012793.5,held_latest
p102,2027,16850.0,9133.5,6454.8,84012793.5,held_latest
p102,2028,16850.0,9133.5,6454.8,84012793.5,held_latest
p102,2029,16850.0,9133.5,6454.8,84012793.5,held_latest
p102,2030,16850.0,9133.5,6454.8,84012793.5,held_latest
p103,2010,17828.9,10788.5,8911.9,95798365.8,zenodo
p103,2011,19666.0,10955.6,9141.9,97106622.5,zenodo
p103,2012,19990.9,10957.2,9023.4,97306714.4,zenodo
p103,2013,19280.9,10825.4,9076.4,95673212.5,zenodo
p103,2014,18999.2,10808.3,9024.7,95900112.5,interpolated
p103,2015,18484.4,10656.1,8860.8,94922173.7,interpolated
p103,2016,18569.9,10850.2,8984.8,97030388.9,nrel
p103,2017,17627.4,10745.6,8960.4,94748661.8,nrel
p103,2018,18297.4,10935.9,9127.4,97532672.4,nrel
p103,2019,18166.2,10602.9,8888.7,94211612.0,nrel
p103,2020,18119.8,10018.3,8241.3,90313616.8,nrel
p103,2021,18285.2,10404.6,8665.4,93068762.0,nrel
p103,2022,18603.2,10526.4,8871.1,94022282.6,nrel
p103,2023,17512.1,10253.4,8742.4,91162910.7,nrel
p103,2024,17665.3,10343.1,8818.9,91960522.3,eia_scaled_2023
p103,2025,17512.1,10253.4,8742.4,91162910.7,held_2023
p103,2026,17512.1,10253.4,8742.4,91162910.7,held_latest
p103,2027,17512.1,10253.4,8742.4,91162910.7,held_latest
p103,2028,17512.1,10253.4,8742.4,91162910.7,held_latest
p103,2029,17512.1,10253.4,8742.4,91162910.7,held_latest
p103,2030,17512.1,10253.4,8742.4,91162910.7,held_latest
p104,2010,1138.1,716.3,573.7,6340387.2,zenodo
p104,2011,1246.1,728.0,586.3,6426548.0,zenodo
p104,2012,1269.7,726.1,584.0,6433329.5,zenodo
p104,2013,1217.7,721.6,577.3,6338315.7,zenodo
p104,2014,1180.4,716.1,574.5,6350517.6,interpolated
p104,2015,1128.9,701.7,564.6,6282983.3,interpolated
p104,2016,1114.1,710.1,573.1,6419717.7,nrel
p104,2017,1072.5,705.8,571.0,6268340.9,nrel
p104,2018,1100.2,723.0,593.7,6459825.6,nrel
p104,2019,1097.9,697.2,565.9,6240386.4,nrel
p104,2020,1043.4,657.9,535.7,5901101.7,nrel
p104,2021,1051.2,679.4,555.8,6061511.7,nrel
p104,2022,1066.4,682.5,560.2,6112986.6,nrel
p104,2023,1027.3,669.0,560.0,5942927.7,nrel
p104,2024,1036.3,674.9,564.9,5994924.1,eia_scaled_2023
p104,2025,1027.3,669.0,560.0,5942927.7,held_2023
p104,2026,1027.3,669.0,560.0,5942927.7,held_latest
p104,2027,1027.3,669.0,560.0,5942927.7,held_latest
p104,2028,1027.3,669.0,560.0,5942927.7,held_latest
p104,2029,1027.3,669.0,560.0,5942927.7,held_latest
p104,2030,1027.3,669.0,560.0,5942927.7,held_latest
p105,2010,11360.6,6766.5,5346.2,61289259.8,zenodo
p105,2011,11868.1,6781.1,5519.2,61254508.5,zenodo
p105,2012,11083.8,6818.8,5649.9,61031181.9,zenodo
p105,2013,10747.9,6947.4,5680.7,61336489.5,zenodo
p105,2014,10832.9,6946.5,5695.8,61848820.8,interpolated
p105,2015,10647.4,6770.8,5568.0,60816932.9,interpolated
p105,2016,10254.3,6464.5,5332.4,58598365.6,nrel
p105,2017,9602.8,6309.0,5225.8,56272514.6,nrel
p105,2018,10131.8,6604.0,5508.8,59175449.8,nrel
p105,2019,10108.1,6463.5,5359.0,57932901.4,nrel
p105,2020,9884.6,6188.3,5045.4,55373523.0,nrel
p105,2021,10355.1,6333.6,5277.4,56924699.8,nrel
p105,2022,10052.5,6394.4,5245.4,57114644.9,nrel
p105,2023,10212.6,6179.8,5200.4,55167137.8,nrel
p105,2024,10611.3,6421.1,5403.4,57320595.7,eia_scaled_2023
p105,2025,10212.6,6179.8,5200.4,55167137.8,held_2023
p105,2026,10212.6,6179.8,5200.4,55167137.8,held_latest
p105,2027,10212.6,6179.8,5200.4,55167137.8,held_latest
p105,2028,10212.6,6179.8,5200.4,55167137.8,held_latest
p105,2029,10212.6,6179.8,5200.4,55167137.8,held_latest
p105,2030,10212.6,6179.8,5200.4,55167137.8,held_latest
p106,2010,3847.3,2288.3,1818.8,20735505.5,zenodo
p106,2011,4025.0,2290.4,1877.1,20725742.2,zenodo
p106,2012,3769.6,2302.7,1923.3,20652344.6,zenodo
p106,2013,3646.2,2346.2,1937.4,20747725.3,zenodo
p106,2014,3675.4,2345.2,1939.4,20906044.3,interpolated
p106,2015,3612.8,2285.2,1892.7,20542062.6,interpolated
p106,2016,3479.8,2181.1,1809.3,19777613.4,nrel
p106,2017,3283.0,2122.6,1772.9,18986914.5,nrel
p106,2018,3473.3,2244.2,1879.8,20121501.1,nrel
p106,2019,3508.8,2207.2,1846.4,19827709.3,nrel
p106,2020,3416.7,2128.7,1735.8,19044235.4,nrel
p106,2021,3631.8,2166.9,1815.2,19529831.3,nrel
p106,2022,3634.5,2196.1,1800.3,19629513.5,nrel
p106,2023,3628.4,2104.7,1770.2,18833177.4,nrel
p106,2024,3770.0,2186.9,1839.3,19568333.5,eia_scaled_2023
p106,2025,3628.4,2104.7,1770.2,18833177.4,held_2023
p106,2026,3628.4,2104.7,1770.2,18833177.4,held_latest
p106,2027,3628.4,2104.7,1770.2,18833177.4,held_latest
p106,2028,3628.4,2104.7,1770.2,18833177.4,held_latest
p106,2029,3628.4,2104.7,1770.2,18833177.4,held_latest
p106,2030,3628.4,2104.7,1770.2,18833177.4,held_latest
p107,2010,5931.2,3526.9,2802.9,31958229.7,zenodo
p107,2011,6202.6,3530.9,2892.1,31943308.3,zenodo
p107,2012,5810.0,3549.3,2963.8,31830331.5,zenodo
p107,2013,5618.9,3616.3,2986.1,31977266.1,zenodo
p107,2014,5651.3,3606.6,2982.4,32147744.4,interpolated
p107,2015,5542.4,3506.0,2903.6,31513466.7,interpolated
p107,2016,5325.6,3337.9,2768.8,30266582.6,nrel
p107,2017,4966.2,3210.5,2681.3,28717217.3,nrel
p107,2018,5487.0,3543.8,2968.6,31773805.3,nrel
p107,2019,5643.6,3547.9,2968.2,31873234.8,nrel
p107,2020,5422.4,3377.7,2754.6,30218597.6,nrel
p107,2021,5738.6,3423.7,2868.1,30854016.8,nrel
p107,2022,5659.4,3418.4,2801.5,30557715.2,nrel
p107,2023,5636.8,3271.3,2751.6,29271914.8,nrel
p107,2024,5856.8,3399.0,2859.0,30414548.6,eia_scaled_2023
p107,2025,5636.8,3271.3,2751.6,29271914.8,held_2023
p107,2026,5636.8,3271.3,2751.6,29271914.8,held_latest
p107,2027,5636.8,3271.3,2751.6,29271914.8,held_latest
p107,2028,5636.8,3271.3,2751.6,29271914.8,held_latest
p107,2029,5636.8,3271.3,2751.6,29271914.8,held_latest
p107,2030,5636.8,3271.3,2751.6,29271914.8,held_latest
p108,2010,1467.1,890.7,705.0,8036912.6,zenodo
p108,2011,1456.4,855.4,690.3,7687339.5,zenodo
p108,2012,1436.0,851.6,691.6,7641682.2,zenodo
p108,2013,1321.2,819.8,661.6,7268982.0,zenodo
p108,2014,1234.6,756.9,607.1,6784959.4,interpolated
p108,2015,1194.4,722.8,575.7,6556283.9,interpolated
p108,2016,1175.2,701.1,554.2,6442926.9,nrel
p108,2017,1202.7,692.6,554.3,6270050.6,nrel
p108,2018,1234.8,714.6,576.6,6529630.9,nrel
p108,2019,1190.4,701.6,556.6,6368857.3,nrel
p108,2020,1156.1,663.8,525.3,6022992.6,nrel
p108,2021,1225.3,695.0,556.1,6298525.3,nrel
p108,2022,1268.2,697.9,554.6,6356530.5,nrel
p108,2023,1209.3,663.0,541.6,6005722.9,nrel
p108,2024,1257.5,689.4,563.3,6245366.9,eia_scaled_2023
p108,2025,1209.3,663.0,541.6,6005722.9,held_2023
p108,2026,1209.3,663.0,541.6,6005722.9,held_latest
p108,2027,1209.3,663.0,541.6,6005722.9,held_latest
p108,2028,1209.3,663.0,541.6,6005722.9,held_latest
p108,2029,1209.3,663.0,541.6,6005722.9,held_latest
p108,2030,1209.3,663.0,541.6,6005722.9,held_latest
p109,2010,11792.9,7277.9,5726.7,65744356.7,zenodo
p109,2011,11730.5,6967.4,5589.6,62860740.4,zenodo
p109,2012,11501.2,6977.6,5609.2,62450716.4,zenodo
p109,2013,10641.6,6718.3,5334.0,59457380.6,zenodo
p109,2014,10049.0,6181.1,4889.3,55375160.2,interpolated
p109,2015,9831.6,5878.8,4630.9,53380124.6,interpolated
p109,2016,9790.9,5677.0,4450.9,52319895.8,nrel
p109,2017,9580.5,5631.4,4451.8,51106437.0,nrel
p109,2018,11043.6,5911.5,4730.8,53934049.7,nrel
p109,2019,10475.1,5860.2,4591.3,53128021.5,nrel
p109,2020,9687.3,5568.5,4373.0,50620120.9,nrel
p109,2021,10204.6,5798.8,4577.4,52540744.6,nrel
p109,2022,11733.0,5831.7,4593.3,53155914.9,nrel
p109,2023,9939.6,5556.9,4513.8,50293990.0,nrel
p109,2024,10336.2,5778.7,4693.9,52300851.3,eia_scaled_2023
p109,2025,9939.6,5556.9,4513.8,50293990.0,held_2023
p109,2026,9939.6,5556.9,4513.8,50293990.0,held_latest
p109,2027,9939.6,5556.9,4513.8,50293990.0,held_latest
p109,2028,9939.6,5556.9,4513.8,50293990.0,held_latest
p109,2029,9939.6,5556.9,4513.8,50293990.0,held_latest
p109,2030,9939.6,5556.9,4513.8,50293990.0,held_latest
p11,2010,4543.4,2564.1,2024.3,22608223.2,zenodo
p11,2011,4439.6,2595.7,2046.7,22939451.2,zenodo
p11,2012,4583.6,2576.6,2013.1,22836250.6,zenodo
p11,2013,4331.2,2622.7,2079.8,23160721.4,zenodo
p11,2014,4508.8,2638.6,2061.6,23299730.7,interpolated
p11,2015,4664.6,2640.6,2032.1,23316716.3,interpolated
p11,2016,4750.4,2603.8,1973.1,22990559.4,nrel
p11,2017,5189.8,2633.5,1997.0,23218733.8,nrel
p11,2018,5167.3,2612.2,2013.5,23228491.4,nrel
p11,2019,4724.0,2557.4,2096.1,22961946.9,nrel
p11,2020,5306.0,2519.8,2043.3,22909866.5,nrel
p11,2021,4514.6,2539.3,2101.6,22894575.0,nrel
p11,2022,5317.5,2617.8,2141.8,23733044.0,nrel
p11,2023,4501.2,2574.4,2103.8,22971900.3,nrel
p11,2024,4619.5,2642.0,2159.0,23575223.1,eia_scaled_2023
p11,2025,4501.2,2574.4,2103.8,22971900.3,held_2023
p11,2026,4501.2,2574.4,2103.8,22971900.3,held_latest
p11,2027,4501.2,2574.4,2103.8,22971900.3,held_latest
p11,2028,4501.2,2574.4,2103.8,22971900.3,held_latest
p11,2029,4501.2,2574.4,2103.8,22971900.3,held_latest
p11,2030,4501.2,2574.4,2103.8,22971900.3,held_latest
p110,2010,1022.4,670.8,530.8,6000166.0,zenodo
p110,2011,1004.5,644.1,518.5,5737680.6,zenodo
p110,2012,985.9,644.9,520.6,5698412.8,zenodo
p110,2013,919.6,616.3,491.6,5433765.0,zenodo
p110,2014,871.5,572.1,457.3,5088406.9,interpolated
p110,2015,855.8,549.6,440.2,4934122.0,interpolated
p110,2016,855.7,536.6,430.9,4867171.3,nrel
p110,2017,805.7,521.5,420.1,4650525.2,nrel
p110,2018,865.4,540.9,440.8,4839570.3,nrel
p110,2019,854.2,524.3,421.9,4695559.2,nrel
p110,2020,794.9,505.5,408.9,4540620.1,nrel
p110,2021,810.8,520.8,423.6,4657220.7,nrel
p110,2022,862.9,518.3,422.5,4654987.1,nrel
p110,2023,753.3,488.0,406.5,4345382.7,nrel
p110,2024,783.3,507.5,422.7,4518774.8,eia_scaled_2023
p110,2025,753.3,488.0,406.5,4345382.7,held_2023
p110,2026,753.3,488.0,406.5,4345382.7,held_latest
p110,2027,753.3,488.0,406.5,4345382.7,held_latest
p110,2028,753.3,488.0,406.5,4345382.7,held_latest
p110,2029,753.3,488.0,406.5,4345382.7,held_latest
p110,2030,753.3,488.0,406.5,4345382.7,held_latest
p111,2010,10616.7,6743.5,5336.8,60404387.4,zenodo
p111,2011,11525.4,6823.1,5461.8,60717135.3,zenodo
p111,2012,11096.2,6751.6,5423.1,59915656.6,zenodo
p111,2013,10721.9,6674.6,5320.3,58978831.0,zenodo
p111,2014,10833.1,6661.5,5327.9,59198814.7,interpolated
p111,2015,10813.7,6568.8,5271.7,58708394.6,interpolated
p111,2016,10987.5,6593.5,5309.7,59267235.0,nrel
p111,2017,10391.5,6505.8,5257.5,57458414.7,nrel
p111,2018,11100.7,6707.2,5475.5,59856254.0,nrel
p111,2019,10920.1,6473.5,5266.4,57892534.2,nrel
p111,2020,10883.0,6199.2,5004.8,55773150.8,nrel
p111,2021,10966.1,6436.5,5275.0,57559423.4,nrel
p111,2022,11076.1,6506.0,5321.9,58068989.0,nrel
p111,2023,10401.5,6430.5,5343.1,56854632.2,nrel
p111,2024,10917.7,6749.7,5608.2,59676024.4,eia_scaled_2023
p111,2025,10401.5,6430.5,5343.1,56854632.2,held_2023
p111,2026,10401.5,6430.5,5343.1,56854632.2,held_latest
p111,2027,10401.5,6430.5,5343.1,56854632.2,held_latest
p111,2028,10401.5,6430.5,5343.1,56854632.2,held_latest
p111,2029,10401.5,6430.5,5343.1,56854632.2,held_latest
p111,2030,10401.5,6430.5,5343.1,56854632.2,held_latest
p112,2010,9901.1,6480.9,5082.3,58099740.4,zenodo
p112,2011,10744.6,6540.3,5232.2,58367757.4,zenodo
p112,2012,10341.2,6483.9,5190.3,57571096.2,zenodo
p112,2013,9968.5,6422.6,5067.1,56709093.3,zenodo
p112,2014,9975.7,6383.5,5069.2,56791998.8,interpolated
p112,2015,9863.5,6268.3,5010.5,56194385.1,interpolated
p112,2016,9927.6,6265.3,5041.5,56601368.6,nrel
p112,2017,9542.2,6230.5,5028.4,55298188.2,nrel
p112,2018,9840.5,6469.2,5296.1,57783048.3,nrel
p112,2019,9846.6,6287.3,5094.0,56330053.4,nrel
p112,2020,9657.9,6006.2,4871.9,53860626.4,nrel
p112,2021,9825.2,6257.1,5107.0,55830044.9,nrel
p112,2022,9820.9,6338.6,5180.3,56722242.2,nrel
p112,2023,9630.5,6272.2,5232.3,55692507.4,nrel
p112,2024,10108.4,6583.5,5491.9,58456229.5,eia_scaled_2023
p112,2025,9630.5,6272.2,5232.3,55692507.4,held_2023
p112,2026,9630.5,6272.2,5232.3,55692507.4,held_latest
p112,2027,9630.5,6272.2,5232.3,55692507.4,held_latest
p112,2028,9630.5,6272.2,5232.3,55692507.4,held_latest
p112,2029,9630.5,6272.2,5232.3,55692507.4,held_latest
p112,2030,9630.5,6272.2,5232.3,55692507.4,held_latest
p113,2010,2513.9,1616.5,1257.9,14472440.1,zenodo
p113,2011,2734.0,1634.8,1293.6,14540751.7,zenodo
p113,2012,2671.4,1613.9,1280.5,14350061.2,zenodo
p113,2013,2538.8,1602.3,1255.2,14124361.0,zenodo
p113,2014,2574.1,1595.5,1249.5,14160823.8,interpolated
p113,2015,2578.2,1569.7,1229.0,14027478.8,interpolated
p113,2016,2628.3,1572.0,1230.5,14144872.5,nrel
p113,2017,2514.6,1560.0,1221.2,13785786.5,nrel
p113,2018,2626.7,1608.5,1278.5,14366356.2,nrel
p113,2019,2712.4,1557.5,1226.0,13974045.8,nrel
p113,2020,2628.9,1493.1,1167.1,13394944.3,nrel
p113,2021,2668.3,1558.6,1228.9,13904253.7,nrel
p113,2022,2725.2,1573.1,1235.5,14037844.4,nrel
p113,2023,2594.8,1555.6,1251.8,13778400.5,nrel
p113,2024,2723.5,1632.8,1313.9,14462149.1,eia_scaled_2023
p113,2025,2594.8,1555.6,1251.8,13778400.5,held_2023
p113,2026,2594.8,1555.6,1251.8,13778400.5,held_latest
p113,2027,2594.8,1555.6,1251.8,13778400.5,held_latest
p113,2028,2594.8,1555.6,1251.8,13778400.5,held_latest
p113,2029,2594.8,1555.6,1251.8,13778400.5,held_latest
p113,2030,2594.8,1555.6,1251.8,13778400.5,held_latest
p114,2010,4057.5,2474.7,1935.3,22295534.0,zenodo
p114,2011,4419.4,2501.6,1993.6,22405843.6,zenodo
p114,2012,4303.2,2458.7,1971.1,22121670.9,zenodo
p114,2013,4105.4,2450.5,1952.6,21746389.7,zenodo
p114,2014,4138.5,2429.6,1934.7,21794439.0,interpolated
p114,2015,4121.9,2379.7,1893.8,21581206.1,interpolated
p114,2016,4178.9,2372.5,1886.8,21753750.2,nrel
p114,2017,4013.5,2363.4,1874.0,21244226.7,nrel
p114,2018,4133.4,2438.5,1991.8,22200732.9,nrel
p114,2019,4012.0,2392.0,1904.7,21650804.4,nrel
p114,2020,4062.7,2311.4,1841.5,20970362.7,nrel
p114,2021,4373.3,2393.5,1925.6,21763228.3,nrel
p114,2022,4274.5,2446.2,1953.0,22097408.7,nrel
p114,2023,4377.8,2411.1,1972.1,21731778.6,nrel
p114,2024,4595.0,2530.7,2070.0,22810210.9,eia_scaled_2023
p114,2025,4377.8,2411.1,1972.1,21731778.6,held_2023
p114,2026,4377.8,2411.1,1972.1,21731778.6,held_latest
p114,2027,4377.8,2411.1,1972.1,21731778.6,held_latest
p114,2028,4377.8,2411.1,1972.1,21731778.6,held_latest
p114,2029,4377.8,2411.1,1972.1,21731778.6,held_latest
p114,2030,4377.8,2411.1,1972.1,21731778.6,held_latest
p115,2010,5326.4,3078.2,2415.6,27587689.5,zenodo
p115,2011,5606.1,3094.1,2459.3,27586660.6,zenodo
p115,2012,5325.4,3011.4,2406.8,27011790.7,zenodo
p115,2013,5457.0,3093.6,2443.3,27498766.2,zenodo
p115,2014,5388.1,3086.4,2453.9,27644967.7,interpolated
p115,2015,5272.2,3052.2,2443.0,27550258.9,interpolated
p115,2016,5181.7,3032.6,2443.8,27585608.9,nrel
p115,2017,5009.8,3025.4,2428.4,26944997.5,nrel
p115,2018,5169.8,3127.1,2558.3,28010560.5,nrel
p115,2019,4946.8,3065.3,2480.0,27422197.3,nrel
p115,2020,5105.1,2931.0,2384.6,26560973.1,nrel
p115,2021,5286.1,3033.5,2466.7,27218354.9,nrel
p115,2022,5256.2,3072.4,2511.7,27665649.5,nrel
p115,2023,4972.7,2997.0,2468.3,26678762.1,nrel
p115,2024,5049.5,3043.3,2506.5,27090710.6,eia_scaled_2023
p115,2025,4972.7,2997.0,2468.3,26678762.1,held_2023
p115,2026,4972.7,2997.0,2468.3,26678762.1,held_latest
p115,2027,4972.7,2997.0,2468.3,26678762.1,held_latest
p115,2028,4972.7,2997.0,2468.3,26678762.1,held_latest
p115,2029,4972.7,2997.0,2468.3,26678762.1,held_latest
p115,2030,4972.7,2997.0,2468.3,26678762.1,held_latest
p116,2010,3383.5,2220.0,1726.3,19808452.9,zenodo
p116,2011,3580.0,2183.8,1716.1,19358161.2,zenodo
p116,2012,3417.3,2160.2,1701.6,19089970.9,zenodo
p116,2013,3469.3,2208.2,1722.0,19493488.9,zenodo
p116,2014,3611.4,2281.7,1795.1,20333675.8,interpolated
p116,2015,3551.5,2227.1,1767.9,20037012.4,interpolated
p116,2016,3493.8,2174.6,1741.7,19751179.4,nrel
p116,2017,3471.6,2216.5,1776.3,19790904.7,nrel
p116,2018,3768.3,2349.1,1890.7,20857755.8,nrel
p116,2019,3966.0,2357.2,1882.2,20999148.2,nrel
p116,2020,3582.1,2231.9,1815.7,20153213.1,nrel
p116,2021,3698.9,2319.6,1868.3,20684781.7,nrel
p116,2022,3831.9,2295.7,1852.8,20678090.3,nrel
p116,2023,3593.6,2284.3,1874.4,20324027.9,nrel
p116,2024,3704.2,2354.5,1932.0,20949318.0,eia_scaled_2023
p116,2025,3593.6,2284.3,1874.4,20324027.9,held_2023
p116,2026,3593.6,2284.3,1874.4,20324027.9,held_latest
p116,2027,3593.6,2284.3,1874.4,20324027.9,held_latest
p116,2028,3593.6,2284.3,1874.4,20324027.9,held_latest
p116,2029,3593.6,2284.3,1874.4,20324027.9,held_latest
p116,2030,3593.6,2284.3,1874.4,20324027.9,held_latest
p117,2010,2181.0,1422.5,1117.9,12668982.1,zenodo
p117,2011,2317.3,1400.5,1110.2,12384477.8,zenodo
p117,2012,2226.9,1380.3,1100.1,12216919.1,zenodo
p117,2013,2244.7,1414.7,1118.3,12467049.1,zenodo
p117,2014,2321.3,1469.5,1169.3,13062801.3,interpolated
p117,2015,2267.6,1442.0,1155.0,12929274.4,interpolated
p117,2016,2216.0,1415.6,1141.2,12800588.2,nrel
p117,2017,2147.7,1415.1,1143.9,12575950.8,nrel
p117,2018,2273.4,1484.5,1217.7,13261834.1,nrel
p117,2019,2306.3,1456.1,1179.6,13033177.1,nrel
p117,2020,2237.0,1415.1,1151.9,12698102.6,nrel
p117,2021,2228.8,1445.2,1181.1,12886632.9,nrel
p117,2022,2262.7,1437.7,1179.5,12877205.8,nrel
p117,2023,2149.5,1401.3,1173.4,12457842.0,nrel
p117,2024,2215.7,1444.5,1209.5,12841120.6,eia_scaled_2023
p117,2025,2149.5,1401.3,1173.4,12457842.0,held_2023
p117,2026,2149.5,1401.3,1173.4,12457842.0,held_latest
p117,2027,2149.5,1401.3,1173.4,12457842.0,held_latest
p117,2028,2149.5,1401.3,1173.4,12457842.0,held_latest
p117,2029,2149.5,1401.3,1173.4,12457842.0,held_latest
p117,2030,2149.5,1401.3,1173.4,12457842.0,held_latest
p118,2010,2792.6,1757.4,1361.6,15837182.8,zenodo
p118,2011,2880.9,1709.1,1353.3,15331946.0,zenodo
p118,2012,2869.2,1684.2,1334.8,15034048.9,zenodo
p118,2013,2729.8,1749.0,1372.4,15476031.4,zenodo
p118,2014,2738.2,1750.1,1386.6,15614628.8,interpolated
p118,2015,2755.4,1756.8,1405.4,15803695.6,interpolated
p118,2016,2752.1,1750.5,1413.7,15875496.5,nrel
p118,2017,2690.8,1755.5,1419.6,15622708.5,nrel
p118,2018,2851.7,1837.8,1507.1,16449423.5,nrel
p118,2019,2910.2,1832.2,1484.3,16399588.4,nrel
p118,2020,2813.1,1776.1,1447.2,15968468.0,nrel
p118,2021,2944.7,1897.2,1549.4,16933331.0,nrel
p118,2022,3138.9,1983.4,1626.3,17798721.3,nrel
p118,2023,3081.7,1991.7,1667.3,17730804.1,nrel
p118,2024,3167.4,2047.1,1713.7,18223992.1,eia_scaled_2023
p118,2025,3081.7,1991.7,1667.3,17730804.1,held_2023
p118,2026,3081.7,1991.7,1667.3,17730804.1,held_latest
p118,2027,3081.7,1991.7,1667.3,17730804.1,held_latest
p118,2028,3081.7,1991.7,1667.3,17730804.1,held_latest
p118,2029,3081.7,1991.7,1667.3,17730804.1,held_latest
p118,2030,3081.7,1991.7,1667.3,17730804.1,held_latest
p119,2010,587.8,363.8,281.7,3238384.0,zenodo
p119,2011,619.0,364.4,286.6,3237723.0,zenodo
p119,2012,590.6,356.6,281.1,3168726.7,zenodo
p119,2013,601.5,365.2,282.4,3230702.7,zenodo
p119,2014,594.3,363.2,283.5,3238662.4,interpolated
p119,2015,582.0,358.0,282.1,3218401.1,interpolated
p119,2016,572.4,354.5,282.0,3213372.2,nrel
p119,2017,556.7,356.8,284.3,3182546.5,nrel
p119,2018,598.6,371.3,297.2,3294871.5,nrel
p119,2019,578.7,341.9,271.9,3045623.6,nrel
p119,2020,535.9,333.3,269.7,3002540.4,nrel
p119,2021,550.7,343.2,274.2,3054689.6,nrel
p119,2022,555.0,337.1,270.1,3032887.9,nrel
p119,2023,504.3,317.3,258.5,2819498.8,nrel
p119,2024,512.1,322.2,262.5,2863034.9,eia_scaled_2023
p119,2025,504.3,317.3,258.5,2819498.8,held_2023
p119,2026,504.3,317.3,258.5,2819498.8,held_latest
p119,2027,504.3,317.3,258.5,2819498.8,held_latest
p119,2028,504.3,317.3,258.5,2819498.8,held_latest
p119,2029,504.3,317.3,258.5,2819498.8,held_latest
p119,2030,504.3,317.3,258.5,2819498.8,held_latest
p12,2010,1875.0,956.4,819.4,8965634.6,zenodo
p12,2011,1856.3,973.1,833.9,9018672.3,zenodo
p12,2012,1940.2,995.0,859.9,9353189.7,zenodo
p12,2013,2042.3,1006.4,854.3,9407663.2,zenodo
p12,2014,2045.6,1002.1,842.3,9364672.9,interpolated
p12,2015,2123.0,1034.1,860.7,9660693.0,interpolated
p12,2016,2148.3,1040.7,857.8,9718817.1,nrel
p12,2017,2092.4,1045.9,865.1,9789339.6,nrel
p12,2018,2173.0,1063.4,900.5,10069178.3,nrel
p12,2019,2054.7,1056.7,891.7,9822612.5,nrel
p12,2020,2261.0,1096.1,913.7,10340627.1,nrel
p12,2021,2388.6,1104.4,935.4,10589790.4,nrel
p12,2022,2268.5,1125.7,954.6,10627565.3,nrel
p12,2023,2309.4,1112.5,948.2,10357549.8,nrel
p12,2024,2462.0,1186.0,1010.8,11042005.2,eia_scaled_2023
p12,2025,2309.4,1112.5,948.2,10357549.8,held_2023
p12,2026,2309.4,1112.5,948.2,10357549.8,held_latest
p12,2027,2309.4,1112.5,948.2,10357549.8,held_latest
p12,2028,2309.4,1112.5,948.2,10357549.8,held_latest
p12,2029,2309.4,1112.5,948.2,10357549.8,held_latest
p12,2030,2309.4,1112.5,948.2,10357549.8,held_latest
p120,2010,349.8,217.3,168.6,1934085.5,zenodo
p120,2011,368.4,217.7,171.5,1933744.1,zenodo
p120,2012,353.3,213.0,168.3,1892524.8,zenodo
p120,2013,358.0,218.1,169.2,1929581.0,zenodo
p120,2014,353.3,217.0,169.9,1934154.1,interpolated
p120,2015,345.5,213.9,169.1,1921873.4,interpolated
p120,2016,339.4,211.9,169.1,1918689.5,nrel
p120,2017,329.9,212.5,169.8,1895152.8,nrel
p120,2018,356.7,222.5,178.4,1974221.5,nrel
p120,2019,366.5,217.5,172.9,1935382.2,nrel
p120,2020,328.9,204.1,165.5,1840554.0,nrel
p120,2021,340.7,212.4,170.2,1891718.2,nrel
p120,2022,353.6,214.3,171.5,1925251.1,nrel
p120,2023,331.4,208.6,170.4,1853468.2,nrel
p120,2024,336.5,211.8,173.0,1882087.7,eia_scaled_2023
p120,2025,331.4,208.6,170.4,1853468.2,held_2023
p120,2026,331.4,208.6,170.4,1853468.2,held_latest
p120,2027,331.4,208.6,170.4,1853468.2,held_latest
p120,2028,331.4,208.6,170.4,1853468.2,held_latest
p120,2029,331.4,208.6,170.4,1853468.2,held_latest
p120,2030,331.4,208.6,170.4,1853468.2,held_latest
p121,2010,1019.1,644.7,500.0,5741158.4,zenodo
p121,2011,1045.5,631.2,494.3,5585993.8,zenodo
p121,2012,1024.9,611.8,481.9,5422070.2,zenodo
p121,2013,986.1,616.9,474.5,5445102.8,zenodo
p121,2014,981.6,610.5,474.1,5435396.3,interpolated
p121,2015,980.7,606.2,475.6,5445674.9,interpolated
p121,2016,970.9,596.5,472.7,5406912.9,nrel
p121,2017,920.3,591.4,467.5,5271222.6,nrel
p121,2018,1005.4,618.6,491.5,5491260.5,nrel
p121,2019,1003.7,596.8,468.3,5299190.7,nrel
p121,2020,895.9,549.1,439.2,4944124.3,nrel
p121,2021,945.0,579.3,459.4,5158363.1,nrel
p121,2022,972.0,588.1,464.7,5281800.0,nrel
p121,2023,916.7,574.9,460.5,5092516.9,nrel
p121,2024,945.0,592.6,474.7,5249419.0,eia_scaled_2023
p121,2025,916.7,574.9,460.5,5092516.9,held_2023
p121,2026,916.7,574.9,460.5,5092516.9,held_latest
p121,2027,916.7,574.9,460.5,5092516.9,held_latest
p121,2028,916.7,574.9,460.5,5092516.9,held_latest
p121,2029,916.7,574.9,460.5,5092516.9,held_latest
p121,2030,916.7,574.9,460.5,5092516.9,held_latest
p122,2010,22871.0,13326.2,10215.3,119057043.9,zenodo
p122,2011,24400.0,13370.3,10406.2,119039506.3,zenodo
p122,2012,23219.8,13053.7,10153.5,116552522.7,zenodo
p122,2013,23400.8,13344.8,10332.4,118676531.1,zenodo
p122,2014,23009.9,13324.8,10338.1,118984425.3,interpolated
p122,2015,22418.6,13188.7,10253.8,118255512.2,interpolated
p122,2016,21935.3,13115.3,10218.1,118086224.8,nrel
p122,2017,21597.6,13181.3,10302.2,116642490.0,nrel
p122,2018,22678.9,13625.1,10798.8,121379057.3,nrel
p122,2019,22139.7,13238.2,10405.4,118368054.3,nrel
p122,2020,21566.0,12651.9,10086.1,113915382.1,nrel
p122,2021,22822.9,13139.0,10341.4,117413285.2,nrel
p122,2022,22738.5,13277.4,10461.6,119440972.7,nrel
p122,2023,22009.3,12925.9,10363.5,115119009.4,nrel
p122,2024,22349.1,13125.5,10523.5,116896569.7,eia_scaled_2023
p122,2025,22009.3,12925.9,10363.5,115119009.4,held_2023
p122,2026,22009.3,12925.9,10363.5,115119009.4,held_latest
p122,2027,22009.3,12925.9,10363.5,115119009.4,held_latest
p122,2028,22009.3,12925.9,10363.5,115119009.4,held_latest
p122,2029,22009.3,12925.9,10363.5,115119009.4,held_latest
p122,2030,22009.3,12925.9,10363.5,115119009.4,held_latest
p123,2010,14322.9,8004.5,6086.2,72478144.6,zenodo
p123,2011,14945.0,7816.2,6063.3,70522822.2,zenodo
p123,2012,14338.5,7575.8,5865.3,68482483.8,zenodo
p123,2013,14247.2,7644.8,5861.0,68594964.2,zenodo
p123,2014,14299.5,7562.1,5809.6,68602607.0,interpolated
p123,2015,14404.8,7506.9,5779.3,68863115.6,interpolated
p123,2016,14380.4,7384.2,5697.0,68503410.3,nrel
p123,2017,13636.5,7273.3,5582.9,66007854.1,nrel
p123,2018,14280.9,7640.2,5939.3,69538536.3,nrel
p123,2019,14094.7,7498.7,5799.9,68297343.0,nrel
p123,2020,14024.8,6954.1,5389.4,64050730.8,nrel
p123,2021,13603.1,7165.4,5512.5,65112144.0,nrel
p123,2022,13719.7,7148.4,5535.2,65891137.7,nrel
p123,2023,13767.1,6955.2,5456.6,63231290.1,nrel
p123,2024,14191.3,7169.5,5624.7,65179466.5,eia_scaled_2023
p123,2025,13767.1,6955.2,5456.6,63231290.1,held_2023
p123,2026,13767.1,6955.2,5456.6,63231290.1,held_latest
p123,2027,13767.1,6955.2,5456.6,63231290.1,held_latest
p123,2028,13767.1,6955.2,5456.6,63231290.1,held_latest
p123,2029,13767.1,6955.2,5456.6,63231290.1,held_latest
p123,2030,13767.1,6955.2,5456.6,63231290.1,held_latest
p124,2010,124.1,67.3,49.7,613740.3,zenodo
p124,2011,129.2,64.7,49.7,593971.5,zenodo
p124,2012,124.2,63.7,48.8,582235.9,zenodo
p124,2013,123.4,66.6,50.3,598227.0,zenodo
p124,2014,128.0,66.5,50.5,604759.4,interpolated
p124,2015,133.0,66.5,50.9,613250.9,interpolated
p124,2016,137.1,66.1,50.9,617191.7,nrel
p124,2017,127.0,65.8,50.5,604850.8,nrel
p124,2018,132.3,69.2,53.3,633777.9,nrel
p124,2019,136.1,68.3,52.1,625039.3,nrel
p124,2020,141.8,67.7,53.3,630783.1,nrel
p124,2021,141.1,73.4,57.8,672061.9,nrel
p124,2022,150.3,75.6,58.0,701072.8,nrel
p124,2023,159.5,77.1,59.6,703308.1,nrel
p124,2024,163.9,79.2,61.2,722870.8,eia_scaled_2023
p124,2025,159.5,77.1,59.6,703308.1,held_2023
p124,2026,159.5,77.1,59.6,703308.1,held_latest
p124,2027,159.5,77.1,59.6,703308.1,held_latest
p124,2028,159.5,77.1,59.6,703308.1,held_latest
p124,2029,159.5,77.1,59.6,703308.1,held_latest
p124,2030,159.5,77.1,59.6,703308.1,held_latest
p125,2010,2652.0,1268.0,967.0,11615864.0,zenodo
p125,2011,2837.0,1304.0,1015.0,11909815.0,zenodo
p125,2012,2886.0,1348.0,1043.0,12288836.0,zenodo
p125,2013,2831.0,1344.5,1044.0,12169824.0,zenodo
p125,2014,2777.0,1325.4,1026.4,12126757.6,interpolated
p125,2015,2782.1,1334.6,1030.8,12345276.7,interpolated
p125,2016,2692.2,1298.3,999.9,12142153.5,nrel
p125,2017,2535.3,1305.6,994.9,11996434.4,nrel
p125,2018,2622.6,1371.4,1055.3,12565628.0,nrel
p125,2019,2665.7,1338.5,1022.4,12257917.0,nrel
p125,2020,2678.9,1278.3,1003.8,11941883.4,nrel
p125,2021,2579.0,1344.0,1052.1,12309768.6,nrel
p125,2022,2667.1,1343.9,1035.5,12471842.4,nrel
p125,2023,2686.2,1304.0,1016.5,11939949.1,nrel
p125,2024,2746.9,1333.4,1039.4,12209478.2,eia_scaled_2023
p125,2025,2686.2,1304.0,1016.5,11939949.1,held_2023
p125,2026,2686.2,1304.0,1016.5,11939949.1,held_latest
p125,2027,2686.2,1304.0,1016.5,11939949.1,held_latest
p125,2028,2686.2,1304.0,1016.5,11939949.1,held_latest
p125,2029,2686.2,1304.0,1016.5,11939949.1,held_latest
p125,2030,2686.2,1304.0,1016.5,11939949.1,held_latest
p126,2010,18273.0,8792.5,6708.9,80443740.0,zenodo
p126,2011,18604.0,8618.5,6701.0,78542774.0,zenodo
p126,2012,18037.0,8481.0,6560.0,77196442.0,zenodo
p126,2013,17896.0,8545.0,6641.0,77263839.0,zenodo
p126,2014,17817.7,8348.3,6484.9,76283746.0,interpolated
p126,2015,18505.9,8508.9,6606.3,78578009.5,interpolated
p126,2016,18491.7,8344.0,6474.9,77879465.0,nrel
p126,2017,18069.4,8374.6,6545.9,76241542.0,nrel
p126,2018,18688.5,8558.0,6747.2,78899955.3,nrel
p126,2019,18609.2,8363.6,6642.1,77230818.7,nrel
p126,2020,18355.9,8073.7,6364.6,75278923.8,nrel
p126,2021,18909.2,8186.5,6486.0,76092781.7,nrel
p126,2022,19070.5,8429.0,6676.4,78319103.0,nrel
p126,2023,18117.3,8131.6,6592.0,74999723.2,nrel
p126,2024,18684.9,8386.3,6798.6,77349400.2,eia_scaled_2023
p126,2025,18117.3,8131.6,6592.0,74999723.2,held_2023
p126,2026,18117.3,8131.6,6592.0,74999723.2,held_latest
p126,2027,18117.3,8131.6,6592.0,74999723.2,held_latest
p126,2028,18117.3,8131.6,6592.0,74999723.2,held_latest
p126,2029,18117.3,8131.6,6592.0,74999723.2,held_latest
p126,2030,18117.3,8131.6,6592.0,74999723.2,held_latest
p127,2010,24606.2,14246.4,10792.3,125116908.6,zenodo
p127,2011,24931.5,14265.5,10942.5,124662993.3,zenodo
p127,2012,23973.3,14151.6,10863.5,123978217.7,zenodo
p127,2013,25779.0,14637.8,11355.9,128466801.7,zenodo
p127,2014,25576.8,14535.0,11241.8,128164805.0,interpolated
p127,2015,25669.7,14600.1,11257.3,129345809.3,interpolated
p127,2016,25394.2,14455.7,11111.1,128672774.0,nrel
p127,2017,23681.5,14390.5,11157.6,126327582.3,nrel
p127,2018,25589.9,14704.3,11497.7,130607715.1,nrel
p127,2019,24458.6,14293.4,11244.4,126896008.9,nrel
p127,2020,24722.3,13639.4,10836.6,123115531.3,nrel
p127,2021,25248.3,13840.5,11064.8,123913850.4,nrel
p127,2022,24748.0,14037.6,11190.5,126012101.7,nrel
p127,2023,24897.0,13798.9,11155.2,123044518.6,nrel
p127,2024,25061.1,13889.9,11228.7,123855835.6,eia_scaled_2023
p127,2025,24897.0,13798.9,11155.2,123044518.6,held_2023
p127,2026,24897.0,13798.9,11155.2,123044518.6,held_latest
p127,2027,24897.0,13798.9,11155.2,123044518.6,held_latest
p127,2028,24897.0,13798.9,11155.2,123044518.6,held_latest
p127,2029,24897.0,13798.9,11155.2,123044518.6,held_latest
p127,2030,24897.0,13798.9,11155.2,123044518.6,held_latest
p128,2010,5100.8,2319.4,1710.6,21209436.4,zenodo
p128,2011,5169.3,2324.2,1717.9,21122054.7,zenodo
p128,2012,4956.6,2305.1,1709.3,21021831.3,zenodo
p128,2013,5344.0,2398.0,1797.2,21741979.3,zenodo
p128,2014,5354.5,2361.1,1766.9,21659030.3,interpolated
p128,2015,5427.1,2351.3,1756.9,21826514.9,interpolated
p128,2016,5422.1,2307.7,1721.7,21681046.7,nrel
p128,2017,5284.1,2334.1,1745.8,21402058.7,nrel
p128,2018,5667.6,2393.1,1806.7,22299395.1,nrel
p128,2019,5731.2,2350.9,1791.3,21822445.3,nrel
p128,2020,5675.0,2239.8,1669.5,21099011.3,nrel
p128,2021,5598.2,2344.8,1759.4,21852098.9,nrel
p128,2022,5949.6,2422.7,1780.6,22614582.8,nrel
p128,2023,5856.2,2407.7,1776.8,22292137.3,nrel
p128,2024,5894.8,2423.6,1788.6,22439124.6,eia_scaled_2023
p128,2025,5856.2,2407.7,1776.8,22292137.3,held_2023
p128,2026,5856.2,2407.7,1776.8,22292137.3,held_latest
p128,2027,5856.2,2407.7,1776.8,22292137.3,held_latest
p128,2028,5856.2,2407.7,1776.8,22292137.3,held_latest
p128,2029,5856.2,2407.7,1776.8,22292137.3,held_latest
p128,2030,5856.2,2407.7,1776.8,22292137.3,held_latest
p129,2010,1037.0,650.0,474.0,5608626.0,zenodo
p129,2011,1045.0,650.0,476.0,5562726.0,zenodo
p129,2012,997.0,642.0,472.0,5529696.0,zenodo
p129,2013,1042.0,647.0,481.0,5614098.0,zenodo
p129,2014,1004.5,643.9,486.8,5608285.1,interpolated
p129,2015,963.1,638.3,490.6,5579839.1,interpolated
p129,2016,928.5,637.1,497.9,5590796.3,nrel
p129,2017,952.5,632.2,496.6,5524878.0,nrel
p129,2018,959.8,642.9,506.3,5651328.1,nrel
p129,2019,965.0,630.5,491.4,5564105.4,nrel
p129,2020,947.7,619.8,480.9,5489676.4,nrel
p129,2021,952.5,632.1,490.1,5573795.2,nrel
p129,2022,995.9,638.0,490.0,5640757.2,nrel
p129,2023,1029.3,629.9,487.1,5561373.3,nrel
p129,2024,1041.9,637.6,493.1,5629366.6,eia_scaled_2023
p129,2025,1029.3,629.9,487.1,5561373.3,held_2023
p129,2026,1029.3,629.9,487.1,5561373.3,held_latest
p129,2027,1029.3,629.9,487.1,5561373.3,held_latest
p129,2028,1029.3,629.9,487.1,5561373.3,held_latest
p129,2029,1029.3,629.9,487.1,5561373.3,held_latest
p129,2030,1029.3,629.9,487.1,5561373.3,held_latest
p13,2010,5301.0,2614.8,2252.7,24916735.4,zenodo
p13,2011,5280.7,2655.8,2298.4,25051645.7,zenodo
p13,2012,5507.8,2718.9,2355.0,26003205.3,zenodo
p13,2013,5747.8,2757.4,2348.5,26132231.8,zenodo
p13,2014,5749.5,2738.9,2315.8,25946944.8,interpolated
p13,2015,5959.5,2819.5,2366.8,26700649.2,interpolated
p13,2016,6023.2,2830.5,2359.1,26795836.4,nrel
p13,2017,6091.8,2877.2,2378.9,27252381.2,nrel
p13,2018,6289.7,2922.7,2467.3,28169476.1,nrel
p13,2019,5983.0,2937.8,2476.1,27748858.7,nrel
p13,2020,6551.1,2971.4,2485.9,28570430.2,nrel
p13,2021,6771.4,3036.5,2534.7,29293215.8,nrel
p13,2022,6590.8,3119.7,2579.3,29807392.9,nrel
p13,2023,6569.9,3116.5,2603.9,29287785.2,nrel
p13,2024,7004.0,3322.5,2776.0,31223202.7,eia_scaled_2023
p13,2025,6569.9,3116.5,2603.9,29287785.2,held_2023
p13,2026,6569.9,3116.5,2603.9,29287785.2,held_latest
p13,2027,6569.9,3116.5,2603.9,29287785.2,held_latest
p13,2028,6569.9,3116.5,2603.9,29287785.2,held_latest
p13,2029,6569.9,3116.5,2603.9,29287785.2,held_latest
p13,2030,6569.9,3116.5,2603.9,29287785.2,held_latest
p130,2010,2246.0,1267.0,892.0,10959220.0,zenodo
p130,2011,2283.0,1274.0,907.0,10918232.0,zenodo
p130,2012,2159.0,1271.0,910.0,10971468.0,zenodo
p130,2013,2279.0,1290.0,927.0,11166413.0,zenodo
p130,2014,2258.1,1275.7,918.0,11070455.3,interpolated
p130,2015,2271.4,1280.6,922.9,11141662.9,interpolated
p130,2016,2253.0,1267.7,914.8,11057599.1,nrel
p130,2017,2094.4,1269.3,921.2,10966856.3,nrel
p130,2018,2317.5,1291.2,940.8,11249322.5,nrel
p130,2019,2231.9,1250.4,917.5,10918134.3,nrel
p130,2020,2337.2,1234.5,907.8,10924027.9,nrel
p130,2021,2434.8,1265.5,934.3,11144993.6,nrel
p130,2022,2406.4,1259.4,928.8,11131188.8,nrel
p130,2023,2244.1,1250.0,933.3,10939248.8,nrel
p130,2024,2319.8,1292.1,964.8,11308066.1,eia_scaled_2023
p130,2025,2244.1,1250.0,933.3,10939248.8,held_2023
p130,2026,2244.1,1250.0,933.3,10939248.8,held_latest
p130,2027,2244.1,1250.0,933.3,10939248.8,held_latest
p130,2028,2244.1,1250.0,933.3,10939248.8,held_latest
p130,2029,2244.1,1250.0,933.3,10939248.8,held_latest
p130,2030,2244.1,1250.0,933.3,10939248.8,held_latest
p131,2010,12259.0,6583.0,4805.0,57756576.0,zenodo
p131,2011,12404.0,6449.0,4751.0,56220806.0,zenodo
p131,2012,11977.0,6472.5,4766.0,56623593.0,zenodo
p131,2013,12475.0,6441.0,4783.9,56742377.0,zenodo
p131,2014,12355.0,6358.4,4711.1,56197166.3,interpolated
p131,2015,12458.8,6390.7,4723.3,56670067.0,interpolated
p131,2016,12169.8,6221.4,4586.4,55356147.0,nrel
p131,2017,11328.4,6217.0,4618.1,54417398.2,nrel
p131,2018,12452.8,6239.6,4611.2,55380306.4,nrel
p131,2019,11623.8,6017.7,4511.5,53332391.3,nrel
p131,2020,12042.4,5799.7,4361.0,52022989.0,nrel
p131,2021,12646.1,6010.6,4467.3,53511876.8,nrel
p131,2022,12895.3,6086.0,4462.2,54559391.1,nrel
p131,2023,12206.3,6041.7,4475.1,53754732.4,nrel
p131,2024,12038.7,5958.8,4413.7,53016734.2,eia_scaled_2023
p131,2025,12206.3,6041.7,4475.1,53754732.4,held_2023
p131,2026,12206.3,6041.7,4475.1,53754732.4,held_latest
p131,2027,12206.3,6041.7,4475.1,53754732.4,held_latest
p131,2028,12206.3,6041.7,4475.1,53754732.4,held_latest
p131,2029,12206.3,6041.7,4475.1,53754732.4,held_latest
p131,2030,12206.3,6041.7,4475.1,53754732.4,held_latest
p132,2010,6845.0,3521.0,2505.0,31032661.0,zenodo
p132,2011,7012.0,3470.0,2483.9,30370226.0,zenodo
p132,2012,6833.0,3445.5,2472.0,30312208.0,zenodo
p132,2013,7072.0,3499.0,2523.9,30882036.0,zenodo
p132,2014,6827.9,3416.9,2471.5,30312854.3,interpolated
p132,2015,6755.8,3421.1,2481.7,30511480.1,interpolated
p132,2016,6521.0,3343.3,2432.4,29979418.9,nrel
p132,2017,6330.2,3333.8,2428.3,29373608.0,nrel
p132,2018,6793.2,3380.2,2489.3,30164945.7,nrel
p132,2019,6483.6,3280.7,2402.3,29279818.0,nrel
p132,2020,6632.4,3153.4,2330.8,28445703.7,nrel
p132,2021,6860.7,3243.8,2403.1,29173711.3,nrel
p132,2022,6674.8,3233.3,2387.6,29170404.4,nrel
p132,2023,6510.0,3185.9,2376.2,28385500.2,nrel
p132,2024,6594.7,3227.3,2407.1,28754807.4,eia_scaled_2023
p132,2025,6510.0,3185.9,2376.2,28385500.2,held_2023
p132,2026,6510.0,3185.9,2376.2,28385500.2,held_latest
p132,2027,6510.0,3185.9,2376.2,28385500.2,held_latest
p132,2028,6510.0,3185.9,2376.2,28385500.2,held_latest
p132,2029,6510.0,3185.9,2376.2,28385500.2,held_latest
p132,2030,6510.0,3185.9,2376.2,28385500.2,held_latest
p133,2010,1781.0,888.0,639.0,7855184.0,zenodo
p133,2011,1841.0,882.0,638.9,7747885.0,zenodo
p133,2012,1797.0,879.0,640.0,7775922.0,zenodo
p133,2013,1865.0,881.0,648.0,7809190.0,zenodo
p133,2014,1801.0,863.7,635.9,7682106.4,interpolated
p133,2015,1773.8,864.1,636.9,7713136.3,interpolated
p133,2016,1717.5,850.4,627.5,7618591.8,nrel
p133,2017,1665.4,869.5,644.2,7649949.5,nrel
p133,2018,1844.5,880.0,652.2,7886572.7,nrel
p133,2019,1777.3,869.5,641.6,7735247.3,nrel
p133,2020,1967.5,872.4,634.1,7846559.0,nrel
p133,2021,1955.6,889.0,646.6,7961470.7,nrel
p133,2022,2050.6,913.0,657.2,8263202.9,nrel
p133,2023,1911.7,897.1,649.6,8073085.8,nrel
p133,2024,1955.4,917.6,664.4,8257396.2,eia_scaled_2023
p133,2025,1911.7,897.1,649.6,8073085.8,held_2023
p133,2026,1911.7,897.1,649.6,8073085.8,held_latest
p133,2027,1911.7,897.1,649.6,8073085.8,held_latest
p133,2028,1911.7,897.1,649.6,8073085.8,held_latest
p133,2029,1911.7,897.1,649.6,8073085.8,held_latest
p133,2030,1911.7,897.1,649.6,8073085.8,held_latest
p134,2010,2415.0,1734.0,1330.0,14952316.0,zenodo
p134,2011,2464.0,1743.0,1329.0,14930596.0,zenodo
p134,2012,2384.0,1740.0,1339.0,15037605.0,zenodo
p134,2013,2487.0,1766.0,1364.8,15309435.0,zenodo
p134,2014,2471.1,1752.7,1346.9,15167550.1,interpolated
p134,2015,2341.1,1658.4,1266.6,14324370.7,interpolated
p134,2016,2232.9,1579.6,1198.4,13616038.0,nrel
p134,2017,2210.3,1556.4,1177.9,13350929.3,nrel
p134,2018,2585.8,1657.4,1266.5,14414736.0,nrel
p134,2019,2394.3,1608.0,1225.2,13944011.4,nrel
p134,2020,2372.3,1520.9,1171.7,13322922.8,nrel
p134,2021,2458.5,1535.3,1184.4,13428679.1,nrel
p134,2022,2333.7,1547.2,1204.3,13608848.5,nrel
p134,2023,2241.8,1460.8,1155.0,12869110.0,nrel
p134,2024,2002.5,1304.8,1031.7,11495409.5,eia_scaled_2023
p134,2025,2241.8,1460.8,1155.0,12869110.0,held_2023
p134,2026,2241.8,1460.8,1155.0,12869110.0,held_latest
p134,2027,2241.8,1460.8,1155.0,12869110.0,held_latest
p134,2028,2241.8,1460.8,1155.0,12869110.0,held_latest
p134,2029,2241.8,1460.8,1155.0,12869110.0,held_latest
p134,2030,2241.8,1460.8,1155.0,12869110.0,held_latest
p14,2010,785.2,506.1,370.0,4437505.7,zenodo
p14,2011,818.2,515.9,376.7,4542620.5,zenodo
p14,2012,757.4,525.6,393.3,4595189.3,zenodo
p14,2013,842.1,534.3,395.4,4699091.5,zenodo
p14,2014,824.3,510.2,379.5,4521546.1,interpolated
p14,2015,836.5,504.9,377.5,4510218.8,interpolated
p14,2016,853.9,502.3,377.7,4524580.7,nrel
p14,2017,892.2,518.3,384.4,4607892.7,nrel
p14,2018,838.8,515.5,391.3,4598049.8,nrel
p14,2019,814.6,529.9,420.3,4695503.3,nrel
p14,2020,816.8,537.3,420.0,4771392.5,nrel
p14,2021,897.3,551.4,439.7,4943638.2,nrel
p14,2022,992.1,573.0,451.2,5141526.8,nrel
p14,2023,921.5,575.2,441.1,5042854.4,nrel
p14,2024,928.3,579.4,444.3,5079703.0,eia_scaled_2023
p14,2025,921.5,575.2,441.1,5042854.4,held_2023
p14,2026,921.5,575.2,441.1,5042854.4,held_latest
p14,2027,921.5,575.2,441.1,5042854.4,held_latest
p14,2028,921.5,575.2,441.1,5042854.4,held_latest
p14,2029,921.5,575.2,441.1,5042854.4,held_latest
p14,2030,921.5,575.2,441.1,5042854.4,held_latest
p15,2010,2374.4,1361.7,1110.1,12327601.3,zenodo
p15,2011,2415.4,1389.2,1126.9,12608069.6,zenodo
p15,2012,2632.6,1402.3,1129.2,12855287.0,zenodo
p15,2013,2749.6,1433.3,1140.3,13119135.6,zenodo
p15,2014,2636.9,1371.0,1087.1,12569240.1,interpolated
p15,2015,2621.2,1359.3,1073.9,12482298.4,interpolated
p15,2016,2620.3,1355.0,1066.6,12464985.4,nrel
p15,2017,2688.7,1407.1,1083.7,12919981.7,nrel
p15,2018,2742.0,1415.6,1142.7,12952678.8,nrel
p15,2019,2665.0,1443.2,1160.1,13131016.5,nrel
p15,2020,2753.8,1456.3,1178.3,13318758.1,nrel
p15,2021,3034.4,1482.3,1210.1,13790062.1,nrel
p15,2022,2893.4,1556.8,1248.1,14268062.7,nrel
p15,2023,2965.3,1539.0,1265.6,14028035.4,nrel
p15,2024,2987.0,1550.2,1274.9,14130539.7,eia_scaled_2023
p15,2025,2965.3,1539.0,1265.6,14028035.4,held_2023
p15,2026,2965.3,1539.0,1265.6,14028035.4,held_latest
p15,2027,2965.3,1539.0,1265.6,14028035.4,held_latest
p15,2028,2965.3,1539.0,1265.6,14028035.4,held_latest
p15,2029,2965.3,1539.0,1265.6,14028035.4,held_latest
p15,2030,2965.3,1539.0,1265.6,14028035.4,held_latest
p16,2010,1165.5,743.9,617.0,6586068.9,zenodo
p16,2011,1147.9,757.1,626.3,6736523.9,zenodo
p16,2012,1254.5,769.0,636.1,6854738.6,zenodo
p16,2013,1308.0,777.4,647.5,6994194.9,zenodo
p16,2014,1235.5,746.9,622.2,6725097.4,interpolated
p16,2015,1208.9,743.9,619.7,6703302.8,interpolated
p16,2016,1188.5,745.0,620.8,6719557.9,nrel
p16,2017,1226.1,761.2,636.8,6898566.0,nrel
p16,2018,1236.9,758.3,643.9,6819522.2,nrel
p16,2019,1226.9,765.5,643.5,6870432.2,nrel
p16,2020,1310.3,788.5,660.1,7108867.9,nrel
p16,2021,1358.6,808.7,683.2,7301677.4,nrel
p16,2022,1363.6,839.6,696.2,7558309.7,nrel
p16,2023,1337.7,834.8,700.0,7442124.0,nrel
p16,2024,1347.4,840.9,705.1,7496504.4,eia_scaled_2023
p16,2025,1337.7,834.8,700.0,7442124.0,held_2023
p16,2026,1337.7,834.8,700.0,7442124.0,held_latest
p16,2027,1337.7,834.8,700.0,7442124.0,held_latest
p16,2028,1337.7,834.8,700.0,7442124.0,held_latest
p16,2029,1337.7,834.8,700.0,7442124.0,held_latest
p16,2030,1337.7,834.8,700.0,7442124.0,held_latest
p17,2010,897.7,619.5,506.1,5445044.7,zenodo
p17,2011,879.2,618.0,502.6,5427141.0,zenodo
p17,2012,874.0,621.1,510.9,5456221.5,zenodo
p17,2013,903.8,629.0,516.0,5529502.3,zenodo
p17,2014,916.6,632.9,520.5,5576008.8,interpolated
p17,2015,927.8,635.5,524.1,5611875.3,interpolated
p17,2016,924.8,628.6,519.7,5562833.3,nrel
p17,2017,967.4,656.5,545.4,5829417.8,nrel
p17,2018,914.3,670.1,559.5,5899015.0,nrel
p17,2019,972.0,690.3,582.4,6110773.7,nrel
p17,2020,921.4,652.7,538.6,5757537.6,nrel
p17,2021,971.8,668.5,562.4,5960991.6,nrel
p17,2022,1061.6,700.5,586.7,6250844.5,nrel
p17,2023,1040.8,708.7,586.6,6253983.9,nrel
p17,2024,1052.5,716.7,593.2,6324159.0,eia_scaled_2023
p17,2025,1040.8,708.7,586.6,6253983.9,held_2023
p17,2026,1040.8,708.7,586.6,6253983.9,held_latest
p17,2027,1040.8,708.7,586.6,6253983.9,held_latest
p17,2028,1040.8,708.7,586.6,6253983.9,held_latest
p17,2029,1040.8,708.7,586.6,6253983.9,held_latest
p17,2030,1040.8,708.7,586.6,6253983.9,held_latest
p18,2010,816.8,565.4,464.6,4961952.2,zenodo
p18,2011,790.8,563.7,461.3,4945642.5,zenodo
p18,2012,789.4,566.6,468.3,4973389.1,zenodo
p18,2013,815.0,573.2,473.8,5039317.6,zenodo
p18,2014,829.2,577.0,477.5,5083275.5,interpolated
p18,2015,841.8,579.7,480.3,5117550.6,interpolated
p18,2016,841.7,573.6,475.9,5074386.4,nrel
p18,2017,845.7,597.1,499.9,5311944.1,nrel
p18,2018,849.8,612.4,512.2,5375843.2,nrel
p18,2019,863.9,628.0,532.6,5551787.0,nrel
p18,2020,845.5,605.4,500.8,5332940.0,nrel
p18,2021,881.0,611.1,516.1,5456306.4,nrel
p18,2022,947.6,632.9,531.3,5661311.8,nrel
p18,2023,929.0,638.7,531.0,5634907.8,nrel
p18,2024,939.4,645.8,536.9,5698136.4,eia_scaled_2023
p18,2025,929.0,638.7,531.0,5634907.8,held_2023
p18,2026,929.0,638.7,531.0,5634907.8,held_latest
p18,2027,929.0,638.7,531.0,5634907.8,held_latest
p18,2028,929.0,638.7,531.0,5634907.8,held_latest
p18,2029,929.0,638.7,531.0,5634907.8,held_latest
p18,2030,929.0,638.7,531.0,5634907.8,held_latest
p19,2010,18.5,13.0,10.8,114318.3,zenodo
p19,2011,18.0,13.0,10.7,113943.1,zenodo
p19,2012,17.8,13.1,10.8,114601.5,zenodo
p19,2013,18.3,13.2,11.0,116110.6,zenodo
p19,2014,18.8,13.4,11.2,118121.3,interpolated
p19,2015,19.3,13.6,11.3,119917.7,interpolated
p19,2016,19.5,13.5,11.3,119893.1,nrel
p19,2017,19.6,13.7,11.5,121725.1,nrel
p19,2018,18.8,13.9,11.6,121630.5,nrel
p19,2019,18.9,14.1,11.9,124579.6,nrel
p19,2020,18.4,13.4,11.0,117789.5,nrel
p19,2021,19.5,13.4,11.4,119423.6,nrel
p19,2022,19.4,13.8,11.7,122574.2,nrel
p19,2023,19.0,13.8,11.5,120411.7,nrel
p19,2024,19.2,13.9,11.7,121762.8,eia_scaled_2023
p19,2025,19.0,13.8,11.5,120411.7,held_2023
p19,2026,19.0,13.8,11.5,120411.7,held_latest
p19,2027,19.0,13.8,11.5,120411.7,held_latest
p19,2028,19.0,13.8,11.5,120411.7,held_latest
p19,2029,19.0,13.8,11.5,120411.7,held_latest
p19,2030,19.0,13.8,11.5,120411.7,held_latest
p2,2010,3450.9,2151.4,1746.6,18835837.9,zenodo
p2,2011,3317.6,2231.3,1805.4,19508522.3,zenodo
p2,2012,3138.1,2197.0,1791.8,19190327.9,zenodo
p2,2013,3621.3,2204.3,1781.9,19391812.8,zenodo
p2,2014,3524.8,2175.9,1751.9,19185437.8,interpolated
p2,2015,3391.6,2124.8,1703.6,18778742.2,interpolated
p2,2016,3291.3,2094.1,1671.7,18552497.6,nrel
p2,2017,3704.7,2160.2,1714.7,19140104.5,nrel
p2,2018,3475.7,2121.3,1710.5,18754418.5,nrel
p2,2019,3485.3,2122.3,1694.3,18906235.2,nrel
p2,2020,3091.2,2037.2,1636.9,18092784.0,nrel
p2,2021,3344.9,2091.7,1691.6,18626454.3,nrel
p2,2022,3558.1,2138.2,1729.5,19091558.1,nrel
p2,2023,3511.5,2140.4,1692.3,18907263.2,nrel
p2,2024,3537.6,2156.3,1704.9,19047911.5,eia_scaled_2023
p2,2025,3511.5,2140.4,1692.3,18907263.2,held_2023
p2,2026,3511.5,2140.4,1692.3,18907263.2,held_latest
p2,2027,3511.5,2140.4,1692.3,18907263.2,held_latest
p2,2028,3511.5,2140.4,1692.3,18907263.2,held_latest
p2,2029,3511.5,2140.4,1692.3,18907263.2,held_latest
p2,2030,3511.5,2140.4,1692.3,18907263.2,held_latest
p20,2010,424.7,290.5,238.7,2579014.7,zenodo
p20,2011,427.6,288.3,238.0,2571682.5,zenodo
p20,2012,456.7,289.8,236.3,2590160.8,zenodo
p20,2013,446.9,293.9,241.0,2622540.9,zenodo
p20,2014,462.4,295.4,241.1,2653493.5,interpolated
p20,2015,477.1,296.2,240.6,2679478.4,interpolated
p20,2016,484.5,292.6,236.5,2664866.1,nrel
p20,2017,545.1,307.7,245.1,2768438.7,nrel
p20,2018,517.5,311.6,250.4,2776821.6,nrel
p20,2019,536.9,321.3,257.5,2866221.2,nrel
p20,2020,500.7,299.7,240.3,2667613.1,nrel
p20,2021,573.0,296.4,240.0,2725425.5,nrel
p20,2022,528.0,315.9,252.4,2838613.9,nrel
p20,2023,555.3,320.1,249.1,2825171.4,nrel
p20,2024,561.6,323.7,251.9,2856872.2,eia_scaled_2023
p20,2025,555.3,320.1,249.1,2825171.4,held_2023
p20,2026,555.3,320.1,249.1,2825171.4,held_latest
p20,2027,555.3,320.1,249.1,2825171.4,held_latest
p20,2028,555.3,320.1,249.1,2825171.4,held_latest
p20,2029,555.3,320.1,249.1,2825171.4,held_latest
p20,2030,555.3,320.1,249.1,2825171.4,held_latest
p21,2010,1124.8,850.3,736.7,7488095.0,zenodo
p21,2011,1167.1,875.5,755.0,7721564.1,zenodo
p21,2012,1113.3,859.5,742.1,7550119.6,zenodo
p21,2013,1146.4,861.5,742.5,7599360.8,zenodo
p21,2014,1179.8,865.2,744.2,7655012.7,interpolated
p21,2015,1199.3,858.4,736.8,7616860.3,interpolated
p21,2016,1195.5,835.2,715.4,7434101.2,nrel
p21,2017,1221.4,844.4,731.0,7535242.3,nrel
p21,2018,1278.5,864.2,739.8,7674213.3,nrel
p21,2019,1180.8,832.5,714.1,7395226.7,nrel
p21,2020,1155.3,784.3,663.5,6989859.8,nrel
p21,2021,1210.5,802.9,696.9,7145809.8,nrel
p21,2022,1257.5,832.9,705.4,7426189.8,nrel
p21,2023,1215.4,857.9,735.2,7576001.5,nrel
p21,2024,1247.2,880.4,754.5,7774335.7,eia_scaled_2023
p21,2025,1215.4,857.9,735.2,7576001.5,held_2023
p21,2026,1215.4,857.9,735.2,7576001.5,held_latest
p21,2027,1215.4,857.9,735.2,7576001.5,held_latest
p21,2028,1215.4,857.9,735.2,7576001.5,held_latest
p21,2029,1215.4,857.9,735.2,7576001.5,held_latest
p21,2030,1215.4,857.9,735.2,7576001.5,held_latest
p22,2010,172.1,124.8,107.6,1104580.6,zenodo
p22,2011,181.2,128.5,110.2,1139175.2,zenodo
p22,2012,169.0,126.4,108.6,1113203.8,zenodo
p22,2013,175.8,126.5,108.7,1120912.3,zenodo
p22,2014,176.9,126.9,109.0,1126729.7,interpolated
p22,2015,175.9,125.8,107.8,1118699.6,interpolated
p22,2016,171.6,122.3,104.7,1089466.1,nrel
p22,2017,180.6,125.8,108.1,1118533.3,nrel
p22,2018,176.2,128.3,107.2,1128995.4,nrel
p22,2019,186.3,127.4,106.0,1127476.3,nrel
p22,2020,161.3,118.3,99.1,1047410.1,nrel
p22,2021,177.3,124.4,105.5,1097116.1,nrel
p22,2022,206.5,128.4,108.5,1156073.6,nrel
p22,2023,186.3,134.6,114.2,1186575.3,nrel
p22,2024,191.1,138.1,117.2,1217639.0,eia_scaled_2023
p22,2025,186.3,134.6,114.2,1186575.3,held_2023
p22,2026,186.3,134.6,114.2,1186575.3,held_latest
p22,2027,186.3,134.6,114.2,1186575.3,held_latest
p22,2028,186.3,134.6,114.2,1186575.3,held_latest
p22,2029,186.3,134.6,114.2,1186575.3,held_latest
p22,2030,186.3,134.6,114.2,1186575.3,held_latest
p23,2010,266.7,200.6,172.7,1764212.5,zenodo
p23,2011,278.2,207.0,177.2,1819265.5,zenodo
p23,2012,261.8,202.8,174.1,1778778.0,zenodo
p23,2013,271.8,203.8,174.3,1790495.9,zenodo
p23,2014,282.8,205.7,177.0,1819426.1,interpolated
p23,2015,290.4,205.1,177.6,1826328.9,interpolated
p23,2016,292.4,200.7,174.8,1798326.4,nrel
p23,2017,288.3,196.6,174.0,1761470.7,nrel
p23,2018,299.0,200.5,167.0,1771736.5,nrel
p23,2019,304.7,196.5,162.2,1762554.8,nrel
p23,2020,269.7,182.9,153.5,1622974.0,nrel
p23,2021,291.5,187.1,154.6,1651189.4,nrel
p23,2022,324.2,186.8,150.2,1740971.4,nrel
p23,2023,302.2,201.6,173.0,1780458.3,nrel
p23,2024,310.1,206.9,177.5,1827069.4,eia_scaled_2023
p23,2025,302.2,201.6,173.0,1780458.3,held_2023
p23,2026,302.2,201.6,173.0,1780458.3,held_latest
p23,2027,302.2,201.6,173.0,1780458.3,held_latest
p23,2028,302.2,201.6,173.0,1780458.3,held_latest
p23,2029,302.2,201.6,173.0,1780458.3,held_latest
p23,2030,302.2,201.6,173.0,1780458.3,held_latest
p24,2010,1149.3,881.0,763.9,7748033.9,zenodo
p24,2011,1192.9,906.6,785.0,7989294.2,zenodo
p24,2012,1151.2,890.3,770.5,7813170.6,zenodo
p24,2013,1172.5,892.5,770.3,7863364.9,zenodo
p24,2014,1219.6,894.5,774.9,7923293.8,interpolated
p24,2015,1252.4,885.5,770.1,7886170.6,interpolated
p24,2016,1260.9,859.8,750.6,7699293.4,nrel
p24,2017,1294.9,875.7,772.4,7839732.9,nrel
p24,2018,1357.6,887.7,755.8,7889825.0,nrel
p24,2019,1250.9,887.0,750.8,7860159.6,nrel
p24,2020,1188.0,805.3,684.3,7186293.9,nrel
p24,2021,1292.1,832.8,718.0,7387000.3,nrel
p24,2022,1406.1,845.0,700.3,7694908.1,nrel
p24,2023,1300.5,882.1,763.8,7807374.2,nrel
p24,2024,1334.5,905.2,783.8,8011765.6,eia_scaled_2023
p24,2025,1300.5,882.1,763.8,7807374.2,held_2023
p24,2026,1300.5,882.1,763.8,7807374.2,held_latest
p24,2027,1300.5,882.1,763.8,7807374.2,held_latest
p24,2028,1300.5,882.1,763.8,7807374.2,held_latest
p24,2029,1300.5,882.1,763.8,7807374.2,held_latest
p24,2030,1300.5,882.1,763.8,7807374.2,held_latest
p25,2010,4606.6,3188.3,2610.7,27969674.9,zenodo
p25,2011,4577.9,3238.1,2663.7,28384004.6,zenodo
p25,2012,4906.2,3351.4,2767.0,29464714.3,zenodo
p25,2013,5286.3,3414.7,2838.5,30294122.5,zenodo
p25,2014,5213.5,3366.5,2819.0,29899883.5,interpolated
p25,2015,5236.8,3380.4,2851.4,30056989.5,interpolated
p25,2016,5262.8,3396.0,2885.5,30229932.3,nrel
p25,2017,5387.8,3401.5,2904.6,30522838.0,nrel
p25,2018,5601.5,3440.9,2949.3,30925839.7,nrel
p25,2019,5548.2,3430.5,2959.5,30827030.8,nrel
p25,2020,5788.4,3487.4,2921.8,31386559.1,nrel
p25,2021,6007.6,3604.2,3075.7,32441314.5,nrel
p25,2022,6218.5,3699.5,3098.1,33175504.0,nrel
p25,2023,5930.7,3721.6,3126.7,33096715.2,nrel
p25,2024,6150.2,3859.3,3242.4,34321385.3,eia_scaled_2023
p25,2025,5930.7,3721.6,3126.7,33096715.2,held_2023
p25,2026,5930.7,3721.6,3126.7,33096715.2,held_latest
p25,2027,5930.7,3721.6,3126.7,33096715.2,held_latest
p25,2028,5930.7,3721.6,3126.7,33096715.2,held_latest
p25,2029,5930.7,3721.6,3126.7,33096715.2,held_latest
p25,2030,5930.7,3721.6,3126.7,33096715.2,held_latest
p26,2010,208.5,149.1,123.3,1311806.1,zenodo
p26,2011,207.1,151.7,125.7,1331444.4,zenodo
p26,2012,223.8,157.2,130.4,1381619.7,zenodo
p26,2013,240.7,159.9,134.0,1420732.5,zenodo
p26,2014,236.5,157.5,133.2,1401378.5,interpolated
p26,2015,236.6,158.0,134.9,1407871.0,interpolated
p26,2016,236.8,158.6,136.6,1415094.6,nrel
p26,2017,241.1,159.2,138.3,1425531.6,nrel
p26,2018,258.5,163.3,139.7,1456935.3,nrel
p26,2019,240.3,162.5,139.3,1448598.1,nrel
p26,2020,251.0,162.3,136.3,1452064.0,nrel
p26,2021,272.2,168.7,145.5,1507291.1,nrel
p26,2022,276.7,172.3,143.8,1540427.6,nrel
p26,2023,267.4,174.1,148.3,1541458.9,nrel
p26,2024,277.3,180.5,153.7,1598497.1,eia_scaled_2023
p26,2025,267.4,174.1,148.3,1541458.9,held_2023
p26,2026,267.4,174.1,148.3,1541458.9,held_latest
p26,2027,267.4,174.1,148.3,1541458.9,held_latest
p26,2028,267.4,174.1,148.3,1541458.9,held_latest
p26,2029,267.4,174.1,148.3,1541458.9,held_latest
p26,2030,267.4,174.1,148.3,1541458.9,held_latest
p27,2010,445.2,236.1,194.6,2181249.6,zenodo
p27,2011,441.5,245.8,201.2,2252787.6,zenodo
p27,2012,450.7,248.8,204.6,2263929.3,zenodo
p27,2013,448.9,247.5,208.9,2283765.1,zenodo
p27,2014,456.6,250.5,209.7,2309690.8,interpolated
p27,2015,467.1,255.2,211.7,2349947.0,interpolated
p27,2016,471.0,256.2,210.7,2356587.5,nrel
p27,2017,487.2,253.9,206.7,2336493.1,nrel
p27,2018,550.0,257.2,189.8,2357981.2,nrel
p27,2019,551.8,247.2,187.6,2348857.0,nrel
p27,2020,637.3,260.4,200.4,2540176.4,nrel
p27,2021,648.8,265.9,207.0,2553967.4,nrel
p27,2022,550.9,290.5,236.7,2686006.0,nrel
p27,2023,597.8,300.2,244.8,2781072.3,nrel
p27,2024,632.3,317.5,258.9,2941486.2,eia_scaled_2023
p27,2025,597.8,300.2,244.8,2781072.3,held_2023
p27,2026,597.8,300.2,244.8,2781072.3,held_latest
p27,2027,597.8,300.2,244.8,2781072.3,held_latest
p27,2028,597.8,300.2,244.8,2781072.3,held_latest
p27,2029,597.8,300.2,244.8,2781072.3,held_latest
p27,2030,597.8,300.2,244.8,2781072.3,held_latest
p28,2010,13262.6,6062.5,4980.0,59031646.6,zenodo
p28,2011,13112.8,6400.5,5226.3,60902029.7,zenodo
p28,2012,13359.3,6381.4,5266.4,61096399.8,zenodo
p28,2013,13297.7,6440.8,5315.1,61733782.6,zenodo
p28,2014,13707.2,6476.9,5300.9,62412809.6,interpolated
p28,2015,14203.7,6552.9,5319.0,63478912.5,interpolated
p28,2016,14496.8,6535.2,5261.1,63636974.9,nrel
p28,2017,14989.9,6492.3,5180.3,63262625.3,nrel
p28,2018,14885.1,6467.1,5275.8,63930656.4,nrel
p28,2019,14897.5,6491.9,5241.4,63745934.7,nrel
p28,2020,15705.1,6617.8,5403.1,67050536.3,nrel
p28,2021,15672.6,6780.1,5505.7,66962943.3,nrel
p28,2022,15939.3,7102.8,5807.7,69814895.9,nrel
p28,2023,17111.3,7185.5,5892.8,71638587.2,nrel
p28,2024,18098.3,7599.9,6232.7,75770742.8,eia_scaled_2023
p28,2025,17111.3,7185.5,5892.8,71638587.2,held_2023
p28,2026,17111.3,7185.5,5892.8,71638587.2,held_latest
p28,2027,17111.3,7185.5,5892.8,71638587.2,held_latest
p28,2028,17111.3,7185.5,5892.8,71638587.2,held_latest
p28,2029,17111.3,7185.5,5892.8,71638587.2,held_latest
p28,2030,17111.3,7185.5,5892.8,71638587.2,held_latest
p29,2010,134.4,83.2,69.5,742567.9,zenodo
p29,2011,131.0,86.1,71.3,768779.9,zenodo
p29,2012,133.1,87.2,73.8,770022.0,zenodo
p29,2013,134.3,86.8,75.2,777357.0,zenodo
p29,2014,136.4,88.3,75.8,788620.5,interpolated
p29,2015,139.2,90.2,76.8,804795.1,interpolated
p29,2016,140.1,90.9,76.7,809455.6,nrel
p29,2017,141.3,88.7,75.0,794244.4,nrel
p29,2018,139.4,88.1,75.3,791517.4,nrel
p29,2019,138.1,86.6,73.8,777137.4,nrel
p29,2020,138.8,84.7,70.8,763398.2,nrel
p29,2021,135.6,82.8,70.5,747892.0,nrel
p29,2022,146.8,86.1,71.7,772617.8,nrel
p29,2023,145.2,87.4,72.7,781269.6,nrel
p29,2024,153.6,92.4,76.9,826333.6,eia_scaled_2023
p29,2025,145.2,87.4,72.7,781269.6,held_2023
p29,2026,145.2,87.4,72.7,781269.6,held_latest
p29,2027,145.2,87.4,72.7,781269.6,held_latest
p29,2028,145.2,87.4,72.7,781269.6,held_latest
p29,2029,145.2,87.4,72.7,781269.6,held_latest
p29,2030,145.2,87.4,72.7,781269.6,held_latest
p3,2010,1817.2,1084.6,852.1,9583437.6,zenodo
p3,2011,1729.6,1125.0,870.7,9931126.3,zenodo
p3,2012,1655.6,1108.2,866.3,9765205.3,zenodo
p3,2013,1896.0,1109.3,870.2,9873013.6,zenodo
p3,2014,1861.3,1093.6,852.3,9765952.1,interpolated
p3,2015,1807.1,1066.6,825.4,9556927.2,interpolated
p3,2016,1770.4,1049.8,806.6,9439745.8,nrel
p3,2017,1904.2,1093.3,831.2,9753995.6,nrel
p3,2018,1740.8,1073.3,831.2,9563803.8,nrel
p3,2019,1722.3,1095.2,873.0,9717033.3,nrel
p3,2020,1600.9,1050.2,829.4,9335448.3,nrel
p3,2021,1690.0,1062.1,855.5,9521449.0,nrel
p3,2022,1912.3,1097.9,879.5,9895326.7,nrel
p3,2023,1797.4,1108.9,868.1,9772516.5,nrel
p3,2024,1810.7,1117.1,874.5,9845212.7,eia_scaled_2023
p3,2025,1797.4,1108.9,868.1,9772516.5,held_2023
p3,2026,1797.4,1108.9,868.1,9772516.5,held_latest
p3,2027,1797.4,1108.9,868.1,9772516.5,held_latest
p3,2028,1797.4,1108.9,868.1,9772516.5,held_latest
p3,2029,1797.4,1108.9,868.1,9772516.5,held_latest
p3,2030,1797.4,1108.9,868.1,9772516.5,held_latest
p30,2010,2471.9,1203.0,984.0,11432372.9,zenodo
p30,2011,2457.0,1251.5,1020.2,11793012.9,zenodo
p30,2012,2508.2,1275.1,1033.9,11861777.9,zenodo
p30,2013,2516.3,1268.8,1050.4,11968033.3,zenodo
p30,2014,2585.1,1280.8,1052.7,12105024.7,interpolated
p30,2015,2670.1,1300.8,1061.4,12317129.9,interpolated
p30,2016,2717.0,1302.1,1055.0,12353039.7,nrel
p30,2017,2780.6,1295.5,1038.3,12274102.4,nrel
p30,2018,3184.3,1309.7,930.3,12358016.0,nrel
p30,2019,3107.1,1254.3,912.0,12278950.6,nrel
p30,2020,3496.9,1287.7,959.6,13125847.2,nrel
p30,2021,3608.3,1330.8,1002.2,13108499.7,nrel
p30,2022,2999.8,1450.7,1161.6,13676141.4,nrel
p30,2023,3294.5,1489.8,1175.2,14090254.9,nrel
p30,2024,3484.5,1575.8,1243.0,14902989.0,eia_scaled_2023
p30,2025,3294.5,1489.8,1175.2,14090254.9,held_2023
p30,2026,3294.5,1489.8,1175.2,14090254.9,held_latest
p30,2027,3294.5,1489.8,1175.2,14090254.9,held_latest
p30,2028,3294.5,1489.8,1175.2,14090254.9,held_latest
p30,2029,3294.5,1489.8,1175.2,14090254.9,held_latest
p30,2030,3294.5,1489.8,1175.2,14090254.9,held_latest
p31,2010,3514.0,2164.2,1822.6,19670826.1,zenodo
p31,2011,3660.2,2216.1,1836.4,20251182.4,zenodo
p31,2012,3729.4,2236.4,1885.8,20368052.2,zenodo
p31,2013,3835.6,2229.2,1904.4,20315227.5,zenodo
p31,2014,3822.4,2242.8,1904.2,20418452.1,interpolated
p31,2015,3787.6,2243.8,1893.2,20406749.6,interpolated
p31,2016,3744.6,2240.0,1878.1,20350455.7,nrel
p31,2017,3860.6,2245.6,1892.0,20378142.5,nrel
p31,2018,4000.0,2328.5,1994.5,21330108.7,nrel
p31,2019,4122.0,2426.0,2067.9,22043018.6,nrel
p31,2020,4244.1,2392.0,2018.8,21953857.3,nrel
p31,2021,4275.3,2469.2,2151.0,22669954.8,nrel
p31,2022,4785.8,2666.0,2304.2,24284987.1,nrel
p31,2023,5024.7,2790.6,2394.6,25486285.3,nrel
p31,2024,5389.1,2993.0,2568.3,27334952.7,eia_scaled_2023
p31,2025,5024.7,2790.6,2394.6,25486285.3,held_2023
p31,2026,5024.7,2790.6,2394.6,25486285.3,held_latest
p31,2027,5024.7,2790.6,2394.6,25486285.3,held_latest
p31,2028,5024.7,2790.6,2394.6,25486285.3,held_latest
p31,2029,5024.7,2790.6,2394.6,25486285.3,held_latest
p31,2030,5024.7,2790.6,2394.6,25486285.3,held_latest
p32,2010,372.5,238.7,191.7,2107948.0,zenodo
p32,2011,411.8,244.8,198.3,2169077.6,zenodo
p32,2012,395.3,244.8,196.2,2177605.1,zenodo
p32,2013,428.9,255.4,197.2,2266915.9,zenodo
p32,2014,407.4,258.0,207.3,2292509.4,interpolated
p32,2015,373.0,252.4,210.7,2244314.4,interpolated
p32,2016,347.6,252.6,219.0,2248106.2,nrel
p32,2017,355.2,257.3,224.7,2282641.4,nrel
p32,2018,365.2,272.7,229.4,2392693.3,nrel
p32,2019,395.0,273.6,228.4,2411207.0,nrel
p32,2020,358.5,262.3,219.2,2303051.5,nrel
p32,2021,377.2,271.4,232.6,2393682.5,nrel
p32,2022,415.6,281.6,234.2,2498928.6,nrel
p32,2023,379.3,287.7,249.2,2518959.5,nrel
p32,2024,379.1,287.5,249.0,2517437.0,eia_scaled_2023
p32,2025,379.3,287.7,249.2,2518959.5,held_2023
p32,2026,379.3,287.7,249.2,2518959.5,held_latest
p32,2027,379.3,287.7,249.2,2518959.5,held_latest
p32,2028,379.3,287.7,249.2,2518959.5,held_latest
p32,2029,379.3,287.7,249.2,2518959.5,held_latest
p32,2030,379.3,287.7,249.2,2518959.5,held_latest
p33,2010,6860.9,4607.2,3941.1,40792774.8,zenodo
p33,2011,7112.3,4628.9,3939.4,41249480.1,zenodo
p33,2012,7323.2,4650.5,3992.8,41478862.7,zenodo
p33,2013,7144.8,4656.8,4035.6,41368213.8,zenodo
p33,2014,7295.1,4648.8,3960.5,41398279.3,interpolated
p33,2015,7542.1,4702.6,3938.1,41978541.8,interpolated
p33,2016,7767.2,4742.0,3903.2,42430501.5,nrel
p33,2017,7928.9,4777.9,3981.3,42478306.0,nrel
p33,2018,8183.3,4909.6,4045.6,43752130.0,nrel
p33,2019,8276.2,4903.4,4108.2,43879774.1,nrel
p33,2020,8060.0,4835.3,3989.0,43538385.4,nrel
p33,2021,8653.6,4916.2,4091.3,43942863.2,nrel
p33,2022,8344.1,4981.5,4120.3,44583690.8,nrel
p33,2023,8616.6,4925.5,4046.3,43873741.8,nrel
p33,2024,8850.7,5059.3,4156.3,45066127.2,eia_scaled_2023
p33,2025,8616.6,4925.5,4046.3,43873741.8,held_2023
p33,2026,8616.6,4925.5,4046.3,43873741.8,held_latest
p33,2027,8616.6,4925.5,4046.3,43873741.8,held_latest
p33,2028,8616.6,4925.5,4046.3,43873741.8,held_latest
p33,2029,8616.6,4925.5,4046.3,43873741.8,held_latest
p33,2030,8616.6,4925.5,4046.3,43873741.8,held_latest
p34,2010,2008.1,1388.3,1197.0,12271219.2,zenodo
p34,2011,2081.7,1395.0,1193.6,12408796.9,zenodo
p34,2012,2142.8,1400.6,1211.3,12477241.3,zenodo
p34,2013,2091.2,1403.9,1222.1,12445681.2,zenodo
p34,2014,2123.6,1399.9,1202.1,12446263.7,interpolated
p34,2015,2184.2,1414.5,1198.2,12612280.8,interpolated
p34,2016,2238.3,1424.8,1190.5,12739684.8,nrel
p34,2017,2314.3,1435.7,1213.9,12781298.1,nrel
p34,2018,2392.4,1487.1,1218.3,13178718.0,nrel
p34,2019,2353.6,1486.0,1229.1,13172053.1,nrel
p34,2020,2317.3,1463.4,1205.0,13104659.1,nrel
p34,2021,2539.7,1505.5,1241.5,13343702.2,nrel
p34,2022,2496.1,1526.0,1240.6,13555220.2,nrel
p34,2023,2519.1,1510.4,1230.6,13390083.9,nrel
p34,2024,2587.6,1551.5,1264.0,13753995.0,eia_scaled_2023
p34,2025,2519.1,1510.4,1230.6,13390083.9,held_2023
p34,2026,2519.1,1510.4,1230.6,13390083.9,held_latest
p34,2027,2519.1,1510.4,1230.6,13390083.9,held_latest
p34,2028,2519.1,1510.4,1230.6,13390083.9,held_latest
p34,2029,2519.1,1510.4,1230.6,13390083.9,held_latest
p34,2030,2519.1,1510.4,1230.6,13390083.9,held_latest
p35,2010,121.0,85.3,70.3,744396.2,zenodo
p35,2011,117.2,85.0,69.8,741901.8,zenodo
p35,2012,114.7,85.4,70.8,746124.1,zenodo
p35,2013,118.0,86.2,71.7,755979.6,zenodo
p35,2014,121.2,87.7,73.0,771053.1,interpolated
p35,2015,124.3,89.0,74.2,784749.0,interpolated
p35,2016,125.4,88.9,74.2,786516.5,nrel
p35,2017,125.9,90.0,75.1,795401.4,nrel
p35,2018,117.6,89.5,74.8,783008.9,nrel
p35,2019,119.9,89.9,75.3,792165.1,nrel
p35,2020,119.2,87.7,72.1,769893.6,nrel
p35,2021,123.2,87.5,73.9,773108.4,nrel
p35,2022,120.7,89.0,75.7,786463.6,nrel
p35,2023,117.6,87.6,74.3,766265.7,nrel
p35,2024,118.9,88.6,75.1,774863.8,eia_scaled_2023
p35,2025,117.6,87.6,74.3,766265.7,held_2023
p35,2026,117.6,87.6,74.3,766265.7,held_latest
p35,2027,117.6,87.6,74.3,766265.7,held_latest
p35,2028,117.6,87.6,74.3,766265.7,held_latest
p35,2029,117.6,87.6,74.3,766265.7,held_latest
p35,2030,117.6,87.6,74.3,766265.7,held_latest
p36,2010,832.7,526.7,415.1,4641282.4,zenodo
p36,2011,920.4,557.6,441.3,4913214.2,zenodo
p36,2012,960.9,595.2,466.0,5256982.6,zenodo
p36,2013,1075.7,649.4,507.2,5724135.8,zenodo
p36,2014,1159.0,736.4,589.2,6504377.0,interpolated
p36,2015,1096.5,731.6,598.0,6474388.4,interpolated
p36,2016,1068.0,746.8,622.1,6619611.3,nrel
p36,2017,1134.2,805.7,673.2,7140293.7,nrel
p36,2018,1117.6,843.1,705.3,7393439.7,nrel
p36,2019,1219.5,884.2,737.2,7803728.0,nrel
p36,2020,1265.6,908.8,741.7,7969924.2,nrel
p36,2021,1296.4,930.4,788.2,8229612.6,nrel
p36,2022,1397.5,1028.6,873.6,9083803.9,nrel
p36,2023,1537.9,1153.7,986.8,10102099.4,nrel
p36,2024,1615.4,1211.9,1036.5,10610999.6,eia_scaled_2023
p36,2025,1537.9,1153.7,986.8,10102099.4,held_2023
p36,2026,1537.9,1153.7,986.8,10102099.4,held_latest
p36,2027,1537.9,1153.7,986.8,10102099.4,held_latest
p36,2028,1537.9,1153.7,986.8,10102099.4,held_latest
p36,2029,1537.9,1153.7,986.8,10102099.4,held_latest
p36,2030,1537.9,1153.7,986.8,10102099.4,held_latest
p37,2010,1531.3,964.1,759.0,8498522.6,zenodo
p37,2011,1689.6,1022.4,806.5,8996480.8,zenodo
p37,2012,1764.1,1091.1,851.3,9626367.4,zenodo
p37,2013,1977.3,1189.2,926.2,10481572.2,zenodo
p37,2014,2135.4,1347.5,1074.9,11899826.7,interpolated
p37,2015,2025.2,1338.0,1090.2,11835534.0,interpolated
p37,2016,1977.3,1364.9,1133.5,12092239.0,nrel
p37,2017,2098.7,1489.1,1240.0,13178446.4,nrel
p37,2018,2054.5,1534.4,1283.7,13457989.0,nrel
p37,2019,2181.6,1581.6,1316.3,13958374.7,nrel
p37,2020,2225.0,1596.1,1302.1,14015992.8,nrel
p37,2021,2343.5,1676.1,1414.9,14816955.0,nrel
p37,2022,2538.8,1869.4,1584.8,16509622.8,nrel
p37,2023,2826.7,2085.7,1785.3,18281435.8,nrel
p37,2024,2969.1,2190.7,1875.3,19202375.7,eia_scaled_2023
p37,2025,2826.7,2085.7,1785.3,18281435.8,held_2023
p37,2026,2826.7,2085.7,1785.3,18281435.8,held_latest
p37,2027,2826.7,2085.7,1785.3,18281435.8,held_latest
p37,2028,2826.7,2085.7,1785.3,18281435.8,held_latest
p37,2029,2826.7,2085.7,1785.3,18281435.8,held_latest
p37,2030,2826.7,2085.7,1785.3,18281435.8,held_latest
p38,2010,1598.4,1055.2,831.0,9248073.0,zenodo
p38,2011,1736.2,1079.3,867.1,9511049.4,zenodo
p38,2012,1666.7,1081.5,855.0,9548520.9,zenodo
p38,2013,1841.1,1119.5,864.7,9934521.1,zenodo
p38,2014,1775.6,1133.1,902.8,10056425.3,interpolated
p38,2015,1653.4,1110.2,911.6,9854602.4,interpolated
p38,2016,1570.6,1112.9,941.2,9880913.3,nrel
p38,2017,1632.2,1130.5,958.2,10034282.0,nrel
p38,2018,1615.7,1195.0,1001.9,10465193.1,nrel
p38,2019,1656.4,1186.4,995.6,10470574.7,nrel
p38,2020,1696.9,1194.5,973.1,10423822.3,nrel
p38,2021,1668.0,1213.6,1034.7,10705820.7,nrel
p38,2022,1705.3,1258.9,1063.4,11038182.9,nrel
p38,2023,1597.2,1267.0,1083.9,11049538.9,nrel
p38,2024,1596.2,1266.3,1083.3,11042860.3,eia_scaled_2023
p38,2025,1597.2,1267.0,1083.9,11049538.9,held_2023
p38,2026,1597.2,1267.0,1083.9,11049538.9,held_latest
p38,2027,1597.2,1267.0,1083.9,11049538.9,held_latest
p38,2028,1597.2,1267.0,1083.9,11049538.9,held_latest
p38,2029,1597.2,1267.0,1083.9,11049538.9,held_latest
p38,2030,1597.2,1267.0,1083.9,11049538.9,held_latest
p39,2010,285.2,181.4,142.9,1604277.4,zenodo
p39,2011,306.5,180.4,142.3,1602919.9,zenodo
p39,2012,309.5,182.6,147.4,1658756.0,zenodo
p39,2013,299.5,187.8,148.8,1660970.4,zenodo
p39,2014,290.5,185.2,149.6,1647316.0,interpolated
p39,2015,279.5,181.3,149.2,1621216.1,interpolated
p39,2016,281.2,185.7,155.7,1669088.3,nrel
p39,2017,273.1,181.8,154.7,1626661.0,nrel
p39,2018,277.2,186.7,156.9,1650602.8,nrel
p39,2019,258.1,181.7,150.7,1609344.3,nrel
p39,2020,273.9,184.0,149.8,1630075.7,nrel
p39,2021,287.2,188.1,160.5,1684228.6,nrel
p39,2022,292.3,194.8,161.9,1733490.8,nrel
p39,2023,284.4,192.3,163.7,1701688.0,nrel
p39,2024,296.4,200.5,170.7,1773690.6,eia_scaled_2023
p39,2025,284.4,192.3,163.7,1701688.0,held_2023
p39,2026,284.4,192.3,163.7,1701688.0,held_latest
p39,2027,284.4,192.3,163.7,1701688.0,held_latest
p39,2028,284.4,192.3,163.7,1701688.0,held_latest
p39,2029,284.4,192.3,163.7,1701688.0,held_latest
p39,2030,284.4,192.3,163.7,1701688.0,held_latest
p4,2010,296.2,189.6,162.4,1679502.9,zenodo
p4,2011,282.2,196.3,170.1,1737322.7,zenodo
p4,2012,266.1,193.6,165.9,1710544.9,zenodo
p4,2013,312.2,194.0,167.1,1728914.9,zenodo
p4,2014,308.3,191.4,164.0,1710383.7,interpolated
p4,2015,301.2,186.8,159.1,1673994.3,interpolated
p4,2016,297.0,184.0,155.8,1653691.3,nrel
p4,2017,313.4,190.1,159.1,1703452.9,nrel
p4,2018,271.5,188.4,162.7,1670209.1,nrel
p4,2019,283.4,191.7,162.4,1690961.9,nrel
p4,2020,270.6,179.8,156.8,1603218.7,nrel
p4,2021,279.2,183.6,161.6,1649084.2,nrel
p4,2022,309.5,190.1,162.8,1708753.6,nrel
p4,2023,273.6,192.3,167.9,1698400.0,nrel
p4,2024,275.7,193.7,169.1,1711034.1,eia_scaled_2023
p4,2025,273.6,192.3,167.9,1698400.0,held_2023
p4,2026,273.6,192.3,167.9,1698400.0,held_latest
p4,2027,273.6,192.3,167.9,1698400.0,held_latest
p4,2028,273.6,192.3,167.9,1698400.0,held_latest
p4,2029,273.6,192.3,167.9,1698400.0,held_latest
p4,2030,273.6,192.3,167.9,1698400.0,held_latest
p40,2010,1960.6,1055.6,816.2,9630204.8,zenodo
p40,2011,2106.9,1045.6,819.5,9630196.3,zenodo
p40,2012,2184.3,1050.7,828.1,10026822.7,zenodo
p40,2013,2058.6,1091.1,855.2,9973026.0,zenodo
p40,2014,2052.2,1065.5,837.2,9833687.0,interpolated
p40,2015,2030.0,1032.4,813.2,9621621.5,interpolated
p40,2016,2100.5,1046.2,826.2,9847999.2,nrel
p40,2017,2072.2,1056.7,848.9,9860099.6,nrel
p40,2018,2103.4,1105.0,904.2,9999246.6,nrel
p40,2019,2058.6,1085.1,859.0,9729306.1,nrel
p40,2020,2103.2,1049.6,820.5,9777203.7,nrel
p40,2021,2167.6,1077.9,879.5,10199572.0,nrel
p40,2022,2165.0,1106.5,904.1,10649325.5,nrel
p40,2023,2314.1,1126.5,923.0,10536893.2,nrel
p40,2024,2412.0,1174.1,962.1,10982734.7,eia_scaled_2023
p40,2025,2314.1,1126.5,923.0,10536893.2,held_2023
p40,2026,2314.1,1126.5,923.0,10536893.2,held_latest
p40,2027,2314.1,1126.5,923.0,10536893.2,held_latest
p40,2028,2314.1,1126.5,923.0,10536893.2,held_latest
p40,2029,2314.1,1126.5,923.0,10536893.2,held_latest
p40,2030,2314.1,1126.5,923.0,10536893.2,held_latest
p41,2010,3814.2,2082.9,1629.6,18833493.8,zenodo
p41,2011,4091.8,2061.3,1631.7,18808096.7,zenodo
p41,2012,4171.2,2098.1,1642.5,19575882.3,zenodo
p41,2013,3995.3,2153.6,1722.4,19499746.6,zenodo
p41,2014,3970.7,2103.5,1674.9,19187227.3,interpolated
p41,2015,3915.9,2038.4,1615.6,18733907.8,interpolated
p41,2016,4039.9,2066.0,1629.8,19133863.7,nrel
p41,2017,4216.5,2104.8,1683.1,19332339.2,nrel
p41,2018,4131.4,2167.3,1751.0,19787983.8,nrel
p41,2019,4199.7,2145.5,1724.3,19513948.9,nrel
p41,2020,4212.9,2185.7,1760.4,20118210.8,nrel
p41,2021,4407.5,2272.6,1843.8,20924741.0,nrel
p41,2022,4460.4,2389.6,1932.9,21936840.0,nrel
p41,2023,4845.3,2385.6,1965.3,21801279.8,nrel
p41,2024,5050.3,2486.5,2048.4,22723744.9,eia_scaled_2023
p41,2025,4845.3,2385.6,1965.3,21801279.8,held_2023
p41,2026,4845.3,2385.6,1965.3,21801279.8,held_latest
p41,2027,4845.3,2385.6,1965.3,21801279.8,held_latest
p41,2028,4845.3,2385.6,1965.3,21801279.8,held_latest
p41,2029,4845.3,2385.6,1965.3,21801279.8,held_latest
p41,2030,4845.3,2385.6,1965.3,21801279.8,held_latest
p42,2010,640.1,416.3,333.2,3656595.8,zenodo
p42,2011,666.5,418.8,335.6,3698393.1,zenodo
p42,2012,672.9,415.3,333.2,3663807.5,zenodo
p42,2013,669.1,422.1,338.3,3705218.7,zenodo
p42,2014,665.0,420.9,338.9,3702560.1,interpolated
p42,2015,640.2,406.5,328.8,3583660.9,interpolated
p42,2016,636.0,405.2,329.3,3580059.4,nrel
p42,2017,623.7,418.9,341.9,3681925.5,nrel
p42,2018,621.2,422.0,351.2,3715411.7,nrel
p42,2019,610.2,408.2,335.6,3601191.6,nrel
p42,2020,571.3,379.2,309.6,3362581.4,nrel
p42,2021,597.6,389.7,323.8,3465872.2,nrel
p42,2022,590.7,391.4,326.9,3459217.8,nrel
p42,2023,600.4,394.6,336.1,3487986.1,nrel
p42,2024,590.0,387.7,330.3,3427445.5,eia_scaled_2023
p42,2025,600.4,394.6,336.1,3487986.1,held_2023
p42,2026,600.4,394.6,336.1,3487986.1,held_latest
p42,2027,600.4,394.6,336.1,3487986.1,held_latest
p42,2028,600.4,394.6,336.1,3487986.1,held_latest
p42,2029,600.4,394.6,336.1,3487986.1,held_latest
p42,2030,600.4,394.6,336.1,3487986.1,held_latest
p43,2010,10552.2,6772.0,5412.7,59581150.8,zenodo
p43,2011,10990.8,6831.0,5438.3,60260603.0,zenodo
p43,2012,11099.0,6774.2,5401.4,59708240.0,zenodo
p43,2013,11030.0,6878.4,5496.5,60364933.8,zenodo
p43,2014,11028.8,6874.0,5505.0,60430078.7,interpolated
p43,2015,10681.3,6653.9,5340.6,58596900.8,interpolated
p43,2016,10677.3,6647.8,5347.9,58647798.8,nrel
p43,2017,10251.6,6757.1,5481.4,59355032.1,nrel
p43,2018,10449.8,6906.1,5715.9,60853751.3,nrel
p43,2019,10369.4,6734.3,5510.8,59378803.9,nrel
p43,2020,9894.3,6394.4,5210.5,56852302.1,nrel
p43,2021,10463.5,6649.4,5482.6,59187950.9,nrel
p43,2022,10551.1,6729.3,5578.4,59537296.0,nrel
p43,2023,10536.4,6682.8,5655.7,59210047.5,nrel
p43,2024,10353.5,6566.8,5557.5,58182345.5,eia_scaled_2023
p43,2025,10536.4,6682.8,5655.7,59210047.5,held_2023
p43,2026,10536.4,6682.8,5655.7,59210047.5,held_latest
p43,2027,10536.4,6682.8,5655.7,59210047.5,held_latest
p43,2028,10536.4,6682.8,5655.7,59210047.5,held_latest
p43,2029,10536.4,6682.8,5655.7,59210047.5,held_latest
p43,2030,10536.4,6682.8,5655.7,59210047.5,held_latest
p44,2010,308.9,192.4,154.0,1698690.5,zenodo
p44,2011,323.4,193.8,155.4,1717489.3,zenodo
p44,2012,326.3,191.9,154.1,1702422.0,zenodo
p44,2013,322.9,195.4,157.2,1720072.8,zenodo
p44,2014,320.9,195.6,158.0,1729278.5,interpolated
p44,2015,308.8,189.7,153.7,1684084.1,interpolated
p44,2016,306.7,190.0,154.5,1692959.4,nrel
p44,2017,293.9,191.9,156.9,1694518.7,nrel
p44,2018,299.4,192.6,160.5,1710283.3,nrel
p44,2019,288.8,186.0,153.0,1650671.3,nrel
p44,2020,278.8,177.6,145.7,1580754.6,nrel
p44,2021,288.4,183.1,151.9,1636308.1,nrel
p44,2022,285.3,184.3,153.5,1638347.3,nrel
p44,2023,296.9,182.6,155.0,1621530.2,nrel
p44,2024,291.8,179.4,152.3,1593385.5,eia_scaled_2023
p44,2025,296.9,182.6,155.0,1621530.2,held_2023
p44,2026,296.9,182.6,155.0,1621530.2,held_latest
p44,2027,296.9,182.6,155.0,1621530.2,held_latest
p44,2028,296.9,182.6,155.0,1621530.2,held_latest
p44,2029,296.9,182.6,155.0,1621530.2,held_latest
p44,2030,296.9,182.6,155.0,1621530.2,held_latest
p45,2010,1805.0,1128.3,911.9,10052542.2,zenodo
p45,2011,1872.7,1135.3,923.8,10138064.7,zenodo
p45,2012,1905.7,1139.8,926.7,10155608.1,zenodo
p45,2013,1843.5,1178.8,947.1,10370160.3,zenodo
p45,2014,1834.8,1184.0,965.8,10481729.0,interpolated
p45,2015,1812.0,1179.9,976.9,10510615.5,interpolated
p45,2016,1829.1,1201.8,1009.5,10771242.0,nrel
p45,2017,1869.8,1215.8,1018.1,10806119.2,nrel
p45,2018,1803.7,1269.5,1076.5,11250281.7,nrel
p45,2019,1815.8,1262.0,1052.2,11182939.5,nrel
p45,2020,1842.9,1266.4,1048.5,11176100.0,nrel
p45,2021,1910.5,1309.7,1108.5,11639957.2,nrel
p45,2022,1866.1,1338.9,1135.3,11874087.4,nrel
p45,2023,1969.4,1354.0,1161.5,11892314.0,nrel
p45,2024,1935.8,1330.9,1141.7,11689114.5,eia_scaled_2023
p45,2025,1969.4,1354.0,1161.5,11892314.0,held_2023
p45,2026,1969.4,1354.0,1161.5,11892314.0,held_latest
p45,2027,1969.4,1354.0,1161.5,11892314.0,held_latest
p45,2028,1969.4,1354.0,1161.5,11892314.0,held_latest
p45,2029,1969.4,1354.0,1161.5,11892314.0,held_latest
p45,2030,1969.4,1354.0,1161.5,11892314.0,held_latest
p46,2010,1660.4,1098.6,886.5,9697426.5,zenodo
p46,2011,1848.8,1097.5,888.2,9676556.7,zenodo
p46,2012,1860.3,1100.1,885.3,9698446.2,zenodo
p46,2013,1829.1,1110.3,896.0,9743512.1,zenodo
p46,2014,1819.1,1113.5,897.8,9789695.0,interpolated
p46,2015,1776.4,1096.6,883.2,9657984.3,interpolated
p46,2016,1778.7,1107.5,891.1,9771332.4,nrel
p46,2017,1674.3,1103.6,895.3,9693807.9,nrel
p46,2018,1711.8,1131.0,936.1,9965140.8,nrel
p46,2019,1691.9,1099.3,899.6,9694201.6,nrel
p46,2020,1665.3,1076.3,876.9,9569314.1,nrel
p46,2021,1746.0,1109.3,914.5,9874759.7,nrel
p46,2022,1773.6,1131.0,936.7,10001716.4,nrel
p46,2023,1750.0,1110.2,940.0,9839175.9,nrel
p46,2024,1757.9,1115.2,944.2,9883308.0,eia_scaled_2023
p46,2025,1750.0,1110.2,940.0,9839175.9,held_2023
p46,2026,1750.0,1110.2,940.0,9839175.9,held_latest
p46,2027,1750.0,1110.2,940.0,9839175.9,held_latest
p46,2028,1750.0,1110.2,940.0,9839175.9,held_latest
p46,2029,1750.0,1110.2,940.0,9839175.9,held_latest
p46,2030,1750.0,1110.2,940.0,9839175.9,held_latest
p47,2010,516.6,315.4,276.2,2877794.9,zenodo
p47,2011,535.4,321.8,278.0,2965799.6,zenodo
p47,2012,535.9,323.6,284.7,2982450.8,zenodo
p47,2013,538.1,325.8,287.3,2973645.5,zenodo
p47,2014,553.0,326.9,287.5,2997536.4,interpolated
p47,2015,564.9,326.1,286.2,3004584.7,interpolated
p47,2016,575.6,324.7,284.2,3005028.2,nrel
p47,2017,546.4,325.3,287.7,2971273.6,nrel
p47,2018,568.7,337.7,300.4,3106473.0,nrel
p47,2019,588.9,350.7,310.3,3232610.2,nrel
p47,2020,614.9,355.6,313.7,3294182.1,nrel
p47,2021,581.5,368.9,328.6,3337039.0,nrel
p47,2022,632.8,388.4,348.2,3550325.1,nrel
p47,2023,662.6,403.7,360.9,3703021.0,nrel
p47,2024,710.6,433.0,387.0,3971622.5,eia_scaled_2023
p47,2025,662.6,403.7,360.9,3703021.0,held_2023
p47,2026,662.6,403.7,360.9,3703021.0,held_latest
p47,2027,662.6,403.7,360.9,3703021.0,held_latest
p47,2028,662.6,403.7,360.9,3703021.0,held_latest
p47,2029,662.6,403.7,360.9,3703021.0,held_latest
p47,2030,662.6,403.7,360.9,3703021.0,held_latest
p48,2010,2047.6,1269.8,1052.3,11525186.9,zenodo
p48,2011,2228.8,1303.9,1077.0,12029847.4,zenodo
p48,2012,2168.5,1288.3,1081.2,11731294.6,zenodo
p48,2013,2161.2,1347.2,1129.3,12227098.0,zenodo
p48,2014,2277.6,1368.7,1170.2,12530559.4,interpolated
p48,2015,2368.1,1374.7,1197.7,12691798.2,interpolated
p48,2016,2472.0,1388.7,1232.2,12926189.1,nrel
p48,2017,2360.4,1404.0,1256.2,12852295.5,nrel
p48,2018,2440.8,1461.7,1309.2,13451463.4,nrel
p48,2019,2424.0,1457.8,1304.5,13465915.5,nrel
p48,2020,2437.0,1418.8,1273.7,13191747.8,nrel
p48,2021,2280.4,1479.4,1327.2,13347554.2,nrel
p48,2022,2462.4,1560.1,1415.7,14293305.6,nrel
p48,2023,2540.9,1589.5,1441.2,14580335.6,nrel
p48,2024,2508.7,1569.3,1422.9,14395433.8,eia_scaled_2023
p48,2025,2540.9,1589.5,1441.2,14580335.6,held_2023
p48,2026,2540.9,1589.5,1441.2,14580335.6,held_latest
p48,2027,2540.9,1589.5,1441.2,14580335.6,held_latest
p48,2028,2540.9,1589.5,1441.2,14580335.6,held_latest
p48,2029,2540.9,1589.5,1441.2,14580335.6,held_latest
p48,2030,2540.9,1589.5,1441.2,14580335.6,held_latest
p49,2010,79.9,45.3,37.1,416644.6,zenodo
p49,2011,85.3,45.6,37.4,429707.7,zenodo
p49,2012,84.9,45.7,38.2,426616.0,zenodo
p49,2013,79.4,47.9,39.7,432915.2,zenodo
p49,2014,83.0,49.0,41.6,446985.2,interpolated
p49,2015,84.2,48.6,42.2,447723.5,interpolated
p49,2016,85.9,48.6,43.1,451391.8,nrel
p49,2017,80.1,47.8,42.8,437729.2,nrel
p49,2018,82.8,49.9,44.7,458502.6,nrel
p49,2019,80.6,48.7,43.6,449407.2,nrel
p49,2020,82.8,48.5,43.4,449915.5,nrel
p49,2021,77.7,50.4,45.2,454967.5,nrel
p49,2022,83.3,52.6,47.7,481662.6,nrel
p49,2023,82.7,51.6,46.7,472947.0,nrel
p49,2024,86.8,54.2,49.0,496270.0,eia_scaled_2023
p49,2025,82.7,51.6,46.7,472947.0,held_2023
p49,2026,82.7,51.6,46.7,472947.0,held_latest
p49,2027,82.7,51.6,46.7,472947.0,held_latest
p49,2028,82.7,51.6,46.7,472947.0,held_latest
p49,2029,82.7,51.6,46.7,472947.0,held_latest
p49,2030,82.7,51.6,46.7,472947.0,held_latest
p5,2010,6618.7,4523.2,3577.9,39443709.2,zenodo
p5,2011,6720.0,4630.8,3647.2,40408295.5,zenodo
p5,2012,6490.3,4604.5,3630.4,40105494.4,zenodo
p5,2013,7129.8,4641.9,3662.0,40886691.9,zenodo
p5,2014,7147.4,4628.4,3615.5,40705584.2,interpolated
p5,2015,7177.2,4623.0,3575.3,40594595.6,interpolated
p5,2016,7225.6,4629.5,3544.3,40588491.7,nrel
p5,2017,8060.0,4863.9,3745.3,42943635.3,nrel
p5,2018,7552.6,4823.5,3740.2,42325671.6,nrel
p5,2019,7714.5,4893.9,3799.7,43296673.4,nrel
p5,2020,7498.7,4937.8,3866.7,43772418.9,nrel
p5,2021,8681.1,5214.2,4173.0,46430481.0,nrel
p5,2022,8779.0,5424.1,4319.4,48319057.6,nrel
p5,2023,9063.6,5648.0,4463.9,49905227.0,nrel
p5,2024,9192.1,5728.1,4527.2,50612903.8,eia_scaled_2023
p5,2025,9063.6,5648.0,4463.9,49905227.0,held_2023
p5,2026,9063.6,5648.0,4463.9,49905227.0,held_latest
p5,2027,9063.6,5648.0,4463.9,49905227.0,held_latest
p5,2028,9063.6,5648.0,4463.9,49905227.0,held_latest
p5,2029,9063.6,5648.0,4463.9,49905227.0,held_latest
p5,2030,9063.6,5648.0,4463.9,49905227.0,held_latest
p50,2010,8015.7,4207.9,3307.5,38889456.6,zenodo
p50,2011,8612.3,4262.5,3345.7,40069750.1,zenodo
p50,2012,8458.0,4233.4,3430.3,39757789.6,zenodo
p50,2013,7848.3,4417.4,3585.9,40356222.4,zenodo
p50,2014,8120.4,4507.4,3644.7,41459844.2,interpolated
p50,2015,8150.5,4462.7,3594.4,41325765.1,interpolated
p50,2016,8233.6,4448.1,3568.7,41465705.4,nrel
p50,2017,8111.1,4414.1,3629.7,40743059.0,nrel
p50,2018,8556.8,4719.1,3915.4,43492789.1,nrel
p50,2019,8511.8,4724.6,3910.6,43311082.1,nrel
p50,2020,8060.2,4533.1,3712.8,41648577.3,nrel
p50,2021,8575.9,4613.2,3834.1,43079031.6,nrel
p50,2022,9357.4,5015.3,4067.3,46399114.9,nrel
p50,2023,9474.6,4990.0,4141.0,46060629.4,nrel
p50,2024,9941.8,5236.0,4345.2,48332079.6,eia_scaled_2023
p50,2025,9474.6,4990.0,4141.0,46060629.4,held_2023
p50,2026,9474.6,4990.0,4141.0,46060629.4,held_latest
p50,2027,9474.6,4990.0,4141.0,46060629.4,held_latest
p50,2028,9474.6,4990.0,4141.0,46060629.4,held_latest
p50,2029,9474.6,4990.0,4141.0,46060629.4,held_latest
p50,2030,9474.6,4990.0,4141.0,46060629.4,held_latest
p51,2010,4028.4,2124.8,1669.7,19617497.8,zenodo
p51,2011,4299.5,2158.9,1688.5,20206757.2,zenodo
p51,2012,4250.7,2143.2,1736.2,20046922.4,zenodo
p51,2013,3966.9,2228.5,1802.1,20365741.5,zenodo
p51,2014,4117.7,2273.7,1832.7,20916690.5,interpolated
p51,2015,4145.7,2251.0,1808.6,20843180.9,interpolated
p51,2016,4200.6,2243.4,1796.8,20907980.6,nrel
p51,2017,4132.5,2231.3,1854.7,20588226.1,nrel
p51,2018,4230.1,2379.0,1973.8,21911203.2,nrel
p51,2019,4298.1,2401.6,1975.9,21943352.7,nrel
p51,2020,4074.0,2300.7,1899.9,21159817.6,nrel
p51,2021,4480.6,2350.1,1952.6,21889220.0,nrel
p51,2022,4629.8,2551.4,2082.9,23613744.2,nrel
p51,2023,4847.1,2540.7,2107.7,23428551.8,nrel
p51,2024,5086.1,2666.0,2211.6,24583915.7,eia_scaled_2023
p51,2025,4847.1,2540.7,2107.7,23428551.8,held_2023
p51,2026,4847.1,2540.7,2107.7,23428551.8,held_latest
p51,2027,4847.1,2540.7,2107.7,23428551.8,held_latest
p51,2028,4847.1,2540.7,2107.7,23428551.8,held_latest
p51,2029,4847.1,2540.7,2107.7,23428551.8,held_latest
p51,2030,4847.1,2540.7,2107.7,23428551.8,held_latest
p52,2010,316.3,172.1,140.4,1571088.6,zenodo
p52,2011,323.8,171.4,140.9,1584266.4,zenodo
p52,2012,323.2,170.4,141.1,1568371.5,zenodo
p52,2013,308.5,172.5,142.6,1553601.5,zenodo
p52,2014,310.9,175.2,145.8,1583945.8,interpolated
p52,2015,302.5,171.7,143.9,1558694.2,interpolated
p52,2016,307.0,175.5,148.2,1599698.8,nrel
p52,2017,313.9,172.6,145.6,1569676.5,nrel
p52,2018,289.1,179.2,155.3,1624916.1,nrel
p52,2019,298.6,174.7,151.1,1584231.9,nrel
p52,2020,294.5,169.2,147.7,1540319.7,nrel
p52,2021,304.4,172.2,150.0,1575515.4,nrel
p52,2022,297.5,176.5,154.6,1612446.9,nrel
p52,2023,313.2,172.6,150.1,1567417.8,nrel
p52,2024,317.1,174.8,152.0,1587141.7,eia_scaled_2023
p52,2025,313.2,172.6,150.1,1567417.8,held_2023
p52,2026,313.2,172.6,150.1,1567417.8,held_latest
p52,2027,313.2,172.6,150.1,1567417.8,held_latest
p52,2028,313.2,172.6,150.1,1567417.8,held_latest
p52,2029,313.2,172.6,150.1,1567417.8,held_latest
p52,2030,313.2,172.6,150.1,1567417.8,held_latest
p53,2010,8212.1,4211.9,3347.1,38849731.4,zenodo
p53,2011,8463.5,4206.4,3360.6,39169120.6,zenodo
p53,2012,8402.0,4171.8,3361.4,38784886.5,zenodo
p53,2013,8059.9,4226.6,3413.2,38373352.5,zenodo
p53,2014,8201.8,4267.3,3429.6,39041066.6,interpolated
p53,2015,8056.0,4158.8,3326.4,38339753.9,interpolated
p53,2016,8252.8,4227.5,3365.0,39268927.9,nrel
p53,2017,8245.7,4249.3,3466.1,38794353.3,nrel
p53,2018,8287.6,4393.2,3606.1,40537410.8,nrel
p53,2019,8143.7,4327.9,3604.3,39724659.7,nrel
p53,2020,7664.3,4156.2,3393.7,38196828.0,nrel
p53,2021,8190.1,4241.4,3500.7,39223047.4,nrel
p53,2022,8173.4,4388.2,3604.8,40613601.5,nrel
p53,2023,8825.0,4322.3,3577.7,39872648.4,nrel
p53,2024,8936.0,4376.7,3622.8,40374392.6,eia_scaled_2023
p53,2025,8825.0,4322.3,3577.7,39872648.4,held_2023
p53,2026,8825.0,4322.3,3577.7,39872648.4,held_latest
p53,2027,8825.0,4322.3,3577.7,39872648.4,held_latest
p53,2028,8825.0,4322.3,3577.7,39872648.4,held_latest
p53,2029,8825.0,4322.3,3577.7,39872648.4,held_latest
p53,2030,8825.0,4322.3,3577.7,39872648.4,held_latest
p54,2010,4638.3,2445.3,1899.5,22475341.4,zenodo
p54,2011,4796.0,2371.4,1871.7,21994449.0,zenodo
p54,2012,4786.9,2318.0,1842.1,21533455.2,zenodo
p54,2013,4422.8,2414.3,1904.0,21773903.0,zenodo
p54,2014,4543.7,2396.9,1879.0,21887839.9,interpolated
p54,2015,4510.9,2297.2,1789.2,21254123.1,interpolated
p54,2016,4448.2,2184.2,1689.5,20491419.9,nrel
p54,2017,4527.1,2168.2,1692.7,20045065.8,nrel
p54,2018,4509.6,2340.2,1839.1,21550814.2,nrel
p54,2019,4294.4,2277.7,1795.5,20780394.6,nrel
p54,2020,4128.9,2193.4,1723.1,20158542.1,nrel
p54,2021,4315.7,2227.4,1788.9,20714779.4,nrel
p54,2022,4291.9,2328.1,1820.5,21408163.2,nrel
p54,2023,4533.3,2253.9,1793.6,20625525.8,nrel
p54,2024,4620.7,2297.3,1828.2,21023051.2,eia_scaled_2023
p54,2025,4533.3,2253.9,1793.6,20625525.8,held_2023
p54,2026,4533.3,2253.9,1793.6,20625525.8,held_latest
p54,2027,4533.3,2253.9,1793.6,20625525.8,held_latest
p54,2028,4533.3,2253.9,1793.6,20625525.8,held_latest
p54,2029,4533.3,2253.9,1793.6,20625525.8,held_latest
p54,2030,4533.3,2253.9,1793.6,20625525.8,held_latest
p55,2010,2747.3,1473.0,1135.6,13511795.0,zenodo
p55,2011,2836.3,1435.4,1120.6,13220743.2,zenodo
p55,2012,2855.2,1404.2,1099.4,12938553.7,zenodo
p55,2013,2619.7,1457.7,1134.4,13099389.0,zenodo
p55,2014,2686.1,1447.7,1118.5,13168604.1,interpolated
p55,2015,2661.6,1387.9,1064.0,12788011.3,interpolated
p55,2016,2619.7,1320.2,1003.7,12329793.8,nrel
p55,2017,2627.4,1309.4,1004.9,12041785.1,nrel
p55,2018,2712.5,1410.0,1088.0,12962640.6,nrel
p55,2019,2520.1,1373.7,1078.6,12512578.5,nrel
p55,2020,2390.7,1306.5,1020.1,12009868.9,nrel
p55,2021,2764.3,1328.0,1061.2,12424463.9,nrel
p55,2022,2820.5,1400.4,1080.9,12954547.8,nrel
p55,2023,2749.8,1364.4,1071.8,12495586.9,nrel
p55,2024,2802.8,1390.7,1092.4,12736420.2,eia_scaled_2023
p55,2025,2749.8,1364.4,1071.8,12495586.9,held_2023
p55,2026,2749.8,1364.4,1071.8,12495586.9,held_latest
p55,2027,2749.8,1364.4,1071.8,12495586.9,held_latest
p55,2028,2749.8,1364.4,1071.8,12495586.9,held_latest
p55,2029,2749.8,1364.4,1071.8,12495586.9,held_latest
p55,2030,2749.8,1364.4,1071.8,12495586.9,held_latest
p56,2010,3138.0,1714.9,1363.9,15855579.4,zenodo
p56,2011,3232.1,1690.4,1350.6,15782574.0,zenodo
p56,2012,3156.5,1656.3,1357.8,15440103.9,zenodo
p56,2013,2948.7,1675.0,1379.1,15398591.2,zenodo
p56,2014,3013.1,1671.8,1360.7,15448600.1,interpolated
p56,2015,2971.0,1609.7,1294.5,14954311.0,interpolated
p56,2016,3014.3,1594.5,1266.2,14893880.6,nrel
p56,2017,3052.4,1626.1,1324.0,15013902.9,nrel
p56,2018,3294.8,1749.3,1441.3,16272876.1,nrel
p56,2019,3222.6,1718.8,1413.8,15901197.4,nrel
p56,2020,3075.0,1655.3,1343.0,15290671.2,nrel
p56,2021,3330.1,1757.2,1435.6,16440261.3,nrel
p56,2022,3457.0,1803.5,1441.6,16767997.7,nrel
p56,2023,3625.3,1804.5,1472.8,16872431.8,nrel
p56,2024,3699.7,1841.5,1503.1,17218772.0,eia_scaled_2023
p56,2025,3625.3,1804.5,1472.8,16872431.8,held_2023
p56,2026,3625.3,1804.5,1472.8,16872431.8,held_latest
p56,2027,3625.3,1804.5,1472.8,16872431.8,held_latest
p56,2028,3625.3,1804.5,1472.8,16872431.8,held_latest
p56,2029,3625.3,1804.5,1472.8,16872431.8,held_latest
p56,2030,3625.3,1804.5,1472.8,16872431.8,held_latest
p57,2010,1418.1,771.0,604.9,7123309.7,zenodo
p57,2011,1478.6,795.6,624.1,7431982.2,zenodo
p57,2012,1452.9,784.2,628.3,7242764.4,zenodo
p57,2013,1476.7,816.1,658.3,7550031.9,zenodo
p57,2014,1538.8,834.4,667.0,7746281.1,interpolated
p57,2015,1583.4,843.3,668.1,7854608.5,interpolated
p57,2016,1637.0,857.0,673.1,8008159.8,nrel
p57,2017,1613.7,864.6,692.6,7980162.0,nrel
p57,2018,1662.7,882.5,718.8,8238975.4,nrel
p57,2019,1669.1,886.2,720.7,8229393.2,nrel
p57,2020,1652.5,877.3,701.2,8130244.9,nrel
p57,2021,1656.7,874.0,705.1,8188761.0,nrel
p57,2022,1802.3,945.9,745.4,8811657.6,nrel
p57,2023,1950.1,956.8,772.8,9020136.6,nrel
p57,2024,1925.4,944.7,763.0,8905747.0,eia_scaled_2023
p57,2025,1950.1,956.8,772.8,9020136.6,held_2023
p57,2026,1950.1,956.8,772.8,9020136.6,held_latest
p57,2027,1950.1,956.8,772.8,9020136.6,held_latest
p57,2028,1950.1,956.8,772.8,9020136.6,held_latest
p57,2029,1950.1,956.8,772.8,9020136.6,held_latest
p57,2030,1950.1,956.8,772.8,9020136.6,held_latest
p58,2010,18589.4,10753.9,8661.8,98694029.0,zenodo
p58,2011,19345.0,10770.3,8679.9,99717171.0,zenodo
p58,2012,19051.2,10666.4,8770.2,98559350.0,zenodo
p58,2013,18229.5,10733.2,8940.4,98568902.6,zenodo
p58,2014,19239.4,11286.6,9346.6,103809376.4,interpolated
p58,2015,19555.5,11432.1,9414.1,105301697.6,interpolated
p58,2016,19660.8,11455.6,9382.5,105665026.1,nrel
p58,2017,20155.8,11551.3,9595.2,106068793.4,nrel
p58,2018,20174.0,11527.6,9615.1,106782950.2,nrel
p58,2019,19856.6,11629.3,9762.8,107645969.7,nrel
p58,2020,19486.2,11266.6,9306.7,102907183.5,nrel
p58,2021,19329.4,11242.9,9456.6,103462960.8,nrel
p58,2022,19513.6,11753.5,9605.0,107252562.7,nrel
p58,2023,20638.8,11310.8,9428.7,105246957.3,nrel
p58,2024,20393.7,11176.4,9316.7,103996679.2,eia_scaled_2023
p58,2025,20638.8,11310.8,9428.7,105246957.3,held_2023
p58,2026,20638.8,11310.8,9428.7,105246957.3,held_latest
p58,2027,20638.8,11310.8,9428.7,105246957.3,held_latest
p58,2028,20638.8,11310.8,9428.7,105246957.3,held_latest
p58,2029,20638.8,11310.8,9428.7,105246957.3,held_latest
p58,2030,20638.8,11310.8,9428.7,105246957.3,held_latest
p59,2010,2266.7,1131.8,881.6,10672173.7,zenodo
p59,2011,2388.7,1161.8,903.5,11157427.9,zenodo
p59,2012,2469.3,1143.9,901.6,10876783.1,zenodo
p59,2013,2450.4,1192.1,959.3,11309551.1,zenodo
p59,2014,2550.2,1225.1,971.4,11595535.2,interpolated
p59,2015,2621.1,1244.3,972.5,11749908.8,interpolated
p59,2016,2706.9,1270.7,979.2,11971977.1,nrel
p59,2017,2759.3,1264.8,979.6,11950437.6,nrel
p59,2018,2804.6,1296.6,1019.4,12491493.6,nrel
p59,2019,2913.8,1298.6,1026.6,12522598.6,nrel
p59,2020,3176.9,1298.2,1006.7,12746430.9,nrel
p59,2021,3065.7,1330.2,1056.6,12903665.6,nrel
p59,2022,3420.7,1417.0,1140.0,13855712.9,nrel
p59,2023,3693.1,1419.2,1128.8,14220571.7,nrel
p59,2024,3646.3,1401.2,1114.5,14040232.3,eia_scaled_2023
p59,2025,3693.1,1419.2,1128.8,14220571.7,held_2023
p59,2026,3693.1,1419.2,1128.8,14220571.7,held_latest
p59,2027,3693.1,1419.2,1128.8,14220571.7,held_latest
p59,2028,3693.1,1419.2,1128.8,14220571.7,held_latest
p59,2029,3693.1,1419.2,1128.8,14220571.7,held_latest
p59,2030,3693.1,1419.2,1128.8,14220571.7,held_latest
p6,2010,1100.8,738.3,583.9,6461058.6,zenodo
p6,2011,1126.8,758.3,595.9,6618906.9,zenodo
p6,2012,1069.0,753.4,593.1,6569633.7,zenodo
p6,2013,1189.6,758.8,598.6,6698842.6,zenodo
p6,2014,1177.1,757.8,593.0,6681744.8,interpolated
p6,2015,1166.6,758.2,588.4,6676128.0,interpolated
p6,2016,1159.1,760.5,585.4,6687785.7,nrel
p6,2017,1357.3,792.7,605.2,6988639.2,nrel
p6,2018,1295.8,793.2,608.8,6944389.7,nrel
p6,2019,1307.0,799.3,611.6,7064971.5,nrel
p6,2020,1246.1,812.9,627.6,7190562.8,nrel
p6,2021,1416.7,859.7,678.6,7632362.1,nrel
p6,2022,1444.3,892.2,690.9,7922557.4,nrel
p6,2023,1520.3,926.8,703.0,8147942.5,nrel
p6,2024,1541.8,939.9,713.0,8263483.7,eia_scaled_2023
p6,2025,1520.3,926.8,703.0,8147942.5,held_2023
p6,2026,1520.3,926.8,703.0,8147942.5,held_latest
p6,2027,1520.3,926.8,703.0,8147942.5,held_latest
p6,2028,1520.3,926.8,703.0,8147942.5,held_latest
p6,2029,1520.3,926.8,703.0,8147942.5,held_latest
p6,2030,1520.3,926.8,703.0,8147942.5,held_latest
p60,2010,528.6,319.5,261.0,2898709.8,zenodo
p60,2011,563.7,330.5,268.9,3022528.3,zenodo
p60,2012,542.0,323.5,271.1,2948249.9,zenodo
p60,2013,555.3,338.2,280.6,3076417.1,zenodo
p60,2014,571.0,347.2,290.1,3167438.4,interpolated
p60,2015,580.2,352.2,296.4,3222507.6,interpolated
p60,2016,592.7,359.3,304.3,3296071.1,nrel
p60,2017,561.4,355.5,306.2,3245340.7,nrel
p60,2018,584.6,364.6,314.4,3322833.7,nrel
p60,2019,557.8,352.3,308.3,3203233.2,nrel
p60,2020,554.8,360.3,312.8,3263283.9,nrel
p60,2021,570.0,355.2,308.3,3234197.6,nrel
p60,2022,567.3,373.9,323.7,3385726.3,nrel
p60,2023,568.4,365.8,314.0,3322807.8,nrel
p60,2024,561.2,361.2,310.0,3280669.3,eia_scaled_2023
p60,2025,568.4,365.8,314.0,3322807.8,held_2023
p60,2026,568.4,365.8,314.0,3322807.8,held_latest
p60,2027,568.4,365.8,314.0,3322807.8,held_latest
p60,2028,568.4,365.8,314.0,3322807.8,held_latest
p60,2029,568.4,365.8,314.0,3322807.8,held_latest
p60,2030,568.4,365.8,314.0,3322807.8,held_latest
p61,2010,999.6,586.1,473.3,5344664.1,zenodo
p61,2011,1043.4,605.9,487.4,5574371.7,zenodo
p61,2012,1035.2,593.6,491.3,5436184.0,zenodo
p61,2013,1042.0,619.5,511.3,5670362.5,zenodo
p61,2014,1078.0,633.3,523.1,5810622.4,interpolated
p61,2015,1101.7,640.0,528.9,5884931.4,interpolated
p61,2016,1131.7,650.3,537.8,5993162.2,nrel
p61,2017,1097.2,648.7,546.7,5958298.3,nrel
p61,2018,1156.6,679.7,575.2,6238560.6,nrel
p61,2019,1144.4,682.1,587.6,6262125.7,nrel
p61,2020,1143.1,679.1,566.4,6173168.7,nrel
p61,2021,1253.9,679.9,568.3,6217897.5,nrel
p61,2022,1192.4,731.7,606.2,6680354.0,nrel
p61,2023,1300.7,749.1,617.4,6885901.1,nrel
p61,2024,1284.2,739.6,609.5,6798577.0,eia_scaled_2023
p61,2025,1300.7,749.1,617.4,6885901.1,held_2023
p61,2026,1300.7,749.1,617.4,6885901.1,held_latest
p61,2027,1300.7,749.1,617.4,6885901.1,held_latest
p61,2028,1300.7,749.1,617.4,6885901.1,held_latest
p61,2029,1300.7,749.1,617.4,6885901.1,held_latest
p61,2030,1300.7,749.1,617.4,6885901.1,held_latest
p62,2010,858.1,561.4,472.7,4990771.1,zenodo
p62,2011,976.5,582.0,485.7,5199675.8,zenodo
p62,2012,852.4,567.1,489.8,5079550.7,zenodo
p62,2013,1004.8,590.7,502.8,5306548.7,zenodo
p62,2014,960.4,602.4,524.5,5410905.4,interpolated
p62,2015,905.1,607.2,540.2,5453850.8,interpolated
p62,2016,855.4,615.6,559.0,5528378.8,nrel
p62,2017,828.6,618.9,555.6,5510688.7,nrel
p62,2018,871.0,679.3,586.1,5955731.0,nrel
p62,2019,877.3,692.0,620.0,6098062.2,nrel
p62,2020,859.5,683.5,624.2,6013929.9,nrel
p62,2021,795.7,663.2,613.2,5833367.1,nrel
p62,2022,889.5,734.0,642.8,6368655.8,nrel
p62,2023,872.7,746.8,673.1,6512698.1,nrel
p62,2024,861.7,737.3,664.6,6430106.7,eia_scaled_2023
p62,2025,872.7,746.8,673.1,6512698.1,held_2023
p62,2026,872.7,746.8,673.1,6512698.1,held_latest
p62,2027,872.7,746.8,673.1,6512698.1,held_latest
p62,2028,872.7,746.8,673.1,6512698.1,held_latest
p62,2029,872.7,746.8,673.1,6512698.1,held_latest
p62,2030,872.7,746.8,673.1,6512698.1,held_latest
p63,2010,25827.2,13408.2,10195.7,124332636.2,zenodo
p63,2011,26959.0,13805.1,10441.9,129803999.8,zenodo
p63,2012,26496.5,13603.3,10507.9,126438518.8,zenodo
p63,2013,26924.0,14143.7,11089.3,131727939.8,zenodo
p63,2014,28082.6,14359.9,11091.6,134281295.4,interpolated
p63,2015,28922.4,14413.1,10968.0,135310624.4,interpolated
p63,2016,29926.3,14550.1,10909.2,137123725.0,nrel
p63,2017,29154.6,14862.5,11319.0,138860526.8,nrel
p63,2018,31624.3,15645.4,12068.9,147052306.2,nrel
p63,2019,30956.5,15900.9,12392.4,148799032.8,nrel
p63,2020,32342.0,15789.1,12131.7,148552835.5,nrel
p63,2021,32787.2,16071.5,12447.2,152292438.5,nrel
p63,2022,35182.2,17780.1,13534.2,167094320.0,nrel
p63,2023,38093.5,18067.9,14131.7,174071090.5,nrel
p63,2024,37610.4,17838.7,13952.5,171863592.9,eia_scaled_2023
p63,2025,38093.5,18067.9,14131.7,174071090.5,held_2023
p63,2026,38093.5,18067.9,14131.7,174071090.5,held_latest
p63,2027,38093.5,18067.9,14131.7,174071090.5,held_latest
p63,2028,38093.5,18067.9,14131.7,174071090.5,held_latest
p63,2029,38093.5,18067.9,14131.7,174071090.5,held_latest
p63,2030,38093.5,18067.9,14131.7,174071090.5,held_latest
p64,2010,8622.1,4471.5,3458.2,41685797.8,zenodo
p64,2011,8999.9,4620.0,3540.2,43539266.7,zenodo
p64,2012,8830.7,4547.6,3532.9,42438468.6,zenodo
p64,2013,8988.3,4725.9,3739.9,44183120.7,zenodo
p64,2014,9227.1,4803.9,3751.5,44964219.1,interpolated
p64,2015,9361.1,4827.4,3720.5,45235003.7,interpolated
p64,2016,9549.1,4878.9,3711.3,45768219.2,nrel
p64,2017,9448.5,5003.5,3809.7,46596797.2,nrel
p64,2018,10265.5,5299.4,4094.3,49613369.1,nrel
p64,2019,10452.9,5411.3,4249.8,50844531.5,nrel
p64,2020,10718.2,5461.0,4259.1,51360704.0,nrel
p64,2021,12280.1,5637.8,4467.7,53141275.5,nrel
p64,2022,11534.5,6309.1,4960.3,58764456.4,nrel
p64,2023,12410.9,6417.0,5103.9,61353927.5,nrel
p64,2024,12253.5,6335.6,5039.2,60575862.4,eia_scaled_2023
p64,2025,12410.9,6417.0,5103.9,61353927.5,held_2023
p64,2026,12410.9,6417.0,5103.9,61353927.5,held_latest
p64,2027,12410.9,6417.0,5103.9,61353927.5,held_latest
p64,2028,12410.9,6417.0,5103.9,61353927.5,held_latest
p64,2029,12410.9,6417.0,5103.9,61353927.5,held_latest
p64,2030,12410.9,6417.0,5103.9,61353927.5,held_latest
p65,2010,13554.0,7092.1,5510.9,66024699.3,zenodo
p65,2011,14148.0,7325.7,5651.0,68982274.2,zenodo
p65,2012,13826.4,7205.9,5627.0,67304843.7,zenodo
p65,2013,14129.7,7512.5,5987.8,70004677.3,zenodo
p65,2014,14436.0,7681.5,6027.7,71651375.4,interpolated
p65,2015,14578.6,7763.4,5999.2,72484835.3,interpolated
p65,2016,14805.4,7890.1,6005.8,73736570.0,nrel
p65,2017,14427.6,7947.1,6008.6,73455098.4,nrel
p65,2018,15298.5,8302.2,6480.1,77856865.8,nrel
p65,2019,15572.4,8364.7,6512.0,78574690.0,nrel
p65,2020,15110.6,8063.9,6328.9,75628142.5,nrel
p65,2021,16909.3,8279.0,6492.1,77411572.7,nrel
p65,2022,15581.4,8941.6,7104.1,83107133.5,nrel
p65,2023,16746.9,9150.2,7286.6,86687763.3,nrel
p65,2024,16534.5,9034.1,7194.2,85588424.9,eia_scaled_2023
p65,2025,16746.9,9150.2,7286.6,86687763.3,held_2023
p65,2026,16746.9,9150.2,7286.6,86687763.3,held_latest
p65,2027,16746.9,9150.2,7286.6,86687763.3,held_latest
p65,2028,16746.9,9150.2,7286.6,86687763.3,held_latest
p65,2029,16746.9,9150.2,7286.6,86687763.3,held_latest
p65,2030,16746.9,9150.2,7286.6,86687763.3,held_latest
p66,2010,4584.1,2579.1,2065.8,23780840.6,zenodo
p66,2011,4754.6,2663.8,2121.9,24818938.9,zenodo
p66,2012,4696.1,2623.1,2120.0,24218345.0,zenodo
p66,2013,4735.9,2732.6,2243.1,25219731.7,zenodo
p66,2014,4826.9,2787.9,2281.5,25780104.7,interpolated
p66,2015,4863.1,2811.5,2293.9,26047878.6,interpolated
p66,2016,4927.5,2851.4,2319.6,26466140.6,nrel
p66,2017,4972.3,2895.6,2354.7,26586976.2,nrel
p66,2018,5094.4,3007.8,2461.9,27913853.3,nrel
p66,2019,5186.7,2982.0,2469.3,27774278.3,nrel
p66,2020,5074.6,2987.3,2483.0,27481040.0,nrel
p66,2021,5231.7,3070.9,2563.6,28341322.7,nrel
p66,2022,5623.5,3347.0,2750.1,30738791.6,nrel
p66,2023,5994.8,3262.6,2702.5,30754924.5,nrel
p66,2024,5918.8,3221.2,2668.2,30364903.2,eia_scaled_2023
p66,2025,5994.8,3262.6,2702.5,30754924.5,held_2023
p66,2026,5994.8,3262.6,2702.5,30754924.5,held_latest
p66,2027,5994.8,3262.6,2702.5,30754924.5,held_latest
p66,2028,5994.8,3262.6,2702.5,30754924.5,held_latest
p66,2029,5994.8,3262.6,2702.5,30754924.5,held_latest
p66,2030,5994.8,3262.6,2702.5,30754924.5,held_latest
p67,2010,18594.9,10131.2,8049.3,93968654.9,zenodo
p67,2011,19286.5,10449.9,8224.6,98131112.1,zenodo
p67,2012,18958.9,10339.0,8201.4,95799455.3,zenodo
p67,2013,19210.5,10760.5,8698.6,99662907.1,zenodo
p67,2014,19636.1,10954.3,8815.3,101769425.9,interpolated
p67,2015,19838.7,11023.8,8832.1,102720893.5,interpolated
p67,2016,20156.0,11157.3,8900.3,104266404.5,nrel
p67,2017,20125.9,11382.0,8971.2,104607281.5,nrel
p67,2018,21195.6,11969.0,9572.9,111271321.9,nrel
p67,2019,21887.4,11882.1,9560.7,111300596.2,nrel
p67,2020,21210.4,11995.0,9794.6,111473676.1,nrel
p67,2021,21024.9,12247.9,9781.0,112492045.8,nrel
p67,2022,22854.1,13252.6,10645.7,122605307.2,nrel
p67,2023,25448.1,13504.4,10824.5,128161028.8,nrel
p67,2024,25125.4,13333.2,10687.2,126535743.5,eia_scaled_2023
p67,2025,25448.1,13504.4,10824.5,128161028.8,held_2023
p67,2026,25448.1,13504.4,10824.5,128161028.8,held_latest
p67,2027,25448.1,13504.4,10824.5,128161028.8,held_latest
p67,2028,25448.1,13504.4,10824.5,128161028.8,held_latest
p67,2029,25448.1,13504.4,10824.5,128161028.8,held_latest
p67,2030,25448.1,13504.4,10824.5,128161028.8,held_latest
p68,2010,733.8,443.3,354.5,3930661.9,zenodo
p68,2011,771.3,446.1,358.9,3973035.6,zenodo
p68,2012,777.8,441.3,355.0,3939788.4,zenodo
p68,2013,767.0,450.1,363.9,3978081.7,zenodo
p68,2014,762.3,449.4,364.1,3993736.0,interpolated
p68,2015,733.7,434.6,352.9,3883813.4,interpolated
p68,2016,728.8,433.7,353.1,3898645.6,nrel
p68,2017,717.2,440.6,361.5,3915603.4,nrel
p68,2018,715.1,445.1,370.0,3978476.7,nrel
p68,2019,701.0,430.0,352.9,3836066.3,nrel
p68,2020,673.5,414.4,341.2,3714169.9,nrel
p68,2021,689.3,428.8,355.1,3855756.1,nrel
p68,2022,672.3,428.9,357.1,3838327.5,nrel
p68,2023,722.5,425.7,359.8,3798335.0,nrel
p68,2024,709.9,418.3,353.5,3732407.7,eia_scaled_2023
p68,2025,722.5,425.7,359.8,3798335.0,held_2023
p68,2026,722.5,425.7,359.8,3798335.0,held_latest
p68,2027,722.5,425.7,359.8,3798335.0,held_latest
p68,2028,722.5,425.7,359.8,3798335.0,held_latest
p68,2029,722.5,425.7,359.8,3798335.0,held_latest
p68,2030,722.5,425.7,359.8,3798335.0,held_latest
p69,2010,894.0,524.6,420.1,4719237.9,zenodo
p69,2011,927.5,528.1,426.3,4759710.7,zenodo
p69,2012,948.2,530.6,426.4,4770918.1,zenodo
p69,2013,912.9,549.6,440.7,4863302.0,zenodo
p69,2014,920.9,551.9,445.8,4916917.0,interpolated
p69,2015,921.7,549.9,447.3,4931731.0,interpolated
p69,2016,942.7,560.0,458.8,5055283.4,nrel
p69,2017,944.7,568.0,468.7,5069674.3,nrel
p69,2018,939.8,589.3,491.3,5277753.7,nrel
p69,2019,957.2,587.4,482.7,5247613.1,nrel
p69,2020,926.7,573.5,474.1,5135025.2,nrel
p69,2021,953.3,593.2,494.4,5338359.1,nrel
p69,2022,954.6,609.0,509.9,5462393.1,nrel
p69,2023,1034.8,613.6,521.9,5474987.6,nrel
p69,2024,1017.1,603.1,513.0,5381438.6,eia_scaled_2023
p69,2025,1034.8,613.6,521.9,5474987.6,held_2023
p69,2026,1034.8,613.6,521.9,5474987.6,held_latest
p69,2027,1034.8,613.6,521.9,5474987.6,held_latest
p69,2028,1034.8,613.6,521.9,5474987.6,held_latest
p69,2029,1034.8,613.6,521.9,5474987.6,held_latest
p69,2030,1034.8,613.6,521.9,5474987.6,held_latest
p7,2010,128.2,77.0,64.1,687204.2,zenodo
p7,2011,121.4,79.1,65.5,702860.7,zenodo
p7,2012,125.2,78.4,64.7,698838.9,zenodo
p7,2013,137.8,79.2,65.4,712651.5,zenodo
p7,2014,134.3,79.0,64.8,711463.3,interpolated
p7,2015,131.1,78.9,64.2,711496.0,interpolated
p7,2016,128.2,79.0,63.8,713371.0,nrel
p7,2017,132.9,82.9,67.0,746742.2,nrel
p7,2018,134.5,81.7,68.2,731110.8,nrel
p7,2019,130.3,83.1,68.0,743938.0,nrel
p7,2020,141.6,86.5,71.5,774047.6,nrel
p7,2021,159.3,91.5,75.6,824754.1,nrel
p7,2022,156.2,96.2,78.9,866299.9,nrel
p7,2023,165.4,100.4,82.8,894393.5,nrel
p7,2024,167.8,101.9,83.9,907076.3,eia_scaled_2023
p7,2025,165.4,100.4,82.8,894393.5,held_2023
p7,2026,165.4,100.4,82.8,894393.5,held_latest
p7,2027,165.4,100.4,82.8,894393.5,held_latest
p7,2028,165.4,100.4,82.8,894393.5,held_latest
p7,2029,165.4,100.4,82.8,894393.5,held_latest
p7,2030,165.4,100.4,82.8,894393.5,held_latest
p70,2010,6390.0,3650.6,2903.4,32947786.9,zenodo
p70,2011,6638.3,3668.4,2950.7,33229439.6,zenodo
p70,2012,6806.0,3683.4,2951.5,33314941.8,zenodo
p70,2013,6526.6,3818.2,3064.9,33937420.8,zenodo
p70,2014,6576.5,3814.3,3078.4,34190865.6,interpolated
p70,2015,6574.7,3780.8,3067.8,34175923.6,interpolated
p70,2016,6717.9,3830.5,3124.8,34914269.0,nrel
p70,2017,6913.9,3942.2,3234.2,35436068.9,nrel
p70,2018,6829.9,4119.4,3400.8,37164915.1,nrel
p70,2019,7056.2,4129.6,3375.1,37150299.3,nrel
p70,2020,6855.0,4071.3,3346.9,36680230.0,nrel
p70,2021,7091.2,4223.3,3495.3,38320051.8,nrel
p70,2022,7261.9,4376.5,3629.5,39471978.7,nrel
p70,2023,7821.3,4415.4,3716.3,39619283.8,nrel
p70,2024,7687.6,4339.9,3652.8,38942324.0,eia_scaled_2023
p70,2025,7821.3,4415.4,3716.3,39619283.8,held_2023
p70,2026,7821.3,4415.4,3716.3,39619283.8,held_latest
p70,2027,7821.3,4415.4,3716.3,39619283.8,held_latest
p70,2028,7821.3,4415.4,3716.3,39619283.8,held_latest
p70,2029,7821.3,4415.4,3716.3,39619283.8,held_latest
p70,2030,7821.3,4415.4,3716.3,39619283.8,held_latest
p71,2010,337.0,192.2,151.0,1748950.1,zenodo
p71,2011,348.0,186.9,148.8,1711016.3,zenodo
p71,2012,348.4,182.9,146.7,1673572.3,zenodo
p71,2013,321.8,189.7,149.7,1697352.5,zenodo
p71,2014,329.5,188.9,148.9,1709051.3,interpolated
p71,2015,326.0,181.7,143.0,1662416.5,interpolated
p71,2016,320.4,173.4,136.2,1605620.4,nrel
p71,2017,321.6,170.7,135.4,1558710.5,nrel
p71,2018,321.4,183.6,146.1,1668154.2,nrel
p71,2019,304.0,177.1,140.2,1597367.4,nrel
p71,2020,285.4,167.8,134.4,1522040.3,nrel
p71,2021,325.8,168.8,138.1,1558881.6,nrel
p71,2022,329.1,175.7,140.6,1605034.2,nrel
p71,2023,308.3,169.5,136.6,1533445.6,nrel
p71,2024,314.3,172.8,139.3,1563000.4,eia_scaled_2023
p71,2025,308.3,169.5,136.6,1533445.6,held_2023
p71,2026,308.3,169.5,136.6,1533445.6,held_latest
p71,2027,308.3,169.5,136.6,1533445.6,held_latest
p71,2028,308.3,169.5,136.6,1533445.6,held_latest
p71,2029,308.3,169.5,136.6,1533445.6,held_latest
p71,2030,308.3,169.5,136.6,1533445.6,held_latest
p72,2010,7740.1,4478.0,3597.3,40545333.2,zenodo
p72,2011,7990.8,4351.6,3533.3,39678163.3,zenodo
p72,2012,7846.9,4261.7,3484.5,38836775.5,zenodo
p72,2013,7423.4,4411.0,3578.7,39360356.8,zenodo
p72,2014,7553.8,4401.6,3569.2,39625730.8,interpolated
p72,2015,7427.7,4241.5,3437.4,38538500.1,interpolated
p72,2016,7254.2,4056.4,3285.4,37215858.3,nrel
p72,2017,7173.1,4000.6,3260.0,36124235.6,nrel
p72,2018,7174.5,4272.4,3497.6,38672175.3,nrel
p72,2019,7098.8,4126.7,3346.9,37166802.9,nrel
p72,2020,6720.9,3968.5,3238.7,35823712.3,nrel
p72,2021,6868.8,4030.7,3322.2,36744097.7,nrel
p72,2022,7060.2,4186.2,3437.8,37875212.9,nrel
p72,2023,7240.1,4036.2,3360.6,36323647.0,nrel
p72,2024,7379.6,4113.9,3425.4,37023729.5,eia_scaled_2023
p72,2025,7240.1,4036.2,3360.6,36323647.0,held_2023
p72,2026,7240.1,4036.2,3360.6,36323647.0,held_latest
p72,2027,7240.1,4036.2,3360.6,36323647.0,held_latest
p72,2028,7240.1,4036.2,3360.6,36323647.0,held_latest
p72,2029,7240.1,4036.2,3360.6,36323647.0,held_latest
p72,2030,7240.1,4036.2,3360.6,36323647.0,held_latest
p73,2010,511.4,287.6,219.3,2626928.8,zenodo
p73,2011,528.7,279.9,216.1,2569113.1,zenodo
p73,2012,538.8,273.6,211.9,2511073.8,zenodo
p73,2013,488.3,283.6,216.6,2548652.5,zenodo
p73,2014,513.8,282.5,215.1,2569277.6,interpolated
p73,2015,522.0,271.7,206.2,2502256.5,interpolated
p73,2016,526.6,259.4,196.1,2419862.1,nrel
p73,2017,506.3,252.9,194.0,2339418.8,nrel
p73,2018,549.0,274.3,208.0,2500324.0,nrel
p73,2019,482.9,265.2,204.5,2400986.5,nrel
p73,2020,451.8,248.9,193.8,2268364.3,nrel
p73,2021,560.1,248.4,199.2,2322628.6,nrel
p73,2022,561.8,259.9,201.2,2400385.2,nrel
p73,2023,468.7,252.8,195.6,2296929.4,nrel
p73,2024,477.7,257.7,199.4,2341199.1,eia_scaled_2023
p73,2025,468.7,252.8,195.6,2296929.4,held_2023
p73,2026,468.7,252.8,195.6,2296929.4,held_latest
p73,2027,468.7,252.8,195.6,2296929.4,held_latest
p73,2028,468.7,252.8,195.6,2296929.4,held_latest
p73,2029,468.7,252.8,195.6,2296929.4,held_latest
p73,2030,468.7,252.8,195.6,2296929.4,held_latest
p74,2010,634.9,384.2,317.5,3412537.0,zenodo
p74,2011,700.4,390.2,325.6,3459139.5,zenodo
p74,2012,711.7,390.4,321.4,3466258.1,zenodo
p74,2013,686.6,385.7,323.4,3408079.7,zenodo
p74,2014,678.3,386.1,322.3,3425044.0,interpolated
p74,2015,661.7,381.6,317.3,3398825.9,interpolated
p74,2016,666.5,389.5,322.6,3483132.7,nrel
p74,2017,623.8,380.4,317.2,3354112.5,nrel
p74,2018,650.6,388.9,324.7,3468629.3,nrel
p74,2019,624.8,364.6,305.8,3239406.6,nrel
p74,2020,618.6,342.4,281.5,3085067.3,nrel
p74,2021,638.4,363.1,302.7,3248139.1,nrel
p74,2022,648.6,366.9,309.3,3278798.4,nrel
p74,2023,584.7,343.0,292.5,3049894.2,nrel
p74,2024,589.8,346.1,295.1,3076578.7,eia_scaled_2023
p74,2025,584.7,343.0,292.5,3049894.2,held_2023
p74,2026,584.7,343.0,292.5,3049894.2,held_latest
p74,2027,584.7,343.0,292.5,3049894.2,held_latest
p74,2028,584.7,343.0,292.5,3049894.2,held_latest
p74,2029,584.7,343.0,292.5,3049894.2,held_latest
p74,2030,584.7,343.0,292.5,3049894.2,held_latest
p75,2010,1852.5,1119.3,924.7,9949464.9,zenodo
p75,2011,1997.6,1120.0,932.8,9925560.3,zenodo
p75,2012,2030.1,1121.5,924.2,9955389.8,zenodo
p75,2013,1994.4,1130.0,947.2,9985705.5,zenodo
p75,2014,1972.3,1132.8,945.5,10044328.5,interpolated
p75,2015,1914.7,1115.0,926.6,9920311.1,interpolated
p75,2016,1905.8,1125.6,931.3,10047966.0,nrel
p75,2017,1805.0,1129.1,942.3,9947768.2,nrel
p75,2018,1892.8,1144.3,957.5,10190606.9,nrel
p75,2019,1884.5,1116.3,937.4,9914919.9,nrel
p75,2020,1926.9,1089.1,896.6,9790472.9,nrel
p75,2021,1939.5,1136.4,948.3,10152077.8,nrel
p75,2022,1973.5,1142.3,963.9,10187040.3,nrel
p75,2023,1871.8,1114.9,952.9,9916858.1,nrel
p75,2024,1880.2,1119.9,957.2,9961338.7,eia_scaled_2023
p75,2025,1871.8,1114.9,952.9,9916858.1,held_2023
p75,2026,1871.8,1114.9,952.9,9916858.1,held_latest
p75,2027,1871.8,1114.9,952.9,9916858.1,held_latest
p75,2028,1871.8,1114.9,952.9,9916858.1,held_latest
p75,2029,1871.8,1114.9,952.9,9916858.1,held_latest
p75,2030,1871.8,1114.9,952.9,9916858.1,held_latest
p76,2010,2266.6,1362.7,1127.3,12122792.7,zenodo
p76,2011,2439.9,1364.0,1136.9,12093522.0,zenodo
p76,2012,2480.5,1364.9,1126.1,12130290.3,zenodo
p76,2013,2436.9,1376.1,1154.5,12166306.7,zenodo
p76,2014,2404.2,1375.5,1149.2,12204293.2,interpolated
p76,2015,2328.3,1350.0,1123.1,12020718.1,interpolated
p76,2016,2311.7,1358.7,1125.6,12142227.1,nrel
p76,2017,2221.5,1373.0,1145.3,12103818.8,nrel
p76,2018,2338.8,1406.1,1175.3,12533582.7,nrel
p76,2019,2347.4,1379.8,1158.6,12256993.9,nrel
p76,2020,2355.7,1317.4,1084.9,11862216.1,nrel
p76,2021,2336.4,1346.9,1123.0,12044400.2,nrel
p76,2022,2361.2,1349.5,1138.6,12046018.4,nrel
p76,2023,2245.7,1326.0,1131.0,11786492.9,nrel
p76,2024,2255.8,1332.0,1136.0,11839359.4,eia_scaled_2023
p76,2025,2245.7,1326.0,1131.0,11786492.9,held_2023
p76,2026,2245.7,1326.0,1131.0,11786492.9,held_latest
p76,2027,2245.7,1326.0,1131.0,11786492.9,held_latest
p76,2028,2245.7,1326.0,1131.0,11786492.9,held_latest
p76,2029,2245.7,1326.0,1131.0,11786492.9,held_latest
p76,2030,2245.7,1326.0,1131.0,11786492.9,held_latest
p77,2010,595.1,388.4,315.1,3430425.4,zenodo
p77,2011,659.9,387.7,316.6,3422862.8,zenodo
p77,2012,666.7,388.1,314.8,3431131.9,zenodo
p77,2013,655.4,392.3,319.8,3445935.4,zenodo
p77,2014,649.1,393.5,320.6,3464649.7,interpolated
p77,2015,631.1,387.5,315.5,3420380.9,interpolated
p77,2016,629.2,391.4,318.4,3462890.8,nrel
p77,2017,592.9,390.5,320.0,3428491.0,nrel
p77,2018,605.2,398.3,333.0,3518823.0,nrel
p77,2019,606.0,388.0,320.1,3424361.7,nrel
p77,2020,583.8,373.0,306.7,3325077.9,nrel
p77,2021,603.3,385.1,319.7,3426591.7,nrel
p77,2022,606.4,389.4,325.4,3446708.2,nrel
p77,2023,626.3,398.0,339.1,3530909.7,nrel
p77,2024,629.1,399.7,340.6,3546747.1,eia_scaled_2023
p77,2025,626.3,398.0,339.1,3530909.7,held_2023
p77,2026,626.3,398.0,339.1,3530909.7,held_latest
p77,2027,626.3,398.0,339.1,3530909.7,held_latest
p77,2028,626.3,398.0,339.1,3530909.7,held_latest
p77,2029,626.3,398.0,339.1,3530909.7,held_latest
p77,2030,626.3,398.0,339.1,3530909.7,held_latest
p78,2010,1660.1,991.7,821.6,8828648.1,zenodo
p78,2011,1782.8,993.4,827.7,8807194.3,zenodo
p78,2012,1813.4,993.7,820.0,8834380.6,zenodo
p78,2013,1781.3,1001.1,840.8,8859732.0,zenodo
p78,2014,1759.1,1001.3,837.0,8891787.2,interpolated
p78,2015,1705.1,983.3,818.0,8762370.7,interpolated
p78,2016,1694.6,990.3,819.9,8855325.3,nrel
p78,2017,1639.2,999.2,833.1,8809933.3,nrel
p78,2018,1711.7,1022.7,853.1,9119713.5,nrel
p78,2019,1727.5,1005.4,842.7,8934608.5,nrel
p78,2020,1768.2,976.1,803.0,8802715.4,nrel
p78,2021,1784.3,1015.8,845.7,9088986.3,nrel
p78,2022,1824.5,1030.3,868.9,9207965.7,nrel
p78,2023,1744.9,1023.6,871.4,9104517.9,nrel
p78,2024,1752.8,1028.2,875.3,9145354.8,eia_scaled_2023
p78,2025,1744.9,1023.6,871.4,9104517.9,held_2023
p78,2026,1744.9,1023.6,871.4,9104517.9,held_latest
p78,2027,1744.9,1023.6,871.4,9104517.9,held_latest
p78,2028,1744.9,1023.6,871.4,9104517.9,held_latest
p78,2029,1744.9,1023.6,871.4,9104517.9,held_latest
p78,2030,1744.9,1023.6,871.4,9104517.9,held_latest
p79,2010,5072.0,3030.5,2510.5,26978523.4,zenodo
p79,2011,5447.5,3035.7,2529.4,26912955.9,zenodo
p79,2012,5541.0,3036.6,2506.0,26996019.2,zenodo
p79,2013,5442.9,3059.2,2569.3,27073493.2,zenodo
p79,2014,5388.4,3067.4,2564.1,27240615.3,interpolated
p79,2015,5236.8,3019.8,2512.5,26912322.8,interpolated
p79,2016,5218.4,3048.9,2524.7,27266749.1,nrel
p79,2017,5012.8,3056.3,2548.6,26951266.9,nrel
p79,2018,5185.0,3098.0,2585.2,27631249.2,nrel
p79,2019,5193.1,3027.0,2537.1,26894952.4,nrel
p79,2020,5211.1,2882.4,2370.9,25984208.2,nrel
p79,2021,5236.4,2979.6,2481.9,26656632.0,nrel
p79,2022,5288.6,2990.1,2519.4,26712487.2,nrel
p79,2023,5015.1,2942.8,2508.9,26164314.6,nrel
p79,2024,5037.6,2956.0,2520.1,26281670.6,eia_scaled_2023
p79,2025,5015.1,2942.8,2508.9,26164314.6,held_2023
p79,2026,5015.1,2942.8,2508.9,26164314.6,held_latest
p79,2027,5015.1,2942.8,2508.9,26164314.6,held_latest
p79,2028,5015.1,2942.8,2508.9,26164314.6,held_latest
p79,2029,5015.1,2942.8,2508.9,26164314.6,held_latest
p79,2030,5015.1,2942.8,2508.9,26164314.6,held_latest
p8,2010,100.1,65.0,49.2,573255.1,zenodo
p8,2011,96.9,66.2,50.0,581404.1,zenodo
p8,2012,97.7,65.9,50.5,577015.0,zenodo
p8,2013,100.4,67.0,51.5,586691.5,zenodo
p8,2014,102.4,67.6,51.2,591220.1,interpolated
p8,2015,103.8,67.8,50.7,592664.0,interpolated
p8,2016,103.7,67.0,49.4,585377.4,nrel
p8,2017,112.5,67.4,48.9,588994.3,nrel
p8,2018,108.0,67.0,48.5,582876.4,nrel
p8,2019,104.2,65.9,47.0,573555.6,nrel
p8,2020,110.6,67.1,48.7,588563.1,nrel
p8,2021,119.4,66.6,49.4,586725.7,nrel
p8,2022,108.8,65.4,46.7,575086.5,nrel
p8,2023,109.2,63.4,44.4,556663.6,nrel
p8,2024,112.1,65.0,45.5,571283.6,eia_scaled_2023
p8,2025,109.2,63.4,44.4,556663.6,held_2023
p8,2026,109.2,63.4,44.4,556663.6,held_latest
p8,2027,109.2,63.4,44.4,556663.6,held_latest
p8,2028,109.2,63.4,44.4,556663.6,held_latest
p8,2029,109.2,63.4,44.4,556663.6,held_latest
p8,2030,109.2,63.4,44.4,556663.6,held_latest
p80,2010,22248.9,11897.7,9331.3,107869898.0,zenodo
p80,2011,23856.1,11856.0,9343.3,106585369.2,zenodo
p80,2012,23850.0,11821.0,9338.6,106929835.6,zenodo
p80,2013,22315.8,11909.1,9418.5,105753042.9,zenodo
p80,2014,22233.3,11764.4,9303.1,105393383.3,interpolated
p80,2015,21885.7,11480.9,9078.0,103776778.5,interpolated
p80,2016,22182.9,11535.5,9120.2,105217232.7,nrel
p80,2017,21560.0,11510.7,9140.1,102557255.6,nrel
p80,2018,22787.7,11782.6,9517.4,106621882.0,nrel
p80,2019,22415.5,11491.3,9225.6,103548347.5,nrel
p80,2020,21666.9,10893.9,8806.0,99791778.2,nrel
p80,2021,22811.2,11241.7,9054.2,102407510.1,nrel
p80,2022,22981.9,11312.9,9134.3,102746808.5,nrel
p80,2023,24360.8,10984.9,8984.7,98888028.6,nrel
p80,2024,24540.2,11065.8,9050.9,99616167.6,eia_scaled_2023
p80,2025,24360.8,10984.9,8984.7,98888028.6,held_2023
p80,2026,24360.8,10984.9,8984.7,98888028.6,held_latest
p80,2027,24360.8,10984.9,8984.7,98888028.6,held_latest
p80,2028,24360.8,10984.9,8984.7,98888028.6,held_latest
p80,2029,24360.8,10984.9,8984.7,98888028.6,held_latest
p80,2030,24360.8,10984.9,8984.7,98888028.6,held_latest
p81,2010,4107.2,2291.2,1835.5,20738137.4,zenodo
p81,2011,4477.6,2274.5,1849.4,20491243.1,zenodo
p81,2012,4517.6,2268.7,1836.0,20560871.1,zenodo
p81,2013,4167.2,2291.0,1851.5,20341579.0,zenodo
p81,2014,4062.3,2254.4,1831.8,20239702.2,interpolated
p81,2015,3910.2,2191.3,1790.5,19896946.1,interpolated
p81,2016,3873.2,2192.7,1801.9,20140258.4,nrel
p81,2017,3891.4,2184.7,1800.4,19694063.3,nrel
p81,2018,3859.7,2275.5,1896.9,20654009.4,nrel
p81,2019,3841.0,2225.7,1847.9,20127124.2,nrel
p81,2020,3644.4,2116.3,1735.5,19070369.8,nrel
p81,2021,3761.3,2159.2,1793.7,19664000.6,nrel
p81,2022,3761.3,2163.1,1780.0,19555800.3,nrel
p81,2023,3853.3,2048.7,1707.0,18465508.3,nrel
p81,2024,3881.7,2063.8,1719.5,18601474.8,eia_scaled_2023
p81,2025,3853.3,2048.7,1707.0,18465508.3,held_2023
p81,2026,3853.3,2048.7,1707.0,18465508.3,held_latest
p81,2027,3853.3,2048.7,1707.0,18465508.3,held_latest
p81,2028,3853.3,2048.7,1707.0,18465508.3,held_latest
p81,2029,3853.3,2048.7,1707.0,18465508.3,held_latest
p81,2030,3853.3,2048.7,1707.0,18465508.3,held_latest
p82,2010,1366.6,761.3,610.1,6893054.5,zenodo
p82,2011,1489.8,755.6,614.8,6810906.6,zenodo
p82,2012,1503.3,754.0,610.4,6834197.5,zenodo
p82,2013,1389.5,761.4,615.4,6761182.1,zenodo
p82,2014,1358.0,751.9,610.9,6753174.9,interpolated
p82,2015,1310.6,733.6,599.1,6664396.7,interpolated
p82,2016,1301.8,736.9,605.0,6771964.3,nrel
p82,2017,1304.5,727.0,598.9,6557676.4,nrel
p82,2018,1271.5,745.7,622.6,6776302.7,nrel
p82,2019,1235.6,714.9,594.7,6469858.6,nrel
p82,2020,1181.9,684.1,560.6,6166818.8,nrel
p82,2021,1216.6,695.0,577.5,6328708.3,nrel
p82,2022,1233.3,703.1,577.7,6357597.9,nrel
p82,2023,1285.0,677.1,564.5,6110814.0,nrel
p82,2024,1294.5,682.1,568.7,6155809.5,eia_scaled_2023
p82,2025,1285.0,677.1,564.5,6110814.0,held_2023
p82,2026,1285.0,677.1,564.5,6110814.0,held_latest
p82,2027,1285.0,677.1,564.5,6110814.0,held_latest
p82,2028,1285.0,677.1,564.5,6110814.0,held_latest
p82,2029,1285.0,677.1,564.5,6110814.0,held_latest
p82,2030,1285.0,677.1,564.5,6110814.0,held_latest
p83,2010,2571.6,1432.9,1148.6,12971851.1,zenodo
p83,2011,2803.5,1421.5,1157.3,12817367.1,zenodo
p83,2012,2828.2,1418.7,1149.0,12861209.8,zenodo
p83,2013,2613.9,1433.0,1158.7,12723906.9,zenodo
p83,2014,2536.1,1404.7,1141.5,12612696.1,interpolated
p83,2015,2429.1,1360.0,1111.0,12352110.5,interpolated
p83,2016,2393.5,1355.4,1113.2,12455276.7,nrel
p83,2017,2506.6,1397.1,1151.0,12599108.3,nrel
p83,2018,2394.7,1406.4,1174.6,12782956.7,nrel
p83,2019,2297.8,1332.2,1108.2,12054154.1,nrel
p83,2020,2266.0,1314.5,1077.9,11848417.0,nrel
p83,2021,2308.2,1323.5,1102.7,12064120.7,nrel
p83,2022,2326.0,1334.2,1098.7,12064421.4,nrel
p83,2023,2404.0,1271.0,1063.4,11472417.9,nrel
p83,2024,2421.7,1280.4,1071.3,11556892.3,eia_scaled_2023
p83,2025,2404.0,1271.0,1063.4,11472417.9,held_2023
p83,2026,2404.0,1271.0,1063.4,11472417.9,held_latest
p83,2027,2404.0,1271.0,1063.4,11472417.9,held_latest
p83,2028,2404.0,1271.0,1063.4,11472417.9,held_latest
p83,2029,2404.0,1271.0,1063.4,11472417.9,held_latest
p83,2030,2404.0,1271.0,1063.4,11472417.9,held_latest
p84,2010,1071.9,593.2,462.3,5424906.5,zenodo
p84,2011,1106.6,577.7,455.7,5307126.9,zenodo
p84,2012,1114.9,564.5,448.5,5191399.5,zenodo
p84,2013,1022.1,586.3,459.4,5262025.2,zenodo
p84,2014,1042.8,584.5,456.2,5304717.4,interpolated
p84,2015,1028.1,562.7,437.3,5166450.5,interpolated
p84,2016,1006.8,537.6,415.8,4996439.4,nrel
p84,2017,1016.3,524.8,412.9,4836964.7,nrel
p84,2018,1057.3,565.5,444.0,5156743.8,nrel
p84,2019,931.6,544.3,432.2,4932298.8,nrel
p84,2020,850.4,496.3,394.8,4522769.7,nrel
p84,2021,1029.9,499.2,407.3,4651571.6,nrel
p84,2022,1041.2,524.0,414.4,4820612.6,nrel
p84,2023,930.6,509.6,403.8,4625677.2,nrel
p84,2024,948.6,519.4,411.6,4714830.1,eia_scaled_2023
p84,2025,930.6,509.6,403.8,4625677.2,held_2023
p84,2026,930.6,509.6,403.8,4625677.2,held_latest
p84,2027,930.6,509.6,403.8,4625677.2,held_latest
p84,2028,930.6,509.6,403.8,4625677.2,held_latest
p84,2029,930.6,509.6,403.8,4625677.2,held_latest
p84,2030,930.6,509.6,403.8,4625677.2,held_latest
p85,2010,6481.5,3735.4,3022.8,34270632.6,zenodo
p85,2011,6682.1,3686.6,2983.3,34105717.0,zenodo
p85,2012,6463.5,3610.9,2993.2,33394354.1,zenodo
p85,2013,6087.7,3643.6,3045.3,33305013.8,zenodo
p85,2014,6185.4,3659.7,3037.1,33555522.3,interpolated
p85,2015,6064.7,3546.9,2922.0,32622759.1,interpolated
p85,2016,6118.8,3536.8,2891.9,32634400.6,nrel
p85,2017,6218.8,3535.5,2936.2,32492056.7,nrel
p85,2018,6537.7,3755.4,3131.3,34739202.0,nrel
p85,2019,6257.1,3631.2,3052.5,33570486.4,nrel
p85,2020,5993.7,3447.9,2848.2,31507096.9,nrel
p85,2021,6238.3,3643.2,3063.7,33602908.5,nrel
p85,2022,6158.1,3679.9,3009.0,33653084.2,nrel
p85,2023,6544.0,3566.3,2978.3,33211637.1,nrel
p85,2024,6678.4,3639.5,3039.5,33893371.9,eia_scaled_2023
p85,2025,6544.0,3566.3,2978.3,33211637.1,held_2023
p85,2026,6544.0,3566.3,2978.3,33211637.1,held_latest
p85,2027,6544.0,3566.3,2978.3,33211637.1,held_latest
p85,2028,6544.0,3566.3,2978.3,33211637.1,held_latest
p85,2029,6544.0,3566.3,2978.3,33211637.1,held_latest
p85,2030,6544.0,3566.3,2978.3,33211637.1,held_latest
p86,2010,1290.6,750.2,604.7,6878400.0,zenodo
p86,2011,1343.0,751.3,606.2,6949641.0,zenodo
p86,2012,1321.8,743.6,612.6,6869287.0,zenodo
p86,2013,1265.5,748.7,624.4,6869884.4,zenodo
p86,2014,1334.2,786.8,652.6,7231452.1,interpolated
p86,2015,1354.7,796.5,657.2,7331852.5,interpolated
p86,2016,1360.6,797.7,654.8,7353741.6,nrel
p86,2017,1387.6,799.3,665.7,7333973.3,nrel
p86,2018,1421.0,811.4,676.2,7511767.1,nrel
p86,2019,1361.4,802.8,673.9,7427553.8,nrel
p86,2020,1358.2,788.6,653.3,7205792.0,nrel
p86,2021,1354.7,787.8,664.2,7244935.2,nrel
p86,2022,1378.5,834.8,684.5,7615454.5,nrel
p86,2023,1463.0,806.1,672.9,7495651.7,nrel
p86,2024,1445.6,796.5,664.9,7406607.3,eia_scaled_2023
p86,2025,1463.0,806.1,672.9,7495651.7,held_2023
p86,2026,1463.0,806.1,672.9,7495651.7,held_latest
p86,2027,1463.0,806.1,672.9,7495651.7,held_latest
p86,2028,1463.0,806.1,672.9,7495651.7,held_latest
p86,2029,1463.0,806.1,672.9,7495651.7,held_latest
p86,2030,1463.0,806.1,672.9,7495651.7,held_latest
p87,2010,7267.2,4361.9,3508.8,40011831.9,zenodo
p87,2011,7590.5,4303.9,3484.2,39714397.5,zenodo
p87,2012,7462.8,4265.4,3493.2,39079259.1,zenodo
p87,2013,6993.1,4336.3,3585.5,39292296.7,zenodo
p87,2014,7152.6,4364.1,3597.5,39777200.5,interpolated
p87,2015,7136.5,4285.1,3521.5,39287653.2,interpolated
p87,2016,7261.9,4291.7,3515.9,39580415.0,nrel
p87,2017,7261.4,4204.3,3501.7,38624822.8,nrel
p87,2018,7642.1,4379.9,3659.5,40622094.6,nrel
p87,2019,7266.2,4265.4,3573.8,39472879.0,nrel
p87,2020,6947.2,4127.3,3398.0,37708503.3,nrel
p87,2021,7204.6,4225.2,3554.2,38811529.1,nrel
p87,2022,7302.9,4316.5,3541.0,39480148.1,nrel
p87,2023,7643.6,4223.8,3524.6,39135383.2,nrel
p87,2024,7596.2,4197.6,3502.8,38892971.3,eia_scaled_2023
p87,2025,7643.6,4223.8,3524.6,39135383.2,held_2023
p87,2026,7643.6,4223.8,3524.6,39135383.2,held_latest
p87,2027,7643.6,4223.8,3524.6,39135383.2,held_latest
p87,2028,7643.6,4223.8,3524.6,39135383.2,held_latest
p87,2029,7643.6,4223.8,3524.6,39135383.2,held_latest
p87,2030,7643.6,4223.8,3524.6,39135383.2,held_latest
p88,2010,2130.9,1249.6,986.0,11473157.1,zenodo
p88,2011,2177.5,1235.9,994.3,11378534.5,zenodo
p88,2012,2117.2,1231.1,995.8,11180861.9,zenodo
p88,2013,1983.9,1256.3,999.2,11261909.3,zenodo
p88,2014,2041.9,1258.4,999.8,11396963.3,interpolated
p88,2015,2049.8,1229.8,975.9,11252836.9,interpolated
p88,2016,2098.1,1225.7,971.6,11332819.0,nrel
p88,2017,2128.4,1212.0,979.7,11076256.3,nrel
p88,2018,2302.8,1253.1,1023.9,11604448.0,nrel
p88,2019,2099.4,1225.5,996.7,11298437.3,nrel
p88,2020,2017.2,1164.5,933.9,10678124.6,nrel
p88,2021,2094.6,1205.8,971.7,11029689.4,nrel
p88,2022,2216.7,1208.3,959.7,11095516.7,nrel
p88,2023,2240.4,1210.7,990.2,11121417.4,nrel
p88,2024,2226.5,1203.2,984.1,11052529.2,eia_scaled_2023
p88,2025,2240.4,1210.7,990.2,11121417.4,held_2023
p88,2026,2240.4,1210.7,990.2,11121417.4,held_latest
p88,2027,2240.4,1210.7,990.2,11121417.4,held_latest
p88,2028,2240.4,1210.7,990.2,11121417.4,held_latest
p88,2029,2240.4,1210.7,990.2,11121417.4,held_latest
p88,2030,2240.4,1210.7,990.2,11121417.4,held_latest
p89,2010,8802.0,5116.9,3991.2,47089606.9,zenodo
p89,2011,8906.8,4988.0,3976.3,46241901.0,zenodo
p89,2012,8806.5,4928.6,3922.7,44919842.0,zenodo
p89,2013,8235.0,5048.7,4035.1,45417404.4,zenodo
p89,2014,8564.1,5170.9,4122.8,46907611.5,interpolated
p89,2015,8433.4,5015.0,3988.6,45877470.0,interpolated
p89,2016,8437.8,4941.7,3920.5,45591613.2,nrel
p89,2017,8413.2,4877.8,4005.7,44729040.8,nrel
p89,2018,9081.6,5043.8,4153.1,46836277.9,nrel
p89,2019,8639.9,4930.8,4073.8,45828940.0,nrel
p89,2020,8414.3,4793.2,3837.0,43753006.3,nrel
p89,2021,8622.5,4918.0,4021.5,45001540.2,nrel
p89,2022,8876.4,4960.7,4008.0,45686134.8,nrel
p89,2023,8969.6,4873.4,4008.4,44903916.6,nrel
p89,2024,9148.2,4970.4,4088.2,45798169.1,eia_scaled_2023
p89,2025,8969.6,4873.4,4008.4,44903916.6,held_2023
p89,2026,8969.6,4873.4,4008.4,44903916.6,held_latest
p89,2027,8969.6,4873.4,4008.4,44903916.6,held_latest
p89,2028,8969.6,4873.4,4008.4,44903916.6,held_latest
p89,2029,8969.6,4873.4,4008.4,44903916.6,held_latest
p89,2030,8969.6,4873.4,4008.4,44903916.6,held_latest
p9,2010,21041.8,12087.8,9823.8,106275167.8,zenodo
p9,2011,20881.0,12212.3,9956.9,107833619.0,zenodo
p9,2012,20574.9,12097.7,9775.1,107369750.3,zenodo
p9,2013,21551.7,12248.5,10079.0,109045349.1,zenodo
p9,2014,21845.4,12286.0,10026.3,109661149.5,interpolated
p9,2015,22026.7,12258.8,9919.8,109702191.1,interpolated
p9,2016,21882.4,12051.4,9668.2,108129117.7,nrel
p9,2017,22900.5,12124.8,9653.1,109339819.4,nrel
p9,2018,21639.0,12247.1,9811.4,109398312.1,nrel
p9,2019,23410.5,12049.7,9600.5,108366616.1,nrel
p9,2020,23971.9,12001.6,9673.5,109492400.5,nrel
p9,2021,22639.8,12006.1,9634.4,108983053.3,nrel
p9,2022,25503.8,12331.7,9989.4,112519351.9,nrel
p9,2023,21574.0,12010.1,9869.9,108933532.7,nrel
p9,2024,22140.6,12325.6,10129.1,111794509.9,eia_scaled_2023
p9,2025,21574.0,12010.1,9869.9,108933532.7,held_2023
p9,2026,21574.0,12010.1,9869.9,108933532.7,held_latest
p9,2027,21574.0,12010.1,9869.9,108933532.7,held_latest
p9,2028,21574.0,12010.1,9869.9,108933532.7,held_latest
p9,2029,21574.0,12010.1,9869.9,108933532.7,held_latest
p9,2030,21574.0,12010.1,9869.9,108933532.7,held_latest
p90,2010,9025.1,5294.5,4137.9,48772173.1,zenodo
p90,2011,9392.7,5157.8,4100.8,47910856.0,zenodo
p90,2012,9178.9,5081.7,4069.6,46550436.0,zenodo
p90,2013,8615.5,5203.2,4210.9,47045370.6,zenodo
p90,2014,8982.9,5335.4,4289.0,48591672.5,interpolated
p90,2015,8868.1,5180.6,4136.2,47527160.6,interpolated
p90,2016,8894.7,5111.0,4052.4,47233615.4,nrel
p90,2017,8697.6,5047.0,4174.0,46467076.2,nrel
p90,2018,9223.9,5212.4,4258.3,48463952.4,nrel
p90,2019,9052.6,5095.8,4164.5,47447034.3,nrel
p90,2020,8730.2,4897.0,3898.7,44763105.9,nrel
p90,2021,8886.8,5026.0,4103.1,45944164.9,nrel
p90,2022,9226.0,5018.1,4025.3,46257934.1,nrel
p90,2023,9033.9,4923.9,4031.8,45499424.5,nrel
p90,2024,9213.8,5022.0,4112.1,46405536.4,eia_scaled_2023
p90,2025,9033.9,4923.9,4031.8,45499424.5,held_2023
p90,2026,9033.9,4923.9,4031.8,45499424.5,held_latest
p90,2027,9033.9,4923.9,4031.8,45499424.5,held_latest
p90,2028,9033.9,4923.9,4031.8,45499424.5,held_latest
p90,2029,9033.9,4923.9,4031.8,45499424.5,held_latest
p90,2030,9033.9,4923.9,4031.8,45499424.5,held_latest
p91,2010,3516.1,1388.4,1084.1,13075326.5,zenodo
p91,2011,2872.2,1371.6,1103.3,12679330.6,zenodo
p91,2012,2713.0,1358.0,1097.2,12418851.3,zenodo
p91,2013,2394.2,1373.6,1121.7,12499518.8,zenodo
p91,2014,2435.3,1393.1,1125.1,12758549.0,interpolated
p91,2015,2532.7,1444.8,1154.3,13313786.4,interpolated
p91,2016,2530.7,1439.7,1138.1,13346443.7,nrel
p91,2017,2452.0,1419.3,1157.8,13065828.2,nrel
p91,2018,2589.1,1436.0,1164.2,13365678.9,nrel
p91,2019,2520.6,1425.1,1155.7,13274677.2,nrel
p91,2020,2637.0,1471.6,1158.4,13460146.4,nrel
p91,2021,2615.0,1493.7,1201.1,13641356.3,nrel
p91,2022,2794.4,1495.0,1174.6,13738407.3,nrel
p91,2023,2821.4,1522.8,1199.5,13949116.8,nrel
p91,2024,2862.4,1544.9,1216.9,14151734.9,eia_scaled_2023
p91,2025,2821.4,1522.8,1199.5,13949116.8,held_2023
p91,2026,2821.4,1522.8,1199.5,13949116.8,held_latest
p91,2027,2821.4,1522.8,1199.5,13949116.8,held_latest
p91,2028,2821.4,1522.8,1199.5,13949116.8,held_latest
p91,2029,2821.4,1522.8,1199.5,13949116.8,held_latest
p91,2030,2821.4,1522.8,1199.5,13949116.8,held_latest
p92,2010,18921.0,11645.5,9226.9,105954944.0,zenodo
p92,2011,19028.0,11349.0,9144.9,103179930.0,zenodo
p92,2012,18355.0,10918.0,8870.0,98843085.0,zenodo
p92,2013,17686.0,11177.0,8821.9,99501303.0,zenodo
p92,2014,18526.7,11397.6,9006.7,102738846.3,interpolated
p92,2015,18689.4,11200.7,8861.6,102214368.2,interpolated
p92,2016,19142.0,11183.0,8858.1,103302036.3,nrel
p92,2017,19120.6,10919.9,8813.6,99745938.2,nrel
p92,2018,20893.7,11397.7,9310.8,105445296.9,nrel
p92,2019,18996.1,11164.1,9078.8,102809769.6,nrel
p92,2020,18395.7,10657.2,8551.2,97712962.9,nrel
p92,2021,19350.5,11189.0,9012.3,102262661.3,nrel
p92,2022,20874.6,11365.0,9033.2,104383012.8,nrel
p92,2023,20338.8,11042.6,9034.4,101344604.0,nrel
p92,2024,21151.6,11483.9,9395.5,105395042.3,eia_scaled_2023
p92,2025,20338.8,11042.6,9034.4,101344604.0,held_2023
p92,2026,20338.8,11042.6,9034.4,101344604.0,held_latest
p92,2027,20338.8,11042.6,9034.4,101344604.0,held_latest
p92,2028,20338.8,11042.6,9034.4,101344604.0,held_latest
p92,2029,20338.8,11042.6,9034.4,101344604.0,held_latest
p92,2030,20338.8,11042.6,9034.4,101344604.0,held_latest
p93,2010,2597.2,1572.6,1236.7,14238623.7,zenodo
p93,2011,2636.9,1506.6,1214.5,13615329.5,zenodo
p93,2012,2586.8,1501.4,1212.3,13531628.6,zenodo
p93,2013,2392.1,1450.1,1160.4,12870953.3,zenodo
p93,2014,2246.4,1334.3,1065.0,11994319.3,interpolated
p93,2015,2184.9,1269.2,1010.0,11569589.1,interpolated
p93,2016,2162.3,1225.8,972.3,11347704.5,nrel
p93,2017,2119.4,1214.4,973.0,11069176.0,nrel
p93,2018,2369.3,1264.7,1028.5,11676812.5,nrel
p93,2019,2120.6,1256.4,1012.4,11516381.2,nrel
p93,2020,2022.5,1194.3,956.9,10948808.6,nrel
p93,2021,2155.6,1252.4,1003.3,11435738.4,nrel
p93,2022,2449.1,1267.6,1001.4,11633977.9,nrel
p93,2023,2202.4,1206.9,981.9,11040922.7,nrel
p93,2024,2290.3,1255.1,1021.0,11481484.3,eia_scaled_2023
p93,2025,2202.4,1206.9,981.9,11040922.7,held_2023
p93,2026,2202.4,1206.9,981.9,11040922.7,held_latest
p93,2027,2202.4,1206.9,981.9,11040922.7,held_latest
p93,2028,2202.4,1206.9,981.9,11040922.7,held_latest
p93,2029,2202.4,1206.9,981.9,11040922.7,held_latest
p93,2030,2202.4,1206.9,981.9,11040922.7,held_latest
p94,2010,27229.0,15771.0,12308.8,145549030.0,zenodo
p94,2011,27639.0,15140.0,11935.5,140841711.0,zenodo
p94,2012,26968.0,14850.0,11820.0,135968327.0,zenodo
p94,2013,24902.0,14976.0,12068.5,135399018.0,zenodo
p94,2014,26045.6,15417.4,12355.6,140455133.3,interpolated
p94,2015,26398.1,15389.8,12266.8,141241920.7,interpolated
p94,2016,27040.1,15535.0,12316.7,143596399.7,nrel
p94,2017,25966.9,15077.4,12460.2,138811707.1,nrel
p94,2018,27693.2,15635.4,12768.2,145367269.0,nrel
p94,2019,27637.5,15546.6,12693.6,144770444.8,nrel
p94,2020,27114.6,15195.2,12090.7,138937786.2,nrel
p94,2021,27658.0,15627.1,12743.5,142827924.8,nrel
p94,2022,30005.3,16323.2,13088.9,150488017.2,nrel
p94,2023,29297.4,15941.5,13027.9,147314786.7,nrel
p94,2024,29764.0,16195.5,13235.4,149661276.5,eia_scaled_2023
p94,2025,29297.4,15941.5,13027.9,147314786.7,held_2023
p94,2026,29297.4,15941.5,13027.9,147314786.7,held_latest
p94,2027,29297.4,15941.5,13027.9,147314786.7,held_latest
p94,2028,29297.4,15941.5,13027.9,147314786.7,held_latest
p94,2029,29297.4,15941.5,13027.9,147314786.7,held_latest
p94,2030,29297.4,15941.5,13027.9,147314786.7,held_latest
p95,2010,5872.3,3301.7,2529.3,30258595.0,zenodo
p95,2011,5800.0,3202.1,2546.6,29643618.7,zenodo
p95,2012,5665.5,3154.0,2488.9,28637459.8,zenodo
p95,2013,5366.0,3217.2,2542.6,28932170.7,zenodo
p95,2014,5678.9,3308.0,2602.9,30025612.7,interpolated
p95,2015,5760.1,3261.5,2555.0,29880170.1,interpolated
p95,2016,5751.7,3167.3,2470.0,29288280.6,nrel
p95,2017,5638.7,3165.6,2506.3,28841232.8,nrel
p95,2018,6044.1,3285.0,2626.2,30246367.4,nrel
p95,2019,5739.0,3244.3,2591.5,29823004.8,nrel
p95,2020,5797.5,3168.9,2450.7,28914834.5,nrel
p95,2021,5820.5,3314.1,2604.5,30097321.9,nrel
p95,2022,6134.1,3391.8,2687.4,31277226.5,nrel
p95,2023,6183.5,3360.0,2684.6,30745001.5,nrel
p95,2024,6286.6,3416.1,2729.4,31257947.0,eia_scaled_2023
p95,2025,6183.5,3360.0,2684.6,30745001.5,held_2023
p95,2026,6183.5,3360.0,2684.6,30745001.5,held_latest
p95,2027,6183.5,3360.0,2684.6,30745001.5,held_latest
p95,2028,6183.5,3360.0,2684.6,30745001.5,held_latest
p95,2029,6183.5,3360.0,2684.6,30745001.5,held_latest
p95,2030,6183.5,3360.0,2684.6,30745001.5,held_latest
p96,2010,10200.4,5912.6,4582.4,54319741.0,zenodo
p96,2011,10431.2,5721.5,4584.1,53269818.3,zenodo
p96,2012,10267.5,5625.9,4503.3,51452751.2,zenodo
p96,2013,9717.0,5730.9,4619.3,51943346.3,zenodo
p96,2014,10213.2,5907.7,4726.4,53971023.3,interpolated
p96,2015,10291.0,5839.9,4636.9,53773321.7,interpolated
p96,2016,10210.9,5686.1,4480.4,52770100.8,nrel
p96,2017,10401.9,5636.3,4598.6,52234027.9,nrel
p96,2018,10801.8,5754.5,4715.8,53785944.5,nrel
p96,2019,10154.3,5709.5,4617.6,52657300.1,nrel
p96,2020,9964.4,5476.5,4341.5,50210689.1,nrel
p96,2021,9797.6,5752.2,4620.0,52423166.2,nrel
p96,2022,10795.0,5880.1,4714.4,54415371.1,nrel
p96,2023,10526.0,5769.5,4643.7,53117848.5,nrel
p96,2024,10701.6,5865.8,4721.2,54004059.6,eia_scaled_2023
p96,2025,10526.0,5769.5,4643.7,53117848.5,held_2023
p96,2026,10526.0,5769.5,4643.7,53117848.5,held_latest
p96,2027,10526.0,5769.5,4643.7,53117848.5,held_latest
p96,2028,10526.0,5769.5,4643.7,53117848.5,held_latest
p96,2029,10526.0,5769.5,4643.7,53117848.5,held_latest
p96,2030,10526.0,5769.5,4643.7,53117848.5,held_latest
p97,2010,12867.4,7558.0,5764.0,68948686.6,zenodo
p97,2011,12947.6,7201.7,5671.5,66245489.8,zenodo
p97,2012,12890.0,7146.6,5592.3,64739651.5,zenodo
p97,2013,12040.8,7312.5,5730.6,65696319.8,zenodo
p97,2014,12616.8,7430.4,5810.5,67382037.1,interpolated
p97,2015,12946.8,7401.7,5775.6,67742832.8,interpolated
p97,2016,13245.0,7357.7,5729.1,67955879.9,nrel
p97,2017,12844.3,7310.3,5746.6,66475712.6,nrel
p97,2018,14143.0,7608.7,6039.8,69830012.3,nrel
p97,2019,13105.7,7517.1,5988.8,68958858.2,nrel
p97,2020,13244.2,7293.4,5624.9,66501313.5,nrel
p97,2021,13341.0,7620.7,5959.7,69107164.8,nrel
p97,2022,13986.9,7694.3,6052.6,70855190.1,nrel
p97,2023,13577.4,7401.0,5879.0,67592913.8,nrel
p97,2024,13953.0,7605.7,6041.6,69462967.9,eia_scaled_2023
p97,2025,13577.4,7401.0,5879.0,67592913.8,held_2023
p97,2026,13577.4,7401.0,5879.0,67592913.8,held_latest
p97,2027,13577.4,7401.0,5879.0,67592913.8,held_latest
p97,2028,13577.4,7401.0,5879.0,67592913.8,held_latest
p97,2029,13577.4,7401.0,5879.0,67592913.8,held_latest
p97,2030,13577.4,7401.0,5879.0,67592913.8,held_latest
p98,2010,13301.8,7641.8,5765.3,69843585.4,zenodo
p98,2011,13373.4,7244.3,5692.4,67100661.2,zenodo
p98,2012,13314.0,7186.8,5609.0,65538789.5,zenodo
p98,2013,12458.2,7378.9,5767.6,66494494.2,zenodo
p98,2014,13012.8,7487.5,5825.0,68204604.9,interpolated
p98,2015,13313.3,7448.4,5767.1,68573650.6,interpolated
p98,2016,13581.6,7394.0,5697.9,68793082.7,nrel
p98,2017,14513.6,7315.2,5699.2,67352297.9,nrel
p98,2018,15465.9,7613.1,5972.1,70717061.5,nrel
p98,2019,13852.6,7544.7,5921.5,69760565.3,nrel
p98,2020,13744.9,7153.3,5467.2,66275434.7,nrel
p98,2021,13630.5,7540.8,5790.1,69021743.0,nrel
p98,2022,14248.5,7585.3,5860.4,70794629.9,nrel
p98,2023,13799.2,7340.9,5757.6,67943191.5,nrel
p98,2024,14181.0,7544.0,5916.8,69822936.5,eia_scaled_2023
p98,2025,13799.2,7340.9,5757.6,67943191.5,held_2023
p98,2026,13799.2,7340.9,5757.6,67943191.5,held_latest
p98,2027,13799.2,7340.9,5757.6,67943191.5,held_latest
p98,2028,13799.2,7340.9,5757.6,67943191.5,held_latest
p98,2029,13799.2,7340.9,5757.6,67943191.5,held_latest
p98,2030,13799.2,7340.9,5757.6,67943191.5,held_latest
p99,2010,18495.4,10582.6,7936.7,96169547.0,zenodo
p99,2011,19310.8,10204.7,7945.5,93078536.3,zenodo
p99,2012,18498.8,10072.3,7790.1,91257935.0,zenodo
p99,2013,18370.5,10479.7,8063.9,93790383.2,zenodo
p99,2014,18582.0,10424.6,8052.9,94356371.4,interpolated
p99,2015,18853.8,10402.6,8067.7,95226278.0,interpolated
p99,2016,18985.7,10303.4,8022.5,95389685.2,nrel
p99,2017,19193.3,10406.4,8140.4,94944291.4,nrel
p99,2018,20719.3,11066.9,8748.3,100562809.1,nrel
p99,2019,19478.3,11139.7,8826.5,100946919.6,nrel
p99,2020,19846.8,10930.5,8831.1,100247704.5,nrel
p99,2021,20085.7,11836.9,9527.3,106945148.4,nrel
p99,2022,21875.6,12349.4,10074.2,112711804.8,nrel
p99,2023,21390.0,12504.9,10459.3,113039667.2,nrel
p99,2024,21985.0,12852.7,10750.2,116183901.6,eia_scaled_2023
p99,2025,21390.0,12504.9,10459.3,113039667.2,held_2023
p99,2026,21390.0,12504.9,10459.3,113039667.2,held_latest
p99,2027,21390.0,12504.9,10459.3,113039667.2,held_latest
p99,2028,21390.0,12504.9,10459.3,113039667.2,held_latest
p99,2029,21390.0,12504.9,10459.3,113039667.2,held_latest
p99,2030,21390.0,12504.9,10459.3,113039667.2,held_latest
