GENERATION_PROJECT,PERIOD,gen_fixed_om_by_period,gen_variable_om_by_period,gen_storage_energy_fixed_om_by_period
p10_conventional_steam_coal_1,2028,-483.333333333328,.,.
p10_conventional_steam_coal_2,2028,-483.333333333328,.,.
p10_other_peaker_1,2028,.,0.153333333333333,.
p101_biomass_1,2028,.,0.00666666666666682,.
p101_conventional_steam_coal_1,2028,-483.666666666672,.,.
p101_conventional_steam_coal_2,2028,-483.666666666672,.,.
p101_natural_gas_fired_combustion_turbine_1,2028,3.33333333333394,.,.
p103_conventional_steam_coal_1,2028,-483.333333333328,.,.
p103_conventional_steam_coal_2,2028,-4045.33333333333,.,.
p105_conventional_steam_coal_1,2028,-483.666666666672,.,.
p107_conventional_steam_coal_1,2028,-484,.,.
p107_conventional_steam_coal_2,2028,-483.333333333328,.,.
p108_conventional_steam_coal_1,2028,-484,.,.
p109_conventional_steam_coal_1,2028,-483.666666666672,.,.
p109_conventional_steam_coal_2,2028,-483.333333333328,.,.
p111_conventional_steam_coal_1,2028,-484,.,.
p111_conventional_steam_coal_2,2028,-483.333333333328,.,.
p112_conventional_steam_coal_1,2028,-483.333333333328,.,.
p112_conventional_steam_coal_2,2028,-484,.,.
p115_conventional_steam_coal_1,2028,-483.333333333328,.,.
p115_conventional_steam_coal_2,2028,-484,.,.
p116_conventional_steam_coal_1,2028,-484,.,.
p116_conventional_steam_coal_2,2028,-484,.,.
p117_conventional_steam_coal_1,2028,-483.666666666672,.,.
p117_conventional_steam_coal_2,2028,-484,.,.
p118_conventional_steam_coal_1,2028,-484,.,.
p118_other_peaker_1,2028,.,1.43333333333333,.
p12_conventional_steam_coal_1,2028,-483.333333333328,.,.
p12_conventional_steam_coal_2,2028,-483.333333333328,.,.
p122_conventional_steam_coal_1,2028,-483.666666666672,.,.
p122_conventional_steam_coal_2,2028,-483.333333333328,.,.
p123_conventional_steam_coal_1,2028,-484,.,.
p123_conventional_steam_coal_2,2028,-483.333333333328,.,.
p123_petroleum_liquids_1,2028,.,-1.26666666666667,.
p130_conventional_steam_coal_1,2028,-484,.,.
p130_conventional_steam_coal_2,2028,-484,.,.
p131_other_peaker_1,2028,.,0.0333333333333323,.
p132_other_peaker_1,2028,.,-0.00333333333333208,.
p18_conventional_steam_coal_1,2028,-484,.,.
p20_conventional_steam_coal_1,2028,-483.666666666672,.,.
p20_conventional_steam_coal_2,2028,-483.666666666672,.,.
p21_conventional_steam_coal_1,2028,-484,.,.
p21_conventional_steam_coal_2,2028,-484,.,.
p23_conventional_steam_coal_1,2028,-483.666666666672,.,.
p23_conventional_steam_coal_2,2028,-483.666666666672,.,.
p24_conventional_steam_coal_1,2028,-483.666666666672,.,.
p24_conventional_steam_coal_2,2028,-483.666666666672,.,.
p25_conventional_steam_coal_1,2028,-484,.,.
p25_conventional_steam_coal_2,2028,-484,.,.
p25_natural_gas_fired_combustion_turbine_1,2028,-116.666666666666,.,.
p25_other_peaker_1,2028,.,1.07,.
p26_conventional_steam_coal_1,2028,-483.666666666672,.,.
p28_conventional_steam_coal_1,2028,-483.333333333328,.,.
p29_conventional_steam_coal_1,2028,-175.666666666672,.,.
p29_conventional_steam_coal_2,2028,-483.666666666672,.,.
p31_conventional_steam_coal_1,2028,-484,.,.
p31_conventional_steam_coal_2,2028,-483.666666666672,.,.
p31_other_peaker_1,2028,.,-0.313333333333334,.
p33_conventional_steam_coal_1,2028,-2841.33333333333,.,.
p33_conventional_steam_coal_2,2028,-1451.33333333333,.,.
p34_conventional_steam_coal_1,2028,-484,.,.
p34_conventional_steam_coal_2,2028,-483.666666666672,.,.
p36_conventional_steam_coal_1,2028,-484,.,.
p36_conventional_steam_coal_2,2028,-484,.,.
p37_conventional_steam_coal_1,2028,-483.333333333328,.,.
p37_conventional_steam_coal_2,2028,-484,.,.
p38_conventional_steam_coal_1,2028,-483.333333333328,.,.
p40_conventional_steam_coal_1,2028,-483.666666666672,.,.
p40_conventional_steam_coal_2,2028,-484,.,.
p41_conventional_steam_coal_1,2028,-483.666666666672,.,.
p41_conventional_steam_coal_2,2028,-483.333333333328,.,.
p42_conventional_steam_coal_1,2028,-483.333333333328,.,.
p43_conventional_steam_coal_1,2028,-483.333333333328,.,.
p43_conventional_steam_coal_2,2028,-779,.,.
p44_conventional_steam_coal_1,2028,-483.333333333328,.,.
p45_conventional_steam_coal_1,2028,-483.333333333328,.,.
p45_conventional_steam_coal_2,2028,-484,.,.
p46_biomass_1,2028,.,-0.00666666666666682,.
p46_conventional_steam_coal_1,2028,-483.333333333328,.,.
p46_petroleum_liquids_1,2028,.,3.39333333333333,.
p48_conventional_steam_coal_2,2028,-483.666666666672,.,.
p48_other_peaker_1,2028,.,-0.00999999999999979,.
p50_conventional_steam_coal_1,2028,-484,.,.
p50_conventional_steam_coal_2,2028,-483.666666666672,.,.
p50_natural_gas_fired_combustion_turbine_1,2028,48,.,.
p51_conventional_steam_coal_1,2028,-484,.,.
p52_conventional_steam_coal_1,2028,-483.333333333328,.,.
p53_conventional_steam_coal_1,2028,-483.333333333328,.,.
p53_conventional_steam_coal_2,2028,-484,.,.
p54_conventional_steam_coal_1,2028,-484,.,.
p54_conventional_steam_coal_2,2028,-483.333333333328,.,.
p54_other_peaker_1,2028,.,0.173333333333334,.
p55_conventional_steam_coal_1,2028,-484,.,.
p55_conventional_steam_coal_2,2028,-483.666666666672,.,.
p55_natural_gas_fired_combustion_turbine_1,2028,-137.666666666666,.,.
p56_conventional_steam_coal_1,2028,-483.666666666672,.,.
p57_conventional_steam_coal_1,2028,-483.333333333328,.,.
p57_conventional_steam_coal_2,2028,-484,.,.
p58_conventional_steam_coal_1,2028,-483.666666666672,.,.
p58_conventional_steam_coal_2,2028,-484,.,.
p58_other_peaker_1,2028,.,-0.113333333333333,.
p59_natural_gas_fired_combustion_turbine_1,2028,272.666666666666,.,.
p59_other_peaker_1,2028,.,1.06666666666667,.
p63_conventional_steam_coal_1,2028,-483.666666666672,.,.
p63_conventional_steam_coal_2,2028,-483.666666666672,.,.
p64_conventional_steam_coal_1,2028,-484,.,.
p64_conventional_steam_coal_2,2028,-483.333333333328,.,.
p65_conventional_steam_coal_1,2028,-484,.,.
p65_conventional_steam_coal_2,2028,-483.666666666672,.,.
p65_other_peaker_1,2028,.,-0.0466666666666669,.
p66_other_peaker_1,2028,.,0.00333333333333297,.
p67_conventional_steam_coal_1,2028,-484,.,.
p67_conventional_steam_coal_2,2028,-483.666666666672,.,.
p70_conventional_steam_coal_1,2028,-483.333333333328,.,.
p70_conventional_steam_coal_2,2028,-483.666666666672,.,.
p70_natural_gas_fired_combustion_turbine_1,2028,66,.,.
p72_conventional_steam_coal_1,2028,-484,.,.
p72_conventional_steam_coal_2,2028,-483.666666666672,.,.
p74_conventional_steam_coal_1,2028,-483.333333333328,.,.
p75_conventional_steam_coal_1,2028,-484,.,.
p75_conventional_steam_coal_2,2028,-484,.,.
p76_conventional_steam_coal_1,2028,-483.333333333328,.,.
p76_conventional_steam_coal_2,2028,-482.666666666672,.,.
p79_conventional_steam_coal_1,2028,-484,.,.
p79_conventional_steam_coal_2,2028,-483.333333333328,.,.
p81_conventional_steam_coal_1,2028,-483.333333333328,.,.
p81_conventional_steam_coal_2,2028,-484,.,.
p82_conventional_steam_coal_1,2028,-484,.,.
p82_conventional_steam_coal_2,2028,-483.666666666672,.,.
p83_conventional_steam_coal_1,2028,-483.333333333328,.,.
p84_conventional_steam_coal_1,2028,-483.666666666672,.,.
p84_conventional_steam_coal_2,2028,-483.333333333328,.,.
p85_conventional_steam_coal_1,2028,-484,.,.
p85_conventional_steam_coal_2,2028,-483.333333333328,.,.
p87_other_peaker_1,2028,.,0.0633333333333335,.
p88_conventional_steam_coal_1,2028,-484,.,.
p89_conventional_steam_coal_1,2028,-483.666666666672,.,.
p89_conventional_steam_coal_2,2028,-484,.,.
p90_conventional_steam_coal_1,2028,-484,.,.
p90_conventional_steam_coal_2,2028,-483.333333333328,.,.
p92_conventional_steam_coal_2,2028,-422,.,.
p92_natural_gas_fired_combustion_turbine_1,2028,-10,.,.
p93_conventional_steam_coal_1,2028,-484,.,.
p93_conventional_steam_coal_2,2028,-532,.,.
p94_conventional_steam_coal_1,2028,-484,.,.
p94_conventional_steam_coal_2,2028,-484,.,.
p96_conventional_steam_coal_1,2028,-487.333333333328,.,.
p96_conventional_steam_coal_2,2028,-484,.,.
p96_petroleum_liquids_1,2028,.,0.723333333333333,.
p97_conventional_steam_coal_1,2028,-484,.,.
p97_conventional_steam_coal_2,2028,-405.333333333328,.,.
p97_other_peaker_1,2028,.,0.00999999999999979,.
p98_conventional_steam_coal_1,2028,-484,.,.
p98_conventional_steam_coal_2,2028,-484,.,.
p99_conventional_steam_coal_1,2028,-483.333333333328,.,.
p99_conventional_steam_coal_2,2028,-484,.,.
p1_naturalgas_1on1_combined_cycle_hframe_moderate_0,2028,738.333333333336,0.0466666666666669,.
p1_naturalgas_combustion_turbine_fframe_moderate_0,2028,463.333333333332,.,.
p1_utilityscale_battery_storage_lithium_ion_advanced_0,2028,570.666666666667,.,619.333333333333
p1_landbasedwind_class3_moderate_1,2028,995.333333333332,.,.
p1_landbasedwind_class3_moderate_2,2028,995.333333333332,.,.
p1_utilitypv_class1_moderate_1,2028,1817.66666666667,.,.
p1_utilitypv_class1_moderate_2,2028,1817.66666666667,.,.
p1_offshorewind_class3_moderate_fixed_1_1,2028,2759.66666666667,.,.
p1_offshorewind_class3_moderate_fixed_1_2,2028,2759.66666666667,.,.
p1_offshorewind_class3_moderate_fixed_0_1,2028,2759.66666666667,.,.
p1_offshorewind_class3_moderate_fixed_0_2,2028,2759.66666666667,.,.
p2_naturalgas_1on1_combined_cycle_hframe_moderate_0,2028,738.333333333336,0.0466666666666669,.
p2_naturalgas_combustion_turbine_fframe_moderate_0,2028,463.333333333332,.,.
p2_utilityscale_battery_storage_lithium_ion_advanced_0,2028,570.666666666667,.,619.333333333333
p2_landbasedwind_class3_moderate_1,2028,995.333333333332,.,.
p2_landbasedwind_class3_moderate_2,2028,995.333333333332,.,.
p2_utilitypv_class1_moderate_1,2028,1817.66666666667,.,.
p2_utilitypv_class1_moderate_2,2028,1817.66666666667,.,.
p3_naturalgas_1on1_combined_cycle_hframe_moderate_0,2028,738.333333333336,0.0466666666666669,.
p3_naturalgas_combustion_turbine_fframe_moderate_0,2028,463.333333333332,.,.
p3_utilityscale_battery_storage_lithium_ion_advanced_0,2028,570.666666666667,.,619.333333333333
p3_landbasedwind_class3_moderate_1,2028,995.333333333332,.,.
p3_landbasedwind_class3_moderate_2,2028,995.333333333332,.,.
p3_utilitypv_class1_moderate_1,2028,1817.66666666667,.,.
p3_utilitypv_class1_moderate_2,2028,1817.66666666667,.,.
p4_naturalgas_1on1_combined_cycle_hframe_moderate_0,2028,738.333333333336,0.0466666666666669,.
p4_naturalgas_combustion_turbine_fframe_moderate_0,2028,463.333333333332,.,.
p4_utilityscale_battery_storage_lithium_ion_advanced_0,2028,570.666666666667,.,619.333333333333
p4_landbasedwind_class3_moderate_1,2028,995.333333333332,.,.
p4_landbasedwind_class3_moderate_2,2028,995.333333333332,.,.
p4_utilitypv_class1_moderate_1,2028,1817.66666666667,.,.
p4_utilitypv_class1_moderate_2,2028,1817.66666666667,.,.
p5_naturalgas_1on1_combined_cycle_hframe_moderate_0,2028,738.333333333336,0.0466666666666669,.
p5_naturalgas_combustion_turbine_fframe_moderate_0,2028,463.333333333332,.,.
p5_utilityscale_battery_storage_lithium_ion_advanced_0,2028,570.666666666667,.,619.333333333333
p5_landbasedwind_class3_moderate_1,2028,995.333333333332,.,.
p5_landbasedwind_class3_moderate_2,2028,995.333333333332,.,.
p5_utilitypv_class1_moderate_1,2028,1817.66666666667,.,.
p5_utilitypv_class1_moderate_2,2028,1817.66666666667,.,.
p5_offshorewind_class3_moderate_fixed_1_1,2028,2759.66666666667,.,.
p5_offshorewind_class3_moderate_fixed_1_2,2028,2759.66666666667,.,.
p5_offshorewind_class3_moderate_fixed_0_1,2028,2759.66666666667,.,.
p5_offshorewind_class3_moderate_fixed_0_2,2028,2759.66666666667,.,.
p6_naturalgas_1on1_combined_cycle_hframe_moderate_0,2028,738.333333333336,0.0466666666666669,.
p6_naturalgas_combustion_turbine_fframe_moderate_0,2028,463.333333333332,.,.
p6_utilityscale_battery_storage_lithium_ion_advanced_0,2028,570.666666666667,.,619.333333333333
p6_landbasedwind_class3_moderate_1,2028,995.333333333332,.,.
p6_landbasedwind_class3_moderate_2,2028,995.333333333332,.,.
p6_utilitypv_class1_moderate_1,2028,1817.66666666667,.,.
p6_utilitypv_class1_moderate_2,2028,1817.66666666667,.,.
p7_naturalgas_1on1_combined_cycle_hframe_moderate_0,2028,738.333333333336,0.0466666666666669,.
p7_naturalgas_combustion_turbine_fframe_moderate_0,2028,463.333333333332,.,.
p7_utilityscale_battery_storage_lithium_ion_advanced_0,2028,570.666666666667,.,619.333333333333
p7_landbasedwind_class3_moderate_1,2028,995.333333333332,.,.
p7_landbasedwind_class3_moderate_2,2028,995.333333333332,.,.
p7_utilitypv_class1_moderate_1,2028,1817.66666666667,.,.
p7_utilitypv_class1_moderate_2,2028,1817.66666666667,.,.
p8_naturalgas_1on1_combined_cycle_hframe_moderate_0,2028,738.333333333336,0.0466666666666669,.
p8_naturalgas_combustion_turbine_fframe_moderate_0,2028,463.333333333332,.,.
p8_utilityscale_battery_storage_lithium_ion_advanced_0,2028,570.666666666667,.,619.333333333333
p8_landbasedwind_class3_moderate_1,2028,995.333333333332,.,.
p8_landbasedwind_class3_moderate_2,2028,995.333333333332,.,.
p8_utilitypv_class1_moderate_1,2028,1817.66666666667,.,.
p8_utilitypv_class1_moderate_2,2028,1817.66666666667,.,.
p9_naturalgas_1on1_combined_cycle_hframe_moderate_0,2028,738.333333333336,0.0466666666666669,.
p9_naturalgas_combustion_turbine_fframe_moderate_0,2028,463.333333333332,.,.
p9_utilityscale_battery_storage_lithium_ion_advanced_0,2028,570.666666666667,.,619.333333333333
p9_landbasedwind_class3_moderate_1,2028,995.333333333332,.,.
p9_landbasedwind_class3_moderate_2,2028,995.333333333332,.,.
p9_utilitypv_class1_moderate_1,2028,1817.66666666667,.,.
p9_utilitypv_class1_moderate_2,2028,1817.66666666667,.,.
p9_offshorewind_class3_moderate_fixed_1_1,2028,2759.66666666667,.,.
p9_offshorewind_class3_moderate_fixed_1_2,2028,2759.66666666667,.,.
p9_offshorewind_class3_moderate_fixed_0_1,2028,2759.66666666667,.,.
p9_offshorewind_class3_moderate_fixed_0_2,2028,2759.66666666667,.,.
p10_naturalgas_1on1_combined_cycle_hframe_moderate_0,2028,738.333333333336,0.0466666666666669,.
p10_naturalgas_combustion_turbine_fframe_moderate_0,2028,463.333333333332,.,.
p10_utilityscale_battery_storage_lithium_ion_advanced_0,2028,570.666666666667,.,619.333333333333
p10_landbasedwind_class3_moderate_1,2028,995.333333333332,.,.
p10_landbasedwind_class3_moderate_2,2028,995.333333333332,.,.
p10_utilitypv_class1_moderate_1,2028,1817.66666666667,.,.
p10_utilitypv_class1_moderate_2,2028,1817.66666666667,.,.
p10_offshorewind_class3_moderate_fixed_1_1,2028,2759.66666666667,.,.
p10_offshorewind_class3_moderate_fixed_1_2,2028,2759.66666666667,.,.
p10_offshorewind_class3_moderate_fixed_0_1,2028,2759.66666666667,.,.
p10_offshorewind_class3_moderate_fixed_0_2,2028,2759.66666666667,.,.
p11_naturalgas_1on1_combined_cycle_hframe_moderate_0,2028,738.333333333336,0.0466666666666669,.
p11_naturalgas_combustion_turbine_fframe_moderate_0,2028,463.333333333332,.,.
p11_utilityscale_battery_storage_lithium_ion_advanced_0,2028,570.666666666667,.,619.333333333333
p11_landbasedwind_class3_moderate_1,2028,995.333333333332,.,.
p11_landbasedwind_class3_moderate_2,2028,995.333333333332,.,.
p11_utilitypv_class1_moderate_1,2028,1817.66666666667,.,.
p11_utilitypv_class1_moderate_2,2028,1817.66666666667,.,.
p11_offshorewind_class3_moderate_fixed_1_1,2028,2759.66666666667,.,.
p11_offshorewind_class3_moderate_fixed_1_2,2028,2759.66666666667,.,.
p11_offshorewind_class3_moderate_fixed_0_1,2028,2759.66666666667,.,.
p11_offshorewind_class3_moderate_fixed_0_2,2028,2759.66666666667,.,.
p12_naturalgas_1on1_combined_cycle_hframe_moderate_0,2028,738.333333333336,0.0466666666666669,.
p12_naturalgas_combustion_turbine_fframe_moderate_0,2028,463.333333333332,.,.
p12_utilityscale_battery_storage_lithium_ion_advanced_0,2028,570.666666666667,.,619.333333333333
p12_landbasedwind_class3_moderate_1,2028,995.333333333332,.,.
p12_landbasedwind_class3_moderate_2,2028,995.333333333332,.,.
p12_utilitypv_class1_moderate_1,2028,1817.66666666667,.,.
p12_utilitypv_class1_moderate_2,2028,1817.66666666667,.,.
p13_naturalgas_1on1_combined_cycle_hframe_moderate_0,2028,738.333333333336,0.0466666666666669,.
p13_naturalgas_combustion_turbine_fframe_moderate_0,2028,463.333333333332,.,.
p13_utilityscale_battery_storage_lithium_ion_advanced_0,2028,570.666666666667,.,619.333333333333
p13_landbasedwind_class3_moderate_1,2028,995.333333333332,.,.
p13_landbasedwind_class3_moderate_2,2028,995.333333333332,.,.
p13_utilitypv_class1_moderate_1,2028,1817.66666666667,.,.
p13_utilitypv_class1_moderate_2,2028,1817.66666666667,.,.
p14_naturalgas_1on1_combined_cycle_hframe_moderate_0,2028,738.333333333336,0.0466666666666669,.
p14_naturalgas_combustion_turbine_fframe_moderate_0,2028,463.333333333332,.,.
p14_utilityscale_battery_storage_lithium_ion_advanced_0,2028,570.666666666667,.,619.333333333333
p14_landbasedwind_class3_moderate_1,2028,995.333333333332,.,.
p14_landbasedwind_class3_moderate_2,2028,995.333333333332,.,.
p14_utilitypv_class1_moderate_1,2028,1817.66666666667,.,.
p14_utilitypv_class1_moderate_2,2028,1817.66666666667,.,.
p15_naturalgas_1on1_combined_cycle_hframe_moderate_0,2028,738.333333333336,0.0466666666666669,.
p15_naturalgas_combustion_turbine_fframe_moderate_0,2028,463.333333333332,.,.
p15_utilityscale_battery_storage_lithium_ion_advanced_0,2028,570.666666666667,.,619.333333333333
p15_landbasedwind_class3_moderate_1,2028,995.333333333332,.,.
p15_landbasedwind_class3_moderate_2,2028,995.333333333332,.,.
p15_utilitypv_class1_moderate_1,2028,1817.66666666667,.,.
p15_utilitypv_class1_moderate_2,2028,1817.66666666667,.,.
p16_naturalgas_1on1_combined_cycle_hframe_moderate_0,2028,738.333333333336,0.0466666666666669,.
p16_naturalgas_combustion_turbine_fframe_moderate_0,2028,463.333333333332,.,.
p16_utilityscale_battery_storage_lithium_ion_advanced_0,2028,570.666666666667,.,619.333333333333
p16_landbasedwind_class3_moderate_1,2028,995.333333333332,.,.
p16_landbasedwind_class3_moderate_2,2028,995.333333333332,.,.
p16_utilitypv_class1_moderate_1,2028,1817.66666666667,.,.
p16_utilitypv_class1_moderate_2,2028,1817.66666666667,.,.
p17_naturalgas_1on1_combined_cycle_hframe_moderate_0,2028,738.333333333336,0.0466666666666669,.
p17_naturalgas_combustion_turbine_fframe_moderate_0,2028,463.333333333332,.,.
p17_utilityscale_battery_storage_lithium_ion_advanced_0,2028,570.666666666667,.,619.333333333333
p17_landbasedwind_class3_moderate_1,2028,995.333333333332,.,.
p17_landbasedwind_class3_moderate_2,2028,995.333333333332,.,.
p17_utilitypv_class1_moderate_1,2028,1817.66666666667,.,.
p17_utilitypv_class1_moderate_2,2028,1817.66666666667,.,.
p18_naturalgas_1on1_combined_cycle_hframe_moderate_0,2028,738.333333333336,0.0466666666666669,.
p18_naturalgas_combustion_turbine_fframe_moderate_0,2028,463.333333333332,.,.
p18_utilityscale_battery_storage_lithium_ion_advanced_0,2028,570.666666666667,.,619.333333333333
p18_landbasedwind_class3_moderate_1,2028,995.333333333332,.,.
p18_landbasedwind_class3_moderate_2,2028,995.333333333332,.,.
p18_utilitypv_class1_moderate_1,2028,1817.66666666667,.,.
p18_utilitypv_class1_moderate_2,2028,1817.66666666667,.,.
p19_naturalgas_1on1_combined_cycle_hframe_moderate_0,2028,738.333333333336,0.0466666666666669,.
p19_naturalgas_combustion_turbine_fframe_moderate_0,2028,463.333333333332,.,.
p19_utilityscale_battery_storage_lithium_ion_advanced_0,2028,570.666666666667,.,619.333333333333
p19_landbasedwind_class3_moderate_1,2028,995.333333333332,.,.
p19_landbasedwind_class3_moderate_2,2028,995.333333333332,.,.
p19_utilitypv_class1_moderate_1,2028,1817.66666666667,.,.
p19_utilitypv_class1_moderate_2,2028,1817.66666666667,.,.
p20_naturalgas_1on1_combined_cycle_hframe_moderate_0,2028,738.333333333336,0.0466666666666669,.
p20_naturalgas_combustion_turbine_fframe_moderate_0,2028,463.333333333332,.,.
p20_utilityscale_battery_storage_lithium_ion_advanced_0,2028,570.666666666667,.,619.333333333333
p20_landbasedwind_class3_moderate_1,2028,995.333333333332,.,.
p20_landbasedwind_class3_moderate_2,2028,995.333333333332,.,.
p20_utilitypv_class1_moderate_1,2028,1817.66666666667,.,.
p20_utilitypv_class1_moderate_2,2028,1817.66666666667,.,.
p21_naturalgas_1on1_combined_cycle_hframe_moderate_0,2028,738.333333333336,0.0466666666666669,.
p21_naturalgas_combustion_turbine_fframe_moderate_0,2028,463.333333333332,.,.
p21_utilityscale_battery_storage_lithium_ion_advanced_0,2028,570.666666666667,.,619.333333333333
p21_landbasedwind_class3_moderate_1,2028,995.333333333332,.,.
p21_landbasedwind_class3_moderate_2,2028,995.333333333332,.,.
p21_utilitypv_class1_moderate_1,2028,1817.66666666667,.,.
p21_utilitypv_class1_moderate_2,2028,1817.66666666667,.,.
p22_naturalgas_1on1_combined_cycle_hframe_moderate_0,2028,738.333333333336,0.0466666666666669,.
p22_naturalgas_combustion_turbine_fframe_moderate_0,2028,463.333333333332,.,.
p22_utilityscale_battery_storage_lithium_ion_advanced_0,2028,570.666666666667,.,619.333333333333
p22_landbasedwind_class3_moderate_1,2028,995.333333333332,.,.
p22_landbasedwind_class3_moderate_2,2028,995.333333333332,.,.
p22_utilitypv_class1_moderate_1,2028,1817.66666666667,.,.
p22_utilitypv_class1_moderate_2,2028,1817.66666666667,.,.
p23_naturalgas_1on1_combined_cycle_hframe_moderate_0,2028,738.333333333336,0.0466666666666669,.
p23_naturalgas_combustion_turbine_fframe_moderate_0,2028,463.333333333332,.,.
p23_utilityscale_battery_storage_lithium_ion_advanced_0,2028,570.666666666667,.,619.333333333333
p23_landbasedwind_class3_moderate_1,2028,995.333333333332,.,.
p23_landbasedwind_class3_moderate_2,2028,995.333333333332,.,.
p23_utilitypv_class1_moderate_1,2028,1817.66666666667,.,.
p23_utilitypv_class1_moderate_2,2028,1817.66666666667,.,.
p24_naturalgas_1on1_combined_cycle_hframe_moderate_0,2028,738.333333333336,0.0466666666666669,.
p24_naturalgas_combustion_turbine_fframe_moderate_0,2028,463.333333333332,.,.
p24_utilityscale_battery_storage_lithium_ion_advanced_0,2028,570.666666666667,.,619.333333333333
p24_landbasedwind_class3_moderate_1,2028,995.333333333332,.,.
p24_landbasedwind_class3_moderate_2,2028,995.333333333332,.,.
p24_utilitypv_class1_moderate_1,2028,1817.66666666667,.,.
p24_utilitypv_class1_moderate_2,2028,1817.66666666667,.,.
p25_naturalgas_1on1_combined_cycle_hframe_moderate_0,2028,738.333333333336,0.0466666666666669,.
p25_naturalgas_combustion_turbine_fframe_moderate_0,2028,463.333333333332,.,.
p25_utilityscale_battery_storage_lithium_ion_advanced_0,2028,570.666666666667,.,619.333333333333
p25_landbasedwind_class3_moderate_1,2028,995.333333333332,.,.
p25_landbasedwind_class3_moderate_2,2028,995.333333333332,.,.
p25_utilitypv_class1_moderate_1,2028,1817.66666666667,.,.
p25_utilitypv_class1_moderate_2,2028,1817.66666666667,.,.
p26_naturalgas_1on1_combined_cycle_hframe_moderate_0,2028,738.333333333336,0.0466666666666669,.
p26_naturalgas_combustion_turbine_fframe_moderate_0,2028,463.333333333332,.,.
p26_utilityscale_battery_storage_lithium_ion_advanced_0,2028,570.666666666667,.,619.333333333333
p26_landbasedwind_class3_moderate_1,2028,995.333333333332,.,.
p26_landbasedwind_class3_moderate_2,2028,995.333333333332,.,.
p26_utilitypv_class1_moderate_1,2028,1817.66666666667,.,.
p26_utilitypv_class1_moderate_2,2028,1817.66666666667,.,.
p27_naturalgas_1on1_combined_cycle_hframe_moderate_0,2028,738.333333333336,0.0466666666666669,.
p27_naturalgas_combustion_turbine_fframe_moderate_0,2028,463.333333333332,.,.
p27_utilityscale_battery_storage_lithium_ion_advanced_0,2028,570.666666666667,.,619.333333333333
p27_landbasedwind_class3_moderate_1,2028,995.333333333332,.,.
p27_landbasedwind_class3_moderate_2,2028,995.333333333332,.,.
p27_utilitypv_class1_moderate_1,2028,1817.66666666667,.,.
p27_utilitypv_class1_moderate_2,2028,1817.66666666667,.,.
p28_naturalgas_1on1_combined_cycle_hframe_moderate_0,2028,738.333333333336,0.0466666666666669,.
p28_naturalgas_combustion_turbine_fframe_moderate_0,2028,463.333333333332,.,.
p28_utilityscale_battery_storage_lithium_ion_advanced_0,2028,570.666666666667,.,619.333333333333
p28_landbasedwind_class3_moderate_1,2028,995.333333333332,.,.
p28_landbasedwind_class3_moderate_2,2028,995.333333333332,.,.
p28_utilitypv_class1_moderate_1,2028,1817.66666666667,.,.
p28_utilitypv_class1_moderate_2,2028,1817.66666666667,.,.
p29_naturalgas_1on1_combined_cycle_hframe_moderate_0,2028,738.333333333336,0.0466666666666669,.
p29_naturalgas_combustion_turbine_fframe_moderate_0,2028,463.333333333332,.,.
p29_utilityscale_battery_storage_lithium_ion_advanced_0,2028,570.666666666667,.,619.333333333333
p29_landbasedwind_class3_moderate_1,2028,995.333333333332,.,.
p29_landbasedwind_class3_moderate_2,2028,995.333333333332,.,.
p29_utilitypv_class1_moderate_1,2028,1817.66666666667,.,.
p29_utilitypv_class1_moderate_2,2028,1817.66666666667,.,.
p30_naturalgas_1on1_combined_cycle_hframe_moderate_0,2028,738.333333333336,0.0466666666666669,.
p30_naturalgas_combustion_turbine_fframe_moderate_0,2028,463.333333333332,.,.
p30_utilityscale_battery_storage_lithium_ion_advanced_0,2028,570.666666666667,.,619.333333333333
p30_landbasedwind_class3_moderate_1,2028,995.333333333332,.,.
p30_landbasedwind_class3_moderate_2,2028,995.333333333332,.,.
p30_utilitypv_class1_moderate_1,2028,1817.66666666667,.,.
p30_utilitypv_class1_moderate_2,2028,1817.66666666667,.,.
p31_naturalgas_1on1_combined_cycle_hframe_moderate_0,2028,738.333333333336,0.0466666666666669,.
p31_naturalgas_combustion_turbine_fframe_moderate_0,2028,463.333333333332,.,.
p31_utilityscale_battery_storage_lithium_ion_advanced_0,2028,570.666666666667,.,619.333333333333
p31_landbasedwind_class3_moderate_1,2028,995.333333333332,.,.
p31_landbasedwind_class3_moderate_2,2028,995.333333333332,.,.
p31_utilitypv_class1_moderate_1,2028,1817.66666666667,.,.
p31_utilitypv_class1_moderate_2,2028,1817.66666666667,.,.
p32_naturalgas_1on1_combined_cycle_hframe_moderate_0,2028,738.333333333336,0.0466666666666669,.
p32_naturalgas_combustion_turbine_fframe_moderate_0,2028,463.333333333332,.,.
p32_utilityscale_battery_storage_lithium_ion_advanced_0,2028,570.666666666667,.,619.333333333333
p32_landbasedwind_class3_moderate_1,2028,995.333333333332,.,.
p32_landbasedwind_class3_moderate_2,2028,995.333333333332,.,.
p32_utilitypv_class1_moderate_1,2028,1817.66666666667,.,.
p32_utilitypv_class1_moderate_2,2028,1817.66666666667,.,.
p33_naturalgas_1on1_combined_cycle_hframe_moderate_0,2028,738.333333333336,0.0466666666666669,.
p33_naturalgas_combustion_turbine_fframe_moderate_0,2028,463.333333333332,.,.
p33_utilityscale_battery_storage_lithium_ion_advanced_0,2028,570.666666666667,.,619.333333333333
p33_landbasedwind_class3_moderate_1,2028,995.333333333332,.,.
p33_landbasedwind_class3_moderate_2,2028,995.333333333332,.,.
p33_utilitypv_class1_moderate_1,2028,1817.66666666667,.,.
p33_utilitypv_class1_moderate_2,2028,1817.66666666667,.,.
p34_naturalgas_1on1_combined_cycle_hframe_moderate_0,2028,738.333333333336,0.0466666666666669,.
p34_naturalgas_combustion_turbine_fframe_moderate_0,2028,463.333333333332,.,.
p34_utilityscale_battery_storage_lithium_ion_advanced_0,2028,570.666666666667,.,619.333333333333
p34_landbasedwind_class3_moderate_1,2028,995.333333333332,.,.
p34_landbasedwind_class3_moderate_2,2028,995.333333333332,.,.
p34_utilitypv_class1_moderate_1,2028,1817.66666666667,.,.
p34_utilitypv_class1_moderate_2,2028,1817.66666666667,.,.
p35_naturalgas_1on1_combined_cycle_hframe_moderate_0,2028,738.333333333336,0.0466666666666669,.
p35_naturalgas_combustion_turbine_fframe_moderate_0,2028,463.333333333332,.,.
p35_utilityscale_battery_storage_lithium_ion_advanced_0,2028,570.666666666667,.,619.333333333333
p35_landbasedwind_class3_moderate_1,2028,995.333333333332,.,.
p35_landbasedwind_class3_moderate_2,2028,995.333333333332,.,.
p35_utilitypv_class1_moderate_1,2028,1817.66666666667,.,.
p35_utilitypv_class1_moderate_2,2028,1817.66666666667,.,.
p36_naturalgas_1on1_combined_cycle_hframe_moderate_0,2028,738.333333333336,0.0466666666666669,.
p36_naturalgas_combustion_turbine_fframe_moderate_0,2028,463.333333333332,.,.
p36_utilityscale_battery_storage_lithium_ion_advanced_0,2028,570.666666666667,.,619.333333333333
p36_landbasedwind_class3_moderate_1,2028,995.333333333332,.,.
p36_landbasedwind_class3_moderate_2,2028,995.333333333332,.,.
p36_utilitypv_class1_moderate_1,2028,1817.66666666667,.,.
p36_utilitypv_class1_moderate_2,2028,1817.66666666667,.,.
p37_naturalgas_1on1_combined_cycle_hframe_moderate_0,2028,738.333333333336,0.0466666666666669,.
p37_naturalgas_combustion_turbine_fframe_moderate_0,2028,463.333333333332,.,.
p37_utilityscale_battery_storage_lithium_ion_advanced_0,2028,570.666666666667,.,619.333333333333
p37_landbasedwind_class3_moderate_1,2028,995.333333333332,.,.
p37_landbasedwind_class3_moderate_2,2028,995.333333333332,.,.
p37_utilitypv_class1_moderate_1,2028,1817.66666666667,.,.
p37_utilitypv_class1_moderate_2,2028,1817.66666666667,.,.
p37_offshorewind_class3_moderate_fixed_1_1,2028,2759.66666666667,.,.
p37_offshorewind_class3_moderate_fixed_1_2,2028,2759.66666666667,.,.
p37_offshorewind_class3_moderate_fixed_0_1,2028,2759.66666666667,.,.
p37_offshorewind_class3_moderate_fixed_0_2,2028,2759.66666666667,.,.
p38_naturalgas_1on1_combined_cycle_hframe_moderate_0,2028,738.333333333336,0.0466666666666669,.
p38_naturalgas_combustion_turbine_fframe_moderate_0,2028,463.333333333332,.,.
p38_utilityscale_battery_storage_lithium_ion_advanced_0,2028,570.666666666667,.,619.333333333333
p38_landbasedwind_class3_moderate_1,2028,995.333333333332,.,.
p38_landbasedwind_class3_moderate_2,2028,995.333333333332,.,.
p38_utilitypv_class1_moderate_1,2028,1817.66666666667,.,.
p38_utilitypv_class1_moderate_2,2028,1817.66666666667,.,.
p39_naturalgas_1on1_combined_cycle_hframe_moderate_0,2028,738.333333333336,0.0466666666666669,.
p39_naturalgas_combustion_turbine_fframe_moderate_0,2028,463.333333333332,.,.
p39_utilityscale_battery_storage_lithium_ion_advanced_0,2028,570.666666666667,.,619.333333333333
p39_landbasedwind_class3_moderate_1,2028,995.333333333332,.,.
p39_landbasedwind_class3_moderate_2,2028,995.333333333332,.,.
p39_utilitypv_class1_moderate_1,2028,1817.66666666667,.,.
p39_utilitypv_class1_moderate_2,2028,1817.66666666667,.,.
p40_naturalgas_1on1_combined_cycle_hframe_moderate_0,2028,738.333333333336,0.0466666666666669,.
p40_naturalgas_combustion_turbine_fframe_moderate_0,2028,463.333333333332,.,.
p40_utilityscale_battery_storage_lithium_ion_advanced_0,2028,570.666666666667,.,619.333333333333
p40_landbasedwind_class3_moderate_1,2028,995.333333333332,.,.
p40_landbasedwind_class3_moderate_2,2028,995.333333333332,.,.
p40_utilitypv_class1_moderate_1,2028,1817.66666666667,.,.
p40_utilitypv_class1_moderate_2,2028,1817.66666666667,.,.
p41_naturalgas_1on1_combined_cycle_hframe_moderate_0,2028,738.333333333336,0.0466666666666669,.
p41_naturalgas_combustion_turbine_fframe_moderate_0,2028,463.333333333332,.,.
p41_utilityscale_battery_storage_lithium_ion_advanced_0,2028,570.666666666667,.,619.333333333333
p41_landbasedwind_class3_moderate_1,2028,995.333333333332,.,.
p41_landbasedwind_class3_moderate_2,2028,995.333333333332,.,.
p41_utilitypv_class1_moderate_1,2028,1817.66666666667,.,.
p41_utilitypv_class1_moderate_2,2028,1817.66666666667,.,.
p42_naturalgas_1on1_combined_cycle_hframe_moderate_0,2028,738.333333333336,0.0466666666666669,.
p42_naturalgas_combustion_turbine_fframe_moderate_0,2028,463.333333333332,.,.
p42_utilityscale_battery_storage_lithium_ion_advanced_0,2028,570.666666666667,.,619.333333333333
p42_landbasedwind_class3_moderate_1,2028,995.333333333332,.,.
p42_landbasedwind_class3_moderate_2,2028,995.333333333332,.,.
p42_utilitypv_class1_moderate_1,2028,1817.66666666667,.,.
p42_utilitypv_class1_moderate_2,2028,1817.66666666667,.,.
p43_naturalgas_1on1_combined_cycle_hframe_moderate_0,2028,738.333333333336,0.0466666666666669,.
p43_naturalgas_combustion_turbine_fframe_moderate_0,2028,463.333333333332,.,.
p43_utilityscale_battery_storage_lithium_ion_advanced_0,2028,570.666666666667,.,619.333333333333
p43_landbasedwind_class3_moderate_1,2028,995.333333333332,.,.
p43_landbasedwind_class3_moderate_2,2028,995.333333333332,.,.
p43_utilitypv_class1_moderate_1,2028,1817.66666666667,.,.
p43_utilitypv_class1_moderate_2,2028,1817.66666666667,.,.
p43_offshorewind_class3_moderate_fixed_1_1,2028,2759.66666666667,.,.
p43_offshorewind_class3_moderate_fixed_1_2,2028,2759.66666666667,.,.
p43_offshorewind_class3_moderate_fixed_0_1,2028,2759.66666666667,.,.
p43_offshorewind_class3_moderate_fixed_0_2,2028,2759.66666666667,.,.
p44_naturalgas_1on1_combined_cycle_hframe_moderate_0,2028,738.333333333336,0.0466666666666669,.
p44_naturalgas_combustion_turbine_fframe_moderate_0,2028,463.333333333332,.,.
p44_utilityscale_battery_storage_lithium_ion_advanced_0,2028,570.666666666667,.,619.333333333333
p44_landbasedwind_class3_moderate_1,2028,995.333333333332,.,.
p44_landbasedwind_class3_moderate_2,2028,995.333333333332,.,.
p44_utilitypv_class1_moderate_1,2028,1817.66666666667,.,.
p44_utilitypv_class1_moderate_2,2028,1817.66666666667,.,.
p45_naturalgas_1on1_combined_cycle_hframe_moderate_0,2028,738.333333333336,0.0466666666666669,.
p45_naturalgas_combustion_turbine_fframe_moderate_0,2028,463.333333333332,.,.
p45_utilityscale_battery_storage_lithium_ion_advanced_0,2028,570.666666666667,.,619.333333333333
p45_landbasedwind_class3_moderate_1,2028,995.333333333332,.,.
p45_landbasedwind_class3_moderate_2,2028,995.333333333332,.,.
p45_utilitypv_class1_moderate_1,2028,1817.66666666667,.,.
p45_utilitypv_class1_moderate_2,2028,1817.66666666667,.,.
p46_naturalgas_1on1_combined_cycle_hframe_moderate_0,2028,738.333333333336,0.0466666666666669,.
p46_naturalgas_combustion_turbine_fframe_moderate_0,2028,463.333333333332,.,.
p46_utilityscale_battery_storage_lithium_ion_advanced_0,2028,570.666666666667,.,619.333333333333
p46_landbasedwind_class3_moderate_1,2028,995.333333333332,.,.
p46_landbasedwind_class3_moderate_2,2028,995.333333333332,.,.
p46_utilitypv_class1_moderate_1,2028,1817.66666666667,.,.
p46_utilitypv_class1_moderate_2,2028,1817.66666666667,.,.
p47_naturalgas_1on1_combined_cycle_hframe_moderate_0,2028,738.333333333336,0.0466666666666669,.
p47_naturalgas_combustion_turbine_fframe_moderate_0,2028,463.333333333332,.,.
p47_utilityscale_battery_storage_lithium_ion_advanced_0,2028,570.666666666667,.,619.333333333333
p47_landbasedwind_class3_moderate_1,2028,995.333333333332,.,.
p47_landbasedwind_class3_moderate_2,2028,995.333333333332,.,.
p47_utilitypv_class1_moderate_1,2028,1817.66666666667,.,.
p47_utilitypv_class1_moderate_2,2028,1817.66666666667,.,.
p48_naturalgas_1on1_combined_cycle_hframe_moderate_0,2028,738.333333333336,0.0466666666666669,.
p48_naturalgas_combustion_turbine_fframe_moderate_0,2028,463.333333333332,.,.
p48_utilityscale_battery_storage_lithium_ion_advanced_0,2028,570.666666666667,.,619.333333333333
p48_landbasedwind_class3_moderate_1,2028,995.333333333332,.,.
p48_landbasedwind_class3_moderate_2,2028,995.333333333332,.,.
p48_utilitypv_class1_moderate_1,2028,1817.66666666667,.,.
p48_utilitypv_class1_moderate_2,2028,1817.66666666667,.,.
p49_naturalgas_1on1_combined_cycle_hframe_moderate_0,2028,738.333333333336,0.0466666666666669,.
p49_naturalgas_combustion_turbine_fframe_moderate_0,2028,463.333333333332,.,.
p49_utilityscale_battery_storage_lithium_ion_advanced_0,2028,570.666666666667,.,619.333333333333
p49_landbasedwind_class3_moderate_1,2028,995.333333333332,.,.
p49_landbasedwind_class3_moderate_2,2028,995.333333333332,.,.
p49_utilitypv_class1_moderate_1,2028,1817.66666666667,.,.
p49_utilitypv_class1_moderate_2,2028,1817.66666666667,.,.
p50_naturalgas_1on1_combined_cycle_hframe_moderate_0,2028,738.333333333336,0.0466666666666669,.
p50_naturalgas_combustion_turbine_fframe_moderate_0,2028,463.333333333332,.,.
p50_utilityscale_battery_storage_lithium_ion_advanced_0,2028,570.666666666667,.,619.333333333333
p50_landbasedwind_class3_moderate_1,2028,995.333333333332,.,.
p50_landbasedwind_class3_moderate_2,2028,995.333333333332,.,.
p50_utilitypv_class1_moderate_1,2028,1817.66666666667,.,.
p50_utilitypv_class1_moderate_2,2028,1817.66666666667,.,.
p51_naturalgas_1on1_combined_cycle_hframe_moderate_0,2028,738.333333333336,0.0466666666666669,.
p51_naturalgas_combustion_turbine_fframe_moderate_0,2028,463.333333333332,.,.
p51_utilityscale_battery_storage_lithium_ion_advanced_0,2028,570.666666666667,.,619.333333333333
p51_landbasedwind_class3_moderate_1,2028,995.333333333332,.,.
p51_landbasedwind_class3_moderate_2,2028,995.333333333332,.,.
p51_utilitypv_class1_moderate_1,2028,1817.66666666667,.,.
p51_utilitypv_class1_moderate_2,2028,1817.66666666667,.,.
p52_naturalgas_1on1_combined_cycle_hframe_moderate_0,2028,738.333333333336,0.0466666666666669,.
p52_naturalgas_combustion_turbine_fframe_moderate_0,2028,463.333333333332,.,.
p52_utilityscale_battery_storage_lithium_ion_advanced_0,2028,570.666666666667,.,619.333333333333
p52_landbasedwind_class3_moderate_1,2028,995.333333333332,.,.
p52_landbasedwind_class3_moderate_2,2028,995.333333333332,.,.
p52_utilitypv_class1_moderate_1,2028,1817.66666666667,.,.
p52_utilitypv_class1_moderate_2,2028,1817.66666666667,.,.
p53_naturalgas_1on1_combined_cycle_hframe_moderate_0,2028,738.333333333336,0.0466666666666669,.
p53_naturalgas_combustion_turbine_fframe_moderate_0,2028,463.333333333332,.,.
p53_utilityscale_battery_storage_lithium_ion_advanced_0,2028,570.666666666667,.,619.333333333333
p53_landbasedwind_class3_moderate_1,2028,995.333333333332,.,.
p53_landbasedwind_class3_moderate_2,2028,995.333333333332,.,.
p53_utilitypv_class1_moderate_1,2028,1817.66666666667,.,.
p53_utilitypv_class1_moderate_2,2028,1817.66666666667,.,.
p54_naturalgas_1on1_combined_cycle_hframe_moderate_0,2028,738.333333333336,0.0466666666666669,.
p54_naturalgas_combustion_turbine_fframe_moderate_0,2028,463.333333333332,.,.
p54_utilityscale_battery_storage_lithium_ion_advanced_0,2028,570.666666666667,.,619.333333333333
p54_landbasedwind_class3_moderate_1,2028,995.333333333332,.,.
p54_landbasedwind_class3_moderate_2,2028,995.333333333332,.,.
p54_utilitypv_class1_moderate_1,2028,1817.66666666667,.,.
p54_utilitypv_class1_moderate_2,2028,1817.66666666667,.,.
p55_naturalgas_1on1_combined_cycle_hframe_moderate_0,2028,738.333333333336,0.0466666666666669,.
p55_naturalgas_combustion_turbine_fframe_moderate_0,2028,463.333333333332,.,.
p55_utilityscale_battery_storage_lithium_ion_advanced_0,2028,570.666666666667,.,619.333333333333
p55_landbasedwind_class3_moderate_1,2028,995.333333333332,.,.
p55_landbasedwind_class3_moderate_2,2028,995.333333333332,.,.
p55_utilitypv_class1_moderate_1,2028,1817.66666666667,.,.
p55_utilitypv_class1_moderate_2,2028,1817.66666666667,.,.
p56_naturalgas_1on1_combined_cycle_hframe_moderate_0,2028,738.333333333336,0.0466666666666669,.
p56_naturalgas_combustion_turbine_fframe_moderate_0,2028,463.333333333332,.,.
p56_utilityscale_battery_storage_lithium_ion_advanced_0,2028,570.666666666667,.,619.333333333333
p56_landbasedwind_class3_moderate_1,2028,995.333333333332,.,.
p56_landbasedwind_class3_moderate_2,2028,995.333333333332,.,.
p56_utilitypv_class1_moderate_1,2028,1817.66666666667,.,.
p56_utilitypv_class1_moderate_2,2028,1817.66666666667,.,.
p57_naturalgas_1on1_combined_cycle_hframe_moderate_0,2028,738.333333333336,0.0466666666666669,.
p57_naturalgas_combustion_turbine_fframe_moderate_0,2028,463.333333333332,.,.
p57_utilityscale_battery_storage_lithium_ion_advanced_0,2028,570.666666666667,.,619.333333333333
p57_landbasedwind_class3_moderate_1,2028,995.333333333332,.,.
p57_landbasedwind_class3_moderate_2,2028,995.333333333332,.,.
p57_utilitypv_class1_moderate_1,2028,1817.66666666667,.,.
p57_utilitypv_class1_moderate_2,2028,1817.66666666667,.,.
p58_naturalgas_1on1_combined_cycle_hframe_moderate_0,2028,738.333333333336,0.0466666666666669,.
p58_naturalgas_combustion_turbine_fframe_moderate_0,2028,463.333333333332,.,.
p58_utilityscale_battery_storage_lithium_ion_advanced_0,2028,570.666666666667,.,619.333333333333
p58_landbasedwind_class3_moderate_1,2028,995.333333333332,.,.
p58_landbasedwind_class3_moderate_2,2028,995.333333333332,.,.
p58_utilitypv_class1_moderate_1,2028,1817.66666666667,.,.
p58_utilitypv_class1_moderate_2,2028,1817.66666666667,.,.
p58_offshorewind_class3_moderate_fixed_1_1,2028,2759.66666666667,.,.
p58_offshorewind_class3_moderate_fixed_1_2,2028,2759.66666666667,.,.
p58_offshorewind_class3_moderate_fixed_0_1,2028,2759.66666666667,.,.
p58_offshorewind_class3_moderate_fixed_0_2,2028,2759.66666666667,.,.
p59_naturalgas_1on1_combined_cycle_hframe_moderate_0,2028,738.333333333336,0.0466666666666669,.
p59_naturalgas_combustion_turbine_fframe_moderate_0,2028,463.333333333332,.,.
p59_utilityscale_battery_storage_lithium_ion_advanced_0,2028,570.666666666667,.,619.333333333333
p59_landbasedwind_class3_moderate_1,2028,995.333333333332,.,.
p59_landbasedwind_class3_moderate_2,2028,995.333333333332,.,.
p59_utilitypv_class1_moderate_1,2028,1817.66666666667,.,.
p59_utilitypv_class1_moderate_2,2028,1817.66666666667,.,.
p60_naturalgas_1on1_combined_cycle_hframe_moderate_0,2028,738.333333333336,0.0466666666666669,.
p60_naturalgas_combustion_turbine_fframe_moderate_0,2028,463.333333333332,.,.
p60_utilityscale_battery_storage_lithium_ion_advanced_0,2028,570.666666666667,.,619.333333333333
p60_landbasedwind_class3_moderate_1,2028,995.333333333332,.,.
p60_landbasedwind_class3_moderate_2,2028,995.333333333332,.,.
p60_utilitypv_class1_moderate_1,2028,1817.66666666667,.,.
p60_utilitypv_class1_moderate_2,2028,1817.66666666667,.,.
p61_naturalgas_1on1_combined_cycle_hframe_moderate_0,2028,738.333333333336,0.0466666666666669,.
p61_naturalgas_combustion_turbine_fframe_moderate_0,2028,463.333333333332,.,.
p61_utilityscale_battery_storage_lithium_ion_advanced_0,2028,570.666666666667,.,619.333333333333
p61_landbasedwind_class3_moderate_1,2028,995.333333333332,.,.
p61_landbasedwind_class3_moderate_2,2028,995.333333333332,.,.
p61_utilitypv_class1_moderate_1,2028,1817.66666666667,.,.
p61_utilitypv_class1_moderate_2,2028,1817.66666666667,.,.
p62_naturalgas_1on1_combined_cycle_hframe_moderate_0,2028,738.333333333336,0.0466666666666669,.
p62_naturalgas_combustion_turbine_fframe_moderate_0,2028,463.333333333332,.,.
p62_utilityscale_battery_storage_lithium_ion_advanced_0,2028,570.666666666667,.,619.333333333333
p62_landbasedwind_class3_moderate_1,2028,995.333333333332,.,.
p62_landbasedwind_class3_moderate_2,2028,995.333333333332,.,.
p62_utilitypv_class1_moderate_1,2028,1817.66666666667,.,.
p62_utilitypv_class1_moderate_2,2028,1817.66666666667,.,.
p63_naturalgas_1on1_combined_cycle_hframe_moderate_0,2028,738.333333333336,0.0466666666666669,.
p63_naturalgas_combustion_turbine_fframe_moderate_0,2028,463.333333333332,.,.
p63_utilityscale_battery_storage_lithium_ion_advanced_0,2028,570.666666666667,.,619.333333333333
p63_landbasedwind_class3_moderate_1,2028,995.333333333332,.,.
p63_landbasedwind_class3_moderate_2,2028,995.333333333332,.,.
p63_utilitypv_class1_moderate_1,2028,1817.66666666667,.,.
p63_utilitypv_class1_moderate_2,2028,1817.66666666667,.,.
p64_naturalgas_1on1_combined_cycle_hframe_moderate_0,2028,738.333333333336,0.0466666666666669,.
p64_naturalgas_combustion_turbine_fframe_moderate_0,2028,463.333333333332,.,.
p64_utilityscale_battery_storage_lithium_ion_advanced_0,2028,570.666666666667,.,619.333333333333
p64_landbasedwind_class3_moderate_1,2028,995.333333333332,.,.
p64_landbasedwind_class3_moderate_2,2028,995.333333333332,.,.
p64_utilitypv_class1_moderate_1,2028,1817.66666666667,.,.
p64_utilitypv_class1_moderate_2,2028,1817.66666666667,.,.
p64_offshorewind_class3_moderate_fixed_1_1,2028,2759.66666666667,.,.
p64_offshorewind_class3_moderate_fixed_1_2,2028,2759.66666666667,.,.
p64_offshorewind_class3_moderate_fixed_0_1,2028,2759.66666666667,.,.
p64_offshorewind_class3_moderate_fixed_0_2,2028,2759.66666666667,.,.
p65_naturalgas_1on1_combined_cycle_hframe_moderate_0,2028,738.333333333336,0.0466666666666669,.
p65_naturalgas_combustion_turbine_fframe_moderate_0,2028,463.333333333332,.,.
p65_utilityscale_battery_storage_lithium_ion_advanced_0,2028,570.666666666667,.,619.333333333333
p65_landbasedwind_class3_moderate_1,2028,995.333333333332,.,.
p65_landbasedwind_class3_moderate_2,2028,995.333333333332,.,.
p65_utilitypv_class1_moderate_1,2028,1817.66666666667,.,.
p65_utilitypv_class1_moderate_2,2028,1817.66666666667,.,.
p65_offshorewind_class3_moderate_fixed_1_1,2028,2759.66666666667,.,.
p65_offshorewind_class3_moderate_fixed_1_2,2028,2759.66666666667,.,.
p65_offshorewind_class3_moderate_fixed_0_1,2028,2759.66666666667,.,.
p65_offshorewind_class3_moderate_fixed_0_2,2028,2759.66666666667,.,.
p66_naturalgas_1on1_combined_cycle_hframe_moderate_0,2028,738.333333333336,0.0466666666666669,.
p66_naturalgas_combustion_turbine_fframe_moderate_0,2028,463.333333333332,.,.
p66_utilityscale_battery_storage_lithium_ion_advanced_0,2028,570.666666666667,.,619.333333333333
p66_landbasedwind_class3_moderate_1,2028,995.333333333332,.,.
p66_landbasedwind_class3_moderate_2,2028,995.333333333332,.,.
p66_utilitypv_class1_moderate_1,2028,1817.66666666667,.,.
p66_utilitypv_class1_moderate_2,2028,1817.66666666667,.,.
p66_offshorewind_class3_moderate_fixed_1_1,2028,2759.66666666667,.,.
p66_offshorewind_class3_moderate_fixed_1_2,2028,2759.66666666667,.,.
p66_offshorewind_class3_moderate_fixed_0_1,2028,2759.66666666667,.,.
p66_offshorewind_class3_moderate_fixed_0_2,2028,2759.66666666667,.,.
p67_naturalgas_1on1_combined_cycle_hframe_moderate_0,2028,738.333333333336,0.0466666666666669,.
p67_naturalgas_combustion_turbine_fframe_moderate_0,2028,463.333333333332,.,.
p67_utilityscale_battery_storage_lithium_ion_advanced_0,2028,570.666666666667,.,619.333333333333
p67_landbasedwind_class3_moderate_1,2028,995.333333333332,.,.
p67_landbasedwind_class3_moderate_2,2028,995.333333333332,.,.
p67_utilitypv_class1_moderate_1,2028,1817.66666666667,.,.
p67_utilitypv_class1_moderate_2,2028,1817.66666666667,.,.
p67_offshorewind_class3_moderate_fixed_1_1,2028,2759.66666666667,.,.
p67_offshorewind_class3_moderate_fixed_1_2,2028,2759.66666666667,.,.
p67_offshorewind_class3_moderate_fixed_0_1,2028,2759.66666666667,.,.
p67_offshorewind_class3_moderate_fixed_0_2,2028,2759.66666666667,.,.
p68_naturalgas_1on1_combined_cycle_hframe_moderate_0,2028,738.333333333336,0.0466666666666669,.
p68_naturalgas_combustion_turbine_fframe_moderate_0,2028,463.333333333332,.,.
p68_utilityscale_battery_storage_lithium_ion_advanced_0,2028,570.666666666667,.,619.333333333333
p68_landbasedwind_class3_moderate_1,2028,995.333333333332,.,.
p68_landbasedwind_class3_moderate_2,2028,995.333333333332,.,.
p68_utilitypv_class1_moderate_1,2028,1817.66666666667,.,.
p68_utilitypv_class1_moderate_2,2028,1817.66666666667,.,.
p69_naturalgas_1on1_combined_cycle_hframe_moderate_0,2028,738.333333333336,0.0466666666666669,.
p69_naturalgas_combustion_turbine_fframe_moderate_0,2028,463.333333333332,.,.
p69_utilityscale_battery_storage_lithium_ion_advanced_0,2028,570.666666666667,.,619.333333333333
p69_landbasedwind_class3_moderate_1,2028,995.333333333332,.,.
p69_landbasedwind_class3_moderate_2,2028,995.333333333332,.,.
p69_utilitypv_class1_moderate_1,2028,1817.66666666667,.,.
p69_utilitypv_class1_moderate_2,2028,1817.66666666667,.,.
p70_naturalgas_1on1_combined_cycle_hframe_moderate_0,2028,738.333333333336,0.0466666666666669,.
p70_naturalgas_combustion_turbine_fframe_moderate_0,2028,463.333333333332,.,.
p70_utilityscale_battery_storage_lithium_ion_advanced_0,2028,570.666666666667,.,619.333333333333
p70_landbasedwind_class3_moderate_1,2028,995.333333333332,.,.
p70_landbasedwind_class3_moderate_2,2028,995.333333333332,.,.
p70_utilitypv_class1_moderate_1,2028,1817.66666666667,.,.
p70_utilitypv_class1_moderate_2,2028,1817.66666666667,.,.
p71_naturalgas_1on1_combined_cycle_hframe_moderate_0,2028,738.333333333336,0.0466666666666669,.
p71_naturalgas_combustion_turbine_fframe_moderate_0,2028,463.333333333332,.,.
p71_utilityscale_battery_storage_lithium_ion_advanced_0,2028,570.666666666667,.,619.333333333333
p71_landbasedwind_class3_moderate_1,2028,995.333333333332,.,.
p71_landbasedwind_class3_moderate_2,2028,995.333333333332,.,.
p71_utilitypv_class1_moderate_1,2028,1817.66666666667,.,.
p71_utilitypv_class1_moderate_2,2028,1817.66666666667,.,.
p72_naturalgas_1on1_combined_cycle_hframe_moderate_0,2028,738.333333333336,0.0466666666666669,.
p72_naturalgas_combustion_turbine_fframe_moderate_0,2028,463.333333333332,.,.
p72_utilityscale_battery_storage_lithium_ion_advanced_0,2028,570.666666666667,.,619.333333333333
p72_landbasedwind_class3_moderate_1,2028,995.333333333332,.,.
p72_landbasedwind_class3_moderate_2,2028,995.333333333332,.,.
p72_utilitypv_class1_moderate_1,2028,1817.66666666667,.,.
p72_utilitypv_class1_moderate_2,2028,1817.66666666667,.,.
p73_naturalgas_1on1_combined_cycle_hframe_moderate_0,2028,738.333333333336,0.0466666666666669,.
p73_naturalgas_combustion_turbine_fframe_moderate_0,2028,463.333333333332,.,.
p73_utilityscale_battery_storage_lithium_ion_advanced_0,2028,570.666666666667,.,619.333333333333
p73_landbasedwind_class3_moderate_1,2028,995.333333333332,.,.
p73_landbasedwind_class3_moderate_2,2028,995.333333333332,.,.
p73_utilitypv_class1_moderate_1,2028,1817.66666666667,.,.
p73_utilitypv_class1_moderate_2,2028,1817.66666666667,.,.
p74_naturalgas_1on1_combined_cycle_hframe_moderate_0,2028,738.333333333336,0.0466666666666669,.
p74_naturalgas_combustion_turbine_fframe_moderate_0,2028,463.333333333332,.,.
p74_utilityscale_battery_storage_lithium_ion_advanced_0,2028,570.666666666667,.,619.333333333333
p74_landbasedwind_class3_moderate_1,2028,995.333333333332,.,.
p74_landbasedwind_class3_moderate_2,2028,995.333333333332,.,.
p74_utilitypv_class1_moderate_1,2028,1817.66666666667,.,.
p74_utilitypv_class1_moderate_2,2028,1817.66666666667,.,.
p74_offshorewind_class3_moderate_fixed_1_1,2028,2759.66666666667,.,.
p74_offshorewind_class3_moderate_fixed_1_2,2028,2759.66666666667,.,.
p74_offshorewind_class3_moderate_fixed_0_1,2028,2759.66666666667,.,.
p74_offshorewind_class3_moderate_fixed_0_2,2028,2759.66666666667,.,.
p75_naturalgas_1on1_combined_cycle_hframe_moderate_0,2028,738.333333333336,0.0466666666666669,.
p75_naturalgas_combustion_turbine_fframe_moderate_0,2028,463.333333333332,.,.
p75_utilityscale_battery_storage_lithium_ion_advanced_0,2028,570.666666666667,.,619.333333333333
p75_landbasedwind_class3_moderate_1,2028,995.333333333332,.,.
p75_landbasedwind_class3_moderate_2,2028,995.333333333332,.,.
p75_utilitypv_class1_moderate_1,2028,1817.66666666667,.,.
p75_utilitypv_class1_moderate_2,2028,1817.66666666667,.,.
p75_offshorewind_class3_moderate_fixed_1_1,2028,2759.66666666667,.,.
p75_offshorewind_class3_moderate_fixed_1_2,2028,2759.66666666667,.,.
p75_offshorewind_class3_moderate_fixed_0_1,2028,2759.66666666667,.,.
p75_offshorewind_class3_moderate_fixed_0_2,2028,2759.66666666667,.,.
p76_naturalgas_1on1_combined_cycle_hframe_moderate_0,2028,738.333333333336,0.0466666666666669,.
p76_naturalgas_combustion_turbine_fframe_moderate_0,2028,463.333333333332,.,.
p76_utilityscale_battery_storage_lithium_ion_advanced_0,2028,570.666666666667,.,619.333333333333
p76_landbasedwind_class3_moderate_1,2028,995.333333333332,.,.
p76_landbasedwind_class3_moderate_2,2028,995.333333333332,.,.
p76_utilitypv_class1_moderate_1,2028,1817.66666666667,.,.
p76_utilitypv_class1_moderate_2,2028,1817.66666666667,.,.
p76_offshorewind_class3_moderate_fixed_1_1,2028,2759.66666666667,.,.
p76_offshorewind_class3_moderate_fixed_1_2,2028,2759.66666666667,.,.
p76_offshorewind_class3_moderate_fixed_0_1,2028,2759.66666666667,.,.
p76_offshorewind_class3_moderate_fixed_0_2,2028,2759.66666666667,.,.
p77_naturalgas_1on1_combined_cycle_hframe_moderate_0,2028,738.333333333336,0.0466666666666669,.
p77_naturalgas_combustion_turbine_fframe_moderate_0,2028,463.333333333332,.,.
p77_utilityscale_battery_storage_lithium_ion_advanced_0,2028,570.666666666667,.,619.333333333333
p77_landbasedwind_class3_moderate_1,2028,995.333333333332,.,.
p77_landbasedwind_class3_moderate_2,2028,995.333333333332,.,.
p77_utilitypv_class1_moderate_1,2028,1817.66666666667,.,.
p77_utilitypv_class1_moderate_2,2028,1817.66666666667,.,.
p78_naturalgas_1on1_combined_cycle_hframe_moderate_0,2028,738.333333333336,0.0466666666666669,.
p78_naturalgas_combustion_turbine_fframe_moderate_0,2028,463.333333333332,.,.
p78_utilityscale_battery_storage_lithium_ion_advanced_0,2028,570.666666666667,.,619.333333333333
p78_landbasedwind_class3_moderate_1,2028,995.333333333332,.,.
p78_landbasedwind_class3_moderate_2,2028,995.333333333332,.,.
p78_utilitypv_class1_moderate_1,2028,1817.66666666667,.,.
p78_utilitypv_class1_moderate_2,2028,1817.66666666667,.,.
p79_naturalgas_1on1_combined_cycle_hframe_moderate_0,2028,738.333333333336,0.0466666666666669,.
p79_naturalgas_combustion_turbine_fframe_moderate_0,2028,463.333333333332,.,.
p79_utilityscale_battery_storage_lithium_ion_advanced_0,2028,570.666666666667,.,619.333333333333
p79_landbasedwind_class3_moderate_1,2028,995.333333333332,.,.
p79_landbasedwind_class3_moderate_2,2028,995.333333333332,.,.
p79_utilitypv_class1_moderate_1,2028,1817.66666666667,.,.
p79_utilitypv_class1_moderate_2,2028,1817.66666666667,.,.
p79_offshorewind_class3_moderate_fixed_1_1,2028,2759.66666666667,.,.
p79_offshorewind_class3_moderate_fixed_1_2,2028,2759.66666666667,.,.
p79_offshorewind_class3_moderate_fixed_0_1,2028,2759.66666666667,.,.
p79_offshorewind_class3_moderate_fixed_0_2,2028,2759.66666666667,.,.
p80_naturalgas_1on1_combined_cycle_hframe_moderate_0,2028,738.333333333336,0.0466666666666669,.
p80_naturalgas_combustion_turbine_fframe_moderate_0,2028,463.333333333332,.,.
p80_utilityscale_battery_storage_lithium_ion_advanced_0,2028,570.666666666667,.,619.333333333333
p80_landbasedwind_class3_moderate_1,2028,995.333333333332,.,.
p80_landbasedwind_class3_moderate_2,2028,995.333333333332,.,.
p80_utilitypv_class1_moderate_1,2028,1817.66666666667,.,.
p80_utilitypv_class1_moderate_2,2028,1817.66666666667,.,.
p80_offshorewind_class3_moderate_fixed_1_1,2028,2759.66666666667,.,.
p80_offshorewind_class3_moderate_fixed_1_2,2028,2759.66666666667,.,.
p80_offshorewind_class3_moderate_fixed_0_1,2028,2759.66666666667,.,.
p80_offshorewind_class3_moderate_fixed_0_2,2028,2759.66666666667,.,.
p81_naturalgas_1on1_combined_cycle_hframe_moderate_0,2028,738.333333333336,0.0466666666666669,.
p81_naturalgas_combustion_turbine_fframe_moderate_0,2028,463.333333333332,.,.
p81_utilityscale_battery_storage_lithium_ion_advanced_0,2028,570.666666666667,.,619.333333333333
p81_landbasedwind_class3_moderate_1,2028,995.333333333332,.,.
p81_landbasedwind_class3_moderate_2,2028,995.333333333332,.,.
p81_utilitypv_class1_moderate_1,2028,1817.66666666667,.,.
p81_utilitypv_class1_moderate_2,2028,1817.66666666667,.,.
p82_naturalgas_1on1_combined_cycle_hframe_moderate_0,2028,738.333333333336,0.0466666666666669,.
p82_naturalgas_combustion_turbine_fframe_moderate_0,2028,463.333333333332,.,.
p82_utilityscale_battery_storage_lithium_ion_advanced_0,2028,570.666666666667,.,619.333333333333
p82_landbasedwind_class3_moderate_1,2028,995.333333333332,.,.
p82_landbasedwind_class3_moderate_2,2028,995.333333333332,.,.
p82_utilitypv_class1_moderate_1,2028,1817.66666666667,.,.
p82_utilitypv_class1_moderate_2,2028,1817.66666666667,.,.
p83_naturalgas_1on1_combined_cycle_hframe_moderate_0,2028,738.333333333336,0.0466666666666669,.
p83_naturalgas_combustion_turbine_fframe_moderate_0,2028,463.333333333332,.,.
p83_utilityscale_battery_storage_lithium_ion_advanced_0,2028,570.666666666667,.,619.333333333333
p83_landbasedwind_class3_moderate_1,2028,995.333333333332,.,.
p83_landbasedwind_class3_moderate_2,2028,995.333333333332,.,.
p83_utilitypv_class1_moderate_1,2028,1817.66666666667,.,.
p83_utilitypv_class1_moderate_2,2028,1817.66666666667,.,.
p84_naturalgas_1on1_combined_cycle_hframe_moderate_0,2028,738.333333333336,0.0466666666666669,.
p84_naturalgas_combustion_turbine_fframe_moderate_0,2028,463.333333333332,.,.
p84_utilityscale_battery_storage_lithium_ion_advanced_0,2028,570.666666666667,.,619.333333333333
p84_landbasedwind_class3_moderate_1,2028,995.333333333332,.,.
p84_landbasedwind_class3_moderate_2,2028,995.333333333332,.,.
p84_utilitypv_class1_moderate_1,2028,1817.66666666667,.,.
p84_utilitypv_class1_moderate_2,2028,1817.66666666667,.,.
p85_naturalgas_1on1_combined_cycle_hframe_moderate_0,2028,738.333333333336,0.0466666666666669,.
p85_naturalgas_combustion_turbine_fframe_moderate_0,2028,463.333333333332,.,.
p85_utilityscale_battery_storage_lithium_ion_advanced_0,2028,570.666666666667,.,619.333333333333
p85_landbasedwind_class3_moderate_1,2028,995.333333333332,.,.
p85_landbasedwind_class3_moderate_2,2028,995.333333333332,.,.
p85_utilitypv_class1_moderate_1,2028,1817.66666666667,.,.
p85_utilitypv_class1_moderate_2,2028,1817.66666666667,.,.
p86_naturalgas_1on1_combined_cycle_hframe_moderate_0,2028,738.333333333336,0.0466666666666669,.
p86_naturalgas_combustion_turbine_fframe_moderate_0,2028,463.333333333332,.,.
p86_utilityscale_battery_storage_lithium_ion_advanced_0,2028,570.666666666667,.,619.333333333333
p86_landbasedwind_class3_moderate_1,2028,995.333333333332,.,.
p86_landbasedwind_class3_moderate_2,2028,995.333333333332,.,.
p86_utilitypv_class1_moderate_1,2028,1817.66666666667,.,.
p86_utilitypv_class1_moderate_2,2028,1817.66666666667,.,.
p87_naturalgas_1on1_combined_cycle_hframe_moderate_0,2028,738.333333333336,0.0466666666666669,.
p87_naturalgas_combustion_turbine_fframe_moderate_0,2028,463.333333333332,.,.
p87_utilityscale_battery_storage_lithium_ion_advanced_0,2028,570.666666666667,.,619.333333333333
p87_landbasedwind_class3_moderate_1,2028,995.333333333332,.,.
p87_landbasedwind_class3_moderate_2,2028,995.333333333332,.,.
p87_utilitypv_class1_moderate_1,2028,1817.66666666667,.,.
p87_utilitypv_class1_moderate_2,2028,1817.66666666667,.,.
p88_naturalgas_1on1_combined_cycle_hframe_moderate_0,2028,738.333333333336,0.0466666666666669,.
p88_naturalgas_combustion_turbine_fframe_moderate_0,2028,463.333333333332,.,.
p88_utilityscale_battery_storage_lithium_ion_advanced_0,2028,570.666666666667,.,619.333333333333
p88_landbasedwind_class3_moderate_1,2028,995.333333333332,.,.
p88_landbasedwind_class3_moderate_2,2028,995.333333333332,.,.
p88_utilitypv_class1_moderate_1,2028,1817.66666666667,.,.
p88_utilitypv_class1_moderate_2,2028,1817.66666666667,.,.
p89_naturalgas_1on1_combined_cycle_hframe_moderate_0,2028,738.333333333336,0.0466666666666669,.
p89_naturalgas_combustion_turbine_fframe_moderate_0,2028,463.333333333332,.,.
p89_utilityscale_battery_storage_lithium_ion_advanced_0,2028,570.666666666667,.,619.333333333333
p89_landbasedwind_class3_moderate_1,2028,995.333333333332,.,.
p89_landbasedwind_class3_moderate_2,2028,995.333333333332,.,.
p89_utilitypv_class1_moderate_1,2028,1817.66666666667,.,.
p89_utilitypv_class1_moderate_2,2028,1817.66666666667,.,.
p90_naturalgas_1on1_combined_cycle_hframe_moderate_0,2028,738.333333333336,0.0466666666666669,.
p90_naturalgas_combustion_turbine_fframe_moderate_0,2028,463.333333333332,.,.
p90_utilityscale_battery_storage_lithium_ion_advanced_0,2028,570.666666666667,.,619.333333333333
p90_landbasedwind_class3_moderate_1,2028,995.333333333332,.,.
p90_landbasedwind_class3_moderate_2,2028,995.333333333332,.,.
p90_utilitypv_class1_moderate_1,2028,1817.66666666667,.,.
p90_utilitypv_class1_moderate_2,2028,1817.66666666667,.,.
p90_offshorewind_class3_moderate_fixed_1_1,2028,2759.66666666667,.,.
p90_offshorewind_class3_moderate_fixed_1_2,2028,2759.66666666667,.,.
p90_offshorewind_class3_moderate_fixed_0_1,2028,2759.66666666667,.,.
p90_offshorewind_class3_moderate_fixed_0_2,2028,2759.66666666667,.,.
p91_naturalgas_1on1_combined_cycle_hframe_moderate_0,2028,738.333333333336,0.0466666666666669,.
p91_naturalgas_combustion_turbine_fframe_moderate_0,2028,463.333333333332,.,.
p91_utilityscale_battery_storage_lithium_ion_advanced_0,2028,570.666666666667,.,619.333333333333
p91_landbasedwind_class3_moderate_1,2028,995.333333333332,.,.
p91_landbasedwind_class3_moderate_2,2028,995.333333333332,.,.
p91_utilitypv_class1_moderate_1,2028,1817.66666666667,.,.
p91_utilitypv_class1_moderate_2,2028,1817.66666666667,.,.
p91_offshorewind_class3_moderate_fixed_1_1,2028,2759.66666666667,.,.
p91_offshorewind_class3_moderate_fixed_1_2,2028,2759.66666666667,.,.
p91_offshorewind_class3_moderate_fixed_0_1,2028,2759.66666666667,.,.
p91_offshorewind_class3_moderate_fixed_0_2,2028,2759.66666666667,.,.
p92_naturalgas_1on1_combined_cycle_hframe_moderate_0,2028,738.333333333336,0.0466666666666669,.
p92_naturalgas_combustion_turbine_fframe_moderate_0,2028,463.333333333332,.,.
p92_utilityscale_battery_storage_lithium_ion_advanced_0,2028,570.666666666667,.,619.333333333333
p92_landbasedwind_class3_moderate_1,2028,995.333333333332,.,.
p92_landbasedwind_class3_moderate_2,2028,995.333333333332,.,.
p92_utilitypv_class1_moderate_1,2028,1817.66666666667,.,.
p92_utilitypv_class1_moderate_2,2028,1817.66666666667,.,.
p93_naturalgas_1on1_combined_cycle_hframe_moderate_0,2028,738.333333333336,0.0466666666666669,.
p93_naturalgas_combustion_turbine_fframe_moderate_0,2028,463.333333333332,.,.
p93_utilityscale_battery_storage_lithium_ion_advanced_0,2028,570.666666666667,.,619.333333333333
p93_landbasedwind_class3_moderate_1,2028,995.333333333332,.,.
p93_landbasedwind_class3_moderate_2,2028,995.333333333332,.,.
p93_utilitypv_class1_moderate_1,2028,1817.66666666667,.,.
p93_utilitypv_class1_moderate_2,2028,1817.66666666667,.,.
p94_naturalgas_1on1_combined_cycle_hframe_moderate_0,2028,738.333333333336,0.0466666666666669,.
p94_naturalgas_combustion_turbine_fframe_moderate_0,2028,463.333333333332,.,.
p94_utilityscale_battery_storage_lithium_ion_advanced_0,2028,570.666666666667,.,619.333333333333
p94_landbasedwind_class3_moderate_1,2028,995.333333333332,.,.
p94_landbasedwind_class3_moderate_2,2028,995.333333333332,.,.
p94_utilitypv_class1_moderate_1,2028,1817.66666666667,.,.
p94_utilitypv_class1_moderate_2,2028,1817.66666666667,.,.
p95_naturalgas_1on1_combined_cycle_hframe_moderate_0,2028,738.333333333336,0.0466666666666669,.
p95_naturalgas_combustion_turbine_fframe_moderate_0,2028,463.333333333332,.,.
p95_utilityscale_battery_storage_lithium_ion_advanced_0,2028,570.666666666667,.,619.333333333333
p95_landbasedwind_class3_moderate_1,2028,995.333333333332,.,.
p95_landbasedwind_class3_moderate_2,2028,995.333333333332,.,.
p95_utilitypv_class1_moderate_1,2028,1817.66666666667,.,.
p95_utilitypv_class1_moderate_2,2028,1817.66666666667,.,.
p95_offshorewind_class3_moderate_fixed_1_1,2028,2759.66666666667,.,.
p95_offshorewind_class3_moderate_fixed_1_2,2028,2759.66666666667,.,.
p95_offshorewind_class3_moderate_fixed_0_1,2028,2759.66666666667,.,.
p95_offshorewind_class3_moderate_fixed_0_2,2028,2759.66666666667,.,.
p96_naturalgas_1on1_combined_cycle_hframe_moderate_0,2028,738.333333333336,0.0466666666666669,.
p96_naturalgas_combustion_turbine_fframe_moderate_0,2028,463.333333333332,.,.
p96_utilityscale_battery_storage_lithium_ion_advanced_0,2028,570.666666666667,.,619.333333333333
p96_landbasedwind_class3_moderate_1,2028,995.333333333332,.,.
p96_landbasedwind_class3_moderate_2,2028,995.333333333332,.,.
p96_utilitypv_class1_moderate_1,2028,1817.66666666667,.,.
p96_utilitypv_class1_moderate_2,2028,1817.66666666667,.,.
p97_naturalgas_1on1_combined_cycle_hframe_moderate_0,2028,738.333333333336,0.0466666666666669,.
p97_naturalgas_combustion_turbine_fframe_moderate_0,2028,463.333333333332,.,.
p97_utilityscale_battery_storage_lithium_ion_advanced_0,2028,570.666666666667,.,619.333333333333
p97_landbasedwind_class3_moderate_1,2028,995.333333333332,.,.
p97_landbasedwind_class3_moderate_2,2028,995.333333333332,.,.
p97_utilitypv_class1_moderate_1,2028,1817.66666666667,.,.
p97_utilitypv_class1_moderate_2,2028,1817.66666666667,.,.
p97_offshorewind_class3_moderate_fixed_1_1,2028,2759.66666666667,.,.
p97_offshorewind_class3_moderate_fixed_1_2,2028,2759.66666666667,.,.
p97_offshorewind_class3_moderate_fixed_0_1,2028,2759.66666666667,.,.
p97_offshorewind_class3_moderate_fixed_0_2,2028,2759.66666666667,.,.
p98_naturalgas_1on1_combined_cycle_hframe_moderate_0,2028,738.333333333336,0.0466666666666669,.
p98_naturalgas_combustion_turbine_fframe_moderate_0,2028,463.333333333332,.,.
p98_utilityscale_battery_storage_lithium_ion_advanced_0,2028,570.666666666667,.,619.333333333333
p98_landbasedwind_class3_moderate_1,2028,995.333333333332,.,.
p98_landbasedwind_class3_moderate_2,2028,995.333333333332,.,.
p98_utilitypv_class1_moderate_1,2028,1817.66666666667,.,.
p98_utilitypv_class1_moderate_2,2028,1817.66666666667,.,.
p98_offshorewind_class3_moderate_fixed_1_1,2028,2759.66666666667,.,.
p98_offshorewind_class3_moderate_fixed_1_2,2028,2759.66666666667,.,.
p98_offshorewind_class3_moderate_fixed_0_1,2028,2759.66666666667,.,.
p98_offshorewind_class3_moderate_fixed_0_2,2028,2759.66666666667,.,.
p99_naturalgas_1on1_combined_cycle_hframe_moderate_0,2028,738.333333333336,0.0466666666666669,.
p99_naturalgas_combustion_turbine_fframe_moderate_0,2028,463.333333333332,.,.
p99_utilityscale_battery_storage_lithium_ion_advanced_0,2028,570.666666666667,.,619.333333333333
p99_landbasedwind_class3_moderate_1,2028,995.333333333332,.,.
p99_landbasedwind_class3_moderate_2,2028,995.333333333332,.,.
p99_utilitypv_class1_moderate_1,2028,1817.66666666667,.,.
p99_utilitypv_class1_moderate_2,2028,1817.66666666667,.,.
p99_offshorewind_class3_moderate_fixed_1_1,2028,2759.66666666667,.,.
p99_offshorewind_class3_moderate_fixed_1_2,2028,2759.66666666667,.,.
p99_offshorewind_class3_moderate_fixed_0_1,2028,2759.66666666667,.,.
p99_offshorewind_class3_moderate_fixed_0_2,2028,2759.66666666667,.,.
p100_naturalgas_1on1_combined_cycle_hframe_moderate_0,2028,738.333333333336,0.0466666666666669,.
p100_naturalgas_combustion_turbine_fframe_moderate_0,2028,463.333333333332,.,.
p100_utilityscale_battery_storage_lithium_ion_advanced_0,2028,570.666666666667,.,619.333333333333
p100_landbasedwind_class3_moderate_1,2028,995.333333333332,.,.
p100_landbasedwind_class3_moderate_2,2028,995.333333333332,.,.
p100_utilitypv_class1_moderate_1,2028,1817.66666666667,.,.
p100_utilitypv_class1_moderate_2,2028,1817.66666666667,.,.
p101_naturalgas_1on1_combined_cycle_hframe_moderate_0,2028,738.333333333336,0.0466666666666669,.
p101_naturalgas_combustion_turbine_fframe_moderate_0,2028,463.333333333332,.,.
p101_utilityscale_battery_storage_lithium_ion_advanced_0,2028,570.666666666667,.,619.333333333333
p101_landbasedwind_class3_moderate_1,2028,995.333333333332,.,.
p101_landbasedwind_class3_moderate_2,2028,995.333333333332,.,.
p101_utilitypv_class1_moderate_1,2028,1817.66666666667,.,.
p101_utilitypv_class1_moderate_2,2028,1817.66666666667,.,.
p101_offshorewind_class3_moderate_fixed_1_1,2028,2759.66666666667,.,.
p101_offshorewind_class3_moderate_fixed_1_2,2028,2759.66666666667,.,.
p101_offshorewind_class3_moderate_fixed_0_1,2028,2759.66666666667,.,.
p101_offshorewind_class3_moderate_fixed_0_2,2028,2759.66666666667,.,.
p102_naturalgas_1on1_combined_cycle_hframe_moderate_0,2028,738.333333333336,0.0466666666666669,.
p102_naturalgas_combustion_turbine_fframe_moderate_0,2028,463.333333333332,.,.
p102_utilityscale_battery_storage_lithium_ion_advanced_0,2028,570.666666666667,.,619.333333333333
p102_landbasedwind_class3_moderate_1,2028,995.333333333332,.,.
p102_landbasedwind_class3_moderate_2,2028,995.333333333332,.,.
p102_utilitypv_class1_moderate_1,2028,1817.66666666667,.,.
p102_utilitypv_class1_moderate_2,2028,1817.66666666667,.,.
p102_offshorewind_class3_moderate_fixed_1_1,2028,2759.66666666667,.,.
p102_offshorewind_class3_moderate_fixed_1_2,2028,2759.66666666667,.,.
p102_offshorewind_class3_moderate_fixed_0_1,2028,2759.66666666667,.,.
p102_offshorewind_class3_moderate_fixed_0_2,2028,2759.66666666667,.,.
p103_naturalgas_1on1_combined_cycle_hframe_moderate_0,2028,738.333333333336,0.0466666666666669,.
p103_naturalgas_combustion_turbine_fframe_moderate_0,2028,463.333333333332,.,.
p103_utilityscale_battery_storage_lithium_ion_advanced_0,2028,570.666666666667,.,619.333333333333
p103_landbasedwind_class3_moderate_1,2028,995.333333333332,.,.
p103_landbasedwind_class3_moderate_2,2028,995.333333333332,.,.
p103_utilitypv_class1_moderate_1,2028,1817.66666666667,.,.
p103_utilitypv_class1_moderate_2,2028,1817.66666666667,.,.
p103_offshorewind_class3_moderate_fixed_1_1,2028,2759.66666666667,.,.
p103_offshorewind_class3_moderate_fixed_1_2,2028,2759.66666666667,.,.
p103_offshorewind_class3_moderate_fixed_0_1,2028,2759.66666666667,.,.
p103_offshorewind_class3_moderate_fixed_0_2,2028,2759.66666666667,.,.
p104_naturalgas_1on1_combined_cycle_hframe_moderate_0,2028,738.333333333336,0.0466666666666669,.
p104_naturalgas_combustion_turbine_fframe_moderate_0,2028,463.333333333332,.,.
p104_utilityscale_battery_storage_lithium_ion_advanced_0,2028,570.666666666667,.,619.333333333333
p104_landbasedwind_class3_moderate_1,2028,995.333333333332,.,.
p104_landbasedwind_class3_moderate_2,2028,995.333333333332,.,.
p104_utilitypv_class1_moderate_1,2028,1817.66666666667,.,.
p104_utilitypv_class1_moderate_2,2028,1817.66666666667,.,.
p105_naturalgas_1on1_combined_cycle_hframe_moderate_0,2028,738.333333333336,0.0466666666666669,.
p105_naturalgas_combustion_turbine_fframe_moderate_0,2028,463.333333333332,.,.
p105_utilityscale_battery_storage_lithium_ion_advanced_0,2028,570.666666666667,.,619.333333333333
p105_landbasedwind_class3_moderate_1,2028,995.333333333332,.,.
p105_landbasedwind_class3_moderate_2,2028,995.333333333332,.,.
p105_utilitypv_class1_moderate_1,2028,1817.66666666667,.,.
p105_utilitypv_class1_moderate_2,2028,1817.66666666667,.,.
p106_naturalgas_1on1_combined_cycle_hframe_moderate_0,2028,738.333333333336,0.0466666666666669,.
p106_naturalgas_combustion_turbine_fframe_moderate_0,2028,463.333333333332,.,.
p106_utilityscale_battery_storage_lithium_ion_advanced_0,2028,570.666666666667,.,619.333333333333
p106_landbasedwind_class3_moderate_1,2028,995.333333333332,.,.
p106_landbasedwind_class3_moderate_2,2028,995.333333333332,.,.
p106_utilitypv_class1_moderate_1,2028,1817.66666666667,.,.
p106_utilitypv_class1_moderate_2,2028,1817.66666666667,.,.
p107_naturalgas_1on1_combined_cycle_hframe_moderate_0,2028,738.333333333336,0.0466666666666669,.
p107_naturalgas_combustion_turbine_fframe_moderate_0,2028,463.333333333332,.,.
p107_utilityscale_battery_storage_lithium_ion_advanced_0,2028,570.666666666667,.,619.333333333333
p107_landbasedwind_class3_moderate_1,2028,995.333333333332,.,.
p107_landbasedwind_class3_moderate_2,2028,995.333333333332,.,.
p107_utilitypv_class1_moderate_1,2028,1817.66666666667,.,.
p107_utilitypv_class1_moderate_2,2028,1817.66666666667,.,.
p108_naturalgas_1on1_combined_cycle_hframe_moderate_0,2028,738.333333333336,0.0466666666666669,.
p108_naturalgas_combustion_turbine_fframe_moderate_0,2028,463.333333333332,.,.
p108_utilityscale_battery_storage_lithium_ion_advanced_0,2028,570.666666666667,.,619.333333333333
p108_landbasedwind_class3_moderate_1,2028,995.333333333332,.,.
p108_landbasedwind_class3_moderate_2,2028,995.333333333332,.,.
p108_utilitypv_class1_moderate_1,2028,1817.66666666667,.,.
p108_utilitypv_class1_moderate_2,2028,1817.66666666667,.,.
p109_naturalgas_1on1_combined_cycle_hframe_moderate_0,2028,738.333333333336,0.0466666666666669,.
p109_naturalgas_combustion_turbine_fframe_moderate_0,2028,463.333333333332,.,.
p109_utilityscale_battery_storage_lithium_ion_advanced_0,2028,570.666666666667,.,619.333333333333
p109_landbasedwind_class3_moderate_1,2028,995.333333333332,.,.
p109_landbasedwind_class3_moderate_2,2028,995.333333333332,.,.
p109_utilitypv_class1_moderate_1,2028,1817.66666666667,.,.
p109_utilitypv_class1_moderate_2,2028,1817.66666666667,.,.
p110_naturalgas_1on1_combined_cycle_hframe_moderate_0,2028,738.333333333336,0.0466666666666669,.
p110_naturalgas_combustion_turbine_fframe_moderate_0,2028,463.333333333332,.,.
p110_utilityscale_battery_storage_lithium_ion_advanced_0,2028,570.666666666667,.,619.333333333333
p110_landbasedwind_class3_moderate_1,2028,995.333333333332,.,.
p110_landbasedwind_class3_moderate_2,2028,995.333333333332,.,.
p110_utilitypv_class1_moderate_1,2028,1817.66666666667,.,.
p110_utilitypv_class1_moderate_2,2028,1817.66666666667,.,.
p111_naturalgas_1on1_combined_cycle_hframe_moderate_0,2028,738.333333333336,0.0466666666666669,.
p111_naturalgas_combustion_turbine_fframe_moderate_0,2028,463.333333333332,.,.
p111_utilityscale_battery_storage_lithium_ion_advanced_0,2028,570.666666666667,.,619.333333333333
p111_landbasedwind_class3_moderate_1,2028,995.333333333332,.,.
p111_landbasedwind_class3_moderate_2,2028,995.333333333332,.,.
p111_utilitypv_class1_moderate_1,2028,1817.66666666667,.,.
p111_utilitypv_class1_moderate_2,2028,1817.66666666667,.,.
p111_offshorewind_class3_moderate_fixed_1_1,2028,2759.66666666667,.,.
p111_offshorewind_class3_moderate_fixed_1_2,2028,2759.66666666667,.,.
p111_offshorewind_class3_moderate_fixed_0_1,2028,2759.66666666667,.,.
p111_offshorewind_class3_moderate_fixed_0_2,2028,2759.66666666667,.,.
p112_naturalgas_1on1_combined_cycle_hframe_moderate_0,2028,738.333333333336,0.0466666666666669,.
p112_naturalgas_combustion_turbine_fframe_moderate_0,2028,463.333333333332,.,.
p112_utilityscale_battery_storage_lithium_ion_advanced_0,2028,570.666666666667,.,619.333333333333
p112_landbasedwind_class3_moderate_1,2028,995.333333333332,.,.
p112_landbasedwind_class3_moderate_2,2028,995.333333333332,.,.
p112_utilitypv_class1_moderate_1,2028,1817.66666666667,.,.
p112_utilitypv_class1_moderate_2,2028,1817.66666666667,.,.
p113_naturalgas_1on1_combined_cycle_hframe_moderate_0,2028,738.333333333336,0.0466666666666669,.
p113_naturalgas_combustion_turbine_fframe_moderate_0,2028,463.333333333332,.,.
p113_utilityscale_battery_storage_lithium_ion_advanced_0,2028,570.666666666667,.,619.333333333333
p113_landbasedwind_class3_moderate_1,2028,995.333333333332,.,.
p113_landbasedwind_class3_moderate_2,2028,995.333333333332,.,.
p113_utilitypv_class1_moderate_1,2028,1817.66666666667,.,.
p113_utilitypv_class1_moderate_2,2028,1817.66666666667,.,.
p114_naturalgas_1on1_combined_cycle_hframe_moderate_0,2028,738.333333333336,0.0466666666666669,.
p114_naturalgas_combustion_turbine_fframe_moderate_0,2028,463.333333333332,.,.
p114_utilityscale_battery_storage_lithium_ion_advanced_0,2028,570.666666666667,.,619.333333333333
p114_landbasedwind_class3_moderate_1,2028,995.333333333332,.,.
p114_landbasedwind_class3_moderate_2,2028,995.333333333332,.,.
p114_utilitypv_class1_moderate_1,2028,1817.66666666667,.,.
p114_utilitypv_class1_moderate_2,2028,1817.66666666667,.,.
p115_naturalgas_1on1_combined_cycle_hframe_moderate_0,2028,738.333333333336,0.0466666666666669,.
p115_naturalgas_combustion_turbine_fframe_moderate_0,2028,463.333333333332,.,.
p115_utilityscale_battery_storage_lithium_ion_advanced_0,2028,570.666666666667,.,619.333333333333
p115_landbasedwind_class3_moderate_1,2028,995.333333333332,.,.
p115_landbasedwind_class3_moderate_2,2028,995.333333333332,.,.
p115_utilitypv_class1_moderate_1,2028,1817.66666666667,.,.
p115_utilitypv_class1_moderate_2,2028,1817.66666666667,.,.
p116_naturalgas_1on1_combined_cycle_hframe_moderate_0,2028,738.333333333336,0.0466666666666669,.
p116_naturalgas_combustion_turbine_fframe_moderate_0,2028,463.333333333332,.,.
p116_utilityscale_battery_storage_lithium_ion_advanced_0,2028,570.666666666667,.,619.333333333333
p116_landbasedwind_class3_moderate_1,2028,995.333333333332,.,.
p116_landbasedwind_class3_moderate_2,2028,995.333333333332,.,.
p116_utilitypv_class1_moderate_1,2028,1817.66666666667,.,.
p116_utilitypv_class1_moderate_2,2028,1817.66666666667,.,.
p117_naturalgas_1on1_combined_cycle_hframe_moderate_0,2028,738.333333333336,0.0466666666666669,.
p117_naturalgas_combustion_turbine_fframe_moderate_0,2028,463.333333333332,.,.
p117_utilityscale_battery_storage_lithium_ion_advanced_0,2028,570.666666666667,.,619.333333333333
p117_landbasedwind_class3_moderate_1,2028,995.333333333332,.,.
p117_landbasedwind_class3_moderate_2,2028,995.333333333332,.,.
p117_utilitypv_class1_moderate_1,2028,1817.66666666667,.,.
p117_utilitypv_class1_moderate_2,2028,1817.66666666667,.,.
p118_naturalgas_1on1_combined_cycle_hframe_moderate_0,2028,738.333333333336,0.0466666666666669,.
p118_naturalgas_combustion_turbine_fframe_moderate_0,2028,463.333333333332,.,.
p118_utilityscale_battery_storage_lithium_ion_advanced_0,2028,570.666666666667,.,619.333333333333
p118_landbasedwind_class3_moderate_1,2028,995.333333333332,.,.
p118_landbasedwind_class3_moderate_2,2028,995.333333333332,.,.
p118_utilitypv_class1_moderate_1,2028,1817.66666666667,.,.
p118_utilitypv_class1_moderate_2,2028,1817.66666666667,.,.
p119_naturalgas_1on1_combined_cycle_hframe_moderate_0,2028,738.333333333336,0.0466666666666669,.
p119_naturalgas_combustion_turbine_fframe_moderate_0,2028,463.333333333332,.,.
p119_utilityscale_battery_storage_lithium_ion_advanced_0,2028,570.666666666667,.,619.333333333333
p119_landbasedwind_class3_moderate_1,2028,995.333333333332,.,.
p119_landbasedwind_class3_moderate_2,2028,995.333333333332,.,.
p119_utilitypv_class1_moderate_1,2028,1817.66666666667,.,.
p119_utilitypv_class1_moderate_2,2028,1817.66666666667,.,.
p120_naturalgas_1on1_combined_cycle_hframe_moderate_0,2028,738.333333333336,0.0466666666666669,.
p120_naturalgas_combustion_turbine_fframe_moderate_0,2028,463.333333333332,.,.
p120_utilityscale_battery_storage_lithium_ion_advanced_0,2028,570.666666666667,.,619.333333333333
p120_landbasedwind_class3_moderate_1,2028,995.333333333332,.,.
p120_landbasedwind_class3_moderate_2,2028,995.333333333332,.,.
p120_utilitypv_class1_moderate_1,2028,1817.66666666667,.,.
p120_utilitypv_class1_moderate_2,2028,1817.66666666667,.,.
p121_naturalgas_1on1_combined_cycle_hframe_moderate_0,2028,738.333333333336,0.0466666666666669,.
p121_naturalgas_combustion_turbine_fframe_moderate_0,2028,463.333333333332,.,.
p121_utilityscale_battery_storage_lithium_ion_advanced_0,2028,570.666666666667,.,619.333333333333
p121_landbasedwind_class3_moderate_1,2028,995.333333333332,.,.
p121_landbasedwind_class3_moderate_2,2028,995.333333333332,.,.
p121_utilitypv_class1_moderate_1,2028,1817.66666666667,.,.
p121_utilitypv_class1_moderate_2,2028,1817.66666666667,.,.
p122_naturalgas_1on1_combined_cycle_hframe_moderate_0,2028,738.333333333336,0.0466666666666669,.
p122_naturalgas_combustion_turbine_fframe_moderate_0,2028,463.333333333332,.,.
p122_utilityscale_battery_storage_lithium_ion_advanced_0,2028,570.666666666667,.,619.333333333333
p122_landbasedwind_class3_moderate_1,2028,995.333333333332,.,.
p122_landbasedwind_class3_moderate_2,2028,995.333333333332,.,.
p122_utilitypv_class1_moderate_1,2028,1817.66666666667,.,.
p122_utilitypv_class1_moderate_2,2028,1817.66666666667,.,.
p123_naturalgas_1on1_combined_cycle_hframe_moderate_0,2028,738.333333333336,0.0466666666666669,.
p123_naturalgas_combustion_turbine_fframe_moderate_0,2028,463.333333333332,.,.
p123_utilityscale_battery_storage_lithium_ion_advanced_0,2028,570.666666666667,.,619.333333333333
p123_landbasedwind_class3_moderate_1,2028,995.333333333332,.,.
p123_utilitypv_class1_moderate_1,2028,1817.66666666667,.,.
p123_utilitypv_class1_moderate_2,2028,1817.66666666667,.,.
p123_offshorewind_class3_moderate_fixed_1_1,2028,2759.66666666667,.,.
p123_offshorewind_class3_moderate_fixed_1_2,2028,2759.66666666667,.,.
p123_offshorewind_class3_moderate_fixed_0_1,2028,2759.66666666667,.,.
p123_offshorewind_class3_moderate_fixed_0_2,2028,2759.66666666667,.,.
p124_naturalgas_1on1_combined_cycle_hframe_moderate_0,2028,738.333333333336,0.0466666666666669,.
p124_naturalgas_combustion_turbine_fframe_moderate_0,2028,463.333333333332,.,.
p124_utilityscale_battery_storage_lithium_ion_advanced_0,2028,570.666666666667,.,619.333333333333
p124_landbasedwind_class3_moderate_1,2028,995.333333333332,.,.
p124_landbasedwind_class3_moderate_2,2028,995.333333333332,.,.
p124_utilitypv_class1_moderate_1,2028,1817.66666666667,.,.
p124_utilitypv_class1_moderate_2,2028,1817.66666666667,.,.
p125_naturalgas_1on1_combined_cycle_hframe_moderate_0,2028,738.333333333336,0.0466666666666669,.
p125_naturalgas_combustion_turbine_fframe_moderate_0,2028,463.333333333332,.,.
p125_utilityscale_battery_storage_lithium_ion_advanced_0,2028,570.666666666667,.,619.333333333333
p125_landbasedwind_class3_moderate_1,2028,995.333333333332,.,.
p125_landbasedwind_class3_moderate_2,2028,995.333333333332,.,.
p125_utilitypv_class1_moderate_1,2028,1817.66666666667,.,.
p125_utilitypv_class1_moderate_2,2028,1817.66666666667,.,.
p125_offshorewind_class3_moderate_fixed_1_1,2028,2759.66666666667,.,.
p125_offshorewind_class3_moderate_fixed_1_2,2028,2759.66666666667,.,.
p125_offshorewind_class3_moderate_fixed_0_1,2028,2759.66666666667,.,.
p125_offshorewind_class3_moderate_fixed_0_2,2028,2759.66666666667,.,.
p126_naturalgas_1on1_combined_cycle_hframe_moderate_0,2028,738.333333333336,0.0466666666666669,.
p126_naturalgas_combustion_turbine_fframe_moderate_0,2028,463.333333333332,.,.
p126_utilityscale_battery_storage_lithium_ion_advanced_0,2028,570.666666666667,.,619.333333333333
p126_landbasedwind_class3_moderate_1,2028,995.333333333332,.,.
p126_landbasedwind_class3_moderate_2,2028,995.333333333332,.,.
p126_utilitypv_class1_moderate_1,2028,1817.66666666667,.,.
p126_utilitypv_class1_moderate_2,2028,1817.66666666667,.,.
p126_offshorewind_class3_moderate_fixed_1_1,2028,2759.66666666667,.,.
p126_offshorewind_class3_moderate_fixed_1_2,2028,2759.66666666667,.,.
p126_offshorewind_class3_moderate_fixed_0_1,2028,2759.66666666667,.,.
p126_offshorewind_class3_moderate_fixed_0_2,2028,2759.66666666667,.,.
p127_naturalgas_1on1_combined_cycle_hframe_moderate_0,2028,738.333333333336,0.0466666666666669,.
p127_naturalgas_combustion_turbine_fframe_moderate_0,2028,463.333333333332,.,.
p127_utilityscale_battery_storage_lithium_ion_advanced_0,2028,570.666666666667,.,619.333333333333
p127_landbasedwind_class3_moderate_1,2028,995.333333333332,.,.
p127_landbasedwind_class3_moderate_2,2028,995.333333333332,.,.
p127_utilitypv_class1_moderate_1,2028,1817.66666666667,.,.
p127_utilitypv_class1_moderate_2,2028,1817.66666666667,.,.
p127_offshorewind_class3_moderate_fixed_1_1,2028,2759.66666666667,.,.
p127_offshorewind_class3_moderate_fixed_1_2,2028,2759.66666666667,.,.
p127_offshorewind_class3_moderate_fixed_0_1,2028,2759.66666666667,.,.
p127_offshorewind_class3_moderate_fixed_0_2,2028,2759.66666666667,.,.
p128_naturalgas_1on1_combined_cycle_hframe_moderate_0,2028,738.333333333336,0.0466666666666669,.
p128_naturalgas_combustion_turbine_fframe_moderate_0,2028,463.333333333332,.,.
p128_utilityscale_battery_storage_lithium_ion_advanced_0,2028,570.666666666667,.,619.333333333333
p128_utilitypv_class1_moderate_1,2028,1817.66666666667,.,.
p128_offshorewind_class3_moderate_fixed_1_1,2028,2759.66666666667,.,.
p128_offshorewind_class3_moderate_fixed_1_2,2028,2759.66666666667,.,.
p128_offshorewind_class3_moderate_fixed_0_1,2028,2759.66666666667,.,.
p128_offshorewind_class3_moderate_fixed_0_2,2028,2759.66666666667,.,.
p129_naturalgas_1on1_combined_cycle_hframe_moderate_0,2028,738.333333333336,0.0466666666666669,.
p129_naturalgas_combustion_turbine_fframe_moderate_0,2028,463.333333333332,.,.
p129_utilityscale_battery_storage_lithium_ion_advanced_0,2028,570.666666666667,.,619.333333333333
p129_landbasedwind_class3_moderate_1,2028,995.333333333332,.,.
p129_landbasedwind_class3_moderate_2,2028,995.333333333332,.,.
p129_utilitypv_class1_moderate_1,2028,1817.66666666667,.,.
p129_utilitypv_class1_moderate_2,2028,1817.66666666667,.,.
p130_naturalgas_1on1_combined_cycle_hframe_moderate_0,2028,738.333333333336,0.0466666666666669,.
p130_naturalgas_combustion_turbine_fframe_moderate_0,2028,463.333333333332,.,.
p130_utilityscale_battery_storage_lithium_ion_advanced_0,2028,570.666666666667,.,619.333333333333
p130_landbasedwind_class3_moderate_1,2028,995.333333333332,.,.
p130_landbasedwind_class3_moderate_2,2028,995.333333333332,.,.
p130_utilitypv_class1_moderate_1,2028,1817.66666666667,.,.
p130_utilitypv_class1_moderate_2,2028,1817.66666666667,.,.
p131_naturalgas_1on1_combined_cycle_hframe_moderate_0,2028,738.333333333336,0.0466666666666669,.
p131_naturalgas_combustion_turbine_fframe_moderate_0,2028,463.333333333332,.,.
p131_utilityscale_battery_storage_lithium_ion_advanced_0,2028,570.666666666667,.,619.333333333333
p131_landbasedwind_class3_moderate_1,2028,995.333333333332,.,.
p131_landbasedwind_class3_moderate_2,2028,995.333333333332,.,.
p131_utilitypv_class1_moderate_1,2028,1817.66666666667,.,.
p131_utilitypv_class1_moderate_2,2028,1817.66666666667,.,.
p131_offshorewind_class3_moderate_fixed_1_1,2028,2759.66666666667,.,.
p131_offshorewind_class3_moderate_fixed_1_2,2028,2759.66666666667,.,.
p131_offshorewind_class3_moderate_fixed_0_1,2028,2759.66666666667,.,.
p131_offshorewind_class3_moderate_fixed_0_2,2028,2759.66666666667,.,.
p132_naturalgas_1on1_combined_cycle_hframe_moderate_0,2028,738.333333333336,0.0466666666666669,.
p132_naturalgas_combustion_turbine_fframe_moderate_0,2028,463.333333333332,.,.
p132_utilityscale_battery_storage_lithium_ion_advanced_0,2028,570.666666666667,.,619.333333333333
p132_landbasedwind_class3_moderate_1,2028,995.333333333332,.,.
p132_landbasedwind_class3_moderate_2,2028,995.333333333332,.,.
p132_utilitypv_class1_moderate_1,2028,1817.66666666667,.,.
p132_utilitypv_class1_moderate_2,2028,1817.66666666667,.,.
p132_offshorewind_class3_moderate_fixed_1_1,2028,2759.66666666667,.,.
p132_offshorewind_class3_moderate_fixed_1_2,2028,2759.66666666667,.,.
p132_offshorewind_class3_moderate_fixed_0_1,2028,2759.66666666667,.,.
p132_offshorewind_class3_moderate_fixed_0_2,2028,2759.66666666667,.,.
p133_naturalgas_1on1_combined_cycle_hframe_moderate_0,2028,738.333333333336,0.0466666666666669,.
p133_naturalgas_combustion_turbine_fframe_moderate_0,2028,463.333333333332,.,.
p133_utilityscale_battery_storage_lithium_ion_advanced_0,2028,570.666666666667,.,619.333333333333
p133_utilitypv_class1_moderate_1,2028,1817.66666666667,.,.
p133_utilitypv_class1_moderate_2,2028,1817.66666666667,.,.
p133_offshorewind_class3_moderate_fixed_1_1,2028,2759.66666666667,.,.
p133_offshorewind_class3_moderate_fixed_1_2,2028,2759.66666666667,.,.
p133_offshorewind_class3_moderate_fixed_0_1,2028,2759.66666666667,.,.
p133_offshorewind_class3_moderate_fixed_0_2,2028,2759.66666666667,.,.
p134_naturalgas_1on1_combined_cycle_hframe_moderate_0,2028,738.333333333336,0.0466666666666669,.
p134_naturalgas_combustion_turbine_fframe_moderate_0,2028,463.333333333332,.,.
p134_utilityscale_battery_storage_lithium_ion_advanced_0,2028,570.666666666667,.,619.333333333333
p134_landbasedwind_class3_moderate_1,2028,995.333333333332,.,.
p134_landbasedwind_class3_moderate_2,2028,995.333333333332,.,.
p134_utilitypv_class1_moderate_1,2028,1817.66666666667,.,.
p134_utilitypv_class1_moderate_2,2028,1817.66666666667,.,.
p134_offshorewind_class3_moderate_fixed_1_1,2028,2759.66666666667,.,.
p134_offshorewind_class3_moderate_fixed_1_2,2028,2759.66666666667,.,.
p134_offshorewind_class3_moderate_fixed_0_1,2028,2759.66666666667,.,.
p134_offshorewind_class3_moderate_fixed_0_2,2028,2759.66666666667,.,.
p10_conventional_steam_coal_1,2030,-161.333333333328,.,.
p10_conventional_steam_coal_2,2030,-161.333333333328,.,.
p10_other_peaker_1,2030,.,-0.0766666666666671,.
p101_biomass_1,2030,.,-0.00333333333333385,.
p101_conventional_steam_coal_1,2030,-161.666666666672,.,.
p101_conventional_steam_coal_2,2030,-161.666666666672,.,.
p101_natural_gas_fired_combustion_turbine_1,2030,3.33333333333394,.,.
p103_conventional_steam_coal_1,2030,-161.333333333328,.,.
p103_conventional_steam_coal_2,2030,-3723.33333333333,.,.
p105_conventional_steam_coal_1,2030,-161.666666666672,.,.
p107_conventional_steam_coal_1,2030,-161,.,.
p107_conventional_steam_coal_2,2030,-161.333333333328,.,.
p108_conventional_steam_coal_1,2030,-161,.,.
p109_conventional_steam_coal_1,2030,-161.666666666672,.,.
p109_conventional_steam_coal_2,2030,-161.333333333328,.,.
p111_conventional_steam_coal_1,2030,-161,.,.
p111_conventional_steam_coal_2,2030,-161.333333333328,.,.
p112_conventional_steam_coal_1,2030,-161.333333333328,.,.
p112_conventional_steam_coal_2,2030,-161,.,.
p115_conventional_steam_coal_1,2030,-161.333333333328,.,.
p115_conventional_steam_coal_2,2030,-161,.,.
p116_conventional_steam_coal_1,2030,-161,.,.
p116_conventional_steam_coal_2,2030,-161,.,.
p117_conventional_steam_coal_1,2030,-161.666666666672,.,.
p117_conventional_steam_coal_2,2030,-161,.,.
p118_conventional_steam_coal_1,2030,-161,.,.
p118_other_peaker_1,2030,.,-0.716666666666667,.
p12_conventional_steam_coal_1,2030,-161.333333333328,.,.
p12_conventional_steam_coal_2,2030,-161.333333333328,.,.
p122_conventional_steam_coal_1,2030,-161.666666666672,.,.
p122_conventional_steam_coal_2,2030,-161.333333333328,.,.
p123_petroleum_liquids_1,2030,.,0.633333333333333,.
p130_conventional_steam_coal_1,2030,-161,.,.
p130_conventional_steam_coal_2,2030,-161,.,.
p131_other_peaker_1,2030,.,-0.0166666666666675,.
p132_other_peaker_1,2030,.,-0.00333333333333208,.
p18_conventional_steam_coal_1,2030,-161,.,.
p20_conventional_steam_coal_1,2030,-161.666666666672,.,.
p20_conventional_steam_coal_2,2030,-161.666666666672,.,.
p21_conventional_steam_coal_1,2030,-161,.,.
p21_conventional_steam_coal_2,2030,-161,.,.
p23_conventional_steam_coal_1,2030,-161.666666666672,.,.
p23_conventional_steam_coal_2,2030,-161.666666666672,.,.
p24_conventional_steam_coal_1,2030,-161.666666666672,.,.
p24_conventional_steam_coal_2,2030,-161.666666666672,.,.
p25_conventional_steam_coal_1,2030,-161,.,.
p25_conventional_steam_coal_2,2030,-161,.,.
p25_natural_gas_fired_combustion_turbine_1,2030,-116.666666666666,.,.
p25_other_peaker_1,2030,.,1.07,.
p26_conventional_steam_coal_1,2030,-161.666666666672,.,.
p28_conventional_steam_coal_1,2030,-161.333333333328,.,.
p29_conventional_steam_coal_1,2030,147.333333333328,.,.
p29_conventional_steam_coal_2,2030,-161.666666666672,.,.
p31_conventional_steam_coal_1,2030,-161,.,.
p31_conventional_steam_coal_2,2030,-161.666666666672,.,.
p31_other_peaker_1,2030,.,-0.313333333333334,.
p33_conventional_steam_coal_1,2030,1017.66666666667,.,.
p34_conventional_steam_coal_2,2030,-161.666666666672,.,.
p36_conventional_steam_coal_1,2030,-161,.,.
p36_conventional_steam_coal_2,2030,-161,.,.
p37_conventional_steam_coal_1,2030,-161.333333333328,.,.
p37_conventional_steam_coal_2,2030,-161,.,.
p38_conventional_steam_coal_1,2030,-161.333333333328,.,.
p40_conventional_steam_coal_1,2030,-161.666666666672,.,.
p40_conventional_steam_coal_2,2030,-161,.,.
p41_conventional_steam_coal_1,2030,-161.666666666672,.,.
p41_conventional_steam_coal_2,2030,-161.333333333328,.,.
p42_conventional_steam_coal_1,2030,-161.333333333328,.,.
p43_conventional_steam_coal_1,2030,-161.333333333328,.,.
p43_conventional_steam_coal_2,2030,-457,.,.
p44_conventional_steam_coal_1,2030,-161.333333333328,.,.
p45_conventional_steam_coal_1,2030,-161.333333333328,.,.
p45_conventional_steam_coal_2,2030,-161,.,.
p46_biomass_1,2030,.,0.00333333333333297,.
p46_conventional_steam_coal_1,2030,-161.333333333328,.,.
p46_petroleum_liquids_1,2030,.,-1.69666666666667,.
p48_conventional_steam_coal_2,2030,-161.666666666672,.,.
p48_other_peaker_1,2030,.,-0.04,.
p50_conventional_steam_coal_1,2030,-161,.,.
p50_conventional_steam_coal_2,2030,-161.666666666672,.,.
p50_natural_gas_fired_combustion_turbine_1,2030,-24,.,.
p51_conventional_steam_coal_1,2030,-161,.,.
p52_conventional_steam_coal_1,2030,-161.333333333328,.,.
p53_conventional_steam_coal_1,2030,-161.333333333328,.,.
p53_conventional_steam_coal_2,2030,-161,.,.
p54_conventional_steam_coal_1,2030,-161,.,.
p54_conventional_steam_coal_2,2030,-161.333333333328,.,.
p54_other_peaker_1,2030,.,-0.086666666666666,.
p55_conventional_steam_coal_1,2030,-161,.,.
p55_conventional_steam_coal_2,2030,-161.666666666672,.,.
p55_natural_gas_fired_combustion_turbine_1,2030,-137.666666666666,.,.
p56_conventional_steam_coal_1,2030,-161.666666666672,.,.
p57_conventional_steam_coal_1,2030,-161.333333333328,.,.
p57_conventional_steam_coal_2,2030,-161,.,.
p58_conventional_steam_coal_1,2030,-161.666666666672,.,.
p58_conventional_steam_coal_2,2030,-161,.,.
p58_other_peaker_1,2030,.,-0.143333333333333,.
p59_natural_gas_fired_combustion_turbine_1,2030,-136.333333333334,.,.
p59_other_peaker_1,2030,.,1.06666666666667,.
p63_conventional_steam_coal_1,2030,-161.666666666672,.,.
p63_conventional_steam_coal_2,2030,-161.666666666672,.,.
p64_conventional_steam_coal_1,2030,-161,.,.
p64_conventional_steam_coal_2,2030,-161.333333333328,.,.
p65_conventional_steam_coal_1,2030,-161,.,.
p65_conventional_steam_coal_2,2030,-161.666666666672,.,.
p65_other_peaker_1,2030,.,0.0233333333333334,.
p66_other_peaker_1,2030,.,0.00333333333333297,.
p67_conventional_steam_coal_1,2030,-161,.,.
p67_conventional_steam_coal_2,2030,-161.666666666672,.,.
p70_conventional_steam_coal_1,2030,-161.333333333328,.,.
p70_conventional_steam_coal_2,2030,-161.666666666672,.,.
p70_natural_gas_fired_combustion_turbine_1,2030,-33,.,.
p72_conventional_steam_coal_1,2030,-161,.,.
p72_conventional_steam_coal_2,2030,-161.666666666672,.,.
p74_conventional_steam_coal_1,2030,-161.333333333328,.,.
p75_conventional_steam_coal_1,2030,-161,.,.
p75_conventional_steam_coal_2,2030,-161,.,.
p76_conventional_steam_coal_1,2030,-161.333333333328,.,.
p79_conventional_steam_coal_1,2030,-161,.,.
p79_conventional_steam_coal_2,2030,-161.333333333328,.,.
p81_conventional_steam_coal_1,2030,-161.333333333328,.,.
p81_conventional_steam_coal_2,2030,-161,.,.
p82_conventional_steam_coal_1,2030,-161,.,.
p82_conventional_steam_coal_2,2030,-161.666666666672,.,.
p83_conventional_steam_coal_1,2030,-161.333333333328,.,.
p84_conventional_steam_coal_1,2030,-161.666666666672,.,.
p84_conventional_steam_coal_2,2030,-161.333333333328,.,.
p85_conventional_steam_coal_1,2030,-161,.,.
p85_conventional_steam_coal_2,2030,-161.333333333328,.,.
p87_other_peaker_1,2030,.,0.0633333333333335,.
p88_conventional_steam_coal_1,2030,-161,.,.
p89_conventional_steam_coal_1,2030,-161.666666666672,.,.
p89_conventional_steam_coal_2,2030,-161,.,.
p90_conventional_steam_coal_1,2030,-161,.,.
p90_conventional_steam_coal_2,2030,-161.333333333328,.,.
p92_conventional_steam_coal_2,2030,-100,.,.
p92_natural_gas_fired_combustion_turbine_1,2030,-10,.,.
p93_conventional_steam_coal_1,2030,-161,.,.
p93_conventional_steam_coal_2,2030,-209,.,.
p94_conventional_steam_coal_1,2030,-161,.,.
p94_conventional_steam_coal_2,2030,-161,.,.
p96_conventional_steam_coal_2,2030,-161,.,.
p96_petroleum_liquids_1,2030,.,0.723333333333333,.
p97_conventional_steam_coal_1,2030,-161,.,.
p97_conventional_steam_coal_2,2030,-83.3333333333285,.,.
p97_other_peaker_1,2030,.,0.00999999999999979,.
p98_conventional_steam_coal_1,2030,-161,.,.
p98_conventional_steam_coal_2,2030,-161,.,.
p99_conventional_steam_coal_1,2030,-161.333333333328,.,.
p99_conventional_steam_coal_2,2030,-161,.,.
p1_naturalgas_1on1_combined_cycle_hframe_moderate_0,2030,381.333333333336,0.00666666666666682,.
p1_naturalgas_combustion_turbine_fframe_moderate_0,2030,52.3333333333321,.,.
p1_utilityscale_battery_storage_lithium_ion_advanced_0,2030,-83.333333333333,.,-99.666666666667
p1_landbasedwind_class3_moderate_1,2030,-68.6666666666679,.,.
p1_landbasedwind_class3_moderate_2,2030,-68.6666666666679,.,.
p1_utilitypv_class1_moderate_1,2030,207.666666666668,.,.
p1_utilitypv_class1_moderate_2,2030,207.666666666668,.,.
p1_offshorewind_class3_moderate_fixed_1_1,2030,341.666666666672,.,.
p1_offshorewind_class3_moderate_fixed_1_2,2030,341.666666666672,.,.
p1_offshorewind_class3_moderate_fixed_0_1,2030,341.666666666672,.,.
p1_offshorewind_class3_moderate_fixed_0_2,2030,341.666666666672,.,.
p1_offshorewind_class12_moderate_floating_0_1,2030,2135.5,.,.
p1_offshorewind_class12_moderate_floating_0_2,2030,2135.5,.,.
p2_naturalgas_1on1_combined_cycle_hframe_moderate_0,2030,381.333333333336,0.00666666666666682,.
p2_naturalgas_combustion_turbine_fframe_moderate_0,2030,52.3333333333321,.,.
p2_utilityscale_battery_storage_lithium_ion_advanced_0,2030,-83.333333333333,.,-99.666666666667
p2_landbasedwind_class3_moderate_1,2030,-68.6666666666679,.,.
p2_landbasedwind_class3_moderate_2,2030,-68.6666666666679,.,.
p2_utilitypv_class1_moderate_1,2030,207.666666666668,.,.
p2_utilitypv_class1_moderate_2,2030,207.666666666668,.,.
p3_naturalgas_1on1_combined_cycle_hframe_moderate_0,2030,381.333333333336,0.00666666666666682,.
p3_naturalgas_combustion_turbine_fframe_moderate_0,2030,52.3333333333321,.,.
p3_utilityscale_battery_storage_lithium_ion_advanced_0,2030,-83.333333333333,.,-99.666666666667
p3_landbasedwind_class3_moderate_1,2030,-68.6666666666679,.,.
p3_landbasedwind_class3_moderate_2,2030,-68.6666666666679,.,.
p3_utilitypv_class1_moderate_1,2030,207.666666666668,.,.
p3_utilitypv_class1_moderate_2,2030,207.666666666668,.,.
p4_naturalgas_1on1_combined_cycle_hframe_moderate_0,2030,381.333333333336,0.00666666666666682,.
p4_naturalgas_combustion_turbine_fframe_moderate_0,2030,52.3333333333321,.,.
p4_utilityscale_battery_storage_lithium_ion_advanced_0,2030,-83.333333333333,.,-99.666666666667
p4_landbasedwind_class3_moderate_1,2030,-68.6666666666679,.,.
p4_landbasedwind_class3_moderate_2,2030,-68.6666666666679,.,.
p4_utilitypv_class1_moderate_1,2030,207.666666666668,.,.
p4_utilitypv_class1_moderate_2,2030,207.666666666668,.,.
p5_naturalgas_1on1_combined_cycle_hframe_moderate_0,2030,381.333333333336,0.00666666666666682,.
p5_naturalgas_combustion_turbine_fframe_moderate_0,2030,52.3333333333321,.,.
p5_utilityscale_battery_storage_lithium_ion_advanced_0,2030,-83.333333333333,.,-99.666666666667
p5_landbasedwind_class3_moderate_1,2030,-68.6666666666679,.,.
p5_landbasedwind_class3_moderate_2,2030,-68.6666666666679,.,.
p5_utilitypv_class1_moderate_1,2030,207.666666666668,.,.
p5_utilitypv_class1_moderate_2,2030,207.666666666668,.,.
p5_offshorewind_class3_moderate_fixed_1_1,2030,341.666666666672,.,.
p5_offshorewind_class3_moderate_fixed_1_2,2030,341.666666666672,.,.
p5_offshorewind_class3_moderate_fixed_0_1,2030,341.666666666672,.,.
p5_offshorewind_class3_moderate_fixed_0_2,2030,341.666666666672,.,.
p5_offshorewind_class12_moderate_floating_0_1,2030,2135.5,.,.
p5_offshorewind_class12_moderate_floating_0_2,2030,2135.5,.,.
p6_naturalgas_1on1_combined_cycle_hframe_moderate_0,2030,381.333333333336,0.00666666666666682,.
p6_naturalgas_combustion_turbine_fframe_moderate_0,2030,52.3333333333321,.,.
p6_utilityscale_battery_storage_lithium_ion_advanced_0,2030,-83.333333333333,.,-99.666666666667
p6_landbasedwind_class3_moderate_1,2030,-68.6666666666679,.,.
p6_landbasedwind_class3_moderate_2,2030,-68.6666666666679,.,.
p6_utilitypv_class1_moderate_1,2030,207.666666666668,.,.
p6_utilitypv_class1_moderate_2,2030,207.666666666668,.,.
p7_naturalgas_1on1_combined_cycle_hframe_moderate_0,2030,381.333333333336,0.00666666666666682,.
p7_naturalgas_combustion_turbine_fframe_moderate_0,2030,52.3333333333321,.,.
p7_utilityscale_battery_storage_lithium_ion_advanced_0,2030,-83.333333333333,.,-99.666666666667
p7_landbasedwind_class3_moderate_1,2030,-68.6666666666679,.,.
p7_landbasedwind_class3_moderate_2,2030,-68.6666666666679,.,.
p7_utilitypv_class1_moderate_1,2030,207.666666666668,.,.
p7_utilitypv_class1_moderate_2,2030,207.666666666668,.,.
p8_naturalgas_1on1_combined_cycle_hframe_moderate_0,2030,381.333333333336,0.00666666666666682,.
p8_naturalgas_combustion_turbine_fframe_moderate_0,2030,52.3333333333321,.,.
p8_utilityscale_battery_storage_lithium_ion_advanced_0,2030,-83.333333333333,.,-99.666666666667
p8_landbasedwind_class3_moderate_1,2030,-68.6666666666679,.,.
p8_landbasedwind_class3_moderate_2,2030,-68.6666666666679,.,.
p8_utilitypv_class1_moderate_1,2030,207.666666666668,.,.
p8_utilitypv_class1_moderate_2,2030,207.666666666668,.,.
p9_naturalgas_1on1_combined_cycle_hframe_moderate_0,2030,381.333333333336,0.00666666666666682,.
p9_naturalgas_combustion_turbine_fframe_moderate_0,2030,52.3333333333321,.,.
p9_utilityscale_battery_storage_lithium_ion_advanced_0,2030,-83.333333333333,.,-99.666666666667
p9_landbasedwind_class3_moderate_1,2030,-68.6666666666679,.,.
p9_landbasedwind_class3_moderate_2,2030,-68.6666666666679,.,.
p9_utilitypv_class1_moderate_1,2030,207.666666666668,.,.
p9_utilitypv_class1_moderate_2,2030,207.666666666668,.,.
p9_offshorewind_class3_moderate_fixed_1_1,2030,341.666666666672,.,.
p9_offshorewind_class3_moderate_fixed_1_2,2030,341.666666666672,.,.
p9_offshorewind_class3_moderate_fixed_0_1,2030,341.666666666672,.,.
p9_offshorewind_class3_moderate_fixed_0_2,2030,341.666666666672,.,.
p9_offshorewind_class12_moderate_floating_0_1,2030,2135.5,.,.
p9_offshorewind_class12_moderate_floating_0_2,2030,2135.5,.,.
p10_naturalgas_1on1_combined_cycle_hframe_moderate_0,2030,381.333333333336,0.00666666666666682,.
p10_naturalgas_combustion_turbine_fframe_moderate_0,2030,52.3333333333321,.,.
p10_utilityscale_battery_storage_lithium_ion_advanced_0,2030,-83.333333333333,.,-99.666666666667
p10_landbasedwind_class3_moderate_1,2030,-68.6666666666679,.,.
p10_landbasedwind_class3_moderate_2,2030,-68.6666666666679,.,.
p10_utilitypv_class1_moderate_1,2030,207.666666666668,.,.
p10_utilitypv_class1_moderate_2,2030,207.666666666668,.,.
p10_offshorewind_class3_moderate_fixed_1_1,2030,341.666666666672,.,.
p10_offshorewind_class3_moderate_fixed_1_2,2030,341.666666666672,.,.
p10_offshorewind_class3_moderate_fixed_0_1,2030,341.666666666672,.,.
p10_offshorewind_class3_moderate_fixed_0_2,2030,341.666666666672,.,.
p10_offshorewind_class12_moderate_floating_0_1,2030,2135.5,.,.
p10_offshorewind_class12_moderate_floating_0_2,2030,2135.5,.,.
p11_naturalgas_1on1_combined_cycle_hframe_moderate_0,2030,381.333333333336,0.00666666666666682,.
p11_naturalgas_combustion_turbine_fframe_moderate_0,2030,52.3333333333321,.,.
p11_utilityscale_battery_storage_lithium_ion_advanced_0,2030,-83.333333333333,.,-99.666666666667
p11_landbasedwind_class3_moderate_1,2030,-68.6666666666679,.,.
p11_landbasedwind_class3_moderate_2,2030,-68.6666666666679,.,.
p11_utilitypv_class1_moderate_1,2030,207.666666666668,.,.
p11_utilitypv_class1_moderate_2,2030,207.666666666668,.,.
p11_offshorewind_class3_moderate_fixed_1_1,2030,341.666666666672,.,.
p11_offshorewind_class3_moderate_fixed_1_2,2030,341.666666666672,.,.
p11_offshorewind_class3_moderate_fixed_0_1,2030,341.666666666672,.,.
p11_offshorewind_class3_moderate_fixed_0_2,2030,341.666666666672,.,.
p11_offshorewind_class12_moderate_floating_0_1,2030,2135.5,.,.
p11_offshorewind_class12_moderate_floating_0_2,2030,2135.5,.,.
p12_naturalgas_1on1_combined_cycle_hframe_moderate_0,2030,381.333333333336,0.00666666666666682,.
p12_naturalgas_combustion_turbine_fframe_moderate_0,2030,52.3333333333321,.,.
p12_utilityscale_battery_storage_lithium_ion_advanced_0,2030,-83.333333333333,.,-99.666666666667
p12_landbasedwind_class3_moderate_1,2030,-68.6666666666679,.,.
p12_landbasedwind_class3_moderate_2,2030,-68.6666666666679,.,.
p12_utilitypv_class1_moderate_1,2030,207.666666666668,.,.
p12_utilitypv_class1_moderate_2,2030,207.666666666668,.,.
p13_naturalgas_1on1_combined_cycle_hframe_moderate_0,2030,381.333333333336,0.00666666666666682,.
p13_naturalgas_combustion_turbine_fframe_moderate_0,2030,52.3333333333321,.,.
p13_utilityscale_battery_storage_lithium_ion_advanced_0,2030,-83.333333333333,.,-99.666666666667
p13_landbasedwind_class3_moderate_1,2030,-68.6666666666679,.,.
p13_landbasedwind_class3_moderate_2,2030,-68.6666666666679,.,.
p13_utilitypv_class1_moderate_1,2030,207.666666666668,.,.
p13_utilitypv_class1_moderate_2,2030,207.666666666668,.,.
p14_naturalgas_1on1_combined_cycle_hframe_moderate_0,2030,381.333333333336,0.00666666666666682,.
p14_naturalgas_combustion_turbine_fframe_moderate_0,2030,52.3333333333321,.,.
p14_utilityscale_battery_storage_lithium_ion_advanced_0,2030,-83.333333333333,.,-99.666666666667
p14_landbasedwind_class3_moderate_1,2030,-68.6666666666679,.,.
p14_landbasedwind_class3_moderate_2,2030,-68.6666666666679,.,.
p14_utilitypv_class1_moderate_1,2030,207.666666666668,.,.
p14_utilitypv_class1_moderate_2,2030,207.666666666668,.,.
p15_naturalgas_1on1_combined_cycle_hframe_moderate_0,2030,381.333333333336,0.00666666666666682,.
p15_naturalgas_combustion_turbine_fframe_moderate_0,2030,52.3333333333321,.,.
p15_utilityscale_battery_storage_lithium_ion_advanced_0,2030,-83.333333333333,.,-99.666666666667
p15_landbasedwind_class3_moderate_1,2030,-68.6666666666679,.,.
p15_landbasedwind_class3_moderate_2,2030,-68.6666666666679,.,.
p15_utilitypv_class1_moderate_1,2030,207.666666666668,.,.
p15_utilitypv_class1_moderate_2,2030,207.666666666668,.,.
p16_naturalgas_1on1_combined_cycle_hframe_moderate_0,2030,381.333333333336,0.00666666666666682,.
p16_naturalgas_combustion_turbine_fframe_moderate_0,2030,52.3333333333321,.,.
p16_utilityscale_battery_storage_lithium_ion_advanced_0,2030,-83.333333333333,.,-99.666666666667
p16_landbasedwind_class3_moderate_1,2030,-68.6666666666679,.,.
p16_landbasedwind_class3_moderate_2,2030,-68.6666666666679,.,.
p16_utilitypv_class1_moderate_1,2030,207.666666666668,.,.
p16_utilitypv_class1_moderate_2,2030,207.666666666668,.,.
p17_naturalgas_1on1_combined_cycle_hframe_moderate_0,2030,381.333333333336,0.00666666666666682,.
p17_naturalgas_combustion_turbine_fframe_moderate_0,2030,52.3333333333321,.,.
p17_utilityscale_battery_storage_lithium_ion_advanced_0,2030,-83.333333333333,.,-99.666666666667
p17_landbasedwind_class3_moderate_1,2030,-68.6666666666679,.,.
p17_landbasedwind_class3_moderate_2,2030,-68.6666666666679,.,.
p17_utilitypv_class1_moderate_1,2030,207.666666666668,.,.
p17_utilitypv_class1_moderate_2,2030,207.666666666668,.,.
p18_naturalgas_1on1_combined_cycle_hframe_moderate_0,2030,381.333333333336,0.00666666666666682,.
p18_naturalgas_combustion_turbine_fframe_moderate_0,2030,52.3333333333321,.,.
p18_utilityscale_battery_storage_lithium_ion_advanced_0,2030,-83.333333333333,.,-99.666666666667
p18_landbasedwind_class3_moderate_1,2030,-68.6666666666679,.,.
p18_landbasedwind_class3_moderate_2,2030,-68.6666666666679,.,.
p18_utilitypv_class1_moderate_1,2030,207.666666666668,.,.
p18_utilitypv_class1_moderate_2,2030,207.666666666668,.,.
p19_naturalgas_1on1_combined_cycle_hframe_moderate_0,2030,381.333333333336,0.00666666666666682,.
p19_naturalgas_combustion_turbine_fframe_moderate_0,2030,52.3333333333321,.,.
p19_utilityscale_battery_storage_lithium_ion_advanced_0,2030,-83.333333333333,.,-99.666666666667
p19_landbasedwind_class3_moderate_1,2030,-68.6666666666679,.,.
p19_landbasedwind_class3_moderate_2,2030,-68.6666666666679,.,.
p19_utilitypv_class1_moderate_1,2030,207.666666666668,.,.
p19_utilitypv_class1_moderate_2,2030,207.666666666668,.,.
p20_naturalgas_1on1_combined_cycle_hframe_moderate_0,2030,381.333333333336,0.00666666666666682,.
p20_naturalgas_combustion_turbine_fframe_moderate_0,2030,52.3333333333321,.,.
p20_utilityscale_battery_storage_lithium_ion_advanced_0,2030,-83.333333333333,.,-99.666666666667
p20_landbasedwind_class3_moderate_1,2030,-68.6666666666679,.,.
p20_landbasedwind_class3_moderate_2,2030,-68.6666666666679,.,.
p20_utilitypv_class1_moderate_1,2030,207.666666666668,.,.
p20_utilitypv_class1_moderate_2,2030,207.666666666668,.,.
p21_naturalgas_1on1_combined_cycle_hframe_moderate_0,2030,381.333333333336,0.00666666666666682,.
p21_naturalgas_combustion_turbine_fframe_moderate_0,2030,52.3333333333321,.,.
p21_utilityscale_battery_storage_lithium_ion_advanced_0,2030,-83.333333333333,.,-99.666666666667
p21_landbasedwind_class3_moderate_1,2030,-68.6666666666679,.,.
p21_landbasedwind_class3_moderate_2,2030,-68.6666666666679,.,.
p21_utilitypv_class1_moderate_1,2030,207.666666666668,.,.
p21_utilitypv_class1_moderate_2,2030,207.666666666668,.,.
p22_naturalgas_1on1_combined_cycle_hframe_moderate_0,2030,381.333333333336,0.00666666666666682,.
p22_naturalgas_combustion_turbine_fframe_moderate_0,2030,52.3333333333321,.,.
p22_utilityscale_battery_storage_lithium_ion_advanced_0,2030,-83.333333333333,.,-99.666666666667
p22_landbasedwind_class3_moderate_1,2030,-68.6666666666679,.,.
p22_landbasedwind_class3_moderate_2,2030,-68.6666666666679,.,.
p22_utilitypv_class1_moderate_1,2030,207.666666666668,.,.
p22_utilitypv_class1_moderate_2,2030,207.666666666668,.,.
p23_naturalgas_1on1_combined_cycle_hframe_moderate_0,2030,381.333333333336,0.00666666666666682,.
p23_naturalgas_combustion_turbine_fframe_moderate_0,2030,52.3333333333321,.,.
p23_utilityscale_battery_storage_lithium_ion_advanced_0,2030,-83.333333333333,.,-99.666666666667
p23_landbasedwind_class3_moderate_1,2030,-68.6666666666679,.,.
p23_landbasedwind_class3_moderate_2,2030,-68.6666666666679,.,.
p23_utilitypv_class1_moderate_1,2030,207.666666666668,.,.
p23_utilitypv_class1_moderate_2,2030,207.666666666668,.,.
p24_naturalgas_1on1_combined_cycle_hframe_moderate_0,2030,381.333333333336,0.00666666666666682,.
p24_naturalgas_combustion_turbine_fframe_moderate_0,2030,52.3333333333321,.,.
p24_utilityscale_battery_storage_lithium_ion_advanced_0,2030,-83.333333333333,.,-99.666666666667
p24_landbasedwind_class3_moderate_1,2030,-68.6666666666679,.,.
p24_landbasedwind_class3_moderate_2,2030,-68.6666666666679,.,.
p24_utilitypv_class1_moderate_1,2030,207.666666666668,.,.
p24_utilitypv_class1_moderate_2,2030,207.666666666668,.,.
p25_naturalgas_1on1_combined_cycle_hframe_moderate_0,2030,381.333333333336,0.00666666666666682,.
p25_naturalgas_combustion_turbine_fframe_moderate_0,2030,52.3333333333321,.,.
p25_utilityscale_battery_storage_lithium_ion_advanced_0,2030,-83.333333333333,.,-99.666666666667
p25_landbasedwind_class3_moderate_1,2030,-68.6666666666679,.,.
p25_landbasedwind_class3_moderate_2,2030,-68.6666666666679,.,.
p25_utilitypv_class1_moderate_1,2030,207.666666666668,.,.
p25_utilitypv_class1_moderate_2,2030,207.666666666668,.,.
p26_naturalgas_1on1_combined_cycle_hframe_moderate_0,2030,381.333333333336,0.00666666666666682,.
p26_naturalgas_combustion_turbine_fframe_moderate_0,2030,52.3333333333321,.,.
p26_utilityscale_battery_storage_lithium_ion_advanced_0,2030,-83.333333333333,.,-99.666666666667
p26_landbasedwind_class3_moderate_1,2030,-68.6666666666679,.,.
p26_landbasedwind_class3_moderate_2,2030,-68.6666666666679,.,.
p26_utilitypv_class1_moderate_1,2030,207.666666666668,.,.
p26_utilitypv_class1_moderate_2,2030,207.666666666668,.,.
p27_naturalgas_1on1_combined_cycle_hframe_moderate_0,2030,381.333333333336,0.00666666666666682,.
p27_naturalgas_combustion_turbine_fframe_moderate_0,2030,52.3333333333321,.,.
p27_utilityscale_battery_storage_lithium_ion_advanced_0,2030,-83.333333333333,.,-99.666666666667
p27_landbasedwind_class3_moderate_1,2030,-68.6666666666679,.,.
p27_landbasedwind_class3_moderate_2,2030,-68.6666666666679,.,.
p27_utilitypv_class1_moderate_1,2030,207.666666666668,.,.
p27_utilitypv_class1_moderate_2,2030,207.666666666668,.,.
p28_naturalgas_1on1_combined_cycle_hframe_moderate_0,2030,381.333333333336,0.00666666666666682,.
p28_naturalgas_combustion_turbine_fframe_moderate_0,2030,52.3333333333321,.,.
p28_utilityscale_battery_storage_lithium_ion_advanced_0,2030,-83.333333333333,.,-99.666666666667
p28_landbasedwind_class3_moderate_1,2030,-68.6666666666679,.,.
p28_landbasedwind_class3_moderate_2,2030,-68.6666666666679,.,.
p28_utilitypv_class1_moderate_1,2030,207.666666666668,.,.
p28_utilitypv_class1_moderate_2,2030,207.666666666668,.,.
p29_naturalgas_1on1_combined_cycle_hframe_moderate_0,2030,381.333333333336,0.00666666666666682,.
p29_naturalgas_combustion_turbine_fframe_moderate_0,2030,52.3333333333321,.,.
p29_utilityscale_battery_storage_lithium_ion_advanced_0,2030,-83.333333333333,.,-99.666666666667
p29_landbasedwind_class3_moderate_1,2030,-68.6666666666679,.,.
p29_landbasedwind_class3_moderate_2,2030,-68.6666666666679,.,.
p29_utilitypv_class1_moderate_1,2030,207.666666666668,.,.
p29_utilitypv_class1_moderate_2,2030,207.666666666668,.,.
p30_naturalgas_1on1_combined_cycle_hframe_moderate_0,2030,381.333333333336,0.00666666666666682,.
p30_naturalgas_combustion_turbine_fframe_moderate_0,2030,52.3333333333321,.,.
p30_utilityscale_battery_storage_lithium_ion_advanced_0,2030,-83.333333333333,.,-99.666666666667
p30_landbasedwind_class3_moderate_1,2030,-68.6666666666679,.,.
p30_landbasedwind_class3_moderate_2,2030,-68.6666666666679,.,.
p30_utilitypv_class1_moderate_1,2030,207.666666666668,.,.
p30_utilitypv_class1_moderate_2,2030,207.666666666668,.,.
p31_naturalgas_1on1_combined_cycle_hframe_moderate_0,2030,381.333333333336,0.00666666666666682,.
p31_naturalgas_combustion_turbine_fframe_moderate_0,2030,52.3333333333321,.,.
p31_utilityscale_battery_storage_lithium_ion_advanced_0,2030,-83.333333333333,.,-99.666666666667
p31_landbasedwind_class3_moderate_1,2030,-68.6666666666679,.,.
p31_landbasedwind_class3_moderate_2,2030,-68.6666666666679,.,.
p31_utilitypv_class1_moderate_1,2030,207.666666666668,.,.
p31_utilitypv_class1_moderate_2,2030,207.666666666668,.,.
p32_naturalgas_1on1_combined_cycle_hframe_moderate_0,2030,381.333333333336,0.00666666666666682,.
p32_naturalgas_combustion_turbine_fframe_moderate_0,2030,52.3333333333321,.,.
p32_utilityscale_battery_storage_lithium_ion_advanced_0,2030,-83.333333333333,.,-99.666666666667
p32_landbasedwind_class3_moderate_1,2030,-68.6666666666679,.,.
p32_landbasedwind_class3_moderate_2,2030,-68.6666666666679,.,.
p32_utilitypv_class1_moderate_1,2030,207.666666666668,.,.
p32_utilitypv_class1_moderate_2,2030,207.666666666668,.,.
p33_naturalgas_1on1_combined_cycle_hframe_moderate_0,2030,381.333333333336,0.00666666666666682,.
p33_naturalgas_combustion_turbine_fframe_moderate_0,2030,52.3333333333321,.,.
p33_utilityscale_battery_storage_lithium_ion_advanced_0,2030,-83.333333333333,.,-99.666666666667
p33_landbasedwind_class3_moderate_1,2030,-68.6666666666679,.,.
p33_landbasedwind_class3_moderate_2,2030,-68.6666666666679,.,.
p33_utilitypv_class1_moderate_1,2030,207.666666666668,.,.
p33_utilitypv_class1_moderate_2,2030,207.666666666668,.,.
p34_naturalgas_1on1_combined_cycle_hframe_moderate_0,2030,381.333333333336,0.00666666666666682,.
p34_naturalgas_combustion_turbine_fframe_moderate_0,2030,52.3333333333321,.,.
p34_utilityscale_battery_storage_lithium_ion_advanced_0,2030,-83.333333333333,.,-99.666666666667
p34_landbasedwind_class3_moderate_1,2030,-68.6666666666679,.,.
p34_landbasedwind_class3_moderate_2,2030,-68.6666666666679,.,.
p34_utilitypv_class1_moderate_1,2030,207.666666666668,.,.
p34_utilitypv_class1_moderate_2,2030,207.666666666668,.,.
p35_naturalgas_1on1_combined_cycle_hframe_moderate_0,2030,381.333333333336,0.00666666666666682,.
p35_naturalgas_combustion_turbine_fframe_moderate_0,2030,52.3333333333321,.,.
p35_utilityscale_battery_storage_lithium_ion_advanced_0,2030,-83.333333333333,.,-99.666666666667
p35_landbasedwind_class3_moderate_1,2030,-68.6666666666679,.,.
p35_landbasedwind_class3_moderate_2,2030,-68.6666666666679,.,.
p35_utilitypv_class1_moderate_1,2030,207.666666666668,.,.
p35_utilitypv_class1_moderate_2,2030,207.666666666668,.,.
p36_naturalgas_1on1_combined_cycle_hframe_moderate_0,2030,381.333333333336,0.00666666666666682,.
p36_naturalgas_combustion_turbine_fframe_moderate_0,2030,52.3333333333321,.,.
p36_utilityscale_battery_storage_lithium_ion_advanced_0,2030,-83.333333333333,.,-99.666666666667
p36_landbasedwind_class3_moderate_1,2030,-68.6666666666679,.,.
p36_landbasedwind_class3_moderate_2,2030,-68.6666666666679,.,.
p36_utilitypv_class1_moderate_1,2030,207.666666666668,.,.
p36_utilitypv_class1_moderate_2,2030,207.666666666668,.,.
p37_naturalgas_1on1_combined_cycle_hframe_moderate_0,2030,381.333333333336,0.00666666666666682,.
p37_naturalgas_combustion_turbine_fframe_moderate_0,2030,52.3333333333321,.,.
p37_utilityscale_battery_storage_lithium_ion_advanced_0,2030,-83.333333333333,.,-99.666666666667
p37_landbasedwind_class3_moderate_1,2030,-68.6666666666679,.,.
p37_landbasedwind_class3_moderate_2,2030,-68.6666666666679,.,.
p37_utilitypv_class1_moderate_1,2030,207.666666666668,.,.
p37_utilitypv_class1_moderate_2,2030,207.666666666668,.,.
p37_offshorewind_class3_moderate_fixed_1_1,2030,341.666666666672,.,.
p37_offshorewind_class3_moderate_fixed_1_2,2030,341.666666666672,.,.
p37_offshorewind_class3_moderate_fixed_0_1,2030,341.666666666672,.,.
p37_offshorewind_class3_moderate_fixed_0_2,2030,341.666666666672,.,.
p37_offshorewind_class12_moderate_floating_0_1,2030,2135.5,.,.
p37_offshorewind_class12_moderate_floating_0_2,2030,2135.5,.,.
p38_naturalgas_1on1_combined_cycle_hframe_moderate_0,2030,381.333333333336,0.00666666666666682,.
p38_naturalgas_combustion_turbine_fframe_moderate_0,2030,52.3333333333321,.,.
p38_utilityscale_battery_storage_lithium_ion_advanced_0,2030,-83.333333333333,.,-99.666666666667
p38_landbasedwind_class3_moderate_1,2030,-68.6666666666679,.,.
p38_landbasedwind_class3_moderate_2,2030,-68.6666666666679,.,.
p38_utilitypv_class1_moderate_1,2030,207.666666666668,.,.
p38_utilitypv_class1_moderate_2,2030,207.666666666668,.,.
p39_naturalgas_1on1_combined_cycle_hframe_moderate_0,2030,381.333333333336,0.00666666666666682,.
p39_naturalgas_combustion_turbine_fframe_moderate_0,2030,52.3333333333321,.,.
p39_utilityscale_battery_storage_lithium_ion_advanced_0,2030,-83.333333333333,.,-99.666666666667
p39_landbasedwind_class3_moderate_1,2030,-68.6666666666679,.,.
p39_landbasedwind_class3_moderate_2,2030,-68.6666666666679,.,.
p39_utilitypv_class1_moderate_1,2030,207.666666666668,.,.
p39_utilitypv_class1_moderate_2,2030,207.666666666668,.,.
p40_naturalgas_1on1_combined_cycle_hframe_moderate_0,2030,381.333333333336,0.00666666666666682,.
p40_naturalgas_combustion_turbine_fframe_moderate_0,2030,52.3333333333321,.,.
p40_utilityscale_battery_storage_lithium_ion_advanced_0,2030,-83.333333333333,.,-99.666666666667
p40_landbasedwind_class3_moderate_1,2030,-68.6666666666679,.,.
p40_landbasedwind_class3_moderate_2,2030,-68.6666666666679,.,.
p40_utilitypv_class1_moderate_1,2030,207.666666666668,.,.
p40_utilitypv_class1_moderate_2,2030,207.666666666668,.,.
p41_naturalgas_1on1_combined_cycle_hframe_moderate_0,2030,381.333333333336,0.00666666666666682,.
p41_naturalgas_combustion_turbine_fframe_moderate_0,2030,52.3333333333321,.,.
p41_utilityscale_battery_storage_lithium_ion_advanced_0,2030,-83.333333333333,.,-99.666666666667
p41_landbasedwind_class3_moderate_1,2030,-68.6666666666679,.,.
p41_landbasedwind_class3_moderate_2,2030,-68.6666666666679,.,.
p41_utilitypv_class1_moderate_1,2030,207.666666666668,.,.
p41_utilitypv_class1_moderate_2,2030,207.666666666668,.,.
p42_naturalgas_1on1_combined_cycle_hframe_moderate_0,2030,381.333333333336,0.00666666666666682,.
p42_naturalgas_combustion_turbine_fframe_moderate_0,2030,52.3333333333321,.,.
p42_utilityscale_battery_storage_lithium_ion_advanced_0,2030,-83.333333333333,.,-99.666666666667
p42_landbasedwind_class3_moderate_1,2030,-68.6666666666679,.,.
p42_landbasedwind_class3_moderate_2,2030,-68.6666666666679,.,.
p42_utilitypv_class1_moderate_1,2030,207.666666666668,.,.
p42_utilitypv_class1_moderate_2,2030,207.666666666668,.,.
p43_naturalgas_1on1_combined_cycle_hframe_moderate_0,2030,381.333333333336,0.00666666666666682,.
p43_naturalgas_combustion_turbine_fframe_moderate_0,2030,52.3333333333321,.,.
p43_utilityscale_battery_storage_lithium_ion_advanced_0,2030,-83.333333333333,.,-99.666666666667
p43_landbasedwind_class3_moderate_1,2030,-68.6666666666679,.,.
p43_landbasedwind_class3_moderate_2,2030,-68.6666666666679,.,.
p43_utilitypv_class1_moderate_1,2030,207.666666666668,.,.
p43_utilitypv_class1_moderate_2,2030,207.666666666668,.,.
p43_offshorewind_class3_moderate_fixed_1_1,2030,341.666666666672,.,.
p43_offshorewind_class3_moderate_fixed_1_2,2030,341.666666666672,.,.
p43_offshorewind_class3_moderate_fixed_0_1,2030,341.666666666672,.,.
p43_offshorewind_class3_moderate_fixed_0_2,2030,341.666666666672,.,.
p43_offshorewind_class12_moderate_floating_0_1,2030,2135.5,.,.
p43_offshorewind_class12_moderate_floating_0_2,2030,2135.5,.,.
p44_naturalgas_1on1_combined_cycle_hframe_moderate_0,2030,381.333333333336,0.00666666666666682,.
p44_naturalgas_combustion_turbine_fframe_moderate_0,2030,52.3333333333321,.,.
p44_utilityscale_battery_storage_lithium_ion_advanced_0,2030,-83.333333333333,.,-99.666666666667
p44_landbasedwind_class3_moderate_1,2030,-68.6666666666679,.,.
p44_landbasedwind_class3_moderate_2,2030,-68.6666666666679,.,.
p44_utilitypv_class1_moderate_1,2030,207.666666666668,.,.
p44_utilitypv_class1_moderate_2,2030,207.666666666668,.,.
p45_naturalgas_1on1_combined_cycle_hframe_moderate_0,2030,381.333333333336,0.00666666666666682,.
p45_naturalgas_combustion_turbine_fframe_moderate_0,2030,52.3333333333321,.,.
p45_utilityscale_battery_storage_lithium_ion_advanced_0,2030,-83.333333333333,.,-99.666666666667
p45_landbasedwind_class3_moderate_1,2030,-68.6666666666679,.,.
p45_landbasedwind_class3_moderate_2,2030,-68.6666666666679,.,.
p45_utilitypv_class1_moderate_1,2030,207.666666666668,.,.
p45_utilitypv_class1_moderate_2,2030,207.666666666668,.,.
p46_naturalgas_1on1_combined_cycle_hframe_moderate_0,2030,381.333333333336,0.00666666666666682,.
p46_naturalgas_combustion_turbine_fframe_moderate_0,2030,52.3333333333321,.,.
p46_utilityscale_battery_storage_lithium_ion_advanced_0,2030,-83.333333333333,.,-99.666666666667
p46_landbasedwind_class3_moderate_1,2030,-68.6666666666679,.,.
p46_landbasedwind_class3_moderate_2,2030,-68.6666666666679,.,.
p46_utilitypv_class1_moderate_1,2030,207.666666666668,.,.
p46_utilitypv_class1_moderate_2,2030,207.666666666668,.,.
p47_naturalgas_1on1_combined_cycle_hframe_moderate_0,2030,381.333333333336,0.00666666666666682,.
p47_naturalgas_combustion_turbine_fframe_moderate_0,2030,52.3333333333321,.,.
p47_utilityscale_battery_storage_lithium_ion_advanced_0,2030,-83.333333333333,.,-99.666666666667
p47_landbasedwind_class3_moderate_1,2030,-68.6666666666679,.,.
p47_landbasedwind_class3_moderate_2,2030,-68.6666666666679,.,.
p47_utilitypv_class1_moderate_1,2030,207.666666666668,.,.
p47_utilitypv_class1_moderate_2,2030,207.666666666668,.,.
p48_naturalgas_1on1_combined_cycle_hframe_moderate_0,2030,381.333333333336,0.00666666666666682,.
p48_naturalgas_combustion_turbine_fframe_moderate_0,2030,52.3333333333321,.,.
p48_utilityscale_battery_storage_lithium_ion_advanced_0,2030,-83.333333333333,.,-99.666666666667
p48_landbasedwind_class3_moderate_1,2030,-68.6666666666679,.,.
p48_landbasedwind_class3_moderate_2,2030,-68.6666666666679,.,.
p48_utilitypv_class1_moderate_1,2030,207.666666666668,.,.
p48_utilitypv_class1_moderate_2,2030,207.666666666668,.,.
p49_naturalgas_1on1_combined_cycle_hframe_moderate_0,2030,381.333333333336,0.00666666666666682,.
p49_naturalgas_combustion_turbine_fframe_moderate_0,2030,52.3333333333321,.,.
p49_utilityscale_battery_storage_lithium_ion_advanced_0,2030,-83.333333333333,.,-99.666666666667
p49_landbasedwind_class3_moderate_1,2030,-68.6666666666679,.,.
p49_landbasedwind_class3_moderate_2,2030,-68.6666666666679,.,.
p49_utilitypv_class1_moderate_1,2030,207.666666666668,.,.
p49_utilitypv_class1_moderate_2,2030,207.666666666668,.,.
p50_naturalgas_1on1_combined_cycle_hframe_moderate_0,2030,381.333333333336,0.00666666666666682,.
p50_naturalgas_combustion_turbine_fframe_moderate_0,2030,52.3333333333321,.,.
p50_utilityscale_battery_storage_lithium_ion_advanced_0,2030,-83.333333333333,.,-99.666666666667
p50_landbasedwind_class3_moderate_1,2030,-68.6666666666679,.,.
p50_landbasedwind_class3_moderate_2,2030,-68.6666666666679,.,.
p50_utilitypv_class1_moderate_1,2030,207.666666666668,.,.
p50_utilitypv_class1_moderate_2,2030,207.666666666668,.,.
p51_naturalgas_1on1_combined_cycle_hframe_moderate_0,2030,381.333333333336,0.00666666666666682,.
p51_naturalgas_combustion_turbine_fframe_moderate_0,2030,52.3333333333321,.,.
p51_utilityscale_battery_storage_lithium_ion_advanced_0,2030,-83.333333333333,.,-99.666666666667
p51_landbasedwind_class3_moderate_1,2030,-68.6666666666679,.,.
p51_landbasedwind_class3_moderate_2,2030,-68.6666666666679,.,.
p51_utilitypv_class1_moderate_1,2030,207.666666666668,.,.
p51_utilitypv_class1_moderate_2,2030,207.666666666668,.,.
p52_naturalgas_1on1_combined_cycle_hframe_moderate_0,2030,381.333333333336,0.00666666666666682,.
p52_naturalgas_combustion_turbine_fframe_moderate_0,2030,52.3333333333321,.,.
p52_utilityscale_battery_storage_lithium_ion_advanced_0,2030,-83.333333333333,.,-99.666666666667
p52_landbasedwind_class3_moderate_1,2030,-68.6666666666679,.,.
p52_landbasedwind_class3_moderate_2,2030,-68.6666666666679,.,.
p52_utilitypv_class1_moderate_1,2030,207.666666666668,.,.
p52_utilitypv_class1_moderate_2,2030,207.666666666668,.,.
p53_naturalgas_1on1_combined_cycle_hframe_moderate_0,2030,381.333333333336,0.00666666666666682,.
p53_naturalgas_combustion_turbine_fframe_moderate_0,2030,52.3333333333321,.,.
p53_utilityscale_battery_storage_lithium_ion_advanced_0,2030,-83.333333333333,.,-99.666666666667
p53_landbasedwind_class3_moderate_1,2030,-68.6666666666679,.,.
p53_landbasedwind_class3_moderate_2,2030,-68.6666666666679,.,.
p53_utilitypv_class1_moderate_1,2030,207.666666666668,.,.
p53_utilitypv_class1_moderate_2,2030,207.666666666668,.,.
p54_naturalgas_1on1_combined_cycle_hframe_moderate_0,2030,381.333333333336,0.00666666666666682,.
p54_naturalgas_combustion_turbine_fframe_moderate_0,2030,52.3333333333321,.,.
p54_utilityscale_battery_storage_lithium_ion_advanced_0,2030,-83.333333333333,.,-99.666666666667
p54_landbasedwind_class3_moderate_1,2030,-68.6666666666679,.,.
p54_landbasedwind_class3_moderate_2,2030,-68.6666666666679,.,.
p54_utilitypv_class1_moderate_1,2030,207.666666666668,.,.
p54_utilitypv_class1_moderate_2,2030,207.666666666668,.,.
p55_naturalgas_1on1_combined_cycle_hframe_moderate_0,2030,381.333333333336,0.00666666666666682,.
p55_naturalgas_combustion_turbine_fframe_moderate_0,2030,52.3333333333321,.,.
p55_utilityscale_battery_storage_lithium_ion_advanced_0,2030,-83.333333333333,.,-99.666666666667
p55_landbasedwind_class3_moderate_1,2030,-68.6666666666679,.,.
p55_landbasedwind_class3_moderate_2,2030,-68.6666666666679,.,.
p55_utilitypv_class1_moderate_1,2030,207.666666666668,.,.
p55_utilitypv_class1_moderate_2,2030,207.666666666668,.,.
p56_naturalgas_1on1_combined_cycle_hframe_moderate_0,2030,381.333333333336,0.00666666666666682,.
p56_naturalgas_combustion_turbine_fframe_moderate_0,2030,52.3333333333321,.,.
p56_utilityscale_battery_storage_lithium_ion_advanced_0,2030,-83.333333333333,.,-99.666666666667
p56_landbasedwind_class3_moderate_1,2030,-68.6666666666679,.,.
p56_landbasedwind_class3_moderate_2,2030,-68.6666666666679,.,.
p56_utilitypv_class1_moderate_1,2030,207.666666666668,.,.
p56_utilitypv_class1_moderate_2,2030,207.666666666668,.,.
p57_naturalgas_1on1_combined_cycle_hframe_moderate_0,2030,381.333333333336,0.00666666666666682,.
p57_naturalgas_combustion_turbine_fframe_moderate_0,2030,52.3333333333321,.,.
p57_utilityscale_battery_storage_lithium_ion_advanced_0,2030,-83.333333333333,.,-99.666666666667
p57_landbasedwind_class3_moderate_1,2030,-68.6666666666679,.,.
p57_landbasedwind_class3_moderate_2,2030,-68.6666666666679,.,.
p57_utilitypv_class1_moderate_1,2030,207.666666666668,.,.
p57_utilitypv_class1_moderate_2,2030,207.666666666668,.,.
p58_naturalgas_1on1_combined_cycle_hframe_moderate_0,2030,381.333333333336,0.00666666666666682,.
p58_naturalgas_combustion_turbine_fframe_moderate_0,2030,52.3333333333321,.,.
p58_utilityscale_battery_storage_lithium_ion_advanced_0,2030,-83.333333333333,.,-99.666666666667
p58_landbasedwind_class3_moderate_1,2030,-68.6666666666679,.,.
p58_landbasedwind_class3_moderate_2,2030,-68.6666666666679,.,.
p58_utilitypv_class1_moderate_1,2030,207.666666666668,.,.
p58_utilitypv_class1_moderate_2,2030,207.666666666668,.,.
p58_offshorewind_class3_moderate_fixed_1_1,2030,341.666666666672,.,.
p58_offshorewind_class3_moderate_fixed_1_2,2030,341.666666666672,.,.
p58_offshorewind_class3_moderate_fixed_0_1,2030,341.666666666672,.,.
p58_offshorewind_class3_moderate_fixed_0_2,2030,341.666666666672,.,.
p58_offshorewind_class12_moderate_floating_0_1,2030,2135.5,.,.
p58_offshorewind_class12_moderate_floating_0_2,2030,2135.5,.,.
p59_naturalgas_1on1_combined_cycle_hframe_moderate_0,2030,381.333333333336,0.00666666666666682,.
p59_naturalgas_combustion_turbine_fframe_moderate_0,2030,52.3333333333321,.,.
p59_utilityscale_battery_storage_lithium_ion_advanced_0,2030,-83.333333333333,.,-99.666666666667
p59_landbasedwind_class3_moderate_1,2030,-68.6666666666679,.,.
p59_landbasedwind_class3_moderate_2,2030,-68.6666666666679,.,.
p59_utilitypv_class1_moderate_1,2030,207.666666666668,.,.
p59_utilitypv_class1_moderate_2,2030,207.666666666668,.,.
p60_naturalgas_1on1_combined_cycle_hframe_moderate_0,2030,381.333333333336,0.00666666666666682,.
p60_naturalgas_combustion_turbine_fframe_moderate_0,2030,52.3333333333321,.,.
p60_utilityscale_battery_storage_lithium_ion_advanced_0,2030,-83.333333333333,.,-99.666666666667
p60_landbasedwind_class3_moderate_1,2030,-68.6666666666679,.,.
p60_landbasedwind_class3_moderate_2,2030,-68.6666666666679,.,.
p60_utilitypv_class1_moderate_1,2030,207.666666666668,.,.
p60_utilitypv_class1_moderate_2,2030,207.666666666668,.,.
p61_naturalgas_1on1_combined_cycle_hframe_moderate_0,2030,381.333333333336,0.00666666666666682,.
p61_naturalgas_combustion_turbine_fframe_moderate_0,2030,52.3333333333321,.,.
p61_utilityscale_battery_storage_lithium_ion_advanced_0,2030,-83.333333333333,.,-99.666666666667
p61_landbasedwind_class3_moderate_1,2030,-68.6666666666679,.,.
p61_landbasedwind_class3_moderate_2,2030,-68.6666666666679,.,.
p61_utilitypv_class1_moderate_1,2030,207.666666666668,.,.
p61_utilitypv_class1_moderate_2,2030,207.666666666668,.,.
p62_naturalgas_1on1_combined_cycle_hframe_moderate_0,2030,381.333333333336,0.00666666666666682,.
p62_naturalgas_combustion_turbine_fframe_moderate_0,2030,52.3333333333321,.,.
p62_utilityscale_battery_storage_lithium_ion_advanced_0,2030,-83.333333333333,.,-99.666666666667
p62_landbasedwind_class3_moderate_1,2030,-68.6666666666679,.,.
p62_landbasedwind_class3_moderate_2,2030,-68.6666666666679,.,.
p62_utilitypv_class1_moderate_1,2030,207.666666666668,.,.
p62_utilitypv_class1_moderate_2,2030,207.666666666668,.,.
p63_naturalgas_1on1_combined_cycle_hframe_moderate_0,2030,381.333333333336,0.00666666666666682,.
p63_naturalgas_combustion_turbine_fframe_moderate_0,2030,52.3333333333321,.,.
p63_utilityscale_battery_storage_lithium_ion_advanced_0,2030,-83.333333333333,.,-99.666666666667
p63_landbasedwind_class3_moderate_1,2030,-68.6666666666679,.,.
p63_landbasedwind_class3_moderate_2,2030,-68.6666666666679,.,.
p63_utilitypv_class1_moderate_1,2030,207.666666666668,.,.
p63_utilitypv_class1_moderate_2,2030,207.666666666668,.,.
p64_naturalgas_1on1_combined_cycle_hframe_moderate_0,2030,381.333333333336,0.00666666666666682,.
p64_naturalgas_combustion_turbine_fframe_moderate_0,2030,52.3333333333321,.,.
p64_utilityscale_battery_storage_lithium_ion_advanced_0,2030,-83.333333333333,.,-99.666666666667
p64_landbasedwind_class3_moderate_1,2030,-68.6666666666679,.,.
p64_landbasedwind_class3_moderate_2,2030,-68.6666666666679,.,.
p64_utilitypv_class1_moderate_1,2030,207.666666666668,.,.
p64_utilitypv_class1_moderate_2,2030,207.666666666668,.,.
p64_offshorewind_class3_moderate_fixed_1_1,2030,341.666666666672,.,.
p64_offshorewind_class3_moderate_fixed_1_2,2030,341.666666666672,.,.
p64_offshorewind_class3_moderate_fixed_0_1,2030,341.666666666672,.,.
p64_offshorewind_class3_moderate_fixed_0_2,2030,341.666666666672,.,.
p64_offshorewind_class12_moderate_floating_0_1,2030,2135.5,.,.
p64_offshorewind_class12_moderate_floating_0_2,2030,2135.5,.,.
p65_naturalgas_1on1_combined_cycle_hframe_moderate_0,2030,381.333333333336,0.00666666666666682,.
p65_naturalgas_combustion_turbine_fframe_moderate_0,2030,52.3333333333321,.,.
p65_utilityscale_battery_storage_lithium_ion_advanced_0,2030,-83.333333333333,.,-99.666666666667
p65_landbasedwind_class3_moderate_1,2030,-68.6666666666679,.,.
p65_landbasedwind_class3_moderate_2,2030,-68.6666666666679,.,.
p65_utilitypv_class1_moderate_1,2030,207.666666666668,.,.
p65_utilitypv_class1_moderate_2,2030,207.666666666668,.,.
p65_offshorewind_class3_moderate_fixed_1_1,2030,341.666666666672,.,.
p65_offshorewind_class3_moderate_fixed_1_2,2030,341.666666666672,.,.
p65_offshorewind_class3_moderate_fixed_0_1,2030,341.666666666672,.,.
p65_offshorewind_class3_moderate_fixed_0_2,2030,341.666666666672,.,.
p65_offshorewind_class12_moderate_floating_0_1,2030,2135.5,.,.
p65_offshorewind_class12_moderate_floating_0_2,2030,2135.5,.,.
p66_naturalgas_1on1_combined_cycle_hframe_moderate_0,2030,381.333333333336,0.00666666666666682,.
p66_naturalgas_combustion_turbine_fframe_moderate_0,2030,52.3333333333321,.,.
p66_utilityscale_battery_storage_lithium_ion_advanced_0,2030,-83.333333333333,.,-99.666666666667
p66_landbasedwind_class3_moderate_1,2030,-68.6666666666679,.,.
p66_landbasedwind_class3_moderate_2,2030,-68.6666666666679,.,.
p66_utilitypv_class1_moderate_1,2030,207.666666666668,.,.
p66_utilitypv_class1_moderate_2,2030,207.666666666668,.,.
p66_offshorewind_class3_moderate_fixed_1_1,2030,341.666666666672,.,.
p66_offshorewind_class3_moderate_fixed_1_2,2030,341.666666666672,.,.
p66_offshorewind_class3_moderate_fixed_0_1,2030,341.666666666672,.,.
p66_offshorewind_class3_moderate_fixed_0_2,2030,341.666666666672,.,.
p66_offshorewind_class12_moderate_floating_0_1,2030,2135.5,.,.
p66_offshorewind_class12_moderate_floating_0_2,2030,2135.5,.,.
p67_naturalgas_1on1_combined_cycle_hframe_moderate_0,2030,381.333333333336,0.00666666666666682,.
p67_naturalgas_combustion_turbine_fframe_moderate_0,2030,52.3333333333321,.,.
p67_utilityscale_battery_storage_lithium_ion_advanced_0,2030,-83.333333333333,.,-99.666666666667
p67_landbasedwind_class3_moderate_1,2030,-68.6666666666679,.,.
p67_landbasedwind_class3_moderate_2,2030,-68.6666666666679,.,.
p67_utilitypv_class1_moderate_1,2030,207.666666666668,.,.
p67_utilitypv_class1_moderate_2,2030,207.666666666668,.,.
p67_offshorewind_class3_moderate_fixed_1_1,2030,341.666666666672,.,.
p67_offshorewind_class3_moderate_fixed_1_2,2030,341.666666666672,.,.
p67_offshorewind_class3_moderate_fixed_0_1,2030,341.666666666672,.,.
p67_offshorewind_class3_moderate_fixed_0_2,2030,341.666666666672,.,.
p67_offshorewind_class12_moderate_floating_0_1,2030,2135.5,.,.
p67_offshorewind_class12_moderate_floating_0_2,2030,2135.5,.,.
p68_naturalgas_1on1_combined_cycle_hframe_moderate_0,2030,381.333333333336,0.00666666666666682,.
p68_naturalgas_combustion_turbine_fframe_moderate_0,2030,52.3333333333321,.,.
p68_utilityscale_battery_storage_lithium_ion_advanced_0,2030,-83.333333333333,.,-99.666666666667
p68_landbasedwind_class3_moderate_1,2030,-68.6666666666679,.,.
p68_landbasedwind_class3_moderate_2,2030,-68.6666666666679,.,.
p68_utilitypv_class1_moderate_1,2030,207.666666666668,.,.
p68_utilitypv_class1_moderate_2,2030,207.666666666668,.,.
p69_naturalgas_1on1_combined_cycle_hframe_moderate_0,2030,381.333333333336,0.00666666666666682,.
p69_naturalgas_combustion_turbine_fframe_moderate_0,2030,52.3333333333321,.,.
p69_utilityscale_battery_storage_lithium_ion_advanced_0,2030,-83.333333333333,.,-99.666666666667
p69_landbasedwind_class3_moderate_1,2030,-68.6666666666679,.,.
p69_landbasedwind_class3_moderate_2,2030,-68.6666666666679,.,.
p69_utilitypv_class1_moderate_1,2030,207.666666666668,.,.
p69_utilitypv_class1_moderate_2,2030,207.666666666668,.,.
p70_naturalgas_1on1_combined_cycle_hframe_moderate_0,2030,381.333333333336,0.00666666666666682,.
p70_naturalgas_combustion_turbine_fframe_moderate_0,2030,52.3333333333321,.,.
p70_utilityscale_battery_storage_lithium_ion_advanced_0,2030,-83.333333333333,.,-99.666666666667
p70_landbasedwind_class3_moderate_1,2030,-68.6666666666679,.,.
p70_landbasedwind_class3_moderate_2,2030,-68.6666666666679,.,.
p70_utilitypv_class1_moderate_1,2030,207.666666666668,.,.
p70_utilitypv_class1_moderate_2,2030,207.666666666668,.,.
p71_naturalgas_1on1_combined_cycle_hframe_moderate_0,2030,381.333333333336,0.00666666666666682,.
p71_naturalgas_combustion_turbine_fframe_moderate_0,2030,52.3333333333321,.,.
p71_utilityscale_battery_storage_lithium_ion_advanced_0,2030,-83.333333333333,.,-99.666666666667
p71_landbasedwind_class3_moderate_1,2030,-68.6666666666679,.,.
p71_landbasedwind_class3_moderate_2,2030,-68.6666666666679,.,.
p71_utilitypv_class1_moderate_1,2030,207.666666666668,.,.
p71_utilitypv_class1_moderate_2,2030,207.666666666668,.,.
p72_naturalgas_1on1_combined_cycle_hframe_moderate_0,2030,381.333333333336,0.00666666666666682,.
p72_naturalgas_combustion_turbine_fframe_moderate_0,2030,52.3333333333321,.,.
p72_utilityscale_battery_storage_lithium_ion_advanced_0,2030,-83.333333333333,.,-99.666666666667
p72_landbasedwind_class3_moderate_1,2030,-68.6666666666679,.,.
p72_landbasedwind_class3_moderate_2,2030,-68.6666666666679,.,.
p72_utilitypv_class1_moderate_1,2030,207.666666666668,.,.
p72_utilitypv_class1_moderate_2,2030,207.666666666668,.,.
p73_naturalgas_1on1_combined_cycle_hframe_moderate_0,2030,381.333333333336,0.00666666666666682,.
p73_naturalgas_combustion_turbine_fframe_moderate_0,2030,52.3333333333321,.,.
p73_utilityscale_battery_storage_lithium_ion_advanced_0,2030,-83.333333333333,.,-99.666666666667
p73_landbasedwind_class3_moderate_1,2030,-68.6666666666679,.,.
p73_landbasedwind_class3_moderate_2,2030,-68.6666666666679,.,.
p73_utilitypv_class1_moderate_1,2030,207.666666666668,.,.
p73_utilitypv_class1_moderate_2,2030,207.666666666668,.,.
p74_naturalgas_1on1_combined_cycle_hframe_moderate_0,2030,381.333333333336,0.00666666666666682,.
p74_naturalgas_combustion_turbine_fframe_moderate_0,2030,52.3333333333321,.,.
p74_utilityscale_battery_storage_lithium_ion_advanced_0,2030,-83.333333333333,.,-99.666666666667
p74_landbasedwind_class3_moderate_1,2030,-68.6666666666679,.,.
p74_landbasedwind_class3_moderate_2,2030,-68.6666666666679,.,.
p74_utilitypv_class1_moderate_1,2030,207.666666666668,.,.
p74_utilitypv_class1_moderate_2,2030,207.666666666668,.,.
p74_offshorewind_class3_moderate_fixed_1_1,2030,341.666666666672,.,.
p74_offshorewind_class3_moderate_fixed_1_2,2030,341.666666666672,.,.
p74_offshorewind_class3_moderate_fixed_0_1,2030,341.666666666672,.,.
p74_offshorewind_class3_moderate_fixed_0_2,2030,341.666666666672,.,.
p74_offshorewind_class12_moderate_floating_0_1,2030,2135.5,.,.
p74_offshorewind_class12_moderate_floating_0_2,2030,2135.5,.,.
p75_naturalgas_1on1_combined_cycle_hframe_moderate_0,2030,381.333333333336,0.00666666666666682,.
p75_naturalgas_combustion_turbine_fframe_moderate_0,2030,52.3333333333321,.,.
p75_utilityscale_battery_storage_lithium_ion_advanced_0,2030,-83.333333333333,.,-99.666666666667
p75_landbasedwind_class3_moderate_1,2030,-68.6666666666679,.,.
p75_landbasedwind_class3_moderate_2,2030,-68.6666666666679,.,.
p75_utilitypv_class1_moderate_1,2030,207.666666666668,.,.
p75_utilitypv_class1_moderate_2,2030,207.666666666668,.,.
p75_offshorewind_class3_moderate_fixed_1_1,2030,341.666666666672,.,.
p75_offshorewind_class3_moderate_fixed_1_2,2030,341.666666666672,.,.
p75_offshorewind_class3_moderate_fixed_0_1,2030,341.666666666672,.,.
p75_offshorewind_class3_moderate_fixed_0_2,2030,341.666666666672,.,.
p75_offshorewind_class12_moderate_floating_0_1,2030,2135.5,.,.
p75_offshorewind_class12_moderate_floating_0_2,2030,2135.5,.,.
p76_naturalgas_1on1_combined_cycle_hframe_moderate_0,2030,381.333333333336,0.00666666666666682,.
p76_naturalgas_combustion_turbine_fframe_moderate_0,2030,52.3333333333321,.,.
p76_utilityscale_battery_storage_lithium_ion_advanced_0,2030,-83.333333333333,.,-99.666666666667
p76_landbasedwind_class3_moderate_1,2030,-68.6666666666679,.,.
p76_landbasedwind_class3_moderate_2,2030,-68.6666666666679,.,.
p76_utilitypv_class1_moderate_1,2030,207.666666666668,.,.
p76_utilitypv_class1_moderate_2,2030,207.666666666668,.,.
p76_offshorewind_class3_moderate_fixed_1_1,2030,341.666666666672,.,.
p76_offshorewind_class3_moderate_fixed_1_2,2030,341.666666666672,.,.
p76_offshorewind_class3_moderate_fixed_0_1,2030,341.666666666672,.,.
p76_offshorewind_class3_moderate_fixed_0_2,2030,341.666666666672,.,.
p76_offshorewind_class12_moderate_floating_0_1,2030,2135.5,.,.
p76_offshorewind_class12_moderate_floating_0_2,2030,2135.5,.,.
p77_naturalgas_1on1_combined_cycle_hframe_moderate_0,2030,381.333333333336,0.00666666666666682,.
p77_naturalgas_combustion_turbine_fframe_moderate_0,2030,52.3333333333321,.,.
p77_utilityscale_battery_storage_lithium_ion_advanced_0,2030,-83.333333333333,.,-99.666666666667
p77_landbasedwind_class3_moderate_1,2030,-68.6666666666679,.,.
p77_landbasedwind_class3_moderate_2,2030,-68.6666666666679,.,.
p77_utilitypv_class1_moderate_1,2030,207.666666666668,.,.
p77_utilitypv_class1_moderate_2,2030,207.666666666668,.,.
p78_naturalgas_1on1_combined_cycle_hframe_moderate_0,2030,381.333333333336,0.00666666666666682,.
p78_naturalgas_combustion_turbine_fframe_moderate_0,2030,52.3333333333321,.,.
p78_utilityscale_battery_storage_lithium_ion_advanced_0,2030,-83.333333333333,.,-99.666666666667
p78_landbasedwind_class3_moderate_1,2030,-68.6666666666679,.,.
p78_landbasedwind_class3_moderate_2,2030,-68.6666666666679,.,.
p78_utilitypv_class1_moderate_1,2030,207.666666666668,.,.
p78_utilitypv_class1_moderate_2,2030,207.666666666668,.,.
p79_naturalgas_1on1_combined_cycle_hframe_moderate_0,2030,381.333333333336,0.00666666666666682,.
p79_naturalgas_combustion_turbine_fframe_moderate_0,2030,52.3333333333321,.,.
p79_utilityscale_battery_storage_lithium_ion_advanced_0,2030,-83.333333333333,.,-99.666666666667
p79_landbasedwind_class3_moderate_1,2030,-68.6666666666679,.,.
p79_landbasedwind_class3_moderate_2,2030,-68.6666666666679,.,.
p79_utilitypv_class1_moderate_1,2030,207.666666666668,.,.
p79_utilitypv_class1_moderate_2,2030,207.666666666668,.,.
p79_offshorewind_class3_moderate_fixed_1_1,2030,341.666666666672,.,.
p79_offshorewind_class3_moderate_fixed_1_2,2030,341.666666666672,.,.
p79_offshorewind_class3_moderate_fixed_0_1,2030,341.666666666672,.,.
p79_offshorewind_class3_moderate_fixed_0_2,2030,341.666666666672,.,.
p79_offshorewind_class12_moderate_floating_0_1,2030,2135.5,.,.
p79_offshorewind_class12_moderate_floating_0_2,2030,2135.5,.,.
p80_naturalgas_1on1_combined_cycle_hframe_moderate_0,2030,381.333333333336,0.00666666666666682,.
p80_naturalgas_combustion_turbine_fframe_moderate_0,2030,52.3333333333321,.,.
p80_utilityscale_battery_storage_lithium_ion_advanced_0,2030,-83.333333333333,.,-99.666666666667
p80_landbasedwind_class3_moderate_1,2030,-68.6666666666679,.,.
p80_landbasedwind_class3_moderate_2,2030,-68.6666666666679,.,.
p80_utilitypv_class1_moderate_1,2030,207.666666666668,.,.
p80_utilitypv_class1_moderate_2,2030,207.666666666668,.,.
p80_offshorewind_class3_moderate_fixed_1_1,2030,341.666666666672,.,.
p80_offshorewind_class3_moderate_fixed_1_2,2030,341.666666666672,.,.
p80_offshorewind_class3_moderate_fixed_0_1,2030,341.666666666672,.,.
p80_offshorewind_class3_moderate_fixed_0_2,2030,341.666666666672,.,.
p80_offshorewind_class12_moderate_floating_0_1,2030,2135.5,.,.
p80_offshorewind_class12_moderate_floating_0_2,2030,2135.5,.,.
p81_naturalgas_1on1_combined_cycle_hframe_moderate_0,2030,381.333333333336,0.00666666666666682,.
p81_naturalgas_combustion_turbine_fframe_moderate_0,2030,52.3333333333321,.,.
p81_utilityscale_battery_storage_lithium_ion_advanced_0,2030,-83.333333333333,.,-99.666666666667
p81_landbasedwind_class3_moderate_1,2030,-68.6666666666679,.,.
p81_landbasedwind_class3_moderate_2,2030,-68.6666666666679,.,.
p81_utilitypv_class1_moderate_1,2030,207.666666666668,.,.
p81_utilitypv_class1_moderate_2,2030,207.666666666668,.,.
p82_naturalgas_1on1_combined_cycle_hframe_moderate_0,2030,381.333333333336,0.00666666666666682,.
p82_naturalgas_combustion_turbine_fframe_moderate_0,2030,52.3333333333321,.,.
p82_utilityscale_battery_storage_lithium_ion_advanced_0,2030,-83.333333333333,.,-99.666666666667
p82_landbasedwind_class3_moderate_1,2030,-68.6666666666679,.,.
p82_landbasedwind_class3_moderate_2,2030,-68.6666666666679,.,.
p82_utilitypv_class1_moderate_1,2030,207.666666666668,.,.
p82_utilitypv_class1_moderate_2,2030,207.666666666668,.,.
p83_naturalgas_1on1_combined_cycle_hframe_moderate_0,2030,381.333333333336,0.00666666666666682,.
p83_naturalgas_combustion_turbine_fframe_moderate_0,2030,52.3333333333321,.,.
p83_utilityscale_battery_storage_lithium_ion_advanced_0,2030,-83.333333333333,.,-99.666666666667
p83_landbasedwind_class3_moderate_1,2030,-68.6666666666679,.,.
p83_landbasedwind_class3_moderate_2,2030,-68.6666666666679,.,.
p83_utilitypv_class1_moderate_1,2030,207.666666666668,.,.
p83_utilitypv_class1_moderate_2,2030,207.666666666668,.,.
p84_naturalgas_1on1_combined_cycle_hframe_moderate_0,2030,381.333333333336,0.00666666666666682,.
p84_naturalgas_combustion_turbine_fframe_moderate_0,2030,52.3333333333321,.,.
p84_utilityscale_battery_storage_lithium_ion_advanced_0,2030,-83.333333333333,.,-99.666666666667
p84_landbasedwind_class3_moderate_1,2030,-68.6666666666679,.,.
p84_landbasedwind_class3_moderate_2,2030,-68.6666666666679,.,.
p84_utilitypv_class1_moderate_1,2030,207.666666666668,.,.
p84_utilitypv_class1_moderate_2,2030,207.666666666668,.,.
p85_naturalgas_1on1_combined_cycle_hframe_moderate_0,2030,381.333333333336,0.00666666666666682,.
p85_naturalgas_combustion_turbine_fframe_moderate_0,2030,52.3333333333321,.,.
p85_utilityscale_battery_storage_lithium_ion_advanced_0,2030,-83.333333333333,.,-99.666666666667
p85_landbasedwind_class3_moderate_1,2030,-68.6666666666679,.,.
p85_landbasedwind_class3_moderate_2,2030,-68.6666666666679,.,.
p85_utilitypv_class1_moderate_1,2030,207.666666666668,.,.
p85_utilitypv_class1_moderate_2,2030,207.666666666668,.,.
p86_naturalgas_1on1_combined_cycle_hframe_moderate_0,2030,381.333333333336,0.00666666666666682,.
p86_naturalgas_combustion_turbine_fframe_moderate_0,2030,52.3333333333321,.,.
p86_utilityscale_battery_storage_lithium_ion_advanced_0,2030,-83.333333333333,.,-99.666666666667
p86_landbasedwind_class3_moderate_1,2030,-68.6666666666679,.,.
p86_landbasedwind_class3_moderate_2,2030,-68.6666666666679,.,.
p86_utilitypv_class1_moderate_1,2030,207.666666666668,.,.
p86_utilitypv_class1_moderate_2,2030,207.666666666668,.,.
p87_naturalgas_1on1_combined_cycle_hframe_moderate_0,2030,381.333333333336,0.00666666666666682,.
p87_naturalgas_combustion_turbine_fframe_moderate_0,2030,52.3333333333321,.,.
p87_utilityscale_battery_storage_lithium_ion_advanced_0,2030,-83.333333333333,.,-99.666666666667
p87_landbasedwind_class3_moderate_1,2030,-68.6666666666679,.,.
p87_landbasedwind_class3_moderate_2,2030,-68.6666666666679,.,.
p87_utilitypv_class1_moderate_1,2030,207.666666666668,.,.
p87_utilitypv_class1_moderate_2,2030,207.666666666668,.,.
p88_naturalgas_1on1_combined_cycle_hframe_moderate_0,2030,381.333333333336,0.00666666666666682,.
p88_naturalgas_combustion_turbine_fframe_moderate_0,2030,52.3333333333321,.,.
p88_utilityscale_battery_storage_lithium_ion_advanced_0,2030,-83.333333333333,.,-99.666666666667
p88_landbasedwind_class3_moderate_1,2030,-68.6666666666679,.,.
p88_landbasedwind_class3_moderate_2,2030,-68.6666666666679,.,.
p88_utilitypv_class1_moderate_1,2030,207.666666666668,.,.
p88_utilitypv_class1_moderate_2,2030,207.666666666668,.,.
p89_naturalgas_1on1_combined_cycle_hframe_moderate_0,2030,381.333333333336,0.00666666666666682,.
p89_naturalgas_combustion_turbine_fframe_moderate_0,2030,52.3333333333321,.,.
p89_utilityscale_battery_storage_lithium_ion_advanced_0,2030,-83.333333333333,.,-99.666666666667
p89_landbasedwind_class3_moderate_1,2030,-68.6666666666679,.,.
p89_landbasedwind_class3_moderate_2,2030,-68.6666666666679,.,.
p89_utilitypv_class1_moderate_1,2030,207.666666666668,.,.
p89_utilitypv_class1_moderate_2,2030,207.666666666668,.,.
p90_naturalgas_1on1_combined_cycle_hframe_moderate_0,2030,381.333333333336,0.00666666666666682,.
p90_naturalgas_combustion_turbine_fframe_moderate_0,2030,52.3333333333321,.,.
p90_utilityscale_battery_storage_lithium_ion_advanced_0,2030,-83.333333333333,.,-99.666666666667
p90_landbasedwind_class3_moderate_1,2030,-68.6666666666679,.,.
p90_landbasedwind_class3_moderate_2,2030,-68.6666666666679,.,.
p90_utilitypv_class1_moderate_1,2030,207.666666666668,.,.
p90_utilitypv_class1_moderate_2,2030,207.666666666668,.,.
p90_offshorewind_class3_moderate_fixed_1_1,2030,341.666666666672,.,.
p90_offshorewind_class3_moderate_fixed_1_2,2030,341.666666666672,.,.
p90_offshorewind_class3_moderate_fixed_0_1,2030,341.666666666672,.,.
p90_offshorewind_class3_moderate_fixed_0_2,2030,341.666666666672,.,.
p90_offshorewind_class12_moderate_floating_0_1,2030,2135.5,.,.
p90_offshorewind_class12_moderate_floating_0_2,2030,2135.5,.,.
p91_naturalgas_1on1_combined_cycle_hframe_moderate_0,2030,381.333333333336,0.00666666666666682,.
p91_naturalgas_combustion_turbine_fframe_moderate_0,2030,52.3333333333321,.,.
p91_utilityscale_battery_storage_lithium_ion_advanced_0,2030,-83.333333333333,.,-99.666666666667
p91_landbasedwind_class3_moderate_1,2030,-68.6666666666679,.,.
p91_landbasedwind_class3_moderate_2,2030,-68.6666666666679,.,.
p91_utilitypv_class1_moderate_1,2030,207.666666666668,.,.
p91_utilitypv_class1_moderate_2,2030,207.666666666668,.,.
p91_offshorewind_class3_moderate_fixed_1_1,2030,341.666666666672,.,.
p91_offshorewind_class3_moderate_fixed_1_2,2030,341.666666666672,.,.
p91_offshorewind_class3_moderate_fixed_0_1,2030,341.666666666672,.,.
p91_offshorewind_class3_moderate_fixed_0_2,2030,341.666666666672,.,.
p91_offshorewind_class12_moderate_floating_0_1,2030,2135.5,.,.
p91_offshorewind_class12_moderate_floating_0_2,2030,2135.5,.,.
p92_naturalgas_1on1_combined_cycle_hframe_moderate_0,2030,381.333333333336,0.00666666666666682,.
p92_naturalgas_combustion_turbine_fframe_moderate_0,2030,52.3333333333321,.,.
p92_utilityscale_battery_storage_lithium_ion_advanced_0,2030,-83.333333333333,.,-99.666666666667
p92_landbasedwind_class3_moderate_1,2030,-68.6666666666679,.,.
p92_landbasedwind_class3_moderate_2,2030,-68.6666666666679,.,.
p92_utilitypv_class1_moderate_1,2030,207.666666666668,.,.
p92_utilitypv_class1_moderate_2,2030,207.666666666668,.,.
p93_naturalgas_1on1_combined_cycle_hframe_moderate_0,2030,381.333333333336,0.00666666666666682,.
p93_naturalgas_combustion_turbine_fframe_moderate_0,2030,52.3333333333321,.,.
p93_utilityscale_battery_storage_lithium_ion_advanced_0,2030,-83.333333333333,.,-99.666666666667
p93_landbasedwind_class3_moderate_1,2030,-68.6666666666679,.,.
p93_landbasedwind_class3_moderate_2,2030,-68.6666666666679,.,.
p93_utilitypv_class1_moderate_1,2030,207.666666666668,.,.
p93_utilitypv_class1_moderate_2,2030,207.666666666668,.,.
p94_naturalgas_1on1_combined_cycle_hframe_moderate_0,2030,381.333333333336,0.00666666666666682,.
p94_naturalgas_combustion_turbine_fframe_moderate_0,2030,52.3333333333321,.,.
p94_utilityscale_battery_storage_lithium_ion_advanced_0,2030,-83.333333333333,.,-99.666666666667
p94_landbasedwind_class3_moderate_1,2030,-68.6666666666679,.,.
p94_landbasedwind_class3_moderate_2,2030,-68.6666666666679,.,.
p94_utilitypv_class1_moderate_1,2030,207.666666666668,.,.
p94_utilitypv_class1_moderate_2,2030,207.666666666668,.,.
p95_naturalgas_1on1_combined_cycle_hframe_moderate_0,2030,381.333333333336,0.00666666666666682,.
p95_naturalgas_combustion_turbine_fframe_moderate_0,2030,52.3333333333321,.,.
p95_utilityscale_battery_storage_lithium_ion_advanced_0,2030,-83.333333333333,.,-99.666666666667
p95_landbasedwind_class3_moderate_1,2030,-68.6666666666679,.,.
p95_landbasedwind_class3_moderate_2,2030,-68.6666666666679,.,.
p95_utilitypv_class1_moderate_1,2030,207.666666666668,.,.
p95_utilitypv_class1_moderate_2,2030,207.666666666668,.,.
p95_offshorewind_class3_moderate_fixed_1_1,2030,341.666666666672,.,.
p95_offshorewind_class3_moderate_fixed_1_2,2030,341.666666666672,.,.
p95_offshorewind_class3_moderate_fixed_0_1,2030,341.666666666672,.,.
p95_offshorewind_class3_moderate_fixed_0_2,2030,341.666666666672,.,.
p95_offshorewind_class12_moderate_floating_0_1,2030,2135.5,.,.
p95_offshorewind_class12_moderate_floating_0_2,2030,2135.5,.,.
p96_naturalgas_1on1_combined_cycle_hframe_moderate_0,2030,381.333333333336,0.00666666666666682,.
p96_naturalgas_combustion_turbine_fframe_moderate_0,2030,52.3333333333321,.,.
p96_utilityscale_battery_storage_lithium_ion_advanced_0,2030,-83.333333333333,.,-99.666666666667
p96_landbasedwind_class3_moderate_1,2030,-68.6666666666679,.,.
p96_landbasedwind_class3_moderate_2,2030,-68.6666666666679,.,.
p96_utilitypv_class1_moderate_1,2030,207.666666666668,.,.
p96_utilitypv_class1_moderate_2,2030,207.666666666668,.,.
p97_naturalgas_1on1_combined_cycle_hframe_moderate_0,2030,381.333333333336,0.00666666666666682,.
p97_naturalgas_combustion_turbine_fframe_moderate_0,2030,52.3333333333321,.,.
p97_utilityscale_battery_storage_lithium_ion_advanced_0,2030,-83.333333333333,.,-99.666666666667
p97_landbasedwind_class3_moderate_1,2030,-68.6666666666679,.,.
p97_landbasedwind_class3_moderate_2,2030,-68.6666666666679,.,.
p97_utilitypv_class1_moderate_1,2030,207.666666666668,.,.
p97_utilitypv_class1_moderate_2,2030,207.666666666668,.,.
p97_offshorewind_class3_moderate_fixed_1_1,2030,341.666666666672,.,.
p97_offshorewind_class3_moderate_fixed_1_2,2030,341.666666666672,.,.
p97_offshorewind_class3_moderate_fixed_0_1,2030,341.666666666672,.,.
p97_offshorewind_class3_moderate_fixed_0_2,2030,341.666666666672,.,.
p97_offshorewind_class12_moderate_floating_0_1,2030,2135.5,.,.
p97_offshorewind_class12_moderate_floating_0_2,2030,2135.5,.,.
p98_naturalgas_1on1_combined_cycle_hframe_moderate_0,2030,381.333333333336,0.00666666666666682,.
p98_naturalgas_combustion_turbine_fframe_moderate_0,2030,52.3333333333321,.,.
p98_utilityscale_battery_storage_lithium_ion_advanced_0,2030,-83.333333333333,.,-99.666666666667
p98_landbasedwind_class3_moderate_1,2030,-68.6666666666679,.,.
p98_landbasedwind_class3_moderate_2,2030,-68.6666666666679,.,.
p98_utilitypv_class1_moderate_1,2030,207.666666666668,.,.
p98_utilitypv_class1_moderate_2,2030,207.666666666668,.,.
p98_offshorewind_class3_moderate_fixed_1_1,2030,341.666666666672,.,.
p98_offshorewind_class3_moderate_fixed_1_2,2030,341.666666666672,.,.
p98_offshorewind_class3_moderate_fixed_0_1,2030,341.666666666672,.,.
p98_offshorewind_class3_moderate_fixed_0_2,2030,341.666666666672,.,.
p98_offshorewind_class12_moderate_floating_0_1,2030,2135.5,.,.
p98_offshorewind_class12_moderate_floating_0_2,2030,2135.5,.,.
p99_naturalgas_1on1_combined_cycle_hframe_moderate_0,2030,381.333333333336,0.00666666666666682,.
p99_naturalgas_combustion_turbine_fframe_moderate_0,2030,52.3333333333321,.,.
p99_utilityscale_battery_storage_lithium_ion_advanced_0,2030,-83.333333333333,.,-99.666666666667
p99_landbasedwind_class3_moderate_1,2030,-68.6666666666679,.,.
p99_landbasedwind_class3_moderate_2,2030,-68.6666666666679,.,.
p99_utilitypv_class1_moderate_1,2030,207.666666666668,.,.
p99_utilitypv_class1_moderate_2,2030,207.666666666668,.,.
p99_offshorewind_class3_moderate_fixed_1_1,2030,341.666666666672,.,.
p99_offshorewind_class3_moderate_fixed_1_2,2030,341.666666666672,.,.
p99_offshorewind_class3_moderate_fixed_0_1,2030,341.666666666672,.,.
p99_offshorewind_class3_moderate_fixed_0_2,2030,341.666666666672,.,.
p99_offshorewind_class12_moderate_floating_0_1,2030,2135.5,.,.
p99_offshorewind_class12_moderate_floating_0_2,2030,2135.5,.,.
p100_naturalgas_1on1_combined_cycle_hframe_moderate_0,2030,381.333333333336,0.00666666666666682,.
p100_naturalgas_combustion_turbine_fframe_moderate_0,2030,52.3333333333321,.,.
p100_utilityscale_battery_storage_lithium_ion_advanced_0,2030,-83.333333333333,.,-99.666666666667
p100_landbasedwind_class3_moderate_1,2030,-68.6666666666679,.,.
p100_landbasedwind_class3_moderate_2,2030,-68.6666666666679,.,.
p100_utilitypv_class1_moderate_1,2030,207.666666666668,.,.
p100_utilitypv_class1_moderate_2,2030,207.666666666668,.,.
p101_naturalgas_1on1_combined_cycle_hframe_moderate_0,2030,381.333333333336,0.00666666666666682,.
p101_naturalgas_combustion_turbine_fframe_moderate_0,2030,52.3333333333321,.,.
p101_utilityscale_battery_storage_lithium_ion_advanced_0,2030,-83.333333333333,.,-99.666666666667
p101_landbasedwind_class3_moderate_1,2030,-68.6666666666679,.,.
p101_landbasedwind_class3_moderate_2,2030,-68.6666666666679,.,.
p101_utilitypv_class1_moderate_1,2030,207.666666666668,.,.
p101_utilitypv_class1_moderate_2,2030,207.666666666668,.,.
p101_offshorewind_class3_moderate_fixed_1_1,2030,341.666666666672,.,.
p101_offshorewind_class3_moderate_fixed_1_2,2030,341.666666666672,.,.
p101_offshorewind_class3_moderate_fixed_0_1,2030,341.666666666672,.,.
p101_offshorewind_class3_moderate_fixed_0_2,2030,341.666666666672,.,.
p101_offshorewind_class12_moderate_floating_0_1,2030,2135.5,.,.
p101_offshorewind_class12_moderate_floating_0_2,2030,2135.5,.,.
p102_naturalgas_1on1_combined_cycle_hframe_moderate_0,2030,381.333333333336,0.00666666666666682,.
p102_naturalgas_combustion_turbine_fframe_moderate_0,2030,52.3333333333321,.,.
p102_utilityscale_battery_storage_lithium_ion_advanced_0,2030,-83.333333333333,.,-99.666666666667
p102_landbasedwind_class3_moderate_1,2030,-68.6666666666679,.,.
p102_landbasedwind_class3_moderate_2,2030,-68.6666666666679,.,.
p102_utilitypv_class1_moderate_1,2030,207.666666666668,.,.
p102_utilitypv_class1_moderate_2,2030,207.666666666668,.,.
p102_offshorewind_class3_moderate_fixed_1_1,2030,341.666666666672,.,.
p102_offshorewind_class3_moderate_fixed_1_2,2030,341.666666666672,.,.
p102_offshorewind_class3_moderate_fixed_0_1,2030,341.666666666672,.,.
p102_offshorewind_class3_moderate_fixed_0_2,2030,341.666666666672,.,.
p102_offshorewind_class12_moderate_floating_0_1,2030,2135.5,.,.
p102_offshorewind_class12_moderate_floating_0_2,2030,2135.5,.,.
p103_naturalgas_1on1_combined_cycle_hframe_moderate_0,2030,381.333333333336,0.00666666666666682,.
p103_naturalgas_combustion_turbine_fframe_moderate_0,2030,52.3333333333321,.,.
p103_utilityscale_battery_storage_lithium_ion_advanced_0,2030,-83.333333333333,.,-99.666666666667
p103_landbasedwind_class3_moderate_1,2030,-68.6666666666679,.,.
p103_landbasedwind_class3_moderate_2,2030,-68.6666666666679,.,.
p103_utilitypv_class1_moderate_1,2030,207.666666666668,.,.
p103_utilitypv_class1_moderate_2,2030,207.666666666668,.,.
p103_offshorewind_class3_moderate_fixed_1_1,2030,341.666666666672,.,.
p103_offshorewind_class3_moderate_fixed_1_2,2030,341.666666666672,.,.
p103_offshorewind_class3_moderate_fixed_0_1,2030,341.666666666672,.,.
p103_offshorewind_class3_moderate_fixed_0_2,2030,341.666666666672,.,.
p103_offshorewind_class12_moderate_floating_0_1,2030,2135.5,.,.
p103_offshorewind_class12_moderate_floating_0_2,2030,2135.5,.,.
p104_naturalgas_1on1_combined_cycle_hframe_moderate_0,2030,381.333333333336,0.00666666666666682,.
p104_naturalgas_combustion_turbine_fframe_moderate_0,2030,52.3333333333321,.,.
p104_utilityscale_battery_storage_lithium_ion_advanced_0,2030,-83.333333333333,.,-99.666666666667
p104_landbasedwind_class3_moderate_1,2030,-68.6666666666679,.,.
p104_landbasedwind_class3_moderate_2,2030,-68.6666666666679,.,.
p104_utilitypv_class1_moderate_1,2030,207.666666666668,.,.
p104_utilitypv_class1_moderate_2,2030,207.666666666668,.,.
p105_naturalgas_1on1_combined_cycle_hframe_moderate_0,2030,381.333333333336,0.00666666666666682,.
p105_naturalgas_combustion_turbine_fframe_moderate_0,2030,52.3333333333321,.,.
p105_utilityscale_battery_storage_lithium_ion_advanced_0,2030,-83.333333333333,.,-99.666666666667
p105_landbasedwind_class3_moderate_1,2030,-68.6666666666679,.,.
p105_landbasedwind_class3_moderate_2,2030,-68.6666666666679,.,.
p105_utilitypv_class1_moderate_1,2030,207.666666666668,.,.
p105_utilitypv_class1_moderate_2,2030,207.666666666668,.,.
p106_naturalgas_1on1_combined_cycle_hframe_moderate_0,2030,381.333333333336,0.00666666666666682,.
p106_naturalgas_combustion_turbine_fframe_moderate_0,2030,52.3333333333321,.,.
p106_utilityscale_battery_storage_lithium_ion_advanced_0,2030,-83.333333333333,.,-99.666666666667
p106_landbasedwind_class3_moderate_1,2030,-68.6666666666679,.,.
p106_landbasedwind_class3_moderate_2,2030,-68.6666666666679,.,.
p106_utilitypv_class1_moderate_1,2030,207.666666666668,.,.
p106_utilitypv_class1_moderate_2,2030,207.666666666668,.,.
p107_naturalgas_1on1_combined_cycle_hframe_moderate_0,2030,381.333333333336,0.00666666666666682,.
p107_naturalgas_combustion_turbine_fframe_moderate_0,2030,52.3333333333321,.,.
p107_utilityscale_battery_storage_lithium_ion_advanced_0,2030,-83.333333333333,.,-99.666666666667
p107_landbasedwind_class3_moderate_1,2030,-68.6666666666679,.,.
p107_landbasedwind_class3_moderate_2,2030,-68.6666666666679,.,.
p107_utilitypv_class1_moderate_1,2030,207.666666666668,.,.
p107_utilitypv_class1_moderate_2,2030,207.666666666668,.,.
p108_naturalgas_1on1_combined_cycle_hframe_moderate_0,2030,381.333333333336,0.00666666666666682,.
p108_naturalgas_combustion_turbine_fframe_moderate_0,2030,52.3333333333321,.,.
p108_utilityscale_battery_storage_lithium_ion_advanced_0,2030,-83.333333333333,.,-99.666666666667
p108_landbasedwind_class3_moderate_1,2030,-68.6666666666679,.,.
p108_landbasedwind_class3_moderate_2,2030,-68.6666666666679,.,.
p108_utilitypv_class1_moderate_1,2030,207.666666666668,.,.
p108_utilitypv_class1_moderate_2,2030,207.666666666668,.,.
p109_naturalgas_1on1_combined_cycle_hframe_moderate_0,2030,381.333333333336,0.00666666666666682,.
p109_naturalgas_combustion_turbine_fframe_moderate_0,2030,52.3333333333321,.,.
p109_utilityscale_battery_storage_lithium_ion_advanced_0,2030,-83.333333333333,.,-99.666666666667
p109_landbasedwind_class3_moderate_1,2030,-68.6666666666679,.,.
p109_landbasedwind_class3_moderate_2,2030,-68.6666666666679,.,.
p109_utilitypv_class1_moderate_1,2030,207.666666666668,.,.
p109_utilitypv_class1_moderate_2,2030,207.666666666668,.,.
p110_naturalgas_1on1_combined_cycle_hframe_moderate_0,2030,381.333333333336,0.00666666666666682,.
p110_naturalgas_combustion_turbine_fframe_moderate_0,2030,52.3333333333321,.,.
p110_utilityscale_battery_storage_lithium_ion_advanced_0,2030,-83.333333333333,.,-99.666666666667
p110_landbasedwind_class3_moderate_1,2030,-68.6666666666679,.,.
p110_landbasedwind_class3_moderate_2,2030,-68.6666666666679,.,.
p110_utilitypv_class1_moderate_1,2030,207.666666666668,.,.
p110_utilitypv_class1_moderate_2,2030,207.666666666668,.,.
p111_naturalgas_1on1_combined_cycle_hframe_moderate_0,2030,381.333333333336,0.00666666666666682,.
p111_naturalgas_combustion_turbine_fframe_moderate_0,2030,52.3333333333321,.,.
p111_utilityscale_battery_storage_lithium_ion_advanced_0,2030,-83.333333333333,.,-99.666666666667
p111_landbasedwind_class3_moderate_1,2030,-68.6666666666679,.,.
p111_landbasedwind_class3_moderate_2,2030,-68.6666666666679,.,.
p111_utilitypv_class1_moderate_1,2030,207.666666666668,.,.
p111_utilitypv_class1_moderate_2,2030,207.666666666668,.,.
p111_offshorewind_class3_moderate_fixed_1_1,2030,341.666666666672,.,.
p111_offshorewind_class3_moderate_fixed_1_2,2030,341.666666666672,.,.
p111_offshorewind_class3_moderate_fixed_0_1,2030,341.666666666672,.,.
p111_offshorewind_class3_moderate_fixed_0_2,2030,341.666666666672,.,.
p111_offshorewind_class12_moderate_floating_0_1,2030,2135.5,.,.
p111_offshorewind_class12_moderate_floating_0_2,2030,2135.5,.,.
p112_naturalgas_1on1_combined_cycle_hframe_moderate_0,2030,381.333333333336,0.00666666666666682,.
p112_naturalgas_combustion_turbine_fframe_moderate_0,2030,52.3333333333321,.,.
p112_utilityscale_battery_storage_lithium_ion_advanced_0,2030,-83.333333333333,.,-99.666666666667
p112_landbasedwind_class3_moderate_1,2030,-68.6666666666679,.,.
p112_landbasedwind_class3_moderate_2,2030,-68.6666666666679,.,.
p112_utilitypv_class1_moderate_1,2030,207.666666666668,.,.
p112_utilitypv_class1_moderate_2,2030,207.666666666668,.,.
p113_naturalgas_1on1_combined_cycle_hframe_moderate_0,2030,381.333333333336,0.00666666666666682,.
p113_naturalgas_combustion_turbine_fframe_moderate_0,2030,52.3333333333321,.,.
p113_utilityscale_battery_storage_lithium_ion_advanced_0,2030,-83.333333333333,.,-99.666666666667
p113_landbasedwind_class3_moderate_1,2030,-68.6666666666679,.,.
p113_landbasedwind_class3_moderate_2,2030,-68.6666666666679,.,.
p113_utilitypv_class1_moderate_1,2030,207.666666666668,.,.
p113_utilitypv_class1_moderate_2,2030,207.666666666668,.,.
p114_naturalgas_1on1_combined_cycle_hframe_moderate_0,2030,381.333333333336,0.00666666666666682,.
p114_naturalgas_combustion_turbine_fframe_moderate_0,2030,52.3333333333321,.,.
p114_utilityscale_battery_storage_lithium_ion_advanced_0,2030,-83.333333333333,.,-99.666666666667
p114_landbasedwind_class3_moderate_1,2030,-68.6666666666679,.,.
p114_landbasedwind_class3_moderate_2,2030,-68.6666666666679,.,.
p114_utilitypv_class1_moderate_1,2030,207.666666666668,.,.
p114_utilitypv_class1_moderate_2,2030,207.666666666668,.,.
p115_naturalgas_1on1_combined_cycle_hframe_moderate_0,2030,381.333333333336,0.00666666666666682,.
p115_naturalgas_combustion_turbine_fframe_moderate_0,2030,52.3333333333321,.,.
p115_utilityscale_battery_storage_lithium_ion_advanced_0,2030,-83.333333333333,.,-99.666666666667
p115_landbasedwind_class3_moderate_1,2030,-68.6666666666679,.,.
p115_landbasedwind_class3_moderate_2,2030,-68.6666666666679,.,.
p115_utilitypv_class1_moderate_1,2030,207.666666666668,.,.
p115_utilitypv_class1_moderate_2,2030,207.666666666668,.,.
p116_naturalgas_1on1_combined_cycle_hframe_moderate_0,2030,381.333333333336,0.00666666666666682,.
p116_naturalgas_combustion_turbine_fframe_moderate_0,2030,52.3333333333321,.,.
p116_utilityscale_battery_storage_lithium_ion_advanced_0,2030,-83.333333333333,.,-99.666666666667
p116_landbasedwind_class3_moderate_1,2030,-68.6666666666679,.,.
p116_landbasedwind_class3_moderate_2,2030,-68.6666666666679,.,.
p116_utilitypv_class1_moderate_1,2030,207.666666666668,.,.
p116_utilitypv_class1_moderate_2,2030,207.666666666668,.,.
p117_naturalgas_1on1_combined_cycle_hframe_moderate_0,2030,381.333333333336,0.00666666666666682,.
p117_naturalgas_combustion_turbine_fframe_moderate_0,2030,52.3333333333321,.,.
p117_utilityscale_battery_storage_lithium_ion_advanced_0,2030,-83.333333333333,.,-99.666666666667
p117_landbasedwind_class3_moderate_1,2030,-68.6666666666679,.,.
p117_landbasedwind_class3_moderate_2,2030,-68.6666666666679,.,.
p117_utilitypv_class1_moderate_1,2030,207.666666666668,.,.
p117_utilitypv_class1_moderate_2,2030,207.666666666668,.,.
p118_naturalgas_1on1_combined_cycle_hframe_moderate_0,2030,381.333333333336,0.00666666666666682,.
p118_naturalgas_combustion_turbine_fframe_moderate_0,2030,52.3333333333321,.,.
p118_utilityscale_battery_storage_lithium_ion_advanced_0,2030,-83.333333333333,.,-99.666666666667
p118_landbasedwind_class3_moderate_1,2030,-68.6666666666679,.,.
p118_landbasedwind_class3_moderate_2,2030,-68.6666666666679,.,.
p118_utilitypv_class1_moderate_1,2030,207.666666666668,.,.
p118_utilitypv_class1_moderate_2,2030,207.666666666668,.,.
p119_naturalgas_1on1_combined_cycle_hframe_moderate_0,2030,381.333333333336,0.00666666666666682,.
p119_naturalgas_combustion_turbine_fframe_moderate_0,2030,52.3333333333321,.,.
p119_utilityscale_battery_storage_lithium_ion_advanced_0,2030,-83.333333333333,.,-99.666666666667
p119_landbasedwind_class3_moderate_1,2030,-68.6666666666679,.,.
p119_landbasedwind_class3_moderate_2,2030,-68.6666666666679,.,.
p119_utilitypv_class1_moderate_1,2030,207.666666666668,.,.
p119_utilitypv_class1_moderate_2,2030,207.666666666668,.,.
p120_naturalgas_1on1_combined_cycle_hframe_moderate_0,2030,381.333333333336,0.00666666666666682,.
p120_naturalgas_combustion_turbine_fframe_moderate_0,2030,52.3333333333321,.,.
p120_utilityscale_battery_storage_lithium_ion_advanced_0,2030,-83.333333333333,.,-99.666666666667
p120_landbasedwind_class3_moderate_1,2030,-68.6666666666679,.,.
p120_landbasedwind_class3_moderate_2,2030,-68.6666666666679,.,.
p120_utilitypv_class1_moderate_1,2030,207.666666666668,.,.
p120_utilitypv_class1_moderate_2,2030,207.666666666668,.,.
p121_naturalgas_1on1_combined_cycle_hframe_moderate_0,2030,381.333333333336,0.00666666666666682,.
p121_naturalgas_combustion_turbine_fframe_moderate_0,2030,52.3333333333321,.,.
p121_utilityscale_battery_storage_lithium_ion_advanced_0,2030,-83.333333333333,.,-99.666666666667
p121_landbasedwind_class3_moderate_1,2030,-68.6666666666679,.,.
p121_landbasedwind_class3_moderate_2,2030,-68.6666666666679,.,.
p121_utilitypv_class1_moderate_1,2030,207.666666666668,.,.
p121_utilitypv_class1_moderate_2,2030,207.666666666668,.,.
p122_naturalgas_1on1_combined_cycle_hframe_moderate_0,2030,381.333333333336,0.00666666666666682,.
p122_naturalgas_combustion_turbine_fframe_moderate_0,2030,52.3333333333321,.,.
p122_utilityscale_battery_storage_lithium_ion_advanced_0,2030,-83.333333333333,.,-99.666666666667
p122_landbasedwind_class3_moderate_1,2030,-68.6666666666679,.,.
p122_landbasedwind_class3_moderate_2,2030,-68.6666666666679,.,.
p122_utilitypv_class1_moderate_1,2030,207.666666666668,.,.
p122_utilitypv_class1_moderate_2,2030,207.666666666668,.,.
p123_naturalgas_1on1_combined_cycle_hframe_moderate_0,2030,381.333333333336,0.00666666666666682,.
p123_naturalgas_combustion_turbine_fframe_moderate_0,2030,52.3333333333321,.,.
p123_utilityscale_battery_storage_lithium_ion_advanced_0,2030,-83.333333333333,.,-99.666666666667
p123_landbasedwind_class3_moderate_1,2030,-68.6666666666679,.,.
p123_utilitypv_class1_moderate_1,2030,207.666666666668,.,.
p123_utilitypv_class1_moderate_2,2030,207.666666666668,.,.
p123_offshorewind_class3_moderate_fixed_1_1,2030,341.666666666672,.,.
p123_offshorewind_class3_moderate_fixed_1_2,2030,341.666666666672,.,.
p123_offshorewind_class3_moderate_fixed_0_1,2030,341.666666666672,.,.
p123_offshorewind_class3_moderate_fixed_0_2,2030,341.666666666672,.,.
p123_offshorewind_class12_moderate_floating_0_1,2030,2135.5,.,.
p123_offshorewind_class12_moderate_floating_0_2,2030,2135.5,.,.
p124_naturalgas_1on1_combined_cycle_hframe_moderate_0,2030,381.333333333336,0.00666666666666682,.
p124_naturalgas_combustion_turbine_fframe_moderate_0,2030,52.3333333333321,.,.
p124_utilityscale_battery_storage_lithium_ion_advanced_0,2030,-83.333333333333,.,-99.666666666667
p124_landbasedwind_class3_moderate_1,2030,-68.6666666666679,.,.
p124_landbasedwind_class3_moderate_2,2030,-68.6666666666679,.,.
p124_utilitypv_class1_moderate_1,2030,207.666666666668,.,.
p124_utilitypv_class1_moderate_2,2030,207.666666666668,.,.
p125_naturalgas_1on1_combined_cycle_hframe_moderate_0,2030,381.333333333336,0.00666666666666682,.
p125_naturalgas_combustion_turbine_fframe_moderate_0,2030,52.3333333333321,.,.
p125_utilityscale_battery_storage_lithium_ion_advanced_0,2030,-83.333333333333,.,-99.666666666667
p125_landbasedwind_class3_moderate_1,2030,-68.6666666666679,.,.
p125_landbasedwind_class3_moderate_2,2030,-68.6666666666679,.,.
p125_utilitypv_class1_moderate_1,2030,207.666666666668,.,.
p125_utilitypv_class1_moderate_2,2030,207.666666666668,.,.
p125_offshorewind_class3_moderate_fixed_1_1,2030,341.666666666672,.,.
p125_offshorewind_class3_moderate_fixed_1_2,2030,341.666666666672,.,.
p125_offshorewind_class3_moderate_fixed_0_1,2030,341.666666666672,.,.
p125_offshorewind_class3_moderate_fixed_0_2,2030,341.666666666672,.,.
p125_offshorewind_class12_moderate_floating_0_1,2030,2135.5,.,.
p125_offshorewind_class12_moderate_floating_0_2,2030,2135.5,.,.
p126_naturalgas_1on1_combined_cycle_hframe_moderate_0,2030,381.333333333336,0.00666666666666682,.
p126_naturalgas_combustion_turbine_fframe_moderate_0,2030,52.3333333333321,.,.
p126_utilityscale_battery_storage_lithium_ion_advanced_0,2030,-83.333333333333,.,-99.666666666667
p126_landbasedwind_class3_moderate_1,2030,-68.6666666666679,.,.
p126_landbasedwind_class3_moderate_2,2030,-68.6666666666679,.,.
p126_utilitypv_class1_moderate_1,2030,207.666666666668,.,.
p126_utilitypv_class1_moderate_2,2030,207.666666666668,.,.
p126_offshorewind_class3_moderate_fixed_1_1,2030,341.666666666672,.,.
p126_offshorewind_class3_moderate_fixed_1_2,2030,341.666666666672,.,.
p126_offshorewind_class3_moderate_fixed_0_1,2030,341.666666666672,.,.
p126_offshorewind_class3_moderate_fixed_0_2,2030,341.666666666672,.,.
p126_offshorewind_class12_moderate_floating_0_1,2030,2135.5,.,.
p126_offshorewind_class12_moderate_floating_0_2,2030,2135.5,.,.
p127_naturalgas_1on1_combined_cycle_hframe_moderate_0,2030,381.333333333336,0.00666666666666682,.
p127_naturalgas_combustion_turbine_fframe_moderate_0,2030,52.3333333333321,.,.
p127_utilityscale_battery_storage_lithium_ion_advanced_0,2030,-83.333333333333,.,-99.666666666667
p127_landbasedwind_class3_moderate_1,2030,-68.6666666666679,.,.
p127_landbasedwind_class3_moderate_2,2030,-68.6666666666679,.,.
p127_utilitypv_class1_moderate_1,2030,207.666666666668,.,.
p127_utilitypv_class1_moderate_2,2030,207.666666666668,.,.
p127_offshorewind_class3_moderate_fixed_1_1,2030,341.666666666672,.,.
p127_offshorewind_class3_moderate_fixed_1_2,2030,341.666666666672,.,.
p127_offshorewind_class3_moderate_fixed_0_1,2030,341.666666666672,.,.
p127_offshorewind_class3_moderate_fixed_0_2,2030,341.666666666672,.,.
p127_offshorewind_class12_moderate_floating_0_1,2030,2135.5,.,.
p127_offshorewind_class12_moderate_floating_0_2,2030,2135.5,.,.
p128_naturalgas_1on1_combined_cycle_hframe_moderate_0,2030,381.333333333336,0.00666666666666682,.
p128_naturalgas_combustion_turbine_fframe_moderate_0,2030,52.3333333333321,.,.
p128_utilityscale_battery_storage_lithium_ion_advanced_0,2030,-83.333333333333,.,-99.666666666667
p128_utilitypv_class1_moderate_1,2030,207.666666666668,.,.
p128_offshorewind_class3_moderate_fixed_1_1,2030,341.666666666672,.,.
p128_offshorewind_class3_moderate_fixed_1_2,2030,341.666666666672,.,.
p128_offshorewind_class3_moderate_fixed_0_1,2030,341.666666666672,.,.
p128_offshorewind_class3_moderate_fixed_0_2,2030,341.666666666672,.,.
p128_offshorewind_class12_moderate_floating_0_1,2030,2135.5,.,.
p128_offshorewind_class12_moderate_floating_0_2,2030,2135.5,.,.
p129_naturalgas_1on1_combined_cycle_hframe_moderate_0,2030,381.333333333336,0.00666666666666682,.
p129_naturalgas_combustion_turbine_fframe_moderate_0,2030,52.3333333333321,.,.
p129_utilityscale_battery_storage_lithium_ion_advanced_0,2030,-83.333333333333,.,-99.666666666667
p129_landbasedwind_class3_moderate_1,2030,-68.6666666666679,.,.
p129_landbasedwind_class3_moderate_2,2030,-68.6666666666679,.,.
p129_utilitypv_class1_moderate_1,2030,207.666666666668,.,.
p129_utilitypv_class1_moderate_2,2030,207.666666666668,.,.
p130_naturalgas_1on1_combined_cycle_hframe_moderate_0,2030,381.333333333336,0.00666666666666682,.
p130_naturalgas_combustion_turbine_fframe_moderate_0,2030,52.3333333333321,.,.
p130_utilityscale_battery_storage_lithium_ion_advanced_0,2030,-83.333333333333,.,-99.666666666667
p130_landbasedwind_class3_moderate_1,2030,-68.6666666666679,.,.
p130_landbasedwind_class3_moderate_2,2030,-68.6666666666679,.,.
p130_utilitypv_class1_moderate_1,2030,207.666666666668,.,.
p130_utilitypv_class1_moderate_2,2030,207.666666666668,.,.
p131_naturalgas_1on1_combined_cycle_hframe_moderate_0,2030,381.333333333336,0.00666666666666682,.
p131_naturalgas_combustion_turbine_fframe_moderate_0,2030,52.3333333333321,.,.
p131_utilityscale_battery_storage_lithium_ion_advanced_0,2030,-83.333333333333,.,-99.666666666667
p131_landbasedwind_class3_moderate_1,2030,-68.6666666666679,.,.
p131_landbasedwind_class3_moderate_2,2030,-68.6666666666679,.,.
p131_utilitypv_class1_moderate_1,2030,207.666666666668,.,.
p131_utilitypv_class1_moderate_2,2030,207.666666666668,.,.
p131_offshorewind_class3_moderate_fixed_1_1,2030,341.666666666672,.,.
p131_offshorewind_class3_moderate_fixed_1_2,2030,341.666666666672,.,.
p131_offshorewind_class3_moderate_fixed_0_1,2030,341.666666666672,.,.
p131_offshorewind_class3_moderate_fixed_0_2,2030,341.666666666672,.,.
p131_offshorewind_class12_moderate_floating_0_1,2030,2135.5,.,.
p131_offshorewind_class12_moderate_floating_0_2,2030,2135.5,.,.
p132_naturalgas_1on1_combined_cycle_hframe_moderate_0,2030,381.333333333336,0.00666666666666682,.
p132_naturalgas_combustion_turbine_fframe_moderate_0,2030,52.3333333333321,.,.
p132_utilityscale_battery_storage_lithium_ion_advanced_0,2030,-83.333333333333,.,-99.666666666667
p132_landbasedwind_class3_moderate_1,2030,-68.6666666666679,.,.
p132_landbasedwind_class3_moderate_2,2030,-68.6666666666679,.,.
p132_utilitypv_class1_moderate_1,2030,207.666666666668,.,.
p132_utilitypv_class1_moderate_2,2030,207.666666666668,.,.
p132_offshorewind_class3_moderate_fixed_1_1,2030,341.666666666672,.,.
p132_offshorewind_class3_moderate_fixed_1_2,2030,341.666666666672,.,.
p132_offshorewind_class3_moderate_fixed_0_1,2030,341.666666666672,.,.
p132_offshorewind_class3_moderate_fixed_0_2,2030,341.666666666672,.,.
p132_offshorewind_class12_moderate_floating_0_1,2030,2135.5,.,.
p132_offshorewind_class12_moderate_floating_0_2,2030,2135.5,.,.
p133_naturalgas_1on1_combined_cycle_hframe_moderate_0,2030,381.333333333336,0.00666666666666682,.
p133_naturalgas_combustion_turbine_fframe_moderate_0,2030,52.3333333333321,.,.
p133_utilityscale_battery_storage_lithium_ion_advanced_0,2030,-83.333333333333,.,-99.666666666667
p133_utilitypv_class1_moderate_1,2030,207.666666666668,.,.
p133_utilitypv_class1_moderate_2,2030,207.666666666668,.,.
p133_offshorewind_class3_moderate_fixed_1_1,2030,341.666666666672,.,.
p133_offshorewind_class3_moderate_fixed_1_2,2030,341.666666666672,.,.
p133_offshorewind_class3_moderate_fixed_0_1,2030,341.666666666672,.,.
p133_offshorewind_class3_moderate_fixed_0_2,2030,341.666666666672,.,.
p133_offshorewind_class12_moderate_floating_0_1,2030,2135.5,.,.
p133_offshorewind_class12_moderate_floating_0_2,2030,2135.5,.,.
p134_naturalgas_1on1_combined_cycle_hframe_moderate_0,2030,381.333333333336,0.00666666666666682,.
p134_naturalgas_combustion_turbine_fframe_moderate_0,2030,52.3333333333321,.,.
p134_utilityscale_battery_storage_lithium_ion_advanced_0,2030,-83.333333333333,.,-99.666666666667
p134_landbasedwind_class3_moderate_1,2030,-68.6666666666679,.,.
p134_landbasedwind_class3_moderate_2,2030,-68.6666666666679,.,.
p134_utilitypv_class1_moderate_1,2030,207.666666666668,.,.
p134_utilitypv_class1_moderate_2,2030,207.666666666668,.,.
p134_offshorewind_class3_moderate_fixed_1_1,2030,341.666666666672,.,.
p134_offshorewind_class3_moderate_fixed_1_2,2030,341.666666666672,.,.
p134_offshorewind_class3_moderate_fixed_0_1,2030,341.666666666672,.,.
p134_offshorewind_class3_moderate_fixed_0_2,2030,341.666666666672,.,.
p134_offshorewind_class12_moderate_floating_0_1,2030,2135.5,.,.
p134_offshorewind_class12_moderate_floating_0_2,2030,2135.5,.,.
p10_conventional_steam_coal_1,2035,644.666666666672,.,.
p10_conventional_steam_coal_2,2035,644.666666666672,.,.
p10_other_peaker_1,2035,.,-0.0766666666666671,.
p101_biomass_1,2035,.,-0.00333333333333385,.
p101_conventional_steam_coal_1,2035,645.333333333328,.,.
p101_conventional_steam_coal_2,2035,645.333333333328,.,.
p101_natural_gas_fired_combustion_turbine_1,2035,-6.66666666666606,.,.
p103_conventional_steam_coal_1,2035,644.666666666672,.,.
p103_conventional_steam_coal_2,2035,7768.66666666667,.,.
p105_conventional_steam_coal_1,2035,645.333333333328,.,.
p107_conventional_steam_coal_1,2035,645,.,.
p107_conventional_steam_coal_2,2035,644.666666666672,.,.
p108_conventional_steam_coal_1,2035,645,.,.
p109_conventional_steam_coal_1,2035,645.333333333328,.,.
p109_conventional_steam_coal_2,2035,644.666666666672,.,.
p111_conventional_steam_coal_1,2035,645,.,.
p111_conventional_steam_coal_2,2035,644.666666666672,.,.
p112_conventional_steam_coal_1,2035,644.666666666672,.,.
p112_conventional_steam_coal_2,2035,645,.,.
p115_conventional_steam_coal_1,2035,644.666666666672,.,.
p115_conventional_steam_coal_2,2035,645,.,.
p116_conventional_steam_coal_1,2035,645,.,.
p116_conventional_steam_coal_2,2035,645,.,.
p117_conventional_steam_coal_1,2035,645.333333333328,.,.
p117_conventional_steam_coal_2,2035,645,.,.
p118_conventional_steam_coal_1,2035,645,.,.
p118_other_peaker_1,2035,.,-0.716666666666667,.
p12_conventional_steam_coal_1,2035,644.666666666672,.,.
p12_conventional_steam_coal_2,2035,644.666666666672,.,.
p122_conventional_steam_coal_1,2035,645.333333333328,.,.
p122_conventional_steam_coal_2,2035,644.666666666672,.,.
p123_petroleum_liquids_1,2035,.,0.633333333333333,.
p130_conventional_steam_coal_1,2035,645,.,.
p130_conventional_steam_coal_2,2035,645,.,.
p131_other_peaker_1,2035,.,-0.0166666666666675,.
p132_other_peaker_1,2035,.,0.00666666666666771,.
p18_conventional_steam_coal_1,2035,645,.,.
p20_conventional_steam_coal_1,2035,645.333333333328,.,.
p20_conventional_steam_coal_2,2035,645.333333333328,.,.
p21_conventional_steam_coal_1,2035,645,.,.
p21_conventional_steam_coal_2,2035,645,.,.
p23_conventional_steam_coal_1,2035,645.333333333328,.,.
p23_conventional_steam_coal_2,2035,645.333333333328,.,.
p24_conventional_steam_coal_1,2035,645.333333333328,.,.
p24_conventional_steam_coal_2,2035,645.333333333328,.,.
p25_conventional_steam_coal_1,2035,645,.,.
p25_conventional_steam_coal_2,2035,645,.,.
p25_natural_gas_fired_combustion_turbine_1,2035,233.333333333334,.,.
p25_other_peaker_1,2035,.,-2.14,.
p26_conventional_steam_coal_1,2035,645.333333333328,.,.
p28_conventional_steam_coal_1,2035,644.666666666672,.,.
p29_conventional_steam_coal_1,2035,28.3333333333285,.,.
p31_other_peaker_1,2035,.,0.626666666666665,.
p33_conventional_steam_coal_1,2035,1823.66666666667,.,.
p34_conventional_steam_coal_2,2035,645.333333333328,.,.
p36_conventional_steam_coal_1,2035,645,.,.
p36_conventional_steam_coal_2,2035,645,.,.
p37_conventional_steam_coal_1,2035,644.666666666672,.,.
p37_conventional_steam_coal_2,2035,645,.,.
p38_conventional_steam_coal_1,2035,644.666666666672,.,.
p40_conventional_steam_coal_1,2035,645.333333333328,.,.
p40_conventional_steam_coal_2,2035,645,.,.
p41_conventional_steam_coal_1,2035,645.333333333328,.,.
p41_conventional_steam_coal_2,2035,644.666666666672,.,.
p42_conventional_steam_coal_1,2035,644.666666666672,.,.
p43_conventional_steam_coal_1,2035,644.666666666672,.,.
p44_conventional_steam_coal_1,2035,644.666666666672,.,.
p45_conventional_steam_coal_1,2035,644.666666666672,.,.
p45_conventional_steam_coal_2,2035,645,.,.
p46_biomass_1,2035,.,0.00333333333333297,.
p46_conventional_steam_coal_1,2035,644.666666666672,.,.
p46_petroleum_liquids_1,2035,.,-1.69666666666667,.
p48_conventional_steam_coal_2,2035,645.333333333328,.,.
p48_other_peaker_1,2035,.,0.0500000000000007,.
p50_conventional_steam_coal_1,2035,645,.,.
p50_conventional_steam_coal_2,2035,645.333333333328,.,.
p50_natural_gas_fired_combustion_turbine_1,2035,-24,.,.
p51_conventional_steam_coal_1,2035,645,.,.
p52_conventional_steam_coal_1,2035,644.666666666672,.,.
p53_conventional_steam_coal_1,2035,644.666666666672,.,.
p53_conventional_steam_coal_2,2035,645,.,.
p54_conventional_steam_coal_1,2035,645,.,.
p54_conventional_steam_coal_2,2035,644.666666666672,.,.
p54_other_peaker_1,2035,.,-0.086666666666666,.
p55_conventional_steam_coal_1,2035,645,.,.
p55_conventional_steam_coal_2,2035,645.333333333328,.,.
p55_natural_gas_fired_combustion_turbine_1,2035,275.333333333334,.,.
p56_conventional_steam_coal_1,2035,645.333333333328,.,.
p57_conventional_steam_coal_1,2035,644.666666666672,.,.
p57_conventional_steam_coal_2,2035,645,.,.
p58_conventional_steam_coal_1,2035,645.333333333328,.,.
p58_conventional_steam_coal_2,2035,645,.,.
p58_other_peaker_1,2035,.,0.256666666666666,.
p59_natural_gas_fired_combustion_turbine_1,2035,-136.333333333334,.,.
p59_other_peaker_1,2035,.,-2.13333333333333,.
p63_conventional_steam_coal_1,2035,645.333333333328,.,.
p63_conventional_steam_coal_2,2035,645.333333333328,.,.
p64_conventional_steam_coal_1,2035,645,.,.
p64_conventional_steam_coal_2,2035,644.666666666672,.,.
p65_conventional_steam_coal_1,2035,645,.,.
p65_conventional_steam_coal_2,2035,645.333333333328,.,.
p65_other_peaker_1,2035,.,0.0233333333333334,.
p66_other_peaker_1,2035,.,-0.00666666666666771,.
p67_conventional_steam_coal_1,2035,645,.,.
p67_conventional_steam_coal_2,2035,645.333333333328,.,.
p70_conventional_steam_coal_1,2035,644.666666666672,.,.
p70_conventional_steam_coal_2,2035,645.333333333328,.,.
p70_natural_gas_fired_combustion_turbine_1,2035,-33,.,.
p72_conventional_steam_coal_1,2035,645,.,.
p72_conventional_steam_coal_2,2035,645.333333333328,.,.
p74_conventional_steam_coal_1,2035,644.666666666672,.,.
p75_conventional_steam_coal_1,2035,645,.,.
p75_conventional_steam_coal_2,2035,645,.,.
p76_conventional_steam_coal_1,2035,644.666666666672,.,.
p79_conventional_steam_coal_1,2035,645,.,.
p79_conventional_steam_coal_2,2035,644.666666666672,.,.
p81_conventional_steam_coal_1,2035,644.666666666672,.,.
p81_conventional_steam_coal_2,2035,645,.,.
p82_conventional_steam_coal_1,2035,645,.,.
p82_conventional_steam_coal_2,2035,645.333333333328,.,.
p83_conventional_steam_coal_1,2035,644.666666666672,.,.
p84_conventional_steam_coal_1,2035,645.333333333328,.,.
p84_conventional_steam_coal_2,2035,644.666666666672,.,.
p85_conventional_steam_coal_1,2035,645,.,.
p85_conventional_steam_coal_2,2035,644.666666666672,.,.
p87_other_peaker_1,2035,.,-0.126666666666666,.
p88_conventional_steam_coal_1,2035,645,.,.
p89_conventional_steam_coal_1,2035,645.333333333328,.,.
p89_conventional_steam_coal_2,2035,645,.,.
p90_conventional_steam_coal_1,2035,645,.,.
p90_conventional_steam_coal_2,2035,644.666666666672,.,.
p92_conventional_steam_coal_2,2035,522,.,.
p92_natural_gas_fired_combustion_turbine_1,2035,20,.,.
p93_conventional_steam_coal_1,2035,645,.,.
p93_conventional_steam_coal_2,2035,741,.,.
p94_conventional_steam_coal_1,2035,645,.,.
p94_conventional_steam_coal_2,2035,645,.,.
p96_conventional_steam_coal_2,2035,645,.,.
p96_petroleum_liquids_1,2035,.,-1.44666666666667,.
p97_conventional_steam_coal_1,2035,645,.,.
p97_conventional_steam_coal_2,2035,488.666666666672,.,.
p97_other_peaker_1,2035,.,-0.0200000000000005,.
p98_conventional_steam_coal_1,2035,645,.,.
p98_conventional_steam_coal_2,2035,645,.,.
p99_conventional_steam_coal_1,2035,644.666666666672,.,.
p99_conventional_steam_coal_2,2035,645,.,.
p1_naturalgas_1on1_combined_cycle_hframe_moderate_0,2035,-1119.66666666666,-0.0533333333333332,.
p1_naturalgas_combustion_turbine_fframe_moderate_0,2035,-515.666666666668,.,.
p1_utilityscale_battery_storage_lithium_ion_advanced_0,2035,-487.333333333333,.,-519.666666666667
p1_landbasedwind_class3_moderate_1,2035,-926.666666666668,.,.
p1_landbasedwind_class3_moderate_2,2035,-926.666666666668,.,.
p1_utilitypv_class1_moderate_1,2035,-2025.33333333333,.,.
p1_utilitypv_class1_moderate_2,2035,-2025.33333333333,.,.
p1_offshorewind_class3_moderate_fixed_1_1,2035,-3101.33333333333,.,.
p1_offshorewind_class3_moderate_fixed_1_2,2035,-3101.33333333333,.,.
p1_offshorewind_class3_moderate_fixed_0_1,2035,-3101.33333333333,.,.
p1_offshorewind_class3_moderate_fixed_0_2,2035,-3101.33333333333,.,.
p1_offshorewind_class12_moderate_floating_0_1,2035,-2135.5,.,.
p1_offshorewind_class12_moderate_floating_0_2,2035,-2135.5,.,.
p2_naturalgas_1on1_combined_cycle_hframe_moderate_0,2035,-1119.66666666666,-0.0533333333333332,.
p2_naturalgas_combustion_turbine_fframe_moderate_0,2035,-515.666666666668,.,.
p2_utilityscale_battery_storage_lithium_ion_advanced_0,2035,-487.333333333333,.,-519.666666666667
p2_landbasedwind_class3_moderate_1,2035,-926.666666666668,.,.
p2_landbasedwind_class3_moderate_2,2035,-926.666666666668,.,.
p2_utilitypv_class1_moderate_1,2035,-2025.33333333333,.,.
p2_utilitypv_class1_moderate_2,2035,-2025.33333333333,.,.
p3_naturalgas_1on1_combined_cycle_hframe_moderate_0,2035,-1119.66666666666,-0.0533333333333332,.
p3_naturalgas_combustion_turbine_fframe_moderate_0,2035,-515.666666666668,.,.
p3_utilityscale_battery_storage_lithium_ion_advanced_0,2035,-487.333333333333,.,-519.666666666667
p3_landbasedwind_class3_moderate_1,2035,-926.666666666668,.,.
p3_landbasedwind_class3_moderate_2,2035,-926.666666666668,.,.
p3_utilitypv_class1_moderate_1,2035,-2025.33333333333,.,.
p3_utilitypv_class1_moderate_2,2035,-2025.33333333333,.,.
p4_naturalgas_1on1_combined_cycle_hframe_moderate_0,2035,-1119.66666666666,-0.0533333333333332,.
p4_naturalgas_combustion_turbine_fframe_moderate_0,2035,-515.666666666668,.,.
p4_utilityscale_battery_storage_lithium_ion_advanced_0,2035,-487.333333333333,.,-519.666666666667
p4_landbasedwind_class3_moderate_1,2035,-926.666666666668,.,.
p4_landbasedwind_class3_moderate_2,2035,-926.666666666668,.,.
p4_utilitypv_class1_moderate_1,2035,-2025.33333333333,.,.
p4_utilitypv_class1_moderate_2,2035,-2025.33333333333,.,.
p5_naturalgas_1on1_combined_cycle_hframe_moderate_0,2035,-1119.66666666666,-0.0533333333333332,.
p5_naturalgas_combustion_turbine_fframe_moderate_0,2035,-515.666666666668,.,.
p5_utilityscale_battery_storage_lithium_ion_advanced_0,2035,-487.333333333333,.,-519.666666666667
p5_landbasedwind_class3_moderate_1,2035,-926.666666666668,.,.
p5_landbasedwind_class3_moderate_2,2035,-926.666666666668,.,.
p5_utilitypv_class1_moderate_1,2035,-2025.33333333333,.,.
p5_utilitypv_class1_moderate_2,2035,-2025.33333333333,.,.
p5_offshorewind_class3_moderate_fixed_1_1,2035,-3101.33333333333,.,.
p5_offshorewind_class3_moderate_fixed_1_2,2035,-3101.33333333333,.,.
p5_offshorewind_class3_moderate_fixed_0_1,2035,-3101.33333333333,.,.
p5_offshorewind_class3_moderate_fixed_0_2,2035,-3101.33333333333,.,.
p5_offshorewind_class12_moderate_floating_0_1,2035,-2135.5,.,.
p5_offshorewind_class12_moderate_floating_0_2,2035,-2135.5,.,.
p6_naturalgas_1on1_combined_cycle_hframe_moderate_0,2035,-1119.66666666666,-0.0533333333333332,.
p6_naturalgas_combustion_turbine_fframe_moderate_0,2035,-515.666666666668,.,.
p6_utilityscale_battery_storage_lithium_ion_advanced_0,2035,-487.333333333333,.,-519.666666666667
p6_landbasedwind_class3_moderate_1,2035,-926.666666666668,.,.
p6_landbasedwind_class3_moderate_2,2035,-926.666666666668,.,.
p6_utilitypv_class1_moderate_1,2035,-2025.33333333333,.,.
p6_utilitypv_class1_moderate_2,2035,-2025.33333333333,.,.
p7_naturalgas_1on1_combined_cycle_hframe_moderate_0,2035,-1119.66666666666,-0.0533333333333332,.
p7_naturalgas_combustion_turbine_fframe_moderate_0,2035,-515.666666666668,.,.
p7_utilityscale_battery_storage_lithium_ion_advanced_0,2035,-487.333333333333,.,-519.666666666667
p7_landbasedwind_class3_moderate_1,2035,-926.666666666668,.,.
p7_landbasedwind_class3_moderate_2,2035,-926.666666666668,.,.
p7_utilitypv_class1_moderate_1,2035,-2025.33333333333,.,.
p7_utilitypv_class1_moderate_2,2035,-2025.33333333333,.,.
p8_naturalgas_1on1_combined_cycle_hframe_moderate_0,2035,-1119.66666666666,-0.0533333333333332,.
p8_naturalgas_combustion_turbine_fframe_moderate_0,2035,-515.666666666668,.,.
p8_utilityscale_battery_storage_lithium_ion_advanced_0,2035,-487.333333333333,.,-519.666666666667
p8_landbasedwind_class3_moderate_1,2035,-926.666666666668,.,.
p8_landbasedwind_class3_moderate_2,2035,-926.666666666668,.,.
p8_utilitypv_class1_moderate_1,2035,-2025.33333333333,.,.
p8_utilitypv_class1_moderate_2,2035,-2025.33333333333,.,.
p9_naturalgas_1on1_combined_cycle_hframe_moderate_0,2035,-1119.66666666666,-0.0533333333333332,.
p9_naturalgas_combustion_turbine_fframe_moderate_0,2035,-515.666666666668,.,.
p9_utilityscale_battery_storage_lithium_ion_advanced_0,2035,-487.333333333333,.,-519.666666666667
p9_landbasedwind_class3_moderate_1,2035,-926.666666666668,.,.
p9_landbasedwind_class3_moderate_2,2035,-926.666666666668,.,.
p9_utilitypv_class1_moderate_1,2035,-2025.33333333333,.,.
p9_utilitypv_class1_moderate_2,2035,-2025.33333333333,.,.
p9_offshorewind_class3_moderate_fixed_1_1,2035,-3101.33333333333,.,.
p9_offshorewind_class3_moderate_fixed_1_2,2035,-3101.33333333333,.,.
p9_offshorewind_class3_moderate_fixed_0_1,2035,-3101.33333333333,.,.
p9_offshorewind_class3_moderate_fixed_0_2,2035,-3101.33333333333,.,.
p9_offshorewind_class12_moderate_floating_0_1,2035,-2135.5,.,.
p9_offshorewind_class12_moderate_floating_0_2,2035,-2135.5,.,.
p10_naturalgas_1on1_combined_cycle_hframe_moderate_0,2035,-1119.66666666666,-0.0533333333333332,.
p10_naturalgas_combustion_turbine_fframe_moderate_0,2035,-515.666666666668,.,.
p10_utilityscale_battery_storage_lithium_ion_advanced_0,2035,-487.333333333333,.,-519.666666666667
p10_landbasedwind_class3_moderate_1,2035,-926.666666666668,.,.
p10_landbasedwind_class3_moderate_2,2035,-926.666666666668,.,.
p10_utilitypv_class1_moderate_1,2035,-2025.33333333333,.,.
p10_utilitypv_class1_moderate_2,2035,-2025.33333333333,.,.
p10_offshorewind_class3_moderate_fixed_1_1,2035,-3101.33333333333,.,.
p10_offshorewind_class3_moderate_fixed_1_2,2035,-3101.33333333333,.,.
p10_offshorewind_class3_moderate_fixed_0_1,2035,-3101.33333333333,.,.
p10_offshorewind_class3_moderate_fixed_0_2,2035,-3101.33333333333,.,.
p10_offshorewind_class12_moderate_floating_0_1,2035,-2135.5,.,.
p10_offshorewind_class12_moderate_floating_0_2,2035,-2135.5,.,.
p11_naturalgas_1on1_combined_cycle_hframe_moderate_0,2035,-1119.66666666666,-0.0533333333333332,.
p11_naturalgas_combustion_turbine_fframe_moderate_0,2035,-515.666666666668,.,.
p11_utilityscale_battery_storage_lithium_ion_advanced_0,2035,-487.333333333333,.,-519.666666666667
p11_landbasedwind_class3_moderate_1,2035,-926.666666666668,.,.
p11_landbasedwind_class3_moderate_2,2035,-926.666666666668,.,.
p11_utilitypv_class1_moderate_1,2035,-2025.33333333333,.,.
p11_utilitypv_class1_moderate_2,2035,-2025.33333333333,.,.
p11_offshorewind_class3_moderate_fixed_1_1,2035,-3101.33333333333,.,.
p11_offshorewind_class3_moderate_fixed_1_2,2035,-3101.33333333333,.,.
p11_offshorewind_class3_moderate_fixed_0_1,2035,-3101.33333333333,.,.
p11_offshorewind_class3_moderate_fixed_0_2,2035,-3101.33333333333,.,.
p11_offshorewind_class12_moderate_floating_0_1,2035,-2135.5,.,.
p11_offshorewind_class12_moderate_floating_0_2,2035,-2135.5,.,.
p12_naturalgas_1on1_combined_cycle_hframe_moderate_0,2035,-1119.66666666666,-0.0533333333333332,.
p12_naturalgas_combustion_turbine_fframe_moderate_0,2035,-515.666666666668,.,.
p12_utilityscale_battery_storage_lithium_ion_advanced_0,2035,-487.333333333333,.,-519.666666666667
p12_landbasedwind_class3_moderate_1,2035,-926.666666666668,.,.
p12_landbasedwind_class3_moderate_2,2035,-926.666666666668,.,.
p12_utilitypv_class1_moderate_1,2035,-2025.33333333333,.,.
p12_utilitypv_class1_moderate_2,2035,-2025.33333333333,.,.
p13_naturalgas_1on1_combined_cycle_hframe_moderate_0,2035,-1119.66666666666,-0.0533333333333332,.
p13_naturalgas_combustion_turbine_fframe_moderate_0,2035,-515.666666666668,.,.
p13_utilityscale_battery_storage_lithium_ion_advanced_0,2035,-487.333333333333,.,-519.666666666667
p13_landbasedwind_class3_moderate_1,2035,-926.666666666668,.,.
p13_landbasedwind_class3_moderate_2,2035,-926.666666666668,.,.
p13_utilitypv_class1_moderate_1,2035,-2025.33333333333,.,.
p13_utilitypv_class1_moderate_2,2035,-2025.33333333333,.,.
p14_naturalgas_1on1_combined_cycle_hframe_moderate_0,2035,-1119.66666666666,-0.0533333333333332,.
p14_naturalgas_combustion_turbine_fframe_moderate_0,2035,-515.666666666668,.,.
p14_utilityscale_battery_storage_lithium_ion_advanced_0,2035,-487.333333333333,.,-519.666666666667
p14_landbasedwind_class3_moderate_1,2035,-926.666666666668,.,.
p14_landbasedwind_class3_moderate_2,2035,-926.666666666668,.,.
p14_utilitypv_class1_moderate_1,2035,-2025.33333333333,.,.
p14_utilitypv_class1_moderate_2,2035,-2025.33333333333,.,.
p15_naturalgas_1on1_combined_cycle_hframe_moderate_0,2035,-1119.66666666666,-0.0533333333333332,.
p15_naturalgas_combustion_turbine_fframe_moderate_0,2035,-515.666666666668,.,.
p15_utilityscale_battery_storage_lithium_ion_advanced_0,2035,-487.333333333333,.,-519.666666666667
p15_landbasedwind_class3_moderate_1,2035,-926.666666666668,.,.
p15_landbasedwind_class3_moderate_2,2035,-926.666666666668,.,.
p15_utilitypv_class1_moderate_1,2035,-2025.33333333333,.,.
p15_utilitypv_class1_moderate_2,2035,-2025.33333333333,.,.
p16_naturalgas_1on1_combined_cycle_hframe_moderate_0,2035,-1119.66666666666,-0.0533333333333332,.
p16_naturalgas_combustion_turbine_fframe_moderate_0,2035,-515.666666666668,.,.
p16_utilityscale_battery_storage_lithium_ion_advanced_0,2035,-487.333333333333,.,-519.666666666667
p16_landbasedwind_class3_moderate_1,2035,-926.666666666668,.,.
p16_landbasedwind_class3_moderate_2,2035,-926.666666666668,.,.
p16_utilitypv_class1_moderate_1,2035,-2025.33333333333,.,.
p16_utilitypv_class1_moderate_2,2035,-2025.33333333333,.,.
p17_naturalgas_1on1_combined_cycle_hframe_moderate_0,2035,-1119.66666666666,-0.0533333333333332,.
p17_naturalgas_combustion_turbine_fframe_moderate_0,2035,-515.666666666668,.,.
p17_utilityscale_battery_storage_lithium_ion_advanced_0,2035,-487.333333333333,.,-519.666666666667
p17_landbasedwind_class3_moderate_1,2035,-926.666666666668,.,.
p17_landbasedwind_class3_moderate_2,2035,-926.666666666668,.,.
p17_utilitypv_class1_moderate_1,2035,-2025.33333333333,.,.
p17_utilitypv_class1_moderate_2,2035,-2025.33333333333,.,.
p18_naturalgas_1on1_combined_cycle_hframe_moderate_0,2035,-1119.66666666666,-0.0533333333333332,.
p18_naturalgas_combustion_turbine_fframe_moderate_0,2035,-515.666666666668,.,.
p18_utilityscale_battery_storage_lithium_ion_advanced_0,2035,-487.333333333333,.,-519.666666666667
p18_landbasedwind_class3_moderate_1,2035,-926.666666666668,.,.
p18_landbasedwind_class3_moderate_2,2035,-926.666666666668,.,.
p18_utilitypv_class1_moderate_1,2035,-2025.33333333333,.,.
p18_utilitypv_class1_moderate_2,2035,-2025.33333333333,.,.
p19_naturalgas_1on1_combined_cycle_hframe_moderate_0,2035,-1119.66666666666,-0.0533333333333332,.
p19_naturalgas_combustion_turbine_fframe_moderate_0,2035,-515.666666666668,.,.
p19_utilityscale_battery_storage_lithium_ion_advanced_0,2035,-487.333333333333,.,-519.666666666667
p19_landbasedwind_class3_moderate_1,2035,-926.666666666668,.,.
p19_landbasedwind_class3_moderate_2,2035,-926.666666666668,.,.
p19_utilitypv_class1_moderate_1,2035,-2025.33333333333,.,.
p19_utilitypv_class1_moderate_2,2035,-2025.33333333333,.,.
p20_naturalgas_1on1_combined_cycle_hframe_moderate_0,2035,-1119.66666666666,-0.0533333333333332,.
p20_naturalgas_combustion_turbine_fframe_moderate_0,2035,-515.666666666668,.,.
p20_utilityscale_battery_storage_lithium_ion_advanced_0,2035,-487.333333333333,.,-519.666666666667
p20_landbasedwind_class3_moderate_1,2035,-926.666666666668,.,.
p20_landbasedwind_class3_moderate_2,2035,-926.666666666668,.,.
p20_utilitypv_class1_moderate_1,2035,-2025.33333333333,.,.
p20_utilitypv_class1_moderate_2,2035,-2025.33333333333,.,.
p21_naturalgas_1on1_combined_cycle_hframe_moderate_0,2035,-1119.66666666666,-0.0533333333333332,.
p21_naturalgas_combustion_turbine_fframe_moderate_0,2035,-515.666666666668,.,.
p21_utilityscale_battery_storage_lithium_ion_advanced_0,2035,-487.333333333333,.,-519.666666666667
p21_landbasedwind_class3_moderate_1,2035,-926.666666666668,.,.
p21_landbasedwind_class3_moderate_2,2035,-926.666666666668,.,.
p21_utilitypv_class1_moderate_1,2035,-2025.33333333333,.,.
p21_utilitypv_class1_moderate_2,2035,-2025.33333333333,.,.
p22_naturalgas_1on1_combined_cycle_hframe_moderate_0,2035,-1119.66666666666,-0.0533333333333332,.
p22_naturalgas_combustion_turbine_fframe_moderate_0,2035,-515.666666666668,.,.
p22_utilityscale_battery_storage_lithium_ion_advanced_0,2035,-487.333333333333,.,-519.666666666667
p22_landbasedwind_class3_moderate_1,2035,-926.666666666668,.,.
p22_landbasedwind_class3_moderate_2,2035,-926.666666666668,.,.
p22_utilitypv_class1_moderate_1,2035,-2025.33333333333,.,.
p22_utilitypv_class1_moderate_2,2035,-2025.33333333333,.,.
p23_naturalgas_1on1_combined_cycle_hframe_moderate_0,2035,-1119.66666666666,-0.0533333333333332,.
p23_naturalgas_combustion_turbine_fframe_moderate_0,2035,-515.666666666668,.,.
p23_utilityscale_battery_storage_lithium_ion_advanced_0,2035,-487.333333333333,.,-519.666666666667
p23_landbasedwind_class3_moderate_1,2035,-926.666666666668,.,.
p23_landbasedwind_class3_moderate_2,2035,-926.666666666668,.,.
p23_utilitypv_class1_moderate_1,2035,-2025.33333333333,.,.
p23_utilitypv_class1_moderate_2,2035,-2025.33333333333,.,.
p24_naturalgas_1on1_combined_cycle_hframe_moderate_0,2035,-1119.66666666666,-0.0533333333333332,.
p24_naturalgas_combustion_turbine_fframe_moderate_0,2035,-515.666666666668,.,.
p24_utilityscale_battery_storage_lithium_ion_advanced_0,2035,-487.333333333333,.,-519.666666666667
p24_landbasedwind_class3_moderate_1,2035,-926.666666666668,.,.
p24_landbasedwind_class3_moderate_2,2035,-926.666666666668,.,.
p24_utilitypv_class1_moderate_1,2035,-2025.33333333333,.,.
p24_utilitypv_class1_moderate_2,2035,-2025.33333333333,.,.
p25_naturalgas_1on1_combined_cycle_hframe_moderate_0,2035,-1119.66666666666,-0.0533333333333332,.
p25_naturalgas_combustion_turbine_fframe_moderate_0,2035,-515.666666666668,.,.
p25_utilityscale_battery_storage_lithium_ion_advanced_0,2035,-487.333333333333,.,-519.666666666667
p25_landbasedwind_class3_moderate_1,2035,-926.666666666668,.,.
p25_landbasedwind_class3_moderate_2,2035,-926.666666666668,.,.
p25_utilitypv_class1_moderate_1,2035,-2025.33333333333,.,.
p25_utilitypv_class1_moderate_2,2035,-2025.33333333333,.,.
p26_naturalgas_1on1_combined_cycle_hframe_moderate_0,2035,-1119.66666666666,-0.0533333333333332,.
p26_naturalgas_combustion_turbine_fframe_moderate_0,2035,-515.666666666668,.,.
p26_utilityscale_battery_storage_lithium_ion_advanced_0,2035,-487.333333333333,.,-519.666666666667
p26_landbasedwind_class3_moderate_1,2035,-926.666666666668,.,.
p26_landbasedwind_class3_moderate_2,2035,-926.666666666668,.,.
p26_utilitypv_class1_moderate_1,2035,-2025.33333333333,.,.
p26_utilitypv_class1_moderate_2,2035,-2025.33333333333,.,.
p27_naturalgas_1on1_combined_cycle_hframe_moderate_0,2035,-1119.66666666666,-0.0533333333333332,.
p27_naturalgas_combustion_turbine_fframe_moderate_0,2035,-515.666666666668,.,.
p27_utilityscale_battery_storage_lithium_ion_advanced_0,2035,-487.333333333333,.,-519.666666666667
p27_landbasedwind_class3_moderate_1,2035,-926.666666666668,.,.
p27_landbasedwind_class3_moderate_2,2035,-926.666666666668,.,.
p27_utilitypv_class1_moderate_1,2035,-2025.33333333333,.,.
p27_utilitypv_class1_moderate_2,2035,-2025.33333333333,.,.
p28_naturalgas_1on1_combined_cycle_hframe_moderate_0,2035,-1119.66666666666,-0.0533333333333332,.
p28_naturalgas_combustion_turbine_fframe_moderate_0,2035,-515.666666666668,.,.
p28_utilityscale_battery_storage_lithium_ion_advanced_0,2035,-487.333333333333,.,-519.666666666667
p28_landbasedwind_class3_moderate_1,2035,-926.666666666668,.,.
p28_landbasedwind_class3_moderate_2,2035,-926.666666666668,.,.
p28_utilitypv_class1_moderate_1,2035,-2025.33333333333,.,.
p28_utilitypv_class1_moderate_2,2035,-2025.33333333333,.,.
p29_naturalgas_1on1_combined_cycle_hframe_moderate_0,2035,-1119.66666666666,-0.0533333333333332,.
p29_naturalgas_combustion_turbine_fframe_moderate_0,2035,-515.666666666668,.,.
p29_utilityscale_battery_storage_lithium_ion_advanced_0,2035,-487.333333333333,.,-519.666666666667
p29_landbasedwind_class3_moderate_1,2035,-926.666666666668,.,.
p29_landbasedwind_class3_moderate_2,2035,-926.666666666668,.,.
p29_utilitypv_class1_moderate_1,2035,-2025.33333333333,.,.
p29_utilitypv_class1_moderate_2,2035,-2025.33333333333,.,.
p30_naturalgas_1on1_combined_cycle_hframe_moderate_0,2035,-1119.66666666666,-0.0533333333333332,.
p30_naturalgas_combustion_turbine_fframe_moderate_0,2035,-515.666666666668,.,.
p30_utilityscale_battery_storage_lithium_ion_advanced_0,2035,-487.333333333333,.,-519.666666666667
p30_landbasedwind_class3_moderate_1,2035,-926.666666666668,.,.
p30_landbasedwind_class3_moderate_2,2035,-926.666666666668,.,.
p30_utilitypv_class1_moderate_1,2035,-2025.33333333333,.,.
p30_utilitypv_class1_moderate_2,2035,-2025.33333333333,.,.
p31_naturalgas_1on1_combined_cycle_hframe_moderate_0,2035,-1119.66666666666,-0.0533333333333332,.
p31_naturalgas_combustion_turbine_fframe_moderate_0,2035,-515.666666666668,.,.
p31_utilityscale_battery_storage_lithium_ion_advanced_0,2035,-487.333333333333,.,-519.666666666667
p31_landbasedwind_class3_moderate_1,2035,-926.666666666668,.,.
p31_landbasedwind_class3_moderate_2,2035,-926.666666666668,.,.
p31_utilitypv_class1_moderate_1,2035,-2025.33333333333,.,.
p31_utilitypv_class1_moderate_2,2035,-2025.33333333333,.,.
p32_naturalgas_1on1_combined_cycle_hframe_moderate_0,2035,-1119.66666666666,-0.0533333333333332,.
p32_naturalgas_combustion_turbine_fframe_moderate_0,2035,-515.666666666668,.,.
p32_utilityscale_battery_storage_lithium_ion_advanced_0,2035,-487.333333333333,.,-519.666666666667
p32_landbasedwind_class3_moderate_1,2035,-926.666666666668,.,.
p32_landbasedwind_class3_moderate_2,2035,-926.666666666668,.,.
p32_utilitypv_class1_moderate_1,2035,-2025.33333333333,.,.
p32_utilitypv_class1_moderate_2,2035,-2025.33333333333,.,.
p33_naturalgas_1on1_combined_cycle_hframe_moderate_0,2035,-1119.66666666666,-0.0533333333333332,.
p33_naturalgas_combustion_turbine_fframe_moderate_0,2035,-515.666666666668,.,.
p33_utilityscale_battery_storage_lithium_ion_advanced_0,2035,-487.333333333333,.,-519.666666666667
p33_landbasedwind_class3_moderate_1,2035,-926.666666666668,.,.
p33_landbasedwind_class3_moderate_2,2035,-926.666666666668,.,.
p33_utilitypv_class1_moderate_1,2035,-2025.33333333333,.,.
p33_utilitypv_class1_moderate_2,2035,-2025.33333333333,.,.
p34_naturalgas_1on1_combined_cycle_hframe_moderate_0,2035,-1119.66666666666,-0.0533333333333332,.
p34_naturalgas_combustion_turbine_fframe_moderate_0,2035,-515.666666666668,.,.
p34_utilityscale_battery_storage_lithium_ion_advanced_0,2035,-487.333333333333,.,-519.666666666667
p34_landbasedwind_class3_moderate_1,2035,-926.666666666668,.,.
p34_landbasedwind_class3_moderate_2,2035,-926.666666666668,.,.
p34_utilitypv_class1_moderate_1,2035,-2025.33333333333,.,.
p34_utilitypv_class1_moderate_2,2035,-2025.33333333333,.,.
p35_naturalgas_1on1_combined_cycle_hframe_moderate_0,2035,-1119.66666666666,-0.0533333333333332,.
p35_naturalgas_combustion_turbine_fframe_moderate_0,2035,-515.666666666668,.,.
p35_utilityscale_battery_storage_lithium_ion_advanced_0,2035,-487.333333333333,.,-519.666666666667
p35_landbasedwind_class3_moderate_1,2035,-926.666666666668,.,.
p35_landbasedwind_class3_moderate_2,2035,-926.666666666668,.,.
p35_utilitypv_class1_moderate_1,2035,-2025.33333333333,.,.
p35_utilitypv_class1_moderate_2,2035,-2025.33333333333,.,.
p36_naturalgas_1on1_combined_cycle_hframe_moderate_0,2035,-1119.66666666666,-0.0533333333333332,.
p36_naturalgas_combustion_turbine_fframe_moderate_0,2035,-515.666666666668,.,.
p36_utilityscale_battery_storage_lithium_ion_advanced_0,2035,-487.333333333333,.,-519.666666666667
p36_landbasedwind_class3_moderate_1,2035,-926.666666666668,.,.
p36_landbasedwind_class3_moderate_2,2035,-926.666666666668,.,.
p36_utilitypv_class1_moderate_1,2035,-2025.33333333333,.,.
p36_utilitypv_class1_moderate_2,2035,-2025.33333333333,.,.
p37_naturalgas_1on1_combined_cycle_hframe_moderate_0,2035,-1119.66666666666,-0.0533333333333332,.
p37_naturalgas_combustion_turbine_fframe_moderate_0,2035,-515.666666666668,.,.
p37_utilityscale_battery_storage_lithium_ion_advanced_0,2035,-487.333333333333,.,-519.666666666667
p37_landbasedwind_class3_moderate_1,2035,-926.666666666668,.,.
p37_landbasedwind_class3_moderate_2,2035,-926.666666666668,.,.
p37_utilitypv_class1_moderate_1,2035,-2025.33333333333,.,.
p37_utilitypv_class1_moderate_2,2035,-2025.33333333333,.,.
p37_offshorewind_class3_moderate_fixed_1_1,2035,-3101.33333333333,.,.
p37_offshorewind_class3_moderate_fixed_1_2,2035,-3101.33333333333,.,.
p37_offshorewind_class3_moderate_fixed_0_1,2035,-3101.33333333333,.,.
p37_offshorewind_class3_moderate_fixed_0_2,2035,-3101.33333333333,.,.
p37_offshorewind_class12_moderate_floating_0_1,2035,-2135.5,.,.
p37_offshorewind_class12_moderate_floating_0_2,2035,-2135.5,.,.
p38_naturalgas_1on1_combined_cycle_hframe_moderate_0,2035,-1119.66666666666,-0.0533333333333332,.
p38_naturalgas_combustion_turbine_fframe_moderate_0,2035,-515.666666666668,.,.
p38_utilityscale_battery_storage_lithium_ion_advanced_0,2035,-487.333333333333,.,-519.666666666667
p38_landbasedwind_class3_moderate_1,2035,-926.666666666668,.,.
p38_landbasedwind_class3_moderate_2,2035,-926.666666666668,.,.
p38_utilitypv_class1_moderate_1,2035,-2025.33333333333,.,.
p38_utilitypv_class1_moderate_2,2035,-2025.33333333333,.,.
p39_naturalgas_1on1_combined_cycle_hframe_moderate_0,2035,-1119.66666666666,-0.0533333333333332,.
p39_naturalgas_combustion_turbine_fframe_moderate_0,2035,-515.666666666668,.,.
p39_utilityscale_battery_storage_lithium_ion_advanced_0,2035,-487.333333333333,.,-519.666666666667
p39_landbasedwind_class3_moderate_1,2035,-926.666666666668,.,.
p39_landbasedwind_class3_moderate_2,2035,-926.666666666668,.,.
p39_utilitypv_class1_moderate_1,2035,-2025.33333333333,.,.
p39_utilitypv_class1_moderate_2,2035,-2025.33333333333,.,.
p40_naturalgas_1on1_combined_cycle_hframe_moderate_0,2035,-1119.66666666666,-0.0533333333333332,.
p40_naturalgas_combustion_turbine_fframe_moderate_0,2035,-515.666666666668,.,.
p40_utilityscale_battery_storage_lithium_ion_advanced_0,2035,-487.333333333333,.,-519.666666666667
p40_landbasedwind_class3_moderate_1,2035,-926.666666666668,.,.
p40_landbasedwind_class3_moderate_2,2035,-926.666666666668,.,.
p40_utilitypv_class1_moderate_1,2035,-2025.33333333333,.,.
p40_utilitypv_class1_moderate_2,2035,-2025.33333333333,.,.
p41_naturalgas_1on1_combined_cycle_hframe_moderate_0,2035,-1119.66666666666,-0.0533333333333332,.
p41_naturalgas_combustion_turbine_fframe_moderate_0,2035,-515.666666666668,.,.
p41_utilityscale_battery_storage_lithium_ion_advanced_0,2035,-487.333333333333,.,-519.666666666667
p41_landbasedwind_class3_moderate_1,2035,-926.666666666668,.,.
p41_landbasedwind_class3_moderate_2,2035,-926.666666666668,.,.
p41_utilitypv_class1_moderate_1,2035,-2025.33333333333,.,.
p41_utilitypv_class1_moderate_2,2035,-2025.33333333333,.,.
p42_naturalgas_1on1_combined_cycle_hframe_moderate_0,2035,-1119.66666666666,-0.0533333333333332,.
p42_naturalgas_combustion_turbine_fframe_moderate_0,2035,-515.666666666668,.,.
p42_utilityscale_battery_storage_lithium_ion_advanced_0,2035,-487.333333333333,.,-519.666666666667
p42_landbasedwind_class3_moderate_1,2035,-926.666666666668,.,.
p42_landbasedwind_class3_moderate_2,2035,-926.666666666668,.,.
p42_utilitypv_class1_moderate_1,2035,-2025.33333333333,.,.
p42_utilitypv_class1_moderate_2,2035,-2025.33333333333,.,.
p43_naturalgas_1on1_combined_cycle_hframe_moderate_0,2035,-1119.66666666666,-0.0533333333333332,.
p43_naturalgas_combustion_turbine_fframe_moderate_0,2035,-515.666666666668,.,.
p43_utilityscale_battery_storage_lithium_ion_advanced_0,2035,-487.333333333333,.,-519.666666666667
p43_landbasedwind_class3_moderate_1,2035,-926.666666666668,.,.
p43_landbasedwind_class3_moderate_2,2035,-926.666666666668,.,.
p43_utilitypv_class1_moderate_1,2035,-2025.33333333333,.,.
p43_utilitypv_class1_moderate_2,2035,-2025.33333333333,.,.
p43_offshorewind_class3_moderate_fixed_1_1,2035,-3101.33333333333,.,.
p43_offshorewind_class3_moderate_fixed_1_2,2035,-3101.33333333333,.,.
p43_offshorewind_class3_moderate_fixed_0_1,2035,-3101.33333333333,.,.
p43_offshorewind_class3_moderate_fixed_0_2,2035,-3101.33333333333,.,.
p43_offshorewind_class12_moderate_floating_0_1,2035,-2135.5,.,.
p43_offshorewind_class12_moderate_floating_0_2,2035,-2135.5,.,.
p44_naturalgas_1on1_combined_cycle_hframe_moderate_0,2035,-1119.66666666666,-0.0533333333333332,.
p44_naturalgas_combustion_turbine_fframe_moderate_0,2035,-515.666666666668,.,.
p44_utilityscale_battery_storage_lithium_ion_advanced_0,2035,-487.333333333333,.,-519.666666666667
p44_landbasedwind_class3_moderate_1,2035,-926.666666666668,.,.
p44_landbasedwind_class3_moderate_2,2035,-926.666666666668,.,.
p44_utilitypv_class1_moderate_1,2035,-2025.33333333333,.,.
p44_utilitypv_class1_moderate_2,2035,-2025.33333333333,.,.
p45_naturalgas_1on1_combined_cycle_hframe_moderate_0,2035,-1119.66666666666,-0.0533333333333332,.
p45_naturalgas_combustion_turbine_fframe_moderate_0,2035,-515.666666666668,.,.
p45_utilityscale_battery_storage_lithium_ion_advanced_0,2035,-487.333333333333,.,-519.666666666667
p45_landbasedwind_class3_moderate_1,2035,-926.666666666668,.,.
p45_landbasedwind_class3_moderate_2,2035,-926.666666666668,.,.
p45_utilitypv_class1_moderate_1,2035,-2025.33333333333,.,.
p45_utilitypv_class1_moderate_2,2035,-2025.33333333333,.,.
p46_naturalgas_1on1_combined_cycle_hframe_moderate_0,2035,-1119.66666666666,-0.0533333333333332,.
p46_naturalgas_combustion_turbine_fframe_moderate_0,2035,-515.666666666668,.,.
p46_utilityscale_battery_storage_lithium_ion_advanced_0,2035,-487.333333333333,.,-519.666666666667
p46_landbasedwind_class3_moderate_1,2035,-926.666666666668,.,.
p46_landbasedwind_class3_moderate_2,2035,-926.666666666668,.,.
p46_utilitypv_class1_moderate_1,2035,-2025.33333333333,.,.
p46_utilitypv_class1_moderate_2,2035,-2025.33333333333,.,.
p47_naturalgas_1on1_combined_cycle_hframe_moderate_0,2035,-1119.66666666666,-0.0533333333333332,.
p47_naturalgas_combustion_turbine_fframe_moderate_0,2035,-515.666666666668,.,.
p47_utilityscale_battery_storage_lithium_ion_advanced_0,2035,-487.333333333333,.,-519.666666666667
p47_landbasedwind_class3_moderate_1,2035,-926.666666666668,.,.
p47_landbasedwind_class3_moderate_2,2035,-926.666666666668,.,.
p47_utilitypv_class1_moderate_1,2035,-2025.33333333333,.,.
p47_utilitypv_class1_moderate_2,2035,-2025.33333333333,.,.
p48_naturalgas_1on1_combined_cycle_hframe_moderate_0,2035,-1119.66666666666,-0.0533333333333332,.
p48_naturalgas_combustion_turbine_fframe_moderate_0,2035,-515.666666666668,.,.
p48_utilityscale_battery_storage_lithium_ion_advanced_0,2035,-487.333333333333,.,-519.666666666667
p48_landbasedwind_class3_moderate_1,2035,-926.666666666668,.,.
p48_landbasedwind_class3_moderate_2,2035,-926.666666666668,.,.
p48_utilitypv_class1_moderate_1,2035,-2025.33333333333,.,.
p48_utilitypv_class1_moderate_2,2035,-2025.33333333333,.,.
p49_naturalgas_1on1_combined_cycle_hframe_moderate_0,2035,-1119.66666666666,-0.0533333333333332,.
p49_naturalgas_combustion_turbine_fframe_moderate_0,2035,-515.666666666668,.,.
p49_utilityscale_battery_storage_lithium_ion_advanced_0,2035,-487.333333333333,.,-519.666666666667
p49_landbasedwind_class3_moderate_1,2035,-926.666666666668,.,.
p49_landbasedwind_class3_moderate_2,2035,-926.666666666668,.,.
p49_utilitypv_class1_moderate_1,2035,-2025.33333333333,.,.
p49_utilitypv_class1_moderate_2,2035,-2025.33333333333,.,.
p50_naturalgas_1on1_combined_cycle_hframe_moderate_0,2035,-1119.66666666666,-0.0533333333333332,.
p50_naturalgas_combustion_turbine_fframe_moderate_0,2035,-515.666666666668,.,.
p50_utilityscale_battery_storage_lithium_ion_advanced_0,2035,-487.333333333333,.,-519.666666666667
p50_landbasedwind_class3_moderate_1,2035,-926.666666666668,.,.
p50_landbasedwind_class3_moderate_2,2035,-926.666666666668,.,.
p50_utilitypv_class1_moderate_1,2035,-2025.33333333333,.,.
p50_utilitypv_class1_moderate_2,2035,-2025.33333333333,.,.
p51_naturalgas_1on1_combined_cycle_hframe_moderate_0,2035,-1119.66666666666,-0.0533333333333332,.
p51_naturalgas_combustion_turbine_fframe_moderate_0,2035,-515.666666666668,.,.
p51_utilityscale_battery_storage_lithium_ion_advanced_0,2035,-487.333333333333,.,-519.666666666667
p51_landbasedwind_class3_moderate_1,2035,-926.666666666668,.,.
p51_landbasedwind_class3_moderate_2,2035,-926.666666666668,.,.
p51_utilitypv_class1_moderate_1,2035,-2025.33333333333,.,.
p51_utilitypv_class1_moderate_2,2035,-2025.33333333333,.,.
p52_naturalgas_1on1_combined_cycle_hframe_moderate_0,2035,-1119.66666666666,-0.0533333333333332,.
p52_naturalgas_combustion_turbine_fframe_moderate_0,2035,-515.666666666668,.,.
p52_utilityscale_battery_storage_lithium_ion_advanced_0,2035,-487.333333333333,.,-519.666666666667
p52_landbasedwind_class3_moderate_1,2035,-926.666666666668,.,.
p52_landbasedwind_class3_moderate_2,2035,-926.666666666668,.,.
p52_utilitypv_class1_moderate_1,2035,-2025.33333333333,.,.
p52_utilitypv_class1_moderate_2,2035,-2025.33333333333,.,.
p53_naturalgas_1on1_combined_cycle_hframe_moderate_0,2035,-1119.66666666666,-0.0533333333333332,.
p53_naturalgas_combustion_turbine_fframe_moderate_0,2035,-515.666666666668,.,.
p53_utilityscale_battery_storage_lithium_ion_advanced_0,2035,-487.333333333333,.,-519.666666666667
p53_landbasedwind_class3_moderate_1,2035,-926.666666666668,.,.
p53_landbasedwind_class3_moderate_2,2035,-926.666666666668,.,.
p53_utilitypv_class1_moderate_1,2035,-2025.33333333333,.,.
p53_utilitypv_class1_moderate_2,2035,-2025.33333333333,.,.
p54_naturalgas_1on1_combined_cycle_hframe_moderate_0,2035,-1119.66666666666,-0.0533333333333332,.
p54_naturalgas_combustion_turbine_fframe_moderate_0,2035,-515.666666666668,.,.
p54_utilityscale_battery_storage_lithium_ion_advanced_0,2035,-487.333333333333,.,-519.666666666667
p54_landbasedwind_class3_moderate_1,2035,-926.666666666668,.,.
p54_landbasedwind_class3_moderate_2,2035,-926.666666666668,.,.
p54_utilitypv_class1_moderate_1,2035,-2025.33333333333,.,.
p54_utilitypv_class1_moderate_2,2035,-2025.33333333333,.,.
p55_naturalgas_1on1_combined_cycle_hframe_moderate_0,2035,-1119.66666666666,-0.0533333333333332,.
p55_naturalgas_combustion_turbine_fframe_moderate_0,2035,-515.666666666668,.,.
p55_utilityscale_battery_storage_lithium_ion_advanced_0,2035,-487.333333333333,.,-519.666666666667
p55_landbasedwind_class3_moderate_1,2035,-926.666666666668,.,.
p55_landbasedwind_class3_moderate_2,2035,-926.666666666668,.,.
p55_utilitypv_class1_moderate_1,2035,-2025.33333333333,.,.
p55_utilitypv_class1_moderate_2,2035,-2025.33333333333,.,.
p56_naturalgas_1on1_combined_cycle_hframe_moderate_0,2035,-1119.66666666666,-0.0533333333333332,.
p56_naturalgas_combustion_turbine_fframe_moderate_0,2035,-515.666666666668,.,.
p56_utilityscale_battery_storage_lithium_ion_advanced_0,2035,-487.333333333333,.,-519.666666666667
p56_landbasedwind_class3_moderate_1,2035,-926.666666666668,.,.
p56_landbasedwind_class3_moderate_2,2035,-926.666666666668,.,.
p56_utilitypv_class1_moderate_1,2035,-2025.33333333333,.,.
p56_utilitypv_class1_moderate_2,2035,-2025.33333333333,.,.
p57_naturalgas_1on1_combined_cycle_hframe_moderate_0,2035,-1119.66666666666,-0.0533333333333332,.
p57_naturalgas_combustion_turbine_fframe_moderate_0,2035,-515.666666666668,.,.
p57_utilityscale_battery_storage_lithium_ion_advanced_0,2035,-487.333333333333,.,-519.666666666667
p57_landbasedwind_class3_moderate_1,2035,-926.666666666668,.,.
p57_landbasedwind_class3_moderate_2,2035,-926.666666666668,.,.
p57_utilitypv_class1_moderate_1,2035,-2025.33333333333,.,.
p57_utilitypv_class1_moderate_2,2035,-2025.33333333333,.,.
p58_naturalgas_1on1_combined_cycle_hframe_moderate_0,2035,-1119.66666666666,-0.0533333333333332,.
p58_naturalgas_combustion_turbine_fframe_moderate_0,2035,-515.666666666668,.,.
p58_utilityscale_battery_storage_lithium_ion_advanced_0,2035,-487.333333333333,.,-519.666666666667
p58_landbasedwind_class3_moderate_1,2035,-926.666666666668,.,.
p58_landbasedwind_class3_moderate_2,2035,-926.666666666668,.,.
p58_utilitypv_class1_moderate_1,2035,-2025.33333333333,.,.
p58_utilitypv_class1_moderate_2,2035,-2025.33333333333,.,.
p58_offshorewind_class3_moderate_fixed_1_1,2035,-3101.33333333333,.,.
p58_offshorewind_class3_moderate_fixed_1_2,2035,-3101.33333333333,.,.
p58_offshorewind_class3_moderate_fixed_0_1,2035,-3101.33333333333,.,.
p58_offshorewind_class3_moderate_fixed_0_2,2035,-3101.33333333333,.,.
p58_offshorewind_class12_moderate_floating_0_1,2035,-2135.5,.,.
p58_offshorewind_class12_moderate_floating_0_2,2035,-2135.5,.,.
p59_naturalgas_1on1_combined_cycle_hframe_moderate_0,2035,-1119.66666666666,-0.0533333333333332,.
p59_naturalgas_combustion_turbine_fframe_moderate_0,2035,-515.666666666668,.,.
p59_utilityscale_battery_storage_lithium_ion_advanced_0,2035,-487.333333333333,.,-519.666666666667
p59_landbasedwind_class3_moderate_1,2035,-926.666666666668,.,.
p59_landbasedwind_class3_moderate_2,2035,-926.666666666668,.,.
p59_utilitypv_class1_moderate_1,2035,-2025.33333333333,.,.
p59_utilitypv_class1_moderate_2,2035,-2025.33333333333,.,.
p60_naturalgas_1on1_combined_cycle_hframe_moderate_0,2035,-1119.66666666666,-0.0533333333333332,.
p60_naturalgas_combustion_turbine_fframe_moderate_0,2035,-515.666666666668,.,.
p60_utilityscale_battery_storage_lithium_ion_advanced_0,2035,-487.333333333333,.,-519.666666666667
p60_landbasedwind_class3_moderate_1,2035,-926.666666666668,.,.
p60_landbasedwind_class3_moderate_2,2035,-926.666666666668,.,.
p60_utilitypv_class1_moderate_1,2035,-2025.33333333333,.,.
p60_utilitypv_class1_moderate_2,2035,-2025.33333333333,.,.
p61_naturalgas_1on1_combined_cycle_hframe_moderate_0,2035,-1119.66666666666,-0.0533333333333332,.
p61_naturalgas_combustion_turbine_fframe_moderate_0,2035,-515.666666666668,.,.
p61_utilityscale_battery_storage_lithium_ion_advanced_0,2035,-487.333333333333,.,-519.666666666667
p61_landbasedwind_class3_moderate_1,2035,-926.666666666668,.,.
p61_landbasedwind_class3_moderate_2,2035,-926.666666666668,.,.
p61_utilitypv_class1_moderate_1,2035,-2025.33333333333,.,.
p61_utilitypv_class1_moderate_2,2035,-2025.33333333333,.,.
p62_naturalgas_1on1_combined_cycle_hframe_moderate_0,2035,-1119.66666666666,-0.0533333333333332,.
p62_naturalgas_combustion_turbine_fframe_moderate_0,2035,-515.666666666668,.,.
p62_utilityscale_battery_storage_lithium_ion_advanced_0,2035,-487.333333333333,.,-519.666666666667
p62_landbasedwind_class3_moderate_1,2035,-926.666666666668,.,.
p62_landbasedwind_class3_moderate_2,2035,-926.666666666668,.,.
p62_utilitypv_class1_moderate_1,2035,-2025.33333333333,.,.
p62_utilitypv_class1_moderate_2,2035,-2025.33333333333,.,.
p63_naturalgas_1on1_combined_cycle_hframe_moderate_0,2035,-1119.66666666666,-0.0533333333333332,.
p63_naturalgas_combustion_turbine_fframe_moderate_0,2035,-515.666666666668,.,.
p63_utilityscale_battery_storage_lithium_ion_advanced_0,2035,-487.333333333333,.,-519.666666666667
p63_landbasedwind_class3_moderate_1,2035,-926.666666666668,.,.
p63_landbasedwind_class3_moderate_2,2035,-926.666666666668,.,.
p63_utilitypv_class1_moderate_1,2035,-2025.33333333333,.,.
p63_utilitypv_class1_moderate_2,2035,-2025.33333333333,.,.
p64_naturalgas_1on1_combined_cycle_hframe_moderate_0,2035,-1119.66666666666,-0.0533333333333332,.
p64_naturalgas_combustion_turbine_fframe_moderate_0,2035,-515.666666666668,.,.
p64_utilityscale_battery_storage_lithium_ion_advanced_0,2035,-487.333333333333,.,-519.666666666667
p64_landbasedwind_class3_moderate_1,2035,-926.666666666668,.,.
p64_landbasedwind_class3_moderate_2,2035,-926.666666666668,.,.
p64_utilitypv_class1_moderate_1,2035,-2025.33333333333,.,.
p64_utilitypv_class1_moderate_2,2035,-2025.33333333333,.,.
p64_offshorewind_class3_moderate_fixed_1_1,2035,-3101.33333333333,.,.
p64_offshorewind_class3_moderate_fixed_1_2,2035,-3101.33333333333,.,.
p64_offshorewind_class3_moderate_fixed_0_1,2035,-3101.33333333333,.,.
p64_offshorewind_class3_moderate_fixed_0_2,2035,-3101.33333333333,.,.
p64_offshorewind_class12_moderate_floating_0_1,2035,-2135.5,.,.
p64_offshorewind_class12_moderate_floating_0_2,2035,-2135.5,.,.
p65_naturalgas_1on1_combined_cycle_hframe_moderate_0,2035,-1119.66666666666,-0.0533333333333332,.
p65_naturalgas_combustion_turbine_fframe_moderate_0,2035,-515.666666666668,.,.
p65_utilityscale_battery_storage_lithium_ion_advanced_0,2035,-487.333333333333,.,-519.666666666667
p65_landbasedwind_class3_moderate_1,2035,-926.666666666668,.,.
p65_landbasedwind_class3_moderate_2,2035,-926.666666666668,.,.
p65_utilitypv_class1_moderate_1,2035,-2025.33333333333,.,.
p65_utilitypv_class1_moderate_2,2035,-2025.33333333333,.,.
p65_offshorewind_class3_moderate_fixed_1_1,2035,-3101.33333333333,.,.
p65_offshorewind_class3_moderate_fixed_1_2,2035,-3101.33333333333,.,.
p65_offshorewind_class3_moderate_fixed_0_1,2035,-3101.33333333333,.,.
p65_offshorewind_class3_moderate_fixed_0_2,2035,-3101.33333333333,.,.
p65_offshorewind_class12_moderate_floating_0_1,2035,-2135.5,.,.
p65_offshorewind_class12_moderate_floating_0_2,2035,-2135.5,.,.
p66_naturalgas_1on1_combined_cycle_hframe_moderate_0,2035,-1119.66666666666,-0.0533333333333332,.
p66_naturalgas_combustion_turbine_fframe_moderate_0,2035,-515.666666666668,.,.
p66_utilityscale_battery_storage_lithium_ion_advanced_0,2035,-487.333333333333,.,-519.666666666667
p66_landbasedwind_class3_moderate_1,2035,-926.666666666668,.,.
p66_landbasedwind_class3_moderate_2,2035,-926.666666666668,.,.
p66_utilitypv_class1_moderate_1,2035,-2025.33333333333,.,.
p66_utilitypv_class1_moderate_2,2035,-2025.33333333333,.,.
p66_offshorewind_class3_moderate_fixed_1_1,2035,-3101.33333333333,.,.
p66_offshorewind_class3_moderate_fixed_1_2,2035,-3101.33333333333,.,.
p66_offshorewind_class3_moderate_fixed_0_1,2035,-3101.33333333333,.,.
p66_offshorewind_class3_moderate_fixed_0_2,2035,-3101.33333333333,.,.
p66_offshorewind_class12_moderate_floating_0_1,2035,-2135.5,.,.
p66_offshorewind_class12_moderate_floating_0_2,2035,-2135.5,.,.
p67_naturalgas_1on1_combined_cycle_hframe_moderate_0,2035,-1119.66666666666,-0.0533333333333332,.
p67_naturalgas_combustion_turbine_fframe_moderate_0,2035,-515.666666666668,.,.
p67_utilityscale_battery_storage_lithium_ion_advanced_0,2035,-487.333333333333,.,-519.666666666667
p67_landbasedwind_class3_moderate_1,2035,-926.666666666668,.,.
p67_landbasedwind_class3_moderate_2,2035,-926.666666666668,.,.
p67_utilitypv_class1_moderate_1,2035,-2025.33333333333,.,.
p67_utilitypv_class1_moderate_2,2035,-2025.33333333333,.,.
p67_offshorewind_class3_moderate_fixed_1_1,2035,-3101.33333333333,.,.
p67_offshorewind_class3_moderate_fixed_1_2,2035,-3101.33333333333,.,.
p67_offshorewind_class3_moderate_fixed_0_1,2035,-3101.33333333333,.,.
p67_offshorewind_class3_moderate_fixed_0_2,2035,-3101.33333333333,.,.
p67_offshorewind_class12_moderate_floating_0_1,2035,-2135.5,.,.
p67_offshorewind_class12_moderate_floating_0_2,2035,-2135.5,.,.
p68_naturalgas_1on1_combined_cycle_hframe_moderate_0,2035,-1119.66666666666,-0.0533333333333332,.
p68_naturalgas_combustion_turbine_fframe_moderate_0,2035,-515.666666666668,.,.
p68_utilityscale_battery_storage_lithium_ion_advanced_0,2035,-487.333333333333,.,-519.666666666667
p68_landbasedwind_class3_moderate_1,2035,-926.666666666668,.,.
p68_landbasedwind_class3_moderate_2,2035,-926.666666666668,.,.
p68_utilitypv_class1_moderate_1,2035,-2025.33333333333,.,.
p68_utilitypv_class1_moderate_2,2035,-2025.33333333333,.,.
p69_naturalgas_1on1_combined_cycle_hframe_moderate_0,2035,-1119.66666666666,-0.0533333333333332,.
p69_naturalgas_combustion_turbine_fframe_moderate_0,2035,-515.666666666668,.,.
p69_utilityscale_battery_storage_lithium_ion_advanced_0,2035,-487.333333333333,.,-519.666666666667
p69_landbasedwind_class3_moderate_1,2035,-926.666666666668,.,.
p69_landbasedwind_class3_moderate_2,2035,-926.666666666668,.,.
p69_utilitypv_class1_moderate_1,2035,-2025.33333333333,.,.
p69_utilitypv_class1_moderate_2,2035,-2025.33333333333,.,.
p70_naturalgas_1on1_combined_cycle_hframe_moderate_0,2035,-1119.66666666666,-0.0533333333333332,.
p70_naturalgas_combustion_turbine_fframe_moderate_0,2035,-515.666666666668,.,.
p70_utilityscale_battery_storage_lithium_ion_advanced_0,2035,-487.333333333333,.,-519.666666666667
p70_landbasedwind_class3_moderate_1,2035,-926.666666666668,.,.
p70_landbasedwind_class3_moderate_2,2035,-926.666666666668,.,.
p70_utilitypv_class1_moderate_1,2035,-2025.33333333333,.,.
p70_utilitypv_class1_moderate_2,2035,-2025.33333333333,.,.
p71_naturalgas_1on1_combined_cycle_hframe_moderate_0,2035,-1119.66666666666,-0.0533333333333332,.
p71_naturalgas_combustion_turbine_fframe_moderate_0,2035,-515.666666666668,.,.
p71_utilityscale_battery_storage_lithium_ion_advanced_0,2035,-487.333333333333,.,-519.666666666667
p71_landbasedwind_class3_moderate_1,2035,-926.666666666668,.,.
p71_landbasedwind_class3_moderate_2,2035,-926.666666666668,.,.
p71_utilitypv_class1_moderate_1,2035,-2025.33333333333,.,.
p71_utilitypv_class1_moderate_2,2035,-2025.33333333333,.,.
p72_naturalgas_1on1_combined_cycle_hframe_moderate_0,2035,-1119.66666666666,-0.0533333333333332,.
p72_naturalgas_combustion_turbine_fframe_moderate_0,2035,-515.666666666668,.,.
p72_utilityscale_battery_storage_lithium_ion_advanced_0,2035,-487.333333333333,.,-519.666666666667
p72_landbasedwind_class3_moderate_1,2035,-926.666666666668,.,.
p72_landbasedwind_class3_moderate_2,2035,-926.666666666668,.,.
p72_utilitypv_class1_moderate_1,2035,-2025.33333333333,.,.
p72_utilitypv_class1_moderate_2,2035,-2025.33333333333,.,.
p73_naturalgas_1on1_combined_cycle_hframe_moderate_0,2035,-1119.66666666666,-0.0533333333333332,.
p73_naturalgas_combustion_turbine_fframe_moderate_0,2035,-515.666666666668,.,.
p73_utilityscale_battery_storage_lithium_ion_advanced_0,2035,-487.333333333333,.,-519.666666666667
p73_landbasedwind_class3_moderate_1,2035,-926.666666666668,.,.
p73_landbasedwind_class3_moderate_2,2035,-926.666666666668,.,.
p73_utilitypv_class1_moderate_1,2035,-2025.33333333333,.,.
p73_utilitypv_class1_moderate_2,2035,-2025.33333333333,.,.
p74_naturalgas_1on1_combined_cycle_hframe_moderate_0,2035,-1119.66666666666,-0.0533333333333332,.
p74_naturalgas_combustion_turbine_fframe_moderate_0,2035,-515.666666666668,.,.
p74_utilityscale_battery_storage_lithium_ion_advanced_0,2035,-487.333333333333,.,-519.666666666667
p74_landbasedwind_class3_moderate_1,2035,-926.666666666668,.,.
p74_landbasedwind_class3_moderate_2,2035,-926.666666666668,.,.
p74_utilitypv_class1_moderate_1,2035,-2025.33333333333,.,.
p74_utilitypv_class1_moderate_2,2035,-2025.33333333333,.,.
p74_offshorewind_class3_moderate_fixed_1_1,2035,-3101.33333333333,.,.
p74_offshorewind_class3_moderate_fixed_1_2,2035,-3101.33333333333,.,.
p74_offshorewind_class3_moderate_fixed_0_1,2035,-3101.33333333333,.,.
p74_offshorewind_class3_moderate_fixed_0_2,2035,-3101.33333333333,.,.
p74_offshorewind_class12_moderate_floating_0_1,2035,-2135.5,.,.
p74_offshorewind_class12_moderate_floating_0_2,2035,-2135.5,.,.
p75_naturalgas_1on1_combined_cycle_hframe_moderate_0,2035,-1119.66666666666,-0.0533333333333332,.
p75_naturalgas_combustion_turbine_fframe_moderate_0,2035,-515.666666666668,.,.
p75_utilityscale_battery_storage_lithium_ion_advanced_0,2035,-487.333333333333,.,-519.666666666667
p75_landbasedwind_class3_moderate_1,2035,-926.666666666668,.,.
p75_landbasedwind_class3_moderate_2,2035,-926.666666666668,.,.
p75_utilitypv_class1_moderate_1,2035,-2025.33333333333,.,.
p75_utilitypv_class1_moderate_2,2035,-2025.33333333333,.,.
p75_offshorewind_class3_moderate_fixed_1_1,2035,-3101.33333333333,.,.
p75_offshorewind_class3_moderate_fixed_1_2,2035,-3101.33333333333,.,.
p75_offshorewind_class3_moderate_fixed_0_1,2035,-3101.33333333333,.,.
p75_offshorewind_class3_moderate_fixed_0_2,2035,-3101.33333333333,.,.
p75_offshorewind_class12_moderate_floating_0_1,2035,-2135.5,.,.
p75_offshorewind_class12_moderate_floating_0_2,2035,-2135.5,.,.
p76_naturalgas_1on1_combined_cycle_hframe_moderate_0,2035,-1119.66666666666,-0.0533333333333332,.
p76_naturalgas_combustion_turbine_fframe_moderate_0,2035,-515.666666666668,.,.
p76_utilityscale_battery_storage_lithium_ion_advanced_0,2035,-487.333333333333,.,-519.666666666667
p76_landbasedwind_class3_moderate_1,2035,-926.666666666668,.,.
p76_landbasedwind_class3_moderate_2,2035,-926.666666666668,.,.
p76_utilitypv_class1_moderate_1,2035,-2025.33333333333,.,.
p76_utilitypv_class1_moderate_2,2035,-2025.33333333333,.,.
p76_offshorewind_class3_moderate_fixed_1_1,2035,-3101.33333333333,.,.
p76_offshorewind_class3_moderate_fixed_1_2,2035,-3101.33333333333,.,.
p76_offshorewind_class3_moderate_fixed_0_1,2035,-3101.33333333333,.,.
p76_offshorewind_class3_moderate_fixed_0_2,2035,-3101.33333333333,.,.
p76_offshorewind_class12_moderate_floating_0_1,2035,-2135.5,.,.
p76_offshorewind_class12_moderate_floating_0_2,2035,-2135.5,.,.
p77_naturalgas_1on1_combined_cycle_hframe_moderate_0,2035,-1119.66666666666,-0.0533333333333332,.
p77_naturalgas_combustion_turbine_fframe_moderate_0,2035,-515.666666666668,.,.
p77_utilityscale_battery_storage_lithium_ion_advanced_0,2035,-487.333333333333,.,-519.666666666667
p77_landbasedwind_class3_moderate_1,2035,-926.666666666668,.,.
p77_landbasedwind_class3_moderate_2,2035,-926.666666666668,.,.
p77_utilitypv_class1_moderate_1,2035,-2025.33333333333,.,.
p77_utilitypv_class1_moderate_2,2035,-2025.33333333333,.,.
p78_naturalgas_1on1_combined_cycle_hframe_moderate_0,2035,-1119.66666666666,-0.0533333333333332,.
p78_naturalgas_combustion_turbine_fframe_moderate_0,2035,-515.666666666668,.,.
p78_utilityscale_battery_storage_lithium_ion_advanced_0,2035,-487.333333333333,.,-519.666666666667
p78_landbasedwind_class3_moderate_1,2035,-926.666666666668,.,.
p78_landbasedwind_class3_moderate_2,2035,-926.666666666668,.,.
p78_utilitypv_class1_moderate_1,2035,-2025.33333333333,.,.
p78_utilitypv_class1_moderate_2,2035,-2025.33333333333,.,.
p79_naturalgas_1on1_combined_cycle_hframe_moderate_0,2035,-1119.66666666666,-0.0533333333333332,.
p79_naturalgas_combustion_turbine_fframe_moderate_0,2035,-515.666666666668,.,.
p79_utilityscale_battery_storage_lithium_ion_advanced_0,2035,-487.333333333333,.,-519.666666666667
p79_landbasedwind_class3_moderate_1,2035,-926.666666666668,.,.
p79_landbasedwind_class3_moderate_2,2035,-926.666666666668,.,.
p79_utilitypv_class1_moderate_1,2035,-2025.33333333333,.,.
p79_utilitypv_class1_moderate_2,2035,-2025.33333333333,.,.
p79_offshorewind_class3_moderate_fixed_1_1,2035,-3101.33333333333,.,.
p79_offshorewind_class3_moderate_fixed_1_2,2035,-3101.33333333333,.,.
p79_offshorewind_class3_moderate_fixed_0_1,2035,-3101.33333333333,.,.
p79_offshorewind_class3_moderate_fixed_0_2,2035,-3101.33333333333,.,.
p79_offshorewind_class12_moderate_floating_0_1,2035,-2135.5,.,.
p79_offshorewind_class12_moderate_floating_0_2,2035,-2135.5,.,.
p80_naturalgas_1on1_combined_cycle_hframe_moderate_0,2035,-1119.66666666666,-0.0533333333333332,.
p80_naturalgas_combustion_turbine_fframe_moderate_0,2035,-515.666666666668,.,.
p80_utilityscale_battery_storage_lithium_ion_advanced_0,2035,-487.333333333333,.,-519.666666666667
p80_landbasedwind_class3_moderate_1,2035,-926.666666666668,.,.
p80_landbasedwind_class3_moderate_2,2035,-926.666666666668,.,.
p80_utilitypv_class1_moderate_1,2035,-2025.33333333333,.,.
p80_utilitypv_class1_moderate_2,2035,-2025.33333333333,.,.
p80_offshorewind_class3_moderate_fixed_1_1,2035,-3101.33333333333,.,.
p80_offshorewind_class3_moderate_fixed_1_2,2035,-3101.33333333333,.,.
p80_offshorewind_class3_moderate_fixed_0_1,2035,-3101.33333333333,.,.
p80_offshorewind_class3_moderate_fixed_0_2,2035,-3101.33333333333,.,.
p80_offshorewind_class12_moderate_floating_0_1,2035,-2135.5,.,.
p80_offshorewind_class12_moderate_floating_0_2,2035,-2135.5,.,.
p81_naturalgas_1on1_combined_cycle_hframe_moderate_0,2035,-1119.66666666666,-0.0533333333333332,.
p81_naturalgas_combustion_turbine_fframe_moderate_0,2035,-515.666666666668,.,.
p81_utilityscale_battery_storage_lithium_ion_advanced_0,2035,-487.333333333333,.,-519.666666666667
p81_landbasedwind_class3_moderate_1,2035,-926.666666666668,.,.
p81_landbasedwind_class3_moderate_2,2035,-926.666666666668,.,.
p81_utilitypv_class1_moderate_1,2035,-2025.33333333333,.,.
p81_utilitypv_class1_moderate_2,2035,-2025.33333333333,.,.
p82_naturalgas_1on1_combined_cycle_hframe_moderate_0,2035,-1119.66666666666,-0.0533333333333332,.
p82_naturalgas_combustion_turbine_fframe_moderate_0,2035,-515.666666666668,.,.
p82_utilityscale_battery_storage_lithium_ion_advanced_0,2035,-487.333333333333,.,-519.666666666667
p82_landbasedwind_class3_moderate_1,2035,-926.666666666668,.,.
p82_landbasedwind_class3_moderate_2,2035,-926.666666666668,.,.
p82_utilitypv_class1_moderate_1,2035,-2025.33333333333,.,.
p82_utilitypv_class1_moderate_2,2035,-2025.33333333333,.,.
p83_naturalgas_1on1_combined_cycle_hframe_moderate_0,2035,-1119.66666666666,-0.0533333333333332,.
p83_naturalgas_combustion_turbine_fframe_moderate_0,2035,-515.666666666668,.,.
p83_utilityscale_battery_storage_lithium_ion_advanced_0,2035,-487.333333333333,.,-519.666666666667
p83_landbasedwind_class3_moderate_1,2035,-926.666666666668,.,.
p83_landbasedwind_class3_moderate_2,2035,-926.666666666668,.,.
p83_utilitypv_class1_moderate_1,2035,-2025.33333333333,.,.
p83_utilitypv_class1_moderate_2,2035,-2025.33333333333,.,.
p84_naturalgas_1on1_combined_cycle_hframe_moderate_0,2035,-1119.66666666666,-0.0533333333333332,.
p84_naturalgas_combustion_turbine_fframe_moderate_0,2035,-515.666666666668,.,.
p84_utilityscale_battery_storage_lithium_ion_advanced_0,2035,-487.333333333333,.,-519.666666666667
p84_landbasedwind_class3_moderate_1,2035,-926.666666666668,.,.
p84_landbasedwind_class3_moderate_2,2035,-926.666666666668,.,.
p84_utilitypv_class1_moderate_1,2035,-2025.33333333333,.,.
p84_utilitypv_class1_moderate_2,2035,-2025.33333333333,.,.
p85_naturalgas_1on1_combined_cycle_hframe_moderate_0,2035,-1119.66666666666,-0.0533333333333332,.
p85_naturalgas_combustion_turbine_fframe_moderate_0,2035,-515.666666666668,.,.
p85_utilityscale_battery_storage_lithium_ion_advanced_0,2035,-487.333333333333,.,-519.666666666667
p85_landbasedwind_class3_moderate_1,2035,-926.666666666668,.,.
p85_landbasedwind_class3_moderate_2,2035,-926.666666666668,.,.
p85_utilitypv_class1_moderate_1,2035,-2025.33333333333,.,.
p85_utilitypv_class1_moderate_2,2035,-2025.33333333333,.,.
p86_naturalgas_1on1_combined_cycle_hframe_moderate_0,2035,-1119.66666666666,-0.0533333333333332,.
p86_naturalgas_combustion_turbine_fframe_moderate_0,2035,-515.666666666668,.,.
p86_utilityscale_battery_storage_lithium_ion_advanced_0,2035,-487.333333333333,.,-519.666666666667
p86_landbasedwind_class3_moderate_1,2035,-926.666666666668,.,.
p86_landbasedwind_class3_moderate_2,2035,-926.666666666668,.,.
p86_utilitypv_class1_moderate_1,2035,-2025.33333333333,.,.
p86_utilitypv_class1_moderate_2,2035,-2025.33333333333,.,.
p87_naturalgas_1on1_combined_cycle_hframe_moderate_0,2035,-1119.66666666666,-0.0533333333333332,.
p87_naturalgas_combustion_turbine_fframe_moderate_0,2035,-515.666666666668,.,.
p87_utilityscale_battery_storage_lithium_ion_advanced_0,2035,-487.333333333333,.,-519.666666666667
p87_landbasedwind_class3_moderate_1,2035,-926.666666666668,.,.
p87_landbasedwind_class3_moderate_2,2035,-926.666666666668,.,.
p87_utilitypv_class1_moderate_1,2035,-2025.33333333333,.,.
p87_utilitypv_class1_moderate_2,2035,-2025.33333333333,.,.
p88_naturalgas_1on1_combined_cycle_hframe_moderate_0,2035,-1119.66666666666,-0.0533333333333332,.
p88_naturalgas_combustion_turbine_fframe_moderate_0,2035,-515.666666666668,.,.
p88_utilityscale_battery_storage_lithium_ion_advanced_0,2035,-487.333333333333,.,-519.666666666667
p88_landbasedwind_class3_moderate_1,2035,-926.666666666668,.,.
p88_landbasedwind_class3_moderate_2,2035,-926.666666666668,.,.
p88_utilitypv_class1_moderate_1,2035,-2025.33333333333,.,.
p88_utilitypv_class1_moderate_2,2035,-2025.33333333333,.,.
p89_naturalgas_1on1_combined_cycle_hframe_moderate_0,2035,-1119.66666666666,-0.0533333333333332,.
p89_naturalgas_combustion_turbine_fframe_moderate_0,2035,-515.666666666668,.,.
p89_utilityscale_battery_storage_lithium_ion_advanced_0,2035,-487.333333333333,.,-519.666666666667
p89_landbasedwind_class3_moderate_1,2035,-926.666666666668,.,.
p89_landbasedwind_class3_moderate_2,2035,-926.666666666668,.,.
p89_utilitypv_class1_moderate_1,2035,-2025.33333333333,.,.
p89_utilitypv_class1_moderate_2,2035,-2025.33333333333,.,.
p90_naturalgas_1on1_combined_cycle_hframe_moderate_0,2035,-1119.66666666666,-0.0533333333333332,.
p90_naturalgas_combustion_turbine_fframe_moderate_0,2035,-515.666666666668,.,.
p90_utilityscale_battery_storage_lithium_ion_advanced_0,2035,-487.333333333333,.,-519.666666666667
p90_landbasedwind_class3_moderate_1,2035,-926.666666666668,.,.
p90_landbasedwind_class3_moderate_2,2035,-926.666666666668,.,.
p90_utilitypv_class1_moderate_1,2035,-2025.33333333333,.,.
p90_utilitypv_class1_moderate_2,2035,-2025.33333333333,.,.
p90_offshorewind_class3_moderate_fixed_1_1,2035,-3101.33333333333,.,.
p90_offshorewind_class3_moderate_fixed_1_2,2035,-3101.33333333333,.,.
p90_offshorewind_class3_moderate_fixed_0_1,2035,-3101.33333333333,.,.
p90_offshorewind_class3_moderate_fixed_0_2,2035,-3101.33333333333,.,.
p90_offshorewind_class12_moderate_floating_0_1,2035,-2135.5,.,.
p90_offshorewind_class12_moderate_floating_0_2,2035,-2135.5,.,.
p91_naturalgas_1on1_combined_cycle_hframe_moderate_0,2035,-1119.66666666666,-0.0533333333333332,.
p91_naturalgas_combustion_turbine_fframe_moderate_0,2035,-515.666666666668,.,.
p91_utilityscale_battery_storage_lithium_ion_advanced_0,2035,-487.333333333333,.,-519.666666666667
p91_landbasedwind_class3_moderate_1,2035,-926.666666666668,.,.
p91_landbasedwind_class3_moderate_2,2035,-926.666666666668,.,.
p91_utilitypv_class1_moderate_1,2035,-2025.33333333333,.,.
p91_utilitypv_class1_moderate_2,2035,-2025.33333333333,.,.
p91_offshorewind_class3_moderate_fixed_1_1,2035,-3101.33333333333,.,.
p91_offshorewind_class3_moderate_fixed_1_2,2035,-3101.33333333333,.,.
p91_offshorewind_class3_moderate_fixed_0_1,2035,-3101.33333333333,.,.
p91_offshorewind_class3_moderate_fixed_0_2,2035,-3101.33333333333,.,.
p91_offshorewind_class12_moderate_floating_0_1,2035,-2135.5,.,.
p91_offshorewind_class12_moderate_floating_0_2,2035,-2135.5,.,.
p92_naturalgas_1on1_combined_cycle_hframe_moderate_0,2035,-1119.66666666666,-0.0533333333333332,.
p92_naturalgas_combustion_turbine_fframe_moderate_0,2035,-515.666666666668,.,.
p92_utilityscale_battery_storage_lithium_ion_advanced_0,2035,-487.333333333333,.,-519.666666666667
p92_landbasedwind_class3_moderate_1,2035,-926.666666666668,.,.
p92_landbasedwind_class3_moderate_2,2035,-926.666666666668,.,.
p92_utilitypv_class1_moderate_1,2035,-2025.33333333333,.,.
p92_utilitypv_class1_moderate_2,2035,-2025.33333333333,.,.
p93_naturalgas_1on1_combined_cycle_hframe_moderate_0,2035,-1119.66666666666,-0.0533333333333332,.
p93_naturalgas_combustion_turbine_fframe_moderate_0,2035,-515.666666666668,.,.
p93_utilityscale_battery_storage_lithium_ion_advanced_0,2035,-487.333333333333,.,-519.666666666667
p93_landbasedwind_class3_moderate_1,2035,-926.666666666668,.,.
p93_landbasedwind_class3_moderate_2,2035,-926.666666666668,.,.
p93_utilitypv_class1_moderate_1,2035,-2025.33333333333,.,.
p93_utilitypv_class1_moderate_2,2035,-2025.33333333333,.,.
p94_naturalgas_1on1_combined_cycle_hframe_moderate_0,2035,-1119.66666666666,-0.0533333333333332,.
p94_naturalgas_combustion_turbine_fframe_moderate_0,2035,-515.666666666668,.,.
p94_utilityscale_battery_storage_lithium_ion_advanced_0,2035,-487.333333333333,.,-519.666666666667
p94_landbasedwind_class3_moderate_1,2035,-926.666666666668,.,.
p94_landbasedwind_class3_moderate_2,2035,-926.666666666668,.,.
p94_utilitypv_class1_moderate_1,2035,-2025.33333333333,.,.
p94_utilitypv_class1_moderate_2,2035,-2025.33333333333,.,.
p95_naturalgas_1on1_combined_cycle_hframe_moderate_0,2035,-1119.66666666666,-0.0533333333333332,.
p95_naturalgas_combustion_turbine_fframe_moderate_0,2035,-515.666666666668,.,.
p95_utilityscale_battery_storage_lithium_ion_advanced_0,2035,-487.333333333333,.,-519.666666666667
p95_landbasedwind_class3_moderate_1,2035,-926.666666666668,.,.
p95_landbasedwind_class3_moderate_2,2035,-926.666666666668,.,.
p95_utilitypv_class1_moderate_1,2035,-2025.33333333333,.,.
p95_utilitypv_class1_moderate_2,2035,-2025.33333333333,.,.
p95_offshorewind_class3_moderate_fixed_1_1,2035,-3101.33333333333,.,.
p95_offshorewind_class3_moderate_fixed_1_2,2035,-3101.33333333333,.,.
p95_offshorewind_class3_moderate_fixed_0_1,2035,-3101.33333333333,.,.
p95_offshorewind_class3_moderate_fixed_0_2,2035,-3101.33333333333,.,.
p95_offshorewind_class12_moderate_floating_0_1,2035,-2135.5,.,.
p95_offshorewind_class12_moderate_floating_0_2,2035,-2135.5,.,.
p96_naturalgas_1on1_combined_cycle_hframe_moderate_0,2035,-1119.66666666666,-0.0533333333333332,.
p96_naturalgas_combustion_turbine_fframe_moderate_0,2035,-515.666666666668,.,.
p96_utilityscale_battery_storage_lithium_ion_advanced_0,2035,-487.333333333333,.,-519.666666666667
p96_landbasedwind_class3_moderate_1,2035,-926.666666666668,.,.
p96_landbasedwind_class3_moderate_2,2035,-926.666666666668,.,.
p96_utilitypv_class1_moderate_1,2035,-2025.33333333333,.,.
p96_utilitypv_class1_moderate_2,2035,-2025.33333333333,.,.
p97_naturalgas_1on1_combined_cycle_hframe_moderate_0,2035,-1119.66666666666,-0.0533333333333332,.
p97_naturalgas_combustion_turbine_fframe_moderate_0,2035,-515.666666666668,.,.
p97_utilityscale_battery_storage_lithium_ion_advanced_0,2035,-487.333333333333,.,-519.666666666667
p97_landbasedwind_class3_moderate_1,2035,-926.666666666668,.,.
p97_landbasedwind_class3_moderate_2,2035,-926.666666666668,.,.
p97_utilitypv_class1_moderate_1,2035,-2025.33333333333,.,.
p97_utilitypv_class1_moderate_2,2035,-2025.33333333333,.,.
p97_offshorewind_class3_moderate_fixed_1_1,2035,-3101.33333333333,.,.
p97_offshorewind_class3_moderate_fixed_1_2,2035,-3101.33333333333,.,.
p97_offshorewind_class3_moderate_fixed_0_1,2035,-3101.33333333333,.,.
p97_offshorewind_class3_moderate_fixed_0_2,2035,-3101.33333333333,.,.
p97_offshorewind_class12_moderate_floating_0_1,2035,-2135.5,.,.
p97_offshorewind_class12_moderate_floating_0_2,2035,-2135.5,.,.
p98_naturalgas_1on1_combined_cycle_hframe_moderate_0,2035,-1119.66666666666,-0.0533333333333332,.
p98_naturalgas_combustion_turbine_fframe_moderate_0,2035,-515.666666666668,.,.
p98_utilityscale_battery_storage_lithium_ion_advanced_0,2035,-487.333333333333,.,-519.666666666667
p98_landbasedwind_class3_moderate_1,2035,-926.666666666668,.,.
p98_landbasedwind_class3_moderate_2,2035,-926.666666666668,.,.
p98_utilitypv_class1_moderate_1,2035,-2025.33333333333,.,.
p98_utilitypv_class1_moderate_2,2035,-2025.33333333333,.,.
p98_offshorewind_class3_moderate_fixed_1_1,2035,-3101.33333333333,.,.
p98_offshorewind_class3_moderate_fixed_1_2,2035,-3101.33333333333,.,.
p98_offshorewind_class3_moderate_fixed_0_1,2035,-3101.33333333333,.,.
p98_offshorewind_class3_moderate_fixed_0_2,2035,-3101.33333333333,.,.
p98_offshorewind_class12_moderate_floating_0_1,2035,-2135.5,.,.
p98_offshorewind_class12_moderate_floating_0_2,2035,-2135.5,.,.
p99_naturalgas_1on1_combined_cycle_hframe_moderate_0,2035,-1119.66666666666,-0.0533333333333332,.
p99_naturalgas_combustion_turbine_fframe_moderate_0,2035,-515.666666666668,.,.
p99_utilityscale_battery_storage_lithium_ion_advanced_0,2035,-487.333333333333,.,-519.666666666667
p99_landbasedwind_class3_moderate_1,2035,-926.666666666668,.,.
p99_landbasedwind_class3_moderate_2,2035,-926.666666666668,.,.
p99_utilitypv_class1_moderate_1,2035,-2025.33333333333,.,.
p99_utilitypv_class1_moderate_2,2035,-2025.33333333333,.,.
p99_offshorewind_class3_moderate_fixed_1_1,2035,-3101.33333333333,.,.
p99_offshorewind_class3_moderate_fixed_1_2,2035,-3101.33333333333,.,.
p99_offshorewind_class3_moderate_fixed_0_1,2035,-3101.33333333333,.,.
p99_offshorewind_class3_moderate_fixed_0_2,2035,-3101.33333333333,.,.
p99_offshorewind_class12_moderate_floating_0_1,2035,-2135.5,.,.
p99_offshorewind_class12_moderate_floating_0_2,2035,-2135.5,.,.
p100_naturalgas_1on1_combined_cycle_hframe_moderate_0,2035,-1119.66666666666,-0.0533333333333332,.
p100_naturalgas_combustion_turbine_fframe_moderate_0,2035,-515.666666666668,.,.
p100_utilityscale_battery_storage_lithium_ion_advanced_0,2035,-487.333333333333,.,-519.666666666667
p100_landbasedwind_class3_moderate_1,2035,-926.666666666668,.,.
p100_landbasedwind_class3_moderate_2,2035,-926.666666666668,.,.
p100_utilitypv_class1_moderate_1,2035,-2025.33333333333,.,.
p100_utilitypv_class1_moderate_2,2035,-2025.33333333333,.,.
p101_naturalgas_1on1_combined_cycle_hframe_moderate_0,2035,-1119.66666666666,-0.0533333333333332,.
p101_naturalgas_combustion_turbine_fframe_moderate_0,2035,-515.666666666668,.,.
p101_utilityscale_battery_storage_lithium_ion_advanced_0,2035,-487.333333333333,.,-519.666666666667
p101_landbasedwind_class3_moderate_1,2035,-926.666666666668,.,.
p101_landbasedwind_class3_moderate_2,2035,-926.666666666668,.,.
p101_utilitypv_class1_moderate_1,2035,-2025.33333333333,.,.
p101_utilitypv_class1_moderate_2,2035,-2025.33333333333,.,.
p101_offshorewind_class3_moderate_fixed_1_1,2035,-3101.33333333333,.,.
p101_offshorewind_class3_moderate_fixed_1_2,2035,-3101.33333333333,.,.
p101_offshorewind_class3_moderate_fixed_0_1,2035,-3101.33333333333,.,.
p101_offshorewind_class3_moderate_fixed_0_2,2035,-3101.33333333333,.,.
p101_offshorewind_class12_moderate_floating_0_1,2035,-2135.5,.,.
p101_offshorewind_class12_moderate_floating_0_2,2035,-2135.5,.,.
p102_naturalgas_1on1_combined_cycle_hframe_moderate_0,2035,-1119.66666666666,-0.0533333333333332,.
p102_naturalgas_combustion_turbine_fframe_moderate_0,2035,-515.666666666668,.,.
p102_utilityscale_battery_storage_lithium_ion_advanced_0,2035,-487.333333333333,.,-519.666666666667
p102_landbasedwind_class3_moderate_1,2035,-926.666666666668,.,.
p102_landbasedwind_class3_moderate_2,2035,-926.666666666668,.,.
p102_utilitypv_class1_moderate_1,2035,-2025.33333333333,.,.
p102_utilitypv_class1_moderate_2,2035,-2025.33333333333,.,.
p102_offshorewind_class3_moderate_fixed_1_1,2035,-3101.33333333333,.,.
p102_offshorewind_class3_moderate_fixed_1_2,2035,-3101.33333333333,.,.
p102_offshorewind_class3_moderate_fixed_0_1,2035,-3101.33333333333,.,.
p102_offshorewind_class3_moderate_fixed_0_2,2035,-3101.33333333333,.,.
p102_offshorewind_class12_moderate_floating_0_1,2035,-2135.5,.,.
p102_offshorewind_class12_moderate_floating_0_2,2035,-2135.5,.,.
p103_naturalgas_1on1_combined_cycle_hframe_moderate_0,2035,-1119.66666666666,-0.0533333333333332,.
p103_naturalgas_combustion_turbine_fframe_moderate_0,2035,-515.666666666668,.,.
p103_utilityscale_battery_storage_lithium_ion_advanced_0,2035,-487.333333333333,.,-519.666666666667
p103_landbasedwind_class3_moderate_1,2035,-926.666666666668,.,.
p103_landbasedwind_class3_moderate_2,2035,-926.666666666668,.,.
p103_utilitypv_class1_moderate_1,2035,-2025.33333333333,.,.
p103_utilitypv_class1_moderate_2,2035,-2025.33333333333,.,.
p103_offshorewind_class3_moderate_fixed_1_1,2035,-3101.33333333333,.,.
p103_offshorewind_class3_moderate_fixed_1_2,2035,-3101.33333333333,.,.
p103_offshorewind_class3_moderate_fixed_0_1,2035,-3101.33333333333,.,.
p103_offshorewind_class3_moderate_fixed_0_2,2035,-3101.33333333333,.,.
p103_offshorewind_class12_moderate_floating_0_1,2035,-2135.5,.,.
p103_offshorewind_class12_moderate_floating_0_2,2035,-2135.5,.,.
p104_naturalgas_1on1_combined_cycle_hframe_moderate_0,2035,-1119.66666666666,-0.0533333333333332,.
p104_naturalgas_combustion_turbine_fframe_moderate_0,2035,-515.666666666668,.,.
p104_utilityscale_battery_storage_lithium_ion_advanced_0,2035,-487.333333333333,.,-519.666666666667
p104_landbasedwind_class3_moderate_1,2035,-926.666666666668,.,.
p104_landbasedwind_class3_moderate_2,2035,-926.666666666668,.,.
p104_utilitypv_class1_moderate_1,2035,-2025.33333333333,.,.
p104_utilitypv_class1_moderate_2,2035,-2025.33333333333,.,.
p105_naturalgas_1on1_combined_cycle_hframe_moderate_0,2035,-1119.66666666666,-0.0533333333333332,.
p105_naturalgas_combustion_turbine_fframe_moderate_0,2035,-515.666666666668,.,.
p105_utilityscale_battery_storage_lithium_ion_advanced_0,2035,-487.333333333333,.,-519.666666666667
p105_landbasedwind_class3_moderate_1,2035,-926.666666666668,.,.
p105_landbasedwind_class3_moderate_2,2035,-926.666666666668,.,.
p105_utilitypv_class1_moderate_1,2035,-2025.33333333333,.,.
p105_utilitypv_class1_moderate_2,2035,-2025.33333333333,.,.
p106_naturalgas_1on1_combined_cycle_hframe_moderate_0,2035,-1119.66666666666,-0.0533333333333332,.
p106_naturalgas_combustion_turbine_fframe_moderate_0,2035,-515.666666666668,.,.
p106_utilityscale_battery_storage_lithium_ion_advanced_0,2035,-487.333333333333,.,-519.666666666667
p106_landbasedwind_class3_moderate_1,2035,-926.666666666668,.,.
p106_landbasedwind_class3_moderate_2,2035,-926.666666666668,.,.
p106_utilitypv_class1_moderate_1,2035,-2025.33333333333,.,.
p106_utilitypv_class1_moderate_2,2035,-2025.33333333333,.,.
p107_naturalgas_1on1_combined_cycle_hframe_moderate_0,2035,-1119.66666666666,-0.0533333333333332,.
p107_naturalgas_combustion_turbine_fframe_moderate_0,2035,-515.666666666668,.,.
p107_utilityscale_battery_storage_lithium_ion_advanced_0,2035,-487.333333333333,.,-519.666666666667
p107_landbasedwind_class3_moderate_1,2035,-926.666666666668,.,.
p107_landbasedwind_class3_moderate_2,2035,-926.666666666668,.,.
p107_utilitypv_class1_moderate_1,2035,-2025.33333333333,.,.
p107_utilitypv_class1_moderate_2,2035,-2025.33333333333,.,.
p108_naturalgas_1on1_combined_cycle_hframe_moderate_0,2035,-1119.66666666666,-0.0533333333333332,.
p108_naturalgas_combustion_turbine_fframe_moderate_0,2035,-515.666666666668,.,.
p108_utilityscale_battery_storage_lithium_ion_advanced_0,2035,-487.333333333333,.,-519.666666666667
p108_landbasedwind_class3_moderate_1,2035,-926.666666666668,.,.
p108_landbasedwind_class3_moderate_2,2035,-926.666666666668,.,.
p108_utilitypv_class1_moderate_1,2035,-2025.33333333333,.,.
p108_utilitypv_class1_moderate_2,2035,-2025.33333333333,.,.
p109_naturalgas_1on1_combined_cycle_hframe_moderate_0,2035,-1119.66666666666,-0.0533333333333332,.
p109_naturalgas_combustion_turbine_fframe_moderate_0,2035,-515.666666666668,.,.
p109_utilityscale_battery_storage_lithium_ion_advanced_0,2035,-487.333333333333,.,-519.666666666667
p109_landbasedwind_class3_moderate_1,2035,-926.666666666668,.,.
p109_landbasedwind_class3_moderate_2,2035,-926.666666666668,.,.
p109_utilitypv_class1_moderate_1,2035,-2025.33333333333,.,.
p109_utilitypv_class1_moderate_2,2035,-2025.33333333333,.,.
p110_naturalgas_1on1_combined_cycle_hframe_moderate_0,2035,-1119.66666666666,-0.0533333333333332,.
p110_naturalgas_combustion_turbine_fframe_moderate_0,2035,-515.666666666668,.,.
p110_utilityscale_battery_storage_lithium_ion_advanced_0,2035,-487.333333333333,.,-519.666666666667
p110_landbasedwind_class3_moderate_1,2035,-926.666666666668,.,.
p110_landbasedwind_class3_moderate_2,2035,-926.666666666668,.,.
p110_utilitypv_class1_moderate_1,2035,-2025.33333333333,.,.
p110_utilitypv_class1_moderate_2,2035,-2025.33333333333,.,.
p111_naturalgas_1on1_combined_cycle_hframe_moderate_0,2035,-1119.66666666666,-0.0533333333333332,.
p111_naturalgas_combustion_turbine_fframe_moderate_0,2035,-515.666666666668,.,.
p111_utilityscale_battery_storage_lithium_ion_advanced_0,2035,-487.333333333333,.,-519.666666666667
p111_landbasedwind_class3_moderate_1,2035,-926.666666666668,.,.
p111_landbasedwind_class3_moderate_2,2035,-926.666666666668,.,.
p111_utilitypv_class1_moderate_1,2035,-2025.33333333333,.,.
p111_utilitypv_class1_moderate_2,2035,-2025.33333333333,.,.
p111_offshorewind_class3_moderate_fixed_1_1,2035,-3101.33333333333,.,.
p111_offshorewind_class3_moderate_fixed_1_2,2035,-3101.33333333333,.,.
p111_offshorewind_class3_moderate_fixed_0_1,2035,-3101.33333333333,.,.
p111_offshorewind_class3_moderate_fixed_0_2,2035,-3101.33333333333,.,.
p111_offshorewind_class12_moderate_floating_0_1,2035,-2135.5,.,.
p111_offshorewind_class12_moderate_floating_0_2,2035,-2135.5,.,.
p112_naturalgas_1on1_combined_cycle_hframe_moderate_0,2035,-1119.66666666666,-0.0533333333333332,.
p112_naturalgas_combustion_turbine_fframe_moderate_0,2035,-515.666666666668,.,.
p112_utilityscale_battery_storage_lithium_ion_advanced_0,2035,-487.333333333333,.,-519.666666666667
p112_landbasedwind_class3_moderate_1,2035,-926.666666666668,.,.
p112_landbasedwind_class3_moderate_2,2035,-926.666666666668,.,.
p112_utilitypv_class1_moderate_1,2035,-2025.33333333333,.,.
p112_utilitypv_class1_moderate_2,2035,-2025.33333333333,.,.
p113_naturalgas_1on1_combined_cycle_hframe_moderate_0,2035,-1119.66666666666,-0.0533333333333332,.
p113_naturalgas_combustion_turbine_fframe_moderate_0,2035,-515.666666666668,.,.
p113_utilityscale_battery_storage_lithium_ion_advanced_0,2035,-487.333333333333,.,-519.666666666667
p113_landbasedwind_class3_moderate_1,2035,-926.666666666668,.,.
p113_landbasedwind_class3_moderate_2,2035,-926.666666666668,.,.
p113_utilitypv_class1_moderate_1,2035,-2025.33333333333,.,.
p113_utilitypv_class1_moderate_2,2035,-2025.33333333333,.,.
p114_naturalgas_1on1_combined_cycle_hframe_moderate_0,2035,-1119.66666666666,-0.0533333333333332,.
p114_naturalgas_combustion_turbine_fframe_moderate_0,2035,-515.666666666668,.,.
p114_utilityscale_battery_storage_lithium_ion_advanced_0,2035,-487.333333333333,.,-519.666666666667
p114_landbasedwind_class3_moderate_1,2035,-926.666666666668,.,.
p114_landbasedwind_class3_moderate_2,2035,-926.666666666668,.,.
p114_utilitypv_class1_moderate_1,2035,-2025.33333333333,.,.
p114_utilitypv_class1_moderate_2,2035,-2025.33333333333,.,.
p115_naturalgas_1on1_combined_cycle_hframe_moderate_0,2035,-1119.66666666666,-0.0533333333333332,.
p115_naturalgas_combustion_turbine_fframe_moderate_0,2035,-515.666666666668,.,.
p115_utilityscale_battery_storage_lithium_ion_advanced_0,2035,-487.333333333333,.,-519.666666666667
p115_landbasedwind_class3_moderate_1,2035,-926.666666666668,.,.
p115_landbasedwind_class3_moderate_2,2035,-926.666666666668,.,.
p115_utilitypv_class1_moderate_1,2035,-2025.33333333333,.,.
p115_utilitypv_class1_moderate_2,2035,-2025.33333333333,.,.
p116_naturalgas_1on1_combined_cycle_hframe_moderate_0,2035,-1119.66666666666,-0.0533333333333332,.
p116_naturalgas_combustion_turbine_fframe_moderate_0,2035,-515.666666666668,.,.
p116_utilityscale_battery_storage_lithium_ion_advanced_0,2035,-487.333333333333,.,-519.666666666667
p116_landbasedwind_class3_moderate_1,2035,-926.666666666668,.,.
p116_landbasedwind_class3_moderate_2,2035,-926.666666666668,.,.
p116_utilitypv_class1_moderate_1,2035,-2025.33333333333,.,.
p116_utilitypv_class1_moderate_2,2035,-2025.33333333333,.,.
p117_naturalgas_1on1_combined_cycle_hframe_moderate_0,2035,-1119.66666666666,-0.0533333333333332,.
p117_naturalgas_combustion_turbine_fframe_moderate_0,2035,-515.666666666668,.,.
p117_utilityscale_battery_storage_lithium_ion_advanced_0,2035,-487.333333333333,.,-519.666666666667
p117_landbasedwind_class3_moderate_1,2035,-926.666666666668,.,.
p117_landbasedwind_class3_moderate_2,2035,-926.666666666668,.,.
p117_utilitypv_class1_moderate_1,2035,-2025.33333333333,.,.
p117_utilitypv_class1_moderate_2,2035,-2025.33333333333,.,.
p118_naturalgas_1on1_combined_cycle_hframe_moderate_0,2035,-1119.66666666666,-0.0533333333333332,.
p118_naturalgas_combustion_turbine_fframe_moderate_0,2035,-515.666666666668,.,.
p118_utilityscale_battery_storage_lithium_ion_advanced_0,2035,-487.333333333333,.,-519.666666666667
p118_landbasedwind_class3_moderate_1,2035,-926.666666666668,.,.
p118_landbasedwind_class3_moderate_2,2035,-926.666666666668,.,.
p118_utilitypv_class1_moderate_1,2035,-2025.33333333333,.,.
p118_utilitypv_class1_moderate_2,2035,-2025.33333333333,.,.
p119_naturalgas_1on1_combined_cycle_hframe_moderate_0,2035,-1119.66666666666,-0.0533333333333332,.
p119_naturalgas_combustion_turbine_fframe_moderate_0,2035,-515.666666666668,.,.
p119_utilityscale_battery_storage_lithium_ion_advanced_0,2035,-487.333333333333,.,-519.666666666667
p119_landbasedwind_class3_moderate_1,2035,-926.666666666668,.,.
p119_landbasedwind_class3_moderate_2,2035,-926.666666666668,.,.
p119_utilitypv_class1_moderate_1,2035,-2025.33333333333,.,.
p119_utilitypv_class1_moderate_2,2035,-2025.33333333333,.,.
p120_naturalgas_1on1_combined_cycle_hframe_moderate_0,2035,-1119.66666666666,-0.0533333333333332,.
p120_naturalgas_combustion_turbine_fframe_moderate_0,2035,-515.666666666668,.,.
p120_utilityscale_battery_storage_lithium_ion_advanced_0,2035,-487.333333333333,.,-519.666666666667
p120_landbasedwind_class3_moderate_1,2035,-926.666666666668,.,.
p120_landbasedwind_class3_moderate_2,2035,-926.666666666668,.,.
p120_utilitypv_class1_moderate_1,2035,-2025.33333333333,.,.
p120_utilitypv_class1_moderate_2,2035,-2025.33333333333,.,.
p121_naturalgas_1on1_combined_cycle_hframe_moderate_0,2035,-1119.66666666666,-0.0533333333333332,.
p121_naturalgas_combustion_turbine_fframe_moderate_0,2035,-515.666666666668,.,.
p121_utilityscale_battery_storage_lithium_ion_advanced_0,2035,-487.333333333333,.,-519.666666666667
p121_landbasedwind_class3_moderate_1,2035,-926.666666666668,.,.
p121_landbasedwind_class3_moderate_2,2035,-926.666666666668,.,.
p121_utilitypv_class1_moderate_1,2035,-2025.33333333333,.,.
p121_utilitypv_class1_moderate_2,2035,-2025.33333333333,.,.
p122_naturalgas_1on1_combined_cycle_hframe_moderate_0,2035,-1119.66666666666,-0.0533333333333332,.
p122_naturalgas_combustion_turbine_fframe_moderate_0,2035,-515.666666666668,.,.
p122_utilityscale_battery_storage_lithium_ion_advanced_0,2035,-487.333333333333,.,-519.666666666667
p122_landbasedwind_class3_moderate_1,2035,-926.666666666668,.,.
p122_landbasedwind_class3_moderate_2,2035,-926.666666666668,.,.
p122_utilitypv_class1_moderate_1,2035,-2025.33333333333,.,.
p122_utilitypv_class1_moderate_2,2035,-2025.33333333333,.,.
p123_naturalgas_1on1_combined_cycle_hframe_moderate_0,2035,-1119.66666666666,-0.0533333333333332,.
p123_naturalgas_combustion_turbine_fframe_moderate_0,2035,-515.666666666668,.,.
p123_utilityscale_battery_storage_lithium_ion_advanced_0,2035,-487.333333333333,.,-519.666666666667
p123_landbasedwind_class3_moderate_1,2035,-926.666666666668,.,.
p123_utilitypv_class1_moderate_1,2035,-2025.33333333333,.,.
p123_utilitypv_class1_moderate_2,2035,-2025.33333333333,.,.
p123_offshorewind_class3_moderate_fixed_1_1,2035,-3101.33333333333,.,.
p123_offshorewind_class3_moderate_fixed_1_2,2035,-3101.33333333333,.,.
p123_offshorewind_class3_moderate_fixed_0_1,2035,-3101.33333333333,.,.
p123_offshorewind_class3_moderate_fixed_0_2,2035,-3101.33333333333,.,.
p123_offshorewind_class12_moderate_floating_0_1,2035,-2135.5,.,.
p123_offshorewind_class12_moderate_floating_0_2,2035,-2135.5,.,.
p124_naturalgas_1on1_combined_cycle_hframe_moderate_0,2035,-1119.66666666666,-0.0533333333333332,.
p124_naturalgas_combustion_turbine_fframe_moderate_0,2035,-515.666666666668,.,.
p124_utilityscale_battery_storage_lithium_ion_advanced_0,2035,-487.333333333333,.,-519.666666666667
p124_landbasedwind_class3_moderate_1,2035,-926.666666666668,.,.
p124_landbasedwind_class3_moderate_2,2035,-926.666666666668,.,.
p124_utilitypv_class1_moderate_1,2035,-2025.33333333333,.,.
p124_utilitypv_class1_moderate_2,2035,-2025.33333333333,.,.
p125_naturalgas_1on1_combined_cycle_hframe_moderate_0,2035,-1119.66666666666,-0.0533333333333332,.
p125_naturalgas_combustion_turbine_fframe_moderate_0,2035,-515.666666666668,.,.
p125_utilityscale_battery_storage_lithium_ion_advanced_0,2035,-487.333333333333,.,-519.666666666667
p125_landbasedwind_class3_moderate_1,2035,-926.666666666668,.,.
p125_landbasedwind_class3_moderate_2,2035,-926.666666666668,.,.
p125_utilitypv_class1_moderate_1,2035,-2025.33333333333,.,.
p125_utilitypv_class1_moderate_2,2035,-2025.33333333333,.,.
p125_offshorewind_class3_moderate_fixed_1_1,2035,-3101.33333333333,.,.
p125_offshorewind_class3_moderate_fixed_1_2,2035,-3101.33333333333,.,.
p125_offshorewind_class3_moderate_fixed_0_1,2035,-3101.33333333333,.,.
p125_offshorewind_class3_moderate_fixed_0_2,2035,-3101.33333333333,.,.
p125_offshorewind_class12_moderate_floating_0_1,2035,-2135.5,.,.
p125_offshorewind_class12_moderate_floating_0_2,2035,-2135.5,.,.
p126_naturalgas_1on1_combined_cycle_hframe_moderate_0,2035,-1119.66666666666,-0.0533333333333332,.
p126_naturalgas_combustion_turbine_fframe_moderate_0,2035,-515.666666666668,.,.
p126_utilityscale_battery_storage_lithium_ion_advanced_0,2035,-487.333333333333,.,-519.666666666667
p126_landbasedwind_class3_moderate_1,2035,-926.666666666668,.,.
p126_landbasedwind_class3_moderate_2,2035,-926.666666666668,.,.
p126_utilitypv_class1_moderate_1,2035,-2025.33333333333,.,.
p126_utilitypv_class1_moderate_2,2035,-2025.33333333333,.,.
p126_offshorewind_class3_moderate_fixed_1_1,2035,-3101.33333333333,.,.
p126_offshorewind_class3_moderate_fixed_1_2,2035,-3101.33333333333,.,.
p126_offshorewind_class3_moderate_fixed_0_1,2035,-3101.33333333333,.,.
p126_offshorewind_class3_moderate_fixed_0_2,2035,-3101.33333333333,.,.
p126_offshorewind_class12_moderate_floating_0_1,2035,-2135.5,.,.
p126_offshorewind_class12_moderate_floating_0_2,2035,-2135.5,.,.
p127_naturalgas_1on1_combined_cycle_hframe_moderate_0,2035,-1119.66666666666,-0.0533333333333332,.
p127_naturalgas_combustion_turbine_fframe_moderate_0,2035,-515.666666666668,.,.
p127_utilityscale_battery_storage_lithium_ion_advanced_0,2035,-487.333333333333,.,-519.666666666667
p127_landbasedwind_class3_moderate_1,2035,-926.666666666668,.,.
p127_landbasedwind_class3_moderate_2,2035,-926.666666666668,.,.
p127_utilitypv_class1_moderate_1,2035,-2025.33333333333,.,.
p127_utilitypv_class1_moderate_2,2035,-2025.33333333333,.,.
p127_offshorewind_class3_moderate_fixed_1_1,2035,-3101.33333333333,.,.
p127_offshorewind_class3_moderate_fixed_1_2,2035,-3101.33333333333,.,.
p127_offshorewind_class3_moderate_fixed_0_1,2035,-3101.33333333333,.,.
p127_offshorewind_class3_moderate_fixed_0_2,2035,-3101.33333333333,.,.
p127_offshorewind_class12_moderate_floating_0_1,2035,-2135.5,.,.
p127_offshorewind_class12_moderate_floating_0_2,2035,-2135.5,.,.
p128_naturalgas_1on1_combined_cycle_hframe_moderate_0,2035,-1119.66666666666,-0.0533333333333332,.
p128_naturalgas_combustion_turbine_fframe_moderate_0,2035,-515.666666666668,.,.
p128_utilityscale_battery_storage_lithium_ion_advanced_0,2035,-487.333333333333,.,-519.666666666667
p128_utilitypv_class1_moderate_1,2035,-2025.33333333333,.,.
p128_offshorewind_class3_moderate_fixed_1_1,2035,-3101.33333333333,.,.
p128_offshorewind_class3_moderate_fixed_1_2,2035,-3101.33333333333,.,.
p128_offshorewind_class3_moderate_fixed_0_1,2035,-3101.33333333333,.,.
p128_offshorewind_class3_moderate_fixed_0_2,2035,-3101.33333333333,.,.
p128_offshorewind_class12_moderate_floating_0_1,2035,-2135.5,.,.
p128_offshorewind_class12_moderate_floating_0_2,2035,-2135.5,.,.
p129_naturalgas_1on1_combined_cycle_hframe_moderate_0,2035,-1119.66666666666,-0.0533333333333332,.
p129_naturalgas_combustion_turbine_fframe_moderate_0,2035,-515.666666666668,.,.
p129_utilityscale_battery_storage_lithium_ion_advanced_0,2035,-487.333333333333,.,-519.666666666667
p129_landbasedwind_class3_moderate_1,2035,-926.666666666668,.,.
p129_landbasedwind_class3_moderate_2,2035,-926.666666666668,.,.
p129_utilitypv_class1_moderate_1,2035,-2025.33333333333,.,.
p129_utilitypv_class1_moderate_2,2035,-2025.33333333333,.,.
p130_naturalgas_1on1_combined_cycle_hframe_moderate_0,2035,-1119.66666666666,-0.0533333333333332,.
p130_naturalgas_combustion_turbine_fframe_moderate_0,2035,-515.666666666668,.,.
p130_utilityscale_battery_storage_lithium_ion_advanced_0,2035,-487.333333333333,.,-519.666666666667
p130_landbasedwind_class3_moderate_1,2035,-926.666666666668,.,.
p130_landbasedwind_class3_moderate_2,2035,-926.666666666668,.,.
p130_utilitypv_class1_moderate_1,2035,-2025.33333333333,.,.
p130_utilitypv_class1_moderate_2,2035,-2025.33333333333,.,.
p131_naturalgas_1on1_combined_cycle_hframe_moderate_0,2035,-1119.66666666666,-0.0533333333333332,.
p131_naturalgas_combustion_turbine_fframe_moderate_0,2035,-515.666666666668,.,.
p131_utilityscale_battery_storage_lithium_ion_advanced_0,2035,-487.333333333333,.,-519.666666666667
p131_landbasedwind_class3_moderate_1,2035,-926.666666666668,.,.
p131_landbasedwind_class3_moderate_2,2035,-926.666666666668,.,.
p131_utilitypv_class1_moderate_1,2035,-2025.33333333333,.,.
p131_utilitypv_class1_moderate_2,2035,-2025.33333333333,.,.
p131_offshorewind_class3_moderate_fixed_1_1,2035,-3101.33333333333,.,.
p131_offshorewind_class3_moderate_fixed_1_2,2035,-3101.33333333333,.,.
p131_offshorewind_class3_moderate_fixed_0_1,2035,-3101.33333333333,.,.
p131_offshorewind_class3_moderate_fixed_0_2,2035,-3101.33333333333,.,.
p131_offshorewind_class12_moderate_floating_0_1,2035,-2135.5,.,.
p131_offshorewind_class12_moderate_floating_0_2,2035,-2135.5,.,.
p132_naturalgas_1on1_combined_cycle_hframe_moderate_0,2035,-1119.66666666666,-0.0533333333333332,.
p132_naturalgas_combustion_turbine_fframe_moderate_0,2035,-515.666666666668,.,.
p132_utilityscale_battery_storage_lithium_ion_advanced_0,2035,-487.333333333333,.,-519.666666666667
p132_landbasedwind_class3_moderate_1,2035,-926.666666666668,.,.
p132_landbasedwind_class3_moderate_2,2035,-926.666666666668,.,.
p132_utilitypv_class1_moderate_1,2035,-2025.33333333333,.,.
p132_utilitypv_class1_moderate_2,2035,-2025.33333333333,.,.
p132_offshorewind_class3_moderate_fixed_1_1,2035,-3101.33333333333,.,.
p132_offshorewind_class3_moderate_fixed_1_2,2035,-3101.33333333333,.,.
p132_offshorewind_class3_moderate_fixed_0_1,2035,-3101.33333333333,.,.
p132_offshorewind_class3_moderate_fixed_0_2,2035,-3101.33333333333,.,.
p132_offshorewind_class12_moderate_floating_0_1,2035,-2135.5,.,.
p132_offshorewind_class12_moderate_floating_0_2,2035,-2135.5,.,.
p133_naturalgas_1on1_combined_cycle_hframe_moderate_0,2035,-1119.66666666666,-0.0533333333333332,.
p133_naturalgas_combustion_turbine_fframe_moderate_0,2035,-515.666666666668,.,.
p133_utilityscale_battery_storage_lithium_ion_advanced_0,2035,-487.333333333333,.,-519.666666666667
p133_utilitypv_class1_moderate_1,2035,-2025.33333333333,.,.
p133_utilitypv_class1_moderate_2,2035,-2025.33333333333,.,.
p133_offshorewind_class3_moderate_fixed_1_1,2035,-3101.33333333333,.,.
p133_offshorewind_class3_moderate_fixed_1_2,2035,-3101.33333333333,.,.
p133_offshorewind_class3_moderate_fixed_0_1,2035,-3101.33333333333,.,.
p133_offshorewind_class3_moderate_fixed_0_2,2035,-3101.33333333333,.,.
p133_offshorewind_class12_moderate_floating_0_1,2035,-2135.5,.,.
p133_offshorewind_class12_moderate_floating_0_2,2035,-2135.5,.,.
p134_naturalgas_1on1_combined_cycle_hframe_moderate_0,2035,-1119.66666666666,-0.0533333333333332,.
p134_naturalgas_combustion_turbine_fframe_moderate_0,2035,-515.666666666668,.,.
p134_utilityscale_battery_storage_lithium_ion_advanced_0,2035,-487.333333333333,.,-519.666666666667
p134_landbasedwind_class3_moderate_1,2035,-926.666666666668,.,.
p134_landbasedwind_class3_moderate_2,2035,-926.666666666668,.,.
p134_utilitypv_class1_moderate_1,2035,-2025.33333333333,.,.
p134_utilitypv_class1_moderate_2,2035,-2025.33333333333,.,.
p134_offshorewind_class3_moderate_fixed_1_1,2035,-3101.33333333333,.,.
p134_offshorewind_class3_moderate_fixed_1_2,2035,-3101.33333333333,.,.
p134_offshorewind_class3_moderate_fixed_0_1,2035,-3101.33333333333,.,.
p134_offshorewind_class3_moderate_fixed_0_2,2035,-3101.33333333333,.,.
p134_offshorewind_class12_moderate_floating_0_1,2035,-2135.5,.,.
p134_offshorewind_class12_moderate_floating_0_2,2035,-2135.5,.,.
