GENERATION_PROJECT,build_year,build_gen_predetermined,build_gen_energy_predetermined
p1_batteries_1,2016,2,4.4
p1_batteries_1,2021,1,1.4
p1_batteries_1,2026,25,100
p1_biomass_1,2007,18.5188311030008,.
p1_biomass_1,2009,0.635778335360908,.
p1_biomass_1,2012,0.655508667883212,.
p1_biomass_1,2013,3.72871046228711,.
p1_conventional_hydroelectric_1,1912,24,.
p1_conventional_hydroelectric_1,1924,64,.
p1_conventional_hydroelectric_1,1927,31.4,.
p1_conventional_hydroelectric_1,1928,30.7,.
p1_conventional_hydroelectric_1,1929,32,.
p1_conventional_hydroelectric_1,1931,1.2,.
p1_conventional_hydroelectric_1,1932,30,.
p1_conventional_hydroelectric_1,1936,92.4,.
p1_conventional_hydroelectric_1,1937,90,.
p1_conventional_hydroelectric_1,1945,61,.
p1_conventional_hydroelectric_1,1947,21,.
p1_conventional_hydroelectric_1,1951,97,.
p1_conventional_hydroelectric_1,1952,163.5,.
p1_conventional_hydroelectric_1,1953,167.5,.
p1_conventional_hydroelectric_1,1954,112.5,.
p1_conventional_hydroelectric_1,1956,112.5,.
p1_conventional_hydroelectric_1,1957,21,.
p1_conventional_hydroelectric_1,1959,103.4,.
p1_conventional_hydroelectric_1,1960,79.3,.
p1_conventional_hydroelectric_1,1978,168,.
p1_conventional_hydroelectric_1,1979,168,.
p1_conventional_hydroelectric_1,1984,104,.
p1_conventional_hydroelectric_1,2013,35.7,.
p1_natural_gas_fired_combined_cycle_1,1993,137.3,.
p1_natural_gas_fired_combined_cycle_1,1994,286,.
p1_natural_gas_fired_combined_cycle_1,2002,265,.
p1_natural_gas_fired_combined_cycle_2,1993,182.5,.
p1_natural_gas_fired_combustion_turbine_1,1981,324.4,.
p1_natural_gas_fired_combustion_turbine_1,1984,228,.
p1_natural_gas_fired_combustion_turbine_1,1991,92,.
p1_natural_gas_fired_combustion_turbine_1,1993,46,.
p1_natural_gas_fired_combustion_turbine_1,2001,120,.
p1_onshore_wind_turbine_1,2006,228.6,.
p1_onshore_wind_turbine_1,2009,44,.
p1_onshore_wind_turbine_1,2010,190.7,.
p1_onshore_wind_turbine_1,2012,4.3,.
p1_onshore_wind_turbine_1,2020,136.8,.
p1_other_peaker_1,2023,3,.
p1_petroleum_liquids_1,1969,2.5,.
p1_petroleum_liquids_1,1993,4,.
p1_petroleum_liquids_1,1994,2,.
p1_petroleum_liquids_1,2003,4,.
p1_petroleum_liquids_1,2022,2,.
p1_small_hydroelectric_1,1898,0,.
p1_small_hydroelectric_1,1904,0,.
p1_small_hydroelectric_1,1906,2.36023671938362,.
p1_small_hydroelectric_1,1921,0,.
p1_small_hydroelectric_1,1929,0,.
p1_small_hydroelectric_1,1930,0,.
p1_small_hydroelectric_1,1955,0,.
p1_small_hydroelectric_1,1958,6.72636607866991,.
p1_small_hydroelectric_1,1989,0,.
p1_small_hydroelectric_1,1990,6.02140585265566,.
p1_small_hydroelectric_1,1994,1.14805099351176,.
p1_small_hydroelectric_1,1995,5.37056467964315,.
p1_small_hydroelectric_1,2011,1.75932684509327,.
p1_small_hydroelectric_1,2013,0,.
p1_small_hydroelectric_1,2018,3.19501405391593,.
p1_solar_photovoltaic_1,2007,0.3,.
p1_solar_photovoltaic_1,2019,0.5,.
p1_solar_photovoltaic_1,2022,15,.
p10_batteries_1,1541,11,44
p10_batteries_1,2015,1,3
p10_batteries_1,2016,92,148
p10_batteries_1,2017,5.5,22
p10_batteries_1,2018,31.6,78.8
p10_batteries_1,2019,17.6,94.3
p10_batteries_1,2020,100.4,94.1
p10_batteries_1,2021,1168.1,4452
p10_batteries_1,2022,1904.1,6394.5
p10_batteries_1,2023,1913,5778.2
p10_batteries_1,2024,3178.6,11651.4
p10_batteries_1,2025,2554.1,9523.8
p10_batteries_1,2026,1032.5,4130
p10_batteries_1,2027,40,160
p10_batteries_1,2028,450,1800
p10_biomass_1,1981,0.339825628548256,.
p10_biomass_1,1986,16.3359457370235,.
p10_biomass_1,1993,8.11621894658926,.
p10_biomass_1,1998,3.51557300328232,.
p10_biomass_1,2001,2.36688811587591,.
p10_biomass_1,2003,2.36688811587591,.
p10_biomass_1,2006,0.571505927952576,.
p10_biomass_1,2007,0.24814457877129,.
p10_biomass_1,2010,6.62279687819738,.
p10_biomass_1,2012,28.2930925587997,.
p10_biomass_1,2013,1.51221613949716,.
p10_biomass_1,2014,15.3347653081914,.
p10_biomass_1,2016,17.4985300081103,.
p10_biomass_1,2017,7.79514074264203,.
p10_biomass_1,2018,2.58128014600443,.
p10_biomass_1,2019,0.799376483695419,.
p10_biomass_1,2021,0.452682648401826,.
p10_biomass_1,2022,0.13500302140884,.
p10_biomass_1,2023,1.24589603283174,.
p10_biomass_1,2025,0.199057177615572,.
p10_conventional_hydroelectric_1,1917,11,.
p10_conventional_hydroelectric_1,1920,14.4,.
p10_conventional_hydroelectric_1,1921,40.2,.
p10_conventional_hydroelectric_1,1923,12,.
p10_conventional_hydroelectric_1,1932,16,.
p10_conventional_hydroelectric_1,1952,75,.
p10_conventional_hydroelectric_1,1953,36.5,.
p10_conventional_hydroelectric_1,1972,108.5,.
p10_conventional_hydroelectric_1,1976,57,.
p10_conventional_hydroelectric_1,1982,38,.
p10_conventional_hydroelectric_1,1983,65,.
p10_conventional_hydroelectric_1,1987,27,.
p10_conventional_hydroelectric_1,1992,74,.
p10_conventional_hydroelectric_1,1994,74,.
p10_conventional_hydroelectric_1,1996,32.4,.
p10_conventional_steam_coal_1,1978,25,.
p10_conventional_steam_coal_2,1978,25,.
p10_geothermal_1,1982,10,.
p10_geothermal_1,1984,10,.
p10_geothermal_1,1985,38,.
p10_geothermal_1,1987,27.5,.
p10_geothermal_1,1988,199.8,.
p10_geothermal_1,1989,218.7,.
p10_geothermal_1,1990,53.1,.
p10_geothermal_1,1996,44,.
p10_geothermal_1,2000,56,.
p10_geothermal_1,2003,24,.
p10_geothermal_1,2006,19.5,.
p10_geothermal_1,2007,20,.
p10_geothermal_1,2008,16,.
p10_geothermal_1,2009,16,.
p10_geothermal_1,2012,49.9,.
p10_geothermal_1,2018,19,.
p10_geothermal_1,2020,16,.
p10_geothermal_1,2022,86.9,.
p10_geothermal_1,2023,69,.
p10_hydroelectric_pumped_storage_1,1973,270.5,4192.75
p10_hydroelectric_pumped_storage_1,1974,270.5,4192.75
p10_hydroelectric_pumped_storage_1,1976,270.5,4192.75
p10_hydroelectric_pumped_storage_1,1977,541,8385.5
p10_hydroelectric_pumped_storage_1,1978,270.5,4192.75
p10_natural_gas_fired_combined_cycle_1,1952,32.5,.
p10_natural_gas_fired_combined_cycle_1,1987,222.9,.
p10_natural_gas_fired_combined_cycle_1,1988,421.5,.
p10_natural_gas_fired_combined_cycle_1,1989,41.1,.
p10_natural_gas_fired_combined_cycle_1,1990,8.1,.
p10_natural_gas_fired_combined_cycle_1,1993,98.5,.
p10_natural_gas_fired_combined_cycle_1,1995,212,.
p10_natural_gas_fired_combined_cycle_1,1996,48.3,.
p10_natural_gas_fired_combined_cycle_1,2001,21.4,.
p10_natural_gas_fired_combined_cycle_1,2003,12,.
p10_natural_gas_fired_combined_cycle_1,2005,472,.
p10_natural_gas_fired_combined_cycle_1,2007,19,.
p10_natural_gas_fired_combined_cycle_1,2012,145,.
p10_natural_gas_fired_combined_cycle_1,2013,45.9,.
p10_natural_gas_fired_combined_cycle_1,2015,313,.
p10_natural_gas_fired_combined_cycle_1,2016,84,.
p10_natural_gas_fired_combined_cycle_1,2025,28.4,.
p10_natural_gas_fired_combined_cycle_2,2001,320,.
p10_natural_gas_fired_combined_cycle_2,2003,3827,.
p10_natural_gas_fired_combined_cycle_2,2005,1929,.
p10_natural_gas_fired_combined_cycle_2,2006,555,.
p10_natural_gas_fired_combined_cycle_2,2013,510,.
p10_natural_gas_fired_combined_cycle_2,2020,1368,.
p10_natural_gas_fired_combustion_turbine_1,1973,34.6,.
p10_natural_gas_fired_combustion_turbine_1,1974,20.3,.
p10_natural_gas_fired_combustion_turbine_1,1976,323.2,.
p10_natural_gas_fired_combustion_turbine_1,1979,21.1,.
p10_natural_gas_fired_combustion_turbine_1,1982,45.6,.
p10_natural_gas_fired_combustion_turbine_1,1984,42,.
p10_natural_gas_fired_combustion_turbine_1,1985,356,.
p10_natural_gas_fired_combustion_turbine_1,1986,111.1,.
p10_natural_gas_fired_combustion_turbine_1,1987,323.8,.
p10_natural_gas_fired_combustion_turbine_1,1988,54.6,.
p10_natural_gas_fired_combustion_turbine_1,1989,223.8,.
p10_natural_gas_fired_combustion_turbine_1,1990,162.1,.
p10_natural_gas_fired_combustion_turbine_1,1991,96,.
p10_natural_gas_fired_combustion_turbine_1,1992,49.1,.
p10_natural_gas_fired_combustion_turbine_1,1994,48.2,.
p10_natural_gas_fired_combustion_turbine_1,1995,48,.
p10_natural_gas_fired_combustion_turbine_1,2000,5.5,.
p10_natural_gas_fired_combustion_turbine_1,2001,274.5,.
p10_natural_gas_fired_combustion_turbine_1,2002,312.9,.
p10_natural_gas_fired_combustion_turbine_1,2003,93,.
p10_natural_gas_fired_combustion_turbine_1,2004,142.4,.
p10_natural_gas_fired_combustion_turbine_1,2006,100,.
p10_natural_gas_fired_combustion_turbine_1,2007,191,.
p10_natural_gas_fired_combustion_turbine_1,2008,94.4,.
p10_natural_gas_fired_combustion_turbine_1,2010,4.3,.
p10_natural_gas_fired_combustion_turbine_1,2011,290.8,.
p10_natural_gas_fired_combustion_turbine_1,2012,60.3,.
p10_natural_gas_fired_combustion_turbine_1,2013,1956.2,.
p10_natural_gas_fired_combustion_turbine_1,2014,5,.
p10_natural_gas_fired_combustion_turbine_1,2015,212.4,.
p10_natural_gas_fired_combustion_turbine_1,2017,45.7,.
p10_natural_gas_fired_combustion_turbine_1,2019,30.5,.
p10_natural_gas_fired_combustion_turbine_1,2020,141,.
p10_natural_gas_fired_combustion_turbine_1,2025,1.6,.
p10_onshore_wind_turbine_1,1981,17.3,.
p10_onshore_wind_turbine_1,1982,3.5,.
p10_onshore_wind_turbine_1,1983,31,.
p10_onshore_wind_turbine_1,1984,138.3,.
p10_onshore_wind_turbine_1,1985,16.3,.
p10_onshore_wind_turbine_1,1986,31.1,.
p10_onshore_wind_turbine_1,1987,25.3,.
p10_onshore_wind_turbine_1,1989,88.5,.
p10_onshore_wind_turbine_1,1990,67,.
p10_onshore_wind_turbine_1,1992,6.5,.
p10_onshore_wind_turbine_1,1993,4.2,.
p10_onshore_wind_turbine_1,1994,46.9,.
p10_onshore_wind_turbine_1,1997,13.6,.
p10_onshore_wind_turbine_1,1999,111.2,.
p10_onshore_wind_turbine_1,2000,1.5,.
p10_onshore_wind_turbine_1,2002,110.8,.
p10_onshore_wind_turbine_1,2003,22.4,.
p10_onshore_wind_turbine_1,2004,64.8,.
p10_onshore_wind_turbine_1,2005,10.5,.
p10_onshore_wind_turbine_1,2008,65,.
p10_onshore_wind_turbine_1,2009,141.5,.
p10_onshore_wind_turbine_1,2011,770.5,.
p10_onshore_wind_turbine_1,2012,1379.4,.
p10_onshore_wind_turbine_1,2014,228,.
p10_onshore_wind_turbine_1,2015,198,.
p10_onshore_wind_turbine_1,2017,1.9,.
p10_onshore_wind_turbine_1,2018,195.4,.
p10_onshore_wind_turbine_1,2019,131.1,.
p10_onshore_wind_turbine_1,2021,293.6,.
p10_onshore_wind_turbine_1,2022,70.9,.
p10_onshore_wind_turbine_1,2024,53.5,.
p10_onshore_wind_turbine_1,2025,44.9,.
p10_other_peaker_1,1526,1367.8,.
p10_other_peaker_1,1527,1491,.
p10_other_peaker_1,1529,261.3,.
p10_other_peaker_1,1531,1.1,.
p10_other_peaker_1,1948,8.9,.
p10_other_peaker_1,1959,44,.
p10_other_peaker_1,1962,222,.
p10_other_peaker_1,1963,222,.
p10_other_peaker_1,1964,55,.
p10_other_peaker_1,1968,72,.
p10_other_peaker_1,1982,24.9,.
p10_other_peaker_1,1984,6.5,.
p10_other_peaker_1,1985,1.6,.
p10_other_peaker_1,1988,74.5,.
p10_other_peaker_1,1991,9.9,.
p10_other_peaker_1,2001,0.8,.
p10_other_peaker_1,2002,1,.
p10_other_peaker_1,2004,5.7,.
p10_other_peaker_1,2005,8.4,.
p10_other_peaker_1,2006,3.6,.
p10_other_peaker_1,2012,12,.
p10_other_peaker_1,2013,5.4,.
p10_other_peaker_1,2015,1.2,.
p10_other_peaker_1,2016,4.3,.
p10_other_peaker_1,2017,9.2,.
p10_other_peaker_1,2018,14.8,.
p10_other_peaker_1,2019,13.7,.
p10_other_peaker_1,2020,4.5,.
p10_other_peaker_1,2021,7.1,.
p10_other_peaker_1,2022,1.5,.
p10_other_peaker_1,2023,1.5,.
p10_petroleum_liquids_1,1958,1,.
p10_petroleum_liquids_1,1963,1.5,.
p10_petroleum_liquids_1,1966,1.1,.
p10_petroleum_liquids_1,1976,1.6,.
p10_petroleum_liquids_1,1980,21.9,.
p10_petroleum_liquids_1,1986,3.1,.
p10_petroleum_liquids_1,1995,2.8,.
p10_petroleum_liquids_1,1999,0.5,.
p10_petroleum_liquids_1,2000,1,.
p10_petroleum_liquids_1,2011,1.8,.
p10_petroleum_liquids_1,2018,1,.
p10_small_hydroelectric_1,1903,0.318882637199243,.
p10_small_hydroelectric_1,1904,0.637765274398486,.
p10_small_hydroelectric_1,1905,0,.
p10_small_hydroelectric_1,1906,0,.
p10_small_hydroelectric_1,1907,0,.
p10_small_hydroelectric_1,1908,2.25700390030441,.
p10_small_hydroelectric_1,1909,0.0959613240064883,.
p10_small_hydroelectric_1,1911,1.49924990139875,.
p10_small_hydroelectric_1,1912,0.505170316301703,.
p10_small_hydroelectric_1,1913,4.00814831711273,.
p10_small_hydroelectric_1,1916,2.236728387651,.
p10_small_hydroelectric_1,1917,2.57654462532548,.
p10_small_hydroelectric_1,1919,0.72803616019977,.
p10_small_hydroelectric_1,1921,0,.
p10_small_hydroelectric_1,1922,0.884897100567721,.
p10_small_hydroelectric_1,1924,2.69517944038929,.
p10_small_hydroelectric_1,1925,0.990077554744526,.
p10_small_hydroelectric_1,1927,0.365064882400649,.
p10_small_hydroelectric_1,1929,0.471981447688564,.
p10_small_hydroelectric_1,1941,2.00977592397294,.
p10_small_hydroelectric_1,1943,0.808929066888633,.
p10_small_hydroelectric_1,1949,0,.
p10_small_hydroelectric_1,1950,0,.
p10_small_hydroelectric_1,1953,4.60461019870235,.
p10_small_hydroelectric_1,1957,0,.
p10_small_hydroelectric_1,1958,0.788460563665856,.
p10_small_hydroelectric_1,1966,2.56804701396542,.
p10_small_hydroelectric_1,1971,1.83854701062793,.
p10_small_hydroelectric_1,1980,1.63992802108678,.
p10_small_hydroelectric_1,1981,9.19887844082507,.
p10_small_hydroelectric_1,1982,1.77875354825629,.
p10_small_hydroelectric_1,1983,2.76379625405515,.
p10_small_hydroelectric_1,1984,1.45382197891322,.
p10_small_hydroelectric_1,1985,0.265016727493917,.
p10_small_hydroelectric_1,1986,6.81139750608272,.
p10_small_hydroelectric_1,1987,2.70173506107974,.
p10_small_hydroelectric_1,1989,2.82864643962822,.
p10_small_hydroelectric_1,1990,6.59315720807817,.
p10_small_hydroelectric_1,1994,3.06784772911598,.
p10_small_hydroelectric_1,2001,0,.
p10_small_hydroelectric_1,2024,0,.
p10_solar_photovoltaic_1,1535,1.4,.
p10_solar_photovoltaic_1,1545,2.6,.
p10_solar_photovoltaic_1,1547,3,.
p10_solar_photovoltaic_1,1557,55.8,.
p10_solar_photovoltaic_1,2003,0.1,.
p10_solar_photovoltaic_1,2005,1.3,.
p10_solar_photovoltaic_1,2006,0.9,.
p10_solar_photovoltaic_1,2007,1.8,.
p10_solar_photovoltaic_1,2008,2.7,.
p10_solar_photovoltaic_1,2009,27.1,.
p10_solar_photovoltaic_1,2010,4.2,.
p10_solar_photovoltaic_1,2011,13.9,.
p10_solar_photovoltaic_1,2012,264.1,.
p10_solar_photovoltaic_1,2013,1627.28,.
p10_solar_photovoltaic_1,2014,1885.6,.
p10_solar_photovoltaic_1,2015,895.3,.
p10_solar_photovoltaic_1,2016,2193.9,.
p10_solar_photovoltaic_1,2017,398.5,.
p10_solar_photovoltaic_1,2018,656.4,.
p10_solar_photovoltaic_1,2019,676.6,.
p10_solar_photovoltaic_1,2020,1144.9,.
p10_solar_photovoltaic_1,2021,777.7,.
p10_solar_photovoltaic_1,2022,1754.6,.
p10_solar_photovoltaic_1,2023,1648.7,.
p10_solar_photovoltaic_1,2024,1815.1,.
p10_solar_photovoltaic_1,2025,1967.4,.
p10_solar_photovoltaic_1,2026,1047.8,.
p10_solar_photovoltaic_1,2027,480,.
p10_waste_heat_1,1976,0.455551753852393,.
p10_waste_heat_1,1983,2.11449701481189,.
p10_waste_heat_1,1988,5.44130565144926,.
p10_waste_heat_1,1993,0.9,.
p10_waste_heat_1,1996,11.2617811323982,.
p10_waste_heat_1,2029,0,.
p100_biomass_1,2010,1.2566403081914,.
p100_natural_gas_fired_combined_cycle_1,2014,1489.4,.
p100_natural_gas_fired_combustion_turbine_1,2015,15,.
p100_small_hydroelectric_1,1923,0.498986212489862,.
p100_small_hydroelectric_1,1927,0.521162814274128,.
p100_solar_photovoltaic_1,2017,12.5,.
p100_solar_photovoltaic_1,2023,1.4,.
p100_solar_photovoltaic_1,2024,205,.
p101_batteries_1,2017,12.6,25.2
p101_batteries_1,2018,14,56
p101_batteries_1,2019,5,3.8
p101_batteries_1,2021,480,1060.1
p101_batteries_1,2022,13.8,17.2
p101_batteries_1,2023,19.8,54
p101_batteries_1,2024,15,30
p101_batteries_1,2025,100,263
p101_biomass_1,1525,1.21533481633584,.
p101_biomass_1,1529,10.5207510057233,.
p101_biomass_1,1572,4.31620554080956,.
p101_biomass_1,1950,5.94693162725576,.
p101_biomass_1,1965,7.7170909686512,.
p101_biomass_1,1982,11.0495856123752,.
p101_biomass_1,1983,16.6823364888124,.
p101_biomass_1,1985,14.9824107866991,.
p101_biomass_1,1986,6.90023650388834,.
p101_biomass_1,1987,8.09728045465956,.
p101_biomass_1,1988,6.62975136742511,.
p101_biomass_1,1990,4.56414740470397,.
p101_biomass_1,1991,9.1426498117849,.
p101_biomass_1,1993,4.34621087813172,.
p101_biomass_1,2004,3.47869818329618,.
p101_biomass_1,2006,4.58892100775241,.
p101_biomass_1,2007,4.7527961783309,.
p101_biomass_1,2008,4.69922191808597,.
p101_biomass_1,2009,5.91796787230495,.
p101_biomass_1,2010,0.498680562161553,.
p101_biomass_1,2011,3.40336070559611,.
p101_biomass_1,2012,5.94693162725576,.
p101_biomass_1,2013,23.190072485807,.
p101_biomass_1,2015,2.9967210310219,.
p101_biomass_1,2017,5.13018388106416,.
p101_biomass_1,2019,0.998907010340633,.
p101_biomass_1,2026,6.32952679277416,.
p101_conventional_hydroelectric_1,2001,14.5,.
p101_conventional_hydroelectric_1,2002,14.5,.
p101_conventional_hydroelectric_1,2003,14.5,.
p101_conventional_steam_coal_1,1966,293,.
p101_conventional_steam_coal_1,1972,293,.
p101_conventional_steam_coal_1,1987,453.4,.
p101_conventional_steam_coal_1,1996,469.3,.
p101_conventional_steam_coal_2,1982,721,.
p101_conventional_steam_coal_2,1984,1361,.
p101_natural_gas_fired_combined_cycle_1,1958,141,.
p101_natural_gas_fired_combined_cycle_1,1965,259,.
p101_natural_gas_fired_combined_cycle_1,1967,337,.
p101_natural_gas_fired_combined_cycle_1,1969,764,.
p101_natural_gas_fired_combined_cycle_1,1970,340,.
p101_natural_gas_fired_combined_cycle_1,1974,360,.
p101_natural_gas_fired_combined_cycle_1,1995,125,.
p101_natural_gas_fired_combined_cycle_1,1996,161,.
p101_natural_gas_fired_combined_cycle_1,1999,521,.
p101_natural_gas_fired_combined_cycle_1,2000,801,.
p101_natural_gas_fired_combined_cycle_1,2001,1043.2,.
p101_natural_gas_fired_combined_cycle_1,2002,2474,.
p101_natural_gas_fired_combined_cycle_1,2003,2001,.
p101_natural_gas_fired_combined_cycle_1,2004,1395,.
p101_natural_gas_fired_combined_cycle_1,2005,1990,.
p101_natural_gas_fired_combined_cycle_1,2007,904,.
p101_natural_gas_fired_combined_cycle_1,2009,1259,.
p101_natural_gas_fired_combined_cycle_1,2011,320,.
p101_natural_gas_fired_combined_cycle_1,2017,480,.
p101_natural_gas_fired_combined_cycle_1,2018,1854,.
p101_natural_gas_fired_combined_cycle_1,2019,1723.1,.
p101_natural_gas_fired_combined_cycle_1,2021,780,.
p101_natural_gas_fired_combined_cycle_1,2023,1133.1,.
p101_natural_gas_fired_combined_cycle_1,2026,574.5,.
p101_natural_gas_fired_combined_cycle_2,1956,29.7,.
p101_natural_gas_fired_combined_cycle_2,1977,145,.
p101_natural_gas_fired_combined_cycle_2,1992,124.5,.
p101_natural_gas_fired_combined_cycle_2,1993,385,.
p101_natural_gas_fired_combined_cycle_2,1994,120,.
p101_natural_gas_fired_combined_cycle_2,1995,110.6,.
p101_natural_gas_fired_combined_cycle_2,1997,230,.
p101_natural_gas_fired_combined_cycle_2,2000,258,.
p101_natural_gas_fired_combined_cycle_2,2001,361,.
p101_natural_gas_fired_combined_cycle_2,2002,118,.
p101_natural_gas_fired_combined_cycle_2,2008,185,.
p101_natural_gas_fired_combined_cycle_2,2010,307,.
p101_natural_gas_fired_combined_cycle_2,2021,40,.
p101_natural_gas_fired_combustion_turbine_1,1531,44,.
p101_natural_gas_fired_combustion_turbine_1,1972,111,.
p101_natural_gas_fired_combustion_turbine_1,1973,19,.
p101_natural_gas_fired_combustion_turbine_1,1980,130,.
p101_natural_gas_fired_combustion_turbine_1,1983,2.5,.
p101_natural_gas_fired_combustion_turbine_1,1986,3,.
p101_natural_gas_fired_combustion_turbine_1,1987,8.7,.
p101_natural_gas_fired_combustion_turbine_1,1989,3.3,.
p101_natural_gas_fired_combustion_turbine_1,1990,35,.
p101_natural_gas_fired_combustion_turbine_1,1992,281,.
p101_natural_gas_fired_combustion_turbine_1,1993,439.5,.
p101_natural_gas_fired_combustion_turbine_1,1994,92,.
p101_natural_gas_fired_combustion_turbine_1,1996,81,.
p101_natural_gas_fired_combustion_turbine_1,2000,552.3,.
p101_natural_gas_fired_combustion_turbine_1,2001,505.2,.
p101_natural_gas_fired_combustion_turbine_1,2002,1367.6,.
p101_natural_gas_fired_combustion_turbine_1,2003,400,.
p101_natural_gas_fired_combustion_turbine_1,2005,96,.
p101_natural_gas_fired_combustion_turbine_1,2006,279,.
p101_natural_gas_fired_combustion_turbine_1,2009,500.5,.
p101_natural_gas_fired_combustion_turbine_1,2011,384.2,.
p101_natural_gas_fired_combustion_turbine_1,2015,7.8,.
p101_natural_gas_fired_combustion_turbine_1,2016,471.3,.
p101_natural_gas_fired_combustion_turbine_1,2020,124.5,.
p101_other_peaker_1,1527,76,.
p101_other_peaker_1,1536,232,.
p101_other_peaker_1,1540,442,.
p101_other_peaker_1,1957,18,.
p101_other_peaker_1,1974,521,.
p101_other_peaker_1,1976,819,.
p101_other_peaker_1,1977,1343,.
p101_other_peaker_1,1978,504,.
p101_other_peaker_1,2017,7.4,.
p101_other_peaker_1,2018,28.4,.
p101_other_peaker_1,2019,74,.
p101_other_peaker_1,2020,18.5,.
p101_other_peaker_1,2023,2.6,.
p101_other_peaker_1,2024,60,.
p101_other_peaker_1,2025,135.2,.
p101_petroleum_liquids_1,1970,5,.
p101_petroleum_liquids_1,1972,101,.
p101_petroleum_liquids_1,1973,192.5,.
p101_petroleum_liquids_1,1974,609.2,.
p101_petroleum_liquids_1,1975,240.2,.
p101_petroleum_liquids_1,1976,175,.
p101_petroleum_liquids_1,1978,19,.
p101_petroleum_liquids_1,1980,64,.
p101_petroleum_liquids_1,1989,4,.
p101_petroleum_liquids_1,1991,15,.
p101_petroleum_liquids_1,1992,88,.
p101_petroleum_liquids_1,1997,161,.
p101_petroleum_liquids_1,1998,3.9,.
p101_petroleum_liquids_1,1999,34,.
p101_petroleum_liquids_1,2001,77.5,.
p101_petroleum_liquids_1,2005,0.2,.
p101_petroleum_liquids_1,2006,44,.
p101_petroleum_liquids_1,2012,2.5,.
p101_petroleum_liquids_1,2020,1.4,.
p101_petroleum_liquids_1,2025,1,.
p101_solar_photovoltaic_1,2009,25,.
p101_solar_photovoltaic_1,2010,13.7,.
p101_solar_photovoltaic_1,2011,8.7,.
p101_solar_photovoltaic_1,2012,3.9,.
p101_solar_photovoltaic_1,2013,2,.
p101_solar_photovoltaic_1,2015,9.5,.
p101_solar_photovoltaic_1,2016,244,.
p101_solar_photovoltaic_1,2017,75.9,.
p101_solar_photovoltaic_1,2018,581.1,.
p101_solar_photovoltaic_1,2019,593.9,.
p101_solar_photovoltaic_1,2020,1416.2,.
p101_solar_photovoltaic_1,2021,510.7,.
p101_solar_photovoltaic_1,2022,815,.
p101_solar_photovoltaic_1,2023,831.5,.
p101_solar_photovoltaic_1,2024,2036.1,.
p101_solar_photovoltaic_1,2025,969.8,.
p101_solar_photovoltaic_1,2026,596.8,.
p101_solar_photovoltaic_1,2027,670.5,.
p101_waste_heat_1,1980,3.46989976175993,.
p101_waste_heat_1,1982,15.9863996506332,.
p101_waste_heat_1,1984,23.9795994759498,.
p101_waste_heat_1,1985,14.4125285127737,.
p101_waste_heat_1,1988,6.06231893917734,.
p101_waste_heat_1,1992,36.1361594800914,.
p101_waste_heat_1,1999,5.92133477780113,.
p101_waste_heat_1,2014,11.9897997379749,.
p102_batteries_1,2019,10,40
p102_biomass_1,1989,22.8341375745858,.
p102_biomass_1,1991,48.5945990470397,.
p102_biomass_1,1996,1.76541806705127,.
p102_biomass_1,2000,1.01624006126173,.
p102_biomass_1,2006,0.70711004020745,.
p102_biomass_1,2008,3.46222294654498,.
p102_biomass_1,2013,0.2309724756691,.
p102_biomass_1,2015,29.5608716038118,.
p102_natural_gas_fired_combined_cycle_1,1994,1066,.
p102_natural_gas_fired_combined_cycle_1,2001,414,.
p102_natural_gas_fired_combined_cycle_1,2005,857,.
p102_natural_gas_fired_combined_cycle_1,2007,1288,.
p102_natural_gas_fired_combined_cycle_1,2009,2738,.
p102_natural_gas_fired_combined_cycle_1,2011,1369,.
p102_natural_gas_fired_combined_cycle_1,2013,1393,.
p102_natural_gas_fired_combined_cycle_1,2014,1393,.
p102_natural_gas_fired_combined_cycle_1,2016,1338,.
p102_natural_gas_fired_combined_cycle_1,2022,1234,.
p102_natural_gas_fired_combined_cycle_2,1978,33,.
p102_natural_gas_fired_combined_cycle_2,2008,352.1,.
p102_natural_gas_fired_combustion_turbine_1,1970,74.4,.
p102_natural_gas_fired_combustion_turbine_1,1989,73.8,.
p102_natural_gas_fired_combustion_turbine_1,1992,222.8,.
p102_natural_gas_fired_combustion_turbine_1,2002,720,.
p102_natural_gas_fired_combustion_turbine_1,2007,180,.
p102_natural_gas_fired_combustion_turbine_1,2016,1110,.
p102_nuclear_1,1972,859,.
p102_nuclear_1,1973,888,.
p102_nuclear_1,1976,1003,.
p102_nuclear_1,1983,987,.
p102_other_peaker_1,1967,26.5,.
p102_other_peaker_1,1970,1.8,.
p102_other_peaker_1,1972,9,.
p102_other_peaker_1,1975,8,.
p102_other_peaker_1,1981,12,.
p102_other_peaker_1,2014,8,.
p102_petroleum_liquids_1,1965,10,.
p102_petroleum_liquids_1,1970,1.8,.
p102_petroleum_liquids_1,1976,31,.
p102_petroleum_liquids_1,2013,0.1,.
p102_solar_photovoltaic_1,2010,10,.
p102_solar_photovoltaic_1,2015,1,.
p102_solar_photovoltaic_1,2016,1.9,.
p102_solar_photovoltaic_1,2018,298,.
p102_solar_photovoltaic_1,2019,149,.
p102_solar_photovoltaic_1,2020,149,.
p102_solar_photovoltaic_1,2021,521.5,.
p102_solar_photovoltaic_1,2022,149,.
p102_solar_photovoltaic_1,2023,223.5,.
p102_solar_photovoltaic_1,2024,447,.
p102_solar_photovoltaic_1,2025,223.5,.
p102_solar_photovoltaic_1,2026,298,.
p102_solar_photovoltaic_1,2027,149,.
p103_batteries_1,2021,0.3,0.5
p103_batteries_1,2025,114,456
p103_batteries_1,2026,220,880
p103_biomass_1,1988,10.0381219216661,.
p103_biomass_1,1989,13.5709900925192,.
p103_biomass_1,1991,0.589282998783455,.
p103_biomass_1,1992,13.6322067591221,.
p103_biomass_1,1994,6.64575220829852,.
p103_biomass_1,1995,9.45900946048072,.
p103_biomass_1,1996,4.53766457905461,.
p103_biomass_1,1997,0.294641499391727,.
p103_biomass_1,1998,7.51347848348313,.
p103_biomass_1,2000,0.627546500157359,.
p103_biomass_1,2003,2.05773801383427,.
p103_biomass_1,2005,1.07085820581968,.
p103_biomass_1,2006,1.81415159490425,.
p103_biomass_1,2007,1.73616237650225,.
p103_biomass_1,2009,5.4138224573325,.
p103_biomass_1,2010,4.22638814541304,.
p103_biomass_1,2011,5.5709397810219,.
p103_biomass_1,2012,15.4784332250566,.
p103_biomass_1,2014,1.11400988362496,.
p103_biomass_1,2018,1.30347127222982,.
p103_biomass_1,2020,8.09427611376554,.
p103_biomass_1,2024,1.26019158743878,.
p103_conventional_hydroelectric_1,1931,33.1,.
p103_conventional_steam_coal_1,1952,12,.
p103_conventional_steam_coal_1,1955,10,.
p103_conventional_steam_coal_1,1990,1.4,.
p103_conventional_steam_coal_1,1991,11,.
p103_conventional_steam_coal_1,1994,11,.
p103_conventional_steam_coal_1,1999,3.2,.
p103_conventional_steam_coal_2,1525,1329.3,.
p103_conventional_steam_coal_2,1530,2815,.
p103_conventional_steam_coal_2,1532,1541,.
p103_conventional_steam_coal_2,1990,60,.
p103_hydroelectric_pumped_storage_1,1973,2182.2,33824.1
p103_natural_gas_fired_combined_cycle_1,1989,618,.
p103_natural_gas_fired_combined_cycle_1,1990,1408,.
p103_natural_gas_fired_combined_cycle_1,1998,13.4,.
p103_natural_gas_fired_combined_cycle_1,2002,1152.7,.
p103_natural_gas_fired_combined_cycle_1,2022,1169,.
p103_natural_gas_fired_combined_cycle_1,2028,500,.
p103_natural_gas_fired_combined_cycle_2,1975,11.5,.
p103_natural_gas_fired_combined_cycle_2,1986,11.5,.
p103_natural_gas_fired_combined_cycle_2,1990,37,.
p103_natural_gas_fired_combined_cycle_2,1992,5,.
p103_natural_gas_fired_combined_cycle_2,1995,156,.
p103_natural_gas_fired_combined_cycle_2,2001,400,.
p103_natural_gas_fired_combined_cycle_2,2013,100.2,.
p103_natural_gas_fired_combined_cycle_2,2017,149.1,.
p103_natural_gas_fired_combined_cycle_2,2019,33.7,.
p103_natural_gas_fired_combined_cycle_2,2022,216.1,.
p103_natural_gas_fired_combustion_turbine_1,1966,102,.
p103_natural_gas_fired_combustion_turbine_1,1967,40,.
p103_natural_gas_fired_combustion_turbine_1,1968,23,.
p103_natural_gas_fired_combustion_turbine_1,1970,42,.
p103_natural_gas_fired_combustion_turbine_1,1971,24,.
p103_natural_gas_fired_combustion_turbine_1,1972,25.5,.
p103_natural_gas_fired_combustion_turbine_1,1989,3.2,.
p103_natural_gas_fired_combustion_turbine_1,1990,3.9,.
p103_natural_gas_fired_combustion_turbine_1,1992,78,.
p103_natural_gas_fired_combustion_turbine_1,1995,21,.
p103_natural_gas_fired_combustion_turbine_1,1999,916,.
p103_natural_gas_fired_combustion_turbine_1,2000,302.6,.
p103_natural_gas_fired_combustion_turbine_1,2001,466.9,.
p103_natural_gas_fired_combustion_turbine_1,2002,1592.09,.
p103_natural_gas_fired_combustion_turbine_1,2006,14.3,.
p103_natural_gas_fired_combustion_turbine_1,2013,3.7,.
p103_natural_gas_fired_combustion_turbine_1,2016,451.6,.
p103_natural_gas_fired_combustion_turbine_1,2018,6.8,.
p103_natural_gas_fired_combustion_turbine_1,2022,57.1,.
p103_natural_gas_fired_combustion_turbine_1,2027,15,.
p103_nuclear_1,1988,1161,.
p103_onshore_wind_turbine_1,2008,120.2,.
p103_onshore_wind_turbine_1,2009,59,.
p103_onshore_wind_turbine_1,2011,192,.
p103_onshore_wind_turbine_1,2012,582.2,.
p103_onshore_wind_turbine_1,2013,175.1,.
p103_onshore_wind_turbine_1,2014,368.2,.
p103_onshore_wind_turbine_1,2016,79.4,.
p103_onshore_wind_turbine_1,2017,249,.
p103_onshore_wind_turbine_1,2018,44,.
p103_onshore_wind_turbine_1,2019,285.2,.
p103_onshore_wind_turbine_1,2020,448.6,.
p103_onshore_wind_turbine_1,2021,533.5,.
p103_onshore_wind_turbine_1,2023,337.1,.
p103_onshore_wind_turbine_1,2024,200,.
p103_onshore_wind_turbine_1,2028,198,.
p103_other_peaker_1,1526,43.5,.
p103_other_peaker_1,1532,3.6,.
p103_other_peaker_1,1540,2.7,.
p103_other_peaker_1,1545,17.8,.
p103_other_peaker_1,1547,2,.
p103_other_peaker_1,1550,10.5,.
p103_other_peaker_1,1948,2.6,.
p103_other_peaker_1,1950,19.5,.
p103_other_peaker_1,1951,1,.
p103_other_peaker_1,1964,1.4,.
p103_other_peaker_1,1965,12.5,.
p103_other_peaker_1,1966,12.5,.
p103_other_peaker_1,1968,2,.
p103_other_peaker_1,1973,7.5,.
p103_other_peaker_1,1974,15,.
p103_other_peaker_1,1975,613.1,.
p103_other_peaker_1,1976,6,.
p103_other_peaker_1,1977,627,.
p103_other_peaker_1,1978,5.6,.
p103_other_peaker_1,1979,785,.
p103_other_peaker_1,1980,5.5,.
p103_other_peaker_1,1984,6.7,.
p103_other_peaker_1,1987,1,.
p103_other_peaker_1,1990,3.2,.
p103_other_peaker_1,1993,36,.
p103_other_peaker_1,2001,250,.
p103_other_peaker_1,2006,25,.
p103_other_peaker_1,2015,12.9,.
p103_other_peaker_1,2017,2.2,.
p103_other_peaker_1,2018,3.8,.
p103_other_peaker_1,2020,7.7,.
p103_other_peaker_1,2022,28.2,.
p103_petroleum_liquids_1,1938,1.9,.
p103_petroleum_liquids_1,1947,1.8,.
p103_petroleum_liquids_1,1949,2,.
p103_petroleum_liquids_1,1950,0.8,.
p103_petroleum_liquids_1,1952,1,.
p103_petroleum_liquids_1,1958,1.3,.
p103_petroleum_liquids_1,1960,4.5,.
p103_petroleum_liquids_1,1961,1,.
p103_petroleum_liquids_1,1966,153.4,.
p103_petroleum_liquids_1,1967,0.6,.
p103_petroleum_liquids_1,1968,14,.
p103_petroleum_liquids_1,1969,28,.
p103_petroleum_liquids_1,1970,28,.
p103_petroleum_liquids_1,1971,84.7,.
p103_petroleum_liquids_1,1972,2.8,.
p103_petroleum_liquids_1,1973,2.5,.
p103_petroleum_liquids_1,1976,2.5,.
p103_petroleum_liquids_1,1979,1.1,.
p103_petroleum_liquids_1,1981,14,.
p103_petroleum_liquids_1,1982,0.6,.
p103_petroleum_liquids_1,1984,2.2,.
p103_petroleum_liquids_1,1985,3.7,.
p103_petroleum_liquids_1,1987,1.5,.
p103_petroleum_liquids_1,1988,1.2,.
p103_petroleum_liquids_1,1990,6.5,.
p103_petroleum_liquids_1,1992,1,.
p103_petroleum_liquids_1,1993,2.5,.
p103_petroleum_liquids_1,1995,1.7,.
p103_petroleum_liquids_1,1996,2.4,.
p103_petroleum_liquids_1,1999,2,.
p103_petroleum_liquids_1,2000,6.5,.
p103_petroleum_liquids_1,2001,3.3,.
p103_petroleum_liquids_1,2002,4,.
p103_petroleum_liquids_1,2003,2.6,.
p103_petroleum_liquids_1,2005,4.6,.
p103_petroleum_liquids_1,2006,4.5,.
p103_petroleum_liquids_1,2007,7.7,.
p103_petroleum_liquids_1,2021,7.2,.
p103_small_hydroelectric_1,1901,0,.
p103_small_hydroelectric_1,1907,3.22404657860359,.
p103_small_hydroelectric_1,1911,3.27888098835219,.
p103_small_hydroelectric_1,1912,3.71951723659614,.
p103_small_hydroelectric_1,1913,2.39007059589157,.
p103_small_hydroelectric_1,1915,0.528739436093037,.
p103_small_hydroelectric_1,1916,1.6,.
p103_small_hydroelectric_1,1918,9.9,.
p103_small_hydroelectric_1,1919,0.0233889226818059,.
p103_small_hydroelectric_1,1922,2.22585588711543,.
p103_small_hydroelectric_1,1924,3,.
p103_small_hydroelectric_1,1925,5.0270250405515,.
p103_small_hydroelectric_1,1928,0.0130050937012962,.
p103_small_hydroelectric_1,1929,0.00650254685064812,.
p103_small_hydroelectric_1,1932,0,.
p103_small_hydroelectric_1,1935,0.72275291883135,.
p103_small_hydroelectric_1,1945,0.632408803977431,.
p103_small_hydroelectric_1,1949,0.773390222409383,.
p103_small_hydroelectric_1,1951,0,.
p103_small_hydroelectric_1,1952,0,.
p103_small_hydroelectric_1,1954,0,.
p103_small_hydroelectric_1,1963,0,.
p103_small_hydroelectric_1,1984,1.03898204771438,.
p103_small_hydroelectric_1,1986,0.647797546634226,.
p103_small_hydroelectric_1,1988,0.695407542579075,.
p103_small_hydroelectric_1,1990,3.67316124290349,.
p103_small_hydroelectric_1,2005,0.117643704379562,.
p103_solar_photovoltaic_1,2015,1.8,.
p103_solar_photovoltaic_1,2016,4.6,.
p103_solar_photovoltaic_1,2017,61.5,.
p103_solar_photovoltaic_1,2018,24,.
p103_solar_photovoltaic_1,2019,1.8,.
p103_solar_photovoltaic_1,2020,108,.
p103_solar_photovoltaic_1,2021,17.7,.
p103_solar_photovoltaic_1,2022,354,.
p103_solar_photovoltaic_1,2023,267.5,.
p103_solar_photovoltaic_1,2024,183,.
p103_solar_photovoltaic_1,2025,1057.8,.
p103_solar_photovoltaic_1,2026,1098.2,.
p103_solar_photovoltaic_1,2027,150,.
p104_batteries_1,2018,1,1
p104_biomass_1,2009,3.33979622871046,.
p104_biomass_1,2013,2.59741049704553,.
p104_biomass_1,2019,0.649352624261383,.
p104_natural_gas_fired_combined_cycle_1,1997,11.2,.
p104_natural_gas_fired_combined_cycle_1,1999,0.9,.
p104_natural_gas_fired_combined_cycle_1,2022,1097.1,.
p104_natural_gas_fired_combined_cycle_2,2004,1790.8,.
p104_natural_gas_fired_combustion_turbine_1,1999,76,.
p104_nuclear_1,1972,815.6,.
p104_nuclear_1,1975,1084,.
p104_nuclear_1,1978,1194,.
p104_other_peaker_1,1981,6,.
p104_other_peaker_1,1999,0.8,.
p104_other_peaker_1,2021,5,.
p104_small_hydroelectric_1,1533,0.793732258718573,.
p104_small_hydroelectric_1,1911,0.189896225023962,.
p104_small_hydroelectric_1,1919,1.05717761557178,.
p104_small_hydroelectric_1,1921,0.0977460124357935,.
p104_small_hydroelectric_1,1922,0.14661901865369,.
p104_small_hydroelectric_1,1923,0.382441833941606,.
p104_small_hydroelectric_1,1927,0.900277101919438,.
p104_small_hydroelectric_1,1929,0.127480611313869,.
p104_small_hydroelectric_1,1930,0.14661901865369,.
p104_small_hydroelectric_1,1983,0.332318393791934,.
p104_small_hydroelectric_1,1996,2.4,.
p104_solar_photovoltaic_1,2016,5.6,.
p104_solar_photovoltaic_1,2027,370,.
p105_batteries_1,2024,45,180
p105_batteries_1,2025,56.3,225
p105_biomass_1,2003,2.55534012570965,.
p105_biomass_1,2005,2.16038118410381,.
p105_biomass_1,2007,2.11346013501186,.
p105_biomass_1,2010,3.37778791565288,.
p105_biomass_1,2011,1.92722906528792,.
p105_biomass_1,2012,1.87179867384494,.
p105_biomass_1,2014,6.62990416524023,.
p105_biomass_1,2015,1.88195489360979,.
p105_biomass_1,2017,4.51174793270602,.
p105_biomass_1,2020,1.15504300700583,.
p105_biomass_1,2021,0.815513787230907,.
p105_conventional_hydroelectric_1,2022,2.5,.
p105_conventional_steam_coal_1,1970,505,.
p105_conventional_steam_coal_1,1972,500,.
p105_natural_gas_fired_combined_cycle_1,2002,962.1,.
p105_natural_gas_fired_combined_cycle_1,2003,235.8,.
p105_natural_gas_fired_combined_cycle_1,2018,760,.
p105_natural_gas_fired_combined_cycle_2,2026,16.3,.
p105_natural_gas_fired_combustion_turbine_1,1979,155,.
p105_natural_gas_fired_combustion_turbine_1,1992,84,.
p105_natural_gas_fired_combustion_turbine_1,1993,110,.
p105_natural_gas_fired_combustion_turbine_1,1995,182,.
p105_natural_gas_fired_combustion_turbine_1,1997,42,.
p105_natural_gas_fired_combustion_turbine_1,2000,763,.
p105_natural_gas_fired_combustion_turbine_1,2001,236,.
p105_natural_gas_fired_combustion_turbine_1,2004,90,.
p105_natural_gas_fired_combustion_turbine_1,2019,9.4,.
p105_natural_gas_fired_combustion_turbine_1,2021,68.4,.
p105_natural_gas_fired_combustion_turbine_1,2022,16.2,.
p105_onshore_wind_turbine_1,2008,130.5,.
p105_onshore_wind_turbine_1,2009,806,.
p105_onshore_wind_turbine_1,2010,311.5,.
p105_onshore_wind_turbine_1,2012,200,.
p105_onshore_wind_turbine_1,2014,200,.
p105_onshore_wind_turbine_1,2016,150,.
p105_onshore_wind_turbine_1,2017,219.7,.
p105_onshore_wind_turbine_1,2018,200.4,.
p105_onshore_wind_turbine_1,2020,630.6,.
p105_onshore_wind_turbine_1,2021,502.4,.
p105_onshore_wind_turbine_1,2023,88,.
p105_onshore_wind_turbine_1,2024,200,.
p105_onshore_wind_turbine_1,2026,200,.
p105_onshore_wind_turbine_1,2027,200.2,.
p105_other_peaker_1,1948,22.4,.
p105_other_peaker_1,1950,2.2,.
p105_other_peaker_1,1952,1.7,.
p105_other_peaker_1,1955,28.2,.
p105_other_peaker_1,1956,2,.
p105_other_peaker_1,1961,29,.
p105_other_peaker_1,1962,3,.
p105_other_peaker_1,1967,5,.
p105_other_peaker_1,1969,124.8,.
p105_other_peaker_1,1970,60.5,.
p105_other_peaker_1,1980,38,.
p105_other_peaker_1,1981,18.8,.
p105_other_peaker_1,1984,7.4,.
p105_other_peaker_1,1994,6.4,.
p105_other_peaker_1,1995,30.8,.
p105_other_peaker_1,1996,90,.
p105_other_peaker_1,1997,169,.
p105_other_peaker_1,1999,3.2,.
p105_other_peaker_1,2000,9.4,.
p105_other_peaker_1,2002,32.2,.
p105_other_peaker_1,2005,3.2,.
p105_other_peaker_1,2007,3.2,.
p105_other_peaker_1,2008,3.6,.
p105_other_peaker_1,2009,3.2,.
p105_other_peaker_1,2010,3.2,.
p105_other_peaker_1,2013,2.5,.
p105_other_peaker_1,2017,7.4,.
p105_other_peaker_1,2020,0.9,.
p105_other_peaker_1,2022,3.9,.
p105_other_peaker_1,2023,0.8,.
p105_other_peaker_1,2024,2.5,.
p105_petroleum_liquids_1,1952,2,.
p105_petroleum_liquids_1,1972,10,.
p105_petroleum_liquids_1,1992,1.2,.
p105_petroleum_liquids_1,1996,1.8,.
p105_petroleum_liquids_1,2000,1.8,.
p105_petroleum_liquids_1,2001,0.3,.
p105_petroleum_liquids_1,2002,1.8,.
p105_petroleum_liquids_1,2004,2,.
p105_petroleum_liquids_1,2006,5.4,.
p105_petroleum_liquids_1,2010,1,.
p105_small_hydroelectric_1,1531,1.47214618815896,.
p105_small_hydroelectric_1,1923,2.21854724249797,.
p105_small_hydroelectric_1,1925,2.51476328061638,.
p105_small_hydroelectric_1,1989,0,.
p105_solar_photovoltaic_1,2012,7.5,.
p105_solar_photovoltaic_1,2013,4,.
p105_solar_photovoltaic_1,2014,1.6,.
p105_solar_photovoltaic_1,2015,11.6,.
p105_solar_photovoltaic_1,2016,15.5,.
p105_solar_photovoltaic_1,2017,12.7,.
p105_solar_photovoltaic_1,2018,3.1,.
p105_solar_photovoltaic_1,2019,15.9,.
p105_solar_photovoltaic_1,2020,26.7,.
p105_solar_photovoltaic_1,2021,262.7,.
p105_solar_photovoltaic_1,2022,24.9,.
p105_solar_photovoltaic_1,2023,473.4,.
p105_solar_photovoltaic_1,2024,1195,.
p105_solar_photovoltaic_1,2025,566.2,.
p105_solar_photovoltaic_1,2026,1174,.
p105_waste_heat_1,1998,44.9699158556367,.
p106_batteries_1,2016,20,20
p106_biomass_1,1988,1.76946155210868,.
p106_natural_gas_fired_combined_cycle_1,1950,87,.
p106_natural_gas_fired_combined_cycle_1,2003,223,.
p106_natural_gas_fired_combustion_turbine_1,1994,67,.
p106_natural_gas_fired_combustion_turbine_1,1995,67,.
p106_natural_gas_fired_combustion_turbine_1,2000,268.4,.
p106_natural_gas_fired_combustion_turbine_1,2001,89.6,.
p106_natural_gas_fired_combustion_turbine_1,2002,154,.
p106_other_peaker_1,1938,5,.
p106_other_peaker_1,1958,101,.
p106_other_peaker_1,1961,99,.
p106_other_peaker_1,1973,418,.
p106_petroleum_liquids_1,1967,3,.
p106_petroleum_liquids_1,1973,50,.
p106_petroleum_liquids_1,1998,1,.
p106_petroleum_liquids_1,2001,1,.
p106_petroleum_liquids_1,2005,2,.
p106_petroleum_liquids_1,2010,2,.
p106_solar_photovoltaic_1,2011,1.2,.
p106_solar_photovoltaic_1,2013,38.6,.
p106_solar_photovoltaic_1,2014,38.8,.
p106_solar_photovoltaic_1,2015,12.8,.
p106_solar_photovoltaic_1,2016,0.8,.
p107_batteries_1,2019,6,9.6
p107_batteries_1,2020,10,10
p107_batteries_1,2025,200,877
p107_biomass_1,2009,1.17083586780211,.
p107_conventional_hydroelectric_1,1967,53.7,.
p107_conventional_steam_coal_1,1525,90,.
p107_conventional_steam_coal_1,1955,34.7,.
p107_conventional_steam_coal_1,1973,335,.
p107_conventional_steam_coal_2,1530,2598,.
p107_conventional_steam_coal_2,1955,998.5,.
p107_conventional_steam_coal_2,1956,199.7,.
p107_conventional_steam_coal_2,1960,142.8,.
p107_conventional_steam_coal_2,1964,126.3,.
p107_conventional_steam_coal_2,1965,149.7,.
p107_conventional_steam_coal_2,1970,305.2,.
p107_conventional_steam_coal_2,1975,635,.
p107_conventional_steam_coal_2,1976,635,.
p107_conventional_steam_coal_2,1977,540.3,.
p107_conventional_steam_coal_2,1978,635,.
p107_conventional_steam_coal_2,1979,627,.
p107_conventional_steam_coal_2,1982,1121,.
p107_conventional_steam_coal_2,1983,494,.
p107_conventional_steam_coal_2,1986,534.6,.
p107_conventional_steam_coal_2,2013,1059.2,.
p107_natural_gas_fired_combined_cycle_1,2004,1288,.
p107_natural_gas_fired_combined_cycle_2,2018,723,.
p107_natural_gas_fired_combustion_turbine_1,1991,87,.
p107_natural_gas_fired_combustion_turbine_1,1992,84,.
p107_natural_gas_fired_combustion_turbine_1,2000,701.5,.
p107_natural_gas_fired_combustion_turbine_1,2001,134,.
p107_natural_gas_fired_combustion_turbine_1,2002,87,.
p107_natural_gas_fired_combustion_turbine_1,2005,260.5,.
p107_natural_gas_fired_combustion_turbine_1,2017,98.5,.
p107_natural_gas_fired_combustion_turbine_1,2025,493.4,.
p107_other_peaker_1,2020,6.1,.
p107_petroleum_liquids_1,1967,9,.
p107_petroleum_liquids_1,2004,2,.
p107_solar_photovoltaic_1,2014,0.8,.
p107_solar_photovoltaic_1,2015,8.3,.
p107_solar_photovoltaic_1,2016,15.5,.
p107_solar_photovoltaic_1,2017,20.3,.
p107_solar_photovoltaic_1,2018,14,.
p107_solar_photovoltaic_1,2019,7.2,.
p107_solar_photovoltaic_1,2020,14.6,.
p107_solar_photovoltaic_1,2021,57.6,.
p107_solar_photovoltaic_1,2022,4.3,.
p107_solar_photovoltaic_1,2023,173.9,.
p107_solar_photovoltaic_1,2024,6.1,.
p107_solar_photovoltaic_1,2025,983.9,.
p107_solar_photovoltaic_1,2026,150,.
p107_solar_photovoltaic_1,2028,400,.
p108_biomass_1,2001,18.7712325121654,.
p108_conventional_steam_coal_1,1984,417,.
p108_natural_gas_fired_combined_cycle_1,2017,1160,.
p108_natural_gas_fired_combustion_turbine_1,1976,65,.
p108_natural_gas_fired_combustion_turbine_1,2023,693,.
p108_other_peaker_1,1979,231,.
p108_other_peaker_1,1981,223,.
p108_solar_photovoltaic_1,2025,410,.
p109_batteries_1,2027,125,500
p109_biomass_1,1995,0.409603978072373,.
p109_biomass_1,2002,0.147457432106054,.
p109_biomass_1,2003,3.90928156306064,.
p109_biomass_1,2006,0.848007907542579,.
p109_biomass_1,2007,2.26597982562855,.
p109_biomass_1,2013,0.620742092457421,.
p109_biomass_1,2015,0.596065597526809,.
p109_biomass_1,2016,1.28796334512615,.
p109_biomass_1,2019,0.769015494787075,.
p109_conventional_hydroelectric_1,1925,31.5,.
p109_conventional_hydroelectric_1,1928,100.8,.
p109_conventional_hydroelectric_1,1977,61,.
p109_conventional_hydroelectric_1,2016,105,.
p109_conventional_hydroelectric_1,2025,2.8,.
p109_conventional_hydroelectric_1,2029,2.8,.
p109_conventional_steam_coal_1,1530,297,.
p109_conventional_steam_coal_1,1974,479,.
p109_conventional_steam_coal_1,1977,786,.
p109_conventional_steam_coal_1,1978,394,.
p109_conventional_steam_coal_1,1981,986,.
p109_conventional_steam_coal_1,1982,486,.
p109_conventional_steam_coal_1,1984,478,.
p109_conventional_steam_coal_1,1990,493,.
p109_conventional_steam_coal_1,2005,268,.
p109_conventional_steam_coal_1,2009,268,.
p109_conventional_steam_coal_1,2011,760,.
p109_conventional_steam_coal_2,1971,416,.
p109_conventional_steam_coal_2,1981,600,.
p109_natural_gas_fired_combined_cycle_1,2015,691,.
p109_natural_gas_fired_combined_cycle_2,2027,660,.
p109_natural_gas_fired_combustion_turbine_1,1968,28,.
p109_natural_gas_fired_combustion_turbine_1,1970,28,.
p109_natural_gas_fired_combustion_turbine_1,1994,138,.
p109_natural_gas_fired_combustion_turbine_1,1995,266,.
p109_natural_gas_fired_combustion_turbine_1,1996,128,.
p109_natural_gas_fired_combustion_turbine_1,1999,768,.
p109_natural_gas_fired_combustion_turbine_1,2001,486,.
p109_natural_gas_fired_combustion_turbine_1,2002,925,.
p109_natural_gas_fired_combustion_turbine_1,2004,716,.
p109_natural_gas_fired_combustion_turbine_1,2005,176,.
p109_natural_gas_fired_combustion_turbine_1,2010,206,.
p109_petroleum_liquids_1,1934,0.8,.
p109_petroleum_liquids_1,1949,1.2,.
p109_petroleum_liquids_1,1952,1.4,.
p109_petroleum_liquids_1,1954,1.4,.
p109_petroleum_liquids_1,1974,6,.
p109_small_hydroelectric_1,2007,0.701611481363941,.
p109_small_hydroelectric_1,2008,0.306955023096724,.
p109_small_hydroelectric_1,2021,0.71546315309149,.
p109_small_hydroelectric_1,2029,0,.
p109_solar_photovoltaic_1,2016,10,.
p109_solar_photovoltaic_1,2017,15.8,.
p109_solar_photovoltaic_1,2019,1.7,.
p109_solar_photovoltaic_1,2022,50,.
p109_solar_photovoltaic_1,2023,2,.
p109_solar_photovoltaic_1,2024,1.3,.
p109_solar_photovoltaic_1,2025,280,.
p109_solar_photovoltaic_1,2026,70,.
p109_solar_photovoltaic_1,2027,188.5,.
p11_batteries_1,2012,0.5,1.5
p11_batteries_1,2014,2,6
p11_batteries_1,2015,2.5,5
p11_batteries_1,2016,2,2
p11_batteries_1,2017,39.5,158
p11_batteries_1,2018,40,38
p11_batteries_1,2020,251.5,702
p11_batteries_1,2021,171.7,555
p11_batteries_1,2022,20,80
p11_batteries_1,2023,40,40
p11_batteries_1,2024,79.4,91.9
p11_batteries_1,2025,419.1,1255.1
p11_batteries_1,2026,452,1808
p11_biomass_1,1985,0.763488442822384,.
p11_biomass_1,1997,5.29915602189781,.
p11_biomass_1,2004,0.68879821122826,.
p11_biomass_1,2008,0.406234159570154,.
p11_biomass_1,2009,0.406234159570154,.
p11_biomass_1,2011,0.551038568982608,.
p11_conventional_hydroelectric_1,2025,2.3,.
p11_natural_gas_fired_combined_cycle_1,1994,49.4,.
p11_natural_gas_fired_combined_cycle_1,2005,361,.
p11_natural_gas_fired_combined_cycle_1,2006,229,.
p11_natural_gas_fired_combined_cycle_1,2009,614,.
p11_natural_gas_fired_combined_cycle_2,2001,30,.
p11_natural_gas_fired_combined_cycle_2,2002,10.9,.
p11_natural_gas_fired_combustion_turbine_1,1983,18.5,.
p11_natural_gas_fired_combustion_turbine_1,2001,228.2,.
p11_natural_gas_fired_combustion_turbine_1,2002,48.7,.
p11_natural_gas_fired_combustion_turbine_1,2003,4.4,.
p11_natural_gas_fired_combustion_turbine_1,2004,4.8,.
p11_natural_gas_fired_combustion_turbine_1,2005,51,.
p11_natural_gas_fired_combustion_turbine_1,2009,47,.
p11_natural_gas_fired_combustion_turbine_1,2010,158.7,.
p11_natural_gas_fired_combustion_turbine_1,2013,4,.
p11_natural_gas_fired_combustion_turbine_1,2014,54,.
p11_natural_gas_fired_combustion_turbine_1,2016,340.4,.
p11_natural_gas_fired_combustion_turbine_1,2018,527.5,.
p11_onshore_wind_turbine_1,2005,50,.
p11_onshore_wind_turbine_1,2012,265.4,.
p11_onshore_wind_turbine_1,2014,1,.
p11_onshore_wind_turbine_1,2017,143,.
p11_other_peaker_1,2001,2,.
p11_other_peaker_1,2012,4.8,.
p11_other_peaker_1,2016,2,.
p11_other_peaker_1,2019,6,.
p11_other_peaker_1,2020,1,.
p11_petroleum_liquids_1,2000,2,.
p11_petroleum_liquids_1,2010,4.5,.
p11_small_hydroelectric_1,1985,2.06801246958637,.
p11_small_hydroelectric_1,1986,0.205862353000811,.
p11_solar_photovoltaic_1,2008,1,.
p11_solar_photovoltaic_1,2009,0.1,.
p11_solar_photovoltaic_1,2011,3.3,.
p11_solar_photovoltaic_1,2012,0.2,.
p11_solar_photovoltaic_1,2013,40.5,.
p11_solar_photovoltaic_1,2014,6.4,.
p11_solar_photovoltaic_1,2015,1,.
p11_solar_photovoltaic_1,2016,11.5,.
p11_solar_photovoltaic_1,2017,25.5,.
p11_solar_photovoltaic_1,2018,5.3,.
p11_solar_photovoltaic_1,2020,1.1,.
p11_solar_photovoltaic_1,2021,7,.
p11_solar_photovoltaic_1,2023,52.6,.
p11_solar_photovoltaic_1,2024,5.3,.
p110_conventional_hydroelectric_1,2016,87.9,.
p110_natural_gas_fired_combustion_turbine_1,2001,570,.
p110_natural_gas_fired_combustion_turbine_1,2002,380,.
p110_other_peaker_1,1963,260,.
p110_solar_photovoltaic_1,2024,111,.
p111_batteries_1,2023,12,12
p111_biomass_1,1993,1.11077529399838,.
p111_biomass_1,2010,1.16824648553663,.
p111_biomass_1,2011,0.301947866757928,.
p111_biomass_1,2013,5.46553122465531,.
p111_biomass_1,2014,1.48282787577724,.
p111_conventional_steam_coal_1,1949,7,.
p111_conventional_steam_coal_1,1953,7,.
p111_conventional_steam_coal_1,1955,137,.
p111_conventional_steam_coal_1,1965,15.5,.
p111_conventional_steam_coal_1,1990,17.5,.
p111_conventional_steam_coal_2,1986,6,.
p111_natural_gas_fired_combined_cycle_1,2001,28.6,.
p111_natural_gas_fired_combined_cycle_1,2012,685.1,.
p111_natural_gas_fired_combined_cycle_1,2021,1210.4,.
p111_natural_gas_fired_combined_cycle_2,2017,963.4,.
p111_natural_gas_fired_combined_cycle_2,2018,940.2,.
p111_natural_gas_fired_combined_cycle_2,2026,978.1,.
p111_natural_gas_fired_combustion_turbine_1,1970,36,.
p111_natural_gas_fired_combustion_turbine_1,2000,81.5,.
p111_natural_gas_fired_combustion_turbine_1,2001,425,.
p111_natural_gas_fired_combustion_turbine_1,2002,786.41,.
p111_natural_gas_fired_combustion_turbine_1,2003,5.6,.
p111_natural_gas_fired_combustion_turbine_1,2004,7.7,.
p111_nuclear_1,1977,908,.
p111_nuclear_1,1987,1268,.
p111_onshore_wind_turbine_1,2003,3.6,.
p111_onshore_wind_turbine_1,2004,3.6,.
p111_onshore_wind_turbine_1,2011,2.5,.
p111_onshore_wind_turbine_1,2012,1,.
p111_onshore_wind_turbine_1,2023,4.5,.
p111_other_peaker_1,1934,2.8,.
p111_other_peaker_1,1958,2.5,.
p111_other_peaker_1,1961,2.7,.
p111_other_peaker_1,1965,9,.
p111_other_peaker_1,1966,3,.
p111_other_peaker_1,1990,0.9,.
p111_other_peaker_1,1996,2.1,.
p111_other_peaker_1,2001,6.2,.
p111_other_peaker_1,2007,10,.
p111_other_peaker_1,2017,1,.
p111_other_peaker_1,2020,10,.
p111_other_peaker_1,2022,60,.
p111_petroleum_liquids_1,1948,1,.
p111_petroleum_liquids_1,1967,16.2,.
p111_petroleum_liquids_1,1972,30,.
p111_petroleum_liquids_1,1973,108.2,.
p111_petroleum_liquids_1,1998,1,.
p111_petroleum_liquids_1,2000,10.8,.
p111_petroleum_liquids_1,2001,5.4,.
p111_petroleum_liquids_1,2004,6,.
p111_petroleum_liquids_1,2007,2,.
p111_petroleum_liquids_1,2010,1.8,.
p111_petroleum_liquids_1,2017,1.5,.
p111_petroleum_liquids_1,2018,9,.
p111_petroleum_liquids_1,2020,29.7,.
p111_petroleum_liquids_1,2023,10.8,.
p111_solar_photovoltaic_1,2010,1,.
p111_solar_photovoltaic_1,2012,2,.
p111_solar_photovoltaic_1,2014,1.8,.
p111_solar_photovoltaic_1,2015,2.7,.
p111_solar_photovoltaic_1,2016,0.7,.
p111_solar_photovoltaic_1,2017,20,.
p111_solar_photovoltaic_1,2018,4.8,.
p111_solar_photovoltaic_1,2019,6.3,.
p111_solar_photovoltaic_1,2021,1,.
p111_solar_photovoltaic_1,2022,1.4,.
p111_solar_photovoltaic_1,2023,6.9,.
p111_solar_photovoltaic_1,2024,109.4,.
p111_solar_photovoltaic_1,2025,125,.
p111_solar_photovoltaic_1,2026,50,.
p112_batteries_1,2021,0.8,3.4
p112_batteries_1,2027,200,800
p112_biomass_1,1958,2.91177124885004,.
p112_biomass_1,1967,3.25991781121255,.
p112_biomass_1,2011,3.39277929845904,.
p112_biomass_1,2013,0,.
p112_biomass_1,2014,2.3922138622891,.
p112_biomass_1,2025,0,.
p112_conventional_hydroelectric_1,1982,70.2,.
p112_conventional_steam_coal_1,1961,20,.
p112_conventional_steam_coal_1,1971,23,.
p112_conventional_steam_coal_2,1530,620,.
p112_conventional_steam_coal_2,1954,8,.
p112_conventional_steam_coal_2,1955,990.7,.
p112_conventional_steam_coal_2,1967,1190,.
p112_conventional_steam_coal_2,1968,15.2,.
p112_conventional_steam_coal_2,1974,1361,.
p112_conventional_steam_coal_2,1975,1361,.
p112_natural_gas_fired_combined_cycle_1,2002,686,.
p112_natural_gas_fired_combined_cycle_1,2003,2386,.
p112_natural_gas_fired_combined_cycle_1,2012,625,.
p112_natural_gas_fired_combined_cycle_1,2017,760.4,.
p112_natural_gas_fired_combined_cycle_2,2021,485,.
p112_natural_gas_fired_combined_cycle_2,2023,1875,.
p112_natural_gas_fired_combustion_turbine_1,1963,6,.
p112_natural_gas_fired_combustion_turbine_1,1966,28,.
p112_natural_gas_fired_combustion_turbine_1,1970,18,.
p112_natural_gas_fired_combustion_turbine_1,1988,18,.
p112_natural_gas_fired_combustion_turbine_1,1992,15.3,.
p112_natural_gas_fired_combustion_turbine_1,1999,10.4,.
p112_natural_gas_fired_combustion_turbine_1,2000,335,.
p112_natural_gas_fired_combustion_turbine_1,2001,753.6,.
p112_natural_gas_fired_combustion_turbine_1,2002,720,.
p112_natural_gas_fired_combustion_turbine_1,2003,1045,.
p112_natural_gas_fired_combustion_turbine_1,2005,1.1,.
p112_onshore_wind_turbine_1,2011,401,.
p112_onshore_wind_turbine_1,2012,4.5,.
p112_onshore_wind_turbine_1,2013,7.9,.
p112_onshore_wind_turbine_1,2015,7.5,.
p112_onshore_wind_turbine_1,2016,102.3,.
p112_onshore_wind_turbine_1,2017,70.5,.
p112_onshore_wind_turbine_1,2018,109,.
p112_onshore_wind_turbine_1,2020,134.1,.
p112_onshore_wind_turbine_1,2021,249.8,.
p112_onshore_wind_turbine_1,2026,140.3,.
p112_other_peaker_1,1943,7.5,.
p112_other_peaker_1,1954,26,.
p112_other_peaker_1,1966,82,.
p112_other_peaker_1,1971,23,.
p112_other_peaker_1,1978,11.7,.
p112_other_peaker_1,2008,34,.
p112_other_peaker_1,2015,2.5,.
p112_other_peaker_1,2017,14.8,.
p112_petroleum_liquids_1,1948,2.5,.
p112_petroleum_liquids_1,1949,0.6,.
p112_petroleum_liquids_1,1957,1.2,.
p112_petroleum_liquids_1,1965,15.5,.
p112_petroleum_liquids_1,1966,2.4,.
p112_petroleum_liquids_1,1968,31.5,.
p112_petroleum_liquids_1,1971,2.1,.
p112_petroleum_liquids_1,1983,2.4,.
p112_petroleum_liquids_1,1992,12,.
p112_petroleum_liquids_1,1998,1.8,.
p112_petroleum_liquids_1,1999,39.6,.
p112_petroleum_liquids_1,2000,18,.
p112_petroleum_liquids_1,2001,5.4,.
p112_petroleum_liquids_1,2006,2.2,.
p112_petroleum_liquids_1,2008,4.7,.
p112_petroleum_liquids_1,2016,1.8,.
p112_petroleum_liquids_1,2019,1.8,.
p112_petroleum_liquids_1,2020,2.7,.
p112_small_hydroelectric_1,1982,0,.
p112_small_hydroelectric_1,1983,0,.
p112_small_hydroelectric_1,1986,0.189882400648824,.
p112_small_hydroelectric_1,1987,0.189882400648824,.
p112_small_hydroelectric_1,1988,0.28264395782644,.
p112_small_hydroelectric_1,2004,0.498441301703163,.
p112_solar_photovoltaic_1,2010,10,.
p112_solar_photovoltaic_1,2011,8,.
p112_solar_photovoltaic_1,2012,8.9,.
p112_solar_photovoltaic_1,2015,3,.
p112_solar_photovoltaic_1,2016,1.7,.
p112_solar_photovoltaic_1,2017,4.9,.
p112_solar_photovoltaic_1,2018,6.7,.
p112_solar_photovoltaic_1,2019,1.9,.
p112_solar_photovoltaic_1,2020,2.6,.
p112_solar_photovoltaic_1,2021,167.5,.
p112_solar_photovoltaic_1,2022,3,.
p112_solar_photovoltaic_1,2023,461,.
p112_solar_photovoltaic_1,2024,1134,.
p112_solar_photovoltaic_1,2025,1236.6,.
p112_solar_photovoltaic_1,2026,330,.
p112_solar_photovoltaic_1,2027,308,.
p113_natural_gas_fired_combustion_turbine_1,1968,29.9,.
p113_natural_gas_fired_combustion_turbine_1,1969,65.4,.
p113_natural_gas_fired_combustion_turbine_1,1970,75,.
p113_natural_gas_fired_combustion_turbine_1,1995,111.9,.
p113_natural_gas_fired_combustion_turbine_1,1996,114.9,.
p113_natural_gas_fired_combustion_turbine_1,1998,98.9,.
p113_natural_gas_fired_combustion_turbine_1,2002,425,.
p113_petroleum_liquids_1,1967,10,.
p113_petroleum_liquids_1,1968,12.5,.
p113_petroleum_liquids_1,1972,20,.
p113_petroleum_liquids_1,1989,16.5,.
p113_solar_photovoltaic_1,2010,1.1,.
p113_solar_photovoltaic_1,2012,1.1,.
p113_solar_photovoltaic_1,2013,1.8,.
p113_solar_photovoltaic_1,2018,1.8,.
p113_solar_photovoltaic_1,2019,12.6,.
p113_solar_photovoltaic_1,2023,777.2,.
p113_solar_photovoltaic_1,2024,180,.
p113_solar_photovoltaic_1,2025,94.9,.
p114_batteries_1,1525,6,2
p114_batteries_1,2015,4,1.8
p114_biomass_1,2017,2.91662388774812,.
p114_natural_gas_fired_combined_cycle_1,2004,46.5,.
p114_natural_gas_fired_combined_cycle_2,2018,502.8,.
p114_natural_gas_fired_combustion_turbine_1,1965,110,.
p114_natural_gas_fired_combustion_turbine_1,1969,62.3,.
p114_natural_gas_fired_combustion_turbine_1,1971,16,.
p114_natural_gas_fired_combustion_turbine_1,1992,470,.
p114_natural_gas_fired_combustion_turbine_1,1993,94,.
p114_natural_gas_fired_combustion_turbine_1,2000,736,.
p114_other_peaker_1,2011,38,.
p114_petroleum_liquids_1,1971,80,.
p114_petroleum_liquids_1,2004,1.9,.
p114_petroleum_liquids_1,2006,3.2,.
p114_petroleum_liquids_1,2022,2.5,.
p114_small_hydroelectric_1,1994,0.65845498783455,.
p114_solar_photovoltaic_1,2011,0.8,.
p114_solar_photovoltaic_1,2021,200,.
p114_solar_photovoltaic_1,2023,80,.
p114_solar_photovoltaic_1,2024,1.6,.
p115_biomass_1,2009,4.39381843065693,.
p115_conventional_hydroelectric_1,1926,39,.
p115_conventional_hydroelectric_1,1929,13,.
p115_conventional_steam_coal_1,1967,850,.
p115_conventional_steam_coal_2,1968,850,.
p115_natural_gas_fired_combined_cycle_1,2003,1300.3,.
p115_natural_gas_fired_combined_cycle_1,2018,1032,.
p115_natural_gas_fired_combined_cycle_1,2021,914.8,.
p115_natural_gas_fired_combined_cycle_2,1973,168.4,.
p115_natural_gas_fired_combined_cycle_2,1974,101,.
p115_natural_gas_fired_combustion_turbine_1,1997,5.6,.
p115_natural_gas_fired_combustion_turbine_1,1999,98.2,.
p115_natural_gas_fired_combustion_turbine_1,2000,98,.
p115_natural_gas_fired_combustion_turbine_1,2002,829.7,.
p115_nuclear_1,1976,939,.
p115_nuclear_1,1987,933,.
p115_onshore_wind_turbine_1,2001,15,.
p115_onshore_wind_turbine_1,2012,50.4,.
p115_other_peaker_1,1943,66,.
p115_other_peaker_1,1955,26,.
p115_other_peaker_1,2002,1.9,.
p115_other_peaker_1,2021,22,.
p115_petroleum_liquids_1,1968,11.2,.
p115_petroleum_liquids_1,1972,15,.
p115_petroleum_liquids_1,1998,0.8,.
p115_petroleum_liquids_1,2000,0.3,.
p115_small_hydroelectric_1,1982,0.405976525237443,.
p115_small_hydroelectric_1,1987,2.16861820762368,.
p115_small_hydroelectric_1,1988,8.4479546836983,.
p115_small_hydroelectric_1,1989,5.76235553527981,.
p115_small_hydroelectric_1,1990,9.6786800486618,.
p115_small_hydroelectric_1,2013,1.67309154501217,.
p115_solar_photovoltaic_1,2012,1.2,.
p115_solar_photovoltaic_1,2021,6.3,.
p115_solar_photovoltaic_1,2023,54.2,.
p115_solar_photovoltaic_1,2024,41.8,.
p116_batteries_1,2011,16,16
p116_batteries_1,2015,31.5,12.5
p116_conventional_hydroelectric_1,1999,42,.
p116_conventional_hydroelectric_1,2001,50,.
p116_conventional_hydroelectric_1,2016,44,.
p116_conventional_steam_coal_1,1965,549.7,.
p116_conventional_steam_coal_1,1966,559.1,.
p116_conventional_steam_coal_1,1967,552,.
p116_conventional_steam_coal_1,1968,546,.
p116_conventional_steam_coal_1,1971,1560,.
p116_conventional_steam_coal_1,1972,662,.
p116_conventional_steam_coal_1,1973,1188,.
p116_conventional_steam_coal_1,1974,661,.
p116_conventional_steam_coal_1,1979,650,.
p116_conventional_steam_coal_1,1980,650,.
p116_conventional_steam_coal_1,2011,710,.
p116_conventional_steam_coal_2,1992,80,.
p116_natural_gas_fired_combustion_turbine_1,2002,338.3,.
p116_onshore_wind_turbine_1,2002,66,.
p116_onshore_wind_turbine_1,2008,264,.
p116_onshore_wind_turbine_1,2010,100.5,.
p116_onshore_wind_turbine_1,2011,150.5,.
p116_onshore_wind_turbine_1,2016,103,.
p116_onshore_wind_turbine_1,2020,56.2,.
p116_onshore_wind_turbine_1,2022,115,.
p116_petroleum_liquids_1,1967,16,.
p116_small_hydroelectric_1,1909,0.477227131088061,.
p116_small_hydroelectric_1,1913,0.29360638010273,.
p116_small_hydroelectric_1,1919,0.65099097729116,.
p116_small_hydroelectric_1,1938,0.440409570154096,.
p116_small_hydroelectric_1,1939,0.367007975128413,.
p116_small_hydroelectric_1,1988,0,.
p116_small_hydroelectric_1,1991,0.429504417979255,.
p116_solar_photovoltaic_1,2024,124.4,.
p116_solar_photovoltaic_1,2026,8.4,.
p117_biomass_1,2017,0.992770479839445,.
p117_conventional_hydroelectric_1,1912,2.4,.
p117_conventional_hydroelectric_1,1917,3.8,.
p117_conventional_hydroelectric_1,1936,94,.
p117_conventional_steam_coal_1,1971,800,.
p117_conventional_steam_coal_1,1972,800,.
p117_conventional_steam_coal_1,1973,1299,.
p117_conventional_steam_coal_2,1980,1299,.
p117_natural_gas_fired_combustion_turbine_1,2001,858,.
p118_biomass_1,1965,1.2357195863747,.
p118_biomass_1,2013,1.00976404095702,.
p118_conventional_hydroelectric_1,1939,112.8,.
p118_conventional_steam_coal_1,2012,626,.
p118_natural_gas_fired_combustion_turbine_1,2001,285,.
p118_natural_gas_fired_combustion_turbine_1,2002,92,.
p118_other_peaker_1,1530,470,.
p118_other_peaker_1,1942,12,.
p118_other_peaker_1,1944,6,.
p118_other_peaker_1,1966,9.2,.
p118_other_peaker_1,1976,6.3,.
p118_other_peaker_1,1990,16.8,.
p118_other_peaker_1,2012,1,.
p118_petroleum_liquids_1,1992,3.2,.
p118_petroleum_liquids_1,2001,3.2,.
p118_petroleum_liquids_1,2003,2,.
p118_petroleum_liquids_1,2005,3.8,.
p118_petroleum_liquids_1,2007,1.3,.
p118_petroleum_liquids_1,2017,3,.
p118_small_hydroelectric_1,1903,0,.
p118_small_hydroelectric_1,1912,0,.
p118_small_hydroelectric_1,1920,0.4,.
p118_small_hydroelectric_1,1930,1.43519423803937,.
p118_small_hydroelectric_1,1932,0.0810269667477697,.
p118_small_hydroelectric_1,1933,1.26099504278597,.
p118_small_hydroelectric_1,1934,0.555923053527981,.
p118_small_hydroelectric_1,1938,0,.
p118_small_hydroelectric_1,1954,0.750215429845904,.
p118_small_hydroelectric_1,1981,0.869651753645497,.
p118_small_hydroelectric_1,1987,1.42587946066504,.
p118_small_hydroelectric_1,2021,0,.
p118_solar_photovoltaic_1,2017,3,.
p118_solar_photovoltaic_1,2021,20,.
p118_solar_photovoltaic_1,2022,20,.
p118_solar_photovoltaic_1,2023,73.9,.
p118_solar_photovoltaic_1,2025,133.8,.
p119_biomass_1,1993,4.77650737530414,.
p119_natural_gas_fired_combustion_turbine_1,2011,8.9,.
p119_natural_gas_fired_combustion_turbine_1,2021,6.1,.
p119_onshore_wind_turbine_1,2019,90,.
p119_onshore_wind_turbine_1,2023,87.6,.
p119_other_peaker_1,2017,5,.
p119_other_peaker_1,2021,2.1,.
p119_solar_photovoltaic_1,2018,1.5,.
p119_solar_photovoltaic_1,2025,5,.
p119_solar_photovoltaic_1,2026,197,.
p12_batteries_1,2021,35,65
p12_batteries_1,2022,75,300
p12_batteries_1,2025,100,400
p12_biomass_1,2012,2.72547901459854,.
p12_conventional_steam_coal_1,2008,219.2,.
p12_conventional_steam_coal_2,1981,254,.
p12_conventional_steam_coal_2,1985,268,.
p12_geothermal_1,1992,41.2,.
p12_geothermal_1,1998,57,.
p12_geothermal_1,2002,6.5,.
p12_geothermal_1,2005,26,.
p12_geothermal_1,2006,26,.
p12_geothermal_1,2007,13.5,.
p12_geothermal_1,2009,128.7,.
p12_geothermal_1,2010,23.5,.
p12_geothermal_1,2012,98.1,.
p12_geothermal_1,2013,30,.
p12_geothermal_1,2014,20,.
p12_geothermal_1,2015,56,.
p12_geothermal_1,2017,37,.
p12_geothermal_1,2018,127,.
p12_geothermal_1,2019,20,.
p12_geothermal_1,2020,31.6,.
p12_geothermal_1,2021,24.8,.
p12_geothermal_1,2022,47.4,.
p12_geothermal_1,2023,47.5,.
p12_geothermal_1,2024,29.2,.
p12_natural_gas_fired_combined_cycle_1,1994,68,.
p12_natural_gas_fired_combined_cycle_1,1996,40,.
p12_natural_gas_fired_combined_cycle_1,2008,635,.
p12_natural_gas_fired_combustion_turbine_1,1994,144,.
p12_onshore_wind_turbine_1,2012,150,.
p12_other_peaker_1,1528,226,.
p12_other_peaker_1,1974,108,.
p12_other_peaker_1,2005,124.8,.
p12_small_hydroelectric_1,1904,1.07906275344688,.
p12_small_hydroelectric_1,1911,2.56141843790641,.
p12_small_hydroelectric_1,1914,1.72842748884834,.
p12_small_hydroelectric_1,1989,1.68095482546201,.
p12_solar_photovoltaic_1,2007,1,.
p12_solar_photovoltaic_1,2012,21.8,.
p12_solar_photovoltaic_1,2015,19.5,.
p12_solar_photovoltaic_1,2017,74.1,.
p12_solar_photovoltaic_1,2018,20,.
p12_solar_photovoltaic_1,2019,118,.
p12_solar_photovoltaic_1,2020,60,.
p12_solar_photovoltaic_1,2021,101.9,.
p12_solar_photovoltaic_1,2022,308.4,.
p12_solar_photovoltaic_1,2023,12.1,.
p12_solar_photovoltaic_1,2024,204.6,.
p12_solar_photovoltaic_1,2025,195.9,.
p12_solar_photovoltaic_1,2027,149,.
p120_biomass_1,2003,1.70524128142741,.
p120_biomass_1,2013,5.36972830494728,.
p120_natural_gas_fired_combustion_turbine_1,2001,101,.
p120_other_peaker_1,1967,4.2,.
p120_other_peaker_1,2001,2.9,.
p120_other_peaker_1,2003,23.2,.
p120_solar_photovoltaic_1,2019,13.5,.
p120_solar_photovoltaic_1,2020,55,.
p120_solar_photovoltaic_1,2022,20,.
p120_solar_photovoltaic_1,2023,220,.
p120_solar_photovoltaic_1,2025,100.1,.
p121_batteries_1,2024,6,6
p121_onshore_wind_turbine_1,2010,70,.
p121_onshore_wind_turbine_1,2011,50,.
p121_onshore_wind_turbine_1,2014,40,.
p121_onshore_wind_turbine_1,2015,30,.
p121_onshore_wind_turbine_1,2025,54.9,.
p121_solar_photovoltaic_1,2012,13.7,.
p121_solar_photovoltaic_1,2013,20.9,.
p121_solar_photovoltaic_1,2014,1.7,.
p121_solar_photovoltaic_1,2015,8.9,.
p121_solar_photovoltaic_1,2016,23.6,.
p121_solar_photovoltaic_1,2017,1.2,.
p121_solar_photovoltaic_1,2018,1.6,.
p121_solar_photovoltaic_1,2019,2,.
p121_solar_photovoltaic_1,2020,18.3,.
p121_solar_photovoltaic_1,2021,2,.
p121_solar_photovoltaic_1,2022,2,.
p121_solar_photovoltaic_1,2023,2,.
p121_solar_photovoltaic_1,2024,25.9,.
p121_solar_photovoltaic_1,2025,204.8,.
p122_batteries_1,2013,20,15
p122_batteries_1,2015,18,12.1
p122_batteries_1,2016,10.4,10.4
p122_batteries_1,2021,6.2,6.2
p122_biomass_1,1989,9.16204505180805,.
p122_biomass_1,1990,11.1863087996756,.
p122_biomass_1,1991,44.061578557521,.
p122_biomass_1,1994,30.0017204391148,.
p122_biomass_1,1997,4.18847577047851,.
p122_biomass_1,2001,3.92059509326845,.
p122_biomass_1,2006,9.58116094648999,.
p122_biomass_1,2007,1.84108728710462,.
p122_biomass_1,2008,3.76819078273555,.
p122_biomass_1,2009,6.61892994728305,.
p122_biomass_1,2010,4.97855321271312,.
p122_biomass_1,2011,1.0452573703959,.
p122_biomass_1,2012,10.3217254663423,.
p122_biomass_1,2013,6.51488113341444,.
p122_biomass_1,2016,0.644049067315491,.
p122_biomass_1,2024,1.77094717668488,.
p122_conventional_hydroelectric_1,1910,10,.
p122_conventional_hydroelectric_1,1911,60.2,.
p122_conventional_hydroelectric_1,1913,10.3,.
p122_conventional_hydroelectric_1,1914,23.7,.
p122_conventional_hydroelectric_1,1924,36.8,.
p122_conventional_hydroelectric_1,1926,44,.
p122_conventional_hydroelectric_1,1928,9.6,.
p122_conventional_hydroelectric_1,1931,68,.
p122_conventional_hydroelectric_1,1932,64,.
p122_conventional_hydroelectric_1,1933,32,.
p122_conventional_hydroelectric_1,1934,33,.
p122_conventional_hydroelectric_1,1940,33,.
p122_conventional_hydroelectric_1,1985,112.5,.
p122_conventional_hydroelectric_1,1986,75,.
p122_conventional_hydroelectric_1,2011,2.4,.
p122_conventional_hydroelectric_1,2013,129.2,.
p122_conventional_steam_coal_1,1987,30,.
p122_conventional_steam_coal_1,1988,80,.
p122_conventional_steam_coal_1,1990,176,.
p122_conventional_steam_coal_1,1992,80,.
p122_conventional_steam_coal_1,1993,85.2,.
p122_conventional_steam_coal_1,1995,222,.
p122_conventional_steam_coal_2,1970,850,.
p122_conventional_steam_coal_2,1971,850,.
p122_conventional_steam_coal_2,1972,752,.
p122_conventional_steam_coal_2,1989,36.1,.
p122_conventional_steam_coal_2,2004,521,.
p122_hydroelectric_pumped_storage_1,1967,802,12431
p122_hydroelectric_pumped_storage_1,1968,268,4154
p122_hydroelectric_pumped_storage_1,1970,433.5,6719.25
p122_natural_gas_fired_combined_cycle_1,1991,1.2,.
p122_natural_gas_fired_combined_cycle_1,1998,5.5,.
p122_natural_gas_fired_combined_cycle_1,2001,760,.
p122_natural_gas_fired_combined_cycle_1,2002,1158.1,.
p122_natural_gas_fired_combined_cycle_1,2003,930,.
p122_natural_gas_fired_combined_cycle_1,2004,2885,.
p122_natural_gas_fired_combined_cycle_1,2011,569,.
p122_natural_gas_fired_combined_cycle_1,2016,1756,.
p122_natural_gas_fired_combined_cycle_1,2018,3668.96,.
p122_natural_gas_fired_combined_cycle_1,2019,2439.6,.
p122_natural_gas_fired_combined_cycle_1,2020,1072.9,.
p122_natural_gas_fired_combined_cycle_2,1959,30.3,.
p122_natural_gas_fired_combined_cycle_2,2002,375,.
p122_natural_gas_fired_combined_cycle_2,2003,761,.
p122_natural_gas_fired_combined_cycle_2,2011,98.6,.
p122_natural_gas_fired_combustion_turbine_1,1971,79,.
p122_natural_gas_fired_combustion_turbine_1,1972,50.1,.
p122_natural_gas_fired_combustion_turbine_1,1985,59,.
p122_natural_gas_fired_combustion_turbine_1,1989,84.9,.
p122_natural_gas_fired_combustion_turbine_1,1997,127,.
p122_natural_gas_fired_combustion_turbine_1,2000,50.5,.
p122_natural_gas_fired_combustion_turbine_1,2001,357.5,.
p122_natural_gas_fired_combustion_turbine_1,2002,92,.
p122_natural_gas_fired_combustion_turbine_1,2013,64,.
p122_natural_gas_fired_combustion_turbine_1,2014,1,.
p122_natural_gas_fired_combustion_turbine_1,2015,1.5,.
p122_nuclear_1,1974,2690.3,.
p122_nuclear_1,1983,1247,.
p122_nuclear_1,1985,1247,.
p122_nuclear_1,1986,1176.1,.
p122_nuclear_1,1990,1192.8,.
p122_onshore_wind_turbine_1,2001,9,.
p122_onshore_wind_turbine_1,2003,94.5,.
p122_onshore_wind_turbine_1,2006,24,.
p122_onshore_wind_turbine_1,2007,140.5,.
p122_onshore_wind_turbine_1,2008,67.2,.
p122_onshore_wind_turbine_1,2009,392.5,.
p122_onshore_wind_turbine_1,2011,41.2,.
p122_onshore_wind_turbine_1,2012,502.4,.
p122_onshore_wind_turbine_1,2016,38.3,.
p122_onshore_wind_turbine_1,2026,109.9,.
p122_other_peaker_1,1525,760,.
p122_other_peaker_1,1948,9,.
p122_other_peaker_1,1952,93,.
p122_other_peaker_1,1954,246.7,.
p122_other_peaker_1,1958,92,.
p122_other_peaker_1,1959,172,.
p122_other_peaker_1,1960,171,.
p122_other_peaker_1,1961,306,.
p122_other_peaker_1,1962,8.7,.
p122_other_peaker_1,1964,136.8,.
p122_other_peaker_1,1965,363,.
p122_other_peaker_1,1969,742,.
p122_other_peaker_1,1973,752,.
p122_other_peaker_1,1975,850,.
p122_other_peaker_1,1977,850,.
p122_other_peaker_1,1984,1.6,.
p122_other_peaker_1,1986,12,.
p122_other_peaker_1,1988,44,.
p122_other_peaker_1,1993,16,.
p122_other_peaker_1,1997,56.6,.
p122_other_peaker_1,2004,1.8,.
p122_other_peaker_1,2011,1.1,.
p122_other_peaker_1,2013,3.8,.
p122_other_peaker_1,2015,21,.
p122_other_peaker_1,2016,23.6,.
p122_other_peaker_1,2017,48.1,.
p122_other_peaker_1,2018,2,.
p122_other_peaker_1,2019,43,.
p122_other_peaker_1,2020,1.3,.
p122_other_peaker_1,2021,4.5,.
p122_other_peaker_1,2022,2,.
p122_other_peaker_1,2024,5.5,.
p122_other_peaker_1,2026,2.5,.
p122_petroleum_liquids_1,1960,4,.
p122_petroleum_liquids_1,1966,2,.
p122_petroleum_liquids_1,1967,129.7,.
p122_petroleum_liquids_1,1968,21.4,.
p122_petroleum_liquids_1,1969,132.9,.
p122_petroleum_liquids_1,1970,213.8,.
p122_petroleum_liquids_1,1971,127,.
p122_petroleum_liquids_1,1972,124,.
p122_petroleum_liquids_1,1973,133.3,.
p122_petroleum_liquids_1,1974,523.5,.
p122_petroleum_liquids_1,1984,4.2,.
p122_petroleum_liquids_1,1996,3,.
p122_petroleum_liquids_1,1997,155,.
p122_petroleum_liquids_1,2010,0.9,.
p122_petroleum_liquids_1,2021,7.4,.
p122_petroleum_liquids_1,2022,15.2,.
p122_petroleum_liquids_1,2023,21.6,.
p122_petroleum_liquids_1,2024,5.4,.
p122_small_hydroelectric_1,1905,12.7677286090835,.
p122_small_hydroelectric_1,1970,0,.
p122_small_hydroelectric_1,1985,0.269806873479319,.
p122_small_hydroelectric_1,1988,0,.
p122_small_hydroelectric_1,1989,5.02993207623682,.
p122_solar_photovoltaic_1,2008,3,.
p122_solar_photovoltaic_1,2009,0.7,.
p122_solar_photovoltaic_1,2010,7.8,.
p122_solar_photovoltaic_1,2011,9.9,.
p122_solar_photovoltaic_1,2012,17.8,.
p122_solar_photovoltaic_1,2013,3.9,.
p122_solar_photovoltaic_1,2016,5,.
p122_solar_photovoltaic_1,2018,3,.
p122_solar_photovoltaic_1,2019,6.6,.
p122_solar_photovoltaic_1,2020,13,.
p122_solar_photovoltaic_1,2021,1.1,.
p122_solar_photovoltaic_1,2023,241.4,.
p122_solar_photovoltaic_1,2024,137.6,.
p122_solar_photovoltaic_1,2025,126.5,.
p122_solar_photovoltaic_1,2026,15,.
p122_solar_photovoltaic_1,2027,154.6,.
p123_batteries_1,2021,1.2,2.4
p123_batteries_1,2022,1.5,4.3
p123_batteries_1,2024,0.7,7.1
p123_biomass_1,1984,33.2543645784959,.
p123_biomass_1,1987,0.203405730740667,.
p123_biomass_1,1995,17.6897556772101,.
p123_biomass_1,2001,2.50866259100934,.
p123_biomass_1,2003,0.167472774837257,.
p123_biomass_1,2006,1.42924665662015,.
p123_biomass_1,2007,0.805340125709651,.
p123_biomass_1,2012,3.01407897404704,.
p123_biomass_1,2015,2.61455481615634,.
p123_biomass_1,2022,0.476415552206716,.
p123_conventional_hydroelectric_1,1928,312,.
p123_conventional_hydroelectric_1,1964,260,.
p123_conventional_steam_coal_1,1530,635,.
p123_conventional_steam_coal_2,1530,638,.
p123_natural_gas_fired_combined_cycle_1,2014,24.5,.
p123_natural_gas_fired_combined_cycle_1,2017,771.5,.
p123_natural_gas_fired_combined_cycle_1,2018,2359.6,.
p123_natural_gas_fired_combined_cycle_2,1996,451.4,.
p123_natural_gas_fired_combustion_turbine_1,1991,449,.
p123_natural_gas_fired_combustion_turbine_1,1992,334,.
p123_natural_gas_fired_combustion_turbine_1,1995,172.9,.
p123_natural_gas_fired_combustion_turbine_1,2003,671.3,.
p123_natural_gas_fired_combustion_turbine_1,2004,10,.
p123_natural_gas_fired_combustion_turbine_1,2008,4.6,.
p123_natural_gas_fired_combustion_turbine_1,2009,4.6,.
p123_natural_gas_fired_combustion_turbine_1,2010,4.6,.
p123_natural_gas_fired_combustion_turbine_1,2015,128.7,.
p123_natural_gas_fired_combustion_turbine_1,2016,11.7,.
p123_natural_gas_fired_combustion_turbine_1,2018,35.9,.
p123_natural_gas_fired_combustion_turbine_1,2022,1.1,.
p123_natural_gas_fired_combustion_turbine_1,2025,5.3,.
p123_nuclear_1,1975,916.9,.
p123_nuclear_1,1977,893.1,.
p123_other_peaker_1,1955,2.5,.
p123_other_peaker_1,1959,5,.
p123_other_peaker_1,1975,614,.
p123_other_peaker_1,1981,598.2,.
p123_other_peaker_1,1987,0.8,.
p123_other_peaker_1,2001,10,.
p123_other_peaker_1,2003,5.6,.
p123_other_peaker_1,2004,2.1,.
p123_other_peaker_1,2020,2,.
p123_other_peaker_1,2023,0.6,.
p123_other_peaker_1,2024,1.2,.
p123_petroleum_liquids_1,1529,702,.
p123_petroleum_liquids_1,1954,2,.
p123_petroleum_liquids_1,1961,3.6,.
p123_petroleum_liquids_1,1966,3.5,.
p123_petroleum_liquids_1,1967,20,.
p123_petroleum_liquids_1,1968,28.3,.
p123_petroleum_liquids_1,1969,0.4,.
p123_petroleum_liquids_1,1970,68.5,.
p123_petroleum_liquids_1,1972,346.2,.
p123_petroleum_liquids_1,1973,129.2,.
p123_petroleum_liquids_1,1974,26,.
p123_petroleum_liquids_1,1978,12.4,.
p123_petroleum_liquids_1,1988,2,.
p123_petroleum_liquids_1,1989,15.1,.
p123_petroleum_liquids_1,1990,80.2,.
p123_petroleum_liquids_1,1995,6,.
p123_petroleum_liquids_1,2003,2.3,.
p123_petroleum_liquids_1,2004,10.2,.
p123_petroleum_liquids_1,2014,4.6,.
p123_petroleum_liquids_1,2021,1,.
p123_solar_photovoltaic_1,2010,1.4,.
p123_solar_photovoltaic_1,2011,5.3,.
p123_solar_photovoltaic_1,2012,10.3,.
p123_solar_photovoltaic_1,2013,7.8,.
p123_solar_photovoltaic_1,2014,2.2,.
p123_solar_photovoltaic_1,2015,38.4,.
p123_solar_photovoltaic_1,2016,37.7,.
p123_solar_photovoltaic_1,2017,3.4,.
p123_solar_photovoltaic_1,2018,102.7,.
p123_solar_photovoltaic_1,2019,37.04,.
p123_solar_photovoltaic_1,2020,27.7,.
p123_solar_photovoltaic_1,2021,58.5,.
p123_solar_photovoltaic_1,2022,112.7,.
p123_solar_photovoltaic_1,2023,57.8,.
p123_solar_photovoltaic_1,2024,61.7,.
p123_solar_photovoltaic_1,2025,193.6,.
p123_solar_photovoltaic_1,2026,145,.
p124_petroleum_liquids_1,1963,12.6,.
p124_petroleum_liquids_1,1972,40.3,.
p124_petroleum_liquids_1,1993,2.4,.
p124_petroleum_liquids_1,2000,141.3,.
p124_petroleum_liquids_1,2001,184.2,.
p124_petroleum_liquids_1,2002,12,.
p124_solar_photovoltaic_1,2016,80,.
p124_solar_photovoltaic_1,2017,20,.
p124_solar_photovoltaic_1,2020,4.3,.
p125_biomass_1,2006,4.06276358475264,.
p125_biomass_1,2010,0.566899837793998,.
p125_biomass_1,2013,0.824190176881783,.
p125_biomass_1,2014,1.19677615571776,.
p125_biomass_1,2021,0.749263797165257,.
p125_natural_gas_fired_combined_cycle_1,1985,15,.
p125_natural_gas_fired_combined_cycle_1,2001,50,.
p125_natural_gas_fired_combined_cycle_1,2015,323,.
p125_natural_gas_fired_combined_cycle_2,1989,248,.
p125_natural_gas_fired_combined_cycle_2,1991,124,.
p125_natural_gas_fired_combined_cycle_2,1993,192,.
p125_natural_gas_fired_combined_cycle_2,2001,372,.
p125_natural_gas_fired_combined_cycle_2,2002,192,.
p125_natural_gas_fired_combustion_turbine_1,1991,42,.
p125_natural_gas_fired_combustion_turbine_1,2000,144,.
p125_natural_gas_fired_combustion_turbine_1,2001,50,.
p125_natural_gas_fired_combustion_turbine_1,2002,48,.
p125_natural_gas_fired_combustion_turbine_1,2012,50,.
p125_onshore_wind_turbine_1,2010,2,.
p125_other_peaker_1,1954,86,.
p125_other_peaker_1,1956,59,.
p125_other_peaker_1,1961,66,.
p125_other_peaker_1,1966,172,.
p125_other_peaker_1,1973,438,.
p125_other_peaker_1,1982,10,.
p125_other_peaker_1,2012,8.5,.
p125_other_peaker_1,2013,19,.
p125_other_peaker_1,2019,1.3,.
p125_petroleum_liquids_1,1526,16.1,.
p125_petroleum_liquids_1,1963,15,.
p125_petroleum_liquids_1,1964,19,.
p125_petroleum_liquids_1,1968,18,.
p125_petroleum_liquids_1,1973,50,.
p125_solar_photovoltaic_1,2011,12.9,.
p125_solar_photovoltaic_1,2012,11.8,.
p125_solar_photovoltaic_1,2013,3,.
p125_solar_photovoltaic_1,2015,1,.
p125_solar_photovoltaic_1,2017,1.2,.
p125_solar_photovoltaic_1,2018,2.6,.
p125_solar_photovoltaic_1,2019,3,.
p125_solar_photovoltaic_1,2021,1.3,.
p125_solar_photovoltaic_1,2022,51.5,.
p125_solar_photovoltaic_1,2024,6.1,.
p125_solar_photovoltaic_1,2025,7,.
p125_solar_photovoltaic_1,2026,8,.
p125_solar_photovoltaic_1,2027,50,.
p126_batteries_1,2015,1,1
p126_batteries_1,2016,0.5,2
p126_batteries_1,2018,20.8,20.8
p126_batteries_1,2019,20.4,21.9
p126_batteries_1,2023,27,27
p126_batteries_1,2024,40,38.3
p126_biomass_1,1961,2.79770224315395,.
p126_biomass_1,1988,0.154263610097324,.
p126_biomass_1,1990,36.018609336983,.
p126_biomass_1,1991,6.04219045688024,.
p126_biomass_1,1994,16.9241813665856,.
p126_biomass_1,1997,3.7780069819105,.
p126_biomass_1,2001,2.58655490404799,.
p126_biomass_1,2004,0.294304248645566,.
p126_biomass_1,2006,7.0837630910822,.
p126_biomass_1,2008,2.28910685320357,.
p126_biomass_1,2011,1.1364258347017,.
p126_biomass_1,2013,0.39783686025101,.
p126_hydroelectric_pumped_storage_1,1965,416.09,6449.395
p126_natural_gas_fired_combined_cycle_1,1959,204,.
p126_natural_gas_fired_combined_cycle_1,1974,224,.
p126_natural_gas_fired_combined_cycle_1,1977,104,.
p126_natural_gas_fired_combined_cycle_1,1989,27.5,.
p126_natural_gas_fired_combined_cycle_1,1990,180,.
p126_natural_gas_fired_combined_cycle_1,1991,380.1,.
p126_natural_gas_fired_combined_cycle_1,1993,222.4,.
p126_natural_gas_fired_combined_cycle_1,1994,280,.
p126_natural_gas_fired_combined_cycle_1,1995,460,.
p126_natural_gas_fired_combined_cycle_1,2002,591,.
p126_natural_gas_fired_combined_cycle_1,2016,27,.
p126_natural_gas_fired_combined_cycle_2,1984,1.2,.
p126_natural_gas_fired_combined_cycle_2,1989,10.7,.
p126_natural_gas_fired_combined_cycle_2,1992,793.5,.
p126_natural_gas_fired_combined_cycle_2,2002,1017.1,.
p126_natural_gas_fired_combined_cycle_2,2006,1300,.
p126_natural_gas_fired_combined_cycle_2,2014,772.1,.
p126_natural_gas_fired_combined_cycle_2,2015,1504.23,.
p126_natural_gas_fired_combined_cycle_2,2018,538,.
p126_natural_gas_fired_combustion_turbine_1,1989,96.1,.
p126_natural_gas_fired_combustion_turbine_1,1990,99,.
p126_natural_gas_fired_combustion_turbine_1,1991,129.5,.
p126_natural_gas_fired_combustion_turbine_1,1992,10.5,.
p126_natural_gas_fired_combustion_turbine_1,1995,168.6,.
p126_natural_gas_fired_combustion_turbine_1,1996,182.5,.
p126_natural_gas_fired_combustion_turbine_1,2000,340,.
p126_natural_gas_fired_combustion_turbine_1,2001,175,.
p126_natural_gas_fired_combustion_turbine_1,2002,4.2,.
p126_natural_gas_fired_combustion_turbine_1,2003,335.5,.
p126_natural_gas_fired_combustion_turbine_1,2004,10.6,.
p126_natural_gas_fired_combustion_turbine_1,2009,102,.
p126_natural_gas_fired_combustion_turbine_1,2010,7.8,.
p126_natural_gas_fired_combustion_turbine_1,2012,857.4,.
p126_natural_gas_fired_combustion_turbine_1,2013,5.8,.
p126_natural_gas_fired_combustion_turbine_1,2015,61,.
p126_natural_gas_fired_combustion_turbine_1,2018,129.9,.
p126_natural_gas_fired_combustion_turbine_1,2021,5.8,.
p126_nuclear_1,1977,1145.8,.
p126_nuclear_1,1981,1138.9,.
p126_nuclear_1,1986,1172,.
p126_onshore_wind_turbine_1,2006,7.5,.
p126_other_peaker_1,1982,14.5,.
p126_other_peaker_1,1983,5,.
p126_other_peaker_1,1991,14.5,.
p126_other_peaker_1,1996,5.2,.
p126_other_peaker_1,1999,1,.
p126_other_peaker_1,2003,6,.
p126_other_peaker_1,2004,18.8,.
p126_other_peaker_1,2015,6,.
p126_other_peaker_1,2017,5.1,.
p126_other_peaker_1,2018,9.9,.
p126_other_peaker_1,2019,7.3,.
p126_other_peaker_1,2021,2,.
p126_other_peaker_1,2022,5,.
p126_other_peaker_1,2025,2.6,.
p126_petroleum_liquids_1,1971,38.4,.
p126_petroleum_liquids_1,1991,0.9,.
p126_petroleum_liquids_1,2001,2.2,.
p126_petroleum_liquids_1,2002,6,.
p126_petroleum_liquids_1,2011,3.9,.
p126_petroleum_liquids_1,2012,8,.
p126_petroleum_liquids_1,2018,7.8,.
p126_small_hydroelectric_1,1985,1.7624695863747,.
p126_solar_photovoltaic_1,1526,1.2,.
p126_solar_photovoltaic_1,1527,3.8,.
p126_solar_photovoltaic_1,1528,7.9,.
p126_solar_photovoltaic_1,1531,0.7,.
p126_solar_photovoltaic_1,2005,0.4,.
p126_solar_photovoltaic_1,2006,0.9,.
p126_solar_photovoltaic_1,2007,1.2,.
p126_solar_photovoltaic_1,2008,1.2,.
p126_solar_photovoltaic_1,2009,14.2,.
p126_solar_photovoltaic_1,2010,25.9,.
p126_solar_photovoltaic_1,2011,164.19,.
p126_solar_photovoltaic_1,2012,90.7,.
p126_solar_photovoltaic_1,2013,72.4,.
p126_solar_photovoltaic_1,2014,60.4,.
p126_solar_photovoltaic_1,2015,67.3,.
p126_solar_photovoltaic_1,2016,103.6,.
p126_solar_photovoltaic_1,2017,53,.
p126_solar_photovoltaic_1,2018,82.9,.
p126_solar_photovoltaic_1,2019,102.6,.
p126_solar_photovoltaic_1,2020,96.7,.
p126_solar_photovoltaic_1,2021,54.7,.
p126_solar_photovoltaic_1,2022,60.1,.
p126_solar_photovoltaic_1,2023,72.5,.
p126_solar_photovoltaic_1,2024,8.2,.
p126_solar_photovoltaic_1,2025,34.5,.
p126_solar_photovoltaic_1,2026,2.3,.
p126_waste_heat_1,1967,4.8516448702352,.
p127_batteries_1,1535,0.5,2.1
p127_batteries_1,2011,20,15
p127_batteries_1,2018,2,4.2
p127_batteries_1,2019,40,68.4
p127_batteries_1,2020,16.1,46.2
p127_batteries_1,2021,27,96.2
p127_batteries_1,2022,49,105.2
p127_batteries_1,2023,52.5,108.4
p127_batteries_1,2024,20,67.1
p127_batteries_1,2025,48.8,205.3
p127_batteries_1,2026,5,20
p127_batteries_1,2027,300,1200
p127_biomass_1,1526,5.45187850217503,.
p127_biomass_1,1980,6.74387080967829,.
p127_biomass_1,1984,21.8260897753521,.
p127_biomass_1,1986,0.509565908860503,.
p127_biomass_1,1987,5.86532246582266,.
p127_biomass_1,1991,6.65926390578535,.
p127_biomass_1,1994,12.4816504460665,.
p127_biomass_1,1996,2.18075140087001,.
p127_biomass_1,1998,0.451700327848571,.
p127_biomass_1,2001,4.04299726277372,.
p127_biomass_1,2003,2.41844803614877,.
p127_biomass_1,2005,1.81383602711157,.
p127_biomass_1,2006,9.04522442721006,.
p127_biomass_1,2007,13.8926709580952,.
p127_biomass_1,2008,11.3328068583011,.
p127_biomass_1,2009,2.39777853811841,.
p127_biomass_1,2010,4.7280643784411,.
p127_biomass_1,2011,1.52778331162815,.
p127_biomass_1,2012,3.13919474342585,.
p127_biomass_1,2013,5.12068959274707,.
p127_biomass_1,2016,0.973923484387672,.
p127_biomass_1,2039,0,.
p127_conventional_hydroelectric_1,1915,19.8,.
p127_conventional_hydroelectric_1,1918,19.6,.
p127_conventional_hydroelectric_1,1922,6.6,.
p127_conventional_hydroelectric_1,1923,32,.
p127_conventional_hydroelectric_1,1924,9.7,.
p127_conventional_hydroelectric_1,1928,11.1,.
p127_conventional_hydroelectric_1,1930,46.3,.
p127_conventional_hydroelectric_1,1944,2.4,.
p127_conventional_hydroelectric_1,1952,37.5,.
p127_conventional_hydroelectric_1,1957,2.4,.
p127_conventional_hydroelectric_1,1958,481.5,.
p127_conventional_hydroelectric_1,1959,374.5,.
p127_conventional_hydroelectric_1,1961,1685.7,.
p127_conventional_hydroelectric_1,1962,749.2,.
p127_conventional_hydroelectric_1,1965,2.8,.
p127_conventional_hydroelectric_1,1980,4.6,.
p127_conventional_hydroelectric_1,1981,1.8,.
p127_conventional_hydroelectric_1,1985,4.6,.
p127_conventional_hydroelectric_1,1986,55,.
p127_conventional_hydroelectric_1,1995,44,.
p127_conventional_hydroelectric_1,1999,32.6,.
p127_conventional_hydroelectric_1,2009,8,.
p127_conventional_hydroelectric_1,2013,2.5,.
p127_hydroelectric_pumped_storage_1,1961,60,930
p127_hydroelectric_pumped_storage_1,1962,180,2790
p127_hydroelectric_pumped_storage_1,1973,1169.4,18125.7
p127_natural_gas_fired_combined_cycle_1,1988,7.5,.
p127_natural_gas_fired_combined_cycle_1,1989,73.1,.
p127_natural_gas_fired_combined_cycle_1,1990,77.4,.
p127_natural_gas_fired_combined_cycle_1,1991,209.5,.
p127_natural_gas_fired_combined_cycle_1,1992,482.4,.
p127_natural_gas_fired_combined_cycle_1,1993,169.2,.
p127_natural_gas_fired_combined_cycle_1,1994,705.8,.
p127_natural_gas_fired_combined_cycle_1,1995,247.29,.
p127_natural_gas_fired_combined_cycle_1,1996,296,.
p127_natural_gas_fired_combined_cycle_1,1997,1.4,.
p127_natural_gas_fired_combined_cycle_1,1998,1.5,.
p127_natural_gas_fired_combined_cycle_1,2003,275.1,.
p127_natural_gas_fired_combined_cycle_1,2009,29,.
p127_natural_gas_fired_combined_cycle_1,2010,11,.
p127_natural_gas_fired_combined_cycle_1,2011,41.2,.
p127_natural_gas_fired_combined_cycle_2,1992,116.64,.
p127_natural_gas_fired_combined_cycle_2,1994,1776.41,.
p127_natural_gas_fired_combined_cycle_2,2003,272.3,.
p127_natural_gas_fired_combined_cycle_2,2004,927.1,.
p127_natural_gas_fired_combined_cycle_2,2005,1653.1,.
p127_natural_gas_fired_combined_cycle_2,2006,644,.
p127_natural_gas_fired_combined_cycle_2,2010,675.7,.
p127_natural_gas_fired_combined_cycle_2,2011,612,.
p127_natural_gas_fired_combined_cycle_2,2018,738.61,.
p127_natural_gas_fired_combined_cycle_2,2020,1138.2,.
p127_natural_gas_fired_combustion_turbine_1,1530,24.8,.
p127_natural_gas_fired_combustion_turbine_1,1967,20.5,.
p127_natural_gas_fired_combustion_turbine_1,1969,16.5,.
p127_natural_gas_fired_combustion_turbine_1,1970,16.1,.
p127_natural_gas_fired_combustion_turbine_1,1971,391.3,.
p127_natural_gas_fired_combustion_turbine_1,1972,487.4,.
p127_natural_gas_fired_combustion_turbine_1,1986,5.7,.
p127_natural_gas_fired_combustion_turbine_1,2001,458.6,.
p127_natural_gas_fired_combustion_turbine_1,2002,54.8,.
p127_natural_gas_fired_combustion_turbine_1,2003,60,.
p127_natural_gas_fired_combustion_turbine_1,2005,390.1,.
p127_natural_gas_fired_combustion_turbine_1,2009,7.7,.
p127_natural_gas_fired_combustion_turbine_1,2010,4.6,.
p127_natural_gas_fired_combustion_turbine_1,2015,0.5,.
p127_natural_gas_fired_combustion_turbine_1,2016,7.5,.
p127_natural_gas_fired_combustion_turbine_1,2024,4.3,.
p127_natural_gas_fired_combustion_turbine_1,2025,42,.
p127_nuclear_1,1969,622.3,.
p127_nuclear_1,1970,581.8,.
p127_nuclear_1,1976,852.9,.
p127_nuclear_1,1987,1297.6,.
p127_onshore_wind_turbine_1,1543,79.9,.
p127_onshore_wind_turbine_1,2000,11.5,.
p127_onshore_wind_turbine_1,2001,30,.
p127_onshore_wind_turbine_1,2005,137,.
p127_onshore_wind_turbine_1,2006,185.1,.
p127_onshore_wind_turbine_1,2007,54.5,.
p127_onshore_wind_turbine_1,2008,282,.
p127_onshore_wind_turbine_1,2009,567,.
p127_onshore_wind_turbine_1,2011,126.2,.
p127_onshore_wind_turbine_1,2012,237.8,.
p127_onshore_wind_turbine_1,2013,94.4,.
p127_onshore_wind_turbine_1,2014,16.2,.
p127_onshore_wind_turbine_1,2016,77.7,.
p127_onshore_wind_turbine_1,2017,1.5,.
p127_onshore_wind_turbine_1,2018,78.4,.
p127_onshore_wind_turbine_1,2021,203.7,.
p127_onshore_wind_turbine_1,2023,556.5,.
p127_onshore_wind_turbine_1,2025,113.2,.
p127_onshore_wind_turbine_1,2026,630.7,.
p127_onshore_wind_turbine_1,2027,12,.
p127_other_peaker_1,1951,230.4,.
p127_other_peaker_1,1953,106.3,.
p127_other_peaker_1,1954,242.5,.
p127_other_peaker_1,1955,185,.
p127_other_peaker_1,1958,369.9,.
p127_other_peaker_1,1959,496.3,.
p127_other_peaker_1,1962,376.3,.
p127_other_peaker_1,1963,742,.
p127_other_peaker_1,1964,25.6,.
p127_other_peaker_1,1965,972.8,.
p127_other_peaker_1,1967,255.1,.
p127_other_peaker_1,1968,37.5,.
p127_other_peaker_1,1969,548.9,.
p127_other_peaker_1,1970,39,.
p127_other_peaker_1,1971,1,.
p127_other_peaker_1,1972,593.2,.
p127_other_peaker_1,1974,1789.7,.
p127_other_peaker_1,1987,25.6,.
p127_other_peaker_1,1991,2.1,.
p127_other_peaker_1,1995,1.5,.
p127_other_peaker_1,1996,1.6,.
p127_other_peaker_1,2000,0.7,.
p127_other_peaker_1,2002,0.2,.
p127_other_peaker_1,2004,4.6,.
p127_other_peaker_1,2005,25.6,.
p127_other_peaker_1,2007,12.8,.
p127_other_peaker_1,2009,3.6,.
p127_other_peaker_1,2010,6.8,.
p127_other_peaker_1,2012,0.2,.
p127_other_peaker_1,2015,2.2,.
p127_other_peaker_1,2017,1.2,.
p127_other_peaker_1,2018,5.4,.
p127_other_peaker_1,2020,16.7,.
p127_other_peaker_1,2022,10,.
p127_other_peaker_1,2025,2.6,.
p127_petroleum_liquids_1,1960,0.3,.
p127_petroleum_liquids_1,1964,0.3,.
p127_petroleum_liquids_1,1967,6.7,.
p127_petroleum_liquids_1,1968,44.4,.
p127_petroleum_liquids_1,1970,7,.
p127_petroleum_liquids_1,1971,343.3,.
p127_petroleum_liquids_1,1972,3,.
p127_petroleum_liquids_1,1974,1.4,.
p127_petroleum_liquids_1,1975,818.5,.
p127_petroleum_liquids_1,1976,1.1,.
p127_petroleum_liquids_1,1977,0.8,.
p127_petroleum_liquids_1,1978,2.2,.
p127_petroleum_liquids_1,1979,814.5,.
p127_petroleum_liquids_1,1980,1.2,.
p127_petroleum_liquids_1,1983,8.2,.
p127_petroleum_liquids_1,1985,1.8,.
p127_petroleum_liquids_1,1986,1.5,.
p127_petroleum_liquids_1,1988,4.4,.
p127_petroleum_liquids_1,1990,0.3,.
p127_petroleum_liquids_1,1991,1.1,.
p127_petroleum_liquids_1,1992,8.2,.
p127_petroleum_liquids_1,1993,2.4,.
p127_petroleum_liquids_1,1994,0.8,.
p127_petroleum_liquids_1,1995,1.9,.
p127_petroleum_liquids_1,1996,6.4,.
p127_petroleum_liquids_1,1997,7.8,.
p127_petroleum_liquids_1,1998,7.6,.
p127_petroleum_liquids_1,1999,1.7,.
p127_petroleum_liquids_1,2000,12.5,.
p127_petroleum_liquids_1,2001,5.8,.
p127_petroleum_liquids_1,2002,8.4,.
p127_petroleum_liquids_1,2003,7,.
p127_petroleum_liquids_1,2004,4.1,.
p127_petroleum_liquids_1,2005,12,.
p127_petroleum_liquids_1,2006,14.9,.
p127_petroleum_liquids_1,2007,3.4,.
p127_petroleum_liquids_1,2008,18.5,.
p127_petroleum_liquids_1,2009,5.5,.
p127_petroleum_liquids_1,2010,14.2,.
p127_petroleum_liquids_1,2011,11.1,.
p127_petroleum_liquids_1,2012,10.4,.
p127_petroleum_liquids_1,2013,1.6,.
p127_petroleum_liquids_1,2014,1.4,.
p127_petroleum_liquids_1,2015,12.3,.
p127_petroleum_liquids_1,2016,16.5,.
p127_petroleum_liquids_1,2017,11,.
p127_petroleum_liquids_1,2018,8.9,.
p127_petroleum_liquids_1,2019,3.1,.
p127_petroleum_liquids_1,2020,12.3,.
p127_petroleum_liquids_1,2021,1.8,.
p127_petroleum_liquids_1,2022,8,.
p127_petroleum_liquids_1,2023,1.2,.
p127_petroleum_liquids_1,2024,0.2,.
p127_petroleum_liquids_1,2025,2.5,.
p127_small_hydroelectric_1,1527,0.0390030441400304,.
p127_small_hydroelectric_1,1902,0.277641306382182,.
p127_small_hydroelectric_1,1903,0.288439443092728,.
p127_small_hydroelectric_1,1907,0.277641306382182,.
p127_small_hydroelectric_1,1908,0,.
p127_small_hydroelectric_1,1909,0.915513483373885,.
p127_small_hydroelectric_1,1910,0.277641306382182,.
p127_small_hydroelectric_1,1911,1.48414704402957,.
p127_small_hydroelectric_1,1912,4.54469126900034,.
p127_small_hydroelectric_1,1913,3.10259057269778,.
p127_small_hydroelectric_1,1914,6.88520969331638,.
p127_small_hydroelectric_1,1915,1.60548561883602,.
p127_small_hydroelectric_1,1916,1.22383160989457,.
p127_small_hydroelectric_1,1917,1.59789058424622,.
p127_small_hydroelectric_1,1918,2.3141441659223,.
p127_small_hydroelectric_1,1919,1.51397035395667,.
p127_small_hydroelectric_1,1920,8.25501361455735,.
p127_small_hydroelectric_1,1921,6.02378004237764,.
p127_small_hydroelectric_1,1922,6.48315845498783,.
p127_small_hydroelectric_1,1923,2.77134027866583,.
p127_small_hydroelectric_1,1924,14.8066010239254,.
p127_small_hydroelectric_1,1925,8.19479383906847,.
p127_small_hydroelectric_1,1926,3.93961438057583,.
p127_small_hydroelectric_1,1927,7.64093860740139,.
p127_small_hydroelectric_1,1928,10.0364135470712,.
p127_small_hydroelectric_1,1929,4.84386721918086,.
p127_small_hydroelectric_1,1930,2.58149584347121,.
p127_small_hydroelectric_1,1931,5.67596499898621,.
p127_small_hydroelectric_1,1932,0,.
p127_small_hydroelectric_1,1939,1.49222008107174,.
p127_small_hydroelectric_1,1940,1.0854749594485,.
p127_small_hydroelectric_1,1942,0.931898824006488,.
p127_small_hydroelectric_1,1943,0.544941200324412,.
p127_small_hydroelectric_1,1944,0.45411766693701,.
p127_small_hydroelectric_1,1948,2.15751791937923,.
p127_small_hydroelectric_1,1949,0.439496316572047,.
p127_small_hydroelectric_1,1950,0.719193532035685,.
p127_small_hydroelectric_1,1952,0.748046429386265,.
p127_small_hydroelectric_1,1953,3.37762418221544,.
p127_small_hydroelectric_1,1954,9.76263432684509,.
p127_small_hydroelectric_1,1955,11.7205938260341,.
p127_small_hydroelectric_1,1956,25.2869893278068,.
p127_small_hydroelectric_1,1957,19.400598134631,.
p127_small_hydroelectric_1,1958,0.20397721512571,.
p127_small_hydroelectric_1,1959,9.32614811435523,.
p127_small_hydroelectric_1,1963,0.657036606945366,.
p127_small_hydroelectric_1,1966,0.657036606945366,.
p127_small_hydroelectric_1,1971,0.492777455209025,.
p127_small_hydroelectric_1,1974,0.657036606945366,.
p127_small_hydroelectric_1,1979,0.567480231143552,.
p127_small_hydroelectric_1,1980,0.374900182523386,.
p127_small_hydroelectric_1,1982,1.08471540446233,.
p127_small_hydroelectric_1,1983,4.58816149635036,.
p127_small_hydroelectric_1,1984,11.2094071411922,.
p127_small_hydroelectric_1,1985,10.0756324281738,.
p127_small_hydroelectric_1,1986,5.00356278564719,.
p127_small_hydroelectric_1,1987,24.5645503580542,.
p127_small_hydroelectric_1,1988,6.06503114846512,.
p127_small_hydroelectric_1,1989,1.38406072587186,.
p127_small_hydroelectric_1,1990,9.98793592862936,.
p127_small_hydroelectric_1,1991,5.42392250729011,.
p127_small_hydroelectric_1,1992,0.888948637726502,.
p127_small_hydroelectric_1,1993,1.56804699977185,.
p127_small_hydroelectric_1,1994,9.28909829111175,.
p127_small_hydroelectric_1,2002,0.885974249797242,.
p127_small_hydroelectric_1,2003,4.16273824006488,.
p127_small_hydroelectric_1,2008,0.292053231939163,.
p127_small_hydroelectric_1,2011,2.5730511015513,.
p127_small_hydroelectric_1,2012,1.77843673965937,.
p127_small_hydroelectric_1,2013,0.239774697351875,.
p127_small_hydroelectric_1,2019,0.241981634768391,.
p127_solar_photovoltaic_1,1554,5,.
p127_solar_photovoltaic_1,1557,10,.
p127_solar_photovoltaic_1,2013,3.6,.
p127_solar_photovoltaic_1,2014,10,.
p127_solar_photovoltaic_1,2015,17.9,.
p127_solar_photovoltaic_1,2016,27.4,.
p127_solar_photovoltaic_1,2017,35,.
p127_solar_photovoltaic_1,2018,109.7,.
p127_solar_photovoltaic_1,2019,209.4,.
p127_solar_photovoltaic_1,2020,220,.
p127_solar_photovoltaic_1,2021,355.4,.
p127_solar_photovoltaic_1,2022,260.2,.
p127_solar_photovoltaic_1,2023,337.7,.
p127_solar_photovoltaic_1,2024,866.2,.
p127_solar_photovoltaic_1,2025,201.2,.
p127_solar_photovoltaic_1,2026,498,.
p127_solar_photovoltaic_1,2029,20,.
p128_batteries_1,2018,5,40
p128_batteries_1,2019,5,40
p128_batteries_1,2025,2,8
p128_biomass_1,1989,39.4030264850279,.
p128_biomass_1,1990,2.01312432414166,.
p128_biomass_1,1991,10.9713605028386,.
p128_biomass_1,2025,0.00355459245742092,.
p128_natural_gas_fired_combined_cycle_1,1989,56.5,.
p128_natural_gas_fired_combined_cycle_1,1994,220,.
p128_natural_gas_fired_combined_cycle_1,2005,77,.
p128_natural_gas_fired_combined_cycle_1,2009,365.2,.
p128_natural_gas_fired_combined_cycle_2,2005,77.1,.
p128_natural_gas_fired_combustion_turbine_1,1970,136.8,.
p128_natural_gas_fired_combustion_turbine_1,1971,198.4,.
p128_natural_gas_fired_combustion_turbine_1,1995,47.1,.
p128_natural_gas_fired_combustion_turbine_1,2001,46,.
p128_natural_gas_fired_combustion_turbine_1,2002,327.81,.
p128_natural_gas_fired_combustion_turbine_1,2004,109,.
p128_offshore_wind_turbine_1,2024,130,.
p128_offshore_wind_turbine_1,2027,810,.
p128_other_peaker_1,1954,6.4,.
p128_other_peaker_1,1956,199.5,.
p128_other_peaker_1,1958,189.2,.
p128_other_peaker_1,1960,194.7,.
p128_other_peaker_1,1962,5.2,.
p128_other_peaker_1,1963,190.5,.
p128_other_peaker_1,1967,401.7,.
p128_other_peaker_1,1968,399,.
p128_other_peaker_1,1972,394.2,.
p128_other_peaker_1,1974,5.5,.
p128_other_peaker_1,1977,396.5,.
p128_other_peaker_1,1994,6.2,.
p128_other_peaker_1,2004,2.6,.
p128_other_peaker_1,2008,0.5,.
p128_other_peaker_1,2017,1,.
p128_other_peaker_1,2020,8,.
p128_other_peaker_1,2021,10.4,.
p128_petroleum_liquids_1,1949,2.2,.
p128_petroleum_liquids_1,1954,2,.
p128_petroleum_liquids_1,1957,1.2,.
p128_petroleum_liquids_1,1962,6.2,.
p128_petroleum_liquids_1,1963,10.4,.
p128_petroleum_liquids_1,1964,9,.
p128_petroleum_liquids_1,1965,1.6,.
p128_petroleum_liquids_1,1966,36.3,.
p128_petroleum_liquids_1,1967,33.4,.
p128_petroleum_liquids_1,1970,24,.
p128_petroleum_liquids_1,1971,134.1,.
p128_petroleum_liquids_1,1972,124.1,.
p128_petroleum_liquids_1,1973,18,.
p128_petroleum_liquids_1,1974,317.5,.
p128_petroleum_liquids_1,1975,331.7,.
p128_petroleum_liquids_1,1989,296.5,.
p128_petroleum_liquids_1,1997,0.4,.
p128_petroleum_liquids_1,2001,0.2,.
p128_petroleum_liquids_1,2002,94.8,.
p128_petroleum_liquids_1,2003,51.2,.
p128_petroleum_liquids_1,2004,1.9,.
p128_petroleum_liquids_1,2005,1,.
p128_petroleum_liquids_1,2010,2.5,.
p128_petroleum_liquids_1,2020,3.2,.
p128_petroleum_liquids_1,2028,7.8,.
p128_solar_photovoltaic_1,2011,37,.
p128_solar_photovoltaic_1,2012,6.5,.
p128_solar_photovoltaic_1,2015,8,.
p128_solar_photovoltaic_1,2016,9.3,.
p128_solar_photovoltaic_1,2017,12,.
p128_solar_photovoltaic_1,2018,28.4,.
p128_solar_photovoltaic_1,2019,26.5,.
p128_solar_photovoltaic_1,2022,22.9,.
p128_solar_photovoltaic_1,2025,5,.
p129_batteries_1,2015,2,3.4
p129_batteries_1,2018,1,4
p129_batteries_1,2019,7.9,25.9
p129_batteries_1,2023,10,20
p129_biomass_1,1984,9.13051246958637,.
p129_biomass_1,1992,17.6072333738848,.
p129_biomass_1,1999,0.0709848885046983,.
p129_biomass_1,2005,3.62322080291971,.
p129_biomass_1,2007,1.2077402676399,.
p129_biomass_1,2009,1.2077402676399,.
p129_conventional_hydroelectric_1,1909,9.6,.
p129_conventional_hydroelectric_1,1921,8,.
p129_conventional_hydroelectric_1,1924,38.4,.
p129_conventional_hydroelectric_1,1928,47.1,.
p129_conventional_hydroelectric_1,1950,38,.
p129_conventional_hydroelectric_1,1987,2.8,.
p129_conventional_hydroelectric_1,2008,16.2,.
p129_onshore_wind_turbine_1,1997,5,.
p129_onshore_wind_turbine_1,2011,40,.
p129_onshore_wind_turbine_1,2012,75,.
p129_onshore_wind_turbine_1,2017,30,.
p129_petroleum_liquids_1,1961,13.4,.
p129_petroleum_liquids_1,1965,13.9,.
p129_petroleum_liquids_1,1971,23.4,.
p129_petroleum_liquids_1,1972,45.7,.
p129_petroleum_liquids_1,2007,7.2,.
p129_petroleum_liquids_1,2010,47.3,.
p129_small_hydroelectric_1,1905,0,.
p129_small_hydroelectric_1,1907,0.395529197080292,.
p129_small_hydroelectric_1,1912,0.305515954480941,.
p129_small_hydroelectric_1,1913,0.457303538651983,.
p129_small_hydroelectric_1,1914,1.07920790938583,.
p129_small_hydroelectric_1,1915,0.0964992316557818,.
p129_small_hydroelectric_1,1917,1.77016169910787,.
p129_small_hydroelectric_1,1919,2.27676399026764,.
p129_small_hydroelectric_1,1920,0.744373479318735,.
p129_small_hydroelectric_1,1922,2.09496654501217,.
p129_small_hydroelectric_1,1923,0,.
p129_small_hydroelectric_1,1924,0.44117497972425,.
p129_small_hydroelectric_1,1927,1.61870184509327,.
p129_small_hydroelectric_1,1928,2.55213402270884,.
p129_small_hydroelectric_1,1929,4.32139598540146,.
p129_small_hydroelectric_1,1930,0,.
p129_small_hydroelectric_1,1931,0.148228406326034,.
p129_small_hydroelectric_1,1936,0.263672142368241,.
p129_small_hydroelectric_1,1937,1.78638229927007,.
p129_small_hydroelectric_1,1940,0.747071070043349,.
p129_small_hydroelectric_1,1941,0.740834064203399,.
p129_small_hydroelectric_1,1943,0.218225681772101,.
p129_small_hydroelectric_1,1944,0.747071070043349,.
p129_small_hydroelectric_1,1947,0.0782459632824596,.
p129_small_hydroelectric_1,1948,2.78252990673155,.
p129_small_hydroelectric_1,1951,1.51985756285483,.
p129_small_hydroelectric_1,1953,1.5295645782644,.
p129_small_hydroelectric_1,1954,0,.
p129_small_hydroelectric_1,1966,0.512885121371584,.
p129_small_hydroelectric_1,1979,0.209081668587527,.
p129_small_hydroelectric_1,1982,0.346157745336577,.
p129_small_hydroelectric_1,1983,0.175593960211822,.
p129_small_hydroelectric_1,1984,0.897543226244898,.
p129_small_hydroelectric_1,1985,0.238100669099757,.
p129_small_hydroelectric_1,1986,2.65778983713386,.
p129_small_hydroelectric_1,1987,0.140847138733839,.
p129_small_hydroelectric_1,1988,3.44314252785248,.
p129_small_hydroelectric_1,1989,0.164119525547445,.
p129_small_hydroelectric_1,1990,0,.
p129_small_hydroelectric_1,1993,3.24740216950527,.
p129_small_hydroelectric_1,2008,0,.
p129_small_hydroelectric_1,2012,0,.
p129_small_hydroelectric_1,2016,0.271162814274128,.
p129_solar_photovoltaic_1,2011,3.4,.
p129_solar_photovoltaic_1,2012,5.8,.
p129_solar_photovoltaic_1,2013,8.4,.
p129_solar_photovoltaic_1,2014,18.8,.
p129_solar_photovoltaic_1,2015,2,.
p129_solar_photovoltaic_1,2016,29.6,.
p129_solar_photovoltaic_1,2017,8.5,.
p129_solar_photovoltaic_1,2018,33.8,.
p129_solar_photovoltaic_1,2019,16.7,.
p129_solar_photovoltaic_1,2020,2.2,.
p129_solar_photovoltaic_1,2021,12.2,.
p129_solar_photovoltaic_1,2022,5.5,.
p129_solar_photovoltaic_1,2023,7.2,.
p129_solar_photovoltaic_1,2025,2,.
p13_batteries_1,2021,90,360
p13_batteries_1,2023,343.8,855
p13_batteries_1,2024,565,870
p13_batteries_1,2025,479,1916
p13_biomass_1,2012,3.34728558394161,.
p13_conventional_hydroelectric_1,1936,392.4,.
p13_conventional_hydroelectric_1,1937,130,.
p13_conventional_hydroelectric_1,1938,260,.
p13_conventional_hydroelectric_1,1944,127,.
p13_conventional_hydroelectric_1,1961,130,.
p13_natural_gas_fired_combined_cycle_1,1530,583.1,.
p13_natural_gas_fired_combined_cycle_1,1532,105,.
p13_natural_gas_fired_combined_cycle_1,1992,85,.
p13_natural_gas_fired_combined_cycle_1,1994,53,.
p13_natural_gas_fired_combined_cycle_1,2003,240,.
p13_natural_gas_fired_combined_cycle_2,1979,162,.
p13_natural_gas_fired_combined_cycle_2,1980,81,.
p13_natural_gas_fired_combined_cycle_2,1982,81,.
p13_natural_gas_fired_combined_cycle_2,1993,88,.
p13_natural_gas_fired_combined_cycle_2,1994,88,.
p13_natural_gas_fired_combined_cycle_2,2003,576.6,.
p13_natural_gas_fired_combined_cycle_2,2004,1227,.
p13_natural_gas_fired_combined_cycle_2,2006,1246,.
p13_natural_gas_fired_combined_cycle_2,2011,524,.
p13_natural_gas_fired_combustion_turbine_1,1973,59,.
p13_natural_gas_fired_combustion_turbine_1,1991,222,.
p13_natural_gas_fired_combustion_turbine_1,1995,76,.
p13_natural_gas_fired_combustion_turbine_1,2006,76,.
p13_natural_gas_fired_combustion_turbine_1,2008,684,.
p13_natural_gas_fired_combustion_turbine_1,2009,8,.
p13_natural_gas_fired_combustion_turbine_1,2024,442.8,.
p13_solar_photovoltaic_1,2007,53.2,.
p13_solar_photovoltaic_1,2008,10,.
p13_solar_photovoltaic_1,2010,48,.
p13_solar_photovoltaic_1,2012,164,.
p13_solar_photovoltaic_1,2013,33.3,.
p13_solar_photovoltaic_1,2014,247.5,.
p13_solar_photovoltaic_1,2015,216.4,.
p13_solar_photovoltaic_1,2016,629.1,.
p13_solar_photovoltaic_1,2017,229,.
p13_solar_photovoltaic_1,2018,3.1,.
p13_solar_photovoltaic_1,2019,301,.
p13_solar_photovoltaic_1,2020,100,.
p13_solar_photovoltaic_1,2021,480,.
p13_solar_photovoltaic_1,2023,595.8,.
p13_solar_photovoltaic_1,2024,945,.
p13_solar_photovoltaic_1,2025,3,.
p13_solar_photovoltaic_1,2026,131,.
p13_waste_heat_1,2010,1.49626165855637,.
p130_batteries_1,2023,14,14
p130_biomass_1,1986,5.40576845093268,.
p130_biomass_1,1987,21.6892026868283,.
p130_biomass_1,1988,6.51189933090024,.
p130_biomass_1,1989,11.0799624898621,.
p130_biomass_1,1992,0.990317294801132,.
p130_biomass_1,1993,0.330105764933711,.
p130_biomass_1,1996,0.502300030413625,.
p130_biomass_1,1997,2.72337256070311,.
p130_biomass_1,2006,2.05106532170857,.
p130_biomass_1,2013,28.4921875,.
p130_biomass_1,2016,1.0763572080292,.
p130_conventional_hydroelectric_1,1914,2.4,.
p130_conventional_hydroelectric_1,1916,4.2,.
p130_conventional_hydroelectric_1,1918,3.1,.
p130_conventional_hydroelectric_1,1920,12.7,.
p130_conventional_hydroelectric_1,1921,2.3,.
p130_conventional_hydroelectric_1,1924,0.7,.
p130_conventional_hydroelectric_1,1929,1.8,.
p130_conventional_hydroelectric_1,1930,168,.
p130_conventional_hydroelectric_1,1957,190.8,.
p130_conventional_hydroelectric_1,1980,3.2,.
p130_conventional_hydroelectric_1,2023,4.6,.
p130_conventional_steam_coal_1,1960,108,.
p130_conventional_steam_coal_2,1968,330,.
p130_natural_gas_fired_combined_cycle_1,2003,729,.
p130_natural_gas_fired_combined_cycle_2,2002,633,.
p130_natural_gas_fired_combustion_turbine_1,2000,5,.
p130_nuclear_1,1990,1247,.
p130_onshore_wind_turbine_1,2008,24,.
p130_onshore_wind_turbine_1,2012,147,.
p130_onshore_wind_turbine_1,2016,12.1,.
p130_onshore_wind_turbine_1,2019,28.8,.
p130_other_peaker_1,1974,400.2,.
p130_petroleum_liquids_1,1968,44.1,.
p130_petroleum_liquids_1,1969,39.4,.
p130_petroleum_liquids_1,1970,22,.
p130_petroleum_liquids_1,1990,2.1,.
p130_petroleum_liquids_1,1992,3,.
p130_petroleum_liquids_1,1994,1.2,.
p130_petroleum_liquids_1,2000,1.6,.
p130_small_hydroelectric_1,1914,0.31300823340285,.
p130_small_hydroelectric_1,1917,0.488640510948905,.
p130_small_hydroelectric_1,1922,0,.
p130_small_hydroelectric_1,1923,0.732960766423358,.
p130_small_hydroelectric_1,1924,0,.
p130_small_hydroelectric_1,1925,5.03711729521492,.
p130_small_hydroelectric_1,1926,1.23108019059205,.
p130_small_hydroelectric_1,1927,0.661293592862936,.
p130_small_hydroelectric_1,1937,0.851445816956766,.
p130_small_hydroelectric_1,1948,11.9165652879157,.
p130_small_hydroelectric_1,1981,0.233637704528693,.
p130_small_hydroelectric_1,1983,4.96557820980722,.
p130_small_hydroelectric_1,1984,1.57665567793419,.
p130_small_hydroelectric_1,1985,5.05298839867901,.
p130_small_hydroelectric_1,1986,3.4197270377129,.
p130_small_hydroelectric_1,1987,2.52875888874406,.
p130_small_hydroelectric_1,1988,0.242421938361719,.
p130_small_hydroelectric_1,1989,0.390194140308191,.
p130_small_hydroelectric_1,1990,2.79596259124088,.
p130_small_hydroelectric_1,1995,0.752211324006488,.
p130_solar_photovoltaic_1,2019,2.4,.
p131_batteries_1,2017,3,4.9
p131_batteries_1,2018,3,6.2
p131_batteries_1,2019,30.8,91.4
p131_batteries_1,2020,34.4,71.3
p131_batteries_1,2021,106.6,246.1
p131_batteries_1,2022,85.2,174.2
p131_batteries_1,2023,21.8,54.8
p131_batteries_1,2024,16.7,59.3
p131_batteries_1,2025,183,433.7
p131_biomass_1,1985,37.9489223375929,.
p131_biomass_1,1987,35.7716697080292,.
p131_biomass_1,1988,14.692929428773,.
p131_biomass_1,1989,19.2198271492295,.
p131_biomass_1,1992,5.00678644611744,.
p131_biomass_1,1993,7.36024795024838,.
p131_biomass_1,1997,0.668174675587997,.
p131_biomass_1,1998,0.893102316504461,.
p131_biomass_1,2001,0.745707167906937,.
p131_biomass_1,2004,2.68494249059943,.
p131_biomass_1,2005,1.99797940294616,.
p131_biomass_1,2007,2.69112429034874,.
p131_biomass_1,2009,1.34556214517437,.
p131_biomass_1,2010,0.942085084420851,.
p131_biomass_1,2011,1.7075151244112,.
p131_conventional_hydroelectric_1,1915,20.6,.
p131_conventional_hydroelectric_1,1916,20.6,.
p131_conventional_hydroelectric_1,1917,20.6,.
p131_conventional_hydroelectric_1,1930,32.9,.
p131_conventional_hydroelectric_1,1952,18.1,.
p131_conventional_hydroelectric_1,1983,15,.
p131_conventional_hydroelectric_1,2001,2,.
p131_hydroelectric_pumped_storage_1,1972,292,4526
p131_hydroelectric_pumped_storage_1,1973,876,13578
p131_hydroelectric_pumped_storage_1,1974,666,10323
p131_natural_gas_fired_combined_cycle_1,1958,22.9,.
p131_natural_gas_fired_combined_cycle_1,1975,87,.
p131_natural_gas_fired_combined_cycle_1,1976,21.4,.
p131_natural_gas_fired_combined_cycle_1,1990,185.8,.
p131_natural_gas_fired_combined_cycle_1,1991,336,.
p131_natural_gas_fired_combined_cycle_1,1992,99.9,.
p131_natural_gas_fired_combined_cycle_1,1993,503.1,.
p131_natural_gas_fired_combined_cycle_1,1999,435.8,.
p131_natural_gas_fired_combined_cycle_1,2001,378.9,.
p131_natural_gas_fired_combined_cycle_1,2002,187.4,.
p131_natural_gas_fired_combined_cycle_2,2001,558,.
p131_natural_gas_fired_combined_cycle_2,2002,598.17,.
p131_natural_gas_fired_combined_cycle_2,2003,790,.
p131_natural_gas_fired_combined_cycle_2,2018,1191.8,.
p131_natural_gas_fired_combustion_turbine_1,1530,22,.
p131_natural_gas_fired_combustion_turbine_1,1990,44,.
p131_natural_gas_fired_combustion_turbine_1,2003,25,.
p131_natural_gas_fired_combustion_turbine_1,2006,1.2,.
p131_natural_gas_fired_combustion_turbine_1,2007,11.5,.
p131_natural_gas_fired_combustion_turbine_1,2008,3.5,.
p131_natural_gas_fired_combustion_turbine_1,2009,136.6,.
p131_natural_gas_fired_combustion_turbine_1,2011,7.2,.
p131_natural_gas_fired_combustion_turbine_1,2013,7.5,.
p131_natural_gas_fired_combustion_turbine_1,2015,11.3,.
p131_natural_gas_fired_combustion_turbine_1,2017,14.9,.
p131_natural_gas_fired_combustion_turbine_1,2019,207,.
p131_natural_gas_fired_combustion_turbine_1,2021,41.4,.
p131_natural_gas_fired_combustion_turbine_1,2022,4.6,.
p131_natural_gas_fired_combustion_turbine_1,2024,67,.
p131_offshore_wind_turbine_1,2025,800,.
p131_offshore_wind_turbine_1,2026,715,.
p131_offshore_wind_turbine_1,2027,924,.
p131_onshore_wind_turbine_1,1535,1.7,.
p131_onshore_wind_turbine_1,2006,1.8,.
p131_onshore_wind_turbine_1,2007,2.7,.
p131_onshore_wind_turbine_1,2009,2.7,.
p131_onshore_wind_turbine_1,2010,3,.
p131_onshore_wind_turbine_1,2011,24.5,.
p131_onshore_wind_turbine_1,2012,38.5,.
p131_onshore_wind_turbine_1,2013,3.4,.
p131_onshore_wind_turbine_1,2014,3.4,.
p131_onshore_wind_turbine_1,2016,7.9,.
p131_onshore_wind_turbine_1,2018,1.5,.
p131_onshore_wind_turbine_1,2019,9.6,.
p131_other_peaker_1,1530,3.8,.
p131_other_peaker_1,1951,1.2,.
p131_other_peaker_1,1954,1.3,.
p131_other_peaker_1,1956,3.4,.
p131_other_peaker_1,1961,1.3,.
p131_other_peaker_1,1971,5,.
p131_other_peaker_1,1972,4.9,.
p131_other_peaker_1,1974,3,.
p131_other_peaker_1,1980,20.6,.
p131_other_peaker_1,1982,1.1,.
p131_other_peaker_1,1983,1.3,.
p131_other_peaker_1,1984,1.3,.
p131_other_peaker_1,1985,4.1,.
p131_other_peaker_1,1986,1.3,.
p131_other_peaker_1,2002,3,.
p131_other_peaker_1,2003,3,.
p131_other_peaker_1,2007,4,.
p131_other_peaker_1,2010,2.1,.
p131_other_peaker_1,2013,2.6,.
p131_other_peaker_1,2017,2,.
p131_other_peaker_1,2019,4.1,.
p131_other_peaker_1,2020,3.6,.
p131_other_peaker_1,2021,5.9,.
p131_petroleum_liquids_1,1951,2.5,.
p131_petroleum_liquids_1,1968,567,.
p131_petroleum_liquids_1,1969,39.9,.
p131_petroleum_liquids_1,1970,158.4,.
p131_petroleum_liquids_1,1971,61.6,.
p131_petroleum_liquids_1,1972,5.4,.
p131_petroleum_liquids_1,1975,16.2,.
p131_petroleum_liquids_1,1976,562,.
p131_petroleum_liquids_1,1978,11.2,.
p131_petroleum_liquids_1,1979,68,.
p131_petroleum_liquids_1,1981,366.6,.
p131_petroleum_liquids_1,1982,170,.
p131_petroleum_liquids_1,1985,37.5,.
p131_petroleum_liquids_1,1991,0.5,.
p131_petroleum_liquids_1,1995,54,.
p131_petroleum_liquids_1,1997,1.1,.
p131_petroleum_liquids_1,1999,0.1,.
p131_petroleum_liquids_1,2000,1,.
p131_petroleum_liquids_1,2001,0.9,.
p131_petroleum_liquids_1,2003,0.1,.
p131_petroleum_liquids_1,2005,0.3,.
p131_petroleum_liquids_1,2006,0.3,.
p131_petroleum_liquids_1,2007,4.4,.
p131_petroleum_liquids_1,2009,0.4,.
p131_petroleum_liquids_1,2011,0.2,.
p131_petroleum_liquids_1,2012,1.6,.
p131_petroleum_liquids_1,2013,0.4,.
p131_petroleum_liquids_1,2014,0.5,.
p131_petroleum_liquids_1,2015,0.2,.
p131_petroleum_liquids_1,2016,0.2,.
p131_petroleum_liquids_1,2017,4.5,.
p131_petroleum_liquids_1,2018,10.4,.
p131_petroleum_liquids_1,2019,385.6,.
p131_small_hydroelectric_1,1893,0.0441407909473603,.
p131_small_hydroelectric_1,1905,0,.
p131_small_hydroelectric_1,1906,0.736828843283143,.
p131_small_hydroelectric_1,1907,0.0367839924561336,.
p131_small_hydroelectric_1,1909,0.271560574948665,.
p131_small_hydroelectric_1,1910,0,.
p131_small_hydroelectric_1,1912,5.9030945863747,.
p131_small_hydroelectric_1,1913,4.18748555352798,.
p131_small_hydroelectric_1,1914,0.485200024177323,.
p131_small_hydroelectric_1,1916,0.254823600973236,.
p131_small_hydroelectric_1,1918,1.60310209788553,.
p131_small_hydroelectric_1,1920,1.10882124322012,.
p131_small_hydroelectric_1,1921,0.356471915104241,.
p131_small_hydroelectric_1,1922,0.789459474946225,.
p131_small_hydroelectric_1,1924,1.37496310111636,.
p131_small_hydroelectric_1,1925,0.350422239683622,.
p131_small_hydroelectric_1,1926,3.39699918896999,.
p131_small_hydroelectric_1,1928,0.834866686942417,.
p131_small_hydroelectric_1,1931,2.10522526652327,.
p131_small_hydroelectric_1,1935,0.381906427412814,.
p131_small_hydroelectric_1,1938,0.0441407909473603,.
p131_small_hydroelectric_1,1939,0.0294271939649069,.
p131_small_hydroelectric_1,1951,1.1308077351987,.
p131_small_hydroelectric_1,1964,0.107822227594961,.
p131_small_hydroelectric_1,1969,0.404932076236821,.
p131_small_hydroelectric_1,1974,9.33460056772101,.
p131_small_hydroelectric_1,1981,8.1523849351176,.
p131_small_hydroelectric_1,1982,0.589837636932707,.
p131_small_hydroelectric_1,1985,0.54327800593201,.
p131_small_hydroelectric_1,2006,0.16654461198617,.
p131_solar_photovoltaic_1,1563,1,.
p131_solar_photovoltaic_1,2008,0.1,.
p131_solar_photovoltaic_1,2010,3.3,.
p131_solar_photovoltaic_1,2011,9,.
p131_solar_photovoltaic_1,2012,53.4,.
p131_solar_photovoltaic_1,2013,109,.
p131_solar_photovoltaic_1,2014,140,.
p131_solar_photovoltaic_1,2015,66.1,.
p131_solar_photovoltaic_1,2016,108.5,.
p131_solar_photovoltaic_1,2017,206.7,.
p131_solar_photovoltaic_1,2018,108.5,.
p131_solar_photovoltaic_1,2019,107,.
p131_solar_photovoltaic_1,2020,132.2,.
p131_solar_photovoltaic_1,2021,203.8,.
p131_solar_photovoltaic_1,2022,89.8,.
p131_solar_photovoltaic_1,2023,39,.
p131_solar_photovoltaic_1,2024,13.8,.
p131_solar_photovoltaic_1,2025,34.1,.
p131_solar_photovoltaic_1,2026,5,.
p132_batteries_1,2016,0.8,3
p132_batteries_1,2017,0.8,3.3
p132_batteries_1,2025,20,80
p132_biomass_1,1987,5.85170823195458,.
p132_biomass_1,1988,53.0850714836413,.
p132_biomass_1,1991,7.05741205393349,.
p132_biomass_1,1995,11.0646048454098,.
p132_biomass_1,2008,0.596899916696418,.
p132_biomass_1,2013,26.5191986009732,.
p132_conventional_hydroelectric_1,1955,42.6,.
p132_hydroelectric_pumped_storage_1,1928,27,418.5
p132_hydroelectric_pumped_storage_1,1929,2,31
p132_natural_gas_fired_combined_cycle_1,1988,8.6,.
p132_natural_gas_fired_combined_cycle_1,1990,61,.
p132_natural_gas_fired_combined_cycle_1,2006,24.6,.
p132_natural_gas_fired_combined_cycle_1,2008,20.2,.
p132_natural_gas_fired_combined_cycle_1,2010,14.6,.
p132_natural_gas_fired_combined_cycle_1,2012,15,.
p132_natural_gas_fired_combined_cycle_1,2016,0.5,.
p132_natural_gas_fired_combined_cycle_2,1998,390,.
p132_natural_gas_fired_combined_cycle_2,1999,185,.
p132_natural_gas_fired_combined_cycle_2,2002,897.9,.
p132_natural_gas_fired_combined_cycle_2,2004,581.39,.
p132_natural_gas_fired_combined_cycle_2,2011,623,.
p132_natural_gas_fired_combined_cycle_2,2018,869,.
p132_natural_gas_fired_combined_cycle_2,2019,513.4,.
p132_natural_gas_fired_combustion_turbine_1,1992,31,.
p132_natural_gas_fired_combustion_turbine_1,2001,249.2,.
p132_natural_gas_fired_combustion_turbine_1,2005,16.5,.
p132_natural_gas_fired_combustion_turbine_1,2007,99.1,.
p132_natural_gas_fired_combustion_turbine_1,2008,16.1,.
p132_natural_gas_fired_combustion_turbine_1,2009,119.1,.
p132_natural_gas_fired_combustion_turbine_1,2011,15.3,.
p132_natural_gas_fired_combustion_turbine_1,2018,99.8,.
p132_nuclear_1,1975,869.8,.
p132_nuclear_1,1986,1251.3,.
p132_onshore_wind_turbine_1,2015,5,.
p132_other_peaker_1,1535,5,.
p132_other_peaker_1,1536,5.3,.
p132_other_peaker_1,1952,10,.
p132_other_peaker_1,1954,83,.
p132_other_peaker_1,1958,120,.
p132_other_peaker_1,1964,245,.
p132_other_peaker_1,1994,5,.
p132_other_peaker_1,2001,7.5,.
p132_other_peaker_1,2002,3.9,.
p132_other_peaker_1,2004,2.6,.
p132_other_peaker_1,2008,0.8,.
p132_other_peaker_1,2009,4.8,.
p132_other_peaker_1,2010,1.9,.
p132_other_peaker_1,2012,1.4,.
p132_other_peaker_1,2013,14.9,.
p132_other_peaker_1,2014,1.4,.
p132_other_peaker_1,2015,1.4,.
p132_other_peaker_1,2016,7.2,.
p132_other_peaker_1,2018,4.4,.
p132_other_peaker_1,2019,1.2,.
p132_other_peaker_1,2020,9.5,.
p132_other_peaker_1,2021,10.6,.
p132_other_peaker_1,2022,16.6,.
p132_other_peaker_1,2023,2.7,.
p132_other_peaker_1,2024,14,.
p132_petroleum_liquids_1,1966,22.1,.
p132_petroleum_liquids_1,1967,50.4,.
p132_petroleum_liquids_1,1968,21.2,.
p132_petroleum_liquids_1,1969,93.4,.
p132_petroleum_liquids_1,1971,410,.
p132_petroleum_liquids_1,1973,402,.
p132_petroleum_liquids_1,1975,453.3,.
p132_petroleum_liquids_1,1984,1,.
p132_petroleum_liquids_1,1985,19.2,.
p132_petroleum_liquids_1,1993,0.7,.
p132_petroleum_liquids_1,1996,156.4,.
p132_petroleum_liquids_1,2001,2,.
p132_petroleum_liquids_1,2002,0.8,.
p132_petroleum_liquids_1,2004,47.8,.
p132_petroleum_liquids_1,2006,25.9,.
p132_petroleum_liquids_1,2007,0.5,.
p132_petroleum_liquids_1,2008,47.5,.
p132_petroleum_liquids_1,2010,237.5,.
p132_petroleum_liquids_1,2011,196.8,.
p132_petroleum_liquids_1,2012,143.4,.
p132_petroleum_liquids_1,2014,15,.
p132_small_hydroelectric_1,1903,0,.
p132_small_hydroelectric_1,1906,0.202260746147607,.
p132_small_hydroelectric_1,1914,0,.
p132_small_hydroelectric_1,1919,0.265213148824006,.
p132_small_hydroelectric_1,1925,3.27877344383617,.
p132_small_hydroelectric_1,1926,0.101130373073804,.
p132_small_hydroelectric_1,1936,0,.
p132_small_hydroelectric_1,1937,0.667807177615572,.
p132_small_hydroelectric_1,1949,0.467473894971614,.
p132_small_hydroelectric_1,1967,0.41492700729927,.
p132_small_hydroelectric_1,1986,1.2643261230463,.
p132_small_hydroelectric_1,1989,0,.
p132_small_hydroelectric_1,1990,0.895063312799452,.
p132_small_hydroelectric_1,1995,0.0999220473039775,.
p132_solar_photovoltaic_1,1536,2.2,.
p132_solar_photovoltaic_1,2010,0.1,.
p132_solar_photovoltaic_1,2012,0.8,.
p132_solar_photovoltaic_1,2013,5,.
p132_solar_photovoltaic_1,2014,6,.
p132_solar_photovoltaic_1,2016,12,.
p132_solar_photovoltaic_1,2017,14.2,.
p132_solar_photovoltaic_1,2018,56.3,.
p132_solar_photovoltaic_1,2019,42.1,.
p132_solar_photovoltaic_1,2020,27.6,.
p132_solar_photovoltaic_1,2021,90.1,.
p132_solar_photovoltaic_1,2022,36.5,.
p132_solar_photovoltaic_1,2023,2.5,.
p132_solar_photovoltaic_1,2024,31.5,.
p132_solar_photovoltaic_1,2025,228,.
p132_solar_photovoltaic_1,2026,8,.
p133_batteries_1,2022,3,10
p133_biomass_1,2005,0.23101049270073,.
p133_biomass_1,2013,23.8100139395783,.
p133_biomass_1,2017,0.0991373801916933,.
p133_natural_gas_fired_combined_cycle_1,1990,238.9,.
p133_natural_gas_fired_combined_cycle_1,1991,238.9,.
p133_natural_gas_fired_combined_cycle_2,1995,510.1,.
p133_natural_gas_fired_combined_cycle_2,2000,291.8,.
p133_natural_gas_fired_combined_cycle_2,2002,615,.
p133_natural_gas_fired_combustion_turbine_1,2003,7.5,.
p133_natural_gas_fired_combustion_turbine_1,2004,7.6,.
p133_offshore_wind_turbine_1,2016,29.3,.
p133_onshore_wind_turbine_1,2012,6,.
p133_onshore_wind_turbine_1,2016,15,.
p133_onshore_wind_turbine_1,2017,1.5,.
p133_onshore_wind_turbine_1,2019,21,.
p133_onshore_wind_turbine_1,2021,4.5,.
p133_other_peaker_1,1958,2,.
p133_other_peaker_1,1974,3.4,.
p133_other_peaker_1,1993,7,.
p133_other_peaker_1,2014,12.5,.
p133_other_peaker_1,2015,2,.
p133_petroleum_liquids_1,2001,1.2,.
p133_petroleum_liquids_1,2002,1.6,.
p133_petroleum_liquids_1,2006,1.8,.
p133_petroleum_liquids_1,2018,2.5,.
p133_small_hydroelectric_1,1981,0.699555580900243,.
p133_solar_photovoltaic_1,2013,6.9,.
p133_solar_photovoltaic_1,2014,1.3,.
p133_solar_photovoltaic_1,2015,2.4,.
p133_solar_photovoltaic_1,2016,1,.
p133_solar_photovoltaic_1,2017,8.5,.
p133_solar_photovoltaic_1,2018,22.4,.
p133_solar_photovoltaic_1,2019,73.2,.
p133_solar_photovoltaic_1,2020,53,.
p133_solar_photovoltaic_1,2021,50.7,.
p133_solar_photovoltaic_1,2022,50.6,.
p133_solar_photovoltaic_1,2023,105.2,.
p133_solar_photovoltaic_1,2024,33,.
p133_solar_photovoltaic_1,2025,12.8,.
p134_batteries_1,2016,16.2,10.9
p134_batteries_1,2019,4.9,10
p134_batteries_1,2020,20.3,23.1
p134_batteries_1,2021,4.9,10
p134_batteries_1,2023,16,32
p134_batteries_1,2025,175,700
p134_batteries_1,2026,15,60
p134_biomass_1,1966,6.2514923022746,.
p134_biomass_1,1970,4.80884023251892,.
p134_biomass_1,1976,9.74679617412711,.
p134_biomass_1,1987,7.5325045620438,.
p134_biomass_1,1988,4.53130068937551,.
p134_biomass_1,1989,15.0924067315491,.
p134_biomass_1,1990,28.9537183230343,.
p134_biomass_1,1992,30.0648469870028,.
p134_biomass_1,2009,2.45526662611517,.
p134_biomass_1,2016,5.98993815896188,.
p134_biomass_1,2018,5.03613392653434,.
p134_conventional_hydroelectric_1,1903,1.8,.
p134_conventional_hydroelectric_1,1906,2.1,.
p134_conventional_hydroelectric_1,1912,5.6,.
p134_conventional_hydroelectric_1,1913,2.4,.
p134_conventional_hydroelectric_1,1917,17.1,.
p134_conventional_hydroelectric_1,1918,16.2,.
p134_conventional_hydroelectric_1,1921,14.9,.
p134_conventional_hydroelectric_1,1926,8.8,.
p134_conventional_hydroelectric_1,1929,3,.
p134_conventional_hydroelectric_1,1930,32.7,.
p134_conventional_hydroelectric_1,1931,29.9,.
p134_conventional_hydroelectric_1,1940,49.8,.
p134_conventional_hydroelectric_1,1948,9,.
p134_conventional_hydroelectric_1,1950,4.3,.
p134_conventional_hydroelectric_1,1953,22.4,.
p134_conventional_hydroelectric_1,1954,66.9,.
p134_conventional_hydroelectric_1,1955,35.6,.
p134_conventional_hydroelectric_1,1967,12.1,.
p134_conventional_hydroelectric_1,1970,6.2,.
p134_conventional_hydroelectric_1,1975,7.6,.
p134_conventional_hydroelectric_1,1986,8.7,.
p134_conventional_hydroelectric_1,1987,10,.
p134_conventional_hydroelectric_1,1988,4.9,.
p134_natural_gas_fired_combined_cycle_1,2000,541.2,.
p134_natural_gas_fired_combined_cycle_1,2001,585.4,.
p134_natural_gas_fired_combined_cycle_2,2000,278.6,.
p134_natural_gas_fired_combustion_turbine_1,2001,183.1,.
p134_natural_gas_fired_combustion_turbine_1,2006,5,.
p134_onshore_wind_turbine_1,2007,42,.
p134_onshore_wind_turbine_1,2008,4.5,.
p134_onshore_wind_turbine_1,2009,127.5,.
p134_onshore_wind_turbine_1,2010,91.5,.
p134_onshore_wind_turbine_1,2011,80,.
p134_onshore_wind_turbine_1,2012,85.1,.
p134_onshore_wind_turbine_1,2014,8.5,.
p134_onshore_wind_turbine_1,2015,173.7,.
p134_onshore_wind_turbine_1,2016,286,.
p134_onshore_wind_turbine_1,2017,22.8,.
p134_onshore_wind_turbine_1,2020,72.6,.
p134_onshore_wind_turbine_1,2021,15.3,.
p134_onshore_wind_turbine_1,2022,20,.
p134_onshore_wind_turbine_1,2025,184.8,.
p134_petroleum_liquids_1,1957,49.5,.
p134_petroleum_liquids_1,1958,52.8,.
p134_petroleum_liquids_1,1965,113.8,.
p134_petroleum_liquids_1,1970,40,.
p134_petroleum_liquids_1,1978,605.8,.
p134_petroleum_liquids_1,1987,1.8,.
p134_small_hydroelectric_1,1903,0,.
p134_small_hydroelectric_1,1904,0,.
p134_small_hydroelectric_1,1906,0,.
p134_small_hydroelectric_1,1907,0,.
p134_small_hydroelectric_1,1910,0,.
p134_small_hydroelectric_1,1911,0,.
p134_small_hydroelectric_1,1912,1.46366839010543,.
p134_small_hydroelectric_1,1913,0.498674834897463,.
p134_small_hydroelectric_1,1916,0.249337417448731,.
p134_small_hydroelectric_1,1917,1.29805374646922,.
p134_small_hydroelectric_1,1918,0.607144667477697,.
p134_small_hydroelectric_1,1919,0,.
p134_small_hydroelectric_1,1920,0,.
p134_small_hydroelectric_1,1921,0,.
p134_small_hydroelectric_1,1923,1.7229445458232,.
p134_small_hydroelectric_1,1924,1.09586628142741,.
p134_small_hydroelectric_1,1925,2.54363087996756,.
p134_small_hydroelectric_1,1926,0,.
p134_small_hydroelectric_1,1927,0,.
p134_small_hydroelectric_1,1929,0.299204900938478,.
p134_small_hydroelectric_1,1935,0.485274736415247,.
p134_small_hydroelectric_1,1937,1.59530869829684,.
p134_small_hydroelectric_1,1938,0,.
p134_small_hydroelectric_1,1939,4.92538200738092,.
p134_small_hydroelectric_1,1941,0.0952326642335766,.
p134_small_hydroelectric_1,1942,0,.
p134_small_hydroelectric_1,1946,0,.
p134_small_hydroelectric_1,1948,0,.
p134_small_hydroelectric_1,1950,4.02439749383563,.
p134_small_hydroelectric_1,1956,0,.
p134_small_hydroelectric_1,1961,0,.
p134_small_hydroelectric_1,1980,0,.
p134_small_hydroelectric_1,1981,0,.
p134_small_hydroelectric_1,1982,0,.
p134_small_hydroelectric_1,1983,0,.
p134_small_hydroelectric_1,1984,0,.
p134_small_hydroelectric_1,1985,9.0366482000028,.
p134_small_hydroelectric_1,1986,1.48979876317924,.
p134_small_hydroelectric_1,1987,2.51026459854015,.
p134_small_hydroelectric_1,1988,13.067328163017,.
p134_small_hydroelectric_1,1989,1.68647354014599,.
p134_small_hydroelectric_1,1990,0,.
p134_small_hydroelectric_1,2004,0,.
p134_small_hydroelectric_1,2008,0,.
p134_small_hydroelectric_1,2009,1.02288625304136,.
p134_small_hydroelectric_1,2011,0,.
p134_small_hydroelectric_1,2013,3.98626317923763,.
p134_solar_photovoltaic_1,2017,14.3,.
p134_solar_photovoltaic_1,2020,49.4,.
p134_solar_photovoltaic_1,2021,143.7,.
p134_solar_photovoltaic_1,2022,167.9,.
p134_solar_photovoltaic_1,2023,144.2,.
p134_solar_photovoltaic_1,2024,285.8,.
p134_solar_photovoltaic_1,2025,7,.
p134_solar_photovoltaic_1,2026,118.1,.
p134_solar_photovoltaic_1,2029,17.1,.
p134_waste_heat_1,1987,11.7227037712895,.
p14_biomass_1,1981,7.59330182086663,.
p14_biomass_1,1991,7.23171601987298,.
p14_biomass_1,2012,1.7283302919708,.
p14_conventional_hydroelectric_1,1952,148.5,.
p14_conventional_hydroelectric_1,1953,146.3,.
p14_conventional_hydroelectric_1,1955,42,.
p14_conventional_hydroelectric_1,1989,2.1,.
p14_conventional_hydroelectric_1,1990,36,.
p14_natural_gas_fired_combined_cycle_1,2001,175,.
p14_natural_gas_fired_combined_cycle_2,2001,110,.
p14_natural_gas_fired_combustion_turbine_1,1994,175,.
p14_small_hydroelectric_1,1906,0,.
p14_small_hydroelectric_1,1907,0,.
p14_small_hydroelectric_1,1908,0,.
p14_small_hydroelectric_1,1921,0.241961407702899,.
p14_small_hydroelectric_1,1941,0.665393871182972,.
p14_small_hydroelectric_1,1950,0.665393871182972,.
p14_small_hydroelectric_1,1982,1.02833598273732,.
p15_batteries_1,2024,40,160
p15_batteries_1,2025,357,1428
p15_batteries_1,2026,50,200
p15_biomass_1,1983,2.17216646390916,.
p15_biomass_1,2007,2.34673280875813,.
p15_biomass_1,2009,1.91092609489051,.
p15_biomass_1,2024,0.590505464480874,.
p15_conventional_hydroelectric_1,1949,76.4,.
p15_conventional_hydroelectric_1,1950,57.82,.
p15_conventional_hydroelectric_1,1951,20,.
p15_conventional_hydroelectric_1,1952,91.55,.
p15_conventional_hydroelectric_1,1958,357.83,.
p15_conventional_hydroelectric_1,1959,120.13,.
p15_conventional_hydroelectric_1,1974,220,.
p15_conventional_hydroelectric_1,1975,180,.
p15_conventional_hydroelectric_1,1980,174.52,.
p15_conventional_hydroelectric_1,1988,48.7,.
p15_natural_gas_fired_combined_cycle_1,2012,202.21,.
p15_natural_gas_fired_combined_cycle_2,2012,99.42,.
p15_natural_gas_fired_combustion_turbine_1,2001,96.84,.
p15_natural_gas_fired_combustion_turbine_1,2005,215.2,.
p15_natural_gas_fired_combustion_turbine_1,2008,205.19,.
p15_onshore_wind_turbine_1,2008,42,.
p15_onshore_wind_turbine_1,2011,22.4,.
p15_onshore_wind_turbine_1,2012,138,.
p15_other_peaker_1,1948,2.2,.
p15_other_peaker_1,1968,6,.
p15_petroleum_liquids_1,1967,5.58,.
p15_small_hydroelectric_1,1920,4.7430163990458,.
p15_small_hydroelectric_1,1921,1.66732192574763,.
p15_small_hydroelectric_1,1925,6.77881690997567,.
p15_small_hydroelectric_1,1927,0,.
p15_small_hydroelectric_1,1937,1.84280852034003,.
p15_small_hydroelectric_1,1942,0,.
p15_small_hydroelectric_1,1948,17.4116125538401,.
p15_small_hydroelectric_1,1983,1.86493729396406,.
p15_small_hydroelectric_1,1984,0.483195585396693,.
p15_small_hydroelectric_1,1985,0.871147607461476,.
p15_small_hydroelectric_1,1986,0.644744058205975,.
p15_small_hydroelectric_1,1987,3.08164791159773,.
p15_small_hydroelectric_1,1988,1.56617497972425,.
p15_small_hydroelectric_1,1989,1.46256589618816,.
p15_small_hydroelectric_1,1990,5.21261856763597,.
p15_small_hydroelectric_1,1992,0.45691403081914,.
p15_small_hydroelectric_1,1993,5.66550081103001,.
p15_small_hydroelectric_1,1994,0.538815389294404,.
p15_small_hydroelectric_1,1995,4.5920645782644,.
p15_small_hydroelectric_1,1997,0,.
p15_small_hydroelectric_1,2004,0.903639497161395,.
p15_small_hydroelectric_1,2006,0.497744322789943,.
p15_small_hydroelectric_1,2010,0,.
p15_small_hydroelectric_1,2013,1.1,.
p15_small_hydroelectric_1,2015,0.602293694241687,.
p15_small_hydroelectric_1,2016,0.1,.
p15_small_hydroelectric_1,2020,1.61336328737392,.
p15_small_hydroelectric_1,2021,0.791153319644079,.
p15_solar_photovoltaic_1,2016,108,.
p15_solar_photovoltaic_1,2017,80,.
p15_solar_photovoltaic_1,2023,40,.
p15_solar_photovoltaic_1,2025,200,.
p15_solar_photovoltaic_1,2026,125,.
p16_batteries_1,2025,62,244
p16_biomass_1,2011,0.61989101784266,.
p16_biomass_1,2014,0.738437410892501,.
p16_biomass_1,2018,1.72043795620438,.
p16_biomass_1,2019,0.738437410892501,.
p16_biomass_1,2023,0.86021897810219,.
p16_conventional_hydroelectric_1,1923,33,.
p16_conventional_hydroelectric_1,1935,7.32,.
p16_conventional_hydroelectric_1,1957,132.3,.
p16_conventional_hydroelectric_1,1958,44.1,.
p16_conventional_hydroelectric_1,1978,50.1,.
p16_conventional_hydroelectric_1,1992,50.35,.
p16_conventional_hydroelectric_1,1995,44.3,.
p16_geothermal_1,2008,12.2,.
p16_natural_gas_fired_combustion_turbine_1,2015,5.3,.
p16_onshore_wind_turbine_1,2005,10.5,.
p16_onshore_wind_turbine_1,2006,64.5,.
p16_onshore_wind_turbine_1,2009,27.3,.
p16_onshore_wind_turbine_1,2010,205.8,.
p16_onshore_wind_turbine_1,2011,244.5,.
p16_onshore_wind_turbine_1,2012,213.3,.
p16_onshore_wind_turbine_1,2024,160,.
p16_onshore_wind_turbine_1,2027,153,.
p16_onshore_wind_turbine_1,2028,206,.
p16_other_peaker_1,1948,3.5,.
p16_other_peaker_1,1994,5,.
p16_other_peaker_1,2025,17.5,.
p16_small_hydroelectric_1,1915,0,.
p16_small_hydroelectric_1,1916,0,.
p16_small_hydroelectric_1,1917,1.44349169836537,.
p16_small_hydroelectric_1,1920,0,.
p16_small_hydroelectric_1,1924,0,.
p16_small_hydroelectric_1,1925,2.35235684178061,.
p16_small_hydroelectric_1,1937,8.53350494737031,.
p16_small_hydroelectric_1,1940,0.919315186536902,.
p16_small_hydroelectric_1,1946,0.25737353189976,.
p16_small_hydroelectric_1,1947,0.411797651039615,.
p16_small_hydroelectric_1,1982,14.1668060624493,.
p16_small_hydroelectric_1,1984,4.72794662771534,.
p16_small_hydroelectric_1,1986,4.26904543508363,.
p16_small_hydroelectric_1,1987,1.09790652879157,.
p16_small_hydroelectric_1,1988,13.2140105433901,.
p16_small_hydroelectric_1,1990,1.23013632215378,.
p16_small_hydroelectric_1,1993,6.00908607055961,.
p16_small_hydroelectric_1,1994,1.68208890916464,.
p16_small_hydroelectric_1,2014,0.759390206812652,.
p16_solar_photovoltaic_1,2017,40,.
p16_solar_photovoltaic_1,2019,1.6,.
p16_solar_photovoltaic_1,2022,120,.
p16_solar_photovoltaic_1,2024,100,.
p16_waste_heat_1,1986,3.6174346107056,.
p17_biomass_1,2009,0.661193212917351,.
p17_biomass_1,2013,2.29090632603406,.
p17_biomass_1,2023,0.661193212917351,.
p17_conventional_hydroelectric_1,1915,66,.
p17_conventional_hydroelectric_1,1916,14,.
p17_conventional_hydroelectric_1,1917,14,.
p17_conventional_hydroelectric_1,1938,70.6,.
p17_conventional_hydroelectric_1,1949,70.6,.
p17_conventional_hydroelectric_1,1952,214,.
p17_conventional_hydroelectric_1,1953,214,.
p17_conventional_hydroelectric_1,1954,86.6,.
p17_conventional_hydroelectric_1,1959,360.3,.
p17_conventional_hydroelectric_1,1960,120,.
p17_conventional_hydroelectric_1,1975,210,.
p17_conventional_hydroelectric_1,1976,210,.
p17_conventional_hydroelectric_1,1977,142.2,.
p17_conventional_hydroelectric_1,1984,105,.
p17_natural_gas_fired_combustion_turbine_1,2011,144.3,.
p17_other_peaker_1,2006,54,.
p17_small_hydroelectric_1,1910,0.512352780422441,.
p17_small_hydroelectric_1,1927,1.2168378535033,.
p17_small_hydroelectric_1,1928,1.2168378535033,.
p17_small_hydroelectric_1,1989,4.89066301703163,.
p17_small_hydroelectric_1,2013,1.38264142335766,.
p17_small_hydroelectric_1,2021,0,.
p17_small_hydroelectric_1,2022,0,.
p17_solar_photovoltaic_1,2023,80,.
p18_conventional_hydroelectric_1,1915,48,.
p18_conventional_hydroelectric_1,1916,23.5,.
p18_conventional_hydroelectric_1,1918,51.9,.
p18_conventional_hydroelectric_1,1930,49,.
p18_conventional_hydroelectric_1,1953,19.2,.
p18_conventional_hydroelectric_1,1954,38.4,.
p18_conventional_hydroelectric_1,1958,63,.
p18_conventional_hydroelectric_1,1966,287.5,.
p18_conventional_hydroelectric_1,2013,64,.
p18_conventional_steam_coal_1,2006,107,.
p18_onshore_wind_turbine_1,2006,9.72,.
p18_onshore_wind_turbine_1,2008,104.2,.
p18_onshore_wind_turbine_1,2009,101.4,.
p18_onshore_wind_turbine_1,2012,194.2,.
p18_onshore_wind_turbine_1,2014,10,.
p18_onshore_wind_turbine_1,2016,25,.
p18_onshore_wind_turbine_1,2018,112.8,.
p18_onshore_wind_turbine_1,2021,239.8,.
p18_onshore_wind_turbine_1,2025,96.8,.
p18_small_hydroelectric_1,1528,0,.
p18_small_hydroelectric_1,1915,0,.
p18_small_hydroelectric_1,1925,6.28715531224655,.
p18_small_hydroelectric_1,1927,0,.
p18_small_hydroelectric_1,1985,2,.
p18_small_hydroelectric_1,2004,5.61842305352798,.
p18_small_hydroelectric_1,2011,13,.
p18_small_hydroelectric_1,2019,0,.
p18_small_hydroelectric_1,2021,0,.
p18_small_hydroelectric_1,2022,0,.
p18_small_hydroelectric_1,2025,0,.
p18_solar_photovoltaic_1,2017,14,.
p18_solar_photovoltaic_1,2022,2,.
p18_solar_photovoltaic_1,2025,2,.
p19_conventional_hydroelectric_1,1943,50,.
p19_conventional_hydroelectric_1,1951,50,.
p19_conventional_hydroelectric_1,1961,98,.
p2_batteries_1,2020,1,4
p2_biomass_1,1948,1.65629594603718,.
p2_biomass_1,1954,2.29437717114987,.
p2_biomass_1,1957,3.33932238193018,.
p2_biomass_1,1958,6.12524139726962,.
p2_biomass_1,1966,6.96050158780638,.
p2_biomass_1,1976,4.00497790230302,.
p2_biomass_1,1986,1.19270421929825,.
p2_biomass_1,2003,13.7001089821573,.
p2_biomass_1,2022,1.12111513458029,.
p2_conventional_hydroelectric_1,1926,38,.
p2_conventional_hydroelectric_1,1930,30,.
p2_conventional_hydroelectric_1,1931,31,.
p2_conventional_hydroelectric_1,1932,50,.
p2_conventional_hydroelectric_1,1949,50,.
p2_conventional_hydroelectric_1,1952,30,.
p2_conventional_hydroelectric_1,1953,163.6,.
p2_conventional_hydroelectric_1,1958,313.7,.
p2_conventional_hydroelectric_1,1963,123,.
p2_conventional_hydroelectric_1,1968,322.3,.
p2_conventional_hydroelectric_1,1969,270,.
p2_conventional_hydroelectric_1,1970,405,.
p2_conventional_hydroelectric_1,1971,135,.
p2_conventional_hydroelectric_1,1975,397,.
p2_conventional_hydroelectric_1,1978,810,.
p2_conventional_hydroelectric_1,1979,405,.
p2_conventional_hydroelectric_1,1983,41,.
p2_conventional_hydroelectric_1,1994,70,.
p2_conventional_hydroelectric_1,2013,3.6,.
p2_natural_gas_fired_combined_cycle_1,1997,262,.
p2_natural_gas_fired_combined_cycle_1,2004,304.6,.
p2_natural_gas_fired_combined_cycle_1,2008,336,.
p2_natural_gas_fired_combined_cycle_2,1543,507,.
p2_natural_gas_fired_combined_cycle_2,2008,669,.
p2_nuclear_1,1984,1172,.
p2_onshore_wind_turbine_1,2001,176.9,.
p2_onshore_wind_turbine_1,2002,95,.
p2_onshore_wind_turbine_1,2005,149.4,.
p2_onshore_wind_turbine_1,2006,199,.
p2_onshore_wind_turbine_1,2007,360,.
p2_onshore_wind_turbine_1,2008,179.2,.
p2_onshore_wind_turbine_1,2009,497.4,.
p2_onshore_wind_turbine_1,2010,56,.
p2_onshore_wind_turbine_1,2011,198.8,.
p2_onshore_wind_turbine_1,2012,342.7,.
p2_onshore_wind_turbine_1,2014,266.8,.
p2_small_hydroelectric_1,1942,0.140596539162113,.
p2_small_hydroelectric_1,1956,5.5683799675588,.
p2_small_hydroelectric_1,1964,9.3908404298459,.
p2_small_hydroelectric_1,1982,0.3,.
p2_small_hydroelectric_1,1985,0.0618537104622871,.
p2_small_hydroelectric_1,1986,0.616458840227088,.
p2_small_hydroelectric_1,1987,0.666609628108601,.
p2_small_hydroelectric_1,1988,1.11066757907543,.
p2_small_hydroelectric_1,1994,3.25342153284672,.
p2_small_hydroelectric_1,1997,5.77734691808597,.
p2_small_hydroelectric_1,2006,4.82567923763179,.
p2_solar_photovoltaic_1,2020,2.3,.
p2_solar_photovoltaic_1,2022,150,.
p2_solar_photovoltaic_1,2024,80,.
p2_solar_photovoltaic_1,2026,80,.
p20_conventional_steam_coal_1,1990,40.5,.
p20_conventional_steam_coal_2,1984,740,.
p20_conventional_steam_coal_2,1986,740,.
p20_conventional_steam_coal_2,1995,55,.
p20_conventional_steam_coal_2,2011,1.5,.
p20_onshore_wind_turbine_1,2005,135,.
p20_onshore_wind_turbine_1,2012,60,.
p20_onshore_wind_turbine_1,2014,9.7,.
p20_onshore_wind_turbine_1,2018,1.6,.
p20_onshore_wind_turbine_1,2020,80,.
p20_onshore_wind_turbine_1,2022,365.5,.
p20_onshore_wind_turbine_1,2023,102.8,.
p20_onshore_wind_turbine_1,2024,100,.
p20_onshore_wind_turbine_1,2027,80,.
p20_other_peaker_1,2024,165.6,.
p20_solar_photovoltaic_1,2017,3,.
p20_solar_photovoltaic_1,2023,80,.
p21_conventional_steam_coal_1,1953,7,.
p21_conventional_steam_coal_1,1964,4,.
p21_conventional_steam_coal_1,1968,15,.
p21_conventional_steam_coal_1,1972,10,.
p21_conventional_steam_coal_1,1975,20,.
p21_conventional_steam_coal_1,1976,523,.
p21_conventional_steam_coal_1,1977,15,.
p21_conventional_steam_coal_1,1979,526,.
p21_conventional_steam_coal_2,1963,156,.
p21_conventional_steam_coal_2,1968,201,.
p21_natural_gas_fired_combustion_turbine_1,1983,2.5,.
p21_natural_gas_fired_combustion_turbine_1,1992,2.5,.
p21_natural_gas_fired_combustion_turbine_1,2005,106.5,.
p21_onshore_wind_turbine_1,2003,142.2,.
p21_onshore_wind_turbine_1,2008,141,.
p21_onshore_wind_turbine_1,2026,119,.
p21_other_peaker_1,1948,0.8,.
p21_other_peaker_1,1971,247,.
p21_other_peaker_1,1974,531,.
p21_other_peaker_1,1975,539,.
p21_other_peaker_1,2015,7,.
p21_other_peaker_1,2026,0.5,.
p21_petroleum_liquids_1,1967,2.7,.
p21_petroleum_liquids_1,1979,2,.
p21_small_hydroelectric_1,1922,2.15441251013788,.
p21_small_hydroelectric_1,1940,0.732765612327656,.
p21_small_hydroelectric_1,1948,2.24543795620438,.
p21_small_hydroelectric_1,1951,0.366382806163828,.
p21_small_hydroelectric_1,1952,0,.
p21_small_hydroelectric_1,1968,6.03159215328467,.
p21_small_hydroelectric_1,1983,1.04913688665856,.
p21_small_hydroelectric_1,1992,0,.
p21_small_hydroelectric_1,1994,1.84731092862936,.
p21_small_hydroelectric_1,2009,0.37863174466867,.
p21_small_hydroelectric_1,2010,0.425960712752254,.
p21_solar_photovoltaic_1,2018,92,.
p21_waste_heat_1,1986,4.7137584904704,.
p21_waste_heat_1,2018,1.70492980588921,.
p22_natural_gas_fired_combustion_turbine_1,2002,12,.
p23_conventional_steam_coal_1,1978,335,.
p23_conventional_steam_coal_1,1995,80,.
p23_conventional_steam_coal_1,2003,86,.
p23_conventional_steam_coal_1,2008,91,.
p23_conventional_steam_coal_2,2010,103,.
p23_conventional_steam_coal_2,2011,405,.
p23_natural_gas_fired_combustion_turbine_1,2000,37,.
p23_natural_gas_fired_combustion_turbine_1,2001,38,.
p23_natural_gas_fired_combustion_turbine_1,2002,36,.
p24_conventional_hydroelectric_1,1939,51.6,.
p24_conventional_hydroelectric_1,1950,24.4,.
p24_conventional_hydroelectric_1,1951,12.2,.
p24_conventional_hydroelectric_1,1955,41.4,.
p24_conventional_hydroelectric_1,1958,17.5,.
p24_conventional_hydroelectric_1,1959,19,.
p24_conventional_hydroelectric_1,1960,33.4,.
p24_conventional_hydroelectric_1,1961,33.4,.
p24_conventional_steam_coal_1,1530,220,.
p24_conventional_steam_coal_1,1959,99,.
p24_conventional_steam_coal_1,1961,106,.
p24_conventional_steam_coal_1,1972,330,.
p24_conventional_steam_coal_2,1981,1130,.
p24_conventional_steam_coal_2,1982,570,.
p24_natural_gas_fired_combined_cycle_1,2014,94,.
p24_natural_gas_fired_combustion_turbine_1,2014,37,.
p24_onshore_wind_turbine_1,2008,246.9,.
p24_onshore_wind_turbine_1,2009,423.5,.
p24_onshore_wind_turbine_1,2010,311,.
p24_onshore_wind_turbine_1,2016,80,.
p24_onshore_wind_turbine_1,2020,1061.2,.
p24_onshore_wind_turbine_1,2021,503.2,.
p24_onshore_wind_turbine_1,2023,105.7,.
p24_onshore_wind_turbine_1,2024,588.9,.
p24_onshore_wind_turbine_1,2025,1570.4,.
p24_onshore_wind_turbine_1,2029,1693.8,.
p24_onshore_wind_turbine_1,2030,1303.2,.
p24_onshore_wind_turbine_1,2031,553.5,.
p24_other_peaker_1,1925,0.4,.
p24_other_peaker_1,2024,2.2,.
p24_petroleum_liquids_1,1955,1.1,.
p24_small_hydroelectric_1,1927,0.91496150931355,.
p24_small_hydroelectric_1,1928,1.00961269993219,.
p24_solar_photovoltaic_1,2024,150,.
p24_solar_photovoltaic_1,2030,163,.
p25_batteries_1,2025,200,800
p25_batteries_1,2026,480,1920
p25_biomass_1,2006,2.86192214111922,.
p25_biomass_1,2009,4.24343572587186,.
p25_conventional_steam_coal_1,1525,1800,.
p25_conventional_steam_coal_1,1974,450,.
p25_conventional_steam_coal_1,1977,459,.
p25_conventional_steam_coal_1,1978,446,.
p25_conventional_steam_coal_1,1980,446,.
p25_conventional_steam_coal_1,1983,471,.
p25_conventional_steam_coal_2,1993,51,.
p25_geothermal_1,1984,23,.
p25_geothermal_1,2007,10.8,.
p25_geothermal_1,2013,39,.
p25_geothermal_1,2026,31,.
p25_geothermal_1,2027,61,.
p25_geothermal_1,2028,1.8,.
p25_natural_gas_fired_combined_cycle_1,2005,286,.
p25_natural_gas_fired_combined_cycle_1,2006,269,.
p25_natural_gas_fired_combined_cycle_1,2007,563,.
p25_natural_gas_fired_combined_cycle_1,2014,647.4,.
p25_natural_gas_fired_combined_cycle_1,2025,840,.
p25_natural_gas_fired_combined_cycle_2,2004,140,.
p25_natural_gas_fired_combustion_turbine_1,1532,122.1,.
p25_natural_gas_fired_combustion_turbine_1,1972,26,.
p25_natural_gas_fired_combustion_turbine_1,2001,113.1,.
p25_natural_gas_fired_combustion_turbine_1,2002,151.6,.
p25_natural_gas_fired_combustion_turbine_1,2004,30.2,.
p25_natural_gas_fired_combustion_turbine_1,2006,39,.
p25_natural_gas_fired_combustion_turbine_1,2008,6.6,.
p25_natural_gas_fired_combustion_turbine_1,2010,45.4,.
p25_natural_gas_fired_combustion_turbine_1,2012,27,.
p25_natural_gas_fired_combustion_turbine_1,2019,15,.
p25_natural_gas_fired_combustion_turbine_1,2025,10,.
p25_onshore_wind_turbine_1,2008,18.9,.
p25_onshore_wind_turbine_1,2009,203.5,.
p25_onshore_wind_turbine_1,2011,102,.
p25_onshore_wind_turbine_1,2016,63.8,.
p25_other_peaker_1,1532,237.5,.
p25_other_peaker_1,1986,12.5,.
p25_other_peaker_1,1988,5.2,.
p25_other_peaker_1,2004,3.8,.
p25_other_peaker_1,2006,1.9,.
p25_other_peaker_1,2007,7.7,.
p25_other_peaker_1,2008,4,.
p25_other_peaker_1,2016,5,.
p25_other_peaker_1,2018,12,.
p25_other_peaker_1,2022,20.4,.
p25_other_peaker_1,2024,7.5,.
p25_other_peaker_1,2026,12.6,.
p25_petroleum_liquids_1,1987,14,.
p25_petroleum_liquids_1,1999,12.2,.
p25_petroleum_liquids_1,2001,1.6,.
p25_small_hydroelectric_1,1896,0.611339213300892,.
p25_small_hydroelectric_1,1907,1.11876520681265,.
p25_small_hydroelectric_1,1910,1.74257400648824,.
p25_small_hydroelectric_1,1911,0.932253649635037,.
p25_small_hydroelectric_1,1912,0.487834549878346,.
p25_small_hydroelectric_1,1921,0.542013044065964,.
p25_small_hydroelectric_1,1925,0.231257603406326,.
p25_small_hydroelectric_1,1927,0,.
p25_small_hydroelectric_1,1937,0.0504030724769945,.
p25_small_hydroelectric_1,1939,0.0718838706407137,.
p25_small_hydroelectric_1,1958,1.69131015139227,.
p25_small_hydroelectric_1,1961,0.845655075696134,.
p25_small_hydroelectric_1,1964,0.271006522032982,.
p25_small_hydroelectric_1,1983,1.50092410964337,.
p25_small_hydroelectric_1,1984,0.297432583130576,.
p25_small_hydroelectric_1,1985,1.15085158150852,.
p25_small_hydroelectric_1,1986,2.01618258313058,.
p25_small_hydroelectric_1,1988,0.215524888483374,.
p25_small_hydroelectric_1,1989,0.153069241686942,.
p25_small_hydroelectric_1,1991,0.537712895377129,.
p25_small_hydroelectric_1,1993,0.3,.
p25_small_hydroelectric_1,1998,0.49014842076898,.
p25_small_hydroelectric_1,2021,0.023340400988999,.
p25_solar_photovoltaic_1,2012,1.3,.
p25_solar_photovoltaic_1,2015,165.1,.
p25_solar_photovoltaic_1,2016,688.5,.
p25_solar_photovoltaic_1,2017,1.3,.
p25_solar_photovoltaic_1,2018,2,.
p25_solar_photovoltaic_1,2020,279,.
p25_solar_photovoltaic_1,2021,264,.
p25_solar_photovoltaic_1,2022,81.5,.
p25_solar_photovoltaic_1,2023,79.7,.
p25_solar_photovoltaic_1,2024,561.1,.
p25_solar_photovoltaic_1,2025,318.1,.
p25_solar_photovoltaic_1,2026,400,.
p25_solar_photovoltaic_1,2027,419,.
p25_waste_heat_1,1995,8.81593947409981,.
p25_waste_heat_1,2016,5.18197485806975,.
p26_conventional_hydroelectric_1,1963,101.2,.
p26_conventional_hydroelectric_1,1964,50.6,.
p26_conventional_steam_coal_1,1986,458,.
p26_other_peaker_1,2002,1.9,.
p26_other_peaker_1,2003,3.8,.
p26_other_peaker_1,2004,1.4,.
p26_other_peaker_1,2015,4.2,.
p26_other_peaker_1,2022,2.5,.
p26_other_peaker_1,2023,1.5,.
p26_other_peaker_1,2024,2.2,.
p26_small_hydroelectric_1,1910,0.374348388077859,.
p26_small_hydroelectric_1,1920,0.356409671532847,.
p26_small_hydroelectric_1,1940,0.356409671532847,.
p26_small_hydroelectric_1,1958,4.50577858880779,.
p26_small_hydroelectric_1,1981,0.332715049675588,.
p26_small_hydroelectric_1,1987,0.906085259529603,.
p26_small_hydroelectric_1,2008,5.13301078028748,.
p26_solar_photovoltaic_1,2019,57.6,.
p26_solar_photovoltaic_1,2023,11,.
p27_batteries_1,2023,15,60
p27_batteries_1,2024,15,60
p27_batteries_1,2025,50,200
p27_conventional_hydroelectric_1,1936,2.7,.
p27_conventional_hydroelectric_1,1937,61.5,.
p27_conventional_hydroelectric_1,1939,260,.
p27_conventional_hydroelectric_1,1941,130,.
p27_conventional_hydroelectric_1,1942,130,.
p27_conventional_hydroelectric_1,1943,127,.
p27_conventional_hydroelectric_1,1951,254.8,.
p27_conventional_hydroelectric_1,1952,328.5,.
p27_natural_gas_fired_combined_cycle_1,2002,570,.
p27_natural_gas_fired_combined_cycle_2,2001,527,.
p27_natural_gas_fired_combustion_turbine_1,2008,90,.
p27_onshore_wind_turbine_1,2011,10,.
p27_onshore_wind_turbine_1,2020,350,.
p27_solar_photovoltaic_1,2011,1.5,.
p27_solar_photovoltaic_1,2012,9,.
p27_solar_photovoltaic_1,2015,4.4,.
p27_solar_photovoltaic_1,2016,10.9,.
p27_solar_photovoltaic_1,2017,4.4,.
p27_solar_photovoltaic_1,2018,55,.
p27_solar_photovoltaic_1,2023,17.6,.
p28_batteries_1,2018,10,40
p28_batteries_1,2021,25,100
p28_batteries_1,2023,860,3001
p28_batteries_1,2024,1136,4553.3
p28_batteries_1,2025,3061.8,12256
p28_batteries_1,2026,1284.4,5137.6
p28_biomass_1,2008,10.2985754620123,.
p28_biomass_1,2012,2.28545721816707,.
p28_conventional_hydroelectric_1,1927,31.7,.
p28_conventional_hydroelectric_1,1942,60,.
p28_conventional_hydroelectric_1,1943,60,.
p28_conventional_hydroelectric_1,1964,495,.
p28_conventional_hydroelectric_1,1965,495,.
p28_conventional_hydroelectric_1,1966,322,.
p28_conventional_hydroelectric_1,1973,34,.
p28_conventional_steam_coal_1,1979,175,.
p28_hydroelectric_pumped_storage_1,1971,57.3,888.15
p28_hydroelectric_pumped_storage_1,1972,119,1844.5
p28_hydroelectric_pumped_storage_1,1993,40,620
p28_natural_gas_fired_combined_cycle_1,1994,53.9,.
p28_natural_gas_fired_combined_cycle_1,2001,769,.
p28_natural_gas_fired_combined_cycle_1,2002,1928,.
p28_natural_gas_fired_combined_cycle_1,2003,4259,.
p28_natural_gas_fired_combined_cycle_1,2004,1100.3,.
p28_natural_gas_fired_combined_cycle_1,2005,684,.
p28_natural_gas_fired_combined_cycle_1,2006,332.9,.
p28_natural_gas_fired_combined_cycle_2,1974,310.5,.
p28_natural_gas_fired_combined_cycle_2,1975,103.5,.
p28_natural_gas_fired_combined_cycle_2,1976,255,.
p28_natural_gas_fired_combustion_turbine_1,1963,10,.
p28_natural_gas_fired_combustion_turbine_1,1971,100.5,.
p28_natural_gas_fired_combustion_turbine_1,1972,189,.
p28_natural_gas_fired_combustion_turbine_1,1973,348,.
p28_natural_gas_fired_combustion_turbine_1,1974,164,.
p28_natural_gas_fired_combustion_turbine_1,1975,150,.
p28_natural_gas_fired_combustion_turbine_1,2002,550,.
p28_natural_gas_fired_combustion_turbine_1,2008,90,.
p28_natural_gas_fired_combustion_turbine_1,2011,572.4,.
p28_natural_gas_fired_combustion_turbine_1,2019,530.9,.
p28_natural_gas_fired_combustion_turbine_1,2022,194.4,.
p28_natural_gas_fired_combustion_turbine_1,2024,99,.
p28_natural_gas_fired_combustion_turbine_1,2025,84.6,.
p28_natural_gas_fired_combustion_turbine_1,2026,90,.
p28_nuclear_1,1986,2669,.
p28_nuclear_1,1988,1334,.
p28_onshore_wind_turbine_1,2009,63,.
p28_onshore_wind_turbine_1,2010,65.1,.
p28_onshore_wind_turbine_1,2012,99.2,.
p28_onshore_wind_turbine_1,2015,30,.
p28_onshore_wind_turbine_1,2023,238.2,.
p28_onshore_wind_turbine_1,2024,379,.
p28_other_peaker_1,1957,113,.
p28_other_peaker_1,1958,113,.
p28_other_peaker_1,1959,75,.
p28_other_peaker_1,1961,184,.
p28_other_peaker_1,1964,72,.
p28_other_peaker_1,1979,175,.
p28_other_peaker_1,2000,1.6,.
p28_petroleum_liquids_1,1972,18,.
p28_petroleum_liquids_1,1974,54,.
p28_petroleum_liquids_1,1978,22,.
p28_petroleum_liquids_1,1990,1.5,.
p28_small_hydroelectric_1,1926,3.80350136861314,.
p28_small_hydroelectric_1,1930,2.68169606650446,.
p28_small_hydroelectric_1,1981,0.0185269667477697,.
p28_small_hydroelectric_1,1993,0,.
p28_solar_photovoltaic_1,1535,3.1,.
p28_solar_photovoltaic_1,2001,0.2,.
p28_solar_photovoltaic_1,2002,3,.
p28_solar_photovoltaic_1,2003,0.1,.
p28_solar_photovoltaic_1,2008,0.6,.
p28_solar_photovoltaic_1,2009,1,.
p28_solar_photovoltaic_1,2011,131.6,.
p28_solar_photovoltaic_1,2012,448,.
p28_solar_photovoltaic_1,2013,209.2,.
p28_solar_photovoltaic_1,2014,170.6,.
p28_solar_photovoltaic_1,2015,115.2,.
p28_solar_photovoltaic_1,2016,341,.
p28_solar_photovoltaic_1,2017,99.6,.
p28_solar_photovoltaic_1,2018,24.4,.
p28_solar_photovoltaic_1,2019,29.8,.
p28_solar_photovoltaic_1,2020,295.4,.
p28_solar_photovoltaic_1,2021,251.4,.
p28_solar_photovoltaic_1,2022,200,.
p28_solar_photovoltaic_1,2023,780.4,.
p28_solar_photovoltaic_1,2024,1246.5,.
p28_solar_photovoltaic_1,2025,1650.1,.
p28_solar_photovoltaic_1,2026,1367.5,.
p29_conventional_steam_coal_1,1530,381,.
p29_conventional_steam_coal_1,1532,406,.
p29_conventional_steam_coal_1,2006,417,.
p29_conventional_steam_coal_1,2009,415,.
p29_conventional_steam_coal_2,1532,762,.
p29_solar_photovoltaic_1,2001,3.7,.
p29_solar_photovoltaic_1,2010,1.6,.
p29_solar_photovoltaic_1,2014,8.5,.
p3_biomass_1,1983,18.2241116244581,.
p3_biomass_1,1991,13.8246020884023,.
p3_conventional_hydroelectric_1,1908,8.8,.
p3_conventional_hydroelectric_1,1910,41.2,.
p3_conventional_hydroelectric_1,1911,10.8,.
p3_conventional_hydroelectric_1,1915,44.9,.
p3_conventional_hydroelectric_1,1919,22.5,.
p3_conventional_hydroelectric_1,1924,22.1,.
p3_conventional_hydroelectric_1,1955,90,.
p3_conventional_hydroelectric_1,1962,180,.
p3_conventional_hydroelectric_1,1967,680.9,.
p3_conventional_hydroelectric_1,1975,174,.
p3_conventional_hydroelectric_1,1976,87,.
p3_conventional_hydroelectric_1,1985,232,.
p3_conventional_hydroelectric_1,1986,232,.
p3_conventional_hydroelectric_1,1994,20,.
p3_natural_gas_fired_combustion_turbine_1,1535,66,.
p3_natural_gas_fired_combustion_turbine_1,2002,8,.
p3_onshore_wind_turbine_1,2012,105.3,.
p3_onshore_wind_turbine_1,2020,144,.
p3_other_peaker_1,2002,24.6,.
p3_other_peaker_1,2005,2,.
p3_petroleum_liquids_1,2005,1.7,.
p3_petroleum_liquids_1,2009,1,.
p3_small_hydroelectric_1,1915,0.848398639136556,.
p3_small_hydroelectric_1,1922,7.05905312246553,.
p3_small_hydroelectric_1,1936,0,.
p3_small_hydroelectric_1,1982,6.1,.
p3_small_hydroelectric_1,1983,2.2,.
p3_small_hydroelectric_1,1984,0,.
p3_small_hydroelectric_1,1985,2.3,.
p3_small_hydroelectric_1,1986,0.860236719383617,.
p3_small_hydroelectric_1,1992,10.3972146188159,.
p3_small_hydroelectric_1,2006,0.282799546378852,.
p3_solar_photovoltaic_1,2018,19.2,.
p30_batteries_1,2017,20,12.5
p30_batteries_1,2021,30,60
p30_batteries_1,2025,200,800
p30_natural_gas_fired_combined_cycle_1,2002,6.6,.
p30_natural_gas_fired_combined_cycle_2,2002,5,.
p30_natural_gas_fired_combustion_turbine_1,1972,134,.
p30_natural_gas_fired_combustion_turbine_1,1989,44.4,.
p30_natural_gas_fired_combustion_turbine_1,2001,98.8,.
p30_natural_gas_fired_combustion_turbine_1,2006,21.2,.
p30_other_peaker_1,1962,104,.
p30_other_peaker_1,1967,156,.
p30_other_peaker_1,2019,93.5,.
p30_other_peaker_1,2020,93.5,.
p30_solar_photovoltaic_1,2009,3,.
p30_solar_photovoltaic_1,2010,2.4,.
p30_solar_photovoltaic_1,2011,7.4,.
p30_solar_photovoltaic_1,2012,34.5,.
p30_solar_photovoltaic_1,2013,38,.
p30_solar_photovoltaic_1,2014,48.6,.
p30_solar_photovoltaic_1,2016,17.5,.
p30_solar_photovoltaic_1,2017,3.3,.
p30_solar_photovoltaic_1,2018,1,.
p30_solar_photovoltaic_1,2019,2.4,.
p30_solar_photovoltaic_1,2021,100,.
p30_solar_photovoltaic_1,2022,15.1,.
p31_batteries_1,2011,0.8,1.3
p31_batteries_1,2018,1,1
p31_batteries_1,2022,13.5,29
p31_batteries_1,2023,223.7,895
p31_batteries_1,2024,450,1961.4
p31_batteries_1,2025,337.4,1349.6
p31_batteries_1,2026,440,1760
p31_biomass_1,1987,0.583034662602132,.
p31_biomass_1,2002,1.16606932520426,.
p31_biomass_1,2008,1.20645348032368,.
p31_conventional_steam_coal_1,1531,770,.
p31_conventional_steam_coal_2,1531,770,.
p31_geothermal_1,2013,2.8,.
p31_geothermal_1,2018,11,.
p31_natural_gas_fired_combined_cycle_1,2006,611,.
p31_natural_gas_fired_combined_cycle_2,1959,15.5,.
p31_natural_gas_fired_combined_cycle_2,2001,40,.
p31_natural_gas_fired_combined_cycle_2,2002,156,.
p31_natural_gas_fired_combined_cycle_2,2005,67,.
p31_natural_gas_fired_combined_cycle_2,2007,103.4,.
p31_natural_gas_fired_combustion_turbine_1,1996,4.5,.
p31_natural_gas_fired_combustion_turbine_1,2000,149,.
p31_natural_gas_fired_combustion_turbine_1,2002,85.4,.
p31_natural_gas_fired_combustion_turbine_1,2003,182.4,.
p31_natural_gas_fired_combustion_turbine_1,2005,6.3,.
p31_natural_gas_fired_combustion_turbine_1,2008,150.2,.
p31_natural_gas_fired_combustion_turbine_1,2013,93,.
p31_natural_gas_fired_combustion_turbine_1,2014,7,.
p31_natural_gas_fired_combustion_turbine_1,2015,41,.
p31_onshore_wind_turbine_1,2006,90,.
p31_onshore_wind_turbine_1,2009,100,.
p31_onshore_wind_turbine_1,2010,102.4,.
p31_onshore_wind_turbine_1,2011,50.4,.
p31_onshore_wind_turbine_1,2017,298,.
p31_onshore_wind_turbine_1,2018,50.9,.
p31_onshore_wind_turbine_1,2021,1458.2,.
p31_onshore_wind_turbine_1,2022,145,.
p31_onshore_wind_turbine_1,2026,3650.2,.
p31_other_peaker_1,1526,47,.
p31_other_peaker_1,1527,48,.
p31_other_peaker_1,1533,147,.
p31_other_peaker_1,1960,83,.
p31_other_peaker_1,1962,63,.
p31_other_peaker_1,1987,1.1,.
p31_other_peaker_1,2002,2.2,.
p31_petroleum_liquids_1,1967,14.5,.
p31_petroleum_liquids_1,1971,2.9,.
p31_petroleum_liquids_1,1972,11.6,.
p31_small_hydroelectric_1,1940,0,.
p31_small_hydroelectric_1,1988,1.01002382400649,.
p31_small_hydroelectric_1,1989,0,.
p31_small_hydroelectric_1,2011,0,.
p31_solar_photovoltaic_1,2010,30.6,.
p31_solar_photovoltaic_1,2011,49.4,.
p31_solar_photovoltaic_1,2012,31.7,.
p31_solar_photovoltaic_1,2013,27.4,.
p31_solar_photovoltaic_1,2014,55,.
p31_solar_photovoltaic_1,2015,59.9,.
p31_solar_photovoltaic_1,2017,38.2,.
p31_solar_photovoltaic_1,2018,35.4,.
p31_solar_photovoltaic_1,2019,102.1,.
p31_solar_photovoltaic_1,2020,62.1,.
p31_solar_photovoltaic_1,2021,3,.
p31_solar_photovoltaic_1,2022,67,.
p31_solar_photovoltaic_1,2023,277.5,.
p31_solar_photovoltaic_1,2024,1190,.
p31_solar_photovoltaic_1,2025,440.8,.
p31_solar_photovoltaic_1,2026,380,.
p31_waste_heat_1,2011,0.7,.
p32_natural_gas_fired_combustion_turbine_1,1977,50,.
p32_natural_gas_fired_combustion_turbine_1,1978,25,.
p32_natural_gas_fired_combustion_turbine_1,1979,25,.
p32_natural_gas_fired_combustion_turbine_1,2002,38,.
p32_onshore_wind_turbine_1,2020,103.5,.
p32_other_peaker_1,2026,97.8,.
p32_petroleum_liquids_1,1965,10,.
p32_small_hydroelectric_1,1912,0.745868815896188,.
p32_solar_photovoltaic_1,2023,80,.
p32_solar_photovoltaic_1,2024,128,.
p33_batteries_1,2018,4,16
p33_batteries_1,2021,1,2
p33_batteries_1,2024,112.1,548.2
p33_batteries_1,2025,20,60
p33_biomass_1,1985,0.538835747996927,.
p33_biomass_1,2000,1.39199234899206,.
p33_biomass_1,2008,2.41640054744526,.
p33_biomass_1,2011,2.12790196674777,.
p33_conventional_hydroelectric_1,1950,51.6,.
p33_conventional_hydroelectric_1,1954,124.2,.
p33_conventional_hydroelectric_1,2012,0.8,.
p33_conventional_hydroelectric_1,2016,0.2,.
p33_conventional_steam_coal_1,1525,427,.
p33_conventional_steam_coal_1,1530,858,.
p33_conventional_steam_coal_1,1981,505,.
p33_conventional_steam_coal_2,1530,721,.
p33_hydroelectric_pumped_storage_1,1954,8.5,131.75
p33_hydroelectric_pumped_storage_1,1967,340,5270
p33_hydroelectric_pumped_storage_1,1981,115,1782.5
p33_hydroelectric_pumped_storage_1,1984,115,1782.5
p33_natural_gas_fired_combined_cycle_1,1990,30,.
p33_natural_gas_fired_combined_cycle_1,1994,78,.
p33_natural_gas_fired_combined_cycle_1,1999,60,.
p33_natural_gas_fired_combined_cycle_1,2000,78,.
p33_natural_gas_fired_combined_cycle_1,2002,138.6,.
p33_natural_gas_fired_combined_cycle_2,1992,33,.
p33_natural_gas_fired_combined_cycle_2,1994,610.4,.
p33_natural_gas_fired_combined_cycle_2,1996,173,.
p33_natural_gas_fired_combined_cycle_2,1998,314,.
p33_natural_gas_fired_combined_cycle_2,1999,171,.
p33_natural_gas_fired_combined_cycle_2,2001,169,.
p33_natural_gas_fired_combined_cycle_2,2004,637,.
p33_natural_gas_fired_combined_cycle_2,2015,600,.
p33_natural_gas_fired_combustion_turbine_1,1530,169,.
p33_natural_gas_fired_combustion_turbine_1,1990,5.6,.
p33_natural_gas_fired_combustion_turbine_1,2000,313,.
p33_natural_gas_fired_combustion_turbine_1,2001,41,.
p33_natural_gas_fired_combustion_turbine_1,2002,345,.
p33_natural_gas_fired_combustion_turbine_1,2003,292,.
p33_natural_gas_fired_combustion_turbine_1,2004,65,.
p33_natural_gas_fired_combustion_turbine_1,2007,310,.
p33_natural_gas_fired_combustion_turbine_1,2008,128,.
p33_natural_gas_fired_combustion_turbine_1,2009,310,.
p33_natural_gas_fired_combustion_turbine_1,2025,172.2,.
p33_onshore_wind_turbine_1,2001,29.7,.
p33_onshore_wind_turbine_1,2006,60,.
p33_onshore_wind_turbine_1,2007,701,.
p33_onshore_wind_turbine_1,2009,174.3,.
p33_onshore_wind_turbine_1,2011,248.3,.
p33_onshore_wind_turbine_1,2012,71,.
p33_onshore_wind_turbine_1,2013,25.1,.
p33_onshore_wind_turbine_1,2014,62.6,.
p33_onshore_wind_turbine_1,2020,171.7,.
p33_onshore_wind_turbine_1,2021,205,.
p33_onshore_wind_turbine_1,2022,145,.
p33_other_peaker_1,1527,310,.
p33_other_peaker_1,1947,3,.
p33_other_peaker_1,1976,10,.
p33_other_peaker_1,1977,10,.
p33_other_peaker_1,1983,20,.
p33_other_peaker_1,2002,110.4,.
p33_other_peaker_1,2008,112.82,.
p33_other_peaker_1,2022,4,.
p33_petroleum_liquids_1,1945,0.2,.
p33_petroleum_liquids_1,1946,0.2,.
p33_petroleum_liquids_1,1951,0.7,.
p33_petroleum_liquids_1,1964,1.1,.
p33_petroleum_liquids_1,1990,2.8,.
p33_small_hydroelectric_1,1906,0.134035381184104,.
p33_small_hydroelectric_1,1908,0.134035381184104,.
p33_small_hydroelectric_1,1909,6.72113240064882,.
p33_small_hydroelectric_1,1931,0.846516099595881,.
p33_small_hydroelectric_1,1943,0,.
p33_small_hydroelectric_1,1951,3.31364051094891,.
p33_small_hydroelectric_1,1959,1.55022774012281,.
p33_small_hydroelectric_1,1962,3.90903791565288,.
p33_small_hydroelectric_1,1985,2.74106599756691,.
p33_small_hydroelectric_1,1986,0.725985908353609,.
p33_small_hydroelectric_1,1987,2.05191859286294,.
p33_small_hydroelectric_1,1988,1.12247820356853,.
p33_small_hydroelectric_1,1993,1.48490457725061,.
p33_small_hydroelectric_1,2000,1.00190085158151,.
p33_small_hydroelectric_1,2004,0.870754764801298,.
p33_small_hydroelectric_1,2007,1.63942327518661,.
p33_small_hydroelectric_1,2012,0.160614717298111,.
p33_small_hydroelectric_1,2013,0.985236719383617,.
p33_small_hydroelectric_1,2022,1.779485428051,.
p33_solar_photovoltaic_1,2008,1.8,.
p33_solar_photovoltaic_1,2009,4.7,.
p33_solar_photovoltaic_1,2010,3.9,.
p33_solar_photovoltaic_1,2011,3.4,.
p33_solar_photovoltaic_1,2012,1.8,.
p33_solar_photovoltaic_1,2013,0.8,.
p33_solar_photovoltaic_1,2014,3.8,.
p33_solar_photovoltaic_1,2015,11.9,.
p33_solar_photovoltaic_1,2016,66.8,.
p33_solar_photovoltaic_1,2017,32,.
p33_solar_photovoltaic_1,2018,67.5,.
p33_solar_photovoltaic_1,2019,37.3,.
p33_solar_photovoltaic_1,2020,14.4,.
p33_solar_photovoltaic_1,2021,139.8,.
p33_solar_photovoltaic_1,2022,25,.
p33_solar_photovoltaic_1,2023,107,.
p33_solar_photovoltaic_1,2024,48.3,.
p33_solar_photovoltaic_1,2025,353.2,.
p33_solar_photovoltaic_1,2026,107,.
p34_batteries_1,2018,4.2,8.5
p34_batteries_1,2023,225,900
p34_conventional_hydroelectric_1,1967,86.4,.
p34_conventional_hydroelectric_1,1970,86.6,.
p34_conventional_hydroelectric_1,1971,86.6,.
p34_conventional_hydroelectric_1,1978,35,.
p34_conventional_steam_coal_1,1530,195,.
p34_conventional_steam_coal_2,1525,330,.
p34_conventional_steam_coal_2,2010,766,.
p34_natural_gas_fired_combined_cycle_1,2012,188,.
p34_natural_gas_fired_combined_cycle_2,2003,480,.
p34_natural_gas_fired_combustion_turbine_1,1530,35,.
p34_natural_gas_fired_combustion_turbine_1,1999,64,.
p34_natural_gas_fired_combustion_turbine_1,2001,252,.
p34_natural_gas_fired_combustion_turbine_1,2002,150,.
p34_natural_gas_fired_combustion_turbine_1,2012,180,.
p34_natural_gas_fired_combustion_turbine_1,2016,40,.
p34_natural_gas_fired_combustion_turbine_1,2023,150,.
p34_onshore_wind_turbine_1,2003,162,.
p34_onshore_wind_turbine_1,2004,7,.
p34_onshore_wind_turbine_1,2007,75,.
p34_onshore_wind_turbine_1,2010,52.8,.
p34_onshore_wind_turbine_1,2011,252,.
p34_onshore_wind_turbine_1,2012,429,.
p34_onshore_wind_turbine_1,2013,8,.
p34_onshore_wind_turbine_1,2014,200.6,.
p34_onshore_wind_turbine_1,2015,400,.
p34_onshore_wind_turbine_1,2016,60.8,.
p34_onshore_wind_turbine_1,2017,75,.
p34_onshore_wind_turbine_1,2018,582.3,.
p34_onshore_wind_turbine_1,2019,59.4,.
p34_onshore_wind_turbine_1,2020,776.1,.
p34_onshore_wind_turbine_1,2021,104,.
p34_onshore_wind_turbine_1,2023,199,.
p34_onshore_wind_turbine_1,2026,600,.
p34_other_peaker_1,1953,16,.
p34_other_peaker_1,1954,16,.
p34_other_peaker_1,1957,22,.
p34_other_peaker_1,1966,3.8,.
p34_petroleum_liquids_1,1941,0.6,.
p34_petroleum_liquids_1,1950,0.7,.
p34_petroleum_liquids_1,1951,2,.
p34_petroleum_liquids_1,1960,0.8,.
p34_petroleum_liquids_1,1964,18,.
p34_petroleum_liquids_1,1965,1.2,.
p34_petroleum_liquids_1,1967,2.5,.
p34_petroleum_liquids_1,1977,120,.
p34_petroleum_liquids_1,1993,0.8,.
p34_petroleum_liquids_1,1999,5.4,.
p34_petroleum_liquids_1,2000,0.3,.
p34_petroleum_liquids_1,2002,10,.
p34_petroleum_liquids_1,2007,1.8,.
p34_small_hydroelectric_1,1527,0.152857261341959,.
p34_small_hydroelectric_1,1905,0.325347935204198,.
p34_small_hydroelectric_1,1906,0.824519649238468,.
p34_small_hydroelectric_1,1925,0.0958662814274128,.
p34_small_hydroelectric_1,1927,0.72412139433647,.
p34_small_hydroelectric_1,1939,0.72412139433647,.
p34_small_hydroelectric_1,1989,2.23443836171938,.
p34_small_hydroelectric_1,1992,0.386582522303325,.
p34_small_hydroelectric_1,1993,1.54660888077859,.
p34_small_hydroelectric_1,1997,7.38122212084347,.
p34_small_hydroelectric_1,2006,0.144824278867294,.
p34_small_hydroelectric_1,2013,0.4,.
p34_small_hydroelectric_1,2014,0.9,.
p34_small_hydroelectric_1,2015,3.21759681670722,.
p34_small_hydroelectric_1,2017,2.4,.
p34_small_hydroelectric_1,2019,2.30538443988136,.
p34_solar_photovoltaic_1,1558,140,.
p34_solar_photovoltaic_1,2007,5.72,.
p34_solar_photovoltaic_1,2008,0.8,.
p34_solar_photovoltaic_1,2010,19,.
p34_solar_photovoltaic_1,2011,40.5,.
p34_solar_photovoltaic_1,2012,31,.
p34_solar_photovoltaic_1,2015,54,.
p34_solar_photovoltaic_1,2016,160,.
p34_solar_photovoltaic_1,2017,9.4,.
p34_solar_photovoltaic_1,2018,3,.
p34_solar_photovoltaic_1,2019,37,.
p34_solar_photovoltaic_1,2020,68,.
p34_solar_photovoltaic_1,2021,243.6,.
p34_solar_photovoltaic_1,2022,210,.
p34_solar_photovoltaic_1,2023,766.7,.
p34_solar_photovoltaic_1,2024,1.7,.
p34_solar_photovoltaic_1,2025,80,.
p34_solar_photovoltaic_1,2026,335,.
p34_solar_photovoltaic_1,2029,300,.
p34_waste_heat_1,1984,2.70061728395062,.
p35_natural_gas_fired_combustion_turbine_1,1972,27.5,.
p35_natural_gas_fired_combustion_turbine_1,1979,40.9,.
p35_natural_gas_fired_combustion_turbine_1,2003,43.2,.
p35_natural_gas_fired_combustion_turbine_1,2010,95,.
p35_onshore_wind_turbine_1,2007,30,.
p35_onshore_wind_turbine_1,2024,207.9,.
p35_other_peaker_1,2016,18.2,.
p35_waste_heat_1,2006,18.7172068323661,.
p35_waste_heat_1,2008,3.9300578944487,.
p35_waste_heat_1,2009,11.7901736833461,.
p36_conventional_hydroelectric_1,1956,306,.
p36_conventional_hydroelectric_1,1960,204,.
p36_conventional_steam_coal_1,1984,450,.
p36_conventional_steam_coal_1,1986,450,.
p36_conventional_steam_coal_2,1966,220,.
p36_conventional_steam_coal_2,1970,237,.
p36_conventional_steam_coal_2,1975,440,.
p36_conventional_steam_coal_2,1977,455,.
p36_conventional_steam_coal_2,1981,433.3,.
p36_natural_gas_fired_combustion_turbine_1,2013,90,.
p36_natural_gas_fired_combustion_turbine_1,2014,191,.
p36_natural_gas_fired_combustion_turbine_1,2015,90,.
p36_natural_gas_fired_combustion_turbine_1,2017,90,.
p36_natural_gas_fired_combustion_turbine_1,2021,45,.
p36_natural_gas_fired_combustion_turbine_1,2024,118.8,.
p36_natural_gas_fired_combustion_turbine_1,2025,456.4,.
p36_onshore_wind_turbine_1,2005,31.5,.
p36_onshore_wind_turbine_1,2006,68.6,.
p36_onshore_wind_turbine_1,2007,48,.
p36_onshore_wind_turbine_1,2008,180,.
p36_onshore_wind_turbine_1,2009,49.5,.
p36_onshore_wind_turbine_1,2010,158.7,.
p36_onshore_wind_turbine_1,2012,255,.
p36_onshore_wind_turbine_1,2015,309.3,.
p36_onshore_wind_turbine_1,2016,404,.
p36_onshore_wind_turbine_1,2017,249.3,.
p36_onshore_wind_turbine_1,2018,48,.
p36_onshore_wind_turbine_1,2019,306.7,.
p36_onshore_wind_turbine_1,2020,499.4,.
p36_onshore_wind_turbine_1,2021,298.8,.
p36_onshore_wind_turbine_1,2024,198.8,.
p36_onshore_wind_turbine_1,2025,450,.
p36_other_peaker_1,1954,5.6,.
p36_other_peaker_1,1958,2.8,.
p36_other_peaker_1,2017,106.8,.
p36_other_peaker_1,2025,109.8,.
p36_waste_heat_1,2009,4.2545747161395,.
p37_biomass_1,1983,0.070382197891322,.
p37_conventional_steam_coal_1,1965,6,.
p37_conventional_steam_coal_1,1990,13.3,.
p37_conventional_steam_coal_2,1979,568.3,.
p37_conventional_steam_coal_2,1980,573.9,.
p37_onshore_wind_turbine_1,2003,61.5,.
p37_onshore_wind_turbine_1,2005,11.9,.
p37_onshore_wind_turbine_1,2007,159,.
p37_onshore_wind_turbine_1,2008,237,.
p37_onshore_wind_turbine_1,2009,438.5,.
p37_onshore_wind_turbine_1,2010,62.4,.
p37_onshore_wind_turbine_1,2015,147.9,.
p37_onshore_wind_turbine_1,2016,190.2,.
p37_onshore_wind_turbine_1,2018,100,.
p37_other_peaker_1,2014,96.9,.
p37_petroleum_liquids_1,1937,0.6,.
p37_petroleum_liquids_1,1949,0.8,.
p37_petroleum_liquids_1,1956,2.6,.
p37_petroleum_liquids_1,1976,27.7,.
p37_petroleum_liquids_1,1978,25.87,.
p37_petroleum_liquids_1,2000,1.5,.
p37_petroleum_liquids_1,2001,1.3,.
p37_petroleum_liquids_1,2002,4,.
p37_petroleum_liquids_1,2016,6,.
p38_batteries_1,2018,0.8,0.8
p38_biomass_1,2018,1.46352171136654,.
p38_conventional_hydroelectric_1,1954,180,.
p38_conventional_hydroelectric_1,1955,135,.
p38_conventional_hydroelectric_1,1956,45,.
p38_conventional_hydroelectric_1,1962,408,.
p38_conventional_hydroelectric_1,1963,306,.
p38_conventional_hydroelectric_1,1964,130,.
p38_conventional_hydroelectric_1,1965,260,.
p38_conventional_hydroelectric_1,1966,130,.
p38_conventional_steam_coal_1,1975,491.29,.
p38_natural_gas_fired_combined_cycle_1,2012,150,.
p38_natural_gas_fired_combined_cycle_2,2012,150,.
p38_natural_gas_fired_combustion_turbine_1,1540,233,.
p38_natural_gas_fired_combustion_turbine_1,2005,168,.
p38_natural_gas_fired_combustion_turbine_1,2006,95,.
p38_natural_gas_fired_combustion_turbine_1,2008,93,.
p38_natural_gas_fired_combustion_turbine_1,2013,60,.
p38_natural_gas_fired_combustion_turbine_1,2021,288.79,.
p38_onshore_wind_turbine_1,2003,40.5,.
p38_onshore_wind_turbine_1,2009,126.4,.
p38_onshore_wind_turbine_1,2010,309,.
p38_onshore_wind_turbine_1,2011,172,.
p38_onshore_wind_turbine_1,2014,19.5,.
p38_onshore_wind_turbine_1,2015,174.3,.
p38_onshore_wind_turbine_1,2018,40,.
p38_onshore_wind_turbine_1,2019,497.5,.
p38_onshore_wind_turbine_1,2020,662.4,.
p38_onshore_wind_turbine_1,2021,607.6,.
p38_onshore_wind_turbine_1,2022,297.6,.
p38_onshore_wind_turbine_1,2023,400,.
p38_other_peaker_1,1974,2.2,.
p38_other_peaker_1,1975,6.5,.
p38_other_peaker_1,2019,3.6,.
p38_other_peaker_1,2021,3.9,.
p38_other_peaker_1,2022,55.2,.
p38_petroleum_liquids_1,1963,2,.
p38_petroleum_liquids_1,1969,2.5,.
p38_petroleum_liquids_1,1970,2.7,.
p38_petroleum_liquids_1,1974,2.8,.
p38_petroleum_liquids_1,1975,0.6,.
p38_petroleum_liquids_1,1978,227.35,.
p38_petroleum_liquids_1,2001,1.7,.
p38_petroleum_liquids_1,2002,1,.
p38_petroleum_liquids_1,2004,6.5,.
p38_solar_photovoltaic_1,2016,1,.
p38_solar_photovoltaic_1,2025,4.9,.
p39_conventional_hydroelectric_1,1984,41,.
p39_onshore_wind_turbine_1,2018,30,.
p39_other_peaker_1,1949,1.1,.
p39_other_peaker_1,1955,2.5,.
p39_other_peaker_1,2023,5.6,.
p39_petroleum_liquids_1,1931,0.6,.
p39_petroleum_liquids_1,1982,1,.
p39_solar_photovoltaic_1,2020,4.4,.
p4_conventional_hydroelectric_1,1941,145,.
p4_conventional_hydroelectric_1,1942,250,.
p4_conventional_hydroelectric_1,1943,375,.
p4_conventional_hydroelectric_1,1944,125,.
p4_conventional_hydroelectric_1,1947,125,.
p4_conventional_hydroelectric_1,1948,125,.
p4_conventional_hydroelectric_1,1949,375,.
p4_conventional_hydroelectric_1,1950,375,.
p4_conventional_hydroelectric_1,1951,385,.
p4_conventional_hydroelectric_1,1955,352.8,.
p4_conventional_hydroelectric_1,1956,264.6,.
p4_conventional_hydroelectric_1,1957,441,.
p4_conventional_hydroelectric_1,1958,352.8,.
p4_conventional_hydroelectric_1,1959,285,.
p4_conventional_hydroelectric_1,1960,475,.
p4_conventional_hydroelectric_1,1961,924.3,.
p4_conventional_hydroelectric_1,1967,618,.
p4_conventional_hydroelectric_1,1968,84,.
p4_conventional_hydroelectric_1,1969,173,.
p4_conventional_hydroelectric_1,1973,259.8,.
p4_conventional_hydroelectric_1,1974,259.8,.
p4_conventional_hydroelectric_1,1975,690,.
p4_conventional_hydroelectric_1,1976,1380,.
p4_conventional_hydroelectric_1,1977,285,.
p4_conventional_hydroelectric_1,1978,1185,.
p4_conventional_hydroelectric_1,1979,1185,.
p4_conventional_hydroelectric_1,1980,805,.
p4_conventional_hydroelectric_1,1985,92,.
p4_conventional_hydroelectric_1,2011,122,.
p4_conventional_hydroelectric_1,2012,244,.
p4_conventional_hydroelectric_1,2013,122,.
p4_conventional_hydroelectric_1,2014,122,.
p4_conventional_hydroelectric_1,2015,122,.
p4_conventional_hydroelectric_1,2016,122,.
p4_conventional_hydroelectric_1,2017,122,.
p4_conventional_hydroelectric_1,2018,122,.
p4_conventional_hydroelectric_1,2020,122,.
p4_hydroelectric_pumped_storage_1,1973,100,1550
p4_hydroelectric_pumped_storage_1,1983,160.5,2487.75
p4_hydroelectric_pumped_storage_1,1984,53.5,829.25
p4_small_hydroelectric_1,1985,3.20100364963504,.
p4_small_hydroelectric_1,1987,26.8,.
p4_small_hydroelectric_1,1990,2.06006957116788,.
p4_solar_photovoltaic_1,2026,130,.
p40_batteries_1,2020,1.5,3
p40_batteries_1,2022,1,2.1
p40_conventional_hydroelectric_1,1936,45,.
p40_conventional_hydroelectric_1,1956,68,.
p40_conventional_hydroelectric_1,1957,34,.
p40_conventional_steam_coal_1,1981,76,.
p40_conventional_steam_coal_1,1982,100,.
p40_conventional_steam_coal_1,2011,220,.
p40_conventional_steam_coal_2,1979,665,.
p40_conventional_steam_coal_2,1982,700,.
p40_conventional_steam_coal_2,2010,61,.
p40_natural_gas_fired_combined_cycle_1,2005,219.5,.
p40_natural_gas_fired_combustion_turbine_1,1968,14.8,.
p40_natural_gas_fired_combustion_turbine_1,1972,18,.
p40_natural_gas_fired_combustion_turbine_1,2003,90,.
p40_onshore_wind_turbine_1,2005,59.4,.
p40_onshore_wind_turbine_1,2009,81,.
p40_onshore_wind_turbine_1,2011,123.4,.
p40_onshore_wind_turbine_1,2012,119.9,.
p40_onshore_wind_turbine_1,2014,275.6,.
p40_onshore_wind_turbine_1,2015,80.2,.
p40_onshore_wind_turbine_1,2016,437.5,.
p40_onshore_wind_turbine_1,2017,98.3,.
p40_onshore_wind_turbine_1,2018,530,.
p40_onshore_wind_turbine_1,2019,162.5,.
p40_onshore_wind_turbine_1,2020,165,.
p40_onshore_wind_turbine_1,2021,385.7,.
p40_onshore_wind_turbine_1,2022,603.6,.
p40_other_peaker_1,1947,0.9,.
p40_other_peaker_1,1951,1.7,.
p40_other_peaker_1,1952,0.7,.
p40_other_peaker_1,1953,0.6,.
p40_other_peaker_1,1955,2.6,.
p40_other_peaker_1,1956,1.5,.
p40_other_peaker_1,1957,15,.
p40_other_peaker_1,1958,99.3,.
p40_other_peaker_1,1959,1.2,.
p40_other_peaker_1,1960,1.7,.
p40_other_peaker_1,1961,2,.
p40_other_peaker_1,1963,0.9,.
p40_other_peaker_1,1965,2.3,.
p40_other_peaker_1,1966,1.8,.
p40_other_peaker_1,1967,24.9,.
p40_other_peaker_1,1968,1.1,.
p40_other_peaker_1,1969,2.6,.
p40_other_peaker_1,1970,4.3,.
p40_other_peaker_1,1972,1.3,.
p40_other_peaker_1,1973,6.1,.
p40_other_peaker_1,1974,2.5,.
p40_other_peaker_1,1975,1.2,.
p40_other_peaker_1,1976,0.8,.
p40_other_peaker_1,1992,1.2,.
p40_petroleum_liquids_1,1915,0.5,.
p40_petroleum_liquids_1,1936,0.5,.
p40_petroleum_liquids_1,1945,0.7,.
p40_petroleum_liquids_1,1947,1.4,.
p40_petroleum_liquids_1,1949,0.8,.
p40_petroleum_liquids_1,1951,0.8,.
p40_petroleum_liquids_1,1953,1.5,.
p40_petroleum_liquids_1,1954,0.4,.
p40_petroleum_liquids_1,1955,0.6,.
p40_petroleum_liquids_1,1956,2.4,.
p40_petroleum_liquids_1,1957,0.4,.
p40_petroleum_liquids_1,1959,3.1,.
p40_petroleum_liquids_1,1960,5.5,.
p40_petroleum_liquids_1,1961,1.4,.
p40_petroleum_liquids_1,1963,2,.
p40_petroleum_liquids_1,1964,0.9,.
p40_petroleum_liquids_1,1966,5.3,.
p40_petroleum_liquids_1,1968,9.5,.
p40_petroleum_liquids_1,1969,0.8,.
p40_petroleum_liquids_1,1971,1.1,.
p40_petroleum_liquids_1,1972,1.3,.
p40_petroleum_liquids_1,1973,92.1,.
p40_petroleum_liquids_1,1975,1.3,.
p40_petroleum_liquids_1,1980,1,.
p40_petroleum_liquids_1,1983,1,.
p40_petroleum_liquids_1,1987,1.3,.
p40_petroleum_liquids_1,1994,0.5,.
p40_petroleum_liquids_1,1996,5.5,.
p40_petroleum_liquids_1,1997,5.2,.
p40_petroleum_liquids_1,1998,6.6,.
p40_petroleum_liquids_1,1999,1.1,.
p40_petroleum_liquids_1,2005,4,.
p40_petroleum_liquids_1,2006,1,.
p40_petroleum_liquids_1,2010,3,.
p40_small_hydroelectric_1,1919,0.00176462388483374,.
p40_small_hydroelectric_1,1921,0.0408936536901865,.
p40_small_hydroelectric_1,1935,0,.
p40_small_hydroelectric_1,1936,1,.
p40_small_hydroelectric_1,1941,11.0746401054339,.
p40_small_hydroelectric_1,1956,0.00176462388483374,.
p40_solar_photovoltaic_1,2016,2.3,.
p40_solar_photovoltaic_1,2017,7.4,.
p40_solar_photovoltaic_1,2019,0.3,.
p40_solar_photovoltaic_1,2021,3,.
p40_solar_photovoltaic_1,2022,8.5,.
p40_solar_photovoltaic_1,2023,4,.
p40_solar_photovoltaic_1,2024,9.9,.
p40_solar_photovoltaic_1,2025,2,.
p41_batteries_1,2021,1.4,6
p41_batteries_1,2023,1,2.4
p41_biomass_1,1525,5.25517396114675,.
p41_biomass_1,1985,0.428734962151933,.
p41_biomass_1,2001,0.214367481075966,.
p41_biomass_1,2014,4.8,.
p41_conventional_steam_coal_1,1957,15.5,.
p41_conventional_steam_coal_1,1961,104,.
p41_conventional_steam_coal_1,1963,122.8,.
p41_conventional_steam_coal_1,1965,112,.
p41_conventional_steam_coal_1,1968,174.9,.
p41_conventional_steam_coal_1,1976,82,.
p41_conventional_steam_coal_2,1979,650.3,.
p41_conventional_steam_coal_2,2009,687.2,.
p41_natural_gas_fired_combined_cycle_1,2003,48,.
p41_natural_gas_fired_combined_cycle_1,2004,76.6,.
p41_natural_gas_fired_combustion_turbine_1,1972,153.5,.
p41_natural_gas_fired_combustion_turbine_1,1975,72,.
p41_natural_gas_fired_combustion_turbine_1,1996,117.6,.
p41_natural_gas_fired_combustion_turbine_1,1997,91,.
p41_natural_gas_fired_combustion_turbine_1,2000,127.1,.
p41_natural_gas_fired_combustion_turbine_1,2001,96,.
p41_natural_gas_fired_combustion_turbine_1,2003,334.8,.
p41_natural_gas_fired_combustion_turbine_1,2025,442.08,.
p41_natural_gas_fired_combustion_turbine_1,2028,221,.
p41_natural_gas_fired_combustion_turbine_1,2029,663.04,.
p41_nuclear_1,1974,768.5,.
p41_onshore_wind_turbine_1,2010,60,.
p41_onshore_wind_turbine_1,2013,74.8,.
p41_onshore_wind_turbine_1,2020,230,.
p41_other_peaker_1,1526,186.4,.
p41_other_peaker_1,1946,0.8,.
p41_other_peaker_1,1947,1.1,.
p41_other_peaker_1,1950,1.4,.
p41_other_peaker_1,1952,2.2,.
p41_other_peaker_1,1955,2,.
p41_other_peaker_1,1957,2.7,.
p41_other_peaker_1,1958,2,.
p41_other_peaker_1,1960,2.1,.
p41_other_peaker_1,1964,1.7,.
p41_other_peaker_1,1965,2.3,.
p41_other_peaker_1,1968,1.4,.
p41_other_peaker_1,1969,5,.
p41_other_peaker_1,1970,1.6,.
p41_other_peaker_1,1971,3.6,.
p41_other_peaker_1,1972,5.9,.
p41_other_peaker_1,1973,4.4,.
p41_other_peaker_1,1974,5.8,.
p41_other_peaker_1,1979,5.8,.
p41_other_peaker_1,1982,6,.
p41_other_peaker_1,1988,7.9,.
p41_other_peaker_1,1993,2.4,.
p41_other_peaker_1,1998,8,.
p41_other_peaker_1,2018,9.3,.
p41_other_peaker_1,2025,151.2,.
p41_petroleum_liquids_1,1930,0.6,.
p41_petroleum_liquids_1,1936,0.4,.
p41_petroleum_liquids_1,1937,0.9,.
p41_petroleum_liquids_1,1948,0.6,.
p41_petroleum_liquids_1,1949,1,.
p41_petroleum_liquids_1,1953,2.2,.
p41_petroleum_liquids_1,1960,1.5,.
p41_petroleum_liquids_1,1967,3.3,.
p41_petroleum_liquids_1,1973,176,.
p41_petroleum_liquids_1,1982,2.4,.
p41_petroleum_liquids_1,1987,5.6,.
p41_petroleum_liquids_1,1993,3.7,.
p41_petroleum_liquids_1,1996,3.4,.
p41_petroleum_liquids_1,1997,3.2,.
p41_petroleum_liquids_1,1998,4.2,.
p41_petroleum_liquids_1,2004,1.6,.
p41_petroleum_liquids_1,2020,4,.
p41_solar_photovoltaic_1,2016,4,.
p41_solar_photovoltaic_1,2018,2.3,.
p41_solar_photovoltaic_1,2019,5,.
p41_solar_photovoltaic_1,2021,1.4,.
p41_solar_photovoltaic_1,2023,1,.
p41_solar_photovoltaic_1,2024,81,.
p42_biomass_1,2015,17.1791073998616,.
p42_conventional_hydroelectric_1,1924,3.2,.
p42_conventional_hydroelectric_1,1946,11,.
p42_conventional_steam_coal_1,1948,3,.
p42_conventional_steam_coal_1,1954,3.5,.
p42_conventional_steam_coal_1,1961,2,.
p42_conventional_steam_coal_1,1975,3,.
p42_conventional_steam_coal_1,1990,7.5,.
p42_natural_gas_fired_combustion_turbine_1,2003,50,.
p42_onshore_wind_turbine_1,1999,0.7,.
p42_onshore_wind_turbine_1,2001,2.6,.
p42_onshore_wind_turbine_1,2014,50,.
p42_onshore_wind_turbine_1,2020,4.6,.
p42_petroleum_liquids_1,1948,1.2,.
p42_petroleum_liquids_1,1952,1,.
p42_petroleum_liquids_1,1956,1.9,.
p42_petroleum_liquids_1,1968,9.6,.
p42_petroleum_liquids_1,2001,1.2,.
p42_petroleum_liquids_1,2005,1.3,.
p42_petroleum_liquids_1,2007,3.8,.
p42_petroleum_liquids_1,2011,10,.
p42_small_hydroelectric_1,1927,0.144866606714628,.
p42_solar_photovoltaic_1,2020,5,.
p42_solar_photovoltaic_1,2024,1,.
p43_batteries_1,2018,15,30
p43_batteries_1,2022,1,3
p43_batteries_1,2025,1.2,4.8
p43_batteries_1,2027,10,40
p43_biomass_1,1527,7.31098347526359,.
p43_biomass_1,1949,0.962711903985932,.
p43_biomass_1,1951,0.962711903985932,.
p43_biomass_1,1976,3.17419223237123,.
p43_biomass_1,1987,0.449801063115082,.
p43_biomass_1,1989,11.4681227189781,.
p43_biomass_1,1997,7.52737015105177,.
p43_biomass_1,2001,2.72073619917534,.
p43_biomass_1,2003,8.9520129384631,.
p43_biomass_1,2008,1.87228805504866,.
p43_biomass_1,2009,4.59616408150852,.
p43_biomass_1,2010,1.51592341478435,.
p43_biomass_1,2012,0.541476581508516,.
p43_biomass_1,2013,2.04304985169975,.
p43_conventional_hydroelectric_1,1907,37.5,.
p43_conventional_hydroelectric_1,1914,12.1,.
p43_conventional_hydroelectric_1,1919,11.9,.
p43_conventional_hydroelectric_1,1949,14.7,.
p43_conventional_hydroelectric_1,2025,4,.
p43_conventional_steam_coal_1,1530,511,.
p43_conventional_steam_coal_1,1973,352,.
p43_conventional_steam_coal_1,1980,585,.
p43_conventional_steam_coal_2,1530,680,.
p43_conventional_steam_coal_2,1534,876,.
p43_natural_gas_fired_combined_cycle_1,1531,298,.
p43_natural_gas_fired_combined_cycle_1,1994,51,.
p43_natural_gas_fired_combined_cycle_1,1997,266,.
p43_natural_gas_fired_combined_cycle_1,2005,182,.
p43_natural_gas_fired_combined_cycle_1,2007,108,.
p43_natural_gas_fired_combined_cycle_1,2019,49.9,.
p43_natural_gas_fired_combined_cycle_2,1987,158,.
p43_natural_gas_fired_combined_cycle_2,2008,580,.
p43_natural_gas_fired_combined_cycle_2,2009,342,.
p43_natural_gas_fired_combustion_turbine_1,1530,357,.
p43_natural_gas_fired_combustion_turbine_1,1558,225,.
p43_natural_gas_fired_combustion_turbine_1,1975,30.2,.
p43_natural_gas_fired_combustion_turbine_1,1982,16.6,.
p43_natural_gas_fired_combustion_turbine_1,1996,4.5,.
p43_natural_gas_fired_combustion_turbine_1,2001,63.3,.
p43_natural_gas_fired_combustion_turbine_1,2002,49.9,.
p43_natural_gas_fired_combustion_turbine_1,2005,351,.
p43_natural_gas_fired_combustion_turbine_1,2007,170,.
p43_natural_gas_fired_combustion_turbine_1,2008,362,.
p43_natural_gas_fired_combustion_turbine_1,2009,200,.
p43_natural_gas_fired_combustion_turbine_1,2017,22,.
p43_nuclear_1,1971,646,.
p43_nuclear_1,1974,1092,.
p43_onshore_wind_turbine_1,2002,32,.
p43_onshore_wind_turbine_1,2003,8,.
p43_onshore_wind_turbine_1,2004,4.6,.
p43_onshore_wind_turbine_1,2005,0.7,.
p43_onshore_wind_turbine_1,2006,1.6,.
p43_onshore_wind_turbine_1,2008,25,.
p43_onshore_wind_turbine_1,2009,4,.
p43_onshore_wind_turbine_1,2010,20,.
p43_onshore_wind_turbine_1,2011,73.8,.
p43_onshore_wind_turbine_1,2016,78,.
p43_onshore_wind_turbine_1,2018,0.8,.
p43_onshore_wind_turbine_1,2026,252,.
p43_other_peaker_1,1944,0.6,.
p43_other_peaker_1,1951,4,.
p43_other_peaker_1,1953,98,.
p43_other_peaker_1,1957,1.2,.
p43_other_peaker_1,1962,2.4,.
p43_other_peaker_1,1965,11.6,.
p43_other_peaker_1,1968,9.6,.
p43_other_peaker_1,1969,13.1,.
p43_other_peaker_1,1971,2.7,.
p43_other_peaker_1,1972,5.7,.
p43_other_peaker_1,1974,4.4,.
p43_other_peaker_1,1980,9.5,.
p43_other_peaker_1,1982,5.9,.
p43_other_peaker_1,1985,19.5,.
p43_other_peaker_1,1996,6.5,.
p43_other_peaker_1,1998,10,.
p43_other_peaker_1,2013,9.3,.
p43_other_peaker_1,2017,46.5,.
p43_other_peaker_1,2018,85.3,.
p43_other_peaker_1,2019,21.6,.
p43_other_peaker_1,2025,28.2,.
p43_petroleum_liquids_1,1526,3.6,.
p43_petroleum_liquids_1,1945,0.8,.
p43_petroleum_liquids_1,1946,0.8,.
p43_petroleum_liquids_1,1948,2.1,.
p43_petroleum_liquids_1,1953,1,.
p43_petroleum_liquids_1,1957,1,.
p43_petroleum_liquids_1,1963,7.1,.
p43_petroleum_liquids_1,1966,3.2,.
p43_petroleum_liquids_1,1967,8.5,.
p43_petroleum_liquids_1,1969,11.6,.
p43_petroleum_liquids_1,1972,1.1,.
p43_petroleum_liquids_1,1973,8.7,.
p43_petroleum_liquids_1,1974,1.3,.
p43_petroleum_liquids_1,1975,6.3,.
p43_petroleum_liquids_1,1978,165.1,.
p43_petroleum_liquids_1,1980,0.8,.
p43_petroleum_liquids_1,1985,5.6,.
p43_petroleum_liquids_1,1989,1.2,.
p43_petroleum_liquids_1,1994,3,.
p43_petroleum_liquids_1,1995,1.9,.
p43_petroleum_liquids_1,1997,5.4,.
p43_petroleum_liquids_1,1998,9.6,.
p43_petroleum_liquids_1,1999,15.1,.
p43_petroleum_liquids_1,2000,12,.
p43_petroleum_liquids_1,2001,6,.
p43_petroleum_liquids_1,2002,21,.
p43_petroleum_liquids_1,2003,11,.
p43_petroleum_liquids_1,2004,15.1,.
p43_petroleum_liquids_1,2005,12.1,.
p43_petroleum_liquids_1,2006,4.8,.
p43_petroleum_liquids_1,2009,10.2,.
p43_petroleum_liquids_1,2010,11.5,.
p43_petroleum_liquids_1,2011,10.8,.
p43_petroleum_liquids_1,2012,6.3,.
p43_petroleum_liquids_1,2014,0.9,.
p43_petroleum_liquids_1,2020,3.3,.
p43_petroleum_liquids_1,2021,12.4,.
p43_petroleum_liquids_1,2022,4,.
p43_petroleum_liquids_1,2023,1.8,.
p43_petroleum_liquids_1,2028,3.1,.
p43_small_hydroelectric_1,1906,0,.
p43_small_hydroelectric_1,1913,0.810041565287916,.
p43_small_hydroelectric_1,1914,0.8,.
p43_small_hydroelectric_1,1915,0.405020782643958,.
p43_small_hydroelectric_1,1917,0.883715178095373,.
p43_small_hydroelectric_1,1919,0,.
p43_small_hydroelectric_1,1920,0.337582385603951,.
p43_small_hydroelectric_1,1922,1.28853659772912,.
p43_small_hydroelectric_1,1923,2.71708070670206,.
p43_small_hydroelectric_1,1924,6.24493106244931,.
p43_small_hydroelectric_1,1925,0,.
p43_small_hydroelectric_1,1929,1,.
p43_small_hydroelectric_1,1936,0.113993440853268,.
p43_small_hydroelectric_1,1940,0.136792129023921,.
p43_small_hydroelectric_1,1943,0.8,.
p43_small_hydroelectric_1,1950,1.6,.
p43_small_hydroelectric_1,1954,0,.
p43_small_hydroelectric_1,1955,0,.
p43_small_hydroelectric_1,1979,0,.
p43_small_hydroelectric_1,1980,1.4,.
p43_small_hydroelectric_1,1984,1.42770427818329,.
p43_small_hydroelectric_1,1985,0,.
p43_small_hydroelectric_1,1988,5.2958857872651,.
p43_small_hydroelectric_1,1992,2.04435320356853,.
p43_small_hydroelectric_1,2011,0,.
p43_solar_photovoltaic_1,2015,2.3,.
p43_solar_photovoltaic_1,2016,242.3,.
p43_solar_photovoltaic_1,2017,159.4,.
p43_solar_photovoltaic_1,2018,195.4,.
p43_solar_photovoltaic_1,2019,137.6,.
p43_solar_photovoltaic_1,2020,99.1,.
p43_solar_photovoltaic_1,2021,58.7,.
p43_solar_photovoltaic_1,2022,33.6,.
p43_solar_photovoltaic_1,2023,128.6,.
p43_solar_photovoltaic_1,2024,231.7,.
p43_solar_photovoltaic_1,2025,250,.
p43_solar_photovoltaic_1,2026,250,.
p43_waste_heat_1,2006,2.43964022793323,.
p44_batteries_1,2024,5,30.6
p44_conventional_steam_coal_1,1976,7.5,.
p44_onshore_wind_turbine_1,1998,103.5,.
p44_onshore_wind_turbine_1,1999,131,.
p44_onshore_wind_turbine_1,2000,3.8,.
p44_onshore_wind_turbine_1,2001,25.8,.
p44_onshore_wind_turbine_1,2002,7.4,.
p44_onshore_wind_turbine_1,2003,71,.
p44_onshore_wind_turbine_1,2004,10.2,.
p44_onshore_wind_turbine_1,2005,1.7,.
p44_onshore_wind_turbine_1,2006,32.7,.
p44_onshore_wind_turbine_1,2007,224.4,.
p44_onshore_wind_turbine_1,2008,152,.
p44_onshore_wind_turbine_1,2009,49.5,.
p44_onshore_wind_turbine_1,2010,204.5,.
p44_onshore_wind_turbine_1,2011,81.2,.
p44_onshore_wind_turbine_1,2012,230,.
p44_onshore_wind_turbine_1,2017,200,.
p44_onshore_wind_turbine_1,2018,44.6,.
p44_onshore_wind_turbine_1,2019,100,.
p44_onshore_wind_turbine_1,2020,455,.
p44_onshore_wind_turbine_1,2021,200,.
p44_onshore_wind_turbine_1,2022,231.9,.
p44_onshore_wind_turbine_1,2023,91.5,.
p44_other_peaker_1,1974,6,.
p44_petroleum_liquids_1,1967,3.5,.
p44_petroleum_liquids_1,1969,18.9,.
p44_petroleum_liquids_1,1970,2.1,.
p44_petroleum_liquids_1,2001,1.9,.
p44_petroleum_liquids_1,2002,14,.
p44_petroleum_liquids_1,2003,12,.
p44_petroleum_liquids_1,2005,2,.
p44_petroleum_liquids_1,2022,6.2,.
p44_small_hydroelectric_1,1932,0.0995871537612213,.
p44_small_hydroelectric_1,1940,0.0995871537612213,.
p44_small_hydroelectric_1,1986,0.348555038164274,.
p44_small_hydroelectric_1,2013,0.0821277710191944,.
p44_solar_photovoltaic_1,2013,1.7,.
p44_solar_photovoltaic_1,2017,78.8,.
p44_solar_photovoltaic_1,2018,17,.
p44_solar_photovoltaic_1,2019,8,.
p44_solar_photovoltaic_1,2020,6,.
p44_solar_photovoltaic_1,2021,9.4,.
p44_solar_photovoltaic_1,2022,8,.
p44_solar_photovoltaic_1,2023,10.7,.
p44_solar_photovoltaic_1,2024,16.8,.
p44_solar_photovoltaic_1,2025,7,.
p45_batteries_1,2022,1.4,9.1
p45_biomass_1,1987,0.408567191421401,.
p45_biomass_1,2006,2.05763619601582,.
p45_conventional_steam_coal_1,1978,705.9,.
p45_conventional_steam_coal_1,2007,805.8,.
p45_conventional_steam_coal_2,1975,514,.
p45_conventional_steam_coal_2,1979,651,.
p45_natural_gas_fired_combined_cycle_1,2004,604.2,.
p45_natural_gas_fired_combustion_turbine_1,2004,182.4,.
p45_natural_gas_fired_combustion_turbine_1,2007,46.7,.
p45_onshore_wind_turbine_1,1527,80,.
p45_onshore_wind_turbine_1,1999,224.2,.
p45_onshore_wind_turbine_1,2000,2.3,.
p45_onshore_wind_turbine_1,2002,98,.
p45_onshore_wind_turbine_1,2003,43.5,.
p45_onshore_wind_turbine_1,2004,160.5,.
p45_onshore_wind_turbine_1,2005,166,.
p45_onshore_wind_turbine_1,2006,99,.
p45_onshore_wind_turbine_1,2007,273.2,.
p45_onshore_wind_turbine_1,2008,789.7,.
p45_onshore_wind_turbine_1,2009,745.7,.
p45_onshore_wind_turbine_1,2011,136.9,.
p45_onshore_wind_turbine_1,2012,179,.
p45_onshore_wind_turbine_1,2014,250,.
p45_onshore_wind_turbine_1,2015,520.7,.
p45_onshore_wind_turbine_1,2016,550.3,.
p45_onshore_wind_turbine_1,2017,3.6,.
p45_onshore_wind_turbine_1,2018,103.5,.
p45_onshore_wind_turbine_1,2019,699.3,.
p45_onshore_wind_turbine_1,2020,1184.1,.
p45_onshore_wind_turbine_1,2021,80,.
p45_onshore_wind_turbine_1,2022,670,.
p45_onshore_wind_turbine_1,2025,214.3,.
p45_other_peaker_1,1960,43.6,.
p45_other_peaker_1,1969,7.1,.
p45_other_peaker_1,2018,5,.
p45_other_peaker_1,2019,4,.
p45_other_peaker_1,2023,2.7,.
p45_other_peaker_1,2026,5,.
p45_petroleum_liquids_1,1525,1.4,.
p45_petroleum_liquids_1,1928,0.4,.
p45_petroleum_liquids_1,1946,1.1,.
p45_petroleum_liquids_1,1948,0.3,.
p45_petroleum_liquids_1,1949,1.1,.
p45_petroleum_liquids_1,1950,0.7,.
p45_petroleum_liquids_1,1954,2,.
p45_petroleum_liquids_1,1958,1.3,.
p45_petroleum_liquids_1,1959,1,.
p45_petroleum_liquids_1,1962,1.3,.
p45_petroleum_liquids_1,1965,6.5,.
p45_petroleum_liquids_1,1966,0.9,.
p45_petroleum_liquids_1,1968,5.8,.
p45_petroleum_liquids_1,1970,24.1,.
p45_petroleum_liquids_1,1971,2.1,.
p45_petroleum_liquids_1,1973,2,.
p45_petroleum_liquids_1,1976,6.1,.
p45_petroleum_liquids_1,1979,5.7,.
p45_petroleum_liquids_1,1987,2.3,.
p45_petroleum_liquids_1,1990,1.1,.
p45_petroleum_liquids_1,1991,97.9,.
p45_petroleum_liquids_1,1994,8.8,.
p45_petroleum_liquids_1,1995,3.6,.
p45_petroleum_liquids_1,1997,5.4,.
p45_petroleum_liquids_1,1998,1.8,.
p45_petroleum_liquids_1,1999,7.6,.
p45_petroleum_liquids_1,2000,33,.
p45_petroleum_liquids_1,2001,14,.
p45_petroleum_liquids_1,2002,2,.
p45_petroleum_liquids_1,2003,4,.
p45_petroleum_liquids_1,2005,4,.
p45_petroleum_liquids_1,2006,3.8,.
p45_petroleum_liquids_1,2012,6.9,.
p45_petroleum_liquids_1,2013,11.6,.
p45_petroleum_liquids_1,2016,1.8,.
p45_petroleum_liquids_1,2018,4.2,.
p45_petroleum_liquids_1,2022,3.1,.
p45_petroleum_liquids_1,2024,2,.
p45_solar_photovoltaic_1,2019,3,.
p45_solar_photovoltaic_1,2022,111,.
p46_biomass_1,1530,2.2766414909435,.
p46_biomass_1,1952,3.72680829567182,.
p46_biomass_1,2006,1.47037519193538,.
p46_biomass_1,2007,0.490125063978459,.
p46_biomass_1,2012,0.530831812652068,.
p46_biomass_1,2013,1.01761481143552,.
p46_conventional_steam_coal_1,1979,392.5,.
p46_natural_gas_fired_combustion_turbine_1,2001,84.7,.
p46_natural_gas_fired_combustion_turbine_1,2025,230.8,.
p46_other_peaker_1,1957,23,.
p46_other_peaker_1,1966,2.1,.
p46_other_peaker_1,1972,3,.
p46_other_peaker_1,1987,3,.
p46_other_peaker_1,2001,9.7,.
p46_other_peaker_1,2025,47,.
p46_petroleum_liquids_1,1530,159,.
p46_petroleum_liquids_1,1930,0.2,.
p46_petroleum_liquids_1,1939,0.6,.
p46_petroleum_liquids_1,1940,0.4,.
p46_petroleum_liquids_1,1945,0.7,.
p46_petroleum_liquids_1,1947,1,.
p46_petroleum_liquids_1,1948,0.7,.
p46_petroleum_liquids_1,1949,1.4,.
p46_petroleum_liquids_1,1954,1.2,.
p46_petroleum_liquids_1,1955,1.8,.
p46_petroleum_liquids_1,1956,1.3,.
p46_petroleum_liquids_1,1963,0.8,.
p46_petroleum_liquids_1,1968,0.9,.
p46_petroleum_liquids_1,1970,1.7,.
p46_petroleum_liquids_1,1975,3.8,.
p46_petroleum_liquids_1,1979,6.4,.
p46_petroleum_liquids_1,1988,1.6,.
p46_petroleum_liquids_1,1989,2.4,.
p46_petroleum_liquids_1,1995,3.2,.
p46_petroleum_liquids_1,2000,7.8,.
p46_petroleum_liquids_1,2001,1.4,.
p46_petroleum_liquids_1,2002,11.6,.
p46_petroleum_liquids_1,2007,3.8,.
p46_small_hydroelectric_1,1527,0,.
p46_small_hydroelectric_1,1544,1.47641676804542,.
p46_small_hydroelectric_1,1564,1.05143704379562,.
p46_small_hydroelectric_1,1907,0.4,.
p46_small_hydroelectric_1,1910,1.1,.
p46_small_hydroelectric_1,1911,1.1,.
p46_small_hydroelectric_1,1915,1.2,.
p46_small_hydroelectric_1,1917,0,.
p46_small_hydroelectric_1,1921,0.029316200324412,.
p46_small_hydroelectric_1,1922,2,.
p46_small_hydroelectric_1,1923,0.594149178832117,.
p46_small_hydroelectric_1,1924,0,.
p46_small_hydroelectric_1,1927,1.18794860097324,.
p46_small_hydroelectric_1,1928,0,.
p46_small_hydroelectric_1,1929,0.4,.
p46_small_hydroelectric_1,1930,0.703847323600973,.
p46_small_hydroelectric_1,1940,0.5,.
p46_small_hydroelectric_1,1942,0.404137942687213,.
p46_small_hydroelectric_1,1950,0.175897201946472,.
p46_small_hydroelectric_1,1951,0,.
p46_small_hydroelectric_1,1958,2.4,.
p46_small_hydroelectric_1,1967,0.202068971343606,.
p46_small_hydroelectric_1,1971,0.734662843239486,.
p46_small_hydroelectric_1,1973,0.122443807206581,.
p46_small_hydroelectric_1,1976,0,.
p46_small_hydroelectric_1,1977,0,.
p46_small_hydroelectric_1,1983,0.3,.
p46_small_hydroelectric_1,1986,1.30656934306569,.
p46_small_hydroelectric_1,1988,0,.
p46_small_hydroelectric_1,1993,1,.
p46_solar_photovoltaic_1,2017,10.7,.
p46_solar_photovoltaic_1,2018,2.5,.
p46_solar_photovoltaic_1,2019,9.6,.
p46_solar_photovoltaic_1,2021,9.8,.
p46_solar_photovoltaic_1,2023,2,.
p46_solar_photovoltaic_1,2024,14.9,.
p46_solar_photovoltaic_1,2026,101,.
p47_natural_gas_fired_combined_cycle_1,2008,634,.
p47_natural_gas_fired_combustion_turbine_1,1530,73,.
p47_natural_gas_fired_combustion_turbine_1,1540,193,.
p47_natural_gas_fired_combustion_turbine_1,2008,7.2,.
p47_onshore_wind_turbine_1,2003,204,.
p47_onshore_wind_turbine_1,2004,80,.
p47_onshore_wind_turbine_1,2005,140,.
p47_onshore_wind_turbine_1,2008,1.5,.
p47_onshore_wind_turbine_1,2012,27.3,.
p47_onshore_wind_turbine_1,2014,34.8,.
p47_onshore_wind_turbine_1,2015,250,.
p47_onshore_wind_turbine_1,2016,50,.
p47_onshore_wind_turbine_1,2017,354.2,.
p47_onshore_wind_turbine_1,2019,220.5,.
p47_onshore_wind_turbine_1,2020,179,.
p47_onshore_wind_turbine_1,2021,249.8,.
p47_other_peaker_1,1527,183,.
p47_other_peaker_1,1528,112,.
p47_other_peaker_1,2012,46.5,.
p47_petroleum_liquids_1,1534,23,.
p47_solar_photovoltaic_1,2011,51.5,.
p47_solar_photovoltaic_1,2013,1.1,.
p47_solar_photovoltaic_1,2016,158.8,.
p47_solar_photovoltaic_1,2017,5,.
p47_solar_photovoltaic_1,2021,2,.
p47_solar_photovoltaic_1,2023,50,.
p48_batteries_1,2024,200,200
p48_conventional_steam_coal_2,1538,339,.
p48_conventional_steam_coal_2,1540,340,.
p48_natural_gas_fired_combined_cycle_1,1999,324.8,.
p48_natural_gas_fired_combined_cycle_1,2000,142.2,.
p48_natural_gas_fired_combustion_turbine_1,1556,183,.
p48_natural_gas_fired_combustion_turbine_1,1558,183,.
p48_natural_gas_fired_combustion_turbine_1,1988,17.7,.
p48_natural_gas_fired_combustion_turbine_1,1999,126.9,.
p48_natural_gas_fired_combustion_turbine_1,2005,117,.
p48_natural_gas_fired_combustion_turbine_1,2006,163,.
p48_natural_gas_fired_combustion_turbine_1,2007,161,.
p48_natural_gas_fired_combustion_turbine_1,2013,163,.
p48_natural_gas_fired_combustion_turbine_1,2015,202,.
p48_natural_gas_fired_combustion_turbine_1,2016,404,.
p48_onshore_wind_turbine_1,2001,80,.
p48_onshore_wind_turbine_1,2006,10,.
p48_onshore_wind_turbine_1,2007,228,.
p48_onshore_wind_turbine_1,2008,128.6,.
p48_onshore_wind_turbine_1,2009,243,.
p48_onshore_wind_turbine_1,2010,10,.
p48_onshore_wind_turbine_1,2011,78.2,.
p48_onshore_wind_turbine_1,2012,301.8,.
p48_onshore_wind_turbine_1,2014,1524.4,.
p48_onshore_wind_turbine_1,2015,847.5,.
p48_onshore_wind_turbine_1,2016,904.5,.
p48_onshore_wind_turbine_1,2017,796,.
p48_onshore_wind_turbine_1,2018,601.8,.
p48_onshore_wind_turbine_1,2019,317.1,.
p48_onshore_wind_turbine_1,2021,341.8,.
p48_onshore_wind_turbine_1,2022,1027,.
p48_onshore_wind_turbine_1,2024,265.5,.
p48_onshore_wind_turbine_1,2025,166.4,.
p48_onshore_wind_turbine_1,2026,167.8,.
p48_other_peaker_1,1527,296,.
p48_other_peaker_1,1530,244,.
p48_other_peaker_1,1531,243,.
p48_other_peaker_1,1534,243,.
p48_other_peaker_1,1536,339,.
p48_other_peaker_1,1960,107,.
p48_other_peaker_1,1982,18.8,.
p48_other_peaker_1,1985,20,.
p48_other_peaker_1,2011,167.4,.
p48_solar_photovoltaic_1,2023,4.4,.
p48_solar_photovoltaic_1,2024,500,.
p48_solar_photovoltaic_1,2025,600,.
p48_solar_photovoltaic_1,2026,815,.
p48_solar_photovoltaic_1,2027,201,.
p49_onshore_wind_turbine_1,2015,499.7,.
p49_onshore_wind_turbine_1,2016,198,.
p49_onshore_wind_turbine_1,2020,200,.
p49_onshore_wind_turbine_1,2024,100,.
p49_solar_photovoltaic_1,2016,1,.
p5_batteries_1,2022,30,120
p5_batteries_1,2024,292,1134
p5_batteries_1,2025,200,800
p5_batteries_1,2027,20.5,82
p5_biomass_1,1527,2.15992497972425,.
p5_biomass_1,1976,3.5922969045688,.
p5_biomass_1,1986,3.90067416869424,.
p5_biomass_1,1995,2.07473507167356,.
p5_biomass_1,1996,6.31929751375463,.
p5_biomass_1,2007,13.8000279146544,.
p5_biomass_1,2009,5.2785571269262,.
p5_biomass_1,2010,3.25267386455799,.
p5_biomass_1,2011,14.0907973438767,.
p5_biomass_1,2013,0.0618012776637007,.
p5_biomass_1,2014,5.2785571269262,.
p5_biomass_1,2015,1.28251022415489,.
p5_biomass_1,2020,0.345260901295384,.
p5_conventional_hydroelectric_1,1530,6.5,.
p5_conventional_hydroelectric_1,1938,107,.
p5_conventional_hydroelectric_1,1941,186.3,.
p5_conventional_hydroelectric_1,1942,62.1,.
p5_conventional_hydroelectric_1,1943,186.3,.
p5_conventional_hydroelectric_1,1944,54,.
p5_conventional_hydroelectric_1,1953,170,.
p5_conventional_hydroelectric_1,1954,268,.
p5_conventional_hydroelectric_1,1955,388,.
p5_conventional_hydroelectric_1,1956,210,.
p5_conventional_hydroelectric_1,1957,372.5,.
p5_conventional_hydroelectric_1,1958,479.9,.
p5_conventional_hydroelectric_1,1959,312,.
p5_conventional_hydroelectric_1,1960,312,.
p5_conventional_hydroelectric_1,1963,100,.
p5_conventional_hydroelectric_1,1964,353,.
p5_conventional_hydroelectric_1,1967,522.54,.
p5_conventional_hydroelectric_1,1968,517,.
p5_conventional_hydroelectric_1,1969,641,.
p5_conventional_hydroelectric_1,1970,371,.
p5_conventional_hydroelectric_1,1971,270,.
p5_conventional_hydroelectric_1,1973,688,.
p5_conventional_hydroelectric_1,1981,212.6,.
p5_conventional_hydroelectric_1,1982,345.6,.
p5_conventional_hydroelectric_1,2023,18,.
p5_natural_gas_fired_combined_cycle_1,1974,378,.
p5_natural_gas_fired_combined_cycle_1,1977,139,.
p5_natural_gas_fired_combined_cycle_1,1996,486,.
p5_natural_gas_fired_combined_cycle_1,2002,658,.
p5_natural_gas_fired_combined_cycle_2,1995,270.9,.
p5_natural_gas_fired_combined_cycle_2,2003,324,.
p5_natural_gas_fired_combined_cycle_2,2007,406.4,.
p5_natural_gas_fired_combined_cycle_2,2010,6.5,.
p5_natural_gas_fired_combined_cycle_2,2012,10.5,.
p5_natural_gas_fired_combined_cycle_2,2016,470.5,.
p5_natural_gas_fired_combustion_turbine_1,2001,24,.
p5_onshore_wind_turbine_1,1998,25,.
p5_onshore_wind_turbine_1,2001,147.4,.
p5_onshore_wind_turbine_1,2002,49.2,.
p5_onshore_wind_turbine_1,2003,41,.
p5_onshore_wind_turbine_1,2005,81,.
p5_onshore_wind_turbine_1,2006,100.5,.
p5_onshore_wind_turbine_1,2007,447.1,.
p5_onshore_wind_turbine_1,2008,179.4,.
p5_onshore_wind_turbine_1,2009,712.6,.
p5_onshore_wind_turbine_1,2010,330.7,.
p5_onshore_wind_turbine_1,2011,199.2,.
p5_onshore_wind_turbine_1,2012,845,.
p5_onshore_wind_turbine_1,2016,10,.
p5_onshore_wind_turbine_1,2019,200,.
p5_onshore_wind_turbine_1,2020,340,.
p5_onshore_wind_turbine_1,2022,209.3,.
p5_onshore_wind_turbine_1,2025,200,.
p5_other_peaker_1,2012,4.8,.
p5_other_peaker_1,2014,205.7,.
p5_other_peaker_1,2015,18.7,.
p5_petroleum_liquids_1,2009,6.6,.
p5_small_hydroelectric_1,1911,0,.
p5_small_hydroelectric_1,1912,0,.
p5_small_hydroelectric_1,1913,0.0238620235198702,.
p5_small_hydroelectric_1,1916,0.0357930352798054,.
p5_small_hydroelectric_1,1917,0.0596550587996756,.
p5_small_hydroelectric_1,1921,0.381893755068938,.
p5_small_hydroelectric_1,1924,0,.
p5_small_hydroelectric_1,1927,0,.
p5_small_hydroelectric_1,1949,5.49810295012165,.
p5_small_hydroelectric_1,1952,0,.
p5_small_hydroelectric_1,1954,9.01170924574209,.
p5_small_hydroelectric_1,1955,5.87685879018481,.
p5_small_hydroelectric_1,1962,0,.
p5_small_hydroelectric_1,1964,0,.
p5_small_hydroelectric_1,1968,0,.
p5_small_hydroelectric_1,1982,16.3016904906732,.
p5_small_hydroelectric_1,1984,1.69089618815896,.
p5_small_hydroelectric_1,1985,2.99385391321979,.
p5_small_hydroelectric_1,1986,3.10419201135442,.
p5_small_hydroelectric_1,1987,0.83918795620438,.
p5_small_hydroelectric_1,1989,2.07642690592052,.
p5_small_hydroelectric_1,1991,4.74476632197891,.
p5_small_hydroelectric_1,1994,5.35603266930251,.
p5_small_hydroelectric_1,2010,1.1,.
p5_small_hydroelectric_1,2014,1.28368309002433,.
p5_small_hydroelectric_1,2015,2.41252281021898,.
p5_small_hydroelectric_1,2018,0.0488202320427584,.
p5_solar_photovoltaic_1,2011,2.6,.
p5_solar_photovoltaic_1,2012,1.4,.
p5_solar_photovoltaic_1,2014,1.2,.
p5_solar_photovoltaic_1,2016,23.5,.
p5_solar_photovoltaic_1,2017,83.5,.
p5_solar_photovoltaic_1,2018,50.4,.
p5_solar_photovoltaic_1,2019,15.1,.
p5_solar_photovoltaic_1,2020,69,.
p5_solar_photovoltaic_1,2021,155.1,.
p5_solar_photovoltaic_1,2022,65.1,.
p5_solar_photovoltaic_1,2023,162,.
p5_solar_photovoltaic_1,2024,29.2,.
p5_solar_photovoltaic_1,2025,218.5,.
p5_solar_photovoltaic_1,2026,120,.
p5_solar_photovoltaic_1,2027,55.9,.
p5_solar_photovoltaic_1,2028,103,.
p50_batteries_1,2020,10,20
p50_batteries_1,2025,422,1493
p50_biomass_1,1971,12.4615989931823,.
p50_conventional_hydroelectric_1,1953,42,.
p50_conventional_hydroelectric_1,1964,95,.
p50_conventional_hydroelectric_1,1970,115,.
p50_conventional_hydroelectric_1,1971,74,.
p50_conventional_steam_coal_1,1979,519,.
p50_conventional_steam_coal_1,1980,519,.
p50_conventional_steam_coal_1,1982,440,.
p50_conventional_steam_coal_2,1990,321,.
p50_natural_gas_fired_combined_cycle_1,2001,486.7,.
p50_natural_gas_fired_combined_cycle_1,2003,1400,.
p50_natural_gas_fired_combined_cycle_1,2004,2009.6,.
p50_natural_gas_fired_combined_cycle_2,1966,18.8,.
p50_natural_gas_fired_combined_cycle_2,1973,156,.
p50_natural_gas_fired_combined_cycle_2,1974,86,.
p50_natural_gas_fired_combined_cycle_2,1977,282,.
p50_natural_gas_fired_combined_cycle_2,1989,213.2,.
p50_natural_gas_fired_combined_cycle_2,1995,44.1,.
p50_natural_gas_fired_combustion_turbine_1,1530,132,.
p50_natural_gas_fired_combustion_turbine_1,1971,64,.
p50_natural_gas_fired_combustion_turbine_1,2001,536.26,.
p50_natural_gas_fired_combustion_turbine_1,2003,43.9,.
p50_natural_gas_fired_combustion_turbine_1,2008,170,.
p50_natural_gas_fired_combustion_turbine_1,2009,135,.
p50_natural_gas_fired_combustion_turbine_1,2015,122,.
p50_natural_gas_fired_combustion_turbine_1,2017,398,.
p50_natural_gas_fired_combustion_turbine_1,2026,96,.
p50_natural_gas_fired_combustion_turbine_1,2027,448,.
p50_onshore_wind_turbine_1,2003,176.3,.
p50_onshore_wind_turbine_1,2005,298.4,.
p50_onshore_wind_turbine_1,2006,120,.
p50_onshore_wind_turbine_1,2007,94.5,.
p50_onshore_wind_turbine_1,2008,141.9,.
p50_onshore_wind_turbine_1,2009,299.1,.
p50_onshore_wind_turbine_1,2010,350.2,.
p50_onshore_wind_turbine_1,2011,330.6,.
p50_onshore_wind_turbine_1,2012,1197.8,.
p50_onshore_wind_turbine_1,2014,646.6,.
p50_onshore_wind_turbine_1,2015,571.8,.
p50_onshore_wind_turbine_1,2016,1442.7,.
p50_onshore_wind_turbine_1,2017,850.7,.
p50_onshore_wind_turbine_1,2018,575.9,.
p50_onshore_wind_turbine_1,2019,100,.
p50_onshore_wind_turbine_1,2020,950.1,.
p50_onshore_wind_turbine_1,2021,1097.1,.
p50_onshore_wind_turbine_1,2022,1302.2,.
p50_onshore_wind_turbine_1,2023,651.2,.
p50_onshore_wind_turbine_1,2024,403,.
p50_onshore_wind_turbine_1,2025,367.5,.
p50_other_peaker_1,1936,1.2,.
p50_other_peaker_1,1939,0.6,.
p50_other_peaker_1,1949,5,.
p50_other_peaker_1,1952,56,.
p50_other_peaker_1,1954,80.6,.
p50_other_peaker_1,1956,5.6,.
p50_other_peaker_1,1959,1.2,.
p50_other_peaker_1,1964,57.5,.
p50_other_peaker_1,1965,5.6,.
p50_other_peaker_1,1967,311,.
p50_other_peaker_1,1968,132,.
p50_other_peaker_1,1969,378.6,.
p50_other_peaker_1,1970,3,.
p50_other_peaker_1,1971,500,.
p50_other_peaker_1,1972,4,.
p50_other_peaker_1,1973,513,.
p50_other_peaker_1,1975,648.5,.
p50_other_peaker_1,1985,4.3,.
p50_other_peaker_1,1988,6.3,.
p50_other_peaker_1,2006,3.9,.
p50_other_peaker_1,2016,55.8,.
p50_other_peaker_1,2019,51.3,.
p50_other_peaker_1,2023,10,.
p50_petroleum_liquids_1,1963,4,.
p50_petroleum_liquids_1,2001,1.8,.
p50_petroleum_liquids_1,2006,4,.
p50_petroleum_liquids_1,2010,5,.
p50_petroleum_liquids_1,2012,2.5,.
p50_small_hydroelectric_1,1989,9.18359691808597,.
p50_solar_photovoltaic_1,2015,2.5,.
p50_solar_photovoltaic_1,2017,18,.
p50_solar_photovoltaic_1,2018,10,.
p50_solar_photovoltaic_1,2020,10,.
p50_solar_photovoltaic_1,2021,2,.
p50_solar_photovoltaic_1,2022,5,.
p50_solar_photovoltaic_1,2023,5,.
p50_solar_photovoltaic_1,2024,120,.
p50_solar_photovoltaic_1,2025,350,.
p50_solar_photovoltaic_1,2026,85,.
p51_biomass_1,1989,0.0164550385239254,.
p51_biomass_1,2011,0.973056515893595,.
p51_biomass_1,2020,0.973056515893595,.
p51_conventional_hydroelectric_1,1940,79.6,.
p51_conventional_hydroelectric_1,1946,39.8,.
p51_conventional_hydroelectric_1,1953,49.3,.
p51_conventional_hydroelectric_1,1964,125.7,.
p51_conventional_hydroelectric_1,1968,80,.
p51_conventional_hydroelectric_1,1973,50,.
p51_conventional_steam_coal_1,1979,460,.
p51_conventional_steam_coal_1,1984,521,.
p51_hydroelectric_pumped_storage_1,1968,119.6,1853.8
p51_hydroelectric_pumped_storage_1,1971,121.9,1889.45
p51_natural_gas_fired_combined_cycle_1,2000,463,.
p51_natural_gas_fired_combined_cycle_1,2002,1383.1,.
p51_natural_gas_fired_combined_cycle_1,2003,564.1,.
p51_natural_gas_fired_combined_cycle_1,2011,483,.
p51_natural_gas_fired_combined_cycle_1,2017,504,.
p51_natural_gas_fired_combined_cycle_2,1961,161,.
p51_natural_gas_fired_combined_cycle_2,2001,330,.
p51_natural_gas_fired_combustion_turbine_1,2008,158,.
p51_natural_gas_fired_combustion_turbine_1,2026,442,.
p51_onshore_wind_turbine_1,2015,150.4,.
p51_other_peaker_1,1956,164,.
p51_other_peaker_1,1958,158,.
p51_other_peaker_1,1970,434,.
p51_other_peaker_1,1974,454,.
p51_other_peaker_1,1976,455,.
p51_other_peaker_1,1977,498,.
p51_other_peaker_1,1978,491,.
p51_other_peaker_1,1979,15.2,.
p51_other_peaker_1,1980,22.4,.
p51_other_peaker_1,1982,33.8,.
p51_petroleum_liquids_1,1954,1.2,.
p51_petroleum_liquids_1,1960,2,.
p51_petroleum_liquids_1,1966,2.5,.
p51_petroleum_liquids_1,1967,8.3,.
p51_petroleum_liquids_1,1976,2.8,.
p51_petroleum_liquids_1,1980,4,.
p51_solar_photovoltaic_1,2026,724.2,.
p52_conventional_steam_coal_1,1983,358.9,.
p52_natural_gas_fired_combustion_turbine_1,1968,12.8,.
p52_natural_gas_fired_combustion_turbine_1,1970,13,.
p52_natural_gas_fired_combustion_turbine_1,1976,57.1,.
p52_natural_gas_fired_combustion_turbine_1,1979,52,.
p52_onshore_wind_turbine_1,2009,99,.
p52_onshore_wind_turbine_1,2015,198.6,.
p52_onshore_wind_turbine_1,2019,275.6,.
p52_onshore_wind_turbine_1,2020,195.8,.
p52_onshore_wind_turbine_1,2021,2.7,.
p52_other_peaker_1,1951,0.6,.
p52_other_peaker_1,1958,0.4,.
p52_other_peaker_1,1962,2.1,.
p52_other_peaker_1,1964,1,.
p52_other_peaker_1,1966,2.1,.
p52_other_peaker_1,1970,1,.
p52_other_peaker_1,1971,2,.
p52_other_peaker_1,1973,97.3,.
p52_other_peaker_1,1975,4.8,.
p52_other_peaker_1,1978,3.8,.
p52_other_peaker_1,1995,0.9,.
p52_other_peaker_1,1998,0.5,.
p52_other_peaker_1,1999,1.3,.
p52_other_peaker_1,2008,2,.
p52_other_peaker_1,2014,138.5,.
p52_petroleum_liquids_1,1939,0.7,.
p52_petroleum_liquids_1,1952,0.6,.
p52_petroleum_liquids_1,1953,0.9,.
p52_petroleum_liquids_1,1958,1.2,.
p52_petroleum_liquids_1,1962,2.4,.
p52_petroleum_liquids_1,1964,3.5,.
p52_petroleum_liquids_1,1965,4.5,.
p52_petroleum_liquids_1,1967,1,.
p52_petroleum_liquids_1,1971,8.8,.
p52_petroleum_liquids_1,1972,2.7,.
p52_petroleum_liquids_1,1974,2.4,.
p52_petroleum_liquids_1,1983,4,.
p52_petroleum_liquids_1,1994,4,.
p52_petroleum_liquids_1,1997,5,.
p52_petroleum_liquids_1,2017,6,.
p52_petroleum_liquids_1,2019,3,.
p52_petroleum_liquids_1,2024,9,.
p52_solar_photovoltaic_1,2015,0.9,.
p52_solar_photovoltaic_1,2020,20,.
p53_biomass_1,2010,6.09208172320023,.
p53_biomass_1,2013,0.913456091073899,.
p53_conventional_steam_coal_1,1960,111.3,.
p53_conventional_steam_coal_1,1971,376.68,.
p53_conventional_steam_coal_2,1973,779.19,.
p53_conventional_steam_coal_2,1977,668.7,.
p53_conventional_steam_coal_2,1978,725.2,.
p53_conventional_steam_coal_2,1980,721.8,.
p53_conventional_steam_coal_2,1981,243,.
p53_conventional_steam_coal_2,1983,731.8,.
p53_natural_gas_fired_combined_cycle_1,2007,181,.
p53_natural_gas_fired_combined_cycle_2,2016,106,.
p53_natural_gas_fired_combustion_turbine_1,1530,16,.
p53_natural_gas_fired_combustion_turbine_1,1962,11.2,.
p53_natural_gas_fired_combustion_turbine_1,1968,13.7,.
p53_natural_gas_fired_combustion_turbine_1,1973,68,.
p53_natural_gas_fired_combustion_turbine_1,1974,273.5,.
p53_natural_gas_fired_combustion_turbine_1,1979,68,.
p53_natural_gas_fired_combustion_turbine_1,1989,21,.
p53_natural_gas_fired_combustion_turbine_1,1990,27,.
p53_natural_gas_fired_combustion_turbine_1,1996,38,.
p53_natural_gas_fired_combustion_turbine_1,1998,85,.
p53_natural_gas_fired_combustion_turbine_1,2000,174.6,.
p53_natural_gas_fired_combustion_turbine_1,2001,170.1,.
p53_natural_gas_fired_combustion_turbine_1,2002,67.8,.
p53_natural_gas_fired_combustion_turbine_1,2003,485.1,.
p53_natural_gas_fired_combustion_turbine_1,2006,72,.
p53_natural_gas_fired_combustion_turbine_1,2008,381,.
p53_natural_gas_fired_combustion_turbine_1,2009,364.4,.
p53_natural_gas_fired_combustion_turbine_1,2020,13.5,.
p53_natural_gas_fired_combustion_turbine_1,2026,27.2,.
p53_nuclear_1,1985,1255,.
p53_onshore_wind_turbine_1,2001,112.2,.
p53_onshore_wind_turbine_1,2005,150,.
p53_onshore_wind_turbine_1,2006,100.5,.
p53_onshore_wind_turbine_1,2008,450.3,.
p53_onshore_wind_turbine_1,2009,94,.
p53_onshore_wind_turbine_1,2010,60.5,.
p53_onshore_wind_turbine_1,2011,200,.
p53_onshore_wind_turbine_1,2012,1446.8,.
p53_onshore_wind_turbine_1,2013,253.8,.
p53_onshore_wind_turbine_1,2015,401.2,.
p53_onshore_wind_turbine_1,2016,879.3,.
p53_onshore_wind_turbine_1,2017,658.8,.
p53_onshore_wind_turbine_1,2018,542.8,.
p53_onshore_wind_turbine_1,2019,199.3,.
p53_onshore_wind_turbine_1,2020,698.9,.
p53_onshore_wind_turbine_1,2021,1020.6,.
p53_onshore_wind_turbine_1,2022,197.4,.
p53_onshore_wind_turbine_1,2023,804.6,.
p53_onshore_wind_turbine_1,2025,594.2,.
p53_other_peaker_1,1948,3,.
p53_other_peaker_1,1949,1,.
p53_other_peaker_1,1950,1,.
p53_other_peaker_1,1951,2.8,.
p53_other_peaker_1,1953,1.6,.
p53_other_peaker_1,1954,1.1,.
p53_other_peaker_1,1955,4.2,.
p53_other_peaker_1,1956,5.5,.
p53_other_peaker_1,1957,2.2,.
p53_other_peaker_1,1958,4.7,.
p53_other_peaker_1,1960,1.1,.
p53_other_peaker_1,1961,12.7,.
p53_other_peaker_1,1962,7.4,.
p53_other_peaker_1,1963,156.5,.
p53_other_peaker_1,1964,5,.
p53_other_peaker_1,1965,20.5,.
p53_other_peaker_1,1966,11.5,.
p53_other_peaker_1,1967,6.2,.
p53_other_peaker_1,1968,8,.
p53_other_peaker_1,1969,153.3,.
p53_other_peaker_1,1970,30.5,.
p53_other_peaker_1,1971,16,.
p53_other_peaker_1,1972,36.5,.
p53_other_peaker_1,1973,39.3,.
p53_other_peaker_1,1974,0.7,.
p53_other_peaker_1,1976,3,.
p53_other_peaker_1,1977,2,.
p53_other_peaker_1,1978,0.8,.
p53_other_peaker_1,1979,4.5,.
p53_other_peaker_1,1980,6.3,.
p53_other_peaker_1,1981,21.8,.
p53_other_peaker_1,1983,5.7,.
p53_other_peaker_1,1984,3.9,.
p53_other_peaker_1,1985,6.9,.
p53_other_peaker_1,1986,13.8,.
p53_other_peaker_1,1992,0.8,.
p53_other_peaker_1,1993,6.3,.
p53_other_peaker_1,1994,14.6,.
p53_other_peaker_1,1996,10.9,.
p53_other_peaker_1,1998,5,.
p53_other_peaker_1,2000,5,.
p53_other_peaker_1,2001,10.3,.
p53_other_peaker_1,2002,3.6,.
p53_other_peaker_1,2004,13.6,.
p53_other_peaker_1,2005,12.9,.
p53_other_peaker_1,2006,0.7,.
p53_other_peaker_1,2008,76.8,.
p53_other_peaker_1,2011,1.9,.
p53_other_peaker_1,2016,30.8,.
p53_other_peaker_1,2017,56.1,.
p53_other_peaker_1,2024,4,.
p53_petroleum_liquids_1,1929,0.3,.
p53_petroleum_liquids_1,1930,0.3,.
p53_petroleum_liquids_1,1939,0.7,.
p53_petroleum_liquids_1,1947,0.6,.
p53_petroleum_liquids_1,1948,1.2,.
p53_petroleum_liquids_1,1950,0.7,.
p53_petroleum_liquids_1,1955,2.4,.
p53_petroleum_liquids_1,1957,1.9,.
p53_petroleum_liquids_1,1958,4.7,.
p53_petroleum_liquids_1,1961,2.5,.
p53_petroleum_liquids_1,1962,4.2,.
p53_petroleum_liquids_1,1963,5.1,.
p53_petroleum_liquids_1,1964,4.7,.
p53_petroleum_liquids_1,1965,1.7,.
p53_petroleum_liquids_1,1967,2.8,.
p53_petroleum_liquids_1,1969,11.4,.
p53_petroleum_liquids_1,1970,7.3,.
p53_petroleum_liquids_1,1971,3.6,.
p53_petroleum_liquids_1,1973,1.4,.
p53_petroleum_liquids_1,1974,48.5,.
p53_petroleum_liquids_1,1975,92.7,.
p53_petroleum_liquids_1,1976,76.9,.
p53_petroleum_liquids_1,1977,53.9,.
p53_petroleum_liquids_1,1978,6.8,.
p53_petroleum_liquids_1,1981,7.5,.
p53_petroleum_liquids_1,1982,2,.
p53_petroleum_liquids_1,1983,4.1,.
p53_petroleum_liquids_1,1985,1,.
p53_petroleum_liquids_1,1986,2.4,.
p53_petroleum_liquids_1,1989,1.8,.
p53_petroleum_liquids_1,1990,2.1,.
p53_petroleum_liquids_1,1991,11.4,.
p53_petroleum_liquids_1,1992,2.7,.
p53_petroleum_liquids_1,1993,1.6,.
p53_petroleum_liquids_1,1994,2.4,.
p53_petroleum_liquids_1,1996,1.1,.
p53_petroleum_liquids_1,1997,6.7,.
p53_petroleum_liquids_1,1999,23.2,.
p53_petroleum_liquids_1,2000,2.2,.
p53_petroleum_liquids_1,2001,1.5,.
p53_petroleum_liquids_1,2002,22.9,.
p53_petroleum_liquids_1,2003,6.8,.
p53_petroleum_liquids_1,2004,12,.
p53_petroleum_liquids_1,2005,5.3,.
p53_petroleum_liquids_1,2007,8.4,.
p53_petroleum_liquids_1,2014,2.8,.
p53_petroleum_liquids_1,2015,4.9,.
p53_petroleum_liquids_1,2016,2,.
p53_petroleum_liquids_1,2017,7.8,.
p53_petroleum_liquids_1,2018,6,.
p53_petroleum_liquids_1,2019,1,.
p53_petroleum_liquids_1,2020,4,.
p53_petroleum_liquids_1,2021,1.8,.
p53_petroleum_liquids_1,2022,2.8,.
p53_petroleum_liquids_1,2023,8.7,.
p53_petroleum_liquids_1,2024,2,.
p53_petroleum_liquids_1,2025,7,.
p53_solar_photovoltaic_1,2017,3,.
p53_solar_photovoltaic_1,2019,6,.
p53_solar_photovoltaic_1,2021,15,.
p53_solar_photovoltaic_1,2022,6.3,.
p53_solar_photovoltaic_1,2023,5.9,.
p53_solar_photovoltaic_1,2024,8.7,.
p53_solar_photovoltaic_1,2025,208.6,.
p53_solar_photovoltaic_1,2026,156,.
p53_waste_heat_1,2005,0.426107562854826,.
p54_biomass_1,2011,0.946320760211213,.
p54_conventional_steam_coal_1,1980,702.5,.
p54_conventional_steam_coal_1,2010,899.7,.
p54_conventional_steam_coal_2,1969,562,.
p54_natural_gas_fired_combined_cycle_1,2001,404,.
p54_natural_gas_fired_combined_cycle_1,2002,272.8,.
p54_natural_gas_fired_combined_cycle_2,1997,170,.
p54_natural_gas_fired_combined_cycle_2,2000,142.8,.
p54_natural_gas_fired_combustion_turbine_1,1972,36,.
p54_natural_gas_fired_combustion_turbine_1,1974,88.3,.
p54_natural_gas_fired_combustion_turbine_1,1975,140,.
p54_natural_gas_fired_combustion_turbine_1,1977,70,.
p54_natural_gas_fired_combustion_turbine_1,1979,70,.
p54_natural_gas_fired_combustion_turbine_1,1981,85.8,.
p54_natural_gas_fired_combustion_turbine_1,1986,84,.
p54_natural_gas_fired_combustion_turbine_1,1996,40,.
p54_natural_gas_fired_combustion_turbine_1,1999,228,.
p54_natural_gas_fired_combustion_turbine_1,2000,182.2,.
p54_natural_gas_fired_combustion_turbine_1,2002,294,.
p54_natural_gas_fired_combustion_turbine_1,2005,369.7,.
p54_onshore_wind_turbine_1,2007,56.7,.
p54_onshore_wind_turbine_1,2008,105.8,.
p54_onshore_wind_turbine_1,2009,146,.
p54_onshore_wind_turbine_1,2010,168,.
p54_onshore_wind_turbine_1,2016,195.8,.
p54_onshore_wind_turbine_1,2017,300,.
p54_onshore_wind_turbine_1,2020,478.5,.
p54_onshore_wind_turbine_1,2021,288.9,.
p54_other_peaker_1,1530,94.6,.
p54_other_peaker_1,1947,1.8,.
p54_other_peaker_1,1950,18.35,.
p54_other_peaker_1,1958,22.9,.
p54_other_peaker_1,1959,2.5,.
p54_other_peaker_1,1962,7.34,.
p54_other_peaker_1,1963,1.1,.
p54_other_peaker_1,1966,3.7,.
p54_other_peaker_1,1967,1.1,.
p54_other_peaker_1,1970,3.7,.
p54_other_peaker_1,1972,6,.
p54_other_peaker_1,1979,1.8,.
p54_other_peaker_1,1990,6.3,.
p54_other_peaker_1,1991,4.8,.
p54_other_peaker_1,1994,6.3,.
p54_petroleum_liquids_1,1527,4,.
p54_petroleum_liquids_1,1935,0.2,.
p54_petroleum_liquids_1,1955,0.6,.
p54_petroleum_liquids_1,1958,0.3,.
p54_petroleum_liquids_1,1962,0.9,.
p54_petroleum_liquids_1,1967,1.1,.
p54_petroleum_liquids_1,1969,30,.
p54_petroleum_liquids_1,1970,1.5,.
p54_petroleum_liquids_1,1972,144.7,.
p54_petroleum_liquids_1,1974,10.8,.
p54_petroleum_liquids_1,1975,141.4,.
p54_petroleum_liquids_1,1976,182,.
p54_petroleum_liquids_1,1977,122.5,.
p54_petroleum_liquids_1,1983,4.5,.
p54_petroleum_liquids_1,1985,2,.
p54_petroleum_liquids_1,1986,4,.
p54_petroleum_liquids_1,1988,2.7,.
p54_petroleum_liquids_1,1989,22.6,.
p54_petroleum_liquids_1,1990,21.1,.
p54_petroleum_liquids_1,1993,2,.
p54_petroleum_liquids_1,1994,2,.
p54_petroleum_liquids_1,2000,7.2,.
p54_petroleum_liquids_1,2001,1.8,.
p54_petroleum_liquids_1,2003,10,.
p54_petroleum_liquids_1,2004,16.6,.
p54_solar_photovoltaic_1,2015,2.8,.
p54_solar_photovoltaic_1,2016,5.8,.
p54_solar_photovoltaic_1,2017,8,.
p54_solar_photovoltaic_1,2018,8.5,.
p54_solar_photovoltaic_1,2023,10,.
p54_solar_photovoltaic_1,2025,25,.
p55_biomass_1,2006,0.986009732360097,.
p55_conventional_hydroelectric_1,1959,106,.
p55_conventional_hydroelectric_1,1961,110.5,.
p55_conventional_hydroelectric_1,1973,52,.
p55_conventional_steam_coal_1,1976,184,.
p55_conventional_steam_coal_2,2011,275,.
p55_hydroelectric_pumped_storage_1,1979,31,480.5
p55_hydroelectric_pumped_storage_1,1981,31,480.5
p55_hydroelectric_pumped_storage_1,1982,124,1922
p55_natural_gas_fired_combined_cycle_1,1997,197,.
p55_natural_gas_fired_combined_cycle_1,2001,385,.
p55_natural_gas_fired_combustion_turbine_1,1535,185,.
p55_natural_gas_fired_combustion_turbine_1,1983,104,.
p55_natural_gas_fired_combustion_turbine_1,1989,75,.
p55_natural_gas_fired_combustion_turbine_1,1992,80,.
p55_natural_gas_fired_combustion_turbine_1,1995,104,.
p55_natural_gas_fired_combustion_turbine_1,2002,100,.
p55_natural_gas_fired_combustion_turbine_1,2003,116,.
p55_onshore_wind_turbine_1,2020,145.5,.
p55_onshore_wind_turbine_1,2021,145.6,.
p55_petroleum_liquids_1,1946,2,.
p55_petroleum_liquids_1,1949,2.2,.
p55_petroleum_liquids_1,1952,2.5,.
p55_petroleum_liquids_1,1957,4,.
p55_petroleum_liquids_1,1959,1,.
p55_petroleum_liquids_1,1965,7.1,.
p55_petroleum_liquids_1,1970,4,.
p55_petroleum_liquids_1,1971,4,.
p55_petroleum_liquids_1,1974,20.1,.
p55_petroleum_liquids_1,1976,11,.
p55_petroleum_liquids_1,2000,7.2,.
p55_solar_photovoltaic_1,2014,7.7,.
p55_solar_photovoltaic_1,2017,7.9,.
p55_solar_photovoltaic_1,2018,2.5,.
p55_solar_photovoltaic_1,2021,2.2,.
p55_solar_photovoltaic_1,2027,400,.
p56_batteries_1,2019,12,26.2
p56_biomass_1,2010,2.96170548277535,.
p56_conventional_hydroelectric_1,1964,90,.
p56_conventional_hydroelectric_1,1965,128.8,.
p56_conventional_hydroelectric_1,1972,23,.
p56_conventional_hydroelectric_1,1973,69,.
p56_conventional_hydroelectric_1,1974,23,.
p56_conventional_steam_coal_1,1978,494,.
p56_natural_gas_fired_combined_cycle_1,1963,62,.
p56_natural_gas_fired_combined_cycle_2,2002,110,.
p56_natural_gas_fired_combustion_turbine_1,2007,336,.
p56_natural_gas_fired_combustion_turbine_1,2010,40,.
p56_natural_gas_fired_combustion_turbine_1,2013,20,.
p56_natural_gas_fired_combustion_turbine_1,2016,5.2,.
p56_onshore_wind_turbine_1,2026,183,.
p56_solar_photovoltaic_1,2016,1,.
p56_solar_photovoltaic_1,2017,5,.
p56_solar_photovoltaic_1,2018,1,.
p56_solar_photovoltaic_1,2019,12.2,.
p56_solar_photovoltaic_1,2020,2.5,.
p56_solar_photovoltaic_1,2021,7.4,.
p56_solar_photovoltaic_1,2022,3.9,.
p56_solar_photovoltaic_1,2023,13,.
p56_solar_photovoltaic_1,2025,18,.
p57_biomass_1,1972,5.59490270401824,.
p57_biomass_1,1977,8.95184432642918,.
p57_biomass_1,1983,1.47341342254663,.
p57_conventional_steam_coal_1,1977,500,.
p57_conventional_steam_coal_2,1982,500,.
p57_natural_gas_fired_combined_cycle_1,2001,456.6,.
p57_natural_gas_fired_combined_cycle_2,2003,558.6,.
p57_other_peaker_1,1964,174,.
p57_other_peaker_1,1970,365,.
p57_other_peaker_1,1971,362,.
p57_other_peaker_1,1974,348,.
p57_solar_photovoltaic_1,2022,3,.
p58_biomass_1,1957,6.11285524271109,.
p58_biomass_1,1966,6.34880207173814,.
p58_biomass_1,1969,11.2034067315491,.
p58_biomass_1,1972,19.9059645083156,.
p58_biomass_1,1979,4.84020190868176,.
p58_biomass_1,1981,27.1863268141198,.
p58_biomass_1,1984,4.58897794368977,.
p58_biomass_1,1999,4.77164380799222,.
p58_biomass_1,2008,21.8243873028288,.
p58_conventional_hydroelectric_1,1990,192,.
p58_conventional_steam_coal_1,1981,560.1,.
p58_conventional_steam_coal_1,1982,1024.9,.
p58_conventional_steam_coal_1,1983,565.9,.
p58_conventional_steam_coal_1,2010,628,.
p58_conventional_steam_coal_2,1959,217,.
p58_natural_gas_fired_combined_cycle_1,1996,116,.
p58_natural_gas_fired_combined_cycle_1,1997,136,.
p58_natural_gas_fired_combined_cycle_1,2002,1362.4,.
p58_natural_gas_fired_combined_cycle_1,2003,541,.
p58_natural_gas_fired_combined_cycle_1,2004,933,.
p58_natural_gas_fired_combined_cycle_1,2010,534,.
p58_natural_gas_fired_combined_cycle_1,2014,980,.
p58_natural_gas_fired_combined_cycle_1,2019,1000,.
p58_natural_gas_fired_combined_cycle_1,2020,1000,.
p58_natural_gas_fired_combined_cycle_1,2024,97.8,.
p58_natural_gas_fired_combined_cycle_1,2025,708.2,.
p58_natural_gas_fired_combined_cycle_2,1961,113.6,.
p58_natural_gas_fired_combined_cycle_2,1966,243.1,.
p58_natural_gas_fired_combined_cycle_2,2000,566.1,.
p58_natural_gas_fired_combined_cycle_2,2002,1244.3,.
p58_natural_gas_fired_combined_cycle_2,2016,67,.
p58_natural_gas_fired_combustion_turbine_1,1969,17,.
p58_natural_gas_fired_combustion_turbine_1,1974,24,.
p58_natural_gas_fired_combustion_turbine_1,1977,63,.
p58_natural_gas_fired_combustion_turbine_1,1978,63,.
p58_natural_gas_fired_combustion_turbine_1,1985,37.7,.
p58_natural_gas_fired_combustion_turbine_1,1986,157.2,.
p58_natural_gas_fired_combustion_turbine_1,1987,100,.
p58_natural_gas_fired_combustion_turbine_1,1990,125.4,.
p58_natural_gas_fired_combustion_turbine_1,1996,37,.
p58_natural_gas_fired_combustion_turbine_1,1997,270,.
p58_natural_gas_fired_combustion_turbine_1,1998,43.2,.
p58_natural_gas_fired_combustion_turbine_1,1999,187.9,.
p58_natural_gas_fired_combustion_turbine_1,2000,226.7,.
p58_natural_gas_fired_combustion_turbine_1,2001,415.4,.
p58_natural_gas_fired_combustion_turbine_1,2002,423.2,.
p58_natural_gas_fired_combustion_turbine_1,2004,20.6,.
p58_natural_gas_fired_combustion_turbine_1,2005,94.3,.
p58_natural_gas_fired_combustion_turbine_1,2006,93.6,.
p58_natural_gas_fired_combustion_turbine_1,2011,49.9,.
p58_natural_gas_fired_combustion_turbine_1,2019,48,.
p58_natural_gas_fired_combustion_turbine_1,2020,415.2,.
p58_nuclear_1,1985,1083.2,.
p58_nuclear_1,1986,990.8,.
p58_other_peaker_1,1528,418.4,.
p58_other_peaker_1,1529,1032.3,.
p58_other_peaker_1,1531,760.5,.
p58_other_peaker_1,1533,747.6,.
p58_other_peaker_1,1942,9,.
p58_other_peaker_1,1949,4.5,.
p58_other_peaker_1,1950,80,.
p58_other_peaker_1,1951,18,.
p58_other_peaker_1,1953,58,.
p58_other_peaker_1,1954,110,.
p58_other_peaker_1,1957,101.5,.
p58_other_peaker_1,1958,34,.
p58_other_peaker_1,1959,108,.
p58_other_peaker_1,1965,9,.
p58_other_peaker_1,1969,29.9,.
p58_other_peaker_1,1970,434.3,.
p58_other_peaker_1,1972,174.7,.
p58_other_peaker_1,1975,422,.
p58_other_peaker_1,1977,53.7,.
p58_other_peaker_1,1982,566,.
p58_other_peaker_1,1985,8,.
p58_other_peaker_1,1986,2.7,.
p58_other_peaker_1,1990,8,.
p58_other_peaker_1,2005,7.2,.
p58_other_peaker_1,2011,17,.
p58_other_peaker_1,2016,60.2,.
p58_other_peaker_1,2020,131.6,.
p58_other_peaker_1,2024,4.6,.
p58_petroleum_liquids_1,1951,1.2,.
p58_petroleum_liquids_1,1953,0.6,.
p58_petroleum_liquids_1,1957,1.9,.
p58_petroleum_liquids_1,1965,1.8,.
p58_petroleum_liquids_1,1971,1.5,.
p58_petroleum_liquids_1,2009,33,.
p58_petroleum_liquids_1,2010,1.8,.
p58_petroleum_liquids_1,2014,1.8,.
p58_solar_photovoltaic_1,2016,1.1,.
p58_solar_photovoltaic_1,2019,23.4,.
p58_solar_photovoltaic_1,2020,50,.
p58_solar_photovoltaic_1,2022,50,.
p58_solar_photovoltaic_1,2023,20,.
p58_solar_photovoltaic_1,2024,610,.
p58_solar_photovoltaic_1,2025,177,.
p58_solar_photovoltaic_1,2026,240,.
p58_solar_photovoltaic_1,2027,154.3,.
p58_waste_heat_1,1950,7.940275243309,.
p58_waste_heat_1,1968,0,.
p58_waste_heat_1,1969,10.5870336577453,.
p58_waste_heat_1,1990,1.19885814296853,.
p58_waste_heat_1,2004,0.794327858880779,.
p58_waste_heat_1,2011,5.04533201540957,.
p58_waste_heat_1,2012,9.03458282643958,.
p58_waste_heat_1,2016,0,.
p58_waste_heat_1,2019,19.0132877261547,.
p58_waste_heat_1,2023,4.90880072959416,.
p59_natural_gas_fired_combined_cycle_1,1531,232,.
p59_natural_gas_fired_combined_cycle_1,2009,142,.
p59_natural_gas_fired_combined_cycle_1,2011,112,.
p59_natural_gas_fired_combustion_turbine_1,1530,65,.
p59_natural_gas_fired_combustion_turbine_1,1992,11.4,.
p59_natural_gas_fired_combustion_turbine_1,2015,186,.
p59_natural_gas_fired_combustion_turbine_1,2016,186,.
p59_natural_gas_fired_combustion_turbine_1,2023,227.8,.
p59_other_peaker_1,1527,156,.
p59_other_peaker_1,1531,98,.
p59_other_peaker_1,1987,4.2,.
p59_solar_photovoltaic_1,2014,10.3,.
p59_solar_photovoltaic_1,2017,3,.
p59_solar_photovoltaic_1,2018,2,.
p59_solar_photovoltaic_1,2024,1.5,.
p59_solar_photovoltaic_1,2025,160,.
p6_batteries_1,2026,2,8
p6_biomass_1,1955,7.55138461099703,.
p6_biomass_1,1985,11.3437293342663,.
p6_biomass_1,1987,0,.
p6_biomass_1,2006,2.46057694501483,.
p6_biomass_1,2007,1.0197878649635,.
p6_biomass_1,2009,7.05832047465456,.
p6_biomass_1,2011,0.909734894566099,.
p6_conventional_hydroelectric_1,1928,36,.
p6_conventional_hydroelectric_1,1949,15,.
p6_conventional_hydroelectric_1,1950,30,.
p6_conventional_hydroelectric_1,1953,31,.
p6_conventional_hydroelectric_1,1955,32,.
p6_conventional_hydroelectric_1,1956,38.5,.
p6_conventional_hydroelectric_1,1977,49,.
p6_natural_gas_fired_combined_cycle_1,2001,558,.
p6_natural_gas_fired_combustion_turbine_1,2002,115.2,.
p6_small_hydroelectric_1,1912,0.782593268450933,.
p6_small_hydroelectric_1,1924,0,.
p6_small_hydroelectric_1,1932,1.86019870235199,.
p6_small_hydroelectric_1,1944,0.164398317112733,.
p6_small_hydroelectric_1,1951,6.40242295214923,.
p6_small_hydroelectric_1,1952,7.88388331305758,.
p6_small_hydroelectric_1,1953,3.54228761151663,.
p6_small_hydroelectric_1,1957,1.80442771695053,.
p6_small_hydroelectric_1,1960,4.82244778994323,.
p6_small_hydroelectric_1,1987,0.374733880778589,.
p6_small_hydroelectric_1,1989,0.252471107055961,.
p6_small_hydroelectric_1,2012,1.1,.
p6_solar_photovoltaic_1,2014,1.7,.
p6_solar_photovoltaic_1,2015,5,.
p6_solar_photovoltaic_1,2017,30.8,.
p6_solar_photovoltaic_1,2018,35.9,.
p6_solar_photovoltaic_1,2019,5,.
p6_solar_photovoltaic_1,2020,10,.
p6_solar_photovoltaic_1,2023,55,.
p6_solar_photovoltaic_1,2024,7.5,.
p6_solar_photovoltaic_1,2025,8,.
p60_batteries_1,2017,30,12.6
p60_batteries_1,2018,19.8,19.8
p60_batteries_1,2022,141.2,130.5
p60_batteries_1,2024,450.3,645
p60_batteries_1,2025,583,2125
p60_batteries_1,2026,642,2568
p60_batteries_1,2027,200,800
p60_natural_gas_fired_combined_cycle_1,1987,142,.
p60_natural_gas_fired_combined_cycle_1,1988,70,.
p60_natural_gas_fired_combined_cycle_2,2005,106,.
p60_onshore_wind_turbine_1,1998,34.3,.
p60_onshore_wind_turbine_1,2001,152,.
p60_onshore_wind_turbine_1,2003,219.9,.
p60_onshore_wind_turbine_1,2005,242.8,.
p60_onshore_wind_turbine_1,2006,84,.
p60_onshore_wind_turbine_1,2007,804.5,.
p60_onshore_wind_turbine_1,2008,1169.6,.
p60_onshore_wind_turbine_1,2009,594.5,.
p60_onshore_wind_turbine_1,2011,10,.
p60_onshore_wind_turbine_1,2012,165.4,.
p60_onshore_wind_turbine_1,2014,211,.
p60_onshore_wind_turbine_1,2015,1046.2,.
p60_onshore_wind_turbine_1,2016,837,.
p60_onshore_wind_turbine_1,2017,503,.
p60_onshore_wind_turbine_1,2018,80,.
p60_onshore_wind_turbine_1,2019,1021.9,.
p60_onshore_wind_turbine_1,2020,911.7,.
p60_onshore_wind_turbine_1,2021,650.5,.
p60_onshore_wind_turbine_1,2022,702.6,.
p60_onshore_wind_turbine_1,2023,301,.
p60_onshore_wind_turbine_1,2024,509.4,.
p60_onshore_wind_turbine_1,2025,202.5,.
p60_other_peaker_1,2021,1.2,.
p60_petroleum_liquids_1,1988,485,.
p60_solar_photovoltaic_1,2016,100,.
p60_solar_photovoltaic_1,2017,100,.
p60_solar_photovoltaic_1,2018,50,.
p60_solar_photovoltaic_1,2020,665,.
p60_solar_photovoltaic_1,2021,730.6,.
p60_solar_photovoltaic_1,2023,252,.
p60_solar_photovoltaic_1,2024,851,.
p60_solar_photovoltaic_1,2025,465,.
p60_solar_photovoltaic_1,2026,1450.8,.
p60_solar_photovoltaic_1,2028,505.2,.
p61_batteries_1,1532,9.9,19.8
p61_batteries_1,2020,19.8,34.4
p61_batteries_1,2021,19.4,26.9
p61_batteries_1,2022,130.7,229.7
p61_batteries_1,2023,319.8,619.8
p61_batteries_1,2024,813.3,1068.4
p61_batteries_1,2025,580,2169.4
p61_batteries_1,2026,203,812
p61_batteries_1,2027,265.8,1063.2
p61_batteries_1,2028,125,500
p61_conventional_hydroelectric_1,1983,58,.
p61_onshore_wind_turbine_1,2001,242.5,.
p61_onshore_wind_turbine_1,2002,167.7,.
p61_onshore_wind_turbine_1,2005,327,.
p61_onshore_wind_turbine_1,2006,767.3,.
p61_onshore_wind_turbine_1,2007,364,.
p61_onshore_wind_turbine_1,2008,748.7,.
p61_onshore_wind_turbine_1,2009,552.3,.
p61_onshore_wind_turbine_1,2011,132,.
p61_onshore_wind_turbine_1,2012,99.8,.
p61_onshore_wind_turbine_1,2017,149.3,.
p61_onshore_wind_turbine_1,2018,148.4,.
p61_onshore_wind_turbine_1,2019,801.9,.
p61_onshore_wind_turbine_1,2021,1365.6,.
p61_onshore_wind_turbine_1,2022,491.6,.
p61_onshore_wind_turbine_1,2023,223.9,.
p61_onshore_wind_turbine_1,2024,414.4,.
p61_onshore_wind_turbine_1,2025,265,.
p61_other_peaker_1,1981,0.8,.
p61_other_peaker_1,1986,0.5,.
p61_other_peaker_1,2017,0.5,.
p61_other_peaker_1,2018,1.2,.
p61_other_peaker_1,2021,3.7,.
p61_petroleum_liquids_1,2026,19.8,.
p61_solar_photovoltaic_1,2013,10,.
p61_solar_photovoltaic_1,2014,39.6,.
p61_solar_photovoltaic_1,2015,30.2,.
p61_solar_photovoltaic_1,2016,157.5,.
p61_solar_photovoltaic_1,2017,334.5,.
p61_solar_photovoltaic_1,2018,366,.
p61_solar_photovoltaic_1,2019,100,.
p61_solar_photovoltaic_1,2020,315,.
p61_solar_photovoltaic_1,2021,1450,.
p61_solar_photovoltaic_1,2023,473.6,.
p61_solar_photovoltaic_1,2024,490.8,.
p61_solar_photovoltaic_1,2025,721.4,.
p61_solar_photovoltaic_1,2027,171.9,.
p62_batteries_1,2012,36,13.6
p62_batteries_1,2019,9.9,42
p62_batteries_1,2020,9.9,9.9
p62_batteries_1,2021,49.9,59.8
p62_batteries_1,2022,333.7,629.7
p62_batteries_1,2023,275.8,583.4
p62_batteries_1,2024,19.8,19.8
p62_batteries_1,2025,209.9,809.9
p62_batteries_1,2028,98.6,394.4
p62_natural_gas_fired_combined_cycle_1,2002,168,.
p62_natural_gas_fired_combined_cycle_1,2007,266.1,.
p62_natural_gas_fired_combined_cycle_1,2008,98.1,.
p62_natural_gas_fired_combined_cycle_2,2001,1202.6,.
p62_natural_gas_fired_combustion_turbine_1,1988,233,.
p62_natural_gas_fired_combustion_turbine_1,1990,154,.
p62_natural_gas_fired_combustion_turbine_1,2015,336,.
p62_onshore_wind_turbine_1,2001,278,.
p62_onshore_wind_turbine_1,2007,89.5,.
p62_onshore_wind_turbine_1,2008,244.7,.
p62_onshore_wind_turbine_1,2009,152.5,.
p62_onshore_wind_turbine_1,2015,207.2,.
p62_onshore_wind_turbine_1,2018,496.7,.
p62_onshore_wind_turbine_1,2020,160.7,.
p62_onshore_wind_turbine_1,2022,473.1,.
p62_onshore_wind_turbine_1,2023,499.5,.
p62_onshore_wind_turbine_1,2024,140,.
p62_onshore_wind_turbine_1,2025,162.1,.
p62_other_peaker_1,2021,1.2,.
p62_petroleum_liquids_1,2013,54,.
p62_solar_photovoltaic_1,2017,150,.
p62_solar_photovoltaic_1,2018,180,.
p62_solar_photovoltaic_1,2019,350,.
p62_solar_photovoltaic_1,2020,1046.8,.
p62_solar_photovoltaic_1,2021,670,.
p62_solar_photovoltaic_1,2023,108,.
p62_solar_photovoltaic_1,2025,345,.
p62_solar_photovoltaic_1,2026,334,.
p62_solar_photovoltaic_1,2028,149.5,.
p63_batteries_1,2021,150,205.5
p63_batteries_1,2022,435,438
p63_batteries_1,2023,251.7,474.4
p63_batteries_1,2024,1168.1,1640.6
p63_batteries_1,2025,2290.7,7361.8
p63_batteries_1,2026,440,1760
p63_batteries_1,2027,346,1384
p63_biomass_1,2010,2.31022984011123,.
p63_biomass_1,2011,5.90301855231144,.
p63_conventional_hydroelectric_1,1945,50,.
p63_conventional_hydroelectric_1,1949,50,.
p63_conventional_hydroelectric_1,1953,42,.
p63_conventional_hydroelectric_1,2015,1.3,.
p63_conventional_steam_coal_1,1985,824,.
p63_conventional_steam_coal_1,1986,836,.
p63_conventional_steam_coal_1,2010,855,.
p63_conventional_steam_coal_1,2011,855,.
p63_conventional_steam_coal_1,2013,932.6,.
p63_conventional_steam_coal_2,1977,815,.
p63_conventional_steam_coal_2,1978,820,.
p63_conventional_steam_coal_2,1979,820,.
p63_conventional_steam_coal_2,1990,153,.
p63_conventional_steam_coal_2,1991,154,.
p63_natural_gas_fired_combined_cycle_1,1996,278,.
p63_natural_gas_fired_combined_cycle_1,2000,2610,.
p63_natural_gas_fired_combined_cycle_1,2001,1741,.
p63_natural_gas_fired_combined_cycle_1,2002,1488.1,.
p63_natural_gas_fired_combined_cycle_1,2003,2741,.
p63_natural_gas_fired_combined_cycle_1,2004,782,.
p63_natural_gas_fired_combined_cycle_1,2006,640,.
p63_natural_gas_fired_combined_cycle_1,2010,217,.
p63_natural_gas_fired_combined_cycle_1,2011,640,.
p63_natural_gas_fired_combined_cycle_1,2014,1554,.
p63_natural_gas_fired_combined_cycle_1,2015,790,.
p63_natural_gas_fired_combined_cycle_1,2017,1181,.
p63_natural_gas_fired_combined_cycle_2,1987,59.1,.
p63_natural_gas_fired_combined_cycle_2,1989,263,.
p63_natural_gas_fired_combustion_turbine_1,1990,347,.
p63_natural_gas_fired_combustion_turbine_1,1994,236,.
p63_natural_gas_fired_combustion_turbine_1,2001,91.6,.
p63_natural_gas_fired_combustion_turbine_1,2026,460,.
p63_nuclear_1,1990,1235,.
p63_nuclear_1,1993,1225,.
p63_onshore_wind_turbine_1,2007,200,.
p63_onshore_wind_turbine_1,2008,327.6,.
p63_onshore_wind_turbine_1,2009,120,.
p63_onshore_wind_turbine_1,2011,198,.
p63_onshore_wind_turbine_1,2012,311,.
p63_onshore_wind_turbine_1,2013,150,.
p63_onshore_wind_turbine_1,2014,67.6,.
p63_onshore_wind_turbine_1,2015,514.1,.
p63_onshore_wind_turbine_1,2016,125,.
p63_onshore_wind_turbine_1,2017,100.5,.
p63_onshore_wind_turbine_1,2018,360,.
p63_onshore_wind_turbine_1,2020,480,.
p63_onshore_wind_turbine_1,2021,475.3,.
p63_onshore_wind_turbine_1,2022,1494.6,.
p63_onshore_wind_turbine_1,2023,196.8,.
p63_onshore_wind_turbine_1,2024,606.2,.
p63_onshore_wind_turbine_1,2025,150,.
p63_onshore_wind_turbine_1,2027,170,.
p63_other_peaker_1,1956,122,.
p63_other_peaker_1,1958,285,.
p63_other_peaker_1,1960,239,.
p63_other_peaker_1,1963,375,.
p63_other_peaker_1,1965,737,.
p63_other_peaker_1,1966,79,.
p63_other_peaker_1,1967,643,.
p63_other_peaker_1,1969,390,.
p63_other_peaker_1,1970,392,.
p63_other_peaker_1,1971,107,.
p63_other_peaker_1,1972,118,.
p63_other_peaker_1,1973,584,.
p63_other_peaker_1,1975,195,.
p63_other_peaker_1,1976,573,.
p63_other_peaker_1,1977,435,.
p63_other_peaker_1,1994,1.8,.
p63_other_peaker_1,2000,0.8,.
p63_other_peaker_1,2001,4.8,.
p63_other_peaker_1,2002,0.8,.
p63_other_peaker_1,2009,0.8,.
p63_other_peaker_1,2010,24.6,.
p63_other_peaker_1,2013,3.2,.
p63_other_peaker_1,2018,226.8,.
p63_other_peaker_1,2020,10.8,.
p63_other_peaker_1,2021,16.8,.
p63_other_peaker_1,2022,8.4,.
p63_other_peaker_1,2023,16.8,.
p63_other_peaker_1,2024,7.2,.
p63_petroleum_liquids_1,1966,14,.
p63_petroleum_liquids_1,1967,23,.
p63_petroleum_liquids_1,1974,2,.
p63_petroleum_liquids_1,1975,2,.
p63_petroleum_liquids_1,1978,41,.
p63_petroleum_liquids_1,1980,0.9,.
p63_petroleum_liquids_1,1998,10.8,.
p63_petroleum_liquids_1,2020,5.2,.
p63_petroleum_liquids_1,2025,9.9,.
p63_small_hydroelectric_1,1992,0.405223540145985,.
p63_solar_photovoltaic_1,2015,2,.
p63_solar_photovoltaic_1,2016,5,.
p63_solar_photovoltaic_1,2017,75.3,.
p63_solar_photovoltaic_1,2018,40,.
p63_solar_photovoltaic_1,2019,5,.
p63_solar_photovoltaic_1,2020,316.5,.
p63_solar_photovoltaic_1,2021,623.7,.
p63_solar_photovoltaic_1,2022,1276.9,.
p63_solar_photovoltaic_1,2023,1326,.
p63_solar_photovoltaic_1,2024,3405.5,.
p63_solar_photovoltaic_1,2025,6060.5,.
p63_solar_photovoltaic_1,2026,1279,.
p63_solar_photovoltaic_1,2027,321,.
p63_solar_photovoltaic_1,2028,145.6,.
p64_batteries_1,2012,5,5
p64_batteries_1,2018,1.5,3
p64_batteries_1,2020,9.9,9.9
p64_batteries_1,2021,200,220
p64_batteries_1,2022,100,100
p64_batteries_1,2023,362.5,548.7
p64_batteries_1,2024,425,877
p64_batteries_1,2025,489.9,1944.7
p64_biomass_1,2007,3.57128035320088,.
p64_biomass_1,2010,2.68333079886456,.
p64_conventional_hydroelectric_1,1938,36.6,.
p64_conventional_hydroelectric_1,1941,108,.
p64_conventional_hydroelectric_1,1950,18.3,.
p64_conventional_hydroelectric_1,1951,93.6,.
p64_conventional_steam_coal_1,1988,440,.
p64_conventional_steam_coal_2,1979,598,.
p64_conventional_steam_coal_2,1980,598,.
p64_natural_gas_fired_combined_cycle_1,2000,1968,.
p64_natural_gas_fired_combined_cycle_1,2001,540,.
p64_natural_gas_fired_combined_cycle_1,2002,2550,.
p64_natural_gas_fired_combined_cycle_1,2004,344,.
p64_natural_gas_fired_combined_cycle_1,2014,556,.
p64_natural_gas_fired_combined_cycle_2,1959,6,.
p64_natural_gas_fired_combined_cycle_2,1979,27.2,.
p64_natural_gas_fired_combined_cycle_2,1987,45.8,.
p64_natural_gas_fired_combined_cycle_2,2004,25.7,.
p64_natural_gas_fired_combined_cycle_2,2010,32.5,.
p64_natural_gas_fired_combined_cycle_2,2011,45.1,.
p64_natural_gas_fired_combustion_turbine_1,1975,21,.
p64_natural_gas_fired_combustion_turbine_1,1988,240,.
p64_natural_gas_fired_combustion_turbine_1,2001,189.2,.
p64_natural_gas_fired_combustion_turbine_1,2004,48.1,.
p64_natural_gas_fired_combustion_turbine_1,2006,4.6,.
p64_natural_gas_fired_combustion_turbine_1,2010,326.7,.
p64_other_peaker_1,1965,140,.
p64_other_peaker_1,1968,140,.
p64_other_peaker_1,1972,340,.
p64_other_peaker_1,1978,110,.
p64_other_peaker_1,1988,8.8,.
p64_other_peaker_1,2016,50.4,.
p64_other_peaker_1,2018,11.2,.
p64_other_peaker_1,2021,2.4,.
p64_other_peaker_1,2025,180,.
p64_petroleum_liquids_1,2006,1.5,.
p64_petroleum_liquids_1,2013,9,.
p64_small_hydroelectric_1,1927,1.06059569421638,.
p64_small_hydroelectric_1,1938,1.37660938767234,.
p64_small_hydroelectric_1,1940,0,.
p64_small_hydroelectric_1,1989,0.635005575831306,.
p64_solar_photovoltaic_1,2011,30,.
p64_solar_photovoltaic_1,2012,1.3,.
p64_solar_photovoltaic_1,2015,1.2,.
p64_solar_photovoltaic_1,2017,1.5,.
p64_solar_photovoltaic_1,2018,12.6,.
p64_solar_photovoltaic_1,2019,7.5,.
p64_solar_photovoltaic_1,2021,150.7,.
p64_solar_photovoltaic_1,2023,1.9,.
p64_solar_photovoltaic_1,2025,988.8,.
p64_solar_photovoltaic_1,2026,150,.
p64_solar_photovoltaic_1,2028,78.8,.
p65_batteries_1,1542,200,200
p65_batteries_1,2019,10,10
p65_batteries_1,2020,9.9,11.9
p65_batteries_1,2021,19.8,19.8
p65_batteries_1,2022,59.4,59.4
p65_batteries_1,2023,259.9,259.9
p65_batteries_1,2024,326.5,587.4
p65_batteries_1,2025,1452.2,5423.2
p65_batteries_1,2026,810,3240
p65_batteries_1,2027,200,800
p65_biomass_1,2014,1.56029501216545,.
p65_conventional_hydroelectric_1,1954,30.5,.
p65_conventional_steam_coal_1,1530,560,.
p65_conventional_steam_coal_1,1980,655,.
p65_conventional_steam_coal_1,1983,61.4,.
p65_conventional_steam_coal_1,2010,785,.
p65_conventional_steam_coal_2,1982,391,.
p65_natural_gas_fired_combined_cycle_1,1959,20,.
p65_natural_gas_fired_combined_cycle_1,1963,112,.
p65_natural_gas_fired_combined_cycle_1,1996,52,.
p65_natural_gas_fired_combined_cycle_1,2000,411,.
p65_natural_gas_fired_combined_cycle_1,2003,183,.
p65_natural_gas_fired_combined_cycle_1,2009,176,.
p65_natural_gas_fired_combined_cycle_2,1972,325,.
p65_natural_gas_fired_combined_cycle_2,1976,325,.
p65_natural_gas_fired_combined_cycle_2,1987,32,.
p65_natural_gas_fired_combined_cycle_2,1993,270,.
p65_natural_gas_fired_combined_cycle_2,1994,266.5,.
p65_natural_gas_fired_combined_cycle_2,1999,878,.
p65_natural_gas_fired_combined_cycle_2,2000,1281,.
p65_natural_gas_fired_combined_cycle_2,2002,1606.7,.
p65_natural_gas_fired_combined_cycle_2,2003,90,.
p65_natural_gas_fired_combined_cycle_2,2007,103,.
p65_natural_gas_fired_combined_cycle_2,2008,103,.
p65_natural_gas_fired_combined_cycle_2,2010,660,.
p65_natural_gas_fired_combined_cycle_2,2017,1210.3,.
p65_natural_gas_fired_combined_cycle_2,2023,244,.
p65_natural_gas_fired_combustion_turbine_1,1969,12,.
p65_natural_gas_fired_combustion_turbine_1,1984,84,.
p65_natural_gas_fired_combustion_turbine_1,1987,164,.
p65_natural_gas_fired_combustion_turbine_1,1988,41,.
p65_natural_gas_fired_combustion_turbine_1,1989,79,.
p65_natural_gas_fired_combustion_turbine_1,2000,38,.
p65_natural_gas_fired_combustion_turbine_1,2004,232,.
p65_natural_gas_fired_combustion_turbine_1,2008,191.8,.
p65_natural_gas_fired_combustion_turbine_1,2010,191,.
p65_natural_gas_fired_combustion_turbine_1,2017,92,.
p65_natural_gas_fired_combustion_turbine_1,2019,96,.
p65_natural_gas_fired_combustion_turbine_1,2020,96,.
p65_natural_gas_fired_combustion_turbine_1,2022,96,.
p65_natural_gas_fired_combustion_turbine_1,2023,62,.
p65_nuclear_1,1988,1340,.
p65_nuclear_1,1989,1320,.
p65_onshore_wind_turbine_1,2008,283.2,.
p65_onshore_wind_turbine_1,2009,381.6,.
p65_onshore_wind_turbine_1,2010,701.7,.
p65_onshore_wind_turbine_1,2012,696.9,.
p65_onshore_wind_turbine_1,2014,188,.
p65_onshore_wind_turbine_1,2015,802.7,.
p65_onshore_wind_turbine_1,2016,650,.
p65_onshore_wind_turbine_1,2017,572.3,.
p65_onshore_wind_turbine_1,2018,201,.
p65_onshore_wind_turbine_1,2019,1433.7,.
p65_onshore_wind_turbine_1,2020,545.8,.
p65_onshore_wind_turbine_1,2021,1120.5,.
p65_onshore_wind_turbine_1,2022,688.4,.
p65_onshore_wind_turbine_1,2023,239.6,.
p65_onshore_wind_turbine_1,2025,1148.2,.
p65_other_peaker_1,1527,420,.
p65_other_peaker_1,1529,410,.
p65_other_peaker_1,1964,15,.
p65_other_peaker_1,1966,217,.
p65_other_peaker_1,1968,230,.
p65_other_peaker_1,1970,412,.
p65_other_peaker_1,1974,292,.
p65_other_peaker_1,1987,30,.
p65_other_peaker_1,2010,201.6,.
p65_other_peaker_1,2012,286.2,.
p65_other_peaker_1,2016,220.8,.
p65_other_peaker_1,2017,2.8,.
p65_other_peaker_1,2018,4.4,.
p65_other_peaker_1,2019,4.8,.
p65_other_peaker_1,2020,9.2,.
p65_other_peaker_1,2021,10.8,.
p65_petroleum_liquids_1,1991,1.8,.
p65_petroleum_liquids_1,2001,5,.
p65_petroleum_liquids_1,2013,54,.
p65_petroleum_liquids_1,2020,1.3,.
p65_small_hydroelectric_1,1932,4.17022759529603,.
p65_solar_photovoltaic_1,2010,13.5,.
p65_solar_photovoltaic_1,2012,30.4,.
p65_solar_photovoltaic_1,2013,40.7,.
p65_solar_photovoltaic_1,2014,4.4,.
p65_solar_photovoltaic_1,2015,105.5,.
p65_solar_photovoltaic_1,2016,1,.
p65_solar_photovoltaic_1,2019,34,.
p65_solar_photovoltaic_1,2020,10,.
p65_solar_photovoltaic_1,2021,337,.
p65_solar_photovoltaic_1,2022,430.7,.
p65_solar_photovoltaic_1,2023,1080.5,.
p65_solar_photovoltaic_1,2024,1285.8,.
p65_solar_photovoltaic_1,2025,2660.3,.
p65_solar_photovoltaic_1,2028,201.5,.
p65_waste_heat_1,1983,5.75297787408759,.
p65_waste_heat_1,1989,1.26409662714463,.
p65_waste_heat_1,1997,2.00569998173615,.
p65_waste_heat_1,2027,0,.
p66_biomass_1,1954,2.54402688193458,.
p66_biomass_1,1965,8.83714601093066,.
p66_biomass_1,1986,4.82026146050763,.
p66_biomass_1,2003,1.41896036090835,.
p66_biomass_1,2012,18.9275395377129,.
p66_conventional_hydroelectric_1,1965,52,.
p66_conventional_hydroelectric_1,1969,80,.
p66_natural_gas_fired_combined_cycle_1,1983,38,.
p66_natural_gas_fired_combined_cycle_1,1987,98,.
p66_natural_gas_fired_combined_cycle_1,2001,450,.
p66_natural_gas_fired_combined_cycle_1,2002,819,.
p66_natural_gas_fired_combined_cycle_1,2011,185.6,.
p66_natural_gas_fired_combined_cycle_1,2026,1217.2,.
p66_natural_gas_fired_combined_cycle_2,2003,1220.1,.
p66_natural_gas_fired_combined_cycle_2,2021,1000,.
p66_natural_gas_fired_combustion_turbine_1,1970,16,.
p66_natural_gas_fired_combustion_turbine_1,1988,35.8,.
p66_natural_gas_fired_combustion_turbine_1,1992,71,.
p66_natural_gas_fired_combustion_turbine_1,1993,38,.
p66_natural_gas_fired_combustion_turbine_1,1999,20.2,.
p66_natural_gas_fired_combustion_turbine_1,2000,37.3,.
p66_natural_gas_fired_combustion_turbine_1,2001,426.5,.
p66_natural_gas_fired_combustion_turbine_1,2004,165,.
p66_natural_gas_fired_combustion_turbine_1,2005,330,.
p66_natural_gas_fired_combustion_turbine_1,2009,15,.
p66_natural_gas_fired_combustion_turbine_1,2012,32.8,.
p66_other_peaker_1,1526,1074.3,.
p66_other_peaker_1,1534,503.8,.
p66_other_peaker_1,1957,10.7,.
p66_other_peaker_1,1962,8.6,.
p66_other_peaker_1,1966,20,.
p66_other_peaker_1,1967,30,.
p66_other_peaker_1,1970,25,.
p66_other_peaker_1,1978,52,.
p66_other_peaker_1,1979,436.3,.
p66_other_peaker_1,1987,13.5,.
p66_other_peaker_1,1993,38.6,.
p66_other_peaker_1,2006,104.7,.
p66_other_peaker_1,2019,1.2,.
p66_other_peaker_1,2020,2.4,.
p66_other_peaker_1,2021,5.6,.
p66_other_peaker_1,2022,1.2,.
p66_solar_photovoltaic_1,2023,150,.
p66_solar_photovoltaic_1,2024,100,.
p67_batteries_1,2020,59.4,59.5
p67_batteries_1,2021,119.8,219.8
p67_batteries_1,2022,100,100
p67_batteries_1,2024,747.4,1090.1
p67_batteries_1,2025,1789,6380.8
p67_batteries_1,2026,910.8,3643.2
p67_conventional_steam_coal_1,1980,577,.
p67_conventional_steam_coal_1,1982,610,.
p67_conventional_steam_coal_2,1977,664,.
p67_conventional_steam_coal_2,1978,663,.
p67_natural_gas_fired_combined_cycle_1,1982,378.1,.
p67_natural_gas_fired_combined_cycle_1,1984,201.7,.
p67_natural_gas_fired_combined_cycle_1,1985,179.9,.
p67_natural_gas_fired_combined_cycle_1,1986,353.5,.
p67_natural_gas_fired_combined_cycle_1,1987,435,.
p67_natural_gas_fired_combined_cycle_1,1994,430,.
p67_natural_gas_fired_combined_cycle_1,1995,66,.
p67_natural_gas_fired_combined_cycle_1,2005,78,.
p67_natural_gas_fired_combined_cycle_1,2007,258.7,.
p67_natural_gas_fired_combined_cycle_2,1972,414,.
p67_natural_gas_fired_combined_cycle_2,1974,358,.
p67_natural_gas_fired_combined_cycle_2,1998,247,.
p67_natural_gas_fired_combined_cycle_2,2000,529,.
p67_natural_gas_fired_combined_cycle_2,2001,361,.
p67_natural_gas_fired_combined_cycle_2,2002,1089,.
p67_natural_gas_fired_combined_cycle_2,2003,1502,.
p67_natural_gas_fired_combined_cycle_2,2004,664,.
p67_natural_gas_fired_combined_cycle_2,2009,532,.
p67_natural_gas_fired_combined_cycle_2,2014,374,.
p67_natural_gas_fired_combustion_turbine_1,1967,29,.
p67_natural_gas_fired_combustion_turbine_1,1975,390,.
p67_natural_gas_fired_combustion_turbine_1,1976,396,.
p67_natural_gas_fired_combustion_turbine_1,1977,96,.
p67_natural_gas_fired_combustion_turbine_1,1985,38,.
p67_natural_gas_fired_combustion_turbine_1,1986,2.8,.
p67_natural_gas_fired_combustion_turbine_1,1988,38.7,.
p67_natural_gas_fired_combustion_turbine_1,1989,143.8,.
p67_natural_gas_fired_combustion_turbine_1,1991,8.4,.
p67_natural_gas_fired_combustion_turbine_1,1995,351,.
p67_natural_gas_fired_combustion_turbine_1,1996,8.4,.
p67_natural_gas_fired_combustion_turbine_1,1997,467,.
p67_natural_gas_fired_combustion_turbine_1,1999,85,.
p67_natural_gas_fired_combustion_turbine_1,2000,126,.
p67_natural_gas_fired_combustion_turbine_1,2001,152,.
p67_natural_gas_fired_combustion_turbine_1,2004,180.1,.
p67_natural_gas_fired_combustion_turbine_1,2010,51,.
p67_natural_gas_fired_combustion_turbine_1,2013,81,.
p67_natural_gas_fired_combustion_turbine_1,2014,93,.
p67_natural_gas_fired_combustion_turbine_1,2015,186,.
p67_natural_gas_fired_combustion_turbine_1,2016,93,.
p67_natural_gas_fired_combustion_turbine_1,2017,92,.
p67_natural_gas_fired_combustion_turbine_1,2018,490.4,.
p67_natural_gas_fired_combustion_turbine_1,2019,87,.
p67_natural_gas_fired_combustion_turbine_1,2020,100,.
p67_natural_gas_fired_combustion_turbine_1,2021,896.4,.
p67_natural_gas_fired_combustion_turbine_1,2022,793.2,.
p67_natural_gas_fired_combustion_turbine_1,2023,398.4,.
p67_natural_gas_fired_combustion_turbine_1,2024,548,.
p67_natural_gas_fired_combustion_turbine_1,2026,444,.
p67_other_peaker_1,1958,338,.
p67_other_peaker_1,1961,258,.
p67_other_peaker_1,1968,552,.
p67_other_peaker_1,1970,745,.
p67_other_peaker_1,1972,784,.
p67_other_peaker_1,1993,5.2,.
p67_other_peaker_1,2000,42.5,.
p67_other_peaker_1,2017,6.8,.
p67_other_peaker_1,2018,3.6,.
p67_other_peaker_1,2019,14,.
p67_other_peaker_1,2020,19.3,.
p67_other_peaker_1,2021,42,.
p67_other_peaker_1,2022,2.4,.
p67_other_peaker_1,2023,1.2,.
p67_other_peaker_1,2024,4.8,.
p67_petroleum_liquids_1,2013,40.8,.
p67_petroleum_liquids_1,2014,2.4,.
p67_solar_photovoltaic_1,2018,10,.
p67_solar_photovoltaic_1,2020,120,.
p67_solar_photovoltaic_1,2022,816.5,.
p67_solar_photovoltaic_1,2023,240,.
p67_solar_photovoltaic_1,2024,730,.
p67_solar_photovoltaic_1,2025,979.5,.
p67_waste_heat_1,1952,7.5,.
p67_waste_heat_1,1970,0.55398756142752,.
p67_waste_heat_1,1977,2.25288274980525,.
p67_waste_heat_1,1979,82.8075213148824,.
p67_waste_heat_1,1996,3.92979521492295,.
p67_waste_heat_1,1999,11.7,.
p67_waste_heat_1,2015,8.68724059712084,.
p68_natural_gas_fired_combined_cycle_1,2006,510,.
p68_natural_gas_fired_combined_cycle_1,2019,210,.
p68_natural_gas_fired_combustion_turbine_1,2001,901.6,.
p68_natural_gas_fired_combustion_turbine_1,2002,128.6,.
p68_onshore_wind_turbine_1,2003,21.3,.
p68_onshore_wind_turbine_1,2004,11.5,.
p68_onshore_wind_turbine_1,2005,102.2,.
p68_onshore_wind_turbine_1,2006,109.3,.
p68_onshore_wind_turbine_1,2007,101.9,.
p68_onshore_wind_turbine_1,2008,292.6,.
p68_onshore_wind_turbine_1,2009,100.5,.
p68_onshore_wind_turbine_1,2010,148.8,.
p68_onshore_wind_turbine_1,2011,406.8,.
p68_onshore_wind_turbine_1,2012,36,.
p68_onshore_wind_turbine_1,2015,195.8,.
p68_onshore_wind_turbine_1,2016,213,.
p68_onshore_wind_turbine_1,2020,2.5,.
p68_onshore_wind_turbine_1,2021,200,.
p68_other_peaker_1,1953,1.3,.
p68_other_peaker_1,1954,2.2,.
p68_other_peaker_1,1957,1.3,.
p68_other_peaker_1,1959,1.3,.
p68_other_peaker_1,1965,13.2,.
p68_other_peaker_1,1966,2.1,.
p68_other_peaker_1,1974,2.2,.
p68_other_peaker_1,1975,2.3,.
p68_other_peaker_1,1987,6.2,.
p68_other_peaker_1,1997,4.7,.
p68_other_peaker_1,2005,1,.
p68_other_peaker_1,2014,26,.
p68_petroleum_liquids_1,1949,0.8,.
p68_petroleum_liquids_1,1952,1.7,.
p68_petroleum_liquids_1,1954,1.2,.
p68_petroleum_liquids_1,1955,1.8,.
p68_petroleum_liquids_1,1959,1,.
p68_petroleum_liquids_1,1960,3.5,.
p68_petroleum_liquids_1,1965,3,.
p68_petroleum_liquids_1,1971,2,.
p68_petroleum_liquids_1,1972,1.2,.
p68_petroleum_liquids_1,1973,4,.
p68_petroleum_liquids_1,1975,39,.
p68_petroleum_liquids_1,1985,0.9,.
p68_petroleum_liquids_1,1993,4.8,.
p68_petroleum_liquids_1,1994,1.8,.
p68_petroleum_liquids_1,1995,1.8,.
p68_petroleum_liquids_1,1996,5.4,.
p68_petroleum_liquids_1,1997,1.8,.
p68_petroleum_liquids_1,1998,9,.
p68_petroleum_liquids_1,1999,3.8,.
p68_petroleum_liquids_1,2001,35.3,.
p68_petroleum_liquids_1,2002,14,.
p68_petroleum_liquids_1,2003,4,.
p68_petroleum_liquids_1,2004,2.1,.
p68_petroleum_liquids_1,2005,8.2,.
p68_petroleum_liquids_1,2009,8,.
p68_petroleum_liquids_1,2015,2.9,.
p68_petroleum_liquids_1,2022,1.8,.
p68_petroleum_liquids_1,2024,5.6,.
p68_solar_photovoltaic_1,2016,15.5,.
p68_solar_photovoltaic_1,2017,12.5,.
p68_solar_photovoltaic_1,2018,17,.
p68_solar_photovoltaic_1,2019,6.5,.
p68_solar_photovoltaic_1,2020,14,.
p68_solar_photovoltaic_1,2021,12.2,.
p68_solar_photovoltaic_1,2022,6,.
p68_solar_photovoltaic_1,2023,7,.
p68_solar_photovoltaic_1,2024,96,.
p68_waste_heat_1,2010,4.51857765612328,.
p69_batteries_1,2021,2.5,2.9
p69_natural_gas_fired_combustion_turbine_1,1968,17.6,.
p69_natural_gas_fired_combustion_turbine_1,1969,35,.
p69_natural_gas_fired_combustion_turbine_1,1975,64.5,.
p69_natural_gas_fired_combustion_turbine_1,1978,150.6,.
p69_natural_gas_fired_combustion_turbine_1,2000,22.7,.
p69_onshore_wind_turbine_1,2001,0.9,.
p69_onshore_wind_turbine_1,2008,375,.
p69_onshore_wind_turbine_1,2009,100.4,.
p69_onshore_wind_turbine_1,2011,3.1,.
p69_onshore_wind_turbine_1,2012,34.9,.
p69_onshore_wind_turbine_1,2014,138.6,.
p69_onshore_wind_turbine_1,2018,289.2,.
p69_onshore_wind_turbine_1,2019,66,.
p69_onshore_wind_turbine_1,2023,200,.
p69_other_peaker_1,1958,3.5,.
p69_other_peaker_1,1963,22.5,.
p69_other_peaker_1,1967,10.9,.
p69_other_peaker_1,1973,52.2,.
p69_other_peaker_1,1982,7.5,.
p69_petroleum_liquids_1,1941,0.3,.
p69_petroleum_liquids_1,1951,0.4,.
p69_petroleum_liquids_1,1961,0.9,.
p69_petroleum_liquids_1,1963,2.2,.
p69_petroleum_liquids_1,1972,3.5,.
p69_petroleum_liquids_1,1977,1.2,.
p69_petroleum_liquids_1,1988,1.1,.
p69_petroleum_liquids_1,1990,3,.
p69_petroleum_liquids_1,1993,7,.
p69_petroleum_liquids_1,1995,1.6,.
p69_petroleum_liquids_1,1996,3.6,.
p69_petroleum_liquids_1,1998,3.6,.
p69_petroleum_liquids_1,1999,12.2,.
p69_petroleum_liquids_1,2000,33,.
p69_petroleum_liquids_1,2002,3.6,.
p69_petroleum_liquids_1,2005,2,.
p69_petroleum_liquids_1,2013,1.8,.
p69_petroleum_liquids_1,2014,1,.
p69_petroleum_liquids_1,2015,8.3,.
p69_petroleum_liquids_1,2021,5.4,.
p69_solar_photovoltaic_1,2016,1.6,.
p69_solar_photovoltaic_1,2017,1.3,.
p69_solar_photovoltaic_1,2019,1.5,.
p69_solar_photovoltaic_1,2022,4.5,.
p7_conventional_hydroelectric_1,1961,217.65,.
p7_geothermal_1,2012,28.5,.
p7_onshore_wind_turbine_1,2011,3,.
p7_onshore_wind_turbine_1,2017,50,.
p7_small_hydroelectric_1,1985,3.00904597586937,.
p7_small_hydroelectric_1,1989,0.656771235408333,.
p7_small_hydroelectric_1,1993,2.1721557129338,.
p7_solar_photovoltaic_1,2012,6.4,.
p7_solar_photovoltaic_1,2016,57.5,.
p7_solar_photovoltaic_1,2017,10,.
p7_solar_photovoltaic_1,2019,67.2,.
p7_solar_photovoltaic_1,2020,96.7,.
p7_solar_photovoltaic_1,2023,3,.
p70_batteries_1,2018,1.1,4
p70_batteries_1,2020,0.3,0.6
p70_batteries_1,2023,5,10
p70_biomass_1,1995,0.423012469586375,.
p70_biomass_1,1998,5.69274272969529,.
p70_biomass_1,2013,0.335880474452555,.
p70_biomass_1,2014,4.26955704727146,.
p70_biomass_1,2015,0.393778892944039,.
p70_conventional_hydroelectric_1,1913,146,.
p70_conventional_hydroelectric_1,2021,55,.
p70_conventional_steam_coal_1,1988,124,.
p70_conventional_steam_coal_1,1995,31,.
p70_conventional_steam_coal_1,2000,105,.
p70_conventional_steam_coal_1,2007,32,.
p70_conventional_steam_coal_1,2009,180,.
p70_conventional_steam_coal_2,1525,3.6,.
p70_conventional_steam_coal_2,1958,47.8,.
p70_conventional_steam_coal_2,1969,68,.
p70_conventional_steam_coal_2,1981,716.3,.
p70_conventional_steam_coal_2,1983,915.8,.
p70_natural_gas_fired_combined_cycle_1,2003,400.5,.
p70_natural_gas_fired_combined_cycle_1,2004,190,.
p70_natural_gas_fired_combined_cycle_2,2004,40,.
p70_natural_gas_fired_combined_cycle_2,2017,697.5,.
p70_natural_gas_fired_combustion_turbine_1,1530,37.2,.
p70_natural_gas_fired_combustion_turbine_1,1966,64,.
p70_natural_gas_fired_combustion_turbine_1,1967,32,.
p70_natural_gas_fired_combustion_turbine_1,1968,32,.
p70_natural_gas_fired_combustion_turbine_1,1970,68.8,.
p70_natural_gas_fired_combustion_turbine_1,1973,34.9,.
p70_natural_gas_fired_combustion_turbine_1,1974,158,.
p70_natural_gas_fired_combustion_turbine_1,1975,32.8,.
p70_natural_gas_fired_combustion_turbine_1,1978,192.5,.
p70_natural_gas_fired_combustion_turbine_1,1990,84,.
p70_natural_gas_fired_combustion_turbine_1,1994,92,.
p70_natural_gas_fired_combustion_turbine_1,1999,10,.
p70_natural_gas_fired_combustion_turbine_1,2006,3,.
p70_natural_gas_fired_combustion_turbine_1,2016,41,.
p70_onshore_wind_turbine_1,2007,14.7,.
p70_onshore_wind_turbine_1,2008,324.8,.
p70_onshore_wind_turbine_1,2009,150,.
p70_onshore_wind_turbine_1,2010,6,.
p70_onshore_wind_turbine_1,2011,605.1,.
p70_onshore_wind_turbine_1,2012,474.1,.
p70_onshore_wind_turbine_1,2013,44.6,.
p70_onshore_wind_turbine_1,2014,119.6,.
p70_onshore_wind_turbine_1,2015,103.6,.
p70_onshore_wind_turbine_1,2016,56,.
p70_onshore_wind_turbine_1,2017,195.8,.
p70_onshore_wind_turbine_1,2018,889,.
p70_onshore_wind_turbine_1,2019,711.5,.
p70_onshore_wind_turbine_1,2020,310,.
p70_onshore_wind_turbine_1,2021,311.9,.
p70_onshore_wind_turbine_1,2022,7.9,.
p70_onshore_wind_turbine_1,2023,224.4,.
p70_onshore_wind_turbine_1,2024,38.7,.
p70_other_peaker_1,1951,0.8,.
p70_other_peaker_1,1952,36.8,.
p70_other_peaker_1,1955,1.3,.
p70_other_peaker_1,1956,3,.
p70_other_peaker_1,1958,1.2,.
p70_other_peaker_1,1961,2.5,.
p70_other_peaker_1,1962,2.2,.
p70_other_peaker_1,1964,2.2,.
p70_other_peaker_1,1966,1.7,.
p70_other_peaker_1,1967,136.3,.
p70_other_peaker_1,1968,182.8,.
p70_other_peaker_1,1969,1.9,.
p70_other_peaker_1,1970,11.5,.
p70_other_peaker_1,1972,8.9,.
p70_other_peaker_1,1973,5.6,.
p70_other_peaker_1,1974,17.5,.
p70_other_peaker_1,1975,2.3,.
p70_other_peaker_1,1978,13.3,.
p70_other_peaker_1,1980,1.8,.
p70_other_peaker_1,1982,74.6,.
p70_other_peaker_1,1988,7.9,.
p70_other_peaker_1,1992,3,.
p70_other_peaker_1,1998,1,.
p70_other_peaker_1,2004,6,.
p70_other_peaker_1,2005,15.1,.
p70_other_peaker_1,2010,2.8,.
p70_other_peaker_1,2014,8,.
p70_other_peaker_1,2018,5,.
p70_other_peaker_1,2019,0.9,.
p70_other_peaker_1,2021,55.2,.
p70_other_peaker_1,2022,15.8,.
p70_petroleum_liquids_1,1939,0.2,.
p70_petroleum_liquids_1,1940,0.4,.
p70_petroleum_liquids_1,1941,0.3,.
p70_petroleum_liquids_1,1945,0.2,.
p70_petroleum_liquids_1,1946,0.2,.
p70_petroleum_liquids_1,1947,0.5,.
p70_petroleum_liquids_1,1948,0.6,.
p70_petroleum_liquids_1,1951,1.3,.
p70_petroleum_liquids_1,1953,0.7,.
p70_petroleum_liquids_1,1955,1.1,.
p70_petroleum_liquids_1,1956,0.6,.
p70_petroleum_liquids_1,1957,0.7,.
p70_petroleum_liquids_1,1958,1,.
p70_petroleum_liquids_1,1959,1.1,.
p70_petroleum_liquids_1,1963,2.6,.
p70_petroleum_liquids_1,1964,2.3,.
p70_petroleum_liquids_1,1968,1.1,.
p70_petroleum_liquids_1,1970,1.2,.
p70_petroleum_liquids_1,1971,8.1,.
p70_petroleum_liquids_1,1972,47.1,.
p70_petroleum_liquids_1,1973,4.4,.
p70_petroleum_liquids_1,1974,2.1,.
p70_petroleum_liquids_1,1975,2.8,.
p70_petroleum_liquids_1,1977,23,.
p70_petroleum_liquids_1,1978,4,.
p70_petroleum_liquids_1,1982,2.7,.
p70_petroleum_liquids_1,1986,5.6,.
p70_petroleum_liquids_1,1988,2.5,.
p70_petroleum_liquids_1,1990,1.6,.
p70_petroleum_liquids_1,1992,27.2,.
p70_petroleum_liquids_1,1993,8.9,.
p70_petroleum_liquids_1,1994,11.7,.
p70_petroleum_liquids_1,1995,4.9,.
p70_petroleum_liquids_1,1996,5.1,.
p70_petroleum_liquids_1,1998,8.1,.
p70_petroleum_liquids_1,1999,1.7,.
p70_petroleum_liquids_1,2000,55.7,.
p70_petroleum_liquids_1,2001,39.1,.
p70_petroleum_liquids_1,2002,42.6,.
p70_petroleum_liquids_1,2003,40,.
p70_petroleum_liquids_1,2004,19.7,.
p70_petroleum_liquids_1,2005,57.8,.
p70_petroleum_liquids_1,2006,8,.
p70_petroleum_liquids_1,2007,1.5,.
p70_petroleum_liquids_1,2009,0.6,.
p70_petroleum_liquids_1,2010,2,.
p70_petroleum_liquids_1,2011,17.8,.
p70_petroleum_liquids_1,2012,8.3,.
p70_petroleum_liquids_1,2016,0.5,.
p70_petroleum_liquids_1,2019,2.6,.
p70_petroleum_liquids_1,2020,8.9,.
p70_petroleum_liquids_1,2021,1.8,.
p70_petroleum_liquids_1,2022,4,.
p70_small_hydroelectric_1,1924,0.74698398215734,.
p70_small_hydroelectric_1,1931,0.769920924574209,.
p70_solar_photovoltaic_1,2016,1.8,.
p70_solar_photovoltaic_1,2017,3.1,.
p70_solar_photovoltaic_1,2019,1.6,.
p70_solar_photovoltaic_1,2020,4.1,.
p70_solar_photovoltaic_1,2021,100,.
p70_solar_photovoltaic_1,2022,27,.
p70_solar_photovoltaic_1,2024,414.1,.
p70_solar_photovoltaic_1,2025,7.7,.
p70_solar_photovoltaic_1,2028,100,.
p71_hydroelectric_pumped_storage_1,1984,31,480.5
p71_natural_gas_fired_combustion_turbine_1,2003,11.9,.
p71_onshore_wind_turbine_1,2020,385.4,.
p71_other_peaker_1,1956,0.8,.
p71_other_peaker_1,1969,1.5,.
p71_other_peaker_1,1982,0.9,.
p71_petroleum_liquids_1,1941,0.2,.
p71_petroleum_liquids_1,1945,0.2,.
p71_petroleum_liquids_1,1952,0.7,.
p71_petroleum_liquids_1,1957,0.9,.
p71_petroleum_liquids_1,1960,1.1,.
p71_petroleum_liquids_1,1966,1.3,.
p71_petroleum_liquids_1,1972,1.9,.
p71_petroleum_liquids_1,1981,3,.
p71_petroleum_liquids_1,1985,0.7,.
p71_petroleum_liquids_1,1989,4,.
p71_petroleum_liquids_1,1990,1,.
p71_petroleum_liquids_1,1992,4.8,.
p71_petroleum_liquids_1,1999,5.1,.
p71_petroleum_liquids_1,2002,3.6,.
p71_petroleum_liquids_1,2013,3.4,.
p71_solar_photovoltaic_1,2015,2.8,.
p71_solar_photovoltaic_1,2025,250,.
p71_solar_photovoltaic_1,2026,60,.
p72_biomass_1,2008,0.562776679507975,.
p72_biomass_1,2009,2.59098742903487,.
p72_biomass_1,2013,0.281388339753988,.
p72_conventional_hydroelectric_1,1931,172,.
p72_conventional_hydroelectric_1,1953,62,.
p72_conventional_steam_coal_1,1530,994,.
p72_conventional_steam_coal_1,1970,616,.
p72_conventional_steam_coal_1,1971,616,.
p72_conventional_steam_coal_1,1972,616,.
p72_conventional_steam_coal_1,1973,616,.
p72_conventional_steam_coal_1,1981,240,.
p72_conventional_steam_coal_2,1966,167,.
p72_conventional_steam_coal_2,1969,272,.
p72_conventional_steam_coal_2,1982,714,.
p72_natural_gas_fired_combined_cycle_1,1999,12.4,.
p72_natural_gas_fired_combined_cycle_1,2000,18.2,.
p72_natural_gas_fired_combustion_turbine_1,1963,12.5,.
p72_natural_gas_fired_combustion_turbine_1,1972,19.6,.
p72_natural_gas_fired_combustion_turbine_1,2001,896,.
p72_natural_gas_fired_combustion_turbine_1,2002,245,.
p72_natural_gas_fired_combustion_turbine_1,2007,13,.
p72_nuclear_1,1984,1236,.
p72_other_peaker_1,1947,11,.
p72_other_peaker_1,1948,11,.
p72_other_peaker_1,1970,35,.
p72_other_peaker_1,1974,12.3,.
p72_other_peaker_1,1986,19.4,.
p72_other_peaker_1,1988,13.4,.
p72_other_peaker_1,1999,4.2,.
p72_other_peaker_1,2017,0.3,.
p72_other_peaker_1,2025,8,.
p72_petroleum_liquids_1,1936,0.6,.
p72_petroleum_liquids_1,1946,1,.
p72_petroleum_liquids_1,1963,2,.
p72_petroleum_liquids_1,1966,4.5,.
p72_petroleum_liquids_1,1973,13.6,.
p72_petroleum_liquids_1,1974,69,.
p72_petroleum_liquids_1,1975,6.8,.
p72_petroleum_liquids_1,1978,207,.
p72_petroleum_liquids_1,1983,3,.
p72_petroleum_liquids_1,1992,6,.
p72_petroleum_liquids_1,1997,1,.
p72_petroleum_liquids_1,2002,9.1,.
p72_petroleum_liquids_1,2003,7.5,.
p72_petroleum_liquids_1,2004,6,.
p72_petroleum_liquids_1,2005,2.8,.
p72_petroleum_liquids_1,2006,6,.
p72_petroleum_liquids_1,2008,6.8,.
p72_petroleum_liquids_1,2011,5.6,.
p72_solar_photovoltaic_1,2014,4.5,.
p72_solar_photovoltaic_1,2015,1,.
p72_solar_photovoltaic_1,2018,2.5,.
p72_solar_photovoltaic_1,2019,1.57,.
p72_solar_photovoltaic_1,2021,11.2,.
p72_solar_photovoltaic_1,2022,5.7,.
p72_solar_photovoltaic_1,2024,369,.
p72_solar_photovoltaic_1,2025,200,.
p72_solar_photovoltaic_1,2026,250,.
p72_solar_photovoltaic_1,2027,100,.
p73_hydroelectric_pumped_storage_1,1963,440,6820
p73_natural_gas_fired_combustion_turbine_1,2015,27.6,.
p73_solar_photovoltaic_1,2016,5.6,.
p74_biomass_1,1959,4.35153081914031,.
p74_biomass_1,1969,4.3983363067721,.
p74_biomass_1,1972,3.16130422049245,.
p74_biomass_1,1982,6.18516043139827,.
p74_biomass_1,1985,5.80847273627549,.
p74_biomass_1,2011,6.43080910087644,.
p74_conventional_steam_coal_1,1930,5.8,.
p74_onshore_wind_turbine_1,2012,28,.
p74_onshore_wind_turbine_1,2022,72.8,.
p74_other_peaker_1,2017,50.1,.
p74_other_peaker_1,2019,188.1,.
p74_petroleum_liquids_1,1975,22.2,.
p74_petroleum_liquids_1,1979,22,.
p74_small_hydroelectric_1,1564,1.2,.
p74_small_hydroelectric_1,1905,2.42292389613498,.
p74_small_hydroelectric_1,1914,1.08871654501217,.
p74_small_hydroelectric_1,1918,1.19676868531505,.
p74_small_hydroelectric_1,1919,2.12467623179031,.
p74_small_hydroelectric_1,1922,0.844814476885645,.
p74_small_hydroelectric_1,1923,1.19676868531505,.
p74_small_hydroelectric_1,1924,4.07767752545733,.
p74_small_hydroelectric_1,1927,8.04152540912378,.
p74_small_hydroelectric_1,1931,7.38638736820762,.
p74_small_hydroelectric_1,1940,0.692866080971871,.
p74_small_hydroelectric_1,1941,0.692866080971871,.
p74_small_hydroelectric_1,1943,5.72835563665856,.
p74_small_hydroelectric_1,1949,0.87639395782644,.
p74_small_hydroelectric_1,1953,5.17522049878345,.
p74_small_hydroelectric_1,1954,0.28404298459043,.
p74_small_hydroelectric_1,1978,0.797167871947373,.
p74_small_hydroelectric_1,1986,0.519197977743209,.
p74_small_hydroelectric_1,1988,6.83457530613059,.
p74_small_hydroelectric_1,2016,4.65682025547445,.
p74_solar_photovoltaic_1,2016,0.9,.
p74_solar_photovoltaic_1,2022,1.4,.
p75_biomass_1,1948,0.990383287816343,.
p75_biomass_1,1951,0.799527378598946,.
p75_biomass_1,1955,2.990974756691,.
p75_biomass_1,1962,2.990974756691,.
p75_biomass_1,1976,2.07877118435726,.
p75_biomass_1,1978,1.51972607958025,.
p75_biomass_1,2002,1.053231830753,.
p75_biomass_1,2006,2.106463661506,.
p75_biomass_1,2008,0.612166324435318,.
p75_biomass_1,2013,6.84866765547786,.
p75_conventional_steam_coal_1,2007,58.4,.
p75_conventional_steam_coal_2,1981,339.8,.
p75_conventional_steam_coal_2,2008,558.5,.
p75_natural_gas_fired_combustion_turbine_1,1971,49.8,.
p75_natural_gas_fired_combustion_turbine_1,1973,47.9,.
p75_natural_gas_fired_combustion_turbine_1,1993,104.1,.
p75_natural_gas_fired_combustion_turbine_1,1999,217.2,.
p75_natural_gas_fired_combustion_turbine_1,2000,94.9,.
p75_natural_gas_fired_combustion_turbine_1,2003,106.3,.
p75_nuclear_1,1970,598,.
p75_nuclear_1,1972,606,.
p75_onshore_wind_turbine_1,1999,11,.
p75_onshore_wind_turbine_1,2010,20,.
p75_other_peaker_1,1963,18,.
p75_other_peaker_1,1969,23,.
p75_other_peaker_1,2002,7,.
p75_other_peaker_1,2023,131.6,.
p75_petroleum_liquids_1,1945,0.1,.
p75_petroleum_liquids_1,1951,0.2,.
p75_petroleum_liquids_1,1952,0.1,.
p75_petroleum_liquids_1,1968,0.5,.
p75_petroleum_liquids_1,1969,18,.
p75_petroleum_liquids_1,1972,0.9,.
p75_petroleum_liquids_1,1997,3.2,.
p75_small_hydroelectric_1,1891,0,.
p75_small_hydroelectric_1,1900,0,.
p75_small_hydroelectric_1,1909,0,.
p75_small_hydroelectric_1,1910,2.92441289785245,.
p75_small_hydroelectric_1,1911,0,.
p75_small_hydroelectric_1,1916,1.16609318133812,.
p75_small_hydroelectric_1,1917,0.753743819803713,.
p75_small_hydroelectric_1,1918,4.21563660290022,.
p75_small_hydroelectric_1,1920,1.36591887768895,.
p75_small_hydroelectric_1,1921,3.35002315170586,.
p75_small_hydroelectric_1,1922,1.71361549583493,.
p75_small_hydroelectric_1,1923,2.48567257314181,.
p75_small_hydroelectric_1,1924,5.71919738039679,.
p75_small_hydroelectric_1,1925,5.46917633385471,.
p75_small_hydroelectric_1,1926,0.304074142420701,.
p75_small_hydroelectric_1,1938,1.48611077762838,.
p75_small_hydroelectric_1,1942,5.12726961678832,.
p75_small_hydroelectric_1,1946,0.265918877688951,.
p75_small_hydroelectric_1,1949,0.6,.
p75_small_hydroelectric_1,1963,0,.
p75_small_hydroelectric_1,1966,0.265918877688951,.
p75_small_hydroelectric_1,1968,0.265918877688951,.
p75_small_hydroelectric_1,1971,0.937440899815856,.
p75_small_hydroelectric_1,1984,1.39083373055448,.
p75_small_hydroelectric_1,1988,0.199439158266713,.
p75_solar_photovoltaic_1,2020,150,.
p75_solar_photovoltaic_1,2021,100,.
p75_solar_photovoltaic_1,2022,7.5,.
p75_solar_photovoltaic_1,2024,6,.
p76_batteries_1,2022,5,10
p76_batteries_1,2025,75,300
p76_biomass_1,1951,0.900513751786567,.
p76_biomass_1,1962,2.34133575464507,.
p76_biomass_1,1977,1.65094187827537,.
p76_biomass_1,1991,5.38231511050284,.
p76_biomass_1,2000,0.257165092075794,.
p76_biomass_1,2001,1.73810066909976,.
p76_biomass_1,2020,0.171443394717196,.
p76_conventional_hydroelectric_1,1913,1.6,.
p76_conventional_hydroelectric_1,1926,2.6,.
p76_conventional_hydroelectric_1,1938,0.6,.
p76_conventional_hydroelectric_1,1939,0.6,.
p76_conventional_hydroelectric_1,1943,0.4,.
p76_conventional_hydroelectric_1,1977,0.6,.
p76_conventional_steam_coal_1,1964,15.3,.
p76_conventional_steam_coal_1,1987,20,.
p76_conventional_steam_coal_2,1530,1164.8,.
p76_natural_gas_fired_combined_cycle_1,2005,444.5,.
p76_natural_gas_fired_combined_cycle_1,2006,200.3,.
p76_natural_gas_fired_combined_cycle_2,2002,53,.
p76_natural_gas_fired_combustion_turbine_1,1969,18.3,.
p76_natural_gas_fired_combustion_turbine_1,1993,102.1,.
p76_natural_gas_fired_combustion_turbine_1,1994,204,.
p76_natural_gas_fired_combustion_turbine_1,1996,101.9,.
p76_natural_gas_fired_combustion_turbine_1,2000,366,.
p76_natural_gas_fired_combustion_turbine_1,2004,61.54,.
p76_natural_gas_fired_combustion_turbine_1,2011,60.2,.
p76_onshore_wind_turbine_1,2008,311.85,.
p76_onshore_wind_turbine_1,2009,30,.
p76_onshore_wind_turbine_1,2011,162,.
p76_other_peaker_1,1947,7.5,.
p76_other_peaker_1,1951,7.5,.
p76_other_peaker_1,1957,12.5,.
p76_other_peaker_1,1966,15,.
p76_petroleum_liquids_1,1966,1.2,.
p76_petroleum_liquids_1,1973,2.2,.
p76_petroleum_liquids_1,1977,2.4,.
p76_petroleum_liquids_1,1991,0.8,.
p76_petroleum_liquids_1,1998,1.5,.
p76_petroleum_liquids_1,2005,8.8,.
p76_small_hydroelectric_1,1896,1.93192919466201,.
p76_small_hydroelectric_1,1903,0,.
p76_small_hydroelectric_1,1912,0.6,.
p76_small_hydroelectric_1,1916,0.843896387559302,.
p76_small_hydroelectric_1,1917,1.4,.
p76_small_hydroelectric_1,1920,0,.
p76_small_hydroelectric_1,1921,2.3919123362482,.
p76_small_hydroelectric_1,1923,0.7,.
p76_small_hydroelectric_1,1926,2.68970583265747,.
p76_small_hydroelectric_1,1927,1.01165010813733,.
p76_small_hydroelectric_1,1940,2.00229369424169,.
p76_small_hydroelectric_1,1942,2.00229369424169,.
p76_small_hydroelectric_1,1948,2.76907187753447,.
p76_small_hydroelectric_1,1949,0,.
p76_small_hydroelectric_1,1950,0.6,.
p76_small_hydroelectric_1,1951,0,.
p76_small_hydroelectric_1,1980,0.571091849148418,.
p76_small_hydroelectric_1,1988,4.69133972019465,.
p76_small_hydroelectric_1,2014,5.32130727899432,.
p76_solar_photovoltaic_1,2017,1.5,.
p76_solar_photovoltaic_1,2019,4,.
p76_solar_photovoltaic_1,2021,2,.
p76_solar_photovoltaic_1,2022,150,.
p76_solar_photovoltaic_1,2023,278.1,.
p76_solar_photovoltaic_1,2024,10,.
p76_solar_photovoltaic_1,2025,1.6,.
p77_batteries_1,2023,0.4,3
p77_batteries_1,2025,100,400
p77_biomass_1,2013,0.4829050081103,.
p77_conventional_hydroelectric_1,1915,33.3,.
p77_conventional_hydroelectric_1,1920,4.8,.
p77_conventional_hydroelectric_1,1922,4.8,.
p77_conventional_hydroelectric_1,1938,8,.
p77_conventional_hydroelectric_1,1940,8,.
p77_onshore_wind_turbine_1,2002,30,.
p77_onshore_wind_turbine_1,2012,4.8,.
p77_onshore_wind_turbine_1,2017,98,.
p77_onshore_wind_turbine_1,2023,91.6,.
p77_onshore_wind_turbine_1,2027,67.2,.
p77_other_peaker_1,1970,1.1,.
p77_petroleum_liquids_1,1932,0.4,.
p77_petroleum_liquids_1,1952,0.9,.
p77_petroleum_liquids_1,1964,1.1,.
p77_petroleum_liquids_1,1990,1.5,.
p77_petroleum_liquids_1,1999,5.4,.
p77_petroleum_liquids_1,2002,3.8,.
p77_petroleum_liquids_1,2004,2,.
p77_small_hydroelectric_1,1926,0,.
p77_small_hydroelectric_1,1929,0.00661194710442316,.
p77_small_hydroelectric_1,1935,0,.
p77_small_hydroelectric_1,1937,0,.
p77_small_hydroelectric_1,1939,0,.
p77_solar_photovoltaic_1,2017,3.1,.
p77_solar_photovoltaic_1,2019,5,.
p77_solar_photovoltaic_1,2021,157,.
p77_solar_photovoltaic_1,2022,37,.
p77_solar_photovoltaic_1,2023,201.5,.
p77_solar_photovoltaic_1,2024,200,.
p78_batteries_1,2022,0.3,0.4
p78_biomass_1,2004,1.16176246958637,.
p78_natural_gas_fired_combined_cycle_1,2004,626.4,.
p78_natural_gas_fired_combined_cycle_1,2020,735.2,.
p78_natural_gas_fired_combined_cycle_2,2005,134,.
p78_natural_gas_fired_combustion_turbine_1,1964,18.3,.
p78_natural_gas_fired_combustion_turbine_1,1967,17.6,.
p78_natural_gas_fired_combustion_turbine_1,1971,23.9,.
p78_natural_gas_fired_combustion_turbine_1,1973,51.6,.
p78_natural_gas_fired_combustion_turbine_1,2001,489,.
p78_onshore_wind_turbine_1,2012,9.9,.
p78_other_peaker_1,1957,49.4,.
p78_other_peaker_1,1961,49.9,.
p78_other_peaker_1,1965,9.7,.
p78_other_peaker_1,2000,3,.
p78_petroleum_liquids_1,1965,1.3,.
p78_petroleum_liquids_1,2001,51.7,.
p78_petroleum_liquids_1,2009,6.9,.
p78_petroleum_liquids_1,2011,2,.
p78_petroleum_liquids_1,2013,34.5,.
p78_petroleum_liquids_1,2021,2.3,.
p78_solar_photovoltaic_1,2011,1.7,.
p78_solar_photovoltaic_1,2016,2.1,.
p78_solar_photovoltaic_1,2020,16.4,.
p78_solar_photovoltaic_1,2021,25.7,.
p78_solar_photovoltaic_1,2022,46.2,.
p78_solar_photovoltaic_1,2023,132.3,.
p78_solar_photovoltaic_1,2024,6,.
p78_solar_photovoltaic_1,2025,13.4,.
p78_solar_photovoltaic_1,2026,1.4,.
p79_batteries_1,2025,100,440
p79_batteries_1,2026,99,396
p79_biomass_1,1985,8.1203017179825,.
p79_biomass_1,1992,0.513406799112014,.
p79_biomass_1,2000,4.04090195458732,.
p79_biomass_1,2001,2.26176877628775,.
p79_biomass_1,2002,2.05362719644806,.
p79_biomass_1,2003,1.63682184750733,.
p79_biomass_1,2006,2.10081932499348,.
p79_biomass_1,2007,2.10081932499348,.
p79_biomass_1,2009,0.892373403284672,.
p79_biomass_1,2010,2.78540345501141,.
p79_biomass_1,2013,2.53237802939184,.
p79_conventional_steam_coal_1,1530,622,.
p79_conventional_steam_coal_1,1985,406.9,.
p79_conventional_steam_coal_2,2010,637.3,.
p79_conventional_steam_coal_2,2011,638.1,.
p79_natural_gas_fired_combined_cycle_1,2005,673,.
p79_natural_gas_fired_combined_cycle_1,2008,679.2,.
p79_natural_gas_fired_combined_cycle_2,1997,272,.
p79_natural_gas_fired_combustion_turbine_1,1971,15,.
p79_natural_gas_fired_combustion_turbine_1,1993,200,.
p79_natural_gas_fired_combustion_turbine_1,1994,200,.
p79_natural_gas_fired_combustion_turbine_1,1995,400,.
p79_natural_gas_fired_combustion_turbine_1,2000,103,.
p79_natural_gas_fired_combustion_turbine_1,2005,367.5,.
p79_natural_gas_fired_combustion_turbine_1,2013,4.6,.
p79_onshore_wind_turbine_1,2009,54,.
p79_onshore_wind_turbine_1,2012,3,.
p79_other_peaker_1,1968,88.3,.
p79_other_peaker_1,1969,140.1,.
p79_petroleum_liquids_1,1969,2.7,.
p79_petroleum_liquids_1,1978,270.8,.
p79_solar_photovoltaic_1,2013,1,.
p79_solar_photovoltaic_1,2018,1.2,.
p79_solar_photovoltaic_1,2020,9.1,.
p79_solar_photovoltaic_1,2021,10.3,.
p79_solar_photovoltaic_1,2022,3.1,.
p79_solar_photovoltaic_1,2023,247.5,.
p79_solar_photovoltaic_1,2024,213.1,.
p79_solar_photovoltaic_1,2025,262,.
p8_biomass_1,1989,10.3624226987024,.
p8_biomass_1,2010,6.26681620032441,.
p8_other_peaker_1,2010,6,.
p8_small_hydroelectric_1,1903,0.171794132833796,.
p8_small_hydroelectric_1,1907,0.171794132833796,.
p8_small_hydroelectric_1,1910,0.472433865292938,.
p8_small_hydroelectric_1,1986,1.74670519059205,.
p8_small_hydroelectric_1,1988,6.62342862935929,.
p8_solar_photovoltaic_1,2018,1.6,.
p8_solar_photovoltaic_1,2019,7.6,.
p80_batteries_1,2013,4.5,1
p80_batteries_1,2014,20,8.3
p80_batteries_1,2015,31.5,12.5
p80_batteries_1,2016,20,7.8
p80_batteries_1,2018,20,20
p80_biomass_1,1988,1.69393121451744,.
p80_biomass_1,1989,2.14243714517437,.
p80_biomass_1,1993,1.91040652879157,.
p80_biomass_1,1996,3.6444900648824,.
p80_biomass_1,1998,1.69393121451744,.
p80_biomass_1,1999,4.72378368964374,.
p80_biomass_1,2000,2.36189184482187,.
p80_biomass_1,2006,0.647168153555015,.
p80_biomass_1,2008,0.323584076777507,.
p80_biomass_1,2010,2.07703912102253,.
p80_biomass_1,2011,1.81204055766793,.
p80_conventional_hydroelectric_1,2026,10.4,.
p80_natural_gas_fired_combined_cycle_1,2002,1260,.
p80_natural_gas_fired_combined_cycle_1,2015,612,.
p80_natural_gas_fired_combined_cycle_2,1985,3.5,.
p80_natural_gas_fired_combined_cycle_2,1998,133,.
p80_natural_gas_fired_combined_cycle_2,2000,62,.
p80_natural_gas_fired_combined_cycle_2,2022,1185.5,.
p80_natural_gas_fired_combined_cycle_2,2023,1234.3,.
p80_natural_gas_fired_combustion_turbine_1,1530,1242.8,.
p80_natural_gas_fired_combustion_turbine_1,1987,3.8,.
p80_natural_gas_fired_combustion_turbine_1,1993,5.3,.
p80_natural_gas_fired_combustion_turbine_1,1995,3,.
p80_natural_gas_fired_combustion_turbine_1,1996,9.6,.
p80_natural_gas_fired_combustion_turbine_1,1999,238,.
p80_natural_gas_fired_combustion_turbine_1,2000,1246.7,.
p80_natural_gas_fired_combustion_turbine_1,2001,1962.9,.
p80_natural_gas_fired_combustion_turbine_1,2002,2511.2,.
p80_natural_gas_fired_combustion_turbine_1,2003,184.5,.
p80_natural_gas_fired_combustion_turbine_1,2005,17.7,.
p80_natural_gas_fired_combustion_turbine_1,2016,7.1,.
p80_natural_gas_fired_combustion_turbine_1,2023,314,.
p80_nuclear_1,1970,939.8,.
p80_nuclear_1,1971,932,.
p80_nuclear_1,1984,2339.4,.
p80_nuclear_1,1985,1211.2,.
p80_nuclear_1,1987,1179.7,.
p80_nuclear_1,1988,2400.5,.
p80_onshore_wind_turbine_1,2003,76.2,.
p80_onshore_wind_turbine_1,2007,82.5,.
p80_onshore_wind_turbine_1,2008,99,.
p80_onshore_wind_turbine_1,2009,535,.
p80_onshore_wind_turbine_1,2010,500,.
p80_onshore_wind_turbine_1,2011,239.4,.
p80_onshore_wind_turbine_1,2012,109.5,.
p80_onshore_wind_turbine_1,2015,175,.
p80_onshore_wind_turbine_1,2019,194.3,.
p80_onshore_wind_turbine_1,2020,400,.
p80_onshore_wind_turbine_1,2023,108.3,.
p80_onshore_wind_turbine_1,2026,150,.
p80_other_peaker_1,1948,6.3,.
p80_other_peaker_1,1954,2,.
p80_other_peaker_1,1956,2,.
p80_other_peaker_1,1960,12.5,.
p80_other_peaker_1,1967,7.1,.
p80_other_peaker_1,1986,13,.
p80_other_peaker_1,1987,25.3,.
p80_other_peaker_1,1989,5,.
p80_other_peaker_1,1991,42.4,.
p80_other_peaker_1,1992,18.9,.
p80_other_peaker_1,1993,14.2,.
p80_other_peaker_1,1995,4,.
p80_other_peaker_1,1996,9.4,.
p80_other_peaker_1,1998,1.6,.
p80_other_peaker_1,2000,1.6,.
p80_other_peaker_1,2002,16.5,.
p80_other_peaker_1,2003,1.7,.
p80_other_peaker_1,2005,29,.
p80_other_peaker_1,2015,0.3,.
p80_other_peaker_1,2019,1.8,.
p80_petroleum_liquids_1,1940,0.6,.
p80_petroleum_liquids_1,1946,0.7,.
p80_petroleum_liquids_1,1949,0.5,.
p80_petroleum_liquids_1,1968,382,.
p80_petroleum_liquids_1,1972,6,.
p80_petroleum_liquids_1,1979,5.2,.
p80_petroleum_liquids_1,2000,3.6,.
p80_petroleum_liquids_1,2001,5.4,.
p80_petroleum_liquids_1,2002,3.6,.
p80_petroleum_liquids_1,2006,0.8,.
p80_petroleum_liquids_1,2010,6,.
p80_petroleum_liquids_1,2011,23.3,.
p80_petroleum_liquids_1,2014,5.4,.
p80_petroleum_liquids_1,2016,5.4,.
p80_petroleum_liquids_1,2024,2.7,.
p80_small_hydroelectric_1,1925,3.55988949716139,.
p80_small_hydroelectric_1,1929,0.623377939983779,.
p80_small_hydroelectric_1,1988,1.03227645985401,.
p80_small_hydroelectric_1,1996,0,.
p80_small_hydroelectric_1,1999,1.57374036901865,.
p80_small_hydroelectric_1,2001,1.57374036901865,.
p80_solar_photovoltaic_1,2009,9,.
p80_solar_photovoltaic_1,2012,22.6,.
p80_solar_photovoltaic_1,2014,0.3,.
p80_solar_photovoltaic_1,2017,2,.
p80_solar_photovoltaic_1,2019,3.1,.
p80_solar_photovoltaic_1,2020,53.6,.
p80_solar_photovoltaic_1,2021,71.9,.
p80_solar_photovoltaic_1,2022,19.4,.
p80_solar_photovoltaic_1,2023,112,.
p80_solar_photovoltaic_1,2024,78.4,.
p80_solar_photovoltaic_1,2025,112.3,.
p80_solar_photovoltaic_1,2026,15.7,.
p80_solar_photovoltaic_1,2027,14.4,.
p81_batteries_1,2024,4,16
p81_conventional_steam_coal_1,1963,120,.
p81_conventional_steam_coal_2,1530,1185,.
p81_conventional_steam_coal_2,1998,2.8,.
p81_conventional_steam_coal_2,2012,1630,.
p81_natural_gas_fired_combined_cycle_1,2001,601.2,.
p81_natural_gas_fired_combustion_turbine_1,1970,80,.
p81_natural_gas_fired_combustion_turbine_1,1999,135.8,.
p81_natural_gas_fired_combustion_turbine_1,2000,184,.
p81_natural_gas_fired_combustion_turbine_1,2001,426,.
p81_natural_gas_fired_combustion_turbine_1,2002,60,.
p81_natural_gas_fired_combustion_turbine_1,2003,180,.
p81_natural_gas_fired_combustion_turbine_1,2005,509,.
p81_natural_gas_fired_combustion_turbine_1,2012,7,.
p81_natural_gas_fired_combustion_turbine_1,2016,45,.
p81_natural_gas_fired_combustion_turbine_1,2025,8,.
p81_nuclear_1,1972,1866.6,.
p81_onshore_wind_turbine_1,2005,54.7,.
p81_onshore_wind_turbine_1,2007,158.4,.
p81_onshore_wind_turbine_1,2008,72,.
p81_onshore_wind_turbine_1,2009,3,.
p81_onshore_wind_turbine_1,2011,1.5,.
p81_onshore_wind_turbine_1,2012,281,.
p81_onshore_wind_turbine_1,2018,331,.
p81_onshore_wind_turbine_1,2020,229,.
p81_onshore_wind_turbine_1,2021,185,.
p81_onshore_wind_turbine_1,2023,270.5,.
p81_onshore_wind_turbine_1,2025,54.4,.
p81_other_peaker_1,1953,2.3,.
p81_other_peaker_1,1957,1.3,.
p81_other_peaker_1,1958,3,.
p81_other_peaker_1,1961,2.4,.
p81_other_peaker_1,1965,6.8,.
p81_other_peaker_1,1966,2.8,.
p81_other_peaker_1,1967,2.8,.
p81_other_peaker_1,1971,9.9,.
p81_other_peaker_1,1974,4.4,.
p81_other_peaker_1,1976,15.7,.
p81_other_peaker_1,1990,3.4,.
p81_other_peaker_1,1991,1.6,.
p81_other_peaker_1,1993,0.8,.
p81_other_peaker_1,2003,2.4,.
p81_petroleum_liquids_1,1940,0.4,.
p81_petroleum_liquids_1,1946,0.2,.
p81_petroleum_liquids_1,1948,1.1,.
p81_petroleum_liquids_1,1950,1.3,.
p81_petroleum_liquids_1,1951,1.2,.
p81_petroleum_liquids_1,1953,1,.
p81_petroleum_liquids_1,1954,0.2,.
p81_petroleum_liquids_1,1956,1,.
p81_petroleum_liquids_1,1958,3.4,.
p81_petroleum_liquids_1,1959,2.5,.
p81_petroleum_liquids_1,1963,1.8,.
p81_petroleum_liquids_1,1964,4.2,.
p81_petroleum_liquids_1,1965,4.4,.
p81_petroleum_liquids_1,1967,1.9,.
p81_petroleum_liquids_1,1968,5.2,.
p81_petroleum_liquids_1,1970,2.7,.
p81_petroleum_liquids_1,1971,8,.
p81_petroleum_liquids_1,1973,31.7,.
p81_petroleum_liquids_1,1974,1.8,.
p81_petroleum_liquids_1,1979,4,.
p81_petroleum_liquids_1,1982,3,.
p81_petroleum_liquids_1,1992,2.5,.
p81_petroleum_liquids_1,1993,4.8,.
p81_petroleum_liquids_1,1994,1,.
p81_petroleum_liquids_1,1995,1,.
p81_petroleum_liquids_1,1996,12.6,.
p81_petroleum_liquids_1,1997,2.5,.
p81_petroleum_liquids_1,1998,7.9,.
p81_petroleum_liquids_1,1999,2.5,.
p81_petroleum_liquids_1,2000,5,.
p81_petroleum_liquids_1,2002,8,.
p81_petroleum_liquids_1,2003,2.5,.
p81_petroleum_liquids_1,2007,5.4,.
p81_petroleum_liquids_1,2008,2.5,.
p81_petroleum_liquids_1,2013,1.1,.
p81_petroleum_liquids_1,2014,2.5,.
p81_petroleum_liquids_1,2019,2.8,.
p81_small_hydroelectric_1,1942,0.7519325324412,.
p81_solar_photovoltaic_1,2015,0.9,.
p81_solar_photovoltaic_1,2019,1.3,.
p81_solar_photovoltaic_1,2020,16.5,.
p81_solar_photovoltaic_1,2021,230.8,.
p81_solar_photovoltaic_1,2022,149,.
p81_solar_photovoltaic_1,2023,52.9,.
p81_solar_photovoltaic_1,2024,779.6,.
p81_solar_photovoltaic_1,2025,385.3,.
p81_solar_photovoltaic_1,2026,565.8,.
p81_waste_heat_1,2010,29.1634368583162,.
p82_biomass_1,1989,1.22436807245201,.
p82_biomass_1,1999,0.612184036226007,.
p82_conventional_steam_coal_1,2009,204.7,.
p82_conventional_steam_coal_2,1972,769,.
p82_conventional_steam_coal_2,1975,769,.
p82_natural_gas_fired_combustion_turbine_1,1988,18,.
p82_natural_gas_fired_combustion_turbine_1,1997,120,.
p82_onshore_wind_turbine_1,2009,100.5,.
p82_onshore_wind_turbine_1,2012,192.3,.
p82_onshore_wind_turbine_1,2018,185,.
p82_onshore_wind_turbine_1,2020,267,.
p82_onshore_wind_turbine_1,2021,395,.
p82_onshore_wind_turbine_1,2026,400,.
p82_petroleum_liquids_1,1970,18.3,.
p82_petroleum_liquids_1,1973,25.2,.
p82_petroleum_liquids_1,2002,5.1,.
p82_solar_photovoltaic_1,2020,4,.
p82_solar_photovoltaic_1,2021,5.8,.
p82_solar_photovoltaic_1,2022,70,.
p82_solar_photovoltaic_1,2024,594.8,.
p82_solar_photovoltaic_1,2025,57.7,.
p83_batteries_1,2017,0.3,0.5
p83_batteries_1,2026,2,8
p83_biomass_1,2006,2.22276713300892,.
p83_biomass_1,2008,2.66373935523114,.
p83_conventional_steam_coal_1,1530,615,.
p83_conventional_steam_coal_1,1987,124,.
p83_conventional_steam_coal_1,1994,31,.
p83_conventional_steam_coal_1,1997,75,.
p83_conventional_steam_coal_1,2005,105,.
p83_natural_gas_fired_combined_cycle_1,2002,647.9,.
p83_natural_gas_fired_combustion_turbine_1,1999,200,.
p83_natural_gas_fired_combustion_turbine_1,2000,531,.
p83_natural_gas_fired_combustion_turbine_1,2001,97,.
p83_natural_gas_fired_combustion_turbine_1,2002,368,.
p83_natural_gas_fired_combustion_turbine_1,2003,582,.
p83_nuclear_1,1987,1107.1,.
p83_onshore_wind_turbine_1,2007,424.7,.
p83_onshore_wind_turbine_1,2011,450.8,.
p83_onshore_wind_turbine_1,2012,201.7,.
p83_onshore_wind_turbine_1,2015,98,.
p83_onshore_wind_turbine_1,2016,184,.
p83_onshore_wind_turbine_1,2017,278.1,.
p83_onshore_wind_turbine_1,2019,205.2,.
p83_onshore_wind_turbine_1,2020,202,.
p83_onshore_wind_turbine_1,2022,121.3,.
p83_onshore_wind_turbine_1,2023,460.3,.
p83_onshore_wind_turbine_1,2025,300,.
p83_other_peaker_1,1940,6,.
p83_other_peaker_1,1948,3,.
p83_other_peaker_1,1951,3,.
p83_other_peaker_1,1959,7.5,.
p83_other_peaker_1,1962,7.5,.
p83_other_peaker_1,1967,1.3,.
p83_other_peaker_1,1974,2.8,.
p83_other_peaker_1,1989,62,.
p83_other_peaker_1,2004,27.3,.
p83_other_peaker_1,2017,1,.
p83_petroleum_liquids_1,1948,1.1,.
p83_petroleum_liquids_1,1951,0.7,.
p83_petroleum_liquids_1,1956,1.5,.
p83_petroleum_liquids_1,1961,2,.
p83_petroleum_liquids_1,1963,0.9,.
p83_petroleum_liquids_1,1971,4.8,.
p83_petroleum_liquids_1,1974,4.3,.
p83_petroleum_liquids_1,1980,4.7,.
p83_petroleum_liquids_1,1996,8.6,.
p83_petroleum_liquids_1,2000,19.8,.
p83_petroleum_liquids_1,2001,12.6,.
p83_petroleum_liquids_1,2002,24.1,.
p83_petroleum_liquids_1,2006,1.8,.
p83_petroleum_liquids_1,2007,3.6,.
p83_petroleum_liquids_1,2012,10.9,.
p83_solar_photovoltaic_1,2015,4.7,.
p83_solar_photovoltaic_1,2016,2,.
p83_solar_photovoltaic_1,2017,0.1,.
p83_solar_photovoltaic_1,2020,7.6,.
p83_solar_photovoltaic_1,2021,227.7,.
p83_solar_photovoltaic_1,2023,172.2,.
p83_solar_photovoltaic_1,2024,257.1,.
p83_solar_photovoltaic_1,2025,161.1,.
p83_solar_photovoltaic_1,2026,164.6,.
p83_solar_photovoltaic_1,2027,4.3,.
p84_biomass_1,2014,1.74090125709651,.
p84_conventional_steam_coal_1,1972,607,.
p84_conventional_steam_coal_2,1977,615,.
p84_natural_gas_fired_combined_cycle_1,1999,241,.
p84_natural_gas_fired_combined_cycle_2,2001,216,.
p84_natural_gas_fired_combustion_turbine_1,1999,122,.
p84_natural_gas_fired_combustion_turbine_1,2000,49,.
p84_other_peaker_1,1965,5.6,.
p84_other_peaker_1,1971,5.6,.
p84_other_peaker_1,1975,5.6,.
p84_other_peaker_1,1976,13.73,.
p84_other_peaker_1,2001,11.4,.
p84_other_peaker_1,2002,12.53,.
p84_petroleum_liquids_1,1957,1.2,.
p84_petroleum_liquids_1,1963,1.8,.
p84_petroleum_liquids_1,1973,6.3,.
p84_petroleum_liquids_1,1996,5.4,.
p84_petroleum_liquids_1,2002,6.43,.
p84_small_hydroelectric_1,1930,0.156617497972425,.
p84_solar_photovoltaic_1,2017,2.5,.
p84_solar_photovoltaic_1,2022,8,.
p84_solar_photovoltaic_1,2025,4.9,.
p85_batteries_1,2020,6.2,16.8
p85_batteries_1,2022,10,30
p85_biomass_1,1958,8.65662939118561,.
p85_biomass_1,1962,2.27806036610148,.
p85_biomass_1,1968,2.25850118251284,.
p85_biomass_1,1977,3.07828898585444,.
p85_biomass_1,1979,5.31412042944197,.
p85_biomass_1,1991,9.4325637622595,.
p85_biomass_1,2006,2.61235088875372,.
p85_biomass_1,2017,0.522470177750743,.
p85_conventional_hydroelectric_1,1932,60.4,.
p85_conventional_hydroelectric_1,1944,40,.
p85_conventional_hydroelectric_1,1950,40,.
p85_conventional_hydroelectric_1,1952,125,.
p85_conventional_hydroelectric_1,1953,45,.
p85_conventional_hydroelectric_1,1955,75,.
p85_conventional_hydroelectric_1,1962,100,.
p85_conventional_hydroelectric_1,1963,100,.
p85_conventional_hydroelectric_1,1965,105,.
p85_conventional_hydroelectric_1,1966,35,.
p85_conventional_hydroelectric_1,1972,40,.
p85_conventional_hydroelectric_1,1988,42.4,.
p85_conventional_hydroelectric_1,1999,35,.
p85_conventional_steam_coal_1,1980,425.3,.
p85_conventional_steam_coal_1,1981,835.9,.
p85_conventional_steam_coal_1,1983,836,.
p85_conventional_steam_coal_1,1984,842,.
p85_conventional_steam_coal_2,2010,680,.
p85_conventional_steam_coal_2,2012,650,.
p85_hydroelectric_pumped_storage_1,1972,30,465
p85_natural_gas_fired_combined_cycle_1,2002,548,.
p85_natural_gas_fired_combined_cycle_2,2001,202,.
p85_natural_gas_fired_combined_cycle_2,2002,1034,.
p85_natural_gas_fired_combined_cycle_2,2003,3726.1,.
p85_natural_gas_fired_combined_cycle_2,2005,473.8,.
p85_natural_gas_fired_combined_cycle_2,2006,227.5,.
p85_natural_gas_fired_combined_cycle_2,2007,518,.
p85_natural_gas_fired_combustion_turbine_1,1990,13.6,.
p85_natural_gas_fired_combustion_turbine_1,1999,45,.
p85_natural_gas_fired_combustion_turbine_1,2000,49,.
p85_natural_gas_fired_combustion_turbine_1,2001,153,.
p85_natural_gas_fired_combustion_turbine_1,2003,49,.
p85_natural_gas_fired_combustion_turbine_1,2007,49,.
p85_nuclear_1,1974,847.6,.
p85_nuclear_1,1980,992.9,.
p85_onshore_wind_turbine_1,2025,135,.
p85_other_peaker_1,1527,523,.
p85_other_peaker_1,1962,28,.
p85_other_peaker_1,1972,134,.
p85_other_peaker_1,2001,18,.
p85_other_peaker_1,2009,1.3,.
p85_petroleum_liquids_1,1991,0.2,.
p85_petroleum_liquids_1,1992,1.6,.
p85_small_hydroelectric_1,1925,0,.
p85_small_hydroelectric_1,1993,0,.
p85_small_hydroelectric_1,2006,2.79425182481752,.
p85_small_hydroelectric_1,2007,3.26575172343877,.
p85_solar_photovoltaic_1,2015,12,.
p85_solar_photovoltaic_1,2018,83,.
p85_solar_photovoltaic_1,2019,4,.
p85_solar_photovoltaic_1,2020,105,.
p85_solar_photovoltaic_1,2021,9.5,.
p85_solar_photovoltaic_1,2022,109.6,.
p85_solar_photovoltaic_1,2023,462.7,.
p85_solar_photovoltaic_1,2024,944.3,.
p85_solar_photovoltaic_1,2025,749.4,.
p85_solar_photovoltaic_1,2026,149.4,.
p85_solar_photovoltaic_1,2027,464.4,.
p86_biomass_1,1964,18.0201985615482,.
p86_biomass_1,1977,14.4161588492385,.
p86_natural_gas_fired_combined_cycle_1,2002,1374.8,.
p86_natural_gas_fired_combined_cycle_2,2002,1029.8,.
p86_natural_gas_fired_combustion_turbine_1,1973,50,.
p86_natural_gas_fired_combustion_turbine_1,2001,183.4,.
p86_natural_gas_fired_combustion_turbine_1,2004,7.4,.
p86_natural_gas_fired_combustion_turbine_1,2016,39,.
p86_solar_photovoltaic_1,2023,200,.
p86_solar_photovoltaic_1,2024,98.1,.
p86_solar_photovoltaic_1,2026,71.2,.
p87_batteries_1,2023,1.5,1.5
p87_biomass_1,1967,8.55193224520141,.
p87_biomass_1,1968,31.5139194278205,.
p87_biomass_1,1984,23.6853008160989,.
p87_natural_gas_fired_combined_cycle_1,1945,5.6,.
p87_natural_gas_fired_combined_cycle_1,1954,13,.
p87_natural_gas_fired_combined_cycle_1,1961,7.5,.
p87_natural_gas_fired_combined_cycle_1,1965,15,.
p87_natural_gas_fired_combined_cycle_1,1968,16.7,.
p87_natural_gas_fired_combined_cycle_1,1970,118,.
p87_natural_gas_fired_combined_cycle_1,1971,23,.
p87_natural_gas_fired_combined_cycle_1,1996,6.8,.
p87_natural_gas_fired_combined_cycle_1,2001,1945,.
p87_natural_gas_fired_combined_cycle_1,2012,167,.
p87_natural_gas_fired_combined_cycle_2,2000,883.5,.
p87_natural_gas_fired_combined_cycle_2,2001,1736.9,.
p87_natural_gas_fired_combined_cycle_2,2003,891,.
p87_natural_gas_fired_combined_cycle_2,2023,576.5,.
p87_natural_gas_fired_combustion_turbine_1,1967,37,.
p87_natural_gas_fired_combustion_turbine_1,1970,41.2,.
p87_natural_gas_fired_combustion_turbine_1,1971,77,.
p87_natural_gas_fired_combustion_turbine_1,1984,22,.
p87_natural_gas_fired_combustion_turbine_1,1991,4,.
p87_natural_gas_fired_combustion_turbine_1,1994,80,.
p87_natural_gas_fired_combustion_turbine_1,1995,4.7,.
p87_natural_gas_fired_combustion_turbine_1,1997,83,.
p87_natural_gas_fired_combustion_turbine_1,2002,308,.
p87_natural_gas_fired_combustion_turbine_1,2003,224.5,.
p87_natural_gas_fired_combustion_turbine_1,2004,83.5,.
p87_natural_gas_fired_combustion_turbine_1,2005,83.5,.
p87_natural_gas_fired_combustion_turbine_1,2006,83.5,.
p87_natural_gas_fired_combustion_turbine_1,2018,8.2,.
p87_natural_gas_fired_combustion_turbine_1,2020,33.4,.
p87_natural_gas_fired_combustion_turbine_1,2027,15.8,.
p87_nuclear_1,1985,1404.7,.
p87_onshore_wind_turbine_1,2024,184.5,.
p87_other_peaker_1,1535,729.8,.
p87_other_peaker_1,1968,236,.
p87_other_peaker_1,1970,59,.
p87_other_peaker_1,1973,485,.
p87_other_peaker_1,2020,22.6,.
p87_other_peaker_1,2021,3.2,.
p87_petroleum_liquids_1,1998,9,.
p87_solar_photovoltaic_1,2017,162.7,.
p87_solar_photovoltaic_1,2019,57.5,.
p87_solar_photovoltaic_1,2021,1.2,.
p87_solar_photovoltaic_1,2022,100,.
p87_solar_photovoltaic_1,2023,101.5,.
p87_solar_photovoltaic_1,2024,644.1,.
p87_solar_photovoltaic_1,2025,100,.
p87_solar_photovoltaic_1,2026,96,.
p87_solar_photovoltaic_1,2029,150,.
p88_batteries_1,2024,50,200
p88_batteries_1,2025,50,200
p88_batteries_1,2026,50,200
p88_biomass_1,1982,7.08536385509729,.
p88_biomass_1,1987,0.467680782514672,.
p88_biomass_1,1990,7.48289252023476,.
p88_biomass_1,2012,1.19023722627737,.
p88_conventional_steam_coal_1,2001,440,.
p88_natural_gas_fired_combined_cycle_1,2003,2759,.
p88_natural_gas_fired_combined_cycle_1,2006,765,.
p88_natural_gas_fired_combined_cycle_2,2014,1334.5,.
p88_natural_gas_fired_combustion_turbine_1,2002,374.4,.
p88_natural_gas_fired_combustion_turbine_1,2005,26,.
p88_solar_photovoltaic_1,2016,3.1,.
p88_solar_photovoltaic_1,2023,4.8,.
p88_solar_photovoltaic_1,2024,150,.
p88_solar_photovoltaic_1,2025,204.8,.
p88_solar_photovoltaic_1,2026,204.8,.
p88_solar_photovoltaic_1,2027,210,.
p89_batteries_1,2017,1,2
p89_biomass_1,1968,7.07151717418138,.
p89_biomass_1,1982,8.15922352308977,.
p89_biomass_1,1993,4.84137928328908,.
p89_biomass_1,2010,0.679921938361719,.
p89_biomass_1,2011,0.679921938361719,.
p89_biomass_1,2013,3.20080596107056,.
p89_biomass_1,2014,6.3142088310946,.
p89_biomass_1,2019,3.81403089426222,.
p89_conventional_hydroelectric_1,1925,207.7,.
p89_conventional_hydroelectric_1,1936,35.6,.
p89_conventional_hydroelectric_1,1937,30.1,.
p89_conventional_hydroelectric_1,1939,92.8,.
p89_conventional_hydroelectric_1,1941,60.6,.
p89_conventional_hydroelectric_1,1942,116.5,.
p89_conventional_hydroelectric_1,1943,58.2,.
p89_conventional_hydroelectric_1,1948,31.4,.
p89_conventional_hydroelectric_1,1949,91.4,.
p89_conventional_hydroelectric_1,1950,117.7,.
p89_conventional_hydroelectric_1,1952,31.7,.
p89_conventional_hydroelectric_1,1961,142.4,.
p89_conventional_hydroelectric_1,1962,235.7,.
p89_conventional_hydroelectric_1,1963,129.5,.
p89_conventional_hydroelectric_1,1968,48,.
p89_conventional_hydroelectric_1,1970,90,.
p89_conventional_steam_coal_1,1978,687.8,.
p89_conventional_steam_coal_1,1985,692.7,.
p89_conventional_steam_coal_1,1989,693,.
p89_conventional_steam_coal_1,1991,704,.
p89_conventional_steam_coal_2,1974,832,.
p89_natural_gas_fired_combined_cycle_1,2002,685,.
p89_natural_gas_fired_combined_cycle_1,2003,210,.
p89_natural_gas_fired_combined_cycle_2,2003,641,.
p89_natural_gas_fired_combined_cycle_2,2004,174,.
p89_natural_gas_fired_combustion_turbine_1,1972,486.4,.
p89_natural_gas_fired_combustion_turbine_1,1995,486,.
p89_natural_gas_fired_combustion_turbine_1,1996,398,.
p89_natural_gas_fired_combustion_turbine_1,2023,693,.
p89_nuclear_1,1974,1254.8,.
p89_nuclear_1,1975,1242,.
p89_nuclear_1,1977,1259,.
p89_other_peaker_1,1960,510,.
p89_other_peaker_1,1961,254,.
p89_other_peaker_1,1962,256,.
p89_other_peaker_1,1965,257.8,.
p89_other_peaker_1,1966,258.3,.
p89_other_peaker_1,1997,3.8,.
p89_petroleum_liquids_1,1970,20,.
p89_petroleum_liquids_1,2000,3.6,.
p89_solar_photovoltaic_1,2016,75,.
p89_solar_photovoltaic_1,2017,4.2,.
p89_solar_photovoltaic_1,2018,14.7,.
p89_solar_photovoltaic_1,2021,227,.
p89_solar_photovoltaic_1,2024,32.4,.
p89_solar_photovoltaic_1,2026,4.5,.
p89_solar_photovoltaic_1,2027,10,.
p9_batteries_1,2017,0.5,1
p9_batteries_1,2018,0.5,0.9
p9_batteries_1,2019,1,1.3
p9_batteries_1,2020,2.9,4.9
p9_batteries_1,2021,594.9,2105.8
p9_batteries_1,2022,568.7,2268.8
p9_batteries_1,2023,978,3533
p9_batteries_1,2024,495.8,1821.6
p9_batteries_1,2025,973.7,3298.8
p9_batteries_1,2026,732.7,2930.8
p9_batteries_1,2027,529.9,2119.6
p9_biomass_1,1969,1.96503621122263,.
p9_biomass_1,1985,1.04517690592052,.
p9_biomass_1,1986,18.9392888142023,.
p9_biomass_1,1987,26.964330520073,.
p9_biomass_1,1988,5.98342392992748,.
p9_biomass_1,1989,40.5079914741279,.
p9_biomass_1,1990,1.17558802868078,.
p9_biomass_1,1993,1.83515563553775,.
p9_biomass_1,1996,1.32750405515004,.
p9_biomass_1,1998,0.705352817208469,.
p9_biomass_1,1999,7.2843547242498,.
p9_biomass_1,2000,0.209117129448573,.
p9_biomass_1,2002,0.191292234928245,.
p9_biomass_1,2004,12.0103770102969,.
p9_biomass_1,2006,2.80862687476698,.
p9_biomass_1,2008,10.1634666588564,.
p9_biomass_1,2009,5.87018105323306,.
p9_biomass_1,2010,0.904696762425901,.
p9_biomass_1,2011,2.56018096107056,.
p9_biomass_1,2012,1.63223590835361,.
p9_biomass_1,2013,7.39778002647382,.
p9_biomass_1,2014,11.1710872871046,.
p9_biomass_1,2015,8.82874489425418,.
p9_biomass_1,2016,7.58735202448561,.
p9_biomass_1,2017,5.30352015854346,.
p9_biomass_1,2018,17.8995603123868,.
p9_biomass_1,2019,1.1926703163017,.
p9_biomass_1,2020,1.68735927042414,.
p9_biomass_1,2021,1.39147798640197,.
p9_biomass_1,2022,2.50144464720195,.
p9_biomass_1,2024,0,.
p9_biomass_1,2025,0,.
p9_biomass_1,2027,0,.
p9_conventional_hydroelectric_1,1913,77.8,.
p9_conventional_hydroelectric_1,1914,15.8,.
p9_conventional_hydroelectric_1,1921,67.5,.
p9_conventional_hydroelectric_1,1922,74.2,.
p9_conventional_hydroelectric_1,1923,122.6,.
p9_conventional_hydroelectric_1,1924,25,.
p9_conventional_hydroelectric_1,1925,118.6,.
p9_conventional_hydroelectric_1,1927,31,.
p9_conventional_hydroelectric_1,1928,179.4,.
p9_conventional_hydroelectric_1,1931,69,.
p9_conventional_hydroelectric_1,1944,448,.
p9_conventional_hydroelectric_1,1948,418,.
p9_conventional_hydroelectric_1,1949,255,.
p9_conventional_hydroelectric_1,1950,200,.
p9_conventional_hydroelectric_1,1951,100,.
p9_conventional_hydroelectric_1,1953,33,.
p9_conventional_hydroelectric_1,1955,310.1,.
p9_conventional_hydroelectric_1,1957,61.2,.
p9_conventional_hydroelectric_1,1958,530,.
p9_conventional_hydroelectric_1,1960,374.2,.
p9_conventional_hydroelectric_1,1961,78.1,.
p9_conventional_hydroelectric_1,1962,130.1,.
p9_conventional_hydroelectric_1,1963,483.4,.
p9_conventional_hydroelectric_1,1964,320,.
p9_conventional_hydroelectric_1,1965,372.5,.
p9_conventional_hydroelectric_1,1966,304,.
p9_conventional_hydroelectric_1,1967,176,.
p9_conventional_hydroelectric_1,1968,711.9,.
p9_conventional_hydroelectric_1,1969,641,.
p9_conventional_hydroelectric_1,1971,239.1,.
p9_conventional_hydroelectric_1,1979,382,.
p9_conventional_hydroelectric_1,1980,36.5,.
p9_conventional_hydroelectric_1,1983,156,.
p9_conventional_hydroelectric_1,1984,165,.
p9_conventional_hydroelectric_1,1985,12.1,.
p9_conventional_hydroelectric_1,1986,20,.
p9_conventional_hydroelectric_1,1987,39.8,.
p9_conventional_hydroelectric_1,1989,291.2,.
p9_conventional_hydroelectric_1,2017,7.3,.
p9_conventional_hydroelectric_1,2020,2.7,.
p9_conventional_hydroelectric_1,2027,3.8,.
p9_geothermal_1,1971,100,.
p9_geothermal_1,1972,84,.
p9_geothermal_1,1975,68,.
p9_geothermal_1,1979,56,.
p9_geothermal_1,1980,130,.
p9_geothermal_1,1982,65,.
p9_geothermal_1,1983,179,.
p9_geothermal_1,1984,110,.
p9_geothermal_1,1985,136,.
p9_geothermal_1,1986,41,.
p9_geothermal_1,1989,20,.
p9_hydroelectric_pumped_storage_1,1967,307.2,4761.6
p9_hydroelectric_pumped_storage_1,1968,435.3,6747.15
p9_hydroelectric_pumped_storage_1,1969,122.6,1900.3
p9_hydroelectric_pumped_storage_1,1984,1212,18786
p9_hydroelectric_pumped_storage_1,1987,199.8,3096.9
p9_natural_gas_fired_combined_cycle_1,1987,244.5,.
p9_natural_gas_fired_combined_cycle_1,1989,146,.
p9_natural_gas_fired_combined_cycle_1,1990,62.8,.
p9_natural_gas_fired_combined_cycle_1,1992,104,.
p9_natural_gas_fired_combined_cycle_1,1995,356.8,.
p9_natural_gas_fired_combined_cycle_1,1996,54.5,.
p9_natural_gas_fired_combined_cycle_1,1997,296.8,.
p9_natural_gas_fired_combined_cycle_1,2002,45,.
p9_natural_gas_fired_combined_cycle_1,2003,449.9,.
p9_natural_gas_fired_combined_cycle_1,2005,147.8,.
p9_natural_gas_fired_combined_cycle_1,2006,299.4,.
p9_natural_gas_fired_combined_cycle_1,2007,211,.
p9_natural_gas_fired_combined_cycle_1,2011,46,.
p9_natural_gas_fired_combined_cycle_1,2012,465.8,.
p9_natural_gas_fired_combined_cycle_1,2013,108,.
p9_natural_gas_fired_combined_cycle_2,2001,1122,.
p9_natural_gas_fired_combined_cycle_2,2002,1902,.
p9_natural_gas_fired_combined_cycle_2,2005,592,.
p9_natural_gas_fired_combined_cycle_2,2006,581.6,.
p9_natural_gas_fired_combined_cycle_2,2009,585.8,.
p9_natural_gas_fired_combined_cycle_2,2010,668,.
p9_natural_gas_fired_combined_cycle_2,2013,632,.
p9_natural_gas_fired_combustion_turbine_1,1530,54,.
p9_natural_gas_fired_combustion_turbine_1,1973,56.7,.
p9_natural_gas_fired_combustion_turbine_1,1981,53.5,.
p9_natural_gas_fired_combustion_turbine_1,1984,5.6,.
p9_natural_gas_fired_combustion_turbine_1,1986,280.8,.
p9_natural_gas_fired_combustion_turbine_1,1987,36.2,.
p9_natural_gas_fired_combustion_turbine_1,1988,52.7,.
p9_natural_gas_fired_combustion_turbine_1,1989,301.5,.
p9_natural_gas_fired_combustion_turbine_1,1990,49.9,.
p9_natural_gas_fired_combustion_turbine_1,1991,35,.
p9_natural_gas_fired_combustion_turbine_1,1993,45,.
p9_natural_gas_fired_combustion_turbine_1,1995,44.7,.
p9_natural_gas_fired_combustion_turbine_1,1996,166.4,.
p9_natural_gas_fired_combustion_turbine_1,2001,315.7,.
p9_natural_gas_fired_combustion_turbine_1,2002,334,.
p9_natural_gas_fired_combustion_turbine_1,2003,285,.
p9_natural_gas_fired_combustion_turbine_1,2004,52.2,.
p9_natural_gas_fired_combustion_turbine_1,2005,96,.
p9_natural_gas_fired_combustion_turbine_1,2006,100,.
p9_natural_gas_fired_combustion_turbine_1,2009,536.8,.
p9_natural_gas_fired_combustion_turbine_1,2012,373.6,.
p9_natural_gas_fired_combustion_turbine_1,2013,804.8,.
p9_natural_gas_fired_combustion_turbine_1,2015,4.4,.
p9_natural_gas_fired_combustion_turbine_1,2016,1.8,.
p9_natural_gas_fired_combustion_turbine_1,2022,127.2,.
p9_nuclear_1,1985,1122,.
p9_nuclear_1,1986,1118,.
p9_onshore_wind_turbine_1,1528,87,.
p9_onshore_wind_turbine_1,1990,15.5,.
p9_onshore_wind_turbine_1,2003,162,.
p9_onshore_wind_turbine_1,2004,18,.
p9_onshore_wind_turbine_1,2006,188,.
p9_onshore_wind_turbine_1,2009,150,.
p9_onshore_wind_turbine_1,2010,139,.
p9_onshore_wind_turbine_1,2011,181.7,.
p9_onshore_wind_turbine_1,2012,311.7,.
p9_onshore_wind_turbine_1,2014,3.6,.
p9_onshore_wind_turbine_1,2015,85.9,.
p9_onshore_wind_turbine_1,2017,47.9,.
p9_onshore_wind_turbine_1,2018,3.6,.
p9_onshore_wind_turbine_1,2019,1.8,.
p9_onshore_wind_turbine_1,2021,56.2,.
p9_onshore_wind_turbine_1,2022,5.6,.
p9_onshore_wind_turbine_1,2023,95.3,.
p9_onshore_wind_turbine_1,2024,85.5,.
p9_onshore_wind_turbine_1,2026,132.8,.
p9_other_peaker_1,1528,0.8,.
p9_other_peaker_1,1987,50.9,.
p9_other_peaker_1,1989,1.4,.
p9_other_peaker_1,1990,7.7,.
p9_other_peaker_1,1995,20,.
p9_other_peaker_1,1997,0.8,.
p9_other_peaker_1,2001,94.4,.
p9_other_peaker_1,2003,1.5,.
p9_other_peaker_1,2004,1,.
p9_other_peaker_1,2007,1,.
p9_other_peaker_1,2008,4.2,.
p9_other_peaker_1,2010,150,.
p9_other_peaker_1,2011,66.5,.
p9_other_peaker_1,2013,3,.
p9_other_peaker_1,2014,3,.
p9_other_peaker_1,2015,2,.
p9_other_peaker_1,2016,4.7,.
p9_other_peaker_1,2017,28.2,.
p9_other_peaker_1,2018,24.4,.
p9_other_peaker_1,2019,13.4,.
p9_other_peaker_1,2020,1.3,.
p9_other_peaker_1,2021,1.7,.
p9_other_peaker_1,2022,2.6,.
p9_other_peaker_1,2024,142.8,.
p9_petroleum_liquids_1,1978,110,.
p9_petroleum_liquids_1,1980,53.5,.
p9_petroleum_liquids_1,1983,0.9,.
p9_petroleum_liquids_1,1992,0.7,.
p9_petroleum_liquids_1,2000,7,.
p9_petroleum_liquids_1,2007,8,.
p9_petroleum_liquids_1,2008,12,.
p9_petroleum_liquids_1,2010,11,.
p9_petroleum_liquids_1,2011,45,.
p9_petroleum_liquids_1,2014,25.3,.
p9_petroleum_liquids_1,2015,50.5,.
p9_petroleum_liquids_1,2017,27.6,.
p9_petroleum_liquids_1,2019,12,.
p9_petroleum_liquids_1,2020,14.2,.
p9_petroleum_liquids_1,2023,3,.
p9_petroleum_liquids_1,2025,3,.
p9_small_hydroelectric_1,1902,0.34893298864558,.
p9_small_hydroelectric_1,1908,1.88180184804928,.
p9_small_hydroelectric_1,1910,0,.
p9_small_hydroelectric_1,1916,2.73365267639903,.
p9_small_hydroelectric_1,1917,0.154425182481752,.
p9_small_hydroelectric_1,1921,21.9708013596947,.
p9_small_hydroelectric_1,1924,0.934572688564477,.
p9_small_hydroelectric_1,1928,2.89962236415247,.
p9_small_hydroelectric_1,1929,1.85843724655312,.
p9_small_hydroelectric_1,1930,1.06797445255474,.
p9_small_hydroelectric_1,1940,1.38428882806164,.
p9_small_hydroelectric_1,1942,6.21981447688565,.
p9_small_hydroelectric_1,1943,8.95451895782644,.
p9_small_hydroelectric_1,1948,7.85259529602595,.
p9_small_hydroelectric_1,1954,1.62265561638281,.
p9_small_hydroelectric_1,1955,0,.
p9_small_hydroelectric_1,1956,2.06414740470397,.
p9_small_hydroelectric_1,1957,6.58067214111922,.
p9_small_hydroelectric_1,1958,0,.
p9_small_hydroelectric_1,1963,10.6251534735664,.
p9_small_hydroelectric_1,1965,15.1947105636659,.
p9_small_hydroelectric_1,1966,7.72367954176805,.
p9_small_hydroelectric_1,1967,3.60704328872668,.
p9_small_hydroelectric_1,1968,0,.
p9_small_hydroelectric_1,1979,6.62655869829684,.
p9_small_hydroelectric_1,1980,7.3319900648824,.
p9_small_hydroelectric_1,1981,0.41750304136253,.
p9_small_hydroelectric_1,1982,0.696844461472744,.
p9_small_hydroelectric_1,1983,5.26701216929763,.
p9_small_hydroelectric_1,1984,1.2207475985518,.
p9_small_hydroelectric_1,1985,4.80191859286294,.
p9_small_hydroelectric_1,1986,18.8307194217123,.
p9_small_hydroelectric_1,1987,6.04416358188884,.
p9_small_hydroelectric_1,1988,3.38472602392538,.
p9_small_hydroelectric_1,1989,4.8669720701541,.
p9_small_hydroelectric_1,1990,4.57290399432279,.
p9_small_hydroelectric_1,1992,4.33456255068938,.
p9_small_hydroelectric_1,1993,2.57133262368208,.
p9_small_hydroelectric_1,2012,0,.
p9_small_hydroelectric_1,2014,0.315870843471208,.
p9_solar_photovoltaic_1,2007,2.8,.
p9_solar_photovoltaic_1,2008,4.4,.
p9_solar_photovoltaic_1,2009,9.8,.
p9_solar_photovoltaic_1,2010,15.9,.
p9_solar_photovoltaic_1,2011,125.2,.
p9_solar_photovoltaic_1,2012,173.6,.
p9_solar_photovoltaic_1,2013,620.3,.
p9_solar_photovoltaic_1,2014,428.1,.
p9_solar_photovoltaic_1,2015,269.3,.
p9_solar_photovoltaic_1,2016,516.4,.
p9_solar_photovoltaic_1,2017,456.7,.
p9_solar_photovoltaic_1,2018,297.1,.
p9_solar_photovoltaic_1,2019,354,.
p9_solar_photovoltaic_1,2020,539.7,.
p9_solar_photovoltaic_1,2021,544.09,.
p9_solar_photovoltaic_1,2022,308.9,.
p9_solar_photovoltaic_1,2023,635.9,.
p9_solar_photovoltaic_1,2024,665,.
p9_solar_photovoltaic_1,2025,333.9,.
p9_solar_photovoltaic_1,2026,830.6,.
p9_solar_photovoltaic_1,2027,358.6,.
p9_waste_heat_1,1957,2.45253535583942,.
p9_waste_heat_1,1958,2.45253535583942,.
p9_waste_heat_1,1978,0.512182346580157,.
p9_waste_heat_1,2019,17.9,.
p90_biomass_1,1966,12.4661591504424,.
p90_biomass_1,1967,7.39196126697809,.
p90_biomass_1,1978,11.5211032635562,.
p90_biomass_1,1980,9.33721423197233,.
p90_biomass_1,1985,17.7063601146602,.
p90_biomass_1,1990,17.2967958212389,.
p90_biomass_1,1991,15.6526920578197,.
p90_biomass_1,1996,2.8662290888841,.
p90_biomass_1,2007,4.26119565729913,.
p90_biomass_1,2017,11.9725180110814,.
p90_conventional_hydroelectric_1,1915,5.1,.
p90_conventional_hydroelectric_1,1920,5.1,.
p90_conventional_hydroelectric_1,1926,33,.
p90_conventional_hydroelectric_1,1927,118.2,.
p90_conventional_hydroelectric_1,1928,61.5,.
p90_conventional_hydroelectric_1,1929,130,.
p90_conventional_hydroelectric_1,1931,77.9,.
p90_conventional_hydroelectric_1,1949,22.7,.
p90_conventional_hydroelectric_1,1951,22,.
p90_conventional_hydroelectric_1,1952,54.7,.
p90_conventional_hydroelectric_1,1955,5.1,.
p90_conventional_hydroelectric_1,1956,5.1,.
p90_conventional_hydroelectric_1,1961,48.6,.
p90_conventional_hydroelectric_1,1962,24.3,.
p90_conventional_hydroelectric_1,1964,119.1,.
p90_conventional_hydroelectric_1,1966,68.1,.
p90_conventional_hydroelectric_1,1967,345.3,.
p90_conventional_hydroelectric_1,1968,60.6,.
p90_conventional_hydroelectric_1,1975,82,.
p90_conventional_hydroelectric_1,1983,123,.
p90_conventional_hydroelectric_1,1985,261.2,.
p90_conventional_hydroelectric_1,2005,19,.
p90_conventional_steam_coal_1,1969,362,.
p90_conventional_steam_coal_2,1971,756.5,.
p90_natural_gas_fired_combined_cycle_1,1993,11.7,.
p90_natural_gas_fired_combined_cycle_1,1994,55.2,.
p90_natural_gas_fired_combined_cycle_1,1999,201.5,.
p90_natural_gas_fired_combined_cycle_1,2000,1419,.
p90_natural_gas_fired_combined_cycle_1,2001,245,.
p90_natural_gas_fired_combined_cycle_1,2002,1290.6,.
p90_natural_gas_fired_combined_cycle_1,2003,1367.8,.
p90_natural_gas_fired_combined_cycle_1,2008,686.2,.
p90_natural_gas_fired_combined_cycle_1,2023,1430,.
p90_natural_gas_fired_combined_cycle_2,1954,16,.
p90_natural_gas_fired_combined_cycle_2,1959,15,.
p90_natural_gas_fired_combined_cycle_2,1996,121,.
p90_natural_gas_fired_combined_cycle_2,2002,1466,.
p90_natural_gas_fired_combined_cycle_2,2003,969.9,.
p90_natural_gas_fired_combined_cycle_2,2010,815,.
p90_natural_gas_fired_combustion_turbine_1,1998,265,.
p90_natural_gas_fired_combustion_turbine_1,1999,100,.
p90_natural_gas_fired_combustion_turbine_1,2003,780,.
p90_natural_gas_fired_combustion_turbine_1,2004,96.6,.
p90_natural_gas_fired_combustion_turbine_1,2010,425,.
p90_natural_gas_fired_combustion_turbine_1,2019,46,.
p90_nuclear_1,1977,895,.
p90_nuclear_1,1981,896,.
p90_other_peaker_1,1954,160,.
p90_other_peaker_1,1964,10,.
p90_other_peaker_1,1967,11.6,.
p90_other_peaker_1,1982,10.6,.
p90_other_peaker_1,2023,28.8,.
p90_petroleum_liquids_1,1995,2.5,.
p90_petroleum_liquids_1,1996,1.3,.
p90_petroleum_liquids_1,1997,2.1,.
p90_petroleum_liquids_1,2002,4,.
p90_small_hydroelectric_1,1925,0.834557273096711,.
p90_small_hydroelectric_1,1926,0.134801237974277,.
p90_small_hydroelectric_1,1949,0.476889870340978,.
p90_small_hydroelectric_1,1985,0.303302785442123,.
p90_solar_photovoltaic_1,2017,97.2,.
p90_solar_photovoltaic_1,2023,180,.
p90_solar_photovoltaic_1,2025,240,.
p90_solar_photovoltaic_1,2026,160,.
p90_solar_photovoltaic_1,2027,183.3,.
p91_batteries_1,2022,5.5,14.3
p91_biomass_1,1981,12.0209726625862,.
p91_biomass_1,2006,3.90014193025142,.
p91_biomass_1,2010,2.43898266423358,.
p91_natural_gas_fired_combined_cycle_1,2002,1052.4,.
p91_natural_gas_fired_combined_cycle_2,2003,247.9,.
p91_natural_gas_fired_combustion_turbine_1,1525,13.8,.
p91_natural_gas_fired_combustion_turbine_1,1993,100,.
p91_natural_gas_fired_combustion_turbine_1,2021,928.2,.
p91_other_peaker_1,1953,5,.
p91_other_peaker_1,1957,5,.
p91_other_peaker_1,1958,6,.
p91_other_peaker_1,1959,75,.
p91_other_peaker_1,1961,75,.
p91_other_peaker_1,1970,299,.
p91_other_peaker_1,1973,475,.
p91_other_peaker_1,1988,3.3,.
p91_other_peaker_1,2006,10.4,.
p91_petroleum_liquids_1,1971,40,.
p91_solar_photovoltaic_1,2017,120,.
p91_solar_photovoltaic_1,2020,74.5,.
p91_solar_photovoltaic_1,2021,74.5,.
p91_solar_photovoltaic_1,2022,149.4,.
p91_solar_photovoltaic_1,2023,745.4,.
p91_solar_photovoltaic_1,2024,670.9,.
p91_solar_photovoltaic_1,2025,149,.
p91_solar_photovoltaic_1,2026,149,.
p91_solar_photovoltaic_1,2027,149,.
p92_batteries_1,2025,70,280
p92_biomass_1,1985,8.12176289345443,.
p92_biomass_1,1992,2.2574928329424,.
p92_biomass_1,2005,0.0169682684509327,.
p92_biomass_1,2010,3.65479330205449,.
p92_biomass_1,2011,1.57712607627308,.
p92_biomass_1,2012,4.26525750202757,.
p92_biomass_1,2013,0.946579281803963,.
p92_conventional_hydroelectric_1,1916,16,.
p92_conventional_hydroelectric_1,1924,19.6,.
p92_conventional_hydroelectric_1,1930,104,.
p92_conventional_hydroelectric_1,1936,109.6,.
p92_conventional_hydroelectric_1,1938,120.7,.
p92_conventional_hydroelectric_1,1940,89.4,.
p92_conventional_hydroelectric_1,1942,259.8,.
p92_conventional_hydroelectric_1,1943,147.7,.
p92_conventional_hydroelectric_1,1944,139,.
p92_conventional_hydroelectric_1,1948,63.5,.
p92_conventional_hydroelectric_1,1949,156.6,.
p92_conventional_hydroelectric_1,1950,52,.
p92_conventional_hydroelectric_1,1951,146.4,.
p92_conventional_hydroelectric_1,1952,106.1,.
p92_conventional_hydroelectric_1,1953,191.5,.
p92_conventional_hydroelectric_1,1954,49.5,.
p92_conventional_hydroelectric_1,1957,166.7,.
p92_conventional_hydroelectric_1,1958,41.4,.
p92_conventional_hydroelectric_1,1964,79.4,.
p92_conventional_hydroelectric_1,1968,108,.
p92_conventional_hydroelectric_1,1972,36.2,.
p92_conventional_hydroelectric_1,1973,68,.
p92_conventional_hydroelectric_1,1974,38,.
p92_conventional_hydroelectric_1,1987,0.5,.
p92_conventional_steam_coal_2,1530,2522,.
p92_conventional_steam_coal_2,1531,988,.
p92_conventional_steam_coal_2,1936,6,.
p92_conventional_steam_coal_2,1939,6,.
p92_conventional_steam_coal_2,1941,6,.
p92_conventional_steam_coal_2,1946,6,.
p92_conventional_steam_coal_2,1949,6,.
p92_conventional_steam_coal_2,1953,6,.
p92_conventional_steam_coal_2,1960,7,.
p92_conventional_steam_coal_2,1962,10,.
p92_conventional_steam_coal_2,1963,7.5,.
p92_conventional_steam_coal_2,1982,15.4,.
p92_conventional_steam_coal_2,1994,34.6,.
p92_hydroelectric_pumped_storage_1,1978,404.1,6263.55
p92_hydroelectric_pumped_storage_1,1979,1212.2,18789.1
p92_natural_gas_fired_combined_cycle_1,2010,615,.
p92_natural_gas_fired_combined_cycle_1,2012,940,.
p92_natural_gas_fired_combined_cycle_1,2026,714.5,.
p92_natural_gas_fired_combined_cycle_2,2018,1114.1,.
p92_natural_gas_fired_combustion_turbine_1,1530,625,.
p92_natural_gas_fired_combustion_turbine_1,1531,729.6,.
p92_natural_gas_fired_combustion_turbine_1,1995,3.7,.
p92_natural_gas_fired_combustion_turbine_1,1996,4.7,.
p92_natural_gas_fired_combustion_turbine_1,1997,5,.
p92_natural_gas_fired_combustion_turbine_1,1999,512,.
p92_natural_gas_fired_combustion_turbine_1,2000,732,.
p92_natural_gas_fired_combustion_turbine_1,2001,754.4,.
p92_natural_gas_fired_combustion_turbine_1,2002,371.2,.
p92_natural_gas_fired_combustion_turbine_1,2015,8.7,.
p92_natural_gas_fired_combustion_turbine_1,2016,61.4,.
p92_natural_gas_fired_combustion_turbine_1,2017,6.5,.
p92_natural_gas_fired_combustion_turbine_1,2025,580,.
p92_nuclear_1,1981,1177.4,.
p92_nuclear_1,1982,1155.1,.
p92_nuclear_1,1996,1179,.
p92_nuclear_1,2016,1164,.
p92_onshore_wind_turbine_1,2000,2.1,.
p92_other_peaker_1,1966,20.8,.
p92_other_peaker_1,1967,10.4,.
p92_other_peaker_1,1969,15,.
p92_other_peaker_1,1970,10.4,.
p92_other_peaker_1,1972,10.4,.
p92_other_peaker_1,1983,16.8,.
p92_other_peaker_1,2006,47,.
p92_petroleum_liquids_1,1525,575.2,.
p92_petroleum_liquids_1,2000,19.8,.
p92_petroleum_liquids_1,2001,19.8,.
p92_petroleum_liquids_1,2002,3.6,.
p92_small_hydroelectric_1,1912,0,.
p92_small_hydroelectric_1,1913,0,.
p92_small_hydroelectric_1,1914,0,.
p92_small_hydroelectric_1,1926,0,.
p92_small_hydroelectric_1,1943,18.8250963098135,.
p92_small_hydroelectric_1,1950,0,.
p92_small_hydroelectric_1,1970,7.09040450121654,.
p92_solar_photovoltaic_1,2011,0.3,.
p92_solar_photovoltaic_1,2012,11.8,.
p92_solar_photovoltaic_1,2013,0.3,.
p92_solar_photovoltaic_1,2014,31.6,.
p92_solar_photovoltaic_1,2016,25.1,.
p92_solar_photovoltaic_1,2017,19,.
p92_solar_photovoltaic_1,2018,88.97,.
p92_solar_photovoltaic_1,2019,2.5,.
p92_solar_photovoltaic_1,2020,1.5,.
p92_solar_photovoltaic_1,2021,9,.
p92_solar_photovoltaic_1,2022,170.7,.
p92_solar_photovoltaic_1,2023,213.8,.
p92_solar_photovoltaic_1,2024,17.3,.
p92_solar_photovoltaic_1,2025,307.8,.
p92_solar_photovoltaic_1,2026,465.7,.
p92_solar_photovoltaic_1,2027,481,.
p92_solar_photovoltaic_1,2028,2.8,.
p93_conventional_hydroelectric_1,1944,74.2,.
p93_conventional_hydroelectric_1,1945,72.4,.
p93_conventional_hydroelectric_1,1948,36.5,.
p93_conventional_hydroelectric_1,1951,156,.
p93_conventional_hydroelectric_1,1952,144,.
p93_conventional_hydroelectric_1,1966,148,.
p93_conventional_hydroelectric_1,2017,75.9,.
p93_conventional_steam_coal_1,1965,116,.
p93_conventional_steam_coal_1,1969,225,.
p93_conventional_steam_coal_2,1533,1104,.
p93_conventional_steam_coal_2,1953,138,.
p93_natural_gas_fired_combustion_turbine_1,2000,28.5,.
p93_natural_gas_fired_combustion_turbine_1,2002,742.4,.
p93_natural_gas_fired_combustion_turbine_1,2010,124,.
p93_solar_photovoltaic_1,2023,2.5,.
p93_solar_photovoltaic_1,2024,231.5,.
p93_solar_photovoltaic_1,2025,86,.
p93_solar_photovoltaic_1,2026,79.7,.
p94_batteries_1,2020,1.2,4.4
p94_batteries_1,2021,40,80
p94_batteries_1,2022,40,80
p94_batteries_1,2024,65,260
p94_batteries_1,2026,765,3060
p94_biomass_1,1948,2.93170605788423,.
p94_biomass_1,1954,6.3158234282808,.
p94_biomass_1,1957,1.93307316911155,.
p94_biomass_1,1960,17.2192284283163,.
p94_biomass_1,1961,2.94727476317733,.
p94_biomass_1,1965,4.04540132445871,.
p94_biomass_1,1968,4.0168288177548,.
p94_biomass_1,1971,7.6778399111191,.
p94_biomass_1,1977,0.907066322540278,.
p94_biomass_1,1980,7.74198385008663,.
p94_biomass_1,1981,3.35052120901055,.
p94_biomass_1,1982,6.9155011965399,.
p94_biomass_1,1989,10.4087695048633,.
p94_biomass_1,1991,10.5580983725661,.
p94_biomass_1,1996,2.9590544852983,.
p94_biomass_1,1998,17.7935326693025,.
p94_biomass_1,2003,1.99028664841849,.
p94_biomass_1,2004,5.58039026034147,.
p94_biomass_1,2005,0.0737340328467153,.
p94_biomass_1,2009,6.47813953072317,.
p94_biomass_1,2011,13.1222506320359,.
p94_biomass_1,2013,55.2308231487728,.
p94_biomass_1,2014,0.74632502027575,.
p94_biomass_1,2015,6.45165320840553,.
p94_biomass_1,2016,13.0899797865855,.
p94_biomass_1,2017,15.3943409924166,.
p94_biomass_1,2019,71.7078060371046,.
p94_biomass_1,2021,0.24770502608403,.
p94_conventional_hydroelectric_1,1913,48.6,.
p94_conventional_hydroelectric_1,1914,12.1,.
p94_conventional_hydroelectric_1,1920,12.2,.
p94_conventional_hydroelectric_1,1921,1,.
p94_conventional_hydroelectric_1,1923,26.2,.
p94_conventional_hydroelectric_1,1924,26.2,.
p94_conventional_hydroelectric_1,1944,2,.
p94_conventional_hydroelectric_1,1946,2.1,.
p94_conventional_hydroelectric_1,1950,72,.
p94_conventional_hydroelectric_1,1953,43.8,.
p94_conventional_hydroelectric_1,1959,58.3,.
p94_conventional_hydroelectric_1,1962,325,.
p94_conventional_hydroelectric_1,1963,202.7,.
p94_conventional_hydroelectric_1,1975,367,.
p94_conventional_hydroelectric_1,1980,114.2,.
p94_conventional_hydroelectric_1,1983,80,.
p94_conventional_hydroelectric_1,1985,252,.
p94_conventional_hydroelectric_1,1986,84,.
p94_conventional_hydroelectric_1,2003,60,.
p94_conventional_hydroelectric_1,2004,60,.
p94_conventional_hydroelectric_1,2005,6.6,.
p94_conventional_steam_coal_1,1971,714,.
p94_conventional_steam_coal_1,1972,718,.
p94_conventional_steam_coal_1,1974,883,.
p94_conventional_steam_coal_1,1975,885,.
p94_conventional_steam_coal_1,1988,42.3,.
p94_conventional_steam_coal_1,1989,42.3,.
p94_conventional_steam_coal_2,1982,860,.
p94_conventional_steam_coal_2,1984,860,.
p94_conventional_steam_coal_2,1987,860,.
p94_hydroelectric_pumped_storage_1,1977,320,4960
p94_hydroelectric_pumped_storage_1,1979,53.3,826.15
p94_hydroelectric_pumped_storage_1,1980,159.9,2478.45
p94_hydroelectric_pumped_storage_1,1995,1035,16042.5
p94_hydroelectric_pumped_storage_1,2002,328,5084
p94_natural_gas_fired_combined_cycle_1,1997,215,.
p94_natural_gas_fired_combined_cycle_1,1998,115,.
p94_natural_gas_fired_combined_cycle_2,2002,2606.4,.
p94_natural_gas_fired_combined_cycle_2,2003,1092.1,.
p94_natural_gas_fired_combined_cycle_2,2004,532.5,.
p94_natural_gas_fired_combined_cycle_2,2005,1359.8,.
p94_natural_gas_fired_combined_cycle_2,2011,913,.
p94_natural_gas_fired_combined_cycle_2,2012,1796,.
p94_natural_gas_fired_combustion_turbine_1,1957,4,.
p94_natural_gas_fired_combustion_turbine_1,1986,24.7,.
p94_natural_gas_fired_combustion_turbine_1,1989,42,.
p94_natural_gas_fired_combustion_turbine_1,1994,920,.
p94_natural_gas_fired_combustion_turbine_1,1995,189,.
p94_natural_gas_fired_combustion_turbine_1,1999,310.2,.
p94_natural_gas_fired_combustion_turbine_1,2000,2520.7,.
p94_natural_gas_fired_combustion_turbine_1,2001,1901.2,.
p94_natural_gas_fired_combustion_turbine_1,2002,1602.92,.
p94_natural_gas_fired_combustion_turbine_1,2003,973.28,.
p94_natural_gas_fired_combustion_turbine_1,2022,1,.
p94_natural_gas_fired_combustion_turbine_1,2023,5,.
p94_nuclear_1,1975,876,.
p94_nuclear_1,1979,883,.
p94_nuclear_1,1987,1150,.
p94_nuclear_1,1989,1152,.
p94_nuclear_1,2023,1114,.
p94_nuclear_1,2024,1114,.
p94_other_peaker_1,1946,1,.
p94_other_peaker_1,1948,2.7,.
p94_other_peaker_1,1957,10,.
p94_other_peaker_1,1959,3,.
p94_other_peaker_1,1965,36.7,.
p94_other_peaker_1,1974,714,.
p94_other_peaker_1,1981,71.2,.
p94_other_peaker_1,1985,4.5,.
p94_other_peaker_1,2012,6.6,.
p94_other_peaker_1,2020,0.6,.
p94_petroleum_liquids_1,1964,2,.
p94_petroleum_liquids_1,1971,80,.
p94_petroleum_liquids_1,1972,697.5,.
p94_petroleum_liquids_1,1973,182,.
p94_petroleum_liquids_1,1981,0.3,.
p94_petroleum_liquids_1,1982,1.4,.
p94_petroleum_liquids_1,1984,7.5,.
p94_petroleum_liquids_1,1986,1.5,.
p94_petroleum_liquids_1,1988,10,.
p94_petroleum_liquids_1,1989,18,.
p94_petroleum_liquids_1,1991,8.4,.
p94_petroleum_liquids_1,1992,1.7,.
p94_petroleum_liquids_1,1993,2.9,.
p94_petroleum_liquids_1,1994,3.4,.
p94_petroleum_liquids_1,1995,186,.
p94_petroleum_liquids_1,1996,0.5,.
p94_petroleum_liquids_1,1998,10.8,.
p94_petroleum_liquids_1,2000,80,.
p94_petroleum_liquids_1,2001,6.2,.
p94_petroleum_liquids_1,2003,6,.
p94_petroleum_liquids_1,2004,1.2,.
p94_petroleum_liquids_1,2005,4.4,.
p94_petroleum_liquids_1,2007,3.2,.
p94_petroleum_liquids_1,2008,2.5,.
p94_petroleum_liquids_1,2013,4,.
p94_petroleum_liquids_1,2015,0.3,.
p94_petroleum_liquids_1,2020,0.6,.
p94_petroleum_liquids_1,2023,0.2,.
p94_petroleum_liquids_1,2024,0.5,.
p94_petroleum_liquids_1,2025,3.8,.
p94_small_hydroelectric_1,1903,0,.
p94_small_hydroelectric_1,1911,0,.
p94_small_hydroelectric_1,1914,0,.
p94_small_hydroelectric_1,1916,0,.
p94_small_hydroelectric_1,1917,0,.
p94_small_hydroelectric_1,1921,2.24855535279805,.
p94_small_hydroelectric_1,1925,1.12427767639903,.
p94_small_hydroelectric_1,1926,1.83688158961882,.
p94_small_hydroelectric_1,1927,2.76489000405515,.
p94_small_hydroelectric_1,1930,0,.
p94_small_hydroelectric_1,1931,3.70385508217886,.
p94_small_hydroelectric_1,1956,0,.
p94_small_hydroelectric_1,1986,0.746058901054339,.
p94_small_hydroelectric_1,1988,0.0110249391727494,.
p94_small_hydroelectric_1,1993,0,.
p94_small_hydroelectric_1,1994,0.359329224390486,.
p94_solar_photovoltaic_1,2011,0.6,.
p94_solar_photovoltaic_1,2012,3,.
p94_solar_photovoltaic_1,2013,60.7,.
p94_solar_photovoltaic_1,2014,12,.
p94_solar_photovoltaic_1,2015,175.3,.
p94_solar_photovoltaic_1,2016,723.9,.
p94_solar_photovoltaic_1,2017,14.1,.
p94_solar_photovoltaic_1,2018,42,.
p94_solar_photovoltaic_1,2019,441.8,.
p94_solar_photovoltaic_1,2020,731.1,.
p94_solar_photovoltaic_1,2021,980.1,.
p94_solar_photovoltaic_1,2022,562.9,.
p94_solar_photovoltaic_1,2023,508.5,.
p94_solar_photovoltaic_1,2024,888,.
p94_solar_photovoltaic_1,2025,400,.
p94_solar_photovoltaic_1,2026,484.7,.
p94_solar_photovoltaic_1,2027,372,.
p95_biomass_1,2009,2.58051160337553,.
p95_biomass_1,2011,0.639953365774534,.
p95_biomass_1,2015,2.14119525547445,.
p95_conventional_hydroelectric_1,1916,51,.
p95_conventional_hydroelectric_1,1923,42,.
p95_conventional_hydroelectric_1,1925,60,.
p95_conventional_hydroelectric_1,1926,45,.
p95_conventional_hydroelectric_1,1971,152,.
p95_hydroelectric_pumped_storage_1,1973,390,6045
p95_hydroelectric_pumped_storage_1,1975,390,6045
p95_hydroelectric_pumped_storage_1,1991,1680,26040
p95_natural_gas_fired_combined_cycle_1,2001,520,.
p95_natural_gas_fired_combined_cycle_1,2018,809,.
p95_natural_gas_fired_combined_cycle_2,1998,101,.
p95_natural_gas_fired_combustion_turbine_1,2000,532.98,.
p95_natural_gas_fired_combustion_turbine_1,2001,344.63,.
p95_natural_gas_fired_combustion_turbine_1,2002,737,.
p95_natural_gas_fired_combustion_turbine_1,2003,374,.
p95_natural_gas_fired_combustion_turbine_1,2004,270,.
p95_natural_gas_fired_combustion_turbine_1,2007,96,.
p95_natural_gas_fired_combustion_turbine_1,2019,15.5,.
p95_nuclear_1,1973,865,.
p95_nuclear_1,1974,1753,.
p95_nuclear_1,1985,1198.7,.
p95_nuclear_1,1986,1179.8,.
p95_petroleum_liquids_1,1978,1.1,.
p95_petroleum_liquids_1,2003,15.3,.
p95_petroleum_liquids_1,2004,9,.
p95_petroleum_liquids_1,2006,5.4,.
p95_petroleum_liquids_1,2008,3,.
p95_petroleum_liquids_1,2011,9.2,.
p95_petroleum_liquids_1,2013,1,.
p95_small_hydroelectric_1,1905,1.02856951154053,.
p95_small_hydroelectric_1,1907,0,.
p95_small_hydroelectric_1,1908,1.35975994946305,.
p95_small_hydroelectric_1,1910,0,.
p95_small_hydroelectric_1,1921,0,.
p95_small_hydroelectric_1,1926,0.122822511151663,.
p95_small_hydroelectric_1,1927,0.679879974731522,.
p95_small_hydroelectric_1,1939,0.347532694647202,.
p95_small_hydroelectric_1,1941,0.22246299675588,.
p95_small_hydroelectric_1,1985,0.704335370518865,.
p95_small_hydroelectric_1,1986,0.347532694647202,.
p95_small_hydroelectric_1,1987,0.295867318807514,.
p95_small_hydroelectric_1,1989,1.91134428223844,.
p95_small_hydroelectric_1,1996,2.61273317112733,.
p95_small_hydroelectric_1,2013,0.543174675587997,.
p95_solar_photovoltaic_1,2012,0.1,.
p95_solar_photovoltaic_1,2018,2,.
p95_solar_photovoltaic_1,2019,7,.
p95_solar_photovoltaic_1,2020,27.1,.
p95_solar_photovoltaic_1,2021,6,.
p95_solar_photovoltaic_1,2022,24,.
p95_solar_photovoltaic_1,2023,2,.
p95_solar_photovoltaic_1,2026,42,.
p96_batteries_1,2018,4,8
p96_batteries_1,2023,18,72
p96_batteries_1,2024,66,198
p96_batteries_1,2026,74.9,299.6
p96_biomass_1,1947,1.25128196967125,.
p96_biomass_1,1957,3.5035895150795,.
p96_biomass_1,1963,1.41093385086733,.
p96_biomass_1,1966,3.92492382174377,.
p96_biomass_1,1974,1.43387586470257,.
p96_biomass_1,1984,17.2383474811614,.
p96_biomass_1,1987,8.48854511903924,.
p96_biomass_1,1991,8.85986528420395,.
p96_biomass_1,2001,0.547360773181941,.
p96_biomass_1,2003,0.273680386590971,.
p96_biomass_1,2005,1.28244215672772,.
p96_biomass_1,2006,2.3753019435235,.
p96_biomass_1,2010,2.04176162764821,.
p96_biomass_1,2011,0.36014801297648,.
p96_biomass_1,2012,4.70458231954582,.
p96_biomass_1,2013,33.3770121481865,.
p96_conventional_hydroelectric_1,1919,74,.
p96_conventional_hydroelectric_1,1930,132.5,.
p96_conventional_hydroelectric_1,1942,140,.
p96_conventional_hydroelectric_1,1953,192,.
p96_conventional_hydroelectric_1,1954,144,.
p96_conventional_hydroelectric_1,1971,66,.
p96_conventional_hydroelectric_1,1985,84,.
p96_conventional_steam_coal_1,1530,1150,.
p96_conventional_steam_coal_2,1970,342,.
p96_conventional_steam_coal_2,1971,342,.
p96_conventional_steam_coal_2,1973,610,.
p96_conventional_steam_coal_2,1984,570,.
p96_conventional_steam_coal_2,1995,585,.
p96_conventional_steam_coal_2,2007,580,.
p96_conventional_steam_coal_2,2008,595,.
p96_hydroelectric_pumped_storage_1,1978,576,8928
p96_natural_gas_fired_combined_cycle_1,2004,1628.2,.
p96_natural_gas_fired_combined_cycle_2,1953,65,.
p96_natural_gas_fired_combined_cycle_2,1954,66,.
p96_natural_gas_fired_combined_cycle_2,2002,353,.
p96_natural_gas_fired_combustion_turbine_1,1969,48,.
p96_natural_gas_fired_combustion_turbine_1,1991,99,.
p96_natural_gas_fired_combustion_turbine_1,1994,9.6,.
p96_natural_gas_fired_combustion_turbine_1,1997,264,.
p96_natural_gas_fired_combustion_turbine_1,1999,49,.
p96_natural_gas_fired_combustion_turbine_1,2005,2,.
p96_natural_gas_fired_combustion_turbine_1,2009,21,.
p96_natural_gas_fired_combustion_turbine_1,2010,21,.
p96_natural_gas_fired_combustion_turbine_1,2014,2,.
p96_natural_gas_fired_combustion_turbine_1,2019,3.5,.
p96_natural_gas_fired_combustion_turbine_1,2024,52,.
p96_natural_gas_fired_combustion_turbine_1,2025,104,.
p96_nuclear_1,1971,792.9,.
p96_nuclear_1,1984,999.3,.
p96_other_peaker_1,1950,2.5,.
p96_other_peaker_1,1955,96,.
p96_other_peaker_1,1958,250,.
p96_other_peaker_1,1996,415,.
p96_petroleum_liquids_1,1525,36,.
p96_petroleum_liquids_1,1533,185,.
p96_petroleum_liquids_1,1987,14,.
p96_petroleum_liquids_1,2019,3.5,.
p96_small_hydroelectric_1,1914,0,.
p96_small_hydroelectric_1,1921,0,.
p96_small_hydroelectric_1,1950,1.32849249797243,.
p96_solar_photovoltaic_1,2013,2,.
p96_solar_photovoltaic_1,2016,16.8,.
p96_solar_photovoltaic_1,2017,235.7,.
p96_solar_photovoltaic_1,2018,95.4,.
p96_solar_photovoltaic_1,2019,298.1,.
p96_solar_photovoltaic_1,2020,428.2,.
p96_solar_photovoltaic_1,2021,21.5,.
p96_solar_photovoltaic_1,2022,174.1,.
p96_solar_photovoltaic_1,2023,220.5,.
p96_solar_photovoltaic_1,2024,83.1,.
p96_solar_photovoltaic_1,2025,295,.
p96_solar_photovoltaic_1,2026,201.8,.
p96_solar_photovoltaic_1,2027,534.6,.
p96_solar_photovoltaic_1,2028,512.8,.
p96_solar_photovoltaic_1,2029,249,.
p97_batteries_1,2020,8.8,8.8
p97_batteries_1,2021,1.3,2
p97_batteries_1,2022,9.4,14.4
p97_batteries_1,2024,10,20
p97_biomass_1,1985,1.32585046498475,.
p97_biomass_1,1993,0.100443217044299,.
p97_biomass_1,1999,1.00253446877534,.
p97_biomass_1,2008,2.83759124087591,.
p97_biomass_1,2010,1.45218724655312,.
p97_biomass_1,2011,3.80977606132434,.
p97_biomass_1,2012,3.37441707218167,.
p97_biomass_1,2013,0.811853710462287,.
p97_biomass_1,2014,1.43046902155023,.
p97_biomass_1,2015,1.20460549183177,.
p97_biomass_1,2016,0.476567777270653,.
p97_biomass_1,2017,1.43660026358475,.
p97_biomass_1,2019,0.768232018985031,.
p97_conventional_hydroelectric_1,1919,51.5,.
p97_conventional_hydroelectric_1,1922,9,.
p97_conventional_hydroelectric_1,1923,68,.
p97_conventional_hydroelectric_1,1925,33.4,.
p97_conventional_hydroelectric_1,1927,37.2,.
p97_conventional_hydroelectric_1,1928,80,.
p97_conventional_hydroelectric_1,1930,112,.
p97_conventional_hydroelectric_1,1940,73.8,.
p97_conventional_hydroelectric_1,1942,45,.
p97_conventional_hydroelectric_1,1945,202.8,.
p97_conventional_hydroelectric_1,1949,31,.
p97_conventional_hydroelectric_1,1954,101.4,.
p97_conventional_hydroelectric_1,1962,39,.
p97_conventional_hydroelectric_1,1963,243,.
p97_conventional_hydroelectric_1,1967,81,.
p97_conventional_hydroelectric_1,1997,0.8,.
p97_conventional_hydroelectric_1,2000,0.4,.
p97_conventional_hydroelectric_1,2011,1.5,.
p97_conventional_hydroelectric_1,2012,84,.
p97_conventional_hydroelectric_1,2013,28,.
p97_conventional_steam_coal_1,1972,546,.
p97_conventional_steam_coal_1,2012,849,.
p97_conventional_steam_coal_2,1534,380,.
p97_conventional_steam_coal_2,1970,660,.
p97_hydroelectric_pumped_storage_1,1956,67.5,1046.25
p97_natural_gas_fired_combined_cycle_1,2003,565,.
p97_natural_gas_fired_combined_cycle_1,2018,513,.
p97_natural_gas_fired_combined_cycle_1,2019,280,.
p97_natural_gas_fired_combined_cycle_1,2020,280,.
p97_natural_gas_fired_combined_cycle_2,2011,718,.
p97_natural_gas_fired_combined_cycle_2,2012,718,.
p97_natural_gas_fired_combustion_turbine_1,1995,1133,.
p97_natural_gas_fired_combustion_turbine_1,1996,374,.
p97_natural_gas_fired_combustion_turbine_1,1999,185,.
p97_natural_gas_fired_combustion_turbine_1,2000,1080,.
p97_natural_gas_fired_combustion_turbine_1,2001,554.2,.
p97_natural_gas_fired_combustion_turbine_1,2007,366.6,.
p97_natural_gas_fired_combustion_turbine_1,2010,30,.
p97_natural_gas_fired_combustion_turbine_1,2012,767.7,.
p97_natural_gas_fired_combustion_turbine_1,2024,402,.
p97_nuclear_1,1981,1199,.
p97_nuclear_1,1984,1187.2,.
p97_other_peaker_1,1534,380,.
p97_other_peaker_1,1969,658,.
p97_other_peaker_1,1974,1110,.
p97_other_peaker_1,1975,1110,.
p97_petroleum_liquids_1,1967,1,.
p97_petroleum_liquids_1,1972,3.2,.
p97_petroleum_liquids_1,1975,1.2,.
p97_petroleum_liquids_1,1988,0.8,.
p97_petroleum_liquids_1,1995,5.1,.
p97_petroleum_liquids_1,1999,2,.
p97_petroleum_liquids_1,2002,9,.
p97_petroleum_liquids_1,2004,5.4,.
p97_petroleum_liquids_1,2005,14.4,.
p97_petroleum_liquids_1,2006,18,.
p97_petroleum_liquids_1,2007,14.8,.
p97_petroleum_liquids_1,2008,4,.
p97_petroleum_liquids_1,2009,1,.
p97_petroleum_liquids_1,2012,3.6,.
p97_petroleum_liquids_1,2013,5.3,.
p97_small_hydroelectric_1,1915,0,.
p97_small_hydroelectric_1,1924,0.54000236550419,.
p97_small_hydroelectric_1,1925,0.466735097323601,.
p97_small_hydroelectric_1,1927,0.816749372575861,.
p97_small_hydroelectric_1,1934,0.464877331711273,.
p97_small_hydroelectric_1,1941,9.01719637064071,.
p97_small_hydroelectric_1,1943,0.270001182752095,.
p97_small_hydroelectric_1,1949,0.448030717761557,.
p97_small_hydroelectric_1,1950,0.630499797242498,.
p97_small_hydroelectric_1,1952,1.93649888483374,.
p97_small_hydroelectric_1,1954,5.88833130575831,.
p97_small_hydroelectric_1,1955,3.30071238677543,.
p97_small_hydroelectric_1,1985,0.180048661800487,.
p97_small_hydroelectric_1,1988,0.826376216545012,.
p97_small_hydroelectric_1,1996,1.68267183698297,.
p97_solar_photovoltaic_1,1552,11,.
p97_solar_photovoltaic_1,2010,11.1,.
p97_solar_photovoltaic_1,2011,12.8,.
p97_solar_photovoltaic_1,2012,19,.
p97_solar_photovoltaic_1,2013,66,.
p97_solar_photovoltaic_1,2014,47.4,.
p97_solar_photovoltaic_1,2015,128.6,.
p97_solar_photovoltaic_1,2016,193.3,.
p97_solar_photovoltaic_1,2017,206.4,.
p97_solar_photovoltaic_1,2018,106.2,.
p97_solar_photovoltaic_1,2019,34.3,.
p97_solar_photovoltaic_1,2020,66.9,.
p97_solar_photovoltaic_1,2021,249.2,.
p97_solar_photovoltaic_1,2022,163.5,.
p97_solar_photovoltaic_1,2023,50,.
p97_solar_photovoltaic_1,2024,84.4,.
p97_solar_photovoltaic_1,2025,115.4,.
p97_solar_photovoltaic_1,2027,70,.
p98_batteries_1,2017,1,1
p98_batteries_1,2019,0.5,0.5
p98_batteries_1,2021,10,10
p98_batteries_1,2022,5,7.5
p98_batteries_1,2023,11.3,20.3
p98_batteries_1,2024,82.5,165
p98_batteries_1,2025,100,400
p98_biomass_1,1966,5.44737557975973,.
p98_biomass_1,1976,12.0681501348572,.
p98_biomass_1,1978,6.9690068963933,.
p98_biomass_1,1985,3.06244296701864,.
p98_biomass_1,1990,11.5296406123277,.
p98_biomass_1,2007,0.865453500946202,.
p98_biomass_1,2010,1.43457677389916,.
p98_biomass_1,2011,0.432726750473101,.
p98_biomass_1,2013,1.23524939172749,.
p98_biomass_1,2014,14.9112807431062,.
p98_biomass_1,2019,0.305152427893392,.
p98_biomass_1,2024,8.08430345450016,.
p98_conventional_hydroelectric_1,1917,90,.
p98_conventional_hydroelectric_1,1924,29,.
p98_conventional_hydroelectric_1,1928,60,.
p98_conventional_hydroelectric_1,1955,95,.
p98_conventional_hydroelectric_1,1960,25,.
p98_conventional_hydroelectric_1,1963,220,.
p98_conventional_steam_coal_1,1966,380,.
p98_conventional_steam_coal_1,1968,673,.
p98_conventional_steam_coal_1,1973,698,.
p98_conventional_steam_coal_1,1980,711,.
p98_conventional_steam_coal_2,1983,713,.
p98_natural_gas_fired_combined_cycle_1,2002,570,.
p98_natural_gas_fired_combined_cycle_1,2011,680,.
p98_natural_gas_fired_combined_cycle_1,2012,1054,.
p98_natural_gas_fired_combined_cycle_1,2013,719,.
p98_natural_gas_fired_combined_cycle_2,1976,75,.
p98_natural_gas_fired_combined_cycle_2,1978,25,.
p98_natural_gas_fired_combined_cycle_2,1979,25,.
p98_natural_gas_fired_combined_cycle_2,1980,25,.
p98_natural_gas_fired_combined_cycle_2,1988,65,.
p98_natural_gas_fired_combustion_turbine_1,1976,25,.
p98_natural_gas_fired_combustion_turbine_1,1977,25,.
p98_natural_gas_fired_combustion_turbine_1,1992,35.5,.
p98_natural_gas_fired_combustion_turbine_1,1993,4,.
p98_natural_gas_fired_combustion_turbine_1,1995,17,.
p98_natural_gas_fired_combustion_turbine_1,2000,780,.
p98_natural_gas_fired_combustion_turbine_1,2001,800,.
p98_natural_gas_fired_combustion_turbine_1,2002,200,.
p98_natural_gas_fired_combustion_turbine_1,2007,305.5,.
p98_natural_gas_fired_combustion_turbine_1,2009,195,.
p98_natural_gas_fired_combustion_turbine_1,2012,10.6,.
p98_natural_gas_fired_combustion_turbine_1,2013,61.1,.
p98_natural_gas_fired_combustion_turbine_1,2017,97,.
p98_natural_gas_fired_combustion_turbine_1,2019,5.6,.
p98_nuclear_1,1975,953,.
p98_nuclear_1,1977,975,.
p98_nuclear_1,1987,1009,.
p98_onshore_wind_turbine_1,2016,208,.
p98_onshore_wind_turbine_1,2024,189,.
p98_other_peaker_1,1991,28.7,.
p98_other_peaker_1,2019,1,.
p98_petroleum_liquids_1,1970,82,.
p98_petroleum_liquids_1,1971,150,.
p98_petroleum_liquids_1,1987,1.2,.
p98_petroleum_liquids_1,1988,1.2,.
p98_petroleum_liquids_1,1990,184.9,.
p98_petroleum_liquids_1,1991,18,.
p98_petroleum_liquids_1,1993,12,.
p98_petroleum_liquids_1,1994,1.4,.
p98_petroleum_liquids_1,1995,5.4,.
p98_petroleum_liquids_1,1998,13.5,.
p98_petroleum_liquids_1,1999,1,.
p98_petroleum_liquids_1,2002,2.6,.
p98_petroleum_liquids_1,2003,1.2,.
p98_petroleum_liquids_1,2007,4,.
p98_petroleum_liquids_1,2013,9.2,.
p98_petroleum_liquids_1,2014,1.2,.
p98_petroleum_liquids_1,2015,0.4,.
p98_small_hydroelectric_1,1912,0,.
p98_small_hydroelectric_1,1981,0.43140162750019,.
p98_small_hydroelectric_1,1982,0.215700813750095,.
p98_small_hydroelectric_1,2012,1.17196258636423,.
p98_solar_photovoltaic_1,1525,1,.
p98_solar_photovoltaic_1,1526,8,.
p98_solar_photovoltaic_1,1530,1,.
p98_solar_photovoltaic_1,1549,15,.
p98_solar_photovoltaic_1,1556,20,.
p98_solar_photovoltaic_1,1561,10,.
p98_solar_photovoltaic_1,2008,2.1,.
p98_solar_photovoltaic_1,2011,9.5,.
p98_solar_photovoltaic_1,2012,74.4,.
p98_solar_photovoltaic_1,2013,148.8,.
p98_solar_photovoltaic_1,2014,321.2,.
p98_solar_photovoltaic_1,2015,775.9,.
p98_solar_photovoltaic_1,2016,573.6,.
p98_solar_photovoltaic_1,2017,774.4,.
p98_solar_photovoltaic_1,2018,620.1,.
p98_solar_photovoltaic_1,2019,456.4,.
p98_solar_photovoltaic_1,2020,553.9,.
p98_solar_photovoltaic_1,2021,321.4,.
p98_solar_photovoltaic_1,2022,92.4,.
p98_solar_photovoltaic_1,2023,475.8,.
p98_solar_photovoltaic_1,2024,38,.
p98_solar_photovoltaic_1,2025,116,.
p98_solar_photovoltaic_1,2026,34.9,.
p98_solar_photovoltaic_1,2027,166,.
p98_waste_heat_1,1984,27.0737783860503,.
p99_batteries_1,2022,50.5,72.6
p99_batteries_1,2023,20,80
p99_batteries_1,2026,150,600
p99_biomass_1,1528,31.8916770905966,.
p99_biomass_1,1960,1.590791829569,.
p99_biomass_1,1968,3.9769795739225,.
p99_biomass_1,1977,9.41063065227625,.
p99_biomass_1,1980,14.930319950875,.
p99_biomass_1,1985,7.31764241601739,.
p99_biomass_1,1987,16.6258320787713,.
p99_biomass_1,1990,34.5193126520681,.
p99_biomass_1,1993,2.27715683292782,.
p99_biomass_1,2001,2.04859843876723,.
p99_biomass_1,2003,3.37477189781022,.
p99_biomass_1,2007,2.66686942416869,.
p99_biomass_1,2008,7.70818760137875,.
p99_biomass_1,2009,6.41299168694242,.
p99_biomass_1,2010,7.38186885243969,.
p99_biomass_1,2011,2.29387754861465,.
p99_biomass_1,2012,2.10791692011354,.
p99_biomass_1,2013,47.3116041440549,.
p99_conventional_hydroelectric_1,1952,60.6,.
p99_conventional_hydroelectric_1,1953,234,.
p99_conventional_hydroelectric_1,1964,50,.
p99_conventional_hydroelectric_1,1965,174,.
p99_conventional_hydroelectric_1,1966,174,.
p99_conventional_hydroelectric_1,2008,2,.
p99_conventional_steam_coal_1,1951,10.5,.
p99_conventional_steam_coal_1,1989,32.5,.
p99_conventional_steam_coal_2,1995,442.9,.
p99_conventional_steam_coal_2,1996,439,.
p99_hydroelectric_pumped_storage_1,1965,66,1023
p99_hydroelectric_pumped_storage_1,1966,66,1023
p99_hydroelectric_pumped_storage_1,1980,106,1643
p99_hydroelectric_pumped_storage_1,1985,3015.1,46734.05
p99_natural_gas_fired_combined_cycle_1,1990,631,.
p99_natural_gas_fired_combined_cycle_1,1992,235,.
p99_natural_gas_fired_combined_cycle_1,1994,270.2,.
p99_natural_gas_fired_combined_cycle_2,1991,376,.
p99_natural_gas_fired_combined_cycle_2,1992,376,.
p99_natural_gas_fired_combined_cycle_2,2003,668,.
p99_natural_gas_fired_combined_cycle_2,2004,981.2,.
p99_natural_gas_fired_combined_cycle_2,2011,642.4,.
p99_natural_gas_fired_combined_cycle_2,2016,1511.5,.
p99_natural_gas_fired_combined_cycle_2,2017,770,.
p99_natural_gas_fired_combined_cycle_2,2018,1681,.
p99_natural_gas_fired_combustion_turbine_1,1989,368,.
p99_natural_gas_fired_combustion_turbine_1,1990,368,.
p99_natural_gas_fired_combustion_turbine_1,1992,375,.
p99_natural_gas_fired_combustion_turbine_1,2000,727.2,.
p99_natural_gas_fired_combustion_turbine_1,2001,551.2,.
p99_natural_gas_fired_combustion_turbine_1,2003,555,.
p99_natural_gas_fired_combustion_turbine_1,2004,576,.
p99_natural_gas_fired_combustion_turbine_1,2008,380,.
p99_natural_gas_fired_combustion_turbine_1,2009,188.3,.
p99_natural_gas_fired_combustion_turbine_1,2018,376,.
p99_nuclear_1,1972,875,.
p99_nuclear_1,1973,875,.
p99_nuclear_1,1978,982,.
p99_nuclear_1,1980,976,.
p99_offshore_wind_turbine_1,2021,12,.
p99_offshore_wind_turbine_1,2027,713,.
p99_other_peaker_1,1982,6.4,.
p99_other_peaker_1,1983,11.5,.
p99_other_peaker_1,1992,55,.
p99_other_peaker_1,2021,2.4,.
p99_other_peaker_1,2024,2,.
p99_other_peaker_1,2025,2,.
p99_petroleum_liquids_1,1967,20.1,.
p99_petroleum_liquids_1,1968,93,.
p99_petroleum_liquids_1,1969,34.4,.
p99_petroleum_liquids_1,1970,43.4,.
p99_petroleum_liquids_1,1971,130.4,.
p99_petroleum_liquids_1,1987,3,.
p99_petroleum_liquids_1,1990,13.5,.
p99_petroleum_liquids_1,1992,6,.
p99_petroleum_liquids_1,1993,3,.
p99_petroleum_liquids_1,1996,2.7,.
p99_petroleum_liquids_1,1997,30.3,.
p99_petroleum_liquids_1,1999,12,.
p99_petroleum_liquids_1,2002,14,.
p99_petroleum_liquids_1,2004,21.8,.
p99_petroleum_liquids_1,2005,1.2,.
p99_petroleum_liquids_1,2006,2,.
p99_petroleum_liquids_1,2007,1.7,.
p99_petroleum_liquids_1,2009,7.5,.
p99_petroleum_liquids_1,2016,6,.
p99_small_hydroelectric_1,1915,0.295252939983779,.
p99_small_hydroelectric_1,1986,0.725593065693431,.
p99_small_hydroelectric_1,1987,0.121781224655312,.
p99_small_hydroelectric_1,1990,1.76161964417307,.
p99_small_hydroelectric_1,1993,1.09366129359286,.
p99_solar_photovoltaic_1,2016,59,.
p99_solar_photovoltaic_1,2017,253.1,.
p99_solar_photovoltaic_1,2018,58,.
p99_solar_photovoltaic_1,2019,163.1,.
p99_solar_photovoltaic_1,2020,675.1,.
p99_solar_photovoltaic_1,2021,858.7,.
p99_solar_photovoltaic_1,2022,626.8,.
p99_solar_photovoltaic_1,2023,737.6,.
p99_solar_photovoltaic_1,2024,787.2,.
p99_solar_photovoltaic_1,2025,514.8,.
p99_solar_photovoltaic_1,2026,352.4,.
p99_solar_photovoltaic_1,2027,100,.
p1_distributed_generation_1,2028,212,.
p1_distributed_generation_1,2030,16,.
p1_distributed_generation_1,2033,4,.
p10_distributed_generation_1,1535,301,.
p10_distributed_generation_1,2028,7454,.
p10_distributed_generation_1,2030,476,.
p100_distributed_generation_1,2028,23,.
p100_distributed_generation_1,2030,15,.
p100_distributed_generation_1,2033,8,.
p101_distributed_generation_1,2028,1986,.
p101_distributed_generation_1,2030,594,.
p101_distributed_generation_1,2034,1289,.
p102_distributed_generation_1,2028,415,.
p102_distributed_generation_1,2030,296,.
p102_distributed_generation_1,2034,762,.
p103_distributed_generation_1,1535,9,.
p103_distributed_generation_1,2028,130,.
p103_distributed_generation_1,2030,4,.
p104_distributed_generation_1,2028,8,.
p105_distributed_generation_1,2028,107,.
p105_distributed_generation_1,2030,20,.
p105_distributed_generation_1,2034,55,.
p106_distributed_generation_1,2028,21,.
p106_distributed_generation_1,2030,7,.
p106_distributed_generation_1,2034,19,.
p107_distributed_generation_1,2028,43,.
p107_distributed_generation_1,2030,13,.
p107_distributed_generation_1,2034,37,.
p108_distributed_generation_1,2028,6,.
p108_distributed_generation_1,2030,1,.
p108_distributed_generation_1,2034,1,.
p109_distributed_generation_1,2028,11,.
p109_distributed_generation_1,2034,10,.
p11_distributed_generation_1,1535,69,.
p11_distributed_generation_1,2028,1371,.
p11_distributed_generation_1,2030,78,.
p110_distributed_generation_1,2028,4,.
p111_distributed_generation_1,2028,125,.
p111_distributed_generation_1,2030,55,.
p111_distributed_generation_1,2034,188,.
p112_distributed_generation_1,2028,124,.
p112_distributed_generation_1,2030,42,.
p112_distributed_generation_1,2034,119,.
p113_distributed_generation_1,2028,27,.
p113_distributed_generation_1,2030,13,.
p113_distributed_generation_1,2034,58,.
p114_distributed_generation_1,2028,34,.
p114_distributed_generation_1,2030,19,.
p114_distributed_generation_1,2034,79,.
p115_distributed_generation_1,2028,223,.
p115_distributed_generation_1,2030,46,.
p115_distributed_generation_1,2034,94,.
p116_distributed_generation_1,2028,15,.
p116_distributed_generation_1,2030,13,.
p116_distributed_generation_1,2034,54,.
p117_distributed_generation_1,2028,10,.
p117_distributed_generation_1,2030,2,.
p117_distributed_generation_1,2034,4,.
p118_distributed_generation_1,2028,14,.
p118_distributed_generation_1,2030,9,.
p118_distributed_generation_1,2034,15,.
p119_distributed_generation_1,2028,8,.
p119_distributed_generation_1,2030,1,.
p119_distributed_generation_1,2034,6,.
p12_distributed_generation_1,2028,98,.
p12_distributed_generation_1,2030,16,.
p12_distributed_generation_1,2033,1,.
p120_distributed_generation_1,2028,6,.
p120_distributed_generation_1,2030,1,.
p120_distributed_generation_1,2034,8,.
p121_distributed_generation_1,2028,89,.
p121_distributed_generation_1,2030,19,.
p121_distributed_generation_1,2034,34,.
p122_distributed_generation_1,2028,600,.
p122_distributed_generation_1,2030,132,.
p122_distributed_generation_1,2034,257,.
p123_distributed_generation_1,2028,1120,.
p123_distributed_generation_1,2030,122,.
p123_distributed_generation_1,2033,99,.
p125_distributed_generation_1,2028,131,.
p125_distributed_generation_1,2030,24,.
p125_distributed_generation_1,2034,31,.
p126_distributed_generation_1,2028,2682,.
p126_distributed_generation_1,2030,330,.
p126_distributed_generation_1,2033,238,.
p127_distributed_generation_1,2028,1546,.
p127_distributed_generation_1,2030,112,.
p127_distributed_generation_1,2034,214,.
p128_distributed_generation_1,1535,56,.
p128_distributed_generation_1,2028,1011,.
p128_distributed_generation_1,2030,46,.
p129_distributed_generation_1,1535,32,.
p129_distributed_generation_1,2028,343,.
p129_distributed_generation_1,2030,10,.
p13_distributed_generation_1,1535,26,.
p13_distributed_generation_1,2028,767,.
p13_distributed_generation_1,2030,49,.
p130_distributed_generation_1,1535,8,.
p130_distributed_generation_1,2028,152,.
p130_distributed_generation_1,2030,6,.
p131_distributed_generation_1,2028,801,.
p131_distributed_generation_1,2030,541,.
p131_distributed_generation_1,2034,1262,.
p132_distributed_generation_1,1535,19,.
p132_distributed_generation_1,2028,842,.
p132_distributed_generation_1,2030,60,.
p133_distributed_generation_1,2028,461,.
p133_distributed_generation_1,2030,80,.
p133_distributed_generation_1,2033,76,.
p134_distributed_generation_1,1535,230,.
p134_distributed_generation_1,2028,2098,.
p134_distributed_generation_1,2030,46,.
p14_distributed_generation_1,1535,25,.
p14_distributed_generation_1,2028,257,.
p14_distributed_generation_1,2030,7,.
p15_distributed_generation_1,1535,4,.
p15_distributed_generation_1,2028,121,.
p15_distributed_generation_1,2030,7,.
p16_distributed_generation_1,1535,32,.
p16_distributed_generation_1,2028,312,.
p16_distributed_generation_1,2030,8,.
p17_distributed_generation_1,2028,11,.
p17_distributed_generation_1,2030,1,.
p17_distributed_generation_1,2034,2,.
p18_distributed_generation_1,2028,12,.
p18_distributed_generation_1,2030,2,.
p18_distributed_generation_1,2034,2,.
p19_distributed_generation_1,2028,1,.
p2_distributed_generation_1,2028,66,.
p2_distributed_generation_1,2030,4,.
p20_distributed_generation_1,2028,13,.
p20_distributed_generation_1,2030,2,.
p20_distributed_generation_1,2033,2,.
p21_distributed_generation_1,2028,15,.
p21_distributed_generation_1,2030,8,.
p21_distributed_generation_1,2034,10,.
p23_distributed_generation_1,2028,2,.
p23_distributed_generation_1,2030,1,.
p23_distributed_generation_1,2034,1,.
p24_distributed_generation_1,2028,35,.
p24_distributed_generation_1,2030,14,.
p24_distributed_generation_1,2033,13,.
p25_distributed_generation_1,1535,16,.
p25_distributed_generation_1,2028,489,.
p25_distributed_generation_1,2030,27,.
p26_distributed_generation_1,1535,1,.
p26_distributed_generation_1,2028,18,.
p26_distributed_generation_1,2030,1,.
p27_distributed_generation_1,1535,6,.
p27_distributed_generation_1,2028,113,.
p27_distributed_generation_1,2030,5,.
p28_distributed_generation_1,1535,1,.
p28_distributed_generation_1,2028,1547,.
p28_distributed_generation_1,2030,125,.
p29_distributed_generation_1,2028,22,.
p29_distributed_generation_1,2034,2,.
p3_distributed_generation_1,2028,40,.
p3_distributed_generation_1,2030,6,.
p3_distributed_generation_1,2034,6,.
p30_distributed_generation_1,1535,53,.
p30_distributed_generation_1,2028,640,.
p30_distributed_generation_1,2030,21,.
p31_distributed_generation_1,1535,16,.
p31_distributed_generation_1,2028,492,.
p31_distributed_generation_1,2030,126,.
p32_distributed_generation_1,2028,2,.
p32_distributed_generation_1,2030,2,.
p32_distributed_generation_1,2034,6,.
p33_distributed_generation_1,2028,761,.
p33_distributed_generation_1,2030,128,.
p33_distributed_generation_1,2034,140,.
p34_distributed_generation_1,2028,374,.
p34_distributed_generation_1,2030,54,.
p34_distributed_generation_1,2033,50,.
p35_distributed_generation_1,2028,3,.
p35_distributed_generation_1,2034,1,.
p37_distributed_generation_1,2028,1,.
p37_distributed_generation_1,2034,2,.
p38_distributed_generation_1,2028,1,.
p38_distributed_generation_1,2034,2,.
p39_distributed_generation_1,2028,5,.
p39_distributed_generation_1,2030,1,.
p39_distributed_generation_1,2034,2,.
p4_distributed_generation_1,2028,4,.
p4_distributed_generation_1,2030,1,.
p40_distributed_generation_1,2028,14,.
p40_distributed_generation_1,2030,3,.
p40_distributed_generation_1,2034,9,.
p41_distributed_generation_1,2028,15,.
p41_distributed_generation_1,2030,2,.
p41_distributed_generation_1,2034,8,.
p42_distributed_generation_1,2028,9,.
p42_distributed_generation_1,2030,3,.
p42_distributed_generation_1,2034,10,.
p43_distributed_generation_1,2028,664,.
p43_distributed_generation_1,2030,87,.
p43_distributed_generation_1,2034,147,.
p44_distributed_generation_1,2028,18,.
p44_distributed_generation_1,2030,3,.
p44_distributed_generation_1,2034,7,.
p45_distributed_generation_1,2028,14,.
p45_distributed_generation_1,2030,2,.
p45_distributed_generation_1,2034,3,.
p46_distributed_generation_1,2028,30,.
p46_distributed_generation_1,2030,12,.
p46_distributed_generation_1,2034,45,.
p47_distributed_generation_1,1535,2,.
p47_distributed_generation_1,2028,67,.
p47_distributed_generation_1,2030,20,.
p48_distributed_generation_1,2028,15,.
p48_distributed_generation_1,2030,9,.
p48_distributed_generation_1,2034,39,.
p49_distributed_generation_1,2028,2,.
p49_distributed_generation_1,2030,1,.
p49_distributed_generation_1,2034,1,.
p5_distributed_generation_1,2028,298,.
p5_distributed_generation_1,2030,120,.
p5_distributed_generation_1,2034,219,.
p50_distributed_generation_1,2028,69,.
p50_distributed_generation_1,2030,23,.
p50_distributed_generation_1,2034,68,.
p51_distributed_generation_1,2028,2,.
p51_distributed_generation_1,2030,3,.
p51_distributed_generation_1,2034,8,.
p52_distributed_generation_1,2028,4,.
p52_distributed_generation_1,2030,1,.
p52_distributed_generation_1,2034,3,.
p53_distributed_generation_1,2028,59,.
p53_distributed_generation_1,2030,20,.
p53_distributed_generation_1,2034,55,.
p54_distributed_generation_1,2028,10,.
p54_distributed_generation_1,2030,9,.
p54_distributed_generation_1,2034,26,.
p55_distributed_generation_1,2028,3,.
p55_distributed_generation_1,2030,1,.
p55_distributed_generation_1,2034,8,.
p56_distributed_generation_1,2028,91,.
p56_distributed_generation_1,2030,18,.
p56_distributed_generation_1,2034,29,.
p57_distributed_generation_1,2028,1,.
p57_distributed_generation_1,2030,1,.
p57_distributed_generation_1,2034,3,.
p58_distributed_generation_1,2028,259,.
p58_distributed_generation_1,2030,32,.
p58_distributed_generation_1,2034,42,.
p59_distributed_generation_1,2028,79,.
p59_distributed_generation_1,2030,32,.
p59_distributed_generation_1,2034,76,.
p6_distributed_generation_1,2028,106,.
p6_distributed_generation_1,2030,18,.
p6_distributed_generation_1,2034,21,.
p60_distributed_generation_1,2028,68,.
p60_distributed_generation_1,2030,25,.
p60_distributed_generation_1,2034,37,.
p61_distributed_generation_1,2028,150,.
p61_distributed_generation_1,2030,57,.
p61_distributed_generation_1,2034,88,.
p62_distributed_generation_1,2028,115,.
p62_distributed_generation_1,2030,42,.
p62_distributed_generation_1,2034,60,.
p63_distributed_generation_1,2028,2339,.
p63_distributed_generation_1,2030,850,.
p63_distributed_generation_1,2034,1182,.
p64_distributed_generation_1,2028,209,.
p64_distributed_generation_1,2030,86,.
p64_distributed_generation_1,2034,179,.
p65_distributed_generation_1,2028,340,.
p65_distributed_generation_1,2030,145,.
p65_distributed_generation_1,2034,337,.
p66_distributed_generation_1,2028,21,.
p66_distributed_generation_1,2030,8,.
p66_distributed_generation_1,2034,38,.
p67_distributed_generation_1,2028,1492,.
p67_distributed_generation_1,2030,501,.
p67_distributed_generation_1,2034,650,.
p68_distributed_generation_1,2028,68,.
p68_distributed_generation_1,2030,8,.
p68_distributed_generation_1,2034,13,.
p69_distributed_generation_1,2028,9,.
p69_distributed_generation_1,2030,1,.
p69_distributed_generation_1,2034,3,.
p7_distributed_generation_1,2028,6,.
p7_distributed_generation_1,2030,2,.
p7_distributed_generation_1,2034,4,.
p70_distributed_generation_1,2028,119,.
p70_distributed_generation_1,2030,13,.
p70_distributed_generation_1,2034,16,.
p72_distributed_generation_1,2028,26,.
p72_distributed_generation_1,2030,21,.
p72_distributed_generation_1,2034,61,.
p74_distributed_generation_1,1535,1,.
p74_distributed_generation_1,2028,2,.
p75_distributed_generation_1,2028,18,.
p75_distributed_generation_1,2030,3,.
p75_distributed_generation_1,2034,9,.
p76_distributed_generation_1,2028,24,.
p76_distributed_generation_1,2030,10,.
p76_distributed_generation_1,2034,33,.
p77_distributed_generation_1,2028,12,.
p77_distributed_generation_1,2030,7,.
p77_distributed_generation_1,2034,23,.
p78_distributed_generation_1,2028,33,.
p78_distributed_generation_1,2030,12,.
p78_distributed_generation_1,2034,32,.
p79_distributed_generation_1,2028,42,.
p79_distributed_generation_1,2030,4,.
p79_distributed_generation_1,2034,5,.
p8_distributed_generation_1,1535,1,.
p8_distributed_generation_1,2028,26,.
p8_distributed_generation_1,2030,1,.
p80_distributed_generation_1,2028,120,.
p80_distributed_generation_1,2030,49,.
p80_distributed_generation_1,2034,214,.
p81_distributed_generation_1,2028,22,.
p81_distributed_generation_1,2030,2,.
p81_distributed_generation_1,2033,1,.
p82_distributed_generation_1,2028,8,.
p83_distributed_generation_1,2028,9,.
p83_distributed_generation_1,2030,1,.
p84_distributed_generation_1,2028,3,.
p84_distributed_generation_1,2030,3,.
p84_distributed_generation_1,2034,7,.
p85_distributed_generation_1,2028,105,.
p85_distributed_generation_1,2030,102,.
p85_distributed_generation_1,2034,183,.
p86_distributed_generation_1,2028,6,.
p86_distributed_generation_1,2030,1,.
p86_distributed_generation_1,2034,2,.
p87_distributed_generation_1,2028,229,.
p87_distributed_generation_1,2030,32,.
p87_distributed_generation_1,2034,75,.
p88_distributed_generation_1,2028,104,.
p88_distributed_generation_1,2030,8,.
p88_distributed_generation_1,2034,11,.
p89_distributed_generation_1,2028,28,.
p89_distributed_generation_1,2030,14,.
p89_distributed_generation_1,2034,35,.
p9_distributed_generation_1,1535,212,.
p9_distributed_generation_1,2028,5272,.
p9_distributed_generation_1,2030,292,.
p90_distributed_generation_1,2028,24,.
p90_distributed_generation_1,2030,11,.
p90_distributed_generation_1,2034,26,.
p91_distributed_generation_1,2028,278,.
p91_distributed_generation_1,2030,67,.
p91_distributed_generation_1,2034,115,.
p92_distributed_generation_1,2028,81,.
p92_distributed_generation_1,2030,23,.
p92_distributed_generation_1,2034,41,.
p93_distributed_generation_1,1535,1,.
p93_distributed_generation_1,2028,25,.
p94_distributed_generation_1,2028,157,.
p94_distributed_generation_1,2030,38,.
p94_distributed_generation_1,2034,106,.
p95_distributed_generation_1,2028,114,.
p95_distributed_generation_1,2030,52,.
p95_distributed_generation_1,2033,18,.
p96_distributed_generation_1,2028,588,.
p96_distributed_generation_1,2030,203,.
p96_distributed_generation_1,2033,56,.
p97_distributed_generation_1,2028,357,.
p97_distributed_generation_1,2030,130,.
p97_distributed_generation_1,2034,300,.
p98_distributed_generation_1,2028,600,.
p98_distributed_generation_1,2030,274,.
p98_distributed_generation_1,2034,594,.
p99_distributed_generation_1,2028,461,.
p99_distributed_generation_1,2030,312,.
p99_distributed_generation_1,2033,141,.
p1_load_growth_1,2028,2342.1,.
p1_load_growth_1,2030,1093,.
p1_load_growth_1,2033,993.9,.
p100_load_growth_1,2028,381.2,.
p100_load_growth_1,2030,205.1,.
p100_load_growth_1,2033,54.2,.
p101_load_growth_1,2028,1230.8,.
p101_load_growth_1,2030,504.2,.
p101_load_growth_1,2034,2159.5,.
p102_load_growth_1,2028,300.1,.
p102_load_growth_1,2030,121.4,.
p102_load_growth_1,2034,1194.8,.
p103_load_growth_1,2028,906.7,.
p103_load_growth_1,2030,375,.
p103_load_growth_1,2034,1103.7,.
p105_load_growth_1,2028,1147,.
p105_load_growth_1,2030,490.3,.
p105_load_growth_1,2034,570.4,.
p106_load_growth_1,2028,876.3,.
p106_load_growth_1,2030,417.1,.
p106_load_growth_1,2033,189.3,.
p107_load_growth_1,2028,1331.2,.
p107_load_growth_1,2030,629.5,.
p107_load_growth_1,2033,296.5,.
p109_load_growth_1,2028,789.4,.
p109_load_growth_1,2030,334.2,.
p109_load_growth_1,2034,500.6,.
p11_load_growth_1,2028,110.5,.
p11_load_growth_1,2030,45,.
p11_load_growth_1,2034,314.2,.
p111_load_growth_1,2028,2201,.
p111_load_growth_1,2030,1018.5,.
p111_load_growth_1,2033,563.6,.
p112_load_growth_1,2028,361.3,.
p112_load_growth_1,2030,147.6,.
p112_load_growth_1,2034,563.3,.
p113_load_growth_1,2028,272.5,.
p113_load_growth_1,2030,116.5,.
p113_load_growth_1,2034,138.4,.
p114_load_growth_1,2028,326.1,.
p114_load_growth_1,2030,137.2,.
p114_load_growth_1,2034,216.3,.
p115_load_growth_1,2028,128.1,.
p115_load_growth_1,2030,51.9,.
p115_load_growth_1,2034,287.7,.
p116_load_growth_1,2028,362.6,.
p116_load_growth_1,2030,155.8,.
p116_load_growth_1,2034,188.2,.
p118_load_growth_1,2028,710.9,.
p118_load_growth_1,2030,312.5,.
p118_load_growth_1,2033,204.5,.
p12_load_growth_1,2028,48.5,.
p12_load_growth_1,2030,19.6,.
p12_load_growth_1,2034,231.4,.
p120_load_growth_1,2028,7.2,.
p120_load_growth_1,2030,2.9,.
p120_load_growth_1,2034,20.1,.
p122_load_growth_1,2028,1401.3,.
p122_load_growth_1,2030,584.6,.
p122_load_growth_1,2034,1184,.
p123_load_growth_1,2028,637.7,.
p123_load_growth_1,2030,263.1,.
p123_load_growth_1,2034,709.5,.
p124_load_growth_1,2028,46.7,.
p124_load_growth_1,2030,22.9,.
p124_load_growth_1,2033,7.6,.
p128_load_growth_1,2028,5329.7,.
p128_load_growth_1,2030,3680.2,.
p128_load_growth_1,2033,1006.6,.
p13_load_growth_1,2028,1487.2,.
p13_load_growth_1,2030,691.5,.
p13_load_growth_1,2033,622.9,.
p134_load_growth_1,2028,52.8,.
p134_load_growth_1,2030,21.6,.
p134_load_growth_1,2034,139.1,.
p14_load_growth_1,2028,137.2,.
p14_load_growth_1,2030,60.8,.
p14_load_growth_1,2034,76.7,.
p15_load_growth_1,2028,71.9,.
p15_load_growth_1,2030,29.2,.
p15_load_growth_1,2034,254.4,.
p16_load_growth_1,2028,330.1,.
p16_load_growth_1,2030,157.8,.
p16_load_growth_1,2033,129.7,.
p18_load_growth_1,2028,154.1,.
p18_load_growth_1,2030,70.2,.
p18_load_growth_1,2034,76.4,.
p19_load_growth_1,2028,3.1,.
p19_load_growth_1,2030,1.4,.
p19_load_growth_1,2033,0.9,.
p20_load_growth_1,2028,76.3,.
p20_load_growth_1,2030,34.5,.
p20_load_growth_1,2034,38.9,.
p21_load_growth_1,2028,138.9,.
p21_load_growth_1,2030,60,.
p21_load_growth_1,2034,104.5,.
p22_load_growth_1,2028,10.6,.
p22_load_growth_1,2030,4.3,.
p22_load_growth_1,2034,18.1,.
p23_load_growth_1,2028,105.2,.
p23_load_growth_1,2030,59.6,.
p23_load_growth_1,2033,25.9,.
p24_load_growth_1,2028,323.7,.
p24_load_growth_1,2030,158,.
p24_load_growth_1,2033,116,.
p25_load_growth_1,2028,582,.
p25_load_growth_1,2030,248.7,.
p25_load_growth_1,2034,557.4,.
p26_load_growth_1,2028,35.5,.
p26_load_growth_1,2030,15.5,.
p26_load_growth_1,2034,25.8,.
p28_load_growth_1,2028,2918.2,.
p28_load_growth_1,2030,1324.6,.
p28_load_growth_1,2034,1548.9,.
p30_load_growth_1,2028,534.5,.
p30_load_growth_1,2030,240.4,.
p30_load_growth_1,2034,302.3,.
p31_load_growth_1,2028,824.8,.
p31_load_growth_1,2030,378.3,.
p31_load_growth_1,2034,427.6,.
p32_load_growth_1,2028,115.5,.
p32_load_growth_1,2030,56.9,.
p32_load_growth_1,2033,43.4,.
p33_load_growth_1,2028,883.2,.
p33_load_growth_1,2030,381.1,.
p33_load_growth_1,2034,777.7,.
p35_load_growth_1,2028,21.4,.
p35_load_growth_1,2030,9.7,.
p35_load_growth_1,2033,6.4,.
p36_load_growth_1,2028,392.8,.
p36_load_growth_1,2030,188.9,.
p36_load_growth_1,2033,76.4,.
p38_load_growth_1,2028,41.9,.
p38_load_growth_1,2030,16.9,.
p38_load_growth_1,2034,97.2,.
p39_load_growth_1,2028,8.6,.
p39_load_growth_1,2030,3.5,.
p39_load_growth_1,2034,19.3,.
p40_load_growth_1,2028,145.3,.
p40_load_growth_1,2030,60.4,.
p40_load_growth_1,2034,116.2,.
p41_load_growth_1,2028,974.3,.
p41_load_growth_1,2030,451.9,.
p41_load_growth_1,2033,227.8,.
p43_load_growth_1,2028,510.9,.
p43_load_growth_1,2030,211.2,.
p43_load_growth_1,2034,522,.
p44_load_growth_1,2028,0.2,.
p44_load_growth_1,2030,0.1,.
p44_load_growth_1,2034,14.7,.
p45_load_growth_1,2028,5.2,.
p45_load_growth_1,2030,2,.
p45_load_growth_1,2034,117.2,.
p46_load_growth_1,2028,185.9,.
p46_load_growth_1,2030,79.8,.
p46_load_growth_1,2034,92.4,.
p5_load_growth_1,2028,2284.6,.
p5_load_growth_1,2030,1100.7,.
p5_load_growth_1,2033,720.6,.
p50_load_growth_1,2028,2209.8,.
p50_load_growth_1,2030,1020.5,.
p50_load_growth_1,2033,578.7,.
p51_load_growth_1,2028,839.8,.
p51_load_growth_1,2030,371.7,.
p51_load_growth_1,2033,296.4,.
p55_load_growth_1,2028,253.8,.
p55_load_growth_1,2030,109.6,.
p55_load_growth_1,2034,110.9,.
p56_load_growth_1,2028,816.5,.
p56_load_growth_1,2030,388,.
p56_load_growth_1,2033,190,.
p57_load_growth_1,2028,429.4,.
p57_load_growth_1,2030,198.7,.
p57_load_growth_1,2033,108.7,.
p58_load_growth_1,2028,2958.4,.
p58_load_growth_1,2030,1346.8,.
p58_load_growth_1,2033,708.9,.
p59_load_growth_1,2028,876.2,.
p59_load_growth_1,2030,474.6,.
p59_load_growth_1,2033,266.2,.
p63_load_growth_1,2028,4457.1,.
p63_load_growth_1,2030,1957.6,.
p63_load_growth_1,2033,1579,.
p64_load_growth_1,2028,2319.6,.
p64_load_growth_1,2030,1083.2,.
p64_load_growth_1,2033,534.6,.
p65_load_growth_1,2028,3418.5,.
p65_load_growth_1,2030,1590.7,.
p65_load_growth_1,2033,803,.
p66_load_growth_1,2028,64.9,.
p66_load_growth_1,2030,26.2,.
p66_load_growth_1,2034,209.4,.
p67_load_growth_1,2028,4843.2,.
p67_load_growth_1,2030,2244.7,.
p67_load_growth_1,2033,1162.8,.
p68_load_growth_1,2028,78.3,.
p68_load_growth_1,2030,34.1,.
p68_load_growth_1,2033,33.6,.
p69_load_growth_1,2028,56.2,.
p69_load_growth_1,2030,23.2,.
p69_load_growth_1,2034,53.9,.
p70_load_growth_1,2028,944.3,.
p70_load_growth_1,2030,411.7,.
p70_load_growth_1,2033,378,.
p74_load_growth_1,2028,154.5,.
p74_load_growth_1,2030,77,.
p74_load_growth_1,2033,30,.
p76_load_growth_1,2028,104.8,.
p76_load_growth_1,2030,43.2,.
p76_load_growth_1,2034,115.2,.
p77_load_growth_1,2028,69.1,.
p77_load_growth_1,2030,29.8,.
p77_load_growth_1,2034,32.4,.
p78_load_growth_1,2028,202.4,.
p78_load_growth_1,2030,88.2,.
p78_load_growth_1,2033,84.4,.
p80_load_growth_1,2028,1260.5,.
p80_load_growth_1,2030,525.8,.
p80_load_growth_1,2034,1160.2,.
p84_load_growth_1,2028,75.2,.
p84_load_growth_1,2030,31.8,.
p84_load_growth_1,2034,49.9,.
p87_load_growth_1,2028,136.1,.
p87_load_growth_1,2030,55.1,.
p87_load_growth_1,2034,281,.
p88_load_growth_1,2028,474.7,.
p88_load_growth_1,2030,215.9,.
p88_load_growth_1,2033,62.2,.
p89_load_growth_1,2028,970.2,.
p89_load_growth_1,2030,416,.
p89_load_growth_1,2033,330.3,.
p90_load_growth_1,2028,888.3,.
p90_load_growth_1,2030,380.8,.
p90_load_growth_1,2034,415.4,.
p92_load_growth_1,2028,3873.7,.
p92_load_growth_1,2030,1743.3,.
p92_load_growth_1,2033,604.3,.
p93_load_growth_1,2028,191.1,.
p93_load_growth_1,2030,80.5,.
p93_load_growth_1,2033,61.8,.
p94_load_growth_1,2028,3324.8,.
p94_load_growth_1,2030,1432.4,.
p94_load_growth_1,2033,1374,.
p95_load_growth_1,2028,585.7,.
p95_load_growth_1,2030,250.9,.
p95_load_growth_1,2034,329.5,.
p96_load_growth_1,2028,233.6,.
p96_load_growth_1,2030,94.8,.
p96_load_growth_1,2034,588.9,.
p98_load_growth_1,2028,630.4,.
p98_load_growth_1,2030,260.1,.
p98_load_growth_1,2034,765.9,.
p99_load_growth_1,2028,11133.8,.
p99_load_growth_1,2030,5927.6,.
p99_load_growth_1,2033,1620.5,.
