GENERATION_PROJECT,BUILD_YEAR,gen_overnight_cost,gen_fixed_om,gen_storage_energy_overnight_cost,gen_storage_energy_fixed_om
p1_batteries_1,2016.0,0,8671,0,0
p1_batteries_1,2021.0,0,8671,0,0
p1_batteries_1,2026.0,0,8671,0,0
p1_biomass_1,2007.0,0,163666,.,.
p1_biomass_1,2009.0,0,163666,.,.
p1_biomass_1,2012.0,0,163666,.,.
p1_biomass_1,2013.0,0,163666,.,.
p1_conventional_hydroelectric_1,1912.0,0,57025,.,.
p1_conventional_hydroelectric_1,1924.0,0,57025,.,.
p1_conventional_hydroelectric_1,1927.0,0,57025,.,.
p1_conventional_hydroelectric_1,1928.0,0,57025,.,.
p1_conventional_hydroelectric_1,1929.0,0,57025,.,.
p1_conventional_hydroelectric_1,1931.0,0,57025,.,.
p1_conventional_hydroelectric_1,1932.0,0,57025,.,.
p1_conventional_hydroelectric_1,1936.0,0,57025,.,.
p1_conventional_hydroelectric_1,1937.0,0,57025,.,.
p1_conventional_hydroelectric_1,1945.0,0,57025,.,.
p1_conventional_hydroelectric_1,1947.0,0,57025,.,.
p1_conventional_hydroelectric_1,1951.0,0,57025,.,.
p1_conventional_hydroelectric_1,1952.0,0,57025,.,.
p1_conventional_hydroelectric_1,1953.0,0,57025,.,.
p1_conventional_hydroelectric_1,1954.0,0,57025,.,.
p1_conventional_hydroelectric_1,1956.0,0,57025,.,.
p1_conventional_hydroelectric_1,1957.0,0,57025,.,.
p1_conventional_hydroelectric_1,1959.0,0,57025,.,.
p1_conventional_hydroelectric_1,1960.0,0,57025,.,.
p1_conventional_hydroelectric_1,1978.0,0,57025,.,.
p1_conventional_hydroelectric_1,1979.0,0,57025,.,.
p1_conventional_hydroelectric_1,1984.0,0,57025,.,.
p1_conventional_hydroelectric_1,2013.0,0,57025,.,.
p1_natural_gas_fired_combined_cycle_1,1993.0,0,19989,.,.
p1_natural_gas_fired_combined_cycle_1,1994.0,0,19989,.,.
p1_natural_gas_fired_combined_cycle_1,2002.0,0,19989,.,.
p1_natural_gas_fired_combined_cycle_2,1993.0,0,19989,.,.
p1_natural_gas_fired_combustion_turbine_1,1981.0,0,12107,.,.
p1_natural_gas_fired_combustion_turbine_1,1984.0,0,12107,.,.
p1_natural_gas_fired_combustion_turbine_1,1991.0,0,12107,.,.
p1_natural_gas_fired_combustion_turbine_1,1993.0,0,12107,.,.
p1_natural_gas_fired_combustion_turbine_1,2001.0,0,12107,.,.
p1_onshore_wind_turbine_1,2006.0,0,31648,.,.
p1_onshore_wind_turbine_1,2009.0,0,31648,.,.
p1_onshore_wind_turbine_1,2010.0,0,31648,.,.
p1_onshore_wind_turbine_1,2012.0,0,31648,.,.
p1_onshore_wind_turbine_1,2020.0,0,31648,.,.
p1_other_peaker_1,2023.0,0,25800,.,.
p1_petroleum_liquids_1,1969.0,0,25800,.,.
p1_petroleum_liquids_1,1993.0,0,25800,.,.
p1_petroleum_liquids_1,1994.0,0,25800,.,.
p1_petroleum_liquids_1,2003.0,0,25800,.,.
p1_petroleum_liquids_1,2022.0,0,25800,.,.
p1_small_hydroelectric_1,1898.0,0,57025,.,.
p1_small_hydroelectric_1,1904.0,0,57025,.,.
p1_small_hydroelectric_1,1906.0,0,57025,.,.
p1_small_hydroelectric_1,1921.0,0,57025,.,.
p1_small_hydroelectric_1,1929.0,0,57025,.,.
p1_small_hydroelectric_1,1930.0,0,57025,.,.
p1_small_hydroelectric_1,1955.0,0,57025,.,.
p1_small_hydroelectric_1,1958.0,0,57025,.,.
p1_small_hydroelectric_1,1989.0,0,57025,.,.
p1_small_hydroelectric_1,1990.0,0,57025,.,.
p1_small_hydroelectric_1,1994.0,0,57025,.,.
p1_small_hydroelectric_1,1995.0,0,57025,.,.
p1_small_hydroelectric_1,2011.0,0,57025,.,.
p1_small_hydroelectric_1,2013.0,0,57025,.,.
p1_small_hydroelectric_1,2018.0,0,57025,.,.
p1_solar_photovoltaic_1,2007.0,0,21608,.,.
p1_solar_photovoltaic_1,2019.0,0,21608,.,.
p1_solar_photovoltaic_1,2022.0,0,21608,.,.
p10_batteries_1,1541.0,0,8671,0,0
p10_batteries_1,2015.0,0,8671,0,0
p10_batteries_1,2016.0,0,8671,0,0
p10_batteries_1,2017.0,0,8671,0,0
p10_batteries_1,2018.0,0,8671,0,0
p10_batteries_1,2019.0,0,8671,0,0
p10_batteries_1,2020.0,0,8671,0,0
p10_batteries_1,2021.0,0,8671,0,0
p10_batteries_1,2022.0,0,8671,0,0
p10_batteries_1,2023.0,0,8671,0,0
p10_batteries_1,2024.0,0,8671,0,0
p10_batteries_1,2025.0,0,8671,0,0
p10_batteries_1,2026.0,0,8671,0,0
p10_batteries_1,2027.0,0,8671,0,0
p10_batteries_1,2028.0,0,8671,0,0
p10_biomass_1,1981.0,0,163666,.,.
p10_biomass_1,1986.0,0,163666,.,.
p10_biomass_1,1993.0,0,163666,.,.
p10_biomass_1,1998.0,0,163666,.,.
p10_biomass_1,2001.0,0,163666,.,.
p10_biomass_1,2003.0,0,163666,.,.
p10_biomass_1,2006.0,0,163666,.,.
p10_biomass_1,2007.0,0,163666,.,.
p10_biomass_1,2010.0,0,163666,.,.
p10_biomass_1,2012.0,0,163666,.,.
p10_biomass_1,2013.0,0,163666,.,.
p10_biomass_1,2014.0,0,163666,.,.
p10_biomass_1,2016.0,0,163666,.,.
p10_biomass_1,2017.0,0,163666,.,.
p10_biomass_1,2018.0,0,163666,.,.
p10_biomass_1,2019.0,0,163666,.,.
p10_biomass_1,2021.0,0,163666,.,.
p10_biomass_1,2022.0,0,163666,.,.
p10_biomass_1,2023.0,0,163666,.,.
p10_biomass_1,2025.0,0,163666,.,.
p10_conventional_hydroelectric_1,1917.0,0,57025,.,.
p10_conventional_hydroelectric_1,1920.0,0,57025,.,.
p10_conventional_hydroelectric_1,1921.0,0,57025,.,.
p10_conventional_hydroelectric_1,1923.0,0,57025,.,.
p10_conventional_hydroelectric_1,1932.0,0,57025,.,.
p10_conventional_hydroelectric_1,1952.0,0,57025,.,.
p10_conventional_hydroelectric_1,1953.0,0,57025,.,.
p10_conventional_hydroelectric_1,1972.0,0,57025,.,.
p10_conventional_hydroelectric_1,1976.0,0,57025,.,.
p10_conventional_hydroelectric_1,1982.0,0,57025,.,.
p10_conventional_hydroelectric_1,1983.0,0,57025,.,.
p10_conventional_hydroelectric_1,1987.0,0,57025,.,.
p10_conventional_hydroelectric_1,1992.0,0,57025,.,.
p10_conventional_hydroelectric_1,1994.0,0,57025,.,.
p10_conventional_hydroelectric_1,1996.0,0,57025,.,.
p10_conventional_steam_coal_1,1978.0,0,79915.3333333333,.,.
p10_conventional_steam_coal_2,1978.0,0,79915.3333333333,.,.
p10_geothermal_1,1982.0,0,253439,.,.
p10_geothermal_1,1984.0,0,253439,.,.
p10_geothermal_1,1985.0,0,253439,.,.
p10_geothermal_1,1987.0,0,253439,.,.
p10_geothermal_1,1988.0,0,253439,.,.
p10_geothermal_1,1989.0,0,253439,.,.
p10_geothermal_1,1990.0,0,253439,.,.
p10_geothermal_1,1996.0,0,253439,.,.
p10_geothermal_1,2000.0,0,253439,.,.
p10_geothermal_1,2003.0,0,253439,.,.
p10_geothermal_1,2006.0,0,253439,.,.
p10_geothermal_1,2007.0,0,253439,.,.
p10_geothermal_1,2008.0,0,253439,.,.
p10_geothermal_1,2009.0,0,253439,.,.
p10_geothermal_1,2012.0,0,253439,.,.
p10_geothermal_1,2018.0,0,253439,.,.
p10_geothermal_1,2020.0,0,253439,.,.
p10_geothermal_1,2022.0,0,253439,.,.
p10_geothermal_1,2023.0,0,253439,.,.
p10_hydroelectric_pumped_storage_1,1973.0,0,57025,0,0
p10_hydroelectric_pumped_storage_1,1974.0,0,57025,0,0
p10_hydroelectric_pumped_storage_1,1976.0,0,57025,0,0
p10_hydroelectric_pumped_storage_1,1977.0,0,57025,0,0
p10_hydroelectric_pumped_storage_1,1978.0,0,57025,0,0
p10_natural_gas_fired_combined_cycle_1,1952.0,0,19989,.,.
p10_natural_gas_fired_combined_cycle_1,1987.0,0,19989,.,.
p10_natural_gas_fired_combined_cycle_1,1988.0,0,19989,.,.
p10_natural_gas_fired_combined_cycle_1,1989.0,0,19989,.,.
p10_natural_gas_fired_combined_cycle_1,1990.0,0,19989,.,.
p10_natural_gas_fired_combined_cycle_1,1993.0,0,19989,.,.
p10_natural_gas_fired_combined_cycle_1,1995.0,0,19989,.,.
p10_natural_gas_fired_combined_cycle_1,1996.0,0,19989,.,.
p10_natural_gas_fired_combined_cycle_1,2001.0,0,19989,.,.
p10_natural_gas_fired_combined_cycle_1,2003.0,0,19989,.,.
p10_natural_gas_fired_combined_cycle_1,2005.0,0,19989,.,.
p10_natural_gas_fired_combined_cycle_1,2007.0,0,19989,.,.
p10_natural_gas_fired_combined_cycle_1,2012.0,0,19989,.,.
p10_natural_gas_fired_combined_cycle_1,2013.0,0,19989,.,.
p10_natural_gas_fired_combined_cycle_1,2015.0,0,19989,.,.
p10_natural_gas_fired_combined_cycle_1,2016.0,0,19989,.,.
p10_natural_gas_fired_combined_cycle_1,2025.0,0,19989,.,.
p10_natural_gas_fired_combined_cycle_2,2001.0,0,12651,.,.
p10_natural_gas_fired_combined_cycle_2,2003.0,0,12651,.,.
p10_natural_gas_fired_combined_cycle_2,2005.0,0,12651,.,.
p10_natural_gas_fired_combined_cycle_2,2006.0,0,12651,.,.
p10_natural_gas_fired_combined_cycle_2,2013.0,0,12651,.,.
p10_natural_gas_fired_combined_cycle_2,2020.0,0,12651,.,.
p10_natural_gas_fired_combustion_turbine_1,1973.0,0,13086,.,.
p10_natural_gas_fired_combustion_turbine_1,1974.0,0,13086,.,.
p10_natural_gas_fired_combustion_turbine_1,1976.0,0,13086,.,.
p10_natural_gas_fired_combustion_turbine_1,1979.0,0,13086,.,.
p10_natural_gas_fired_combustion_turbine_1,1982.0,0,13086,.,.
p10_natural_gas_fired_combustion_turbine_1,1984.0,0,13086,.,.
p10_natural_gas_fired_combustion_turbine_1,1985.0,0,13086,.,.
p10_natural_gas_fired_combustion_turbine_1,1986.0,0,13086,.,.
p10_natural_gas_fired_combustion_turbine_1,1987.0,0,13086,.,.
p10_natural_gas_fired_combustion_turbine_1,1988.0,0,13086,.,.
p10_natural_gas_fired_combustion_turbine_1,1989.0,0,13086,.,.
p10_natural_gas_fired_combustion_turbine_1,1990.0,0,13086,.,.
p10_natural_gas_fired_combustion_turbine_1,1991.0,0,13086,.,.
p10_natural_gas_fired_combustion_turbine_1,1992.0,0,13086,.,.
p10_natural_gas_fired_combustion_turbine_1,1994.0,0,13086,.,.
p10_natural_gas_fired_combustion_turbine_1,1995.0,0,13086,.,.
p10_natural_gas_fired_combustion_turbine_1,2000.0,0,13086,.,.
p10_natural_gas_fired_combustion_turbine_1,2001.0,0,13086,.,.
p10_natural_gas_fired_combustion_turbine_1,2002.0,0,13086,.,.
p10_natural_gas_fired_combustion_turbine_1,2003.0,0,13086,.,.
p10_natural_gas_fired_combustion_turbine_1,2004.0,0,13086,.,.
p10_natural_gas_fired_combustion_turbine_1,2006.0,0,13086,.,.
p10_natural_gas_fired_combustion_turbine_1,2007.0,0,13086,.,.
p10_natural_gas_fired_combustion_turbine_1,2008.0,0,13086,.,.
p10_natural_gas_fired_combustion_turbine_1,2010.0,0,13086,.,.
p10_natural_gas_fired_combustion_turbine_1,2011.0,0,13086,.,.
p10_natural_gas_fired_combustion_turbine_1,2012.0,0,13086,.,.
p10_natural_gas_fired_combustion_turbine_1,2013.0,0,13086,.,.
p10_natural_gas_fired_combustion_turbine_1,2014.0,0,13086,.,.
p10_natural_gas_fired_combustion_turbine_1,2015.0,0,13086,.,.
p10_natural_gas_fired_combustion_turbine_1,2017.0,0,13086,.,.
p10_natural_gas_fired_combustion_turbine_1,2019.0,0,13086,.,.
p10_natural_gas_fired_combustion_turbine_1,2020.0,0,13086,.,.
p10_natural_gas_fired_combustion_turbine_1,2025.0,0,13086,.,.
p10_onshore_wind_turbine_1,1981.0,0,31648,.,.
p10_onshore_wind_turbine_1,1982.0,0,31648,.,.
p10_onshore_wind_turbine_1,1983.0,0,31648,.,.
p10_onshore_wind_turbine_1,1984.0,0,31648,.,.
p10_onshore_wind_turbine_1,1985.0,0,31648,.,.
p10_onshore_wind_turbine_1,1986.0,0,31648,.,.
p10_onshore_wind_turbine_1,1987.0,0,31648,.,.
p10_onshore_wind_turbine_1,1989.0,0,31648,.,.
p10_onshore_wind_turbine_1,1990.0,0,31648,.,.
p10_onshore_wind_turbine_1,1992.0,0,31648,.,.
p10_onshore_wind_turbine_1,1993.0,0,31648,.,.
p10_onshore_wind_turbine_1,1994.0,0,31648,.,.
p10_onshore_wind_turbine_1,1997.0,0,31648,.,.
p10_onshore_wind_turbine_1,1999.0,0,31648,.,.
p10_onshore_wind_turbine_1,2000.0,0,31648,.,.
p10_onshore_wind_turbine_1,2002.0,0,31648,.,.
p10_onshore_wind_turbine_1,2003.0,0,31648,.,.
p10_onshore_wind_turbine_1,2004.0,0,31648,.,.
p10_onshore_wind_turbine_1,2005.0,0,31648,.,.
p10_onshore_wind_turbine_1,2008.0,0,31648,.,.
p10_onshore_wind_turbine_1,2009.0,0,31648,.,.
p10_onshore_wind_turbine_1,2011.0,0,31648,.,.
p10_onshore_wind_turbine_1,2012.0,0,31648,.,.
p10_onshore_wind_turbine_1,2014.0,0,31648,.,.
p10_onshore_wind_turbine_1,2015.0,0,31648,.,.
p10_onshore_wind_turbine_1,2017.0,0,31648,.,.
p10_onshore_wind_turbine_1,2018.0,0,31648,.,.
p10_onshore_wind_turbine_1,2019.0,0,31648,.,.
p10_onshore_wind_turbine_1,2021.0,0,31648,.,.
p10_onshore_wind_turbine_1,2022.0,0,31648,.,.
p10_onshore_wind_turbine_1,2024.0,0,31648,.,.
p10_onshore_wind_turbine_1,2025.0,0,31648,.,.
p10_other_peaker_1,1526.0,0,25800,.,.
p10_other_peaker_1,1527.0,0,25800,.,.
p10_other_peaker_1,1529.0,0,25800,.,.
p10_other_peaker_1,1531.0,0,25800,.,.
p10_other_peaker_1,1948.0,0,25800,.,.
p10_other_peaker_1,1959.0,0,25800,.,.
p10_other_peaker_1,1962.0,0,25800,.,.
p10_other_peaker_1,1963.0,0,25800,.,.
p10_other_peaker_1,1964.0,0,25800,.,.
p10_other_peaker_1,1968.0,0,25800,.,.
p10_other_peaker_1,1982.0,0,25800,.,.
p10_other_peaker_1,1984.0,0,25800,.,.
p10_other_peaker_1,1985.0,0,25800,.,.
p10_other_peaker_1,1988.0,0,25800,.,.
p10_other_peaker_1,1991.0,0,25800,.,.
p10_other_peaker_1,2001.0,0,25800,.,.
p10_other_peaker_1,2002.0,0,25800,.,.
p10_other_peaker_1,2004.0,0,25800,.,.
p10_other_peaker_1,2005.0,0,25800,.,.
p10_other_peaker_1,2006.0,0,25800,.,.
p10_other_peaker_1,2012.0,0,25800,.,.
p10_other_peaker_1,2013.0,0,25800,.,.
p10_other_peaker_1,2015.0,0,25800,.,.
p10_other_peaker_1,2016.0,0,25800,.,.
p10_other_peaker_1,2017.0,0,25800,.,.
p10_other_peaker_1,2018.0,0,25800,.,.
p10_other_peaker_1,2019.0,0,25800,.,.
p10_other_peaker_1,2020.0,0,25800,.,.
p10_other_peaker_1,2021.0,0,25800,.,.
p10_other_peaker_1,2022.0,0,25800,.,.
p10_other_peaker_1,2023.0,0,25800,.,.
p10_petroleum_liquids_1,1958.0,0,25800,.,.
p10_petroleum_liquids_1,1963.0,0,25800,.,.
p10_petroleum_liquids_1,1966.0,0,25800,.,.
p10_petroleum_liquids_1,1976.0,0,25800,.,.
p10_petroleum_liquids_1,1980.0,0,25800,.,.
p10_petroleum_liquids_1,1986.0,0,25800,.,.
p10_petroleum_liquids_1,1995.0,0,25800,.,.
p10_petroleum_liquids_1,1999.0,0,25800,.,.
p10_petroleum_liquids_1,2000.0,0,25800,.,.
p10_petroleum_liquids_1,2011.0,0,25800,.,.
p10_petroleum_liquids_1,2018.0,0,25800,.,.
p10_small_hydroelectric_1,1903.0,0,57025,.,.
p10_small_hydroelectric_1,1904.0,0,57025,.,.
p10_small_hydroelectric_1,1905.0,0,57025,.,.
p10_small_hydroelectric_1,1906.0,0,57025,.,.
p10_small_hydroelectric_1,1907.0,0,57025,.,.
p10_small_hydroelectric_1,1908.0,0,57025,.,.
p10_small_hydroelectric_1,1909.0,0,57025,.,.
p10_small_hydroelectric_1,1911.0,0,57025,.,.
p10_small_hydroelectric_1,1912.0,0,57025,.,.
p10_small_hydroelectric_1,1913.0,0,57025,.,.
p10_small_hydroelectric_1,1916.0,0,57025,.,.
p10_small_hydroelectric_1,1917.0,0,57025,.,.
p10_small_hydroelectric_1,1919.0,0,57025,.,.
p10_small_hydroelectric_1,1921.0,0,57025,.,.
p10_small_hydroelectric_1,1922.0,0,57025,.,.
p10_small_hydroelectric_1,1924.0,0,57025,.,.
p10_small_hydroelectric_1,1925.0,0,57025,.,.
p10_small_hydroelectric_1,1927.0,0,57025,.,.
p10_small_hydroelectric_1,1929.0,0,57025,.,.
p10_small_hydroelectric_1,1941.0,0,57025,.,.
p10_small_hydroelectric_1,1943.0,0,57025,.,.
p10_small_hydroelectric_1,1949.0,0,57025,.,.
p10_small_hydroelectric_1,1950.0,0,57025,.,.
p10_small_hydroelectric_1,1953.0,0,57025,.,.
p10_small_hydroelectric_1,1957.0,0,57025,.,.
p10_small_hydroelectric_1,1958.0,0,57025,.,.
p10_small_hydroelectric_1,1966.0,0,57025,.,.
p10_small_hydroelectric_1,1971.0,0,57025,.,.
p10_small_hydroelectric_1,1980.0,0,57025,.,.
p10_small_hydroelectric_1,1981.0,0,57025,.,.
p10_small_hydroelectric_1,1982.0,0,57025,.,.
p10_small_hydroelectric_1,1983.0,0,57025,.,.
p10_small_hydroelectric_1,1984.0,0,57025,.,.
p10_small_hydroelectric_1,1985.0,0,57025,.,.
p10_small_hydroelectric_1,1986.0,0,57025,.,.
p10_small_hydroelectric_1,1987.0,0,57025,.,.
p10_small_hydroelectric_1,1989.0,0,57025,.,.
p10_small_hydroelectric_1,1990.0,0,57025,.,.
p10_small_hydroelectric_1,1994.0,0,57025,.,.
p10_small_hydroelectric_1,2001.0,0,57025,.,.
p10_small_hydroelectric_1,2024.0,0,57025,.,.
p10_solar_photovoltaic_1,1535.0,0,21608,.,.
p10_solar_photovoltaic_1,1545.0,0,21608,.,.
p10_solar_photovoltaic_1,1547.0,0,21608,.,.
p10_solar_photovoltaic_1,1557.0,0,21608,.,.
p10_solar_photovoltaic_1,2003.0,0,21608,.,.
p10_solar_photovoltaic_1,2005.0,0,21608,.,.
p10_solar_photovoltaic_1,2006.0,0,21608,.,.
p10_solar_photovoltaic_1,2007.0,0,21608,.,.
p10_solar_photovoltaic_1,2008.0,0,21608,.,.
p10_solar_photovoltaic_1,2009.0,0,21608,.,.
p10_solar_photovoltaic_1,2010.0,0,21608,.,.
p10_solar_photovoltaic_1,2011.0,0,21608,.,.
p10_solar_photovoltaic_1,2012.0,0,21608,.,.
p10_solar_photovoltaic_1,2013.0,0,21608,.,.
p10_solar_photovoltaic_1,2014.0,0,21608,.,.
p10_solar_photovoltaic_1,2015.0,0,21608,.,.
p10_solar_photovoltaic_1,2016.0,0,21608,.,.
p10_solar_photovoltaic_1,2017.0,0,21608,.,.
p10_solar_photovoltaic_1,2018.0,0,21608,.,.
p10_solar_photovoltaic_1,2019.0,0,21608,.,.
p10_solar_photovoltaic_1,2020.0,0,21608,.,.
p10_solar_photovoltaic_1,2021.0,0,21608,.,.
p10_solar_photovoltaic_1,2022.0,0,21608,.,.
p10_solar_photovoltaic_1,2023.0,0,21608,.,.
p10_solar_photovoltaic_1,2024.0,0,21608,.,.
p10_solar_photovoltaic_1,2025.0,0,21608,.,.
p10_solar_photovoltaic_1,2026.0,0,21608,.,.
p10_solar_photovoltaic_1,2027.0,0,21608,.,.
p10_waste_heat_1,1976.0,0,163666,.,.
p10_waste_heat_1,1983.0,0,163666,.,.
p10_waste_heat_1,1988.0,0,163666,.,.
p10_waste_heat_1,1993.0,0,163666,.,.
p10_waste_heat_1,1996.0,0,163666,.,.
p10_waste_heat_1,2029.0,0,163666,.,.
p100_biomass_1,2010.0,0,163666,.,.
p100_natural_gas_fired_combined_cycle_1,2014.0,0,14947,.,.
p100_natural_gas_fired_combustion_turbine_1,2015.0,0,16032,.,.
p100_small_hydroelectric_1,1923.0,0,57025,.,.
p100_small_hydroelectric_1,1927.0,0,57025,.,.
p100_solar_photovoltaic_1,2017.0,0,21608,.,.
p100_solar_photovoltaic_1,2023.0,0,21608,.,.
p100_solar_photovoltaic_1,2024.0,0,21608,.,.
p101_batteries_1,2017.0,0,8671,0,0
p101_batteries_1,2018.0,0,8671,0,0
p101_batteries_1,2019.0,0,8671,0,0
p101_batteries_1,2021.0,0,8671,0,0
p101_batteries_1,2022.0,0,8671,0,0
p101_batteries_1,2023.0,0,8671,0,0
p101_batteries_1,2024.0,0,8671,0,0
p101_batteries_1,2025.0,0,8671,0,0
p101_biomass_1,1525.0,0,163666,.,.
p101_biomass_1,1529.0,0,163666,.,.
p101_biomass_1,1572.0,0,163666,.,.
p101_biomass_1,1950.0,0,163666,.,.
p101_biomass_1,1965.0,0,163666,.,.
p101_biomass_1,1982.0,0,163666,.,.
p101_biomass_1,1983.0,0,163666,.,.
p101_biomass_1,1985.0,0,163666,.,.
p101_biomass_1,1986.0,0,163666,.,.
p101_biomass_1,1987.0,0,163666,.,.
p101_biomass_1,1988.0,0,163666,.,.
p101_biomass_1,1990.0,0,163666,.,.
p101_biomass_1,1991.0,0,163666,.,.
p101_biomass_1,1993.0,0,163666,.,.
p101_biomass_1,2004.0,0,163666,.,.
p101_biomass_1,2006.0,0,163666,.,.
p101_biomass_1,2007.0,0,163666,.,.
p101_biomass_1,2008.0,0,163666,.,.
p101_biomass_1,2009.0,0,163666,.,.
p101_biomass_1,2010.0,0,163666,.,.
p101_biomass_1,2011.0,0,163666,.,.
p101_biomass_1,2012.0,0,163666,.,.
p101_biomass_1,2013.0,0,163666,.,.
p101_biomass_1,2015.0,0,163666,.,.
p101_biomass_1,2017.0,0,163666,.,.
p101_biomass_1,2019.0,0,163666,.,.
p101_biomass_1,2026.0,0,163666,.,.
p101_conventional_hydroelectric_1,2001.0,0,57025,.,.
p101_conventional_hydroelectric_1,2002.0,0,57025,.,.
p101_conventional_hydroelectric_1,2003.0,0,57025,.,.
p101_conventional_steam_coal_1,1966.0,0,79729.6666666667,.,.
p101_conventional_steam_coal_1,1972.0,0,79729.6666666667,.,.
p101_conventional_steam_coal_1,1987.0,0,79729.6666666667,.,.
p101_conventional_steam_coal_1,1996.0,0,79729.6666666667,.,.
p101_conventional_steam_coal_2,1982.0,0,74773.6666666667,.,.
p101_conventional_steam_coal_2,1984.0,0,74773.6666666667,.,.
p101_natural_gas_fired_combined_cycle_1,1958.0,0,14415,.,.
p101_natural_gas_fired_combined_cycle_1,1965.0,0,14415,.,.
p101_natural_gas_fired_combined_cycle_1,1967.0,0,14415,.,.
p101_natural_gas_fired_combined_cycle_1,1969.0,0,14415,.,.
p101_natural_gas_fired_combined_cycle_1,1970.0,0,14415,.,.
p101_natural_gas_fired_combined_cycle_1,1974.0,0,14415,.,.
p101_natural_gas_fired_combined_cycle_1,1995.0,0,14415,.,.
p101_natural_gas_fired_combined_cycle_1,1996.0,0,14415,.,.
p101_natural_gas_fired_combined_cycle_1,1999.0,0,14415,.,.
p101_natural_gas_fired_combined_cycle_1,2000.0,0,14415,.,.
p101_natural_gas_fired_combined_cycle_1,2001.0,0,14415,.,.
p101_natural_gas_fired_combined_cycle_1,2002.0,0,14415,.,.
p101_natural_gas_fired_combined_cycle_1,2003.0,0,14415,.,.
p101_natural_gas_fired_combined_cycle_1,2004.0,0,14415,.,.
p101_natural_gas_fired_combined_cycle_1,2005.0,0,14415,.,.
p101_natural_gas_fired_combined_cycle_1,2007.0,0,14415,.,.
p101_natural_gas_fired_combined_cycle_1,2009.0,0,14415,.,.
p101_natural_gas_fired_combined_cycle_1,2011.0,0,14415,.,.
p101_natural_gas_fired_combined_cycle_1,2017.0,0,14415,.,.
p101_natural_gas_fired_combined_cycle_1,2018.0,0,14415,.,.
p101_natural_gas_fired_combined_cycle_1,2019.0,0,14415,.,.
p101_natural_gas_fired_combined_cycle_1,2021.0,0,14415,.,.
p101_natural_gas_fired_combined_cycle_1,2023.0,0,14415,.,.
p101_natural_gas_fired_combined_cycle_1,2026.0,0,14415,.,.
p101_natural_gas_fired_combined_cycle_2,1956.0,0,19989,.,.
p101_natural_gas_fired_combined_cycle_2,1977.0,0,19989,.,.
p101_natural_gas_fired_combined_cycle_2,1992.0,0,19989,.,.
p101_natural_gas_fired_combined_cycle_2,1993.0,0,19989,.,.
p101_natural_gas_fired_combined_cycle_2,1994.0,0,19989,.,.
p101_natural_gas_fired_combined_cycle_2,1995.0,0,19989,.,.
p101_natural_gas_fired_combined_cycle_2,1997.0,0,19989,.,.
p101_natural_gas_fired_combined_cycle_2,2000.0,0,19989,.,.
p101_natural_gas_fired_combined_cycle_2,2001.0,0,19989,.,.
p101_natural_gas_fired_combined_cycle_2,2002.0,0,19989,.,.
p101_natural_gas_fired_combined_cycle_2,2008.0,0,19989,.,.
p101_natural_gas_fired_combined_cycle_2,2010.0,0,19989,.,.
p101_natural_gas_fired_combined_cycle_2,2021.0,0,19989,.,.
p101_natural_gas_fired_combustion_turbine_1,1531.0,0,11788.6666666667,.,.
p101_natural_gas_fired_combustion_turbine_1,1972.0,0,11788.6666666667,.,.
p101_natural_gas_fired_combustion_turbine_1,1973.0,0,11788.6666666667,.,.
p101_natural_gas_fired_combustion_turbine_1,1980.0,0,11788.6666666667,.,.
p101_natural_gas_fired_combustion_turbine_1,1983.0,0,11788.6666666667,.,.
p101_natural_gas_fired_combustion_turbine_1,1986.0,0,11788.6666666667,.,.
p101_natural_gas_fired_combustion_turbine_1,1987.0,0,11788.6666666667,.,.
p101_natural_gas_fired_combustion_turbine_1,1989.0,0,11788.6666666667,.,.
p101_natural_gas_fired_combustion_turbine_1,1990.0,0,11788.6666666667,.,.
p101_natural_gas_fired_combustion_turbine_1,1992.0,0,11788.6666666667,.,.
p101_natural_gas_fired_combustion_turbine_1,1993.0,0,11788.6666666667,.,.
p101_natural_gas_fired_combustion_turbine_1,1994.0,0,11788.6666666667,.,.
p101_natural_gas_fired_combustion_turbine_1,1996.0,0,11788.6666666667,.,.
p101_natural_gas_fired_combustion_turbine_1,2000.0,0,11788.6666666667,.,.
p101_natural_gas_fired_combustion_turbine_1,2001.0,0,11788.6666666667,.,.
p101_natural_gas_fired_combustion_turbine_1,2002.0,0,11788.6666666667,.,.
p101_natural_gas_fired_combustion_turbine_1,2003.0,0,11788.6666666667,.,.
p101_natural_gas_fired_combustion_turbine_1,2005.0,0,11788.6666666667,.,.
p101_natural_gas_fired_combustion_turbine_1,2006.0,0,11788.6666666667,.,.
p101_natural_gas_fired_combustion_turbine_1,2009.0,0,11788.6666666667,.,.
p101_natural_gas_fired_combustion_turbine_1,2011.0,0,11788.6666666667,.,.
p101_natural_gas_fired_combustion_turbine_1,2015.0,0,11788.6666666667,.,.
p101_natural_gas_fired_combustion_turbine_1,2016.0,0,11788.6666666667,.,.
p101_natural_gas_fired_combustion_turbine_1,2020.0,0,11788.6666666667,.,.
p101_other_peaker_1,1527.0,0,25800,.,.
p101_other_peaker_1,1536.0,0,25800,.,.
p101_other_peaker_1,1540.0,0,25800,.,.
p101_other_peaker_1,1957.0,0,25800,.,.
p101_other_peaker_1,1974.0,0,25800,.,.
p101_other_peaker_1,1976.0,0,25800,.,.
p101_other_peaker_1,1977.0,0,25800,.,.
p101_other_peaker_1,1978.0,0,25800,.,.
p101_other_peaker_1,2017.0,0,25800,.,.
p101_other_peaker_1,2018.0,0,25800,.,.
p101_other_peaker_1,2019.0,0,25800,.,.
p101_other_peaker_1,2020.0,0,25800,.,.
p101_other_peaker_1,2023.0,0,25800,.,.
p101_other_peaker_1,2024.0,0,25800,.,.
p101_other_peaker_1,2025.0,0,25800,.,.
p101_petroleum_liquids_1,1970.0,0,25800,.,.
p101_petroleum_liquids_1,1972.0,0,25800,.,.
p101_petroleum_liquids_1,1973.0,0,25800,.,.
p101_petroleum_liquids_1,1974.0,0,25800,.,.
p101_petroleum_liquids_1,1975.0,0,25800,.,.
p101_petroleum_liquids_1,1976.0,0,25800,.,.
p101_petroleum_liquids_1,1978.0,0,25800,.,.
p101_petroleum_liquids_1,1980.0,0,25800,.,.
p101_petroleum_liquids_1,1989.0,0,25800,.,.
p101_petroleum_liquids_1,1991.0,0,25800,.,.
p101_petroleum_liquids_1,1992.0,0,25800,.,.
p101_petroleum_liquids_1,1997.0,0,25800,.,.
p101_petroleum_liquids_1,1998.0,0,25800,.,.
p101_petroleum_liquids_1,1999.0,0,25800,.,.
p101_petroleum_liquids_1,2001.0,0,25800,.,.
p101_petroleum_liquids_1,2005.0,0,25800,.,.
p101_petroleum_liquids_1,2006.0,0,25800,.,.
p101_petroleum_liquids_1,2012.0,0,25800,.,.
p101_petroleum_liquids_1,2020.0,0,25800,.,.
p101_petroleum_liquids_1,2025.0,0,25800,.,.
p101_solar_photovoltaic_1,2009.0,0,21608,.,.
p101_solar_photovoltaic_1,2010.0,0,21608,.,.
p101_solar_photovoltaic_1,2011.0,0,21608,.,.
p101_solar_photovoltaic_1,2012.0,0,21608,.,.
p101_solar_photovoltaic_1,2013.0,0,21608,.,.
p101_solar_photovoltaic_1,2015.0,0,21608,.,.
p101_solar_photovoltaic_1,2016.0,0,21608,.,.
p101_solar_photovoltaic_1,2017.0,0,21608,.,.
p101_solar_photovoltaic_1,2018.0,0,21608,.,.
p101_solar_photovoltaic_1,2019.0,0,21608,.,.
p101_solar_photovoltaic_1,2020.0,0,21608,.,.
p101_solar_photovoltaic_1,2021.0,0,21608,.,.
p101_solar_photovoltaic_1,2022.0,0,21608,.,.
p101_solar_photovoltaic_1,2023.0,0,21608,.,.
p101_solar_photovoltaic_1,2024.0,0,21608,.,.
p101_solar_photovoltaic_1,2025.0,0,21608,.,.
p101_solar_photovoltaic_1,2026.0,0,21608,.,.
p101_solar_photovoltaic_1,2027.0,0,21608,.,.
p101_waste_heat_1,1980.0,0,163666,.,.
p101_waste_heat_1,1982.0,0,163666,.,.
p101_waste_heat_1,1984.0,0,163666,.,.
p101_waste_heat_1,1985.0,0,163666,.,.
p101_waste_heat_1,1988.0,0,163666,.,.
p101_waste_heat_1,1992.0,0,163666,.,.
p101_waste_heat_1,1999.0,0,163666,.,.
p101_waste_heat_1,2014.0,0,163666,.,.
p102_batteries_1,2019.0,0,8671,0,0
p102_biomass_1,1989.0,0,163666,.,.
p102_biomass_1,1991.0,0,163666,.,.
p102_biomass_1,1996.0,0,163666,.,.
p102_biomass_1,2000.0,0,163666,.,.
p102_biomass_1,2006.0,0,163666,.,.
p102_biomass_1,2008.0,0,163666,.,.
p102_biomass_1,2013.0,0,163666,.,.
p102_biomass_1,2015.0,0,163666,.,.
p102_natural_gas_fired_combined_cycle_1,1994.0,0,14947,.,.
p102_natural_gas_fired_combined_cycle_1,2001.0,0,14947,.,.
p102_natural_gas_fired_combined_cycle_1,2005.0,0,14947,.,.
p102_natural_gas_fired_combined_cycle_1,2007.0,0,14947,.,.
p102_natural_gas_fired_combined_cycle_1,2009.0,0,14947,.,.
p102_natural_gas_fired_combined_cycle_1,2011.0,0,14947,.,.
p102_natural_gas_fired_combined_cycle_1,2013.0,0,14947,.,.
p102_natural_gas_fired_combined_cycle_1,2014.0,0,14947,.,.
p102_natural_gas_fired_combined_cycle_1,2016.0,0,14947,.,.
p102_natural_gas_fired_combined_cycle_1,2022.0,0,14947,.,.
p102_natural_gas_fired_combined_cycle_2,1978.0,0,19989,.,.
p102_natural_gas_fired_combined_cycle_2,2008.0,0,19989,.,.
p102_natural_gas_fired_combustion_turbine_1,1970.0,0,11154,.,.
p102_natural_gas_fired_combustion_turbine_1,1989.0,0,11154,.,.
p102_natural_gas_fired_combustion_turbine_1,1992.0,0,11154,.,.
p102_natural_gas_fired_combustion_turbine_1,2002.0,0,11154,.,.
p102_natural_gas_fired_combustion_turbine_1,2007.0,0,11154,.,.
p102_natural_gas_fired_combustion_turbine_1,2016.0,0,11154,.,.
p102_nuclear_1,1972.0,0,234257,.,.
p102_nuclear_1,1973.0,0,234257,.,.
p102_nuclear_1,1976.0,0,234257,.,.
p102_nuclear_1,1983.0,0,234257,.,.
p102_other_peaker_1,1967.0,0,25800,.,.
p102_other_peaker_1,1970.0,0,25800,.,.
p102_other_peaker_1,1972.0,0,25800,.,.
p102_other_peaker_1,1975.0,0,25800,.,.
p102_other_peaker_1,1981.0,0,25800,.,.
p102_other_peaker_1,2014.0,0,25800,.,.
p102_petroleum_liquids_1,1965.0,0,25800,.,.
p102_petroleum_liquids_1,1970.0,0,25800,.,.
p102_petroleum_liquids_1,1976.0,0,25800,.,.
p102_petroleum_liquids_1,2013.0,0,25800,.,.
p102_solar_photovoltaic_1,2010.0,0,21608,.,.
p102_solar_photovoltaic_1,2015.0,0,21608,.,.
p102_solar_photovoltaic_1,2016.0,0,21608,.,.
p102_solar_photovoltaic_1,2018.0,0,21608,.,.
p102_solar_photovoltaic_1,2019.0,0,21608,.,.
p102_solar_photovoltaic_1,2020.0,0,21608,.,.
p102_solar_photovoltaic_1,2021.0,0,21608,.,.
p102_solar_photovoltaic_1,2022.0,0,21608,.,.
p102_solar_photovoltaic_1,2023.0,0,21608,.,.
p102_solar_photovoltaic_1,2024.0,0,21608,.,.
p102_solar_photovoltaic_1,2025.0,0,21608,.,.
p102_solar_photovoltaic_1,2026.0,0,21608,.,.
p102_solar_photovoltaic_1,2027.0,0,21608,.,.
p103_batteries_1,2021.0,0,8671,0,0
p103_batteries_1,2025.0,0,8671,0,0
p103_batteries_1,2026.0,0,8671,0,0
p103_biomass_1,1988.0,0,163666,.,.
p103_biomass_1,1989.0,0,163666,.,.
p103_biomass_1,1991.0,0,163666,.,.
p103_biomass_1,1992.0,0,163666,.,.
p103_biomass_1,1994.0,0,163666,.,.
p103_biomass_1,1995.0,0,163666,.,.
p103_biomass_1,1996.0,0,163666,.,.
p103_biomass_1,1997.0,0,163666,.,.
p103_biomass_1,1998.0,0,163666,.,.
p103_biomass_1,2000.0,0,163666,.,.
p103_biomass_1,2003.0,0,163666,.,.
p103_biomass_1,2005.0,0,163666,.,.
p103_biomass_1,2006.0,0,163666,.,.
p103_biomass_1,2007.0,0,163666,.,.
p103_biomass_1,2009.0,0,163666,.,.
p103_biomass_1,2010.0,0,163666,.,.
p103_biomass_1,2011.0,0,163666,.,.
p103_biomass_1,2012.0,0,163666,.,.
p103_biomass_1,2014.0,0,163666,.,.
p103_biomass_1,2018.0,0,163666,.,.
p103_biomass_1,2020.0,0,163666,.,.
p103_biomass_1,2024.0,0,163666,.,.
p103_conventional_hydroelectric_1,1931.0,0,57025,.,.
p103_conventional_steam_coal_1,1952.0,0,79915.3333333333,.,.
p103_conventional_steam_coal_1,1955.0,0,79915.3333333333,.,.
p103_conventional_steam_coal_1,1990.0,0,79915.3333333333,.,.
p103_conventional_steam_coal_1,1991.0,0,79915.3333333333,.,.
p103_conventional_steam_coal_1,1994.0,0,79915.3333333333,.,.
p103_conventional_steam_coal_1,1999.0,0,79915.3333333333,.,.
p103_conventional_steam_coal_2,1525.0,0,84487.3333333333,.,.
p103_conventional_steam_coal_2,1530.0,0,84487.3333333333,.,.
p103_conventional_steam_coal_2,1532.0,0,84487.3333333333,.,.
p103_conventional_steam_coal_2,1990.0,0,84487.3333333333,.,.
p103_hydroelectric_pumped_storage_1,1973.0,0,57025,0,0
p103_natural_gas_fired_combined_cycle_1,1989.0,0,13898,.,.
p103_natural_gas_fired_combined_cycle_1,1990.0,0,13898,.,.
p103_natural_gas_fired_combined_cycle_1,1998.0,0,13898,.,.
p103_natural_gas_fired_combined_cycle_1,2002.0,0,13898,.,.
p103_natural_gas_fired_combined_cycle_1,2022.0,0,13898,.,.
p103_natural_gas_fired_combined_cycle_1,2028.0,0,13898,.,.
p103_natural_gas_fired_combined_cycle_2,1975.0,0,19989,.,.
p103_natural_gas_fired_combined_cycle_2,1986.0,0,19989,.,.
p103_natural_gas_fired_combined_cycle_2,1990.0,0,19989,.,.
p103_natural_gas_fired_combined_cycle_2,1992.0,0,19989,.,.
p103_natural_gas_fired_combined_cycle_2,1995.0,0,19989,.,.
p103_natural_gas_fired_combined_cycle_2,2001.0,0,19989,.,.
p103_natural_gas_fired_combined_cycle_2,2013.0,0,19989,.,.
p103_natural_gas_fired_combined_cycle_2,2017.0,0,19989,.,.
p103_natural_gas_fired_combined_cycle_2,2019.0,0,19989,.,.
p103_natural_gas_fired_combined_cycle_2,2022.0,0,19989,.,.
p103_natural_gas_fired_combustion_turbine_1,1966.0,0,12189,.,.
p103_natural_gas_fired_combustion_turbine_1,1967.0,0,12189,.,.
p103_natural_gas_fired_combustion_turbine_1,1968.0,0,12189,.,.
p103_natural_gas_fired_combustion_turbine_1,1970.0,0,12189,.,.
p103_natural_gas_fired_combustion_turbine_1,1971.0,0,12189,.,.
p103_natural_gas_fired_combustion_turbine_1,1972.0,0,12189,.,.
p103_natural_gas_fired_combustion_turbine_1,1989.0,0,12189,.,.
p103_natural_gas_fired_combustion_turbine_1,1990.0,0,12189,.,.
p103_natural_gas_fired_combustion_turbine_1,1992.0,0,12189,.,.
p103_natural_gas_fired_combustion_turbine_1,1995.0,0,12189,.,.
p103_natural_gas_fired_combustion_turbine_1,1999.0,0,12189,.,.
p103_natural_gas_fired_combustion_turbine_1,2000.0,0,12189,.,.
p103_natural_gas_fired_combustion_turbine_1,2001.0,0,12189,.,.
p103_natural_gas_fired_combustion_turbine_1,2002.0,0,12189,.,.
p103_natural_gas_fired_combustion_turbine_1,2006.0,0,12189,.,.
p103_natural_gas_fired_combustion_turbine_1,2013.0,0,12189,.,.
p103_natural_gas_fired_combustion_turbine_1,2016.0,0,12189,.,.
p103_natural_gas_fired_combustion_turbine_1,2018.0,0,12189,.,.
p103_natural_gas_fired_combustion_turbine_1,2022.0,0,12189,.,.
p103_natural_gas_fired_combustion_turbine_1,2027.0,0,12189,.,.
p103_nuclear_1,1988.0,0,333518,.,.
p103_onshore_wind_turbine_1,2008.0,0,31648,.,.
p103_onshore_wind_turbine_1,2009.0,0,31648,.,.
p103_onshore_wind_turbine_1,2011.0,0,31648,.,.
p103_onshore_wind_turbine_1,2012.0,0,31648,.,.
p103_onshore_wind_turbine_1,2013.0,0,31648,.,.
p103_onshore_wind_turbine_1,2014.0,0,31648,.,.
p103_onshore_wind_turbine_1,2016.0,0,31648,.,.
p103_onshore_wind_turbine_1,2017.0,0,31648,.,.
p103_onshore_wind_turbine_1,2018.0,0,31648,.,.
p103_onshore_wind_turbine_1,2019.0,0,31648,.,.
p103_onshore_wind_turbine_1,2020.0,0,31648,.,.
p103_onshore_wind_turbine_1,2021.0,0,31648,.,.
p103_onshore_wind_turbine_1,2023.0,0,31648,.,.
p103_onshore_wind_turbine_1,2024.0,0,31648,.,.
p103_onshore_wind_turbine_1,2028.0,0,31648,.,.
p103_other_peaker_1,1526.0,0,25800,.,.
p103_other_peaker_1,1532.0,0,25800,.,.
p103_other_peaker_1,1540.0,0,25800,.,.
p103_other_peaker_1,1545.0,0,25800,.,.
p103_other_peaker_1,1547.0,0,25800,.,.
p103_other_peaker_1,1550.0,0,25800,.,.
p103_other_peaker_1,1948.0,0,25800,.,.
p103_other_peaker_1,1950.0,0,25800,.,.
p103_other_peaker_1,1951.0,0,25800,.,.
p103_other_peaker_1,1964.0,0,25800,.,.
p103_other_peaker_1,1965.0,0,25800,.,.
p103_other_peaker_1,1966.0,0,25800,.,.
p103_other_peaker_1,1968.0,0,25800,.,.
p103_other_peaker_1,1973.0,0,25800,.,.
p103_other_peaker_1,1974.0,0,25800,.,.
p103_other_peaker_1,1975.0,0,25800,.,.
p103_other_peaker_1,1976.0,0,25800,.,.
p103_other_peaker_1,1977.0,0,25800,.,.
p103_other_peaker_1,1978.0,0,25800,.,.
p103_other_peaker_1,1979.0,0,25800,.,.
p103_other_peaker_1,1980.0,0,25800,.,.
p103_other_peaker_1,1984.0,0,25800,.,.
p103_other_peaker_1,1987.0,0,25800,.,.
p103_other_peaker_1,1990.0,0,25800,.,.
p103_other_peaker_1,1993.0,0,25800,.,.
p103_other_peaker_1,2001.0,0,25800,.,.
p103_other_peaker_1,2006.0,0,25800,.,.
p103_other_peaker_1,2015.0,0,25800,.,.
p103_other_peaker_1,2017.0,0,25800,.,.
p103_other_peaker_1,2018.0,0,25800,.,.
p103_other_peaker_1,2020.0,0,25800,.,.
p103_other_peaker_1,2022.0,0,25800,.,.
p103_petroleum_liquids_1,1938.0,0,25800,.,.
p103_petroleum_liquids_1,1947.0,0,25800,.,.
p103_petroleum_liquids_1,1949.0,0,25800,.,.
p103_petroleum_liquids_1,1950.0,0,25800,.,.
p103_petroleum_liquids_1,1952.0,0,25800,.,.
p103_petroleum_liquids_1,1958.0,0,25800,.,.
p103_petroleum_liquids_1,1960.0,0,25800,.,.
p103_petroleum_liquids_1,1961.0,0,25800,.,.
p103_petroleum_liquids_1,1966.0,0,25800,.,.
p103_petroleum_liquids_1,1967.0,0,25800,.,.
p103_petroleum_liquids_1,1968.0,0,25800,.,.
p103_petroleum_liquids_1,1969.0,0,25800,.,.
p103_petroleum_liquids_1,1970.0,0,25800,.,.
p103_petroleum_liquids_1,1971.0,0,25800,.,.
p103_petroleum_liquids_1,1972.0,0,25800,.,.
p103_petroleum_liquids_1,1973.0,0,25800,.,.
p103_petroleum_liquids_1,1976.0,0,25800,.,.
p103_petroleum_liquids_1,1979.0,0,25800,.,.
p103_petroleum_liquids_1,1981.0,0,25800,.,.
p103_petroleum_liquids_1,1982.0,0,25800,.,.
p103_petroleum_liquids_1,1984.0,0,25800,.,.
p103_petroleum_liquids_1,1985.0,0,25800,.,.
p103_petroleum_liquids_1,1987.0,0,25800,.,.
p103_petroleum_liquids_1,1988.0,0,25800,.,.
p103_petroleum_liquids_1,1990.0,0,25800,.,.
p103_petroleum_liquids_1,1992.0,0,25800,.,.
p103_petroleum_liquids_1,1993.0,0,25800,.,.
p103_petroleum_liquids_1,1995.0,0,25800,.,.
p103_petroleum_liquids_1,1996.0,0,25800,.,.
p103_petroleum_liquids_1,1999.0,0,25800,.,.
p103_petroleum_liquids_1,2000.0,0,25800,.,.
p103_petroleum_liquids_1,2001.0,0,25800,.,.
p103_petroleum_liquids_1,2002.0,0,25800,.,.
p103_petroleum_liquids_1,2003.0,0,25800,.,.
p103_petroleum_liquids_1,2005.0,0,25800,.,.
p103_petroleum_liquids_1,2006.0,0,25800,.,.
p103_petroleum_liquids_1,2007.0,0,25800,.,.
p103_petroleum_liquids_1,2021.0,0,25800,.,.
p103_small_hydroelectric_1,1901.0,0,57025,.,.
p103_small_hydroelectric_1,1907.0,0,57025,.,.
p103_small_hydroelectric_1,1911.0,0,57025,.,.
p103_small_hydroelectric_1,1912.0,0,57025,.,.
p103_small_hydroelectric_1,1913.0,0,57025,.,.
p103_small_hydroelectric_1,1915.0,0,57025,.,.
p103_small_hydroelectric_1,1916.0,0,57025,.,.
p103_small_hydroelectric_1,1918.0,0,57025,.,.
p103_small_hydroelectric_1,1919.0,0,57025,.,.
p103_small_hydroelectric_1,1922.0,0,57025,.,.
p103_small_hydroelectric_1,1924.0,0,57025,.,.
p103_small_hydroelectric_1,1925.0,0,57025,.,.
p103_small_hydroelectric_1,1928.0,0,57025,.,.
p103_small_hydroelectric_1,1929.0,0,57025,.,.
p103_small_hydroelectric_1,1932.0,0,57025,.,.
p103_small_hydroelectric_1,1935.0,0,57025,.,.
p103_small_hydroelectric_1,1945.0,0,57025,.,.
p103_small_hydroelectric_1,1949.0,0,57025,.,.
p103_small_hydroelectric_1,1951.0,0,57025,.,.
p103_small_hydroelectric_1,1952.0,0,57025,.,.
p103_small_hydroelectric_1,1954.0,0,57025,.,.
p103_small_hydroelectric_1,1963.0,0,57025,.,.
p103_small_hydroelectric_1,1984.0,0,57025,.,.
p103_small_hydroelectric_1,1986.0,0,57025,.,.
p103_small_hydroelectric_1,1988.0,0,57025,.,.
p103_small_hydroelectric_1,1990.0,0,57025,.,.
p103_small_hydroelectric_1,2005.0,0,57025,.,.
p103_solar_photovoltaic_1,2015.0,0,21608,.,.
p103_solar_photovoltaic_1,2016.0,0,21608,.,.
p103_solar_photovoltaic_1,2017.0,0,21608,.,.
p103_solar_photovoltaic_1,2018.0,0,21608,.,.
p103_solar_photovoltaic_1,2019.0,0,21608,.,.
p103_solar_photovoltaic_1,2020.0,0,21608,.,.
p103_solar_photovoltaic_1,2021.0,0,21608,.,.
p103_solar_photovoltaic_1,2022.0,0,21608,.,.
p103_solar_photovoltaic_1,2023.0,0,21608,.,.
p103_solar_photovoltaic_1,2024.0,0,21608,.,.
p103_solar_photovoltaic_1,2025.0,0,21608,.,.
p103_solar_photovoltaic_1,2026.0,0,21608,.,.
p103_solar_photovoltaic_1,2027.0,0,21608,.,.
p104_batteries_1,2018.0,0,8671,0,0
p104_biomass_1,2009.0,0,163666,.,.
p104_biomass_1,2013.0,0,163666,.,.
p104_biomass_1,2019.0,0,163666,.,.
p104_natural_gas_fired_combined_cycle_1,1997.0,0,15002,.,.
p104_natural_gas_fired_combined_cycle_1,1999.0,0,15002,.,.
p104_natural_gas_fired_combined_cycle_1,2022.0,0,15002,.,.
p104_natural_gas_fired_combined_cycle_2,2004.0,0,14947,.,.
p104_natural_gas_fired_combustion_turbine_1,1999.0,0,16032,.,.
p104_nuclear_1,1972.0,0,282408,.,.
p104_nuclear_1,1975.0,0,282408,.,.
p104_nuclear_1,1978.0,0,282408,.,.
p104_other_peaker_1,1981.0,0,25800,.,.
p104_other_peaker_1,1999.0,0,25800,.,.
p104_other_peaker_1,2021.0,0,25800,.,.
p104_small_hydroelectric_1,1533.0,0,57025,.,.
p104_small_hydroelectric_1,1911.0,0,57025,.,.
p104_small_hydroelectric_1,1919.0,0,57025,.,.
p104_small_hydroelectric_1,1921.0,0,57025,.,.
p104_small_hydroelectric_1,1922.0,0,57025,.,.
p104_small_hydroelectric_1,1923.0,0,57025,.,.
p104_small_hydroelectric_1,1927.0,0,57025,.,.
p104_small_hydroelectric_1,1929.0,0,57025,.,.
p104_small_hydroelectric_1,1930.0,0,57025,.,.
p104_small_hydroelectric_1,1983.0,0,57025,.,.
p104_small_hydroelectric_1,1996.0,0,57025,.,.
p104_solar_photovoltaic_1,2016.0,0,21608,.,.
p104_solar_photovoltaic_1,2027.0,0,21608,.,.
p105_batteries_1,2024.0,0,8671,0,0
p105_batteries_1,2025.0,0,8671,0,0
p105_biomass_1,2003.0,0,163666,.,.
p105_biomass_1,2005.0,0,163666,.,.
p105_biomass_1,2007.0,0,163666,.,.
p105_biomass_1,2010.0,0,163666,.,.
p105_biomass_1,2011.0,0,163666,.,.
p105_biomass_1,2012.0,0,163666,.,.
p105_biomass_1,2014.0,0,163666,.,.
p105_biomass_1,2015.0,0,163666,.,.
p105_biomass_1,2017.0,0,163666,.,.
p105_biomass_1,2020.0,0,163666,.,.
p105_biomass_1,2021.0,0,163666,.,.
p105_conventional_hydroelectric_1,2022.0,0,57025,.,.
p105_conventional_steam_coal_1,1970.0,0,74595.6666666667,.,.
p105_conventional_steam_coal_1,1972.0,0,74595.6666666667,.,.
p105_natural_gas_fired_combined_cycle_1,2002.0,0,11863,.,.
p105_natural_gas_fired_combined_cycle_1,2003.0,0,11863,.,.
p105_natural_gas_fired_combined_cycle_1,2018.0,0,11863,.,.
p105_natural_gas_fired_combined_cycle_2,2026.0,0,19989,.,.
p105_natural_gas_fired_combustion_turbine_1,1979.0,0,12329,.,.
p105_natural_gas_fired_combustion_turbine_1,1992.0,0,12329,.,.
p105_natural_gas_fired_combustion_turbine_1,1993.0,0,12329,.,.
p105_natural_gas_fired_combustion_turbine_1,1995.0,0,12329,.,.
p105_natural_gas_fired_combustion_turbine_1,1997.0,0,12329,.,.
p105_natural_gas_fired_combustion_turbine_1,2000.0,0,12329,.,.
p105_natural_gas_fired_combustion_turbine_1,2001.0,0,12329,.,.
p105_natural_gas_fired_combustion_turbine_1,2004.0,0,12329,.,.
p105_natural_gas_fired_combustion_turbine_1,2019.0,0,12329,.,.
p105_natural_gas_fired_combustion_turbine_1,2021.0,0,12329,.,.
p105_natural_gas_fired_combustion_turbine_1,2022.0,0,12329,.,.
p105_onshore_wind_turbine_1,2008.0,0,31648,.,.
p105_onshore_wind_turbine_1,2009.0,0,31648,.,.
p105_onshore_wind_turbine_1,2010.0,0,31648,.,.
p105_onshore_wind_turbine_1,2012.0,0,31648,.,.
p105_onshore_wind_turbine_1,2014.0,0,31648,.,.
p105_onshore_wind_turbine_1,2016.0,0,31648,.,.
p105_onshore_wind_turbine_1,2017.0,0,31648,.,.
p105_onshore_wind_turbine_1,2018.0,0,31648,.,.
p105_onshore_wind_turbine_1,2020.0,0,31648,.,.
p105_onshore_wind_turbine_1,2021.0,0,31648,.,.
p105_onshore_wind_turbine_1,2023.0,0,31648,.,.
p105_onshore_wind_turbine_1,2024.0,0,31648,.,.
p105_onshore_wind_turbine_1,2026.0,0,31648,.,.
p105_onshore_wind_turbine_1,2027.0,0,31648,.,.
p105_other_peaker_1,1948.0,0,25800,.,.
p105_other_peaker_1,1950.0,0,25800,.,.
p105_other_peaker_1,1952.0,0,25800,.,.
p105_other_peaker_1,1955.0,0,25800,.,.
p105_other_peaker_1,1956.0,0,25800,.,.
p105_other_peaker_1,1961.0,0,25800,.,.
p105_other_peaker_1,1962.0,0,25800,.,.
p105_other_peaker_1,1967.0,0,25800,.,.
p105_other_peaker_1,1969.0,0,25800,.,.
p105_other_peaker_1,1970.0,0,25800,.,.
p105_other_peaker_1,1980.0,0,25800,.,.
p105_other_peaker_1,1981.0,0,25800,.,.
p105_other_peaker_1,1984.0,0,25800,.,.
p105_other_peaker_1,1994.0,0,25800,.,.
p105_other_peaker_1,1995.0,0,25800,.,.
p105_other_peaker_1,1996.0,0,25800,.,.
p105_other_peaker_1,1997.0,0,25800,.,.
p105_other_peaker_1,1999.0,0,25800,.,.
p105_other_peaker_1,2000.0,0,25800,.,.
p105_other_peaker_1,2002.0,0,25800,.,.
p105_other_peaker_1,2005.0,0,25800,.,.
p105_other_peaker_1,2007.0,0,25800,.,.
p105_other_peaker_1,2008.0,0,25800,.,.
p105_other_peaker_1,2009.0,0,25800,.,.
p105_other_peaker_1,2010.0,0,25800,.,.
p105_other_peaker_1,2013.0,0,25800,.,.
p105_other_peaker_1,2017.0,0,25800,.,.
p105_other_peaker_1,2020.0,0,25800,.,.
p105_other_peaker_1,2022.0,0,25800,.,.
p105_other_peaker_1,2023.0,0,25800,.,.
p105_other_peaker_1,2024.0,0,25800,.,.
p105_petroleum_liquids_1,1952.0,0,25800,.,.
p105_petroleum_liquids_1,1972.0,0,25800,.,.
p105_petroleum_liquids_1,1992.0,0,25800,.,.
p105_petroleum_liquids_1,1996.0,0,25800,.,.
p105_petroleum_liquids_1,2000.0,0,25800,.,.
p105_petroleum_liquids_1,2001.0,0,25800,.,.
p105_petroleum_liquids_1,2002.0,0,25800,.,.
p105_petroleum_liquids_1,2004.0,0,25800,.,.
p105_petroleum_liquids_1,2006.0,0,25800,.,.
p105_petroleum_liquids_1,2010.0,0,25800,.,.
p105_small_hydroelectric_1,1531.0,0,57025,.,.
p105_small_hydroelectric_1,1923.0,0,57025,.,.
p105_small_hydroelectric_1,1925.0,0,57025,.,.
p105_small_hydroelectric_1,1989.0,0,57025,.,.
p105_solar_photovoltaic_1,2012.0,0,21608,.,.
p105_solar_photovoltaic_1,2013.0,0,21608,.,.
p105_solar_photovoltaic_1,2014.0,0,21608,.,.
p105_solar_photovoltaic_1,2015.0,0,21608,.,.
p105_solar_photovoltaic_1,2016.0,0,21608,.,.
p105_solar_photovoltaic_1,2017.0,0,21608,.,.
p105_solar_photovoltaic_1,2018.0,0,21608,.,.
p105_solar_photovoltaic_1,2019.0,0,21608,.,.
p105_solar_photovoltaic_1,2020.0,0,21608,.,.
p105_solar_photovoltaic_1,2021.0,0,21608,.,.
p105_solar_photovoltaic_1,2022.0,0,21608,.,.
p105_solar_photovoltaic_1,2023.0,0,21608,.,.
p105_solar_photovoltaic_1,2024.0,0,21608,.,.
p105_solar_photovoltaic_1,2025.0,0,21608,.,.
p105_solar_photovoltaic_1,2026.0,0,21608,.,.
p105_waste_heat_1,1998.0,0,163666,.,.
p106_batteries_1,2016.0,0,8671,0,0
p106_biomass_1,1988.0,0,163666,.,.
p106_natural_gas_fired_combined_cycle_1,1950.0,0,19989,.,.
p106_natural_gas_fired_combined_cycle_1,2003.0,0,19989,.,.
p106_natural_gas_fired_combustion_turbine_1,1994.0,0,11840,.,.
p106_natural_gas_fired_combustion_turbine_1,1995.0,0,11840,.,.
p106_natural_gas_fired_combustion_turbine_1,2000.0,0,11840,.,.
p106_natural_gas_fired_combustion_turbine_1,2001.0,0,11840,.,.
p106_natural_gas_fired_combustion_turbine_1,2002.0,0,11840,.,.
p106_other_peaker_1,1938.0,0,25800,.,.
p106_other_peaker_1,1958.0,0,25800,.,.
p106_other_peaker_1,1961.0,0,25800,.,.
p106_other_peaker_1,1973.0,0,25800,.,.
p106_petroleum_liquids_1,1967.0,0,25800,.,.
p106_petroleum_liquids_1,1973.0,0,25800,.,.
p106_petroleum_liquids_1,1998.0,0,25800,.,.
p106_petroleum_liquids_1,2001.0,0,25800,.,.
p106_petroleum_liquids_1,2005.0,0,25800,.,.
p106_petroleum_liquids_1,2010.0,0,25800,.,.
p106_solar_photovoltaic_1,2011.0,0,21608,.,.
p106_solar_photovoltaic_1,2013.0,0,21608,.,.
p106_solar_photovoltaic_1,2014.0,0,21608,.,.
p106_solar_photovoltaic_1,2015.0,0,21608,.,.
p106_solar_photovoltaic_1,2016.0,0,21608,.,.
p107_batteries_1,2019.0,0,8671,0,0
p107_batteries_1,2020.0,0,8671,0,0
p107_batteries_1,2025.0,0,8671,0,0
p107_biomass_1,2009.0,0,163666,.,.
p107_conventional_hydroelectric_1,1967.0,0,57025,.,.
p107_conventional_steam_coal_1,1525.0,0,94624,.,.
p107_conventional_steam_coal_1,1955.0,0,94624,.,.
p107_conventional_steam_coal_1,1973.0,0,94624,.,.
p107_conventional_steam_coal_2,1530.0,0,76627.3333333333,.,.
p107_conventional_steam_coal_2,1955.0,0,76627.3333333333,.,.
p107_conventional_steam_coal_2,1956.0,0,76627.3333333333,.,.
p107_conventional_steam_coal_2,1960.0,0,76627.3333333333,.,.
p107_conventional_steam_coal_2,1964.0,0,76627.3333333333,.,.
p107_conventional_steam_coal_2,1965.0,0,76627.3333333333,.,.
p107_conventional_steam_coal_2,1970.0,0,76627.3333333333,.,.
p107_conventional_steam_coal_2,1975.0,0,76627.3333333333,.,.
p107_conventional_steam_coal_2,1976.0,0,76627.3333333333,.,.
p107_conventional_steam_coal_2,1977.0,0,76627.3333333333,.,.
p107_conventional_steam_coal_2,1978.0,0,76627.3333333333,.,.
p107_conventional_steam_coal_2,1979.0,0,76627.3333333333,.,.
p107_conventional_steam_coal_2,1982.0,0,76627.3333333333,.,.
p107_conventional_steam_coal_2,1983.0,0,76627.3333333333,.,.
p107_conventional_steam_coal_2,1986.0,0,76627.3333333333,.,.
p107_conventional_steam_coal_2,2013.0,0,76627.3333333333,.,.
p107_natural_gas_fired_combined_cycle_1,2004.0,0,14947,.,.
p107_natural_gas_fired_combined_cycle_2,2018.0,0,11863,.,.
p107_natural_gas_fired_combustion_turbine_1,1991.0,0,12016,.,.
p107_natural_gas_fired_combustion_turbine_1,1992.0,0,12016,.,.
p107_natural_gas_fired_combustion_turbine_1,2000.0,0,12016,.,.
p107_natural_gas_fired_combustion_turbine_1,2001.0,0,12016,.,.
p107_natural_gas_fired_combustion_turbine_1,2002.0,0,12016,.,.
p107_natural_gas_fired_combustion_turbine_1,2005.0,0,12016,.,.
p107_natural_gas_fired_combustion_turbine_1,2017.0,0,12016,.,.
p107_natural_gas_fired_combustion_turbine_1,2025.0,0,12016,.,.
p107_other_peaker_1,2020.0,0,25800,.,.
p107_petroleum_liquids_1,1967.0,0,25800,.,.
p107_petroleum_liquids_1,2004.0,0,25800,.,.
p107_solar_photovoltaic_1,2014.0,0,21608,.,.
p107_solar_photovoltaic_1,2015.0,0,21608,.,.
p107_solar_photovoltaic_1,2016.0,0,21608,.,.
p107_solar_photovoltaic_1,2017.0,0,21608,.,.
p107_solar_photovoltaic_1,2018.0,0,21608,.,.
p107_solar_photovoltaic_1,2019.0,0,21608,.,.
p107_solar_photovoltaic_1,2020.0,0,21608,.,.
p107_solar_photovoltaic_1,2021.0,0,21608,.,.
p107_solar_photovoltaic_1,2022.0,0,21608,.,.
p107_solar_photovoltaic_1,2023.0,0,21608,.,.
p107_solar_photovoltaic_1,2024.0,0,21608,.,.
p107_solar_photovoltaic_1,2025.0,0,21608,.,.
p107_solar_photovoltaic_1,2026.0,0,21608,.,.
p107_solar_photovoltaic_1,2028.0,0,21608,.,.
p108_biomass_1,2001.0,0,163666,.,.
p108_conventional_steam_coal_1,1984.0,0,92578,.,.
p108_natural_gas_fired_combined_cycle_1,2017.0,0,14947,.,.
p108_natural_gas_fired_combustion_turbine_1,1976.0,0,11329,.,.
p108_natural_gas_fired_combustion_turbine_1,2023.0,0,11329,.,.
p108_other_peaker_1,1979.0,0,25800,.,.
p108_other_peaker_1,1981.0,0,25800,.,.
p108_solar_photovoltaic_1,2025.0,0,21608,.,.
p109_batteries_1,2027.0,0,8671,0,0
p109_biomass_1,1995.0,0,163666,.,.
p109_biomass_1,2002.0,0,163666,.,.
p109_biomass_1,2003.0,0,163666,.,.
p109_biomass_1,2006.0,0,163666,.,.
p109_biomass_1,2007.0,0,163666,.,.
p109_biomass_1,2013.0,0,163666,.,.
p109_biomass_1,2015.0,0,163666,.,.
p109_biomass_1,2016.0,0,163666,.,.
p109_biomass_1,2019.0,0,163666,.,.
p109_conventional_hydroelectric_1,1925.0,0,57025,.,.
p109_conventional_hydroelectric_1,1928.0,0,57025,.,.
p109_conventional_hydroelectric_1,1977.0,0,57025,.,.
p109_conventional_hydroelectric_1,2016.0,0,57025,.,.
p109_conventional_hydroelectric_1,2025.0,0,57025,.,.
p109_conventional_hydroelectric_1,2029.0,0,57025,.,.
p109_conventional_steam_coal_1,1530.0,0,71924.6666666667,.,.
p109_conventional_steam_coal_1,1974.0,0,71924.6666666667,.,.
p109_conventional_steam_coal_1,1977.0,0,71924.6666666667,.,.
p109_conventional_steam_coal_1,1978.0,0,71924.6666666667,.,.
p109_conventional_steam_coal_1,1981.0,0,71924.6666666667,.,.
p109_conventional_steam_coal_1,1982.0,0,71924.6666666667,.,.
p109_conventional_steam_coal_1,1984.0,0,71924.6666666667,.,.
p109_conventional_steam_coal_1,1990.0,0,71924.6666666667,.,.
p109_conventional_steam_coal_1,2005.0,0,71924.6666666667,.,.
p109_conventional_steam_coal_1,2009.0,0,71924.6666666667,.,.
p109_conventional_steam_coal_1,2011.0,0,71924.6666666667,.,.
p109_conventional_steam_coal_2,1971.0,0,86020.3333333333,.,.
p109_conventional_steam_coal_2,1981.0,0,86020.3333333333,.,.
p109_natural_gas_fired_combined_cycle_1,2015.0,0,11863,.,.
p109_natural_gas_fired_combined_cycle_2,2027.0,0,11863,.,.
p109_natural_gas_fired_combustion_turbine_1,1968.0,0,11037,.,.
p109_natural_gas_fired_combustion_turbine_1,1970.0,0,11037,.,.
p109_natural_gas_fired_combustion_turbine_1,1994.0,0,11037,.,.
p109_natural_gas_fired_combustion_turbine_1,1995.0,0,11037,.,.
p109_natural_gas_fired_combustion_turbine_1,1996.0,0,11037,.,.
p109_natural_gas_fired_combustion_turbine_1,1999.0,0,11037,.,.
p109_natural_gas_fired_combustion_turbine_1,2001.0,0,11037,.,.
p109_natural_gas_fired_combustion_turbine_1,2002.0,0,11037,.,.
p109_natural_gas_fired_combustion_turbine_1,2004.0,0,11037,.,.
p109_natural_gas_fired_combustion_turbine_1,2005.0,0,11037,.,.
p109_natural_gas_fired_combustion_turbine_1,2010.0,0,11037,.,.
p109_petroleum_liquids_1,1934.0,0,25800,.,.
p109_petroleum_liquids_1,1949.0,0,25800,.,.
p109_petroleum_liquids_1,1952.0,0,25800,.,.
p109_petroleum_liquids_1,1954.0,0,25800,.,.
p109_petroleum_liquids_1,1974.0,0,25800,.,.
p109_small_hydroelectric_1,2007.0,0,57025,.,.
p109_small_hydroelectric_1,2008.0,0,57025,.,.
p109_small_hydroelectric_1,2021.0,0,57025,.,.
p109_small_hydroelectric_1,2029.0,0,57025,.,.
p109_solar_photovoltaic_1,2016.0,0,21608,.,.
p109_solar_photovoltaic_1,2017.0,0,21608,.,.
p109_solar_photovoltaic_1,2019.0,0,21608,.,.
p109_solar_photovoltaic_1,2022.0,0,21608,.,.
p109_solar_photovoltaic_1,2023.0,0,21608,.,.
p109_solar_photovoltaic_1,2024.0,0,21608,.,.
p109_solar_photovoltaic_1,2025.0,0,21608,.,.
p109_solar_photovoltaic_1,2026.0,0,21608,.,.
p109_solar_photovoltaic_1,2027.0,0,21608,.,.
p11_batteries_1,2012.0,0,8671,0,0
p11_batteries_1,2014.0,0,8671,0,0
p11_batteries_1,2015.0,0,8671,0,0
p11_batteries_1,2016.0,0,8671,0,0
p11_batteries_1,2017.0,0,8671,0,0
p11_batteries_1,2018.0,0,8671,0,0
p11_batteries_1,2020.0,0,8671,0,0
p11_batteries_1,2021.0,0,8671,0,0
p11_batteries_1,2022.0,0,8671,0,0
p11_batteries_1,2023.0,0,8671,0,0
p11_batteries_1,2024.0,0,8671,0,0
p11_batteries_1,2025.0,0,8671,0,0
p11_batteries_1,2026.0,0,8671,0,0
p11_biomass_1,1985.0,0,163666,.,.
p11_biomass_1,1997.0,0,163666,.,.
p11_biomass_1,2004.0,0,163666,.,.
p11_biomass_1,2008.0,0,163666,.,.
p11_biomass_1,2009.0,0,163666,.,.
p11_biomass_1,2011.0,0,163666,.,.
p11_conventional_hydroelectric_1,2025.0,0,57025,.,.
p11_natural_gas_fired_combined_cycle_1,1994.0,0,12183,.,.
p11_natural_gas_fired_combined_cycle_1,2005.0,0,12183,.,.
p11_natural_gas_fired_combined_cycle_1,2006.0,0,12183,.,.
p11_natural_gas_fired_combined_cycle_1,2009.0,0,12183,.,.
p11_natural_gas_fired_combined_cycle_2,2001.0,0,19989,.,.
p11_natural_gas_fired_combined_cycle_2,2002.0,0,19989,.,.
p11_natural_gas_fired_combustion_turbine_1,1983.0,0,13045,.,.
p11_natural_gas_fired_combustion_turbine_1,2001.0,0,13045,.,.
p11_natural_gas_fired_combustion_turbine_1,2002.0,0,13045,.,.
p11_natural_gas_fired_combustion_turbine_1,2003.0,0,13045,.,.
p11_natural_gas_fired_combustion_turbine_1,2004.0,0,13045,.,.
p11_natural_gas_fired_combustion_turbine_1,2005.0,0,13045,.,.
p11_natural_gas_fired_combustion_turbine_1,2009.0,0,13045,.,.
p11_natural_gas_fired_combustion_turbine_1,2010.0,0,13045,.,.
p11_natural_gas_fired_combustion_turbine_1,2013.0,0,13045,.,.
p11_natural_gas_fired_combustion_turbine_1,2014.0,0,13045,.,.
p11_natural_gas_fired_combustion_turbine_1,2016.0,0,13045,.,.
p11_natural_gas_fired_combustion_turbine_1,2018.0,0,13045,.,.
p11_onshore_wind_turbine_1,2005.0,0,31648,.,.
p11_onshore_wind_turbine_1,2012.0,0,31648,.,.
p11_onshore_wind_turbine_1,2014.0,0,31648,.,.
p11_onshore_wind_turbine_1,2017.0,0,31648,.,.
p11_other_peaker_1,2001.0,0,25800,.,.
p11_other_peaker_1,2012.0,0,25800,.,.
p11_other_peaker_1,2016.0,0,25800,.,.
p11_other_peaker_1,2019.0,0,25800,.,.
p11_other_peaker_1,2020.0,0,25800,.,.
p11_petroleum_liquids_1,2000.0,0,25800,.,.
p11_petroleum_liquids_1,2010.0,0,25800,.,.
p11_small_hydroelectric_1,1985.0,0,57025,.,.
p11_small_hydroelectric_1,1986.0,0,57025,.,.
p11_solar_photovoltaic_1,2008.0,0,21608,.,.
p11_solar_photovoltaic_1,2009.0,0,21608,.,.
p11_solar_photovoltaic_1,2011.0,0,21608,.,.
p11_solar_photovoltaic_1,2012.0,0,21608,.,.
p11_solar_photovoltaic_1,2013.0,0,21608,.,.
p11_solar_photovoltaic_1,2014.0,0,21608,.,.
p11_solar_photovoltaic_1,2015.0,0,21608,.,.
p11_solar_photovoltaic_1,2016.0,0,21608,.,.
p11_solar_photovoltaic_1,2017.0,0,21608,.,.
p11_solar_photovoltaic_1,2018.0,0,21608,.,.
p11_solar_photovoltaic_1,2020.0,0,21608,.,.
p11_solar_photovoltaic_1,2021.0,0,21608,.,.
p11_solar_photovoltaic_1,2023.0,0,21608,.,.
p11_solar_photovoltaic_1,2024.0,0,21608,.,.
p110_conventional_hydroelectric_1,2016.0,0,57025,.,.
p110_natural_gas_fired_combustion_turbine_1,2001.0,0,10888,.,.
p110_natural_gas_fired_combustion_turbine_1,2002.0,0,10888,.,.
p110_other_peaker_1,1963.0,0,25800,.,.
p110_solar_photovoltaic_1,2024.0,0,21608,.,.
p111_batteries_1,2023.0,0,8671,0,0
p111_biomass_1,1993.0,0,163666,.,.
p111_biomass_1,2010.0,0,163666,.,.
p111_biomass_1,2011.0,0,163666,.,.
p111_biomass_1,2013.0,0,163666,.,.
p111_biomass_1,2014.0,0,163666,.,.
p111_conventional_steam_coal_1,1949.0,0,92996,.,.
p111_conventional_steam_coal_1,1953.0,0,92996,.,.
p111_conventional_steam_coal_1,1955.0,0,92996,.,.
p111_conventional_steam_coal_1,1965.0,0,92996,.,.
p111_conventional_steam_coal_1,1990.0,0,92996,.,.
p111_conventional_steam_coal_2,1986.0,0,79915.3333333333,.,.
p111_natural_gas_fired_combined_cycle_1,2001.0,0,13923,.,.
p111_natural_gas_fired_combined_cycle_1,2012.0,0,13923,.,.
p111_natural_gas_fired_combined_cycle_1,2021.0,0,13923,.,.
p111_natural_gas_fired_combined_cycle_2,2017.0,0,11863,.,.
p111_natural_gas_fired_combined_cycle_2,2018.0,0,11863,.,.
p111_natural_gas_fired_combined_cycle_2,2026.0,0,11863,.,.
p111_natural_gas_fired_combustion_turbine_1,1970.0,0,11389,.,.
p111_natural_gas_fired_combustion_turbine_1,2000.0,0,11389,.,.
p111_natural_gas_fired_combustion_turbine_1,2001.0,0,11389,.,.
p111_natural_gas_fired_combustion_turbine_1,2002.0,0,11389,.,.
p111_natural_gas_fired_combustion_turbine_1,2003.0,0,11389,.,.
p111_natural_gas_fired_combustion_turbine_1,2004.0,0,11389,.,.
p111_nuclear_1,1977.0,0,333518,.,.
p111_nuclear_1,1987.0,0,333518,.,.
p111_onshore_wind_turbine_1,2003.0,0,31648,.,.
p111_onshore_wind_turbine_1,2004.0,0,31648,.,.
p111_onshore_wind_turbine_1,2011.0,0,31648,.,.
p111_onshore_wind_turbine_1,2012.0,0,31648,.,.
p111_onshore_wind_turbine_1,2023.0,0,31648,.,.
p111_other_peaker_1,1934.0,0,25800,.,.
p111_other_peaker_1,1958.0,0,25800,.,.
p111_other_peaker_1,1961.0,0,25800,.,.
p111_other_peaker_1,1965.0,0,25800,.,.
p111_other_peaker_1,1966.0,0,25800,.,.
p111_other_peaker_1,1990.0,0,25800,.,.
p111_other_peaker_1,1996.0,0,25800,.,.
p111_other_peaker_1,2001.0,0,25800,.,.
p111_other_peaker_1,2007.0,0,25800,.,.
p111_other_peaker_1,2017.0,0,25800,.,.
p111_other_peaker_1,2020.0,0,25800,.,.
p111_other_peaker_1,2022.0,0,25800,.,.
p111_petroleum_liquids_1,1948.0,0,25800,.,.
p111_petroleum_liquids_1,1967.0,0,25800,.,.
p111_petroleum_liquids_1,1972.0,0,25800,.,.
p111_petroleum_liquids_1,1973.0,0,25800,.,.
p111_petroleum_liquids_1,1998.0,0,25800,.,.
p111_petroleum_liquids_1,2000.0,0,25800,.,.
p111_petroleum_liquids_1,2001.0,0,25800,.,.
p111_petroleum_liquids_1,2004.0,0,25800,.,.
p111_petroleum_liquids_1,2007.0,0,25800,.,.
p111_petroleum_liquids_1,2010.0,0,25800,.,.
p111_petroleum_liquids_1,2017.0,0,25800,.,.
p111_petroleum_liquids_1,2018.0,0,25800,.,.
p111_petroleum_liquids_1,2020.0,0,25800,.,.
p111_petroleum_liquids_1,2023.0,0,25800,.,.
p111_solar_photovoltaic_1,2010.0,0,21608,.,.
p111_solar_photovoltaic_1,2012.0,0,21608,.,.
p111_solar_photovoltaic_1,2014.0,0,21608,.,.
p111_solar_photovoltaic_1,2015.0,0,21608,.,.
p111_solar_photovoltaic_1,2016.0,0,21608,.,.
p111_solar_photovoltaic_1,2017.0,0,21608,.,.
p111_solar_photovoltaic_1,2018.0,0,21608,.,.
p111_solar_photovoltaic_1,2019.0,0,21608,.,.
p111_solar_photovoltaic_1,2021.0,0,21608,.,.
p111_solar_photovoltaic_1,2022.0,0,21608,.,.
p111_solar_photovoltaic_1,2023.0,0,21608,.,.
p111_solar_photovoltaic_1,2024.0,0,21608,.,.
p111_solar_photovoltaic_1,2025.0,0,21608,.,.
p111_solar_photovoltaic_1,2026.0,0,21608,.,.
p112_batteries_1,2021.0,0,8671,0,0
p112_batteries_1,2027.0,0,8671,0,0
p112_biomass_1,1958.0,0,163666,.,.
p112_biomass_1,1967.0,0,163666,.,.
p112_biomass_1,2011.0,0,163666,.,.
p112_biomass_1,2013.0,0,163666,.,.
p112_biomass_1,2014.0,0,163666,.,.
p112_biomass_1,2025.0,0,163666,.,.
p112_conventional_hydroelectric_1,1982.0,0,57025,.,.
p112_conventional_steam_coal_1,1961.0,0,91789.3333333333,.,.
p112_conventional_steam_coal_1,1971.0,0,91789.3333333333,.,.
p112_conventional_steam_coal_2,1530.0,0,79816,.,.
p112_conventional_steam_coal_2,1954.0,0,79816,.,.
p112_conventional_steam_coal_2,1955.0,0,79816,.,.
p112_conventional_steam_coal_2,1967.0,0,79816,.,.
p112_conventional_steam_coal_2,1968.0,0,79816,.,.
p112_conventional_steam_coal_2,1974.0,0,79816,.,.
p112_conventional_steam_coal_2,1975.0,0,79816,.,.
p112_natural_gas_fired_combined_cycle_1,2002.0,0,12849,.,.
p112_natural_gas_fired_combined_cycle_1,2003.0,0,12849,.,.
p112_natural_gas_fired_combined_cycle_1,2012.0,0,12849,.,.
p112_natural_gas_fired_combined_cycle_1,2017.0,0,12849,.,.
p112_natural_gas_fired_combined_cycle_2,2021.0,0,15983,.,.
p112_natural_gas_fired_combined_cycle_2,2023.0,0,15983,.,.
p112_natural_gas_fired_combustion_turbine_1,1963.0,0,11357,.,.
p112_natural_gas_fired_combustion_turbine_1,1966.0,0,11357,.,.
p112_natural_gas_fired_combustion_turbine_1,1970.0,0,11357,.,.
p112_natural_gas_fired_combustion_turbine_1,1988.0,0,11357,.,.
p112_natural_gas_fired_combustion_turbine_1,1992.0,0,11357,.,.
p112_natural_gas_fired_combustion_turbine_1,1999.0,0,11357,.,.
p112_natural_gas_fired_combustion_turbine_1,2000.0,0,11357,.,.
p112_natural_gas_fired_combustion_turbine_1,2001.0,0,11357,.,.
p112_natural_gas_fired_combustion_turbine_1,2002.0,0,11357,.,.
p112_natural_gas_fired_combustion_turbine_1,2003.0,0,11357,.,.
p112_natural_gas_fired_combustion_turbine_1,2005.0,0,11357,.,.
p112_onshore_wind_turbine_1,2011.0,0,31648,.,.
p112_onshore_wind_turbine_1,2012.0,0,31648,.,.
p112_onshore_wind_turbine_1,2013.0,0,31648,.,.
p112_onshore_wind_turbine_1,2015.0,0,31648,.,.
p112_onshore_wind_turbine_1,2016.0,0,31648,.,.
p112_onshore_wind_turbine_1,2017.0,0,31648,.,.
p112_onshore_wind_turbine_1,2018.0,0,31648,.,.
p112_onshore_wind_turbine_1,2020.0,0,31648,.,.
p112_onshore_wind_turbine_1,2021.0,0,31648,.,.
p112_onshore_wind_turbine_1,2026.0,0,31648,.,.
p112_other_peaker_1,1943.0,0,25800,.,.
p112_other_peaker_1,1954.0,0,25800,.,.
p112_other_peaker_1,1966.0,0,25800,.,.
p112_other_peaker_1,1971.0,0,25800,.,.
p112_other_peaker_1,1978.0,0,25800,.,.
p112_other_peaker_1,2008.0,0,25800,.,.
p112_other_peaker_1,2015.0,0,25800,.,.
p112_other_peaker_1,2017.0,0,25800,.,.
p112_petroleum_liquids_1,1948.0,0,25800,.,.
p112_petroleum_liquids_1,1949.0,0,25800,.,.
p112_petroleum_liquids_1,1957.0,0,25800,.,.
p112_petroleum_liquids_1,1965.0,0,25800,.,.
p112_petroleum_liquids_1,1966.0,0,25800,.,.
p112_petroleum_liquids_1,1968.0,0,25800,.,.
p112_petroleum_liquids_1,1971.0,0,25800,.,.
p112_petroleum_liquids_1,1983.0,0,25800,.,.
p112_petroleum_liquids_1,1992.0,0,25800,.,.
p112_petroleum_liquids_1,1998.0,0,25800,.,.
p112_petroleum_liquids_1,1999.0,0,25800,.,.
p112_petroleum_liquids_1,2000.0,0,25800,.,.
p112_petroleum_liquids_1,2001.0,0,25800,.,.
p112_petroleum_liquids_1,2006.0,0,25800,.,.
p112_petroleum_liquids_1,2008.0,0,25800,.,.
p112_petroleum_liquids_1,2016.0,0,25800,.,.
p112_petroleum_liquids_1,2019.0,0,25800,.,.
p112_petroleum_liquids_1,2020.0,0,25800,.,.
p112_small_hydroelectric_1,1982.0,0,57025,.,.
p112_small_hydroelectric_1,1983.0,0,57025,.,.
p112_small_hydroelectric_1,1986.0,0,57025,.,.
p112_small_hydroelectric_1,1987.0,0,57025,.,.
p112_small_hydroelectric_1,1988.0,0,57025,.,.
p112_small_hydroelectric_1,2004.0,0,57025,.,.
p112_solar_photovoltaic_1,2010.0,0,21608,.,.
p112_solar_photovoltaic_1,2011.0,0,21608,.,.
p112_solar_photovoltaic_1,2012.0,0,21608,.,.
p112_solar_photovoltaic_1,2015.0,0,21608,.,.
p112_solar_photovoltaic_1,2016.0,0,21608,.,.
p112_solar_photovoltaic_1,2017.0,0,21608,.,.
p112_solar_photovoltaic_1,2018.0,0,21608,.,.
p112_solar_photovoltaic_1,2019.0,0,21608,.,.
p112_solar_photovoltaic_1,2020.0,0,21608,.,.
p112_solar_photovoltaic_1,2021.0,0,21608,.,.
p112_solar_photovoltaic_1,2022.0,0,21608,.,.
p112_solar_photovoltaic_1,2023.0,0,21608,.,.
p112_solar_photovoltaic_1,2024.0,0,21608,.,.
p112_solar_photovoltaic_1,2025.0,0,21608,.,.
p112_solar_photovoltaic_1,2026.0,0,21608,.,.
p112_solar_photovoltaic_1,2027.0,0,21608,.,.
p113_natural_gas_fired_combustion_turbine_1,1968.0,0,11380,.,.
p113_natural_gas_fired_combustion_turbine_1,1969.0,0,11380,.,.
p113_natural_gas_fired_combustion_turbine_1,1970.0,0,11380,.,.
p113_natural_gas_fired_combustion_turbine_1,1995.0,0,11380,.,.
p113_natural_gas_fired_combustion_turbine_1,1996.0,0,11380,.,.
p113_natural_gas_fired_combustion_turbine_1,1998.0,0,11380,.,.
p113_natural_gas_fired_combustion_turbine_1,2002.0,0,11380,.,.
p113_petroleum_liquids_1,1967.0,0,25800,.,.
p113_petroleum_liquids_1,1968.0,0,25800,.,.
p113_petroleum_liquids_1,1972.0,0,25800,.,.
p113_petroleum_liquids_1,1989.0,0,25800,.,.
p113_solar_photovoltaic_1,2010.0,0,21608,.,.
p113_solar_photovoltaic_1,2012.0,0,21608,.,.
p113_solar_photovoltaic_1,2013.0,0,21608,.,.
p113_solar_photovoltaic_1,2018.0,0,21608,.,.
p113_solar_photovoltaic_1,2019.0,0,21608,.,.
p113_solar_photovoltaic_1,2023.0,0,21608,.,.
p113_solar_photovoltaic_1,2024.0,0,21608,.,.
p113_solar_photovoltaic_1,2025.0,0,21608,.,.
p114_batteries_1,1525.0,0,8671,0,0
p114_batteries_1,2015.0,0,8671,0,0
p114_biomass_1,2017.0,0,163666,.,.
p114_natural_gas_fired_combined_cycle_1,2004.0,0,19989,.,.
p114_natural_gas_fired_combined_cycle_2,2018.0,0,11863,.,.
p114_natural_gas_fired_combustion_turbine_1,1965.0,0,11301,.,.
p114_natural_gas_fired_combustion_turbine_1,1969.0,0,11301,.,.
p114_natural_gas_fired_combustion_turbine_1,1971.0,0,11301,.,.
p114_natural_gas_fired_combustion_turbine_1,1992.0,0,11301,.,.
p114_natural_gas_fired_combustion_turbine_1,1993.0,0,11301,.,.
p114_natural_gas_fired_combustion_turbine_1,2000.0,0,11301,.,.
p114_other_peaker_1,2011.0,0,25800,.,.
p114_petroleum_liquids_1,1971.0,0,25800,.,.
p114_petroleum_liquids_1,2004.0,0,25800,.,.
p114_petroleum_liquids_1,2006.0,0,25800,.,.
p114_petroleum_liquids_1,2022.0,0,25800,.,.
p114_small_hydroelectric_1,1994.0,0,57025,.,.
p114_solar_photovoltaic_1,2011.0,0,21608,.,.
p114_solar_photovoltaic_1,2021.0,0,21608,.,.
p114_solar_photovoltaic_1,2023.0,0,21608,.,.
p114_solar_photovoltaic_1,2024.0,0,21608,.,.
p115_biomass_1,2009.0,0,163666,.,.
p115_conventional_hydroelectric_1,1926.0,0,57025,.,.
p115_conventional_hydroelectric_1,1929.0,0,57025,.,.
p115_conventional_steam_coal_1,1967.0,0,75240.3333333333,.,.
p115_conventional_steam_coal_2,1968.0,0,75079,.,.
p115_natural_gas_fired_combined_cycle_1,2003.0,0,13571,.,.
p115_natural_gas_fired_combined_cycle_1,2018.0,0,13571,.,.
p115_natural_gas_fired_combined_cycle_1,2021.0,0,13571,.,.
p115_natural_gas_fired_combined_cycle_2,1973.0,0,19989,.,.
p115_natural_gas_fired_combined_cycle_2,1974.0,0,19989,.,.
p115_natural_gas_fired_combustion_turbine_1,1997.0,0,11894,.,.
p115_natural_gas_fired_combustion_turbine_1,1999.0,0,11894,.,.
p115_natural_gas_fired_combustion_turbine_1,2000.0,0,11894,.,.
p115_natural_gas_fired_combustion_turbine_1,2002.0,0,11894,.,.
p115_nuclear_1,1976.0,0,234257,.,.
p115_nuclear_1,1987.0,0,234257,.,.
p115_onshore_wind_turbine_1,2001.0,0,31648,.,.
p115_onshore_wind_turbine_1,2012.0,0,31648,.,.
p115_other_peaker_1,1943.0,0,25800,.,.
p115_other_peaker_1,1955.0,0,25800,.,.
p115_other_peaker_1,2002.0,0,25800,.,.
p115_other_peaker_1,2021.0,0,25800,.,.
p115_petroleum_liquids_1,1968.0,0,25800,.,.
p115_petroleum_liquids_1,1972.0,0,25800,.,.
p115_petroleum_liquids_1,1998.0,0,25800,.,.
p115_petroleum_liquids_1,2000.0,0,25800,.,.
p115_small_hydroelectric_1,1982.0,0,57025,.,.
p115_small_hydroelectric_1,1987.0,0,57025,.,.
p115_small_hydroelectric_1,1988.0,0,57025,.,.
p115_small_hydroelectric_1,1989.0,0,57025,.,.
p115_small_hydroelectric_1,1990.0,0,57025,.,.
p115_small_hydroelectric_1,2013.0,0,57025,.,.
p115_solar_photovoltaic_1,2012.0,0,21608,.,.
p115_solar_photovoltaic_1,2021.0,0,21608,.,.
p115_solar_photovoltaic_1,2023.0,0,21608,.,.
p115_solar_photovoltaic_1,2024.0,0,21608,.,.
p116_batteries_1,2011.0,0,8671,0,0
p116_batteries_1,2015.0,0,8671,0,0
p116_conventional_hydroelectric_1,1999.0,0,57025,.,.
p116_conventional_hydroelectric_1,2001.0,0,57025,.,.
p116_conventional_hydroelectric_1,2016.0,0,57025,.,.
p116_conventional_steam_coal_1,1965.0,0,74526,.,.
p116_conventional_steam_coal_1,1966.0,0,74526,.,.
p116_conventional_steam_coal_1,1967.0,0,74526,.,.
p116_conventional_steam_coal_1,1968.0,0,74526,.,.
p116_conventional_steam_coal_1,1971.0,0,74526,.,.
p116_conventional_steam_coal_1,1972.0,0,74526,.,.
p116_conventional_steam_coal_1,1973.0,0,74526,.,.
p116_conventional_steam_coal_1,1974.0,0,74526,.,.
p116_conventional_steam_coal_1,1979.0,0,74526,.,.
p116_conventional_steam_coal_1,1980.0,0,74526,.,.
p116_conventional_steam_coal_1,2011.0,0,74526,.,.
p116_conventional_steam_coal_2,1992.0,0,91288,.,.
p116_natural_gas_fired_combustion_turbine_1,2002.0,0,10888,.,.
p116_onshore_wind_turbine_1,2002.0,0,31648,.,.
p116_onshore_wind_turbine_1,2008.0,0,31648,.,.
p116_onshore_wind_turbine_1,2010.0,0,31648,.,.
p116_onshore_wind_turbine_1,2011.0,0,31648,.,.
p116_onshore_wind_turbine_1,2016.0,0,31648,.,.
p116_onshore_wind_turbine_1,2020.0,0,31648,.,.
p116_onshore_wind_turbine_1,2022.0,0,31648,.,.
p116_petroleum_liquids_1,1967.0,0,25800,.,.
p116_small_hydroelectric_1,1909.0,0,57025,.,.
p116_small_hydroelectric_1,1913.0,0,57025,.,.
p116_small_hydroelectric_1,1919.0,0,57025,.,.
p116_small_hydroelectric_1,1938.0,0,57025,.,.
p116_small_hydroelectric_1,1939.0,0,57025,.,.
p116_small_hydroelectric_1,1988.0,0,57025,.,.
p116_small_hydroelectric_1,1991.0,0,57025,.,.
p116_solar_photovoltaic_1,2024.0,0,21608,.,.
p116_solar_photovoltaic_1,2026.0,0,21608,.,.
p117_biomass_1,2017.0,0,163666,.,.
p117_conventional_hydroelectric_1,1912.0,0,57025,.,.
p117_conventional_hydroelectric_1,1917.0,0,57025,.,.
p117_conventional_hydroelectric_1,1936.0,0,57025,.,.
p117_conventional_steam_coal_1,1971.0,0,80484.6666666667,.,.
p117_conventional_steam_coal_1,1972.0,0,80484.6666666667,.,.
p117_conventional_steam_coal_1,1973.0,0,80484.6666666667,.,.
p117_conventional_steam_coal_2,1980.0,0,73144,.,.
p117_natural_gas_fired_combustion_turbine_1,2001.0,0,10888,.,.
p118_biomass_1,1965.0,0,163666,.,.
p118_biomass_1,2013.0,0,163666,.,.
p118_conventional_hydroelectric_1,1939.0,0,57025,.,.
p118_conventional_steam_coal_1,2012.0,0,75023,.,.
p118_natural_gas_fired_combustion_turbine_1,2001.0,0,13758,.,.
p118_natural_gas_fired_combustion_turbine_1,2002.0,0,13758,.,.
p118_other_peaker_1,1530.0,0,25800,.,.
p118_other_peaker_1,1942.0,0,25800,.,.
p118_other_peaker_1,1944.0,0,25800,.,.
p118_other_peaker_1,1966.0,0,25800,.,.
p118_other_peaker_1,1976.0,0,25800,.,.
p118_other_peaker_1,1990.0,0,25800,.,.
p118_other_peaker_1,2012.0,0,25800,.,.
p118_petroleum_liquids_1,1992.0,0,25800,.,.
p118_petroleum_liquids_1,2001.0,0,25800,.,.
p118_petroleum_liquids_1,2003.0,0,25800,.,.
p118_petroleum_liquids_1,2005.0,0,25800,.,.
p118_petroleum_liquids_1,2007.0,0,25800,.,.
p118_petroleum_liquids_1,2017.0,0,25800,.,.
p118_small_hydroelectric_1,1903.0,0,57025,.,.
p118_small_hydroelectric_1,1912.0,0,57025,.,.
p118_small_hydroelectric_1,1920.0,0,57025,.,.
p118_small_hydroelectric_1,1930.0,0,57025,.,.
p118_small_hydroelectric_1,1932.0,0,57025,.,.
p118_small_hydroelectric_1,1933.0,0,57025,.,.
p118_small_hydroelectric_1,1934.0,0,57025,.,.
p118_small_hydroelectric_1,1938.0,0,57025,.,.
p118_small_hydroelectric_1,1954.0,0,57025,.,.
p118_small_hydroelectric_1,1981.0,0,57025,.,.
p118_small_hydroelectric_1,1987.0,0,57025,.,.
p118_small_hydroelectric_1,2021.0,0,57025,.,.
p118_solar_photovoltaic_1,2017.0,0,21608,.,.
p118_solar_photovoltaic_1,2021.0,0,21608,.,.
p118_solar_photovoltaic_1,2022.0,0,21608,.,.
p118_solar_photovoltaic_1,2023.0,0,21608,.,.
p118_solar_photovoltaic_1,2025.0,0,21608,.,.
p119_biomass_1,1993.0,0,163666,.,.
p119_natural_gas_fired_combustion_turbine_1,2011.0,0,16032,.,.
p119_natural_gas_fired_combustion_turbine_1,2021.0,0,16032,.,.
p119_onshore_wind_turbine_1,2019.0,0,31648,.,.
p119_onshore_wind_turbine_1,2023.0,0,31648,.,.
p119_other_peaker_1,2017.0,0,25800,.,.
p119_other_peaker_1,2021.0,0,25800,.,.
p119_solar_photovoltaic_1,2018.0,0,21608,.,.
p119_solar_photovoltaic_1,2025.0,0,21608,.,.
p119_solar_photovoltaic_1,2026.0,0,21608,.,.
p12_batteries_1,2021.0,0,8671,0,0
p12_batteries_1,2022.0,0,8671,0,0
p12_batteries_1,2025.0,0,8671,0,0
p12_biomass_1,2012.0,0,163666,.,.
p12_conventional_steam_coal_1,2008.0,0,88708.3333333333,.,.
p12_conventional_steam_coal_2,1981.0,0,79689.3333333333,.,.
p12_conventional_steam_coal_2,1985.0,0,79689.3333333333,.,.
p12_geothermal_1,1992.0,0,253439,.,.
p12_geothermal_1,1998.0,0,253439,.,.
p12_geothermal_1,2002.0,0,253439,.,.
p12_geothermal_1,2005.0,0,253439,.,.
p12_geothermal_1,2006.0,0,253439,.,.
p12_geothermal_1,2007.0,0,253439,.,.
p12_geothermal_1,2009.0,0,253439,.,.
p12_geothermal_1,2010.0,0,253439,.,.
p12_geothermal_1,2012.0,0,253439,.,.
p12_geothermal_1,2013.0,0,253439,.,.
p12_geothermal_1,2014.0,0,253439,.,.
p12_geothermal_1,2015.0,0,253439,.,.
p12_geothermal_1,2017.0,0,253439,.,.
p12_geothermal_1,2018.0,0,253439,.,.
p12_geothermal_1,2019.0,0,253439,.,.
p12_geothermal_1,2020.0,0,253439,.,.
p12_geothermal_1,2021.0,0,253439,.,.
p12_geothermal_1,2022.0,0,253439,.,.
p12_geothermal_1,2023.0,0,253439,.,.
p12_geothermal_1,2024.0,0,253439,.,.
p12_natural_gas_fired_combined_cycle_1,1994.0,0,11863,.,.
p12_natural_gas_fired_combined_cycle_1,1996.0,0,11863,.,.
p12_natural_gas_fired_combined_cycle_1,2008.0,0,11863,.,.
p12_natural_gas_fired_combustion_turbine_1,1994.0,0,13025,.,.
p12_onshore_wind_turbine_1,2012.0,0,31648,.,.
p12_other_peaker_1,1528.0,0,25800,.,.
p12_other_peaker_1,1974.0,0,25800,.,.
p12_other_peaker_1,2005.0,0,25800,.,.
p12_small_hydroelectric_1,1904.0,0,57025,.,.
p12_small_hydroelectric_1,1911.0,0,57025,.,.
p12_small_hydroelectric_1,1914.0,0,57025,.,.
p12_small_hydroelectric_1,1989.0,0,57025,.,.
p12_solar_photovoltaic_1,2007.0,0,21608,.,.
p12_solar_photovoltaic_1,2012.0,0,21608,.,.
p12_solar_photovoltaic_1,2015.0,0,21608,.,.
p12_solar_photovoltaic_1,2017.0,0,21608,.,.
p12_solar_photovoltaic_1,2018.0,0,21608,.,.
p12_solar_photovoltaic_1,2019.0,0,21608,.,.
p12_solar_photovoltaic_1,2020.0,0,21608,.,.
p12_solar_photovoltaic_1,2021.0,0,21608,.,.
p12_solar_photovoltaic_1,2022.0,0,21608,.,.
p12_solar_photovoltaic_1,2023.0,0,21608,.,.
p12_solar_photovoltaic_1,2024.0,0,21608,.,.
p12_solar_photovoltaic_1,2025.0,0,21608,.,.
p12_solar_photovoltaic_1,2027.0,0,21608,.,.
p120_biomass_1,2003.0,0,163666,.,.
p120_biomass_1,2013.0,0,163666,.,.
p120_natural_gas_fired_combustion_turbine_1,2001.0,0,13025,.,.
p120_other_peaker_1,1967.0,0,25800,.,.
p120_other_peaker_1,2001.0,0,25800,.,.
p120_other_peaker_1,2003.0,0,25800,.,.
p120_solar_photovoltaic_1,2019.0,0,21608,.,.
p120_solar_photovoltaic_1,2020.0,0,21608,.,.
p120_solar_photovoltaic_1,2022.0,0,21608,.,.
p120_solar_photovoltaic_1,2023.0,0,21608,.,.
p120_solar_photovoltaic_1,2025.0,0,21608,.,.
p121_batteries_1,2024.0,0,8671,0,0
p121_onshore_wind_turbine_1,2010.0,0,31648,.,.
p121_onshore_wind_turbine_1,2011.0,0,31648,.,.
p121_onshore_wind_turbine_1,2014.0,0,31648,.,.
p121_onshore_wind_turbine_1,2015.0,0,31648,.,.
p121_onshore_wind_turbine_1,2025.0,0,31648,.,.
p121_solar_photovoltaic_1,2012.0,0,21608,.,.
p121_solar_photovoltaic_1,2013.0,0,21608,.,.
p121_solar_photovoltaic_1,2014.0,0,21608,.,.
p121_solar_photovoltaic_1,2015.0,0,21608,.,.
p121_solar_photovoltaic_1,2016.0,0,21608,.,.
p121_solar_photovoltaic_1,2017.0,0,21608,.,.
p121_solar_photovoltaic_1,2018.0,0,21608,.,.
p121_solar_photovoltaic_1,2019.0,0,21608,.,.
p121_solar_photovoltaic_1,2020.0,0,21608,.,.
p121_solar_photovoltaic_1,2021.0,0,21608,.,.
p121_solar_photovoltaic_1,2022.0,0,21608,.,.
p121_solar_photovoltaic_1,2023.0,0,21608,.,.
p121_solar_photovoltaic_1,2024.0,0,21608,.,.
p121_solar_photovoltaic_1,2025.0,0,21608,.,.
p122_batteries_1,2013.0,0,8671,0,0
p122_batteries_1,2015.0,0,8671,0,0
p122_batteries_1,2016.0,0,8671,0,0
p122_batteries_1,2021.0,0,8671,0,0
p122_biomass_1,1989.0,0,163666,.,.
p122_biomass_1,1990.0,0,163666,.,.
p122_biomass_1,1991.0,0,163666,.,.
p122_biomass_1,1994.0,0,163666,.,.
p122_biomass_1,1997.0,0,163666,.,.
p122_biomass_1,2001.0,0,163666,.,.
p122_biomass_1,2006.0,0,163666,.,.
p122_biomass_1,2007.0,0,163666,.,.
p122_biomass_1,2008.0,0,163666,.,.
p122_biomass_1,2009.0,0,163666,.,.
p122_biomass_1,2010.0,0,163666,.,.
p122_biomass_1,2011.0,0,163666,.,.
p122_biomass_1,2012.0,0,163666,.,.
p122_biomass_1,2013.0,0,163666,.,.
p122_biomass_1,2016.0,0,163666,.,.
p122_biomass_1,2024.0,0,163666,.,.
p122_conventional_hydroelectric_1,1910.0,0,57025,.,.
p122_conventional_hydroelectric_1,1911.0,0,57025,.,.
p122_conventional_hydroelectric_1,1913.0,0,57025,.,.
p122_conventional_hydroelectric_1,1914.0,0,57025,.,.
p122_conventional_hydroelectric_1,1924.0,0,57025,.,.
p122_conventional_hydroelectric_1,1926.0,0,57025,.,.
p122_conventional_hydroelectric_1,1928.0,0,57025,.,.
p122_conventional_hydroelectric_1,1931.0,0,57025,.,.
p122_conventional_hydroelectric_1,1932.0,0,57025,.,.
p122_conventional_hydroelectric_1,1933.0,0,57025,.,.
p122_conventional_hydroelectric_1,1934.0,0,57025,.,.
p122_conventional_hydroelectric_1,1940.0,0,57025,.,.
p122_conventional_hydroelectric_1,1985.0,0,57025,.,.
p122_conventional_hydroelectric_1,1986.0,0,57025,.,.
p122_conventional_hydroelectric_1,2011.0,0,57025,.,.
p122_conventional_hydroelectric_1,2013.0,0,57025,.,.
p122_conventional_steam_coal_1,1987.0,0,91304.6666666667,.,.
p122_conventional_steam_coal_1,1988.0,0,91304.6666666667,.,.
p122_conventional_steam_coal_1,1990.0,0,91304.6666666667,.,.
p122_conventional_steam_coal_1,1992.0,0,91304.6666666667,.,.
p122_conventional_steam_coal_1,1993.0,0,91304.6666666667,.,.
p122_conventional_steam_coal_1,1995.0,0,91304.6666666667,.,.
p122_conventional_steam_coal_2,1970.0,0,76720.3333333333,.,.
p122_conventional_steam_coal_2,1971.0,0,76720.3333333333,.,.
p122_conventional_steam_coal_2,1972.0,0,76720.3333333333,.,.
p122_conventional_steam_coal_2,1989.0,0,76720.3333333333,.,.
p122_conventional_steam_coal_2,2004.0,0,76720.3333333333,.,.
p122_hydroelectric_pumped_storage_1,1967.0,0,57025,0,0
p122_hydroelectric_pumped_storage_1,1968.0,0,57025,0,0
p122_hydroelectric_pumped_storage_1,1970.0,0,57025,0,0
p122_natural_gas_fired_combined_cycle_1,1991.0,0,13890,.,.
p122_natural_gas_fired_combined_cycle_1,1998.0,0,13890,.,.
p122_natural_gas_fired_combined_cycle_1,2001.0,0,13890,.,.
p122_natural_gas_fired_combined_cycle_1,2002.0,0,13890,.,.
p122_natural_gas_fired_combined_cycle_1,2003.0,0,13890,.,.
p122_natural_gas_fired_combined_cycle_1,2004.0,0,13890,.,.
p122_natural_gas_fired_combined_cycle_1,2011.0,0,13890,.,.
p122_natural_gas_fired_combined_cycle_1,2016.0,0,13890,.,.
p122_natural_gas_fired_combined_cycle_1,2018.0,0,13890,.,.
p122_natural_gas_fired_combined_cycle_1,2019.0,0,13890,.,.
p122_natural_gas_fired_combined_cycle_1,2020.0,0,13890,.,.
p122_natural_gas_fired_combined_cycle_2,1959.0,0,15460,.,.
p122_natural_gas_fired_combined_cycle_2,2002.0,0,15460,.,.
p122_natural_gas_fired_combined_cycle_2,2003.0,0,15460,.,.
p122_natural_gas_fired_combined_cycle_2,2011.0,0,15460,.,.
p122_natural_gas_fired_combustion_turbine_1,1971.0,0,13952,.,.
p122_natural_gas_fired_combustion_turbine_1,1972.0,0,13952,.,.
p122_natural_gas_fired_combustion_turbine_1,1985.0,0,13952,.,.
p122_natural_gas_fired_combustion_turbine_1,1989.0,0,13952,.,.
p122_natural_gas_fired_combustion_turbine_1,1997.0,0,13952,.,.
p122_natural_gas_fired_combustion_turbine_1,2000.0,0,13952,.,.
p122_natural_gas_fired_combustion_turbine_1,2001.0,0,13952,.,.
p122_natural_gas_fired_combustion_turbine_1,2002.0,0,13952,.,.
p122_natural_gas_fired_combustion_turbine_1,2013.0,0,13952,.,.
p122_natural_gas_fired_combustion_turbine_1,2014.0,0,13952,.,.
p122_natural_gas_fired_combustion_turbine_1,2015.0,0,13952,.,.
p122_nuclear_1,1974.0,0,234257,.,.
p122_nuclear_1,1983.0,0,234257,.,.
p122_nuclear_1,1985.0,0,234257,.,.
p122_nuclear_1,1986.0,0,234257,.,.
p122_nuclear_1,1990.0,0,234257,.,.
p122_onshore_wind_turbine_1,2001.0,0,31648,.,.
p122_onshore_wind_turbine_1,2003.0,0,31648,.,.
p122_onshore_wind_turbine_1,2006.0,0,31648,.,.
p122_onshore_wind_turbine_1,2007.0,0,31648,.,.
p122_onshore_wind_turbine_1,2008.0,0,31648,.,.
p122_onshore_wind_turbine_1,2009.0,0,31648,.,.
p122_onshore_wind_turbine_1,2011.0,0,31648,.,.
p122_onshore_wind_turbine_1,2012.0,0,31648,.,.
p122_onshore_wind_turbine_1,2016.0,0,31648,.,.
p122_onshore_wind_turbine_1,2026.0,0,31648,.,.
p122_other_peaker_1,1525.0,0,25800,.,.
p122_other_peaker_1,1948.0,0,25800,.,.
p122_other_peaker_1,1952.0,0,25800,.,.
p122_other_peaker_1,1954.0,0,25800,.,.
p122_other_peaker_1,1958.0,0,25800,.,.
p122_other_peaker_1,1959.0,0,25800,.,.
p122_other_peaker_1,1960.0,0,25800,.,.
p122_other_peaker_1,1961.0,0,25800,.,.
p122_other_peaker_1,1962.0,0,25800,.,.
p122_other_peaker_1,1964.0,0,25800,.,.
p122_other_peaker_1,1965.0,0,25800,.,.
p122_other_peaker_1,1969.0,0,25800,.,.
p122_other_peaker_1,1973.0,0,25800,.,.
p122_other_peaker_1,1975.0,0,25800,.,.
p122_other_peaker_1,1977.0,0,25800,.,.
p122_other_peaker_1,1984.0,0,25800,.,.
p122_other_peaker_1,1986.0,0,25800,.,.
p122_other_peaker_1,1988.0,0,25800,.,.
p122_other_peaker_1,1993.0,0,25800,.,.
p122_other_peaker_1,1997.0,0,25800,.,.
p122_other_peaker_1,2004.0,0,25800,.,.
p122_other_peaker_1,2011.0,0,25800,.,.
p122_other_peaker_1,2013.0,0,25800,.,.
p122_other_peaker_1,2015.0,0,25800,.,.
p122_other_peaker_1,2016.0,0,25800,.,.
p122_other_peaker_1,2017.0,0,25800,.,.
p122_other_peaker_1,2018.0,0,25800,.,.
p122_other_peaker_1,2019.0,0,25800,.,.
p122_other_peaker_1,2020.0,0,25800,.,.
p122_other_peaker_1,2021.0,0,25800,.,.
p122_other_peaker_1,2022.0,0,25800,.,.
p122_other_peaker_1,2024.0,0,25800,.,.
p122_other_peaker_1,2026.0,0,25800,.,.
p122_petroleum_liquids_1,1960.0,0,25800,.,.
p122_petroleum_liquids_1,1966.0,0,25800,.,.
p122_petroleum_liquids_1,1967.0,0,25800,.,.
p122_petroleum_liquids_1,1968.0,0,25800,.,.
p122_petroleum_liquids_1,1969.0,0,25800,.,.
p122_petroleum_liquids_1,1970.0,0,25800,.,.
p122_petroleum_liquids_1,1971.0,0,25800,.,.
p122_petroleum_liquids_1,1972.0,0,25800,.,.
p122_petroleum_liquids_1,1973.0,0,25800,.,.
p122_petroleum_liquids_1,1974.0,0,25800,.,.
p122_petroleum_liquids_1,1984.0,0,25800,.,.
p122_petroleum_liquids_1,1996.0,0,25800,.,.
p122_petroleum_liquids_1,1997.0,0,25800,.,.
p122_petroleum_liquids_1,2010.0,0,25800,.,.
p122_petroleum_liquids_1,2021.0,0,25800,.,.
p122_petroleum_liquids_1,2022.0,0,25800,.,.
p122_petroleum_liquids_1,2023.0,0,25800,.,.
p122_petroleum_liquids_1,2024.0,0,25800,.,.
p122_small_hydroelectric_1,1905.0,0,57025,.,.
p122_small_hydroelectric_1,1970.0,0,57025,.,.
p122_small_hydroelectric_1,1985.0,0,57025,.,.
p122_small_hydroelectric_1,1988.0,0,57025,.,.
p122_small_hydroelectric_1,1989.0,0,57025,.,.
p122_solar_photovoltaic_1,2008.0,0,21608,.,.
p122_solar_photovoltaic_1,2009.0,0,21608,.,.
p122_solar_photovoltaic_1,2010.0,0,21608,.,.
p122_solar_photovoltaic_1,2011.0,0,21608,.,.
p122_solar_photovoltaic_1,2012.0,0,21608,.,.
p122_solar_photovoltaic_1,2013.0,0,21608,.,.
p122_solar_photovoltaic_1,2016.0,0,21608,.,.
p122_solar_photovoltaic_1,2018.0,0,21608,.,.
p122_solar_photovoltaic_1,2019.0,0,21608,.,.
p122_solar_photovoltaic_1,2020.0,0,21608,.,.
p122_solar_photovoltaic_1,2021.0,0,21608,.,.
p122_solar_photovoltaic_1,2023.0,0,21608,.,.
p122_solar_photovoltaic_1,2024.0,0,21608,.,.
p122_solar_photovoltaic_1,2025.0,0,21608,.,.
p122_solar_photovoltaic_1,2026.0,0,21608,.,.
p122_solar_photovoltaic_1,2027.0,0,21608,.,.
p123_batteries_1,2021.0,0,8671,0,0
p123_batteries_1,2022.0,0,8671,0,0
p123_batteries_1,2024.0,0,8671,0,0
p123_biomass_1,1984.0,0,163666,.,.
p123_biomass_1,1987.0,0,163666,.,.
p123_biomass_1,1995.0,0,163666,.,.
p123_biomass_1,2001.0,0,163666,.,.
p123_biomass_1,2003.0,0,163666,.,.
p123_biomass_1,2006.0,0,163666,.,.
p123_biomass_1,2007.0,0,163666,.,.
p123_biomass_1,2012.0,0,163666,.,.
p123_biomass_1,2015.0,0,163666,.,.
p123_biomass_1,2022.0,0,163666,.,.
p123_conventional_hydroelectric_1,1928.0,0,57025,.,.
p123_conventional_hydroelectric_1,1964.0,0,57025,.,.
p123_conventional_steam_coal_1,1530.0,0,72499,.,.
p123_conventional_steam_coal_2,1530.0,0,71370.3333333333,.,.
p123_natural_gas_fired_combined_cycle_1,2014.0,0,14232,.,.
p123_natural_gas_fired_combined_cycle_1,2017.0,0,14232,.,.
p123_natural_gas_fired_combined_cycle_1,2018.0,0,14232,.,.
p123_natural_gas_fired_combined_cycle_2,1996.0,0,19989,.,.
p123_natural_gas_fired_combustion_turbine_1,1991.0,0,11119,.,.
p123_natural_gas_fired_combustion_turbine_1,1992.0,0,11119,.,.
p123_natural_gas_fired_combustion_turbine_1,1995.0,0,11119,.,.
p123_natural_gas_fired_combustion_turbine_1,2003.0,0,11119,.,.
p123_natural_gas_fired_combustion_turbine_1,2004.0,0,11119,.,.
p123_natural_gas_fired_combustion_turbine_1,2008.0,0,11119,.,.
p123_natural_gas_fired_combustion_turbine_1,2009.0,0,11119,.,.
p123_natural_gas_fired_combustion_turbine_1,2010.0,0,11119,.,.
p123_natural_gas_fired_combustion_turbine_1,2015.0,0,11119,.,.
p123_natural_gas_fired_combustion_turbine_1,2016.0,0,11119,.,.
p123_natural_gas_fired_combustion_turbine_1,2018.0,0,11119,.,.
p123_natural_gas_fired_combustion_turbine_1,2022.0,0,11119,.,.
p123_natural_gas_fired_combustion_turbine_1,2025.0,0,11119,.,.
p123_nuclear_1,1975.0,0,234257,.,.
p123_nuclear_1,1977.0,0,234257,.,.
p123_other_peaker_1,1955.0,0,25800,.,.
p123_other_peaker_1,1959.0,0,25800,.,.
p123_other_peaker_1,1975.0,0,25800,.,.
p123_other_peaker_1,1981.0,0,25800,.,.
p123_other_peaker_1,1987.0,0,25800,.,.
p123_other_peaker_1,2001.0,0,25800,.,.
p123_other_peaker_1,2003.0,0,25800,.,.
p123_other_peaker_1,2004.0,0,25800,.,.
p123_other_peaker_1,2020.0,0,25800,.,.
p123_other_peaker_1,2023.0,0,25800,.,.
p123_other_peaker_1,2024.0,0,25800,.,.
p123_petroleum_liquids_1,1529.0,0,25800,.,.
p123_petroleum_liquids_1,1954.0,0,25800,.,.
p123_petroleum_liquids_1,1961.0,0,25800,.,.
p123_petroleum_liquids_1,1966.0,0,25800,.,.
p123_petroleum_liquids_1,1967.0,0,25800,.,.
p123_petroleum_liquids_1,1968.0,0,25800,.,.
p123_petroleum_liquids_1,1969.0,0,25800,.,.
p123_petroleum_liquids_1,1970.0,0,25800,.,.
p123_petroleum_liquids_1,1972.0,0,25800,.,.
p123_petroleum_liquids_1,1973.0,0,25800,.,.
p123_petroleum_liquids_1,1974.0,0,25800,.,.
p123_petroleum_liquids_1,1978.0,0,25800,.,.
p123_petroleum_liquids_1,1988.0,0,25800,.,.
p123_petroleum_liquids_1,1989.0,0,25800,.,.
p123_petroleum_liquids_1,1990.0,0,25800,.,.
p123_petroleum_liquids_1,1995.0,0,25800,.,.
p123_petroleum_liquids_1,2003.0,0,25800,.,.
p123_petroleum_liquids_1,2004.0,0,25800,.,.
p123_petroleum_liquids_1,2014.0,0,25800,.,.
p123_petroleum_liquids_1,2021.0,0,25800,.,.
p123_solar_photovoltaic_1,2010.0,0,21608,.,.
p123_solar_photovoltaic_1,2011.0,0,21608,.,.
p123_solar_photovoltaic_1,2012.0,0,21608,.,.
p123_solar_photovoltaic_1,2013.0,0,21608,.,.
p123_solar_photovoltaic_1,2014.0,0,21608,.,.
p123_solar_photovoltaic_1,2015.0,0,21608,.,.
p123_solar_photovoltaic_1,2016.0,0,21608,.,.
p123_solar_photovoltaic_1,2017.0,0,21608,.,.
p123_solar_photovoltaic_1,2018.0,0,21608,.,.
p123_solar_photovoltaic_1,2019.0,0,21608,.,.
p123_solar_photovoltaic_1,2020.0,0,21608,.,.
p123_solar_photovoltaic_1,2021.0,0,21608,.,.
p123_solar_photovoltaic_1,2022.0,0,21608,.,.
p123_solar_photovoltaic_1,2023.0,0,21608,.,.
p123_solar_photovoltaic_1,2024.0,0,21608,.,.
p123_solar_photovoltaic_1,2025.0,0,21608,.,.
p123_solar_photovoltaic_1,2026.0,0,21608,.,.
p124_petroleum_liquids_1,1963.0,0,25800,.,.
p124_petroleum_liquids_1,1972.0,0,25800,.,.
p124_petroleum_liquids_1,1993.0,0,25800,.,.
p124_petroleum_liquids_1,2000.0,0,25800,.,.
p124_petroleum_liquids_1,2001.0,0,25800,.,.
p124_petroleum_liquids_1,2002.0,0,25800,.,.
p124_solar_photovoltaic_1,2016.0,0,21608,.,.
p124_solar_photovoltaic_1,2017.0,0,21608,.,.
p124_solar_photovoltaic_1,2020.0,0,21608,.,.
p125_biomass_1,2006.0,0,163666,.,.
p125_biomass_1,2010.0,0,163666,.,.
p125_biomass_1,2013.0,0,163666,.,.
p125_biomass_1,2014.0,0,163666,.,.
p125_biomass_1,2021.0,0,163666,.,.
p125_natural_gas_fired_combined_cycle_1,1985.0,0,19989,.,.
p125_natural_gas_fired_combined_cycle_1,2001.0,0,19989,.,.
p125_natural_gas_fired_combined_cycle_1,2015.0,0,19989,.,.
p125_natural_gas_fired_combined_cycle_2,1989.0,0,14947,.,.
p125_natural_gas_fired_combined_cycle_2,1991.0,0,14947,.,.
p125_natural_gas_fired_combined_cycle_2,1993.0,0,14947,.,.
p125_natural_gas_fired_combined_cycle_2,2001.0,0,14947,.,.
p125_natural_gas_fired_combined_cycle_2,2002.0,0,14947,.,.
p125_natural_gas_fired_combustion_turbine_1,1991.0,0,14735,.,.
p125_natural_gas_fired_combustion_turbine_1,2000.0,0,14735,.,.
p125_natural_gas_fired_combustion_turbine_1,2001.0,0,14735,.,.
p125_natural_gas_fired_combustion_turbine_1,2002.0,0,14735,.,.
p125_natural_gas_fired_combustion_turbine_1,2012.0,0,14735,.,.
p125_onshore_wind_turbine_1,2010.0,0,31648,.,.
p125_other_peaker_1,1954.0,0,25800,.,.
p125_other_peaker_1,1956.0,0,25800,.,.
p125_other_peaker_1,1961.0,0,25800,.,.
p125_other_peaker_1,1966.0,0,25800,.,.
p125_other_peaker_1,1973.0,0,25800,.,.
p125_other_peaker_1,1982.0,0,25800,.,.
p125_other_peaker_1,2012.0,0,25800,.,.
p125_other_peaker_1,2013.0,0,25800,.,.
p125_other_peaker_1,2019.0,0,25800,.,.
p125_petroleum_liquids_1,1526.0,0,25800,.,.
p125_petroleum_liquids_1,1963.0,0,25800,.,.
p125_petroleum_liquids_1,1964.0,0,25800,.,.
p125_petroleum_liquids_1,1968.0,0,25800,.,.
p125_petroleum_liquids_1,1973.0,0,25800,.,.
p125_solar_photovoltaic_1,2011.0,0,21608,.,.
p125_solar_photovoltaic_1,2012.0,0,21608,.,.
p125_solar_photovoltaic_1,2013.0,0,21608,.,.
p125_solar_photovoltaic_1,2015.0,0,21608,.,.
p125_solar_photovoltaic_1,2017.0,0,21608,.,.
p125_solar_photovoltaic_1,2018.0,0,21608,.,.
p125_solar_photovoltaic_1,2019.0,0,21608,.,.
p125_solar_photovoltaic_1,2021.0,0,21608,.,.
p125_solar_photovoltaic_1,2022.0,0,21608,.,.
p125_solar_photovoltaic_1,2024.0,0,21608,.,.
p125_solar_photovoltaic_1,2025.0,0,21608,.,.
p125_solar_photovoltaic_1,2026.0,0,21608,.,.
p125_solar_photovoltaic_1,2027.0,0,21608,.,.
p126_batteries_1,2015.0,0,8671,0,0
p126_batteries_1,2016.0,0,8671,0,0
p126_batteries_1,2018.0,0,8671,0,0
p126_batteries_1,2019.0,0,8671,0,0
p126_batteries_1,2023.0,0,8671,0,0
p126_batteries_1,2024.0,0,8671,0,0
p126_biomass_1,1961.0,0,163666,.,.
p126_biomass_1,1988.0,0,163666,.,.
p126_biomass_1,1990.0,0,163666,.,.
p126_biomass_1,1991.0,0,163666,.,.
p126_biomass_1,1994.0,0,163666,.,.
p126_biomass_1,1997.0,0,163666,.,.
p126_biomass_1,2001.0,0,163666,.,.
p126_biomass_1,2004.0,0,163666,.,.
p126_biomass_1,2006.0,0,163666,.,.
p126_biomass_1,2008.0,0,163666,.,.
p126_biomass_1,2011.0,0,163666,.,.
p126_biomass_1,2013.0,0,163666,.,.
p126_hydroelectric_pumped_storage_1,1965.0,0,57025,0,0
p126_natural_gas_fired_combined_cycle_1,1959.0,0,17645,.,.
p126_natural_gas_fired_combined_cycle_1,1974.0,0,17645,.,.
p126_natural_gas_fired_combined_cycle_1,1977.0,0,17645,.,.
p126_natural_gas_fired_combined_cycle_1,1989.0,0,17645,.,.
p126_natural_gas_fired_combined_cycle_1,1990.0,0,17645,.,.
p126_natural_gas_fired_combined_cycle_1,1991.0,0,17645,.,.
p126_natural_gas_fired_combined_cycle_1,1993.0,0,17645,.,.
p126_natural_gas_fired_combined_cycle_1,1994.0,0,17645,.,.
p126_natural_gas_fired_combined_cycle_1,1995.0,0,17645,.,.
p126_natural_gas_fired_combined_cycle_1,2002.0,0,17645,.,.
p126_natural_gas_fired_combined_cycle_1,2016.0,0,17645,.,.
p126_natural_gas_fired_combined_cycle_2,1984.0,0,12554,.,.
p126_natural_gas_fired_combined_cycle_2,1989.0,0,12554,.,.
p126_natural_gas_fired_combined_cycle_2,1992.0,0,12554,.,.
p126_natural_gas_fired_combined_cycle_2,2002.0,0,12554,.,.
p126_natural_gas_fired_combined_cycle_2,2006.0,0,12554,.,.
p126_natural_gas_fired_combined_cycle_2,2014.0,0,12554,.,.
p126_natural_gas_fired_combined_cycle_2,2015.0,0,12554,.,.
p126_natural_gas_fired_combined_cycle_2,2018.0,0,12554,.,.
p126_natural_gas_fired_combustion_turbine_1,1989.0,0,12113,.,.
p126_natural_gas_fired_combustion_turbine_1,1990.0,0,12113,.,.
p126_natural_gas_fired_combustion_turbine_1,1991.0,0,12113,.,.
p126_natural_gas_fired_combustion_turbine_1,1992.0,0,12113,.,.
p126_natural_gas_fired_combustion_turbine_1,1995.0,0,12113,.,.
p126_natural_gas_fired_combustion_turbine_1,1996.0,0,12113,.,.
p126_natural_gas_fired_combustion_turbine_1,2000.0,0,12113,.,.
p126_natural_gas_fired_combustion_turbine_1,2001.0,0,12113,.,.
p126_natural_gas_fired_combustion_turbine_1,2002.0,0,12113,.,.
p126_natural_gas_fired_combustion_turbine_1,2003.0,0,12113,.,.
p126_natural_gas_fired_combustion_turbine_1,2004.0,0,12113,.,.
p126_natural_gas_fired_combustion_turbine_1,2009.0,0,12113,.,.
p126_natural_gas_fired_combustion_turbine_1,2010.0,0,12113,.,.
p126_natural_gas_fired_combustion_turbine_1,2012.0,0,12113,.,.
p126_natural_gas_fired_combustion_turbine_1,2013.0,0,12113,.,.
p126_natural_gas_fired_combustion_turbine_1,2015.0,0,12113,.,.
p126_natural_gas_fired_combustion_turbine_1,2018.0,0,12113,.,.
p126_natural_gas_fired_combustion_turbine_1,2021.0,0,12113,.,.
p126_nuclear_1,1977.0,0,267911,.,.
p126_nuclear_1,1981.0,0,267911,.,.
p126_nuclear_1,1986.0,0,267911,.,.
p126_onshore_wind_turbine_1,2006.0,0,31648,.,.
p126_other_peaker_1,1982.0,0,25800,.,.
p126_other_peaker_1,1983.0,0,25800,.,.
p126_other_peaker_1,1991.0,0,25800,.,.
p126_other_peaker_1,1996.0,0,25800,.,.
p126_other_peaker_1,1999.0,0,25800,.,.
p126_other_peaker_1,2003.0,0,25800,.,.
p126_other_peaker_1,2004.0,0,25800,.,.
p126_other_peaker_1,2015.0,0,25800,.,.
p126_other_peaker_1,2017.0,0,25800,.,.
p126_other_peaker_1,2018.0,0,25800,.,.
p126_other_peaker_1,2019.0,0,25800,.,.
p126_other_peaker_1,2021.0,0,25800,.,.
p126_other_peaker_1,2022.0,0,25800,.,.
p126_other_peaker_1,2025.0,0,25800,.,.
p126_petroleum_liquids_1,1971.0,0,25800,.,.
p126_petroleum_liquids_1,1991.0,0,25800,.,.
p126_petroleum_liquids_1,2001.0,0,25800,.,.
p126_petroleum_liquids_1,2002.0,0,25800,.,.
p126_petroleum_liquids_1,2011.0,0,25800,.,.
p126_petroleum_liquids_1,2012.0,0,25800,.,.
p126_petroleum_liquids_1,2018.0,0,25800,.,.
p126_small_hydroelectric_1,1985.0,0,57025,.,.
p126_solar_photovoltaic_1,1526.0,0,21608,.,.
p126_solar_photovoltaic_1,1527.0,0,21608,.,.
p126_solar_photovoltaic_1,1528.0,0,21608,.,.
p126_solar_photovoltaic_1,1531.0,0,21608,.,.
p126_solar_photovoltaic_1,2005.0,0,21608,.,.
p126_solar_photovoltaic_1,2006.0,0,21608,.,.
p126_solar_photovoltaic_1,2007.0,0,21608,.,.
p126_solar_photovoltaic_1,2008.0,0,21608,.,.
p126_solar_photovoltaic_1,2009.0,0,21608,.,.
p126_solar_photovoltaic_1,2010.0,0,21608,.,.
p126_solar_photovoltaic_1,2011.0,0,21608,.,.
p126_solar_photovoltaic_1,2012.0,0,21608,.,.
p126_solar_photovoltaic_1,2013.0,0,21608,.,.
p126_solar_photovoltaic_1,2014.0,0,21608,.,.
p126_solar_photovoltaic_1,2015.0,0,21608,.,.
p126_solar_photovoltaic_1,2016.0,0,21608,.,.
p126_solar_photovoltaic_1,2017.0,0,21608,.,.
p126_solar_photovoltaic_1,2018.0,0,21608,.,.
p126_solar_photovoltaic_1,2019.0,0,21608,.,.
p126_solar_photovoltaic_1,2020.0,0,21608,.,.
p126_solar_photovoltaic_1,2021.0,0,21608,.,.
p126_solar_photovoltaic_1,2022.0,0,21608,.,.
p126_solar_photovoltaic_1,2023.0,0,21608,.,.
p126_solar_photovoltaic_1,2024.0,0,21608,.,.
p126_solar_photovoltaic_1,2025.0,0,21608,.,.
p126_solar_photovoltaic_1,2026.0,0,21608,.,.
p126_waste_heat_1,1967.0,0,163666,.,.
p127_batteries_1,1535.0,0,8671,0,0
p127_batteries_1,2011.0,0,8671,0,0
p127_batteries_1,2018.0,0,8671,0,0
p127_batteries_1,2019.0,0,8671,0,0
p127_batteries_1,2020.0,0,8671,0,0
p127_batteries_1,2021.0,0,8671,0,0
p127_batteries_1,2022.0,0,8671,0,0
p127_batteries_1,2023.0,0,8671,0,0
p127_batteries_1,2024.0,0,8671,0,0
p127_batteries_1,2025.0,0,8671,0,0
p127_batteries_1,2026.0,0,8671,0,0
p127_batteries_1,2027.0,0,8671,0,0
p127_biomass_1,1526.0,0,163666,.,.
p127_biomass_1,1980.0,0,163666,.,.
p127_biomass_1,1984.0,0,163666,.,.
p127_biomass_1,1986.0,0,163666,.,.
p127_biomass_1,1987.0,0,163666,.,.
p127_biomass_1,1991.0,0,163666,.,.
p127_biomass_1,1994.0,0,163666,.,.
p127_biomass_1,1996.0,0,163666,.,.
p127_biomass_1,1998.0,0,163666,.,.
p127_biomass_1,2001.0,0,163666,.,.
p127_biomass_1,2003.0,0,163666,.,.
p127_biomass_1,2005.0,0,163666,.,.
p127_biomass_1,2006.0,0,163666,.,.
p127_biomass_1,2007.0,0,163666,.,.
p127_biomass_1,2008.0,0,163666,.,.
p127_biomass_1,2009.0,0,163666,.,.
p127_biomass_1,2010.0,0,163666,.,.
p127_biomass_1,2011.0,0,163666,.,.
p127_biomass_1,2012.0,0,163666,.,.
p127_biomass_1,2013.0,0,163666,.,.
p127_biomass_1,2016.0,0,163666,.,.
p127_biomass_1,2039.0,0,163666,.,.
p127_conventional_hydroelectric_1,1915.0,0,57025,.,.
p127_conventional_hydroelectric_1,1918.0,0,57025,.,.
p127_conventional_hydroelectric_1,1922.0,0,57025,.,.
p127_conventional_hydroelectric_1,1923.0,0,57025,.,.
p127_conventional_hydroelectric_1,1924.0,0,57025,.,.
p127_conventional_hydroelectric_1,1928.0,0,57025,.,.
p127_conventional_hydroelectric_1,1930.0,0,57025,.,.
p127_conventional_hydroelectric_1,1944.0,0,57025,.,.
p127_conventional_hydroelectric_1,1952.0,0,57025,.,.
p127_conventional_hydroelectric_1,1957.0,0,57025,.,.
p127_conventional_hydroelectric_1,1958.0,0,57025,.,.
p127_conventional_hydroelectric_1,1959.0,0,57025,.,.
p127_conventional_hydroelectric_1,1961.0,0,57025,.,.
p127_conventional_hydroelectric_1,1962.0,0,57025,.,.
p127_conventional_hydroelectric_1,1965.0,0,57025,.,.
p127_conventional_hydroelectric_1,1980.0,0,57025,.,.
p127_conventional_hydroelectric_1,1981.0,0,57025,.,.
p127_conventional_hydroelectric_1,1985.0,0,57025,.,.
p127_conventional_hydroelectric_1,1986.0,0,57025,.,.
p127_conventional_hydroelectric_1,1995.0,0,57025,.,.
p127_conventional_hydroelectric_1,1999.0,0,57025,.,.
p127_conventional_hydroelectric_1,2009.0,0,57025,.,.
p127_conventional_hydroelectric_1,2013.0,0,57025,.,.
p127_hydroelectric_pumped_storage_1,1961.0,0,57025,0,0
p127_hydroelectric_pumped_storage_1,1962.0,0,57025,0,0
p127_hydroelectric_pumped_storage_1,1973.0,0,57025,0,0
p127_natural_gas_fired_combined_cycle_1,1988.0,0,19989,.,.
p127_natural_gas_fired_combined_cycle_1,1989.0,0,19989,.,.
p127_natural_gas_fired_combined_cycle_1,1990.0,0,19989,.,.
p127_natural_gas_fired_combined_cycle_1,1991.0,0,19989,.,.
p127_natural_gas_fired_combined_cycle_1,1992.0,0,19989,.,.
p127_natural_gas_fired_combined_cycle_1,1993.0,0,19989,.,.
p127_natural_gas_fired_combined_cycle_1,1994.0,0,19989,.,.
p127_natural_gas_fired_combined_cycle_1,1995.0,0,19989,.,.
p127_natural_gas_fired_combined_cycle_1,1996.0,0,19989,.,.
p127_natural_gas_fired_combined_cycle_1,1997.0,0,19989,.,.
p127_natural_gas_fired_combined_cycle_1,1998.0,0,19989,.,.
p127_natural_gas_fired_combined_cycle_1,2003.0,0,19989,.,.
p127_natural_gas_fired_combined_cycle_1,2009.0,0,19989,.,.
p127_natural_gas_fired_combined_cycle_1,2010.0,0,19989,.,.
p127_natural_gas_fired_combined_cycle_1,2011.0,0,19989,.,.
p127_natural_gas_fired_combined_cycle_2,1992.0,0,13136,.,.
p127_natural_gas_fired_combined_cycle_2,1994.0,0,13136,.,.
p127_natural_gas_fired_combined_cycle_2,2003.0,0,13136,.,.
p127_natural_gas_fired_combined_cycle_2,2004.0,0,13136,.,.
p127_natural_gas_fired_combined_cycle_2,2005.0,0,13136,.,.
p127_natural_gas_fired_combined_cycle_2,2006.0,0,13136,.,.
p127_natural_gas_fired_combined_cycle_2,2010.0,0,13136,.,.
p127_natural_gas_fired_combined_cycle_2,2011.0,0,13136,.,.
p127_natural_gas_fired_combined_cycle_2,2018.0,0,13136,.,.
p127_natural_gas_fired_combined_cycle_2,2020.0,0,13136,.,.
p127_natural_gas_fired_combustion_turbine_1,1530.0,0,12933,.,.
p127_natural_gas_fired_combustion_turbine_1,1967.0,0,12933,.,.
p127_natural_gas_fired_combustion_turbine_1,1969.0,0,12933,.,.
p127_natural_gas_fired_combustion_turbine_1,1970.0,0,12933,.,.
p127_natural_gas_fired_combustion_turbine_1,1971.0,0,12933,.,.
p127_natural_gas_fired_combustion_turbine_1,1972.0,0,12933,.,.
p127_natural_gas_fired_combustion_turbine_1,1986.0,0,12933,.,.
p127_natural_gas_fired_combustion_turbine_1,2001.0,0,12933,.,.
p127_natural_gas_fired_combustion_turbine_1,2002.0,0,12933,.,.
p127_natural_gas_fired_combustion_turbine_1,2003.0,0,12933,.,.
p127_natural_gas_fired_combustion_turbine_1,2005.0,0,12933,.,.
p127_natural_gas_fired_combustion_turbine_1,2009.0,0,12933,.,.
p127_natural_gas_fired_combustion_turbine_1,2010.0,0,12933,.,.
p127_natural_gas_fired_combustion_turbine_1,2015.0,0,12933,.,.
p127_natural_gas_fired_combustion_turbine_1,2016.0,0,12933,.,.
p127_natural_gas_fired_combustion_turbine_1,2024.0,0,12933,.,.
p127_natural_gas_fired_combustion_turbine_1,2025.0,0,12933,.,.
p127_nuclear_1,1969.0,0,312369,.,.
p127_nuclear_1,1970.0,0,312369,.,.
p127_nuclear_1,1976.0,0,312369,.,.
p127_nuclear_1,1987.0,0,312369,.,.
p127_onshore_wind_turbine_1,1543.0,0,31648,.,.
p127_onshore_wind_turbine_1,2000.0,0,31648,.,.
p127_onshore_wind_turbine_1,2001.0,0,31648,.,.
p127_onshore_wind_turbine_1,2005.0,0,31648,.,.
p127_onshore_wind_turbine_1,2006.0,0,31648,.,.
p127_onshore_wind_turbine_1,2007.0,0,31648,.,.
p127_onshore_wind_turbine_1,2008.0,0,31648,.,.
p127_onshore_wind_turbine_1,2009.0,0,31648,.,.
p127_onshore_wind_turbine_1,2011.0,0,31648,.,.
p127_onshore_wind_turbine_1,2012.0,0,31648,.,.
p127_onshore_wind_turbine_1,2013.0,0,31648,.,.
p127_onshore_wind_turbine_1,2014.0,0,31648,.,.
p127_onshore_wind_turbine_1,2016.0,0,31648,.,.
p127_onshore_wind_turbine_1,2017.0,0,31648,.,.
p127_onshore_wind_turbine_1,2018.0,0,31648,.,.
p127_onshore_wind_turbine_1,2021.0,0,31648,.,.
p127_onshore_wind_turbine_1,2023.0,0,31648,.,.
p127_onshore_wind_turbine_1,2025.0,0,31648,.,.
p127_onshore_wind_turbine_1,2026.0,0,31648,.,.
p127_onshore_wind_turbine_1,2027.0,0,31648,.,.
p127_other_peaker_1,1951.0,0,25800,.,.
p127_other_peaker_1,1953.0,0,25800,.,.
p127_other_peaker_1,1954.0,0,25800,.,.
p127_other_peaker_1,1955.0,0,25800,.,.
p127_other_peaker_1,1958.0,0,25800,.,.
p127_other_peaker_1,1959.0,0,25800,.,.
p127_other_peaker_1,1962.0,0,25800,.,.
p127_other_peaker_1,1963.0,0,25800,.,.
p127_other_peaker_1,1964.0,0,25800,.,.
p127_other_peaker_1,1965.0,0,25800,.,.
p127_other_peaker_1,1967.0,0,25800,.,.
p127_other_peaker_1,1968.0,0,25800,.,.
p127_other_peaker_1,1969.0,0,25800,.,.
p127_other_peaker_1,1970.0,0,25800,.,.
p127_other_peaker_1,1971.0,0,25800,.,.
p127_other_peaker_1,1972.0,0,25800,.,.
p127_other_peaker_1,1974.0,0,25800,.,.
p127_other_peaker_1,1987.0,0,25800,.,.
p127_other_peaker_1,1991.0,0,25800,.,.
p127_other_peaker_1,1995.0,0,25800,.,.
p127_other_peaker_1,1996.0,0,25800,.,.
p127_other_peaker_1,2000.0,0,25800,.,.
p127_other_peaker_1,2002.0,0,25800,.,.
p127_other_peaker_1,2004.0,0,25800,.,.
p127_other_peaker_1,2005.0,0,25800,.,.
p127_other_peaker_1,2007.0,0,25800,.,.
p127_other_peaker_1,2009.0,0,25800,.,.
p127_other_peaker_1,2010.0,0,25800,.,.
p127_other_peaker_1,2012.0,0,25800,.,.
p127_other_peaker_1,2015.0,0,25800,.,.
p127_other_peaker_1,2017.0,0,25800,.,.
p127_other_peaker_1,2018.0,0,25800,.,.
p127_other_peaker_1,2020.0,0,25800,.,.
p127_other_peaker_1,2022.0,0,25800,.,.
p127_other_peaker_1,2025.0,0,25800,.,.
p127_petroleum_liquids_1,1960.0,0,25800,.,.
p127_petroleum_liquids_1,1964.0,0,25800,.,.
p127_petroleum_liquids_1,1967.0,0,25800,.,.
p127_petroleum_liquids_1,1968.0,0,25800,.,.
p127_petroleum_liquids_1,1970.0,0,25800,.,.
p127_petroleum_liquids_1,1971.0,0,25800,.,.
p127_petroleum_liquids_1,1972.0,0,25800,.,.
p127_petroleum_liquids_1,1974.0,0,25800,.,.
p127_petroleum_liquids_1,1975.0,0,25800,.,.
p127_petroleum_liquids_1,1976.0,0,25800,.,.
p127_petroleum_liquids_1,1977.0,0,25800,.,.
p127_petroleum_liquids_1,1978.0,0,25800,.,.
p127_petroleum_liquids_1,1979.0,0,25800,.,.
p127_petroleum_liquids_1,1980.0,0,25800,.,.
p127_petroleum_liquids_1,1983.0,0,25800,.,.
p127_petroleum_liquids_1,1985.0,0,25800,.,.
p127_petroleum_liquids_1,1986.0,0,25800,.,.
p127_petroleum_liquids_1,1988.0,0,25800,.,.
p127_petroleum_liquids_1,1990.0,0,25800,.,.
p127_petroleum_liquids_1,1991.0,0,25800,.,.
p127_petroleum_liquids_1,1992.0,0,25800,.,.
p127_petroleum_liquids_1,1993.0,0,25800,.,.
p127_petroleum_liquids_1,1994.0,0,25800,.,.
p127_petroleum_liquids_1,1995.0,0,25800,.,.
p127_petroleum_liquids_1,1996.0,0,25800,.,.
p127_petroleum_liquids_1,1997.0,0,25800,.,.
p127_petroleum_liquids_1,1998.0,0,25800,.,.
p127_petroleum_liquids_1,1999.0,0,25800,.,.
p127_petroleum_liquids_1,2000.0,0,25800,.,.
p127_petroleum_liquids_1,2001.0,0,25800,.,.
p127_petroleum_liquids_1,2002.0,0,25800,.,.
p127_petroleum_liquids_1,2003.0,0,25800,.,.
p127_petroleum_liquids_1,2004.0,0,25800,.,.
p127_petroleum_liquids_1,2005.0,0,25800,.,.
p127_petroleum_liquids_1,2006.0,0,25800,.,.
p127_petroleum_liquids_1,2007.0,0,25800,.,.
p127_petroleum_liquids_1,2008.0,0,25800,.,.
p127_petroleum_liquids_1,2009.0,0,25800,.,.
p127_petroleum_liquids_1,2010.0,0,25800,.,.
p127_petroleum_liquids_1,2011.0,0,25800,.,.
p127_petroleum_liquids_1,2012.0,0,25800,.,.
p127_petroleum_liquids_1,2013.0,0,25800,.,.
p127_petroleum_liquids_1,2014.0,0,25800,.,.
p127_petroleum_liquids_1,2015.0,0,25800,.,.
p127_petroleum_liquids_1,2016.0,0,25800,.,.
p127_petroleum_liquids_1,2017.0,0,25800,.,.
p127_petroleum_liquids_1,2018.0,0,25800,.,.
p127_petroleum_liquids_1,2019.0,0,25800,.,.
p127_petroleum_liquids_1,2020.0,0,25800,.,.
p127_petroleum_liquids_1,2021.0,0,25800,.,.
p127_petroleum_liquids_1,2022.0,0,25800,.,.
p127_petroleum_liquids_1,2023.0,0,25800,.,.
p127_petroleum_liquids_1,2024.0,0,25800,.,.
p127_petroleum_liquids_1,2025.0,0,25800,.,.
p127_small_hydroelectric_1,1527.0,0,57025,.,.
p127_small_hydroelectric_1,1902.0,0,57025,.,.
p127_small_hydroelectric_1,1903.0,0,57025,.,.
p127_small_hydroelectric_1,1907.0,0,57025,.,.
p127_small_hydroelectric_1,1908.0,0,57025,.,.
p127_small_hydroelectric_1,1909.0,0,57025,.,.
p127_small_hydroelectric_1,1910.0,0,57025,.,.
p127_small_hydroelectric_1,1911.0,0,57025,.,.
p127_small_hydroelectric_1,1912.0,0,57025,.,.
p127_small_hydroelectric_1,1913.0,0,57025,.,.
p127_small_hydroelectric_1,1914.0,0,57025,.,.
p127_small_hydroelectric_1,1915.0,0,57025,.,.
p127_small_hydroelectric_1,1916.0,0,57025,.,.
p127_small_hydroelectric_1,1917.0,0,57025,.,.
p127_small_hydroelectric_1,1918.0,0,57025,.,.
p127_small_hydroelectric_1,1919.0,0,57025,.,.
p127_small_hydroelectric_1,1920.0,0,57025,.,.
p127_small_hydroelectric_1,1921.0,0,57025,.,.
p127_small_hydroelectric_1,1922.0,0,57025,.,.
p127_small_hydroelectric_1,1923.0,0,57025,.,.
p127_small_hydroelectric_1,1924.0,0,57025,.,.
p127_small_hydroelectric_1,1925.0,0,57025,.,.
p127_small_hydroelectric_1,1926.0,0,57025,.,.
p127_small_hydroelectric_1,1927.0,0,57025,.,.
p127_small_hydroelectric_1,1928.0,0,57025,.,.
p127_small_hydroelectric_1,1929.0,0,57025,.,.
p127_small_hydroelectric_1,1930.0,0,57025,.,.
p127_small_hydroelectric_1,1931.0,0,57025,.,.
p127_small_hydroelectric_1,1932.0,0,57025,.,.
p127_small_hydroelectric_1,1939.0,0,57025,.,.
p127_small_hydroelectric_1,1940.0,0,57025,.,.
p127_small_hydroelectric_1,1942.0,0,57025,.,.
p127_small_hydroelectric_1,1943.0,0,57025,.,.
p127_small_hydroelectric_1,1944.0,0,57025,.,.
p127_small_hydroelectric_1,1948.0,0,57025,.,.
p127_small_hydroelectric_1,1949.0,0,57025,.,.
p127_small_hydroelectric_1,1950.0,0,57025,.,.
p127_small_hydroelectric_1,1952.0,0,57025,.,.
p127_small_hydroelectric_1,1953.0,0,57025,.,.
p127_small_hydroelectric_1,1954.0,0,57025,.,.
p127_small_hydroelectric_1,1955.0,0,57025,.,.
p127_small_hydroelectric_1,1956.0,0,57025,.,.
p127_small_hydroelectric_1,1957.0,0,57025,.,.
p127_small_hydroelectric_1,1958.0,0,57025,.,.
p127_small_hydroelectric_1,1959.0,0,57025,.,.
p127_small_hydroelectric_1,1963.0,0,57025,.,.
p127_small_hydroelectric_1,1966.0,0,57025,.,.
p127_small_hydroelectric_1,1971.0,0,57025,.,.
p127_small_hydroelectric_1,1974.0,0,57025,.,.
p127_small_hydroelectric_1,1979.0,0,57025,.,.
p127_small_hydroelectric_1,1980.0,0,57025,.,.
p127_small_hydroelectric_1,1982.0,0,57025,.,.
p127_small_hydroelectric_1,1983.0,0,57025,.,.
p127_small_hydroelectric_1,1984.0,0,57025,.,.
p127_small_hydroelectric_1,1985.0,0,57025,.,.
p127_small_hydroelectric_1,1986.0,0,57025,.,.
p127_small_hydroelectric_1,1987.0,0,57025,.,.
p127_small_hydroelectric_1,1988.0,0,57025,.,.
p127_small_hydroelectric_1,1989.0,0,57025,.,.
p127_small_hydroelectric_1,1990.0,0,57025,.,.
p127_small_hydroelectric_1,1991.0,0,57025,.,.
p127_small_hydroelectric_1,1992.0,0,57025,.,.
p127_small_hydroelectric_1,1993.0,0,57025,.,.
p127_small_hydroelectric_1,1994.0,0,57025,.,.
p127_small_hydroelectric_1,2002.0,0,57025,.,.
p127_small_hydroelectric_1,2003.0,0,57025,.,.
p127_small_hydroelectric_1,2008.0,0,57025,.,.
p127_small_hydroelectric_1,2011.0,0,57025,.,.
p127_small_hydroelectric_1,2012.0,0,57025,.,.
p127_small_hydroelectric_1,2013.0,0,57025,.,.
p127_small_hydroelectric_1,2019.0,0,57025,.,.
p127_solar_photovoltaic_1,1554.0,0,21608,.,.
p127_solar_photovoltaic_1,1557.0,0,21608,.,.
p127_solar_photovoltaic_1,2013.0,0,21608,.,.
p127_solar_photovoltaic_1,2014.0,0,21608,.,.
p127_solar_photovoltaic_1,2015.0,0,21608,.,.
p127_solar_photovoltaic_1,2016.0,0,21608,.,.
p127_solar_photovoltaic_1,2017.0,0,21608,.,.
p127_solar_photovoltaic_1,2018.0,0,21608,.,.
p127_solar_photovoltaic_1,2019.0,0,21608,.,.
p127_solar_photovoltaic_1,2020.0,0,21608,.,.
p127_solar_photovoltaic_1,2021.0,0,21608,.,.
p127_solar_photovoltaic_1,2022.0,0,21608,.,.
p127_solar_photovoltaic_1,2023.0,0,21608,.,.
p127_solar_photovoltaic_1,2024.0,0,21608,.,.
p127_solar_photovoltaic_1,2025.0,0,21608,.,.
p127_solar_photovoltaic_1,2026.0,0,21608,.,.
p127_solar_photovoltaic_1,2029.0,0,21608,.,.
p128_batteries_1,2018.0,0,8671,0,0
p128_batteries_1,2019.0,0,8671,0,0
p128_batteries_1,2025.0,0,8671,0,0
p128_biomass_1,1989.0,0,163666,.,.
p128_biomass_1,1990.0,0,163666,.,.
p128_biomass_1,1991.0,0,163666,.,.
p128_biomass_1,2025.0,0,163666,.,.
p128_natural_gas_fired_combined_cycle_1,1989.0,0,19989,.,.
p128_natural_gas_fired_combined_cycle_1,1994.0,0,19989,.,.
p128_natural_gas_fired_combined_cycle_1,2005.0,0,19989,.,.
p128_natural_gas_fired_combined_cycle_1,2009.0,0,19989,.,.
p128_natural_gas_fired_combined_cycle_2,2005.0,0,19989,.,.
p128_natural_gas_fired_combustion_turbine_1,1970.0,0,14038,.,.
p128_natural_gas_fired_combustion_turbine_1,1971.0,0,14038,.,.
p128_natural_gas_fired_combustion_turbine_1,1995.0,0,14038,.,.
p128_natural_gas_fired_combustion_turbine_1,2001.0,0,14038,.,.
p128_natural_gas_fired_combustion_turbine_1,2002.0,0,14038,.,.
p128_natural_gas_fired_combustion_turbine_1,2004.0,0,14038,.,.
p128_offshore_wind_turbine_1,2024.0,0,85265,.,.
p128_offshore_wind_turbine_1,2027.0,0,85265,.,.
p128_other_peaker_1,1954.0,0,25800,.,.
p128_other_peaker_1,1956.0,0,25800,.,.
p128_other_peaker_1,1958.0,0,25800,.,.
p128_other_peaker_1,1960.0,0,25800,.,.
p128_other_peaker_1,1962.0,0,25800,.,.
p128_other_peaker_1,1963.0,0,25800,.,.
p128_other_peaker_1,1967.0,0,25800,.,.
p128_other_peaker_1,1968.0,0,25800,.,.
p128_other_peaker_1,1972.0,0,25800,.,.
p128_other_peaker_1,1974.0,0,25800,.,.
p128_other_peaker_1,1977.0,0,25800,.,.
p128_other_peaker_1,1994.0,0,25800,.,.
p128_other_peaker_1,2004.0,0,25800,.,.
p128_other_peaker_1,2008.0,0,25800,.,.
p128_other_peaker_1,2017.0,0,25800,.,.
p128_other_peaker_1,2020.0,0,25800,.,.
p128_other_peaker_1,2021.0,0,25800,.,.
p128_petroleum_liquids_1,1949.0,0,25800,.,.
p128_petroleum_liquids_1,1954.0,0,25800,.,.
p128_petroleum_liquids_1,1957.0,0,25800,.,.
p128_petroleum_liquids_1,1962.0,0,25800,.,.
p128_petroleum_liquids_1,1963.0,0,25800,.,.
p128_petroleum_liquids_1,1964.0,0,25800,.,.
p128_petroleum_liquids_1,1965.0,0,25800,.,.
p128_petroleum_liquids_1,1966.0,0,25800,.,.
p128_petroleum_liquids_1,1967.0,0,25800,.,.
p128_petroleum_liquids_1,1970.0,0,25800,.,.
p128_petroleum_liquids_1,1971.0,0,25800,.,.
p128_petroleum_liquids_1,1972.0,0,25800,.,.
p128_petroleum_liquids_1,1973.0,0,25800,.,.
p128_petroleum_liquids_1,1974.0,0,25800,.,.
p128_petroleum_liquids_1,1975.0,0,25800,.,.
p128_petroleum_liquids_1,1989.0,0,25800,.,.
p128_petroleum_liquids_1,1997.0,0,25800,.,.
p128_petroleum_liquids_1,2001.0,0,25800,.,.
p128_petroleum_liquids_1,2002.0,0,25800,.,.
p128_petroleum_liquids_1,2003.0,0,25800,.,.
p128_petroleum_liquids_1,2004.0,0,25800,.,.
p128_petroleum_liquids_1,2005.0,0,25800,.,.
p128_petroleum_liquids_1,2010.0,0,25800,.,.
p128_petroleum_liquids_1,2020.0,0,25800,.,.
p128_petroleum_liquids_1,2028.0,0,25800,.,.
p128_solar_photovoltaic_1,2011.0,0,21608,.,.
p128_solar_photovoltaic_1,2012.0,0,21608,.,.
p128_solar_photovoltaic_1,2015.0,0,21608,.,.
p128_solar_photovoltaic_1,2016.0,0,21608,.,.
p128_solar_photovoltaic_1,2017.0,0,21608,.,.
p128_solar_photovoltaic_1,2018.0,0,21608,.,.
p128_solar_photovoltaic_1,2019.0,0,21608,.,.
p128_solar_photovoltaic_1,2022.0,0,21608,.,.
p128_solar_photovoltaic_1,2025.0,0,21608,.,.
p129_batteries_1,2015.0,0,8671,0,0
p129_batteries_1,2018.0,0,8671,0,0
p129_batteries_1,2019.0,0,8671,0,0
p129_batteries_1,2023.0,0,8671,0,0
p129_biomass_1,1984.0,0,163666,.,.
p129_biomass_1,1992.0,0,163666,.,.
p129_biomass_1,1999.0,0,163666,.,.
p129_biomass_1,2005.0,0,163666,.,.
p129_biomass_1,2007.0,0,163666,.,.
p129_biomass_1,2009.0,0,163666,.,.
p129_conventional_hydroelectric_1,1909.0,0,57025,.,.
p129_conventional_hydroelectric_1,1921.0,0,57025,.,.
p129_conventional_hydroelectric_1,1924.0,0,57025,.,.
p129_conventional_hydroelectric_1,1928.0,0,57025,.,.
p129_conventional_hydroelectric_1,1950.0,0,57025,.,.
p129_conventional_hydroelectric_1,1987.0,0,57025,.,.
p129_conventional_hydroelectric_1,2008.0,0,57025,.,.
p129_onshore_wind_turbine_1,1997.0,0,31648,.,.
p129_onshore_wind_turbine_1,2011.0,0,31648,.,.
p129_onshore_wind_turbine_1,2012.0,0,31648,.,.
p129_onshore_wind_turbine_1,2017.0,0,31648,.,.
p129_petroleum_liquids_1,1961.0,0,25800,.,.
p129_petroleum_liquids_1,1965.0,0,25800,.,.
p129_petroleum_liquids_1,1971.0,0,25800,.,.
p129_petroleum_liquids_1,1972.0,0,25800,.,.
p129_petroleum_liquids_1,2007.0,0,25800,.,.
p129_petroleum_liquids_1,2010.0,0,25800,.,.
p129_small_hydroelectric_1,1905.0,0,57025,.,.
p129_small_hydroelectric_1,1907.0,0,57025,.,.
p129_small_hydroelectric_1,1912.0,0,57025,.,.
p129_small_hydroelectric_1,1913.0,0,57025,.,.
p129_small_hydroelectric_1,1914.0,0,57025,.,.
p129_small_hydroelectric_1,1915.0,0,57025,.,.
p129_small_hydroelectric_1,1917.0,0,57025,.,.
p129_small_hydroelectric_1,1919.0,0,57025,.,.
p129_small_hydroelectric_1,1920.0,0,57025,.,.
p129_small_hydroelectric_1,1922.0,0,57025,.,.
p129_small_hydroelectric_1,1923.0,0,57025,.,.
p129_small_hydroelectric_1,1924.0,0,57025,.,.
p129_small_hydroelectric_1,1927.0,0,57025,.,.
p129_small_hydroelectric_1,1928.0,0,57025,.,.
p129_small_hydroelectric_1,1929.0,0,57025,.,.
p129_small_hydroelectric_1,1930.0,0,57025,.,.
p129_small_hydroelectric_1,1931.0,0,57025,.,.
p129_small_hydroelectric_1,1936.0,0,57025,.,.
p129_small_hydroelectric_1,1937.0,0,57025,.,.
p129_small_hydroelectric_1,1940.0,0,57025,.,.
p129_small_hydroelectric_1,1941.0,0,57025,.,.
p129_small_hydroelectric_1,1943.0,0,57025,.,.
p129_small_hydroelectric_1,1944.0,0,57025,.,.
p129_small_hydroelectric_1,1947.0,0,57025,.,.
p129_small_hydroelectric_1,1948.0,0,57025,.,.
p129_small_hydroelectric_1,1951.0,0,57025,.,.
p129_small_hydroelectric_1,1953.0,0,57025,.,.
p129_small_hydroelectric_1,1954.0,0,57025,.,.
p129_small_hydroelectric_1,1966.0,0,57025,.,.
p129_small_hydroelectric_1,1979.0,0,57025,.,.
p129_small_hydroelectric_1,1982.0,0,57025,.,.
p129_small_hydroelectric_1,1983.0,0,57025,.,.
p129_small_hydroelectric_1,1984.0,0,57025,.,.
p129_small_hydroelectric_1,1985.0,0,57025,.,.
p129_small_hydroelectric_1,1986.0,0,57025,.,.
p129_small_hydroelectric_1,1987.0,0,57025,.,.
p129_small_hydroelectric_1,1988.0,0,57025,.,.
p129_small_hydroelectric_1,1989.0,0,57025,.,.
p129_small_hydroelectric_1,1990.0,0,57025,.,.
p129_small_hydroelectric_1,1993.0,0,57025,.,.
p129_small_hydroelectric_1,2008.0,0,57025,.,.
p129_small_hydroelectric_1,2012.0,0,57025,.,.
p129_small_hydroelectric_1,2016.0,0,57025,.,.
p129_solar_photovoltaic_1,2011.0,0,21608,.,.
p129_solar_photovoltaic_1,2012.0,0,21608,.,.
p129_solar_photovoltaic_1,2013.0,0,21608,.,.
p129_solar_photovoltaic_1,2014.0,0,21608,.,.
p129_solar_photovoltaic_1,2015.0,0,21608,.,.
p129_solar_photovoltaic_1,2016.0,0,21608,.,.
p129_solar_photovoltaic_1,2017.0,0,21608,.,.
p129_solar_photovoltaic_1,2018.0,0,21608,.,.
p129_solar_photovoltaic_1,2019.0,0,21608,.,.
p129_solar_photovoltaic_1,2020.0,0,21608,.,.
p129_solar_photovoltaic_1,2021.0,0,21608,.,.
p129_solar_photovoltaic_1,2022.0,0,21608,.,.
p129_solar_photovoltaic_1,2023.0,0,21608,.,.
p129_solar_photovoltaic_1,2025.0,0,21608,.,.
p13_batteries_1,2021.0,0,8671,0,0
p13_batteries_1,2023.0,0,8671,0,0
p13_batteries_1,2024.0,0,8671,0,0
p13_batteries_1,2025.0,0,8671,0,0
p13_biomass_1,2012.0,0,163666,.,.
p13_conventional_hydroelectric_1,1936.0,0,57025,.,.
p13_conventional_hydroelectric_1,1937.0,0,57025,.,.
p13_conventional_hydroelectric_1,1938.0,0,57025,.,.
p13_conventional_hydroelectric_1,1944.0,0,57025,.,.
p13_conventional_hydroelectric_1,1961.0,0,57025,.,.
p13_natural_gas_fired_combined_cycle_1,1530.0,0,19989,.,.
p13_natural_gas_fired_combined_cycle_1,1532.0,0,19989,.,.
p13_natural_gas_fired_combined_cycle_1,1992.0,0,19989,.,.
p13_natural_gas_fired_combined_cycle_1,1994.0,0,19989,.,.
p13_natural_gas_fired_combined_cycle_1,2003.0,0,19989,.,.
p13_natural_gas_fired_combined_cycle_2,1979.0,0,12806,.,.
p13_natural_gas_fired_combined_cycle_2,1980.0,0,12806,.,.
p13_natural_gas_fired_combined_cycle_2,1982.0,0,12806,.,.
p13_natural_gas_fired_combined_cycle_2,1993.0,0,12806,.,.
p13_natural_gas_fired_combined_cycle_2,1994.0,0,12806,.,.
p13_natural_gas_fired_combined_cycle_2,2003.0,0,12806,.,.
p13_natural_gas_fired_combined_cycle_2,2004.0,0,12806,.,.
p13_natural_gas_fired_combined_cycle_2,2006.0,0,12806,.,.
p13_natural_gas_fired_combined_cycle_2,2011.0,0,12806,.,.
p13_natural_gas_fired_combustion_turbine_1,1973.0,0,11424,.,.
p13_natural_gas_fired_combustion_turbine_1,1991.0,0,11424,.,.
p13_natural_gas_fired_combustion_turbine_1,1995.0,0,11424,.,.
p13_natural_gas_fired_combustion_turbine_1,2006.0,0,11424,.,.
p13_natural_gas_fired_combustion_turbine_1,2008.0,0,11424,.,.
p13_natural_gas_fired_combustion_turbine_1,2009.0,0,11424,.,.
p13_natural_gas_fired_combustion_turbine_1,2024.0,0,11424,.,.
p13_solar_photovoltaic_1,2007.0,0,21608,.,.
p13_solar_photovoltaic_1,2008.0,0,21608,.,.
p13_solar_photovoltaic_1,2010.0,0,21608,.,.
p13_solar_photovoltaic_1,2012.0,0,21608,.,.
p13_solar_photovoltaic_1,2013.0,0,21608,.,.
p13_solar_photovoltaic_1,2014.0,0,21608,.,.
p13_solar_photovoltaic_1,2015.0,0,21608,.,.
p13_solar_photovoltaic_1,2016.0,0,21608,.,.
p13_solar_photovoltaic_1,2017.0,0,21608,.,.
p13_solar_photovoltaic_1,2018.0,0,21608,.,.
p13_solar_photovoltaic_1,2019.0,0,21608,.,.
p13_solar_photovoltaic_1,2020.0,0,21608,.,.
p13_solar_photovoltaic_1,2021.0,0,21608,.,.
p13_solar_photovoltaic_1,2023.0,0,21608,.,.
p13_solar_photovoltaic_1,2024.0,0,21608,.,.
p13_solar_photovoltaic_1,2025.0,0,21608,.,.
p13_solar_photovoltaic_1,2026.0,0,21608,.,.
p13_waste_heat_1,2010.0,0,163666,.,.
p130_batteries_1,2023.0,0,8671,0,0
p130_biomass_1,1986.0,0,163666,.,.
p130_biomass_1,1987.0,0,163666,.,.
p130_biomass_1,1988.0,0,163666,.,.
p130_biomass_1,1989.0,0,163666,.,.
p130_biomass_1,1992.0,0,163666,.,.
p130_biomass_1,1993.0,0,163666,.,.
p130_biomass_1,1996.0,0,163666,.,.
p130_biomass_1,1997.0,0,163666,.,.
p130_biomass_1,2006.0,0,163666,.,.
p130_biomass_1,2013.0,0,163666,.,.
p130_biomass_1,2016.0,0,163666,.,.
p130_conventional_hydroelectric_1,1914.0,0,57025,.,.
p130_conventional_hydroelectric_1,1916.0,0,57025,.,.
p130_conventional_hydroelectric_1,1918.0,0,57025,.,.
p130_conventional_hydroelectric_1,1920.0,0,57025,.,.
p130_conventional_hydroelectric_1,1921.0,0,57025,.,.
p130_conventional_hydroelectric_1,1924.0,0,57025,.,.
p130_conventional_hydroelectric_1,1929.0,0,57025,.,.
p130_conventional_hydroelectric_1,1930.0,0,57025,.,.
p130_conventional_hydroelectric_1,1957.0,0,57025,.,.
p130_conventional_hydroelectric_1,1980.0,0,57025,.,.
p130_conventional_hydroelectric_1,2023.0,0,57025,.,.
p130_conventional_steam_coal_1,1960.0,0,96448,.,.
p130_conventional_steam_coal_2,1968.0,0,95158,.,.
p130_natural_gas_fired_combined_cycle_1,2003.0,0,11863,.,.
p130_natural_gas_fired_combined_cycle_2,2002.0,0,11863,.,.
p130_natural_gas_fired_combustion_turbine_1,2000.0,0,16032,.,.
p130_nuclear_1,1990.0,0,333518,.,.
p130_onshore_wind_turbine_1,2008.0,0,31648,.,.
p130_onshore_wind_turbine_1,2012.0,0,31648,.,.
p130_onshore_wind_turbine_1,2016.0,0,31648,.,.
p130_onshore_wind_turbine_1,2019.0,0,31648,.,.
p130_other_peaker_1,1974.0,0,25800,.,.
p130_petroleum_liquids_1,1968.0,0,25800,.,.
p130_petroleum_liquids_1,1969.0,0,25800,.,.
p130_petroleum_liquids_1,1970.0,0,25800,.,.
p130_petroleum_liquids_1,1990.0,0,25800,.,.
p130_petroleum_liquids_1,1992.0,0,25800,.,.
p130_petroleum_liquids_1,1994.0,0,25800,.,.
p130_petroleum_liquids_1,2000.0,0,25800,.,.
p130_small_hydroelectric_1,1914.0,0,57025,.,.
p130_small_hydroelectric_1,1917.0,0,57025,.,.
p130_small_hydroelectric_1,1922.0,0,57025,.,.
p130_small_hydroelectric_1,1923.0,0,57025,.,.
p130_small_hydroelectric_1,1924.0,0,57025,.,.
p130_small_hydroelectric_1,1925.0,0,57025,.,.
p130_small_hydroelectric_1,1926.0,0,57025,.,.
p130_small_hydroelectric_1,1927.0,0,57025,.,.
p130_small_hydroelectric_1,1937.0,0,57025,.,.
p130_small_hydroelectric_1,1948.0,0,57025,.,.
p130_small_hydroelectric_1,1981.0,0,57025,.,.
p130_small_hydroelectric_1,1983.0,0,57025,.,.
p130_small_hydroelectric_1,1984.0,0,57025,.,.
p130_small_hydroelectric_1,1985.0,0,57025,.,.
p130_small_hydroelectric_1,1986.0,0,57025,.,.
p130_small_hydroelectric_1,1987.0,0,57025,.,.
p130_small_hydroelectric_1,1988.0,0,57025,.,.
p130_small_hydroelectric_1,1989.0,0,57025,.,.
p130_small_hydroelectric_1,1990.0,0,57025,.,.
p130_small_hydroelectric_1,1995.0,0,57025,.,.
p130_solar_photovoltaic_1,2019.0,0,21608,.,.
p131_batteries_1,2017.0,0,8671,0,0
p131_batteries_1,2018.0,0,8671,0,0
p131_batteries_1,2019.0,0,8671,0,0
p131_batteries_1,2020.0,0,8671,0,0
p131_batteries_1,2021.0,0,8671,0,0
p131_batteries_1,2022.0,0,8671,0,0
p131_batteries_1,2023.0,0,8671,0,0
p131_batteries_1,2024.0,0,8671,0,0
p131_batteries_1,2025.0,0,8671,0,0
p131_biomass_1,1985.0,0,163666,.,.
p131_biomass_1,1987.0,0,163666,.,.
p131_biomass_1,1988.0,0,163666,.,.
p131_biomass_1,1989.0,0,163666,.,.
p131_biomass_1,1992.0,0,163666,.,.
p131_biomass_1,1993.0,0,163666,.,.
p131_biomass_1,1997.0,0,163666,.,.
p131_biomass_1,1998.0,0,163666,.,.
p131_biomass_1,2001.0,0,163666,.,.
p131_biomass_1,2004.0,0,163666,.,.
p131_biomass_1,2005.0,0,163666,.,.
p131_biomass_1,2007.0,0,163666,.,.
p131_biomass_1,2009.0,0,163666,.,.
p131_biomass_1,2010.0,0,163666,.,.
p131_biomass_1,2011.0,0,163666,.,.
p131_conventional_hydroelectric_1,1915.0,0,57025,.,.
p131_conventional_hydroelectric_1,1916.0,0,57025,.,.
p131_conventional_hydroelectric_1,1917.0,0,57025,.,.
p131_conventional_hydroelectric_1,1930.0,0,57025,.,.
p131_conventional_hydroelectric_1,1952.0,0,57025,.,.
p131_conventional_hydroelectric_1,1983.0,0,57025,.,.
p131_conventional_hydroelectric_1,2001.0,0,57025,.,.
p131_hydroelectric_pumped_storage_1,1972.0,0,57025,0,0
p131_hydroelectric_pumped_storage_1,1973.0,0,57025,0,0
p131_hydroelectric_pumped_storage_1,1974.0,0,57025,0,0
p131_natural_gas_fired_combined_cycle_1,1958.0,0,19989,.,.
p131_natural_gas_fired_combined_cycle_1,1975.0,0,19989,.,.
p131_natural_gas_fired_combined_cycle_1,1976.0,0,19989,.,.
p131_natural_gas_fired_combined_cycle_1,1990.0,0,19989,.,.
p131_natural_gas_fired_combined_cycle_1,1991.0,0,19989,.,.
p131_natural_gas_fired_combined_cycle_1,1992.0,0,19989,.,.
p131_natural_gas_fired_combined_cycle_1,1993.0,0,19989,.,.
p131_natural_gas_fired_combined_cycle_1,1999.0,0,19989,.,.
p131_natural_gas_fired_combined_cycle_1,2001.0,0,19989,.,.
p131_natural_gas_fired_combined_cycle_1,2002.0,0,19989,.,.
p131_natural_gas_fired_combined_cycle_2,2001.0,0,13034,.,.
p131_natural_gas_fired_combined_cycle_2,2002.0,0,13034,.,.
p131_natural_gas_fired_combined_cycle_2,2003.0,0,13034,.,.
p131_natural_gas_fired_combined_cycle_2,2018.0,0,13034,.,.
p131_natural_gas_fired_combustion_turbine_1,1530.0,0,14371,.,.
p131_natural_gas_fired_combustion_turbine_1,1990.0,0,14371,.,.
p131_natural_gas_fired_combustion_turbine_1,2003.0,0,14371,.,.
p131_natural_gas_fired_combustion_turbine_1,2006.0,0,14371,.,.
p131_natural_gas_fired_combustion_turbine_1,2007.0,0,14371,.,.
p131_natural_gas_fired_combustion_turbine_1,2008.0,0,14371,.,.
p131_natural_gas_fired_combustion_turbine_1,2009.0,0,14371,.,.
p131_natural_gas_fired_combustion_turbine_1,2011.0,0,14371,.,.
p131_natural_gas_fired_combustion_turbine_1,2013.0,0,14371,.,.
p131_natural_gas_fired_combustion_turbine_1,2015.0,0,14371,.,.
p131_natural_gas_fired_combustion_turbine_1,2017.0,0,14371,.,.
p131_natural_gas_fired_combustion_turbine_1,2019.0,0,14371,.,.
p131_natural_gas_fired_combustion_turbine_1,2021.0,0,14371,.,.
p131_natural_gas_fired_combustion_turbine_1,2022.0,0,14371,.,.
p131_natural_gas_fired_combustion_turbine_1,2024.0,0,14371,.,.
p131_offshore_wind_turbine_1,2025.0,0,85265,.,.
p131_offshore_wind_turbine_1,2026.0,0,85265,.,.
p131_offshore_wind_turbine_1,2027.0,0,85265,.,.
p131_onshore_wind_turbine_1,1535.0,0,31648,.,.
p131_onshore_wind_turbine_1,2006.0,0,31648,.,.
p131_onshore_wind_turbine_1,2007.0,0,31648,.,.
p131_onshore_wind_turbine_1,2009.0,0,31648,.,.
p131_onshore_wind_turbine_1,2010.0,0,31648,.,.
p131_onshore_wind_turbine_1,2011.0,0,31648,.,.
p131_onshore_wind_turbine_1,2012.0,0,31648,.,.
p131_onshore_wind_turbine_1,2013.0,0,31648,.,.
p131_onshore_wind_turbine_1,2014.0,0,31648,.,.
p131_onshore_wind_turbine_1,2016.0,0,31648,.,.
p131_onshore_wind_turbine_1,2018.0,0,31648,.,.
p131_onshore_wind_turbine_1,2019.0,0,31648,.,.
p131_other_peaker_1,1530.0,0,25800,.,.
p131_other_peaker_1,1951.0,0,25800,.,.
p131_other_peaker_1,1954.0,0,25800,.,.
p131_other_peaker_1,1956.0,0,25800,.,.
p131_other_peaker_1,1961.0,0,25800,.,.
p131_other_peaker_1,1971.0,0,25800,.,.
p131_other_peaker_1,1972.0,0,25800,.,.
p131_other_peaker_1,1974.0,0,25800,.,.
p131_other_peaker_1,1980.0,0,25800,.,.
p131_other_peaker_1,1982.0,0,25800,.,.
p131_other_peaker_1,1983.0,0,25800,.,.
p131_other_peaker_1,1984.0,0,25800,.,.
p131_other_peaker_1,1985.0,0,25800,.,.
p131_other_peaker_1,1986.0,0,25800,.,.
p131_other_peaker_1,2002.0,0,25800,.,.
p131_other_peaker_1,2003.0,0,25800,.,.
p131_other_peaker_1,2007.0,0,25800,.,.
p131_other_peaker_1,2010.0,0,25800,.,.
p131_other_peaker_1,2013.0,0,25800,.,.
p131_other_peaker_1,2017.0,0,25800,.,.
p131_other_peaker_1,2019.0,0,25800,.,.
p131_other_peaker_1,2020.0,0,25800,.,.
p131_other_peaker_1,2021.0,0,25800,.,.
p131_petroleum_liquids_1,1951.0,0,25800,.,.
p131_petroleum_liquids_1,1968.0,0,25800,.,.
p131_petroleum_liquids_1,1969.0,0,25800,.,.
p131_petroleum_liquids_1,1970.0,0,25800,.,.
p131_petroleum_liquids_1,1971.0,0,25800,.,.
p131_petroleum_liquids_1,1972.0,0,25800,.,.
p131_petroleum_liquids_1,1975.0,0,25800,.,.
p131_petroleum_liquids_1,1976.0,0,25800,.,.
p131_petroleum_liquids_1,1978.0,0,25800,.,.
p131_petroleum_liquids_1,1979.0,0,25800,.,.
p131_petroleum_liquids_1,1981.0,0,25800,.,.
p131_petroleum_liquids_1,1982.0,0,25800,.,.
p131_petroleum_liquids_1,1985.0,0,25800,.,.
p131_petroleum_liquids_1,1991.0,0,25800,.,.
p131_petroleum_liquids_1,1995.0,0,25800,.,.
p131_petroleum_liquids_1,1997.0,0,25800,.,.
p131_petroleum_liquids_1,1999.0,0,25800,.,.
p131_petroleum_liquids_1,2000.0,0,25800,.,.
p131_petroleum_liquids_1,2001.0,0,25800,.,.
p131_petroleum_liquids_1,2003.0,0,25800,.,.
p131_petroleum_liquids_1,2005.0,0,25800,.,.
p131_petroleum_liquids_1,2006.0,0,25800,.,.
p131_petroleum_liquids_1,2007.0,0,25800,.,.
p131_petroleum_liquids_1,2009.0,0,25800,.,.
p131_petroleum_liquids_1,2011.0,0,25800,.,.
p131_petroleum_liquids_1,2012.0,0,25800,.,.
p131_petroleum_liquids_1,2013.0,0,25800,.,.
p131_petroleum_liquids_1,2014.0,0,25800,.,.
p131_petroleum_liquids_1,2015.0,0,25800,.,.
p131_petroleum_liquids_1,2016.0,0,25800,.,.
p131_petroleum_liquids_1,2017.0,0,25800,.,.
p131_petroleum_liquids_1,2018.0,0,25800,.,.
p131_petroleum_liquids_1,2019.0,0,25800,.,.
p131_small_hydroelectric_1,1893.0,0,57025,.,.
p131_small_hydroelectric_1,1905.0,0,57025,.,.
p131_small_hydroelectric_1,1906.0,0,57025,.,.
p131_small_hydroelectric_1,1907.0,0,57025,.,.
p131_small_hydroelectric_1,1909.0,0,57025,.,.
p131_small_hydroelectric_1,1910.0,0,57025,.,.
p131_small_hydroelectric_1,1912.0,0,57025,.,.
p131_small_hydroelectric_1,1913.0,0,57025,.,.
p131_small_hydroelectric_1,1914.0,0,57025,.,.
p131_small_hydroelectric_1,1916.0,0,57025,.,.
p131_small_hydroelectric_1,1918.0,0,57025,.,.
p131_small_hydroelectric_1,1920.0,0,57025,.,.
p131_small_hydroelectric_1,1921.0,0,57025,.,.
p131_small_hydroelectric_1,1922.0,0,57025,.,.
p131_small_hydroelectric_1,1924.0,0,57025,.,.
p131_small_hydroelectric_1,1925.0,0,57025,.,.
p131_small_hydroelectric_1,1926.0,0,57025,.,.
p131_small_hydroelectric_1,1928.0,0,57025,.,.
p131_small_hydroelectric_1,1931.0,0,57025,.,.
p131_small_hydroelectric_1,1935.0,0,57025,.,.
p131_small_hydroelectric_1,1938.0,0,57025,.,.
p131_small_hydroelectric_1,1939.0,0,57025,.,.
p131_small_hydroelectric_1,1951.0,0,57025,.,.
p131_small_hydroelectric_1,1964.0,0,57025,.,.
p131_small_hydroelectric_1,1969.0,0,57025,.,.
p131_small_hydroelectric_1,1974.0,0,57025,.,.
p131_small_hydroelectric_1,1981.0,0,57025,.,.
p131_small_hydroelectric_1,1982.0,0,57025,.,.
p131_small_hydroelectric_1,1985.0,0,57025,.,.
p131_small_hydroelectric_1,2006.0,0,57025,.,.
p131_solar_photovoltaic_1,1563.0,0,21608,.,.
p131_solar_photovoltaic_1,2008.0,0,21608,.,.
p131_solar_photovoltaic_1,2010.0,0,21608,.,.
p131_solar_photovoltaic_1,2011.0,0,21608,.,.
p131_solar_photovoltaic_1,2012.0,0,21608,.,.
p131_solar_photovoltaic_1,2013.0,0,21608,.,.
p131_solar_photovoltaic_1,2014.0,0,21608,.,.
p131_solar_photovoltaic_1,2015.0,0,21608,.,.
p131_solar_photovoltaic_1,2016.0,0,21608,.,.
p131_solar_photovoltaic_1,2017.0,0,21608,.,.
p131_solar_photovoltaic_1,2018.0,0,21608,.,.
p131_solar_photovoltaic_1,2019.0,0,21608,.,.
p131_solar_photovoltaic_1,2020.0,0,21608,.,.
p131_solar_photovoltaic_1,2021.0,0,21608,.,.
p131_solar_photovoltaic_1,2022.0,0,21608,.,.
p131_solar_photovoltaic_1,2023.0,0,21608,.,.
p131_solar_photovoltaic_1,2024.0,0,21608,.,.
p131_solar_photovoltaic_1,2025.0,0,21608,.,.
p131_solar_photovoltaic_1,2026.0,0,21608,.,.
p132_batteries_1,2016.0,0,8671,0,0
p132_batteries_1,2017.0,0,8671,0,0
p132_batteries_1,2025.0,0,8671,0,0
p132_biomass_1,1987.0,0,163666,.,.
p132_biomass_1,1988.0,0,163666,.,.
p132_biomass_1,1991.0,0,163666,.,.
p132_biomass_1,1995.0,0,163666,.,.
p132_biomass_1,2008.0,0,163666,.,.
p132_biomass_1,2013.0,0,163666,.,.
p132_conventional_hydroelectric_1,1955.0,0,57025,.,.
p132_hydroelectric_pumped_storage_1,1928.0,0,57025,0,0
p132_hydroelectric_pumped_storage_1,1929.0,0,57025,0,0
p132_natural_gas_fired_combined_cycle_1,1988.0,0,19989,.,.
p132_natural_gas_fired_combined_cycle_1,1990.0,0,19989,.,.
p132_natural_gas_fired_combined_cycle_1,2006.0,0,19989,.,.
p132_natural_gas_fired_combined_cycle_1,2008.0,0,19989,.,.
p132_natural_gas_fired_combined_cycle_1,2010.0,0,19989,.,.
p132_natural_gas_fired_combined_cycle_1,2012.0,0,19989,.,.
p132_natural_gas_fired_combined_cycle_1,2016.0,0,19989,.,.
p132_natural_gas_fired_combined_cycle_2,1998.0,0,11863,.,.
p132_natural_gas_fired_combined_cycle_2,1999.0,0,11863,.,.
p132_natural_gas_fired_combined_cycle_2,2002.0,0,11863,.,.
p132_natural_gas_fired_combined_cycle_2,2004.0,0,11863,.,.
p132_natural_gas_fired_combined_cycle_2,2011.0,0,11863,.,.
p132_natural_gas_fired_combined_cycle_2,2018.0,0,11863,.,.
p132_natural_gas_fired_combined_cycle_2,2019.0,0,11863,.,.
p132_natural_gas_fired_combustion_turbine_1,1992.0,0,12787,.,.
p132_natural_gas_fired_combustion_turbine_1,2001.0,0,12787,.,.
p132_natural_gas_fired_combustion_turbine_1,2005.0,0,12787,.,.
p132_natural_gas_fired_combustion_turbine_1,2007.0,0,12787,.,.
p132_natural_gas_fired_combustion_turbine_1,2008.0,0,12787,.,.
p132_natural_gas_fired_combustion_turbine_1,2009.0,0,12787,.,.
p132_natural_gas_fired_combustion_turbine_1,2011.0,0,12787,.,.
p132_natural_gas_fired_combustion_turbine_1,2018.0,0,12787,.,.
p132_nuclear_1,1975.0,0,234257,.,.
p132_nuclear_1,1986.0,0,234257,.,.
p132_onshore_wind_turbine_1,2015.0,0,31648,.,.
p132_other_peaker_1,1535.0,0,25800,.,.
p132_other_peaker_1,1536.0,0,25800,.,.
p132_other_peaker_1,1952.0,0,25800,.,.
p132_other_peaker_1,1954.0,0,25800,.,.
p132_other_peaker_1,1958.0,0,25800,.,.
p132_other_peaker_1,1964.0,0,25800,.,.
p132_other_peaker_1,1994.0,0,25800,.,.
p132_other_peaker_1,2001.0,0,25800,.,.
p132_other_peaker_1,2002.0,0,25800,.,.
p132_other_peaker_1,2004.0,0,25800,.,.
p132_other_peaker_1,2008.0,0,25800,.,.
p132_other_peaker_1,2009.0,0,25800,.,.
p132_other_peaker_1,2010.0,0,25800,.,.
p132_other_peaker_1,2012.0,0,25800,.,.
p132_other_peaker_1,2013.0,0,25800,.,.
p132_other_peaker_1,2014.0,0,25800,.,.
p132_other_peaker_1,2015.0,0,25800,.,.
p132_other_peaker_1,2016.0,0,25800,.,.
p132_other_peaker_1,2018.0,0,25800,.,.
p132_other_peaker_1,2019.0,0,25800,.,.
p132_other_peaker_1,2020.0,0,25800,.,.
p132_other_peaker_1,2021.0,0,25800,.,.
p132_other_peaker_1,2022.0,0,25800,.,.
p132_other_peaker_1,2023.0,0,25800,.,.
p132_other_peaker_1,2024.0,0,25800,.,.
p132_petroleum_liquids_1,1966.0,0,25800,.,.
p132_petroleum_liquids_1,1967.0,0,25800,.,.
p132_petroleum_liquids_1,1968.0,0,25800,.,.
p132_petroleum_liquids_1,1969.0,0,25800,.,.
p132_petroleum_liquids_1,1971.0,0,25800,.,.
p132_petroleum_liquids_1,1973.0,0,25800,.,.
p132_petroleum_liquids_1,1975.0,0,25800,.,.
p132_petroleum_liquids_1,1984.0,0,25800,.,.
p132_petroleum_liquids_1,1985.0,0,25800,.,.
p132_petroleum_liquids_1,1993.0,0,25800,.,.
p132_petroleum_liquids_1,1996.0,0,25800,.,.
p132_petroleum_liquids_1,2001.0,0,25800,.,.
p132_petroleum_liquids_1,2002.0,0,25800,.,.
p132_petroleum_liquids_1,2004.0,0,25800,.,.
p132_petroleum_liquids_1,2006.0,0,25800,.,.
p132_petroleum_liquids_1,2007.0,0,25800,.,.
p132_petroleum_liquids_1,2008.0,0,25800,.,.
p132_petroleum_liquids_1,2010.0,0,25800,.,.
p132_petroleum_liquids_1,2011.0,0,25800,.,.
p132_petroleum_liquids_1,2012.0,0,25800,.,.
p132_petroleum_liquids_1,2014.0,0,25800,.,.
p132_small_hydroelectric_1,1903.0,0,57025,.,.
p132_small_hydroelectric_1,1906.0,0,57025,.,.
p132_small_hydroelectric_1,1914.0,0,57025,.,.
p132_small_hydroelectric_1,1919.0,0,57025,.,.
p132_small_hydroelectric_1,1925.0,0,57025,.,.
p132_small_hydroelectric_1,1926.0,0,57025,.,.
p132_small_hydroelectric_1,1936.0,0,57025,.,.
p132_small_hydroelectric_1,1937.0,0,57025,.,.
p132_small_hydroelectric_1,1949.0,0,57025,.,.
p132_small_hydroelectric_1,1967.0,0,57025,.,.
p132_small_hydroelectric_1,1986.0,0,57025,.,.
p132_small_hydroelectric_1,1989.0,0,57025,.,.
p132_small_hydroelectric_1,1990.0,0,57025,.,.
p132_small_hydroelectric_1,1995.0,0,57025,.,.
p132_solar_photovoltaic_1,1536.0,0,21608,.,.
p132_solar_photovoltaic_1,2010.0,0,21608,.,.
p132_solar_photovoltaic_1,2012.0,0,21608,.,.
p132_solar_photovoltaic_1,2013.0,0,21608,.,.
p132_solar_photovoltaic_1,2014.0,0,21608,.,.
p132_solar_photovoltaic_1,2016.0,0,21608,.,.
p132_solar_photovoltaic_1,2017.0,0,21608,.,.
p132_solar_photovoltaic_1,2018.0,0,21608,.,.
p132_solar_photovoltaic_1,2019.0,0,21608,.,.
p132_solar_photovoltaic_1,2020.0,0,21608,.,.
p132_solar_photovoltaic_1,2021.0,0,21608,.,.
p132_solar_photovoltaic_1,2022.0,0,21608,.,.
p132_solar_photovoltaic_1,2023.0,0,21608,.,.
p132_solar_photovoltaic_1,2024.0,0,21608,.,.
p132_solar_photovoltaic_1,2025.0,0,21608,.,.
p132_solar_photovoltaic_1,2026.0,0,21608,.,.
p133_batteries_1,2022.0,0,8671,0,0
p133_biomass_1,2005.0,0,163666,.,.
p133_biomass_1,2013.0,0,163666,.,.
p133_biomass_1,2017.0,0,163666,.,.
p133_natural_gas_fired_combined_cycle_1,1990.0,0,19989,.,.
p133_natural_gas_fired_combined_cycle_1,1991.0,0,19989,.,.
p133_natural_gas_fired_combined_cycle_2,1995.0,0,13536,.,.
p133_natural_gas_fired_combined_cycle_2,2000.0,0,13536,.,.
p133_natural_gas_fired_combined_cycle_2,2002.0,0,13536,.,.
p133_natural_gas_fired_combustion_turbine_1,2003.0,0,16032,.,.
p133_natural_gas_fired_combustion_turbine_1,2004.0,0,16032,.,.
p133_offshore_wind_turbine_1,2016.0,0,85265,.,.
p133_onshore_wind_turbine_1,2012.0,0,31648,.,.
p133_onshore_wind_turbine_1,2016.0,0,31648,.,.
p133_onshore_wind_turbine_1,2017.0,0,31648,.,.
p133_onshore_wind_turbine_1,2019.0,0,31648,.,.
p133_onshore_wind_turbine_1,2021.0,0,31648,.,.
p133_other_peaker_1,1958.0,0,25800,.,.
p133_other_peaker_1,1974.0,0,25800,.,.
p133_other_peaker_1,1993.0,0,25800,.,.
p133_other_peaker_1,2014.0,0,25800,.,.
p133_other_peaker_1,2015.0,0,25800,.,.
p133_petroleum_liquids_1,2001.0,0,25800,.,.
p133_petroleum_liquids_1,2002.0,0,25800,.,.
p133_petroleum_liquids_1,2006.0,0,25800,.,.
p133_petroleum_liquids_1,2018.0,0,25800,.,.
p133_small_hydroelectric_1,1981.0,0,57025,.,.
p133_solar_photovoltaic_1,2013.0,0,21608,.,.
p133_solar_photovoltaic_1,2014.0,0,21608,.,.
p133_solar_photovoltaic_1,2015.0,0,21608,.,.
p133_solar_photovoltaic_1,2016.0,0,21608,.,.
p133_solar_photovoltaic_1,2017.0,0,21608,.,.
p133_solar_photovoltaic_1,2018.0,0,21608,.,.
p133_solar_photovoltaic_1,2019.0,0,21608,.,.
p133_solar_photovoltaic_1,2020.0,0,21608,.,.
p133_solar_photovoltaic_1,2021.0,0,21608,.,.
p133_solar_photovoltaic_1,2022.0,0,21608,.,.
p133_solar_photovoltaic_1,2023.0,0,21608,.,.
p133_solar_photovoltaic_1,2024.0,0,21608,.,.
p133_solar_photovoltaic_1,2025.0,0,21608,.,.
p134_batteries_1,2016.0,0,8671,0,0
p134_batteries_1,2019.0,0,8671,0,0
p134_batteries_1,2020.0,0,8671,0,0
p134_batteries_1,2021.0,0,8671,0,0
p134_batteries_1,2023.0,0,8671,0,0
p134_batteries_1,2025.0,0,8671,0,0
p134_batteries_1,2026.0,0,8671,0,0
p134_biomass_1,1966.0,0,163666,.,.
p134_biomass_1,1970.0,0,163666,.,.
p134_biomass_1,1976.0,0,163666,.,.
p134_biomass_1,1987.0,0,163666,.,.
p134_biomass_1,1988.0,0,163666,.,.
p134_biomass_1,1989.0,0,163666,.,.
p134_biomass_1,1990.0,0,163666,.,.
p134_biomass_1,1992.0,0,163666,.,.
p134_biomass_1,2009.0,0,163666,.,.
p134_biomass_1,2016.0,0,163666,.,.
p134_biomass_1,2018.0,0,163666,.,.
p134_conventional_hydroelectric_1,1903.0,0,57025,.,.
p134_conventional_hydroelectric_1,1906.0,0,57025,.,.
p134_conventional_hydroelectric_1,1912.0,0,57025,.,.
p134_conventional_hydroelectric_1,1913.0,0,57025,.,.
p134_conventional_hydroelectric_1,1917.0,0,57025,.,.
p134_conventional_hydroelectric_1,1918.0,0,57025,.,.
p134_conventional_hydroelectric_1,1921.0,0,57025,.,.
p134_conventional_hydroelectric_1,1926.0,0,57025,.,.
p134_conventional_hydroelectric_1,1929.0,0,57025,.,.
p134_conventional_hydroelectric_1,1930.0,0,57025,.,.
p134_conventional_hydroelectric_1,1931.0,0,57025,.,.
p134_conventional_hydroelectric_1,1940.0,0,57025,.,.
p134_conventional_hydroelectric_1,1948.0,0,57025,.,.
p134_conventional_hydroelectric_1,1950.0,0,57025,.,.
p134_conventional_hydroelectric_1,1953.0,0,57025,.,.
p134_conventional_hydroelectric_1,1954.0,0,57025,.,.
p134_conventional_hydroelectric_1,1955.0,0,57025,.,.
p134_conventional_hydroelectric_1,1967.0,0,57025,.,.
p134_conventional_hydroelectric_1,1970.0,0,57025,.,.
p134_conventional_hydroelectric_1,1975.0,0,57025,.,.
p134_conventional_hydroelectric_1,1986.0,0,57025,.,.
p134_conventional_hydroelectric_1,1987.0,0,57025,.,.
p134_conventional_hydroelectric_1,1988.0,0,57025,.,.
p134_natural_gas_fired_combined_cycle_1,2000.0,0,11863,.,.
p134_natural_gas_fired_combined_cycle_1,2001.0,0,11863,.,.
p134_natural_gas_fired_combined_cycle_2,2000.0,0,19989,.,.
p134_natural_gas_fired_combustion_turbine_1,2001.0,0,13104,.,.
p134_natural_gas_fired_combustion_turbine_1,2006.0,0,13104,.,.
p134_onshore_wind_turbine_1,2007.0,0,31648,.,.
p134_onshore_wind_turbine_1,2008.0,0,31648,.,.
p134_onshore_wind_turbine_1,2009.0,0,31648,.,.
p134_onshore_wind_turbine_1,2010.0,0,31648,.,.
p134_onshore_wind_turbine_1,2011.0,0,31648,.,.
p134_onshore_wind_turbine_1,2012.0,0,31648,.,.
p134_onshore_wind_turbine_1,2014.0,0,31648,.,.
p134_onshore_wind_turbine_1,2015.0,0,31648,.,.
p134_onshore_wind_turbine_1,2016.0,0,31648,.,.
p134_onshore_wind_turbine_1,2017.0,0,31648,.,.
p134_onshore_wind_turbine_1,2020.0,0,31648,.,.
p134_onshore_wind_turbine_1,2021.0,0,31648,.,.
p134_onshore_wind_turbine_1,2022.0,0,31648,.,.
p134_onshore_wind_turbine_1,2025.0,0,31648,.,.
p134_petroleum_liquids_1,1957.0,0,25800,.,.
p134_petroleum_liquids_1,1958.0,0,25800,.,.
p134_petroleum_liquids_1,1965.0,0,25800,.,.
p134_petroleum_liquids_1,1970.0,0,25800,.,.
p134_petroleum_liquids_1,1978.0,0,25800,.,.
p134_petroleum_liquids_1,1987.0,0,25800,.,.
p134_small_hydroelectric_1,1903.0,0,57025,.,.
p134_small_hydroelectric_1,1904.0,0,57025,.,.
p134_small_hydroelectric_1,1906.0,0,57025,.,.
p134_small_hydroelectric_1,1907.0,0,57025,.,.
p134_small_hydroelectric_1,1910.0,0,57025,.,.
p134_small_hydroelectric_1,1911.0,0,57025,.,.
p134_small_hydroelectric_1,1912.0,0,57025,.,.
p134_small_hydroelectric_1,1913.0,0,57025,.,.
p134_small_hydroelectric_1,1916.0,0,57025,.,.
p134_small_hydroelectric_1,1917.0,0,57025,.,.
p134_small_hydroelectric_1,1918.0,0,57025,.,.
p134_small_hydroelectric_1,1919.0,0,57025,.,.
p134_small_hydroelectric_1,1920.0,0,57025,.,.
p134_small_hydroelectric_1,1921.0,0,57025,.,.
p134_small_hydroelectric_1,1923.0,0,57025,.,.
p134_small_hydroelectric_1,1924.0,0,57025,.,.
p134_small_hydroelectric_1,1925.0,0,57025,.,.
p134_small_hydroelectric_1,1926.0,0,57025,.,.
p134_small_hydroelectric_1,1927.0,0,57025,.,.
p134_small_hydroelectric_1,1929.0,0,57025,.,.
p134_small_hydroelectric_1,1935.0,0,57025,.,.
p134_small_hydroelectric_1,1937.0,0,57025,.,.
p134_small_hydroelectric_1,1938.0,0,57025,.,.
p134_small_hydroelectric_1,1939.0,0,57025,.,.
p134_small_hydroelectric_1,1941.0,0,57025,.,.
p134_small_hydroelectric_1,1942.0,0,57025,.,.
p134_small_hydroelectric_1,1946.0,0,57025,.,.
p134_small_hydroelectric_1,1948.0,0,57025,.,.
p134_small_hydroelectric_1,1950.0,0,57025,.,.
p134_small_hydroelectric_1,1956.0,0,57025,.,.
p134_small_hydroelectric_1,1961.0,0,57025,.,.
p134_small_hydroelectric_1,1980.0,0,57025,.,.
p134_small_hydroelectric_1,1981.0,0,57025,.,.
p134_small_hydroelectric_1,1982.0,0,57025,.,.
p134_small_hydroelectric_1,1983.0,0,57025,.,.
p134_small_hydroelectric_1,1984.0,0,57025,.,.
p134_small_hydroelectric_1,1985.0,0,57025,.,.
p134_small_hydroelectric_1,1986.0,0,57025,.,.
p134_small_hydroelectric_1,1987.0,0,57025,.,.
p134_small_hydroelectric_1,1988.0,0,57025,.,.
p134_small_hydroelectric_1,1989.0,0,57025,.,.
p134_small_hydroelectric_1,1990.0,0,57025,.,.
p134_small_hydroelectric_1,2004.0,0,57025,.,.
p134_small_hydroelectric_1,2008.0,0,57025,.,.
p134_small_hydroelectric_1,2009.0,0,57025,.,.
p134_small_hydroelectric_1,2011.0,0,57025,.,.
p134_small_hydroelectric_1,2013.0,0,57025,.,.
p134_solar_photovoltaic_1,2017.0,0,21608,.,.
p134_solar_photovoltaic_1,2020.0,0,21608,.,.
p134_solar_photovoltaic_1,2021.0,0,21608,.,.
p134_solar_photovoltaic_1,2022.0,0,21608,.,.
p134_solar_photovoltaic_1,2023.0,0,21608,.,.
p134_solar_photovoltaic_1,2024.0,0,21608,.,.
p134_solar_photovoltaic_1,2025.0,0,21608,.,.
p134_solar_photovoltaic_1,2026.0,0,21608,.,.
p134_solar_photovoltaic_1,2029.0,0,21608,.,.
p134_waste_heat_1,1987.0,0,163666,.,.
p14_biomass_1,1981.0,0,163666,.,.
p14_biomass_1,1991.0,0,163666,.,.
p14_biomass_1,2012.0,0,163666,.,.
p14_conventional_hydroelectric_1,1952.0,0,57025,.,.
p14_conventional_hydroelectric_1,1953.0,0,57025,.,.
p14_conventional_hydroelectric_1,1955.0,0,57025,.,.
p14_conventional_hydroelectric_1,1989.0,0,57025,.,.
p14_conventional_hydroelectric_1,1990.0,0,57025,.,.
p14_natural_gas_fired_combined_cycle_1,2001.0,0,19989,.,.
p14_natural_gas_fired_combined_cycle_2,2001.0,0,19989,.,.
p14_natural_gas_fired_combustion_turbine_1,1994.0,0,13025,.,.
p14_small_hydroelectric_1,1906.0,0,57025,.,.
p14_small_hydroelectric_1,1907.0,0,57025,.,.
p14_small_hydroelectric_1,1908.0,0,57025,.,.
p14_small_hydroelectric_1,1921.0,0,57025,.,.
p14_small_hydroelectric_1,1941.0,0,57025,.,.
p14_small_hydroelectric_1,1950.0,0,57025,.,.
p14_small_hydroelectric_1,1982.0,0,57025,.,.
p15_batteries_1,2024.0,0,8671,0,0
p15_batteries_1,2025.0,0,8671,0,0
p15_batteries_1,2026.0,0,8671,0,0
p15_biomass_1,1983.0,0,163666,.,.
p15_biomass_1,2007.0,0,163666,.,.
p15_biomass_1,2009.0,0,163666,.,.
p15_biomass_1,2024.0,0,163666,.,.
p15_conventional_hydroelectric_1,1949.0,0,57025,.,.
p15_conventional_hydroelectric_1,1950.0,0,57025,.,.
p15_conventional_hydroelectric_1,1951.0,0,57025,.,.
p15_conventional_hydroelectric_1,1952.0,0,57025,.,.
p15_conventional_hydroelectric_1,1958.0,0,57025,.,.
p15_conventional_hydroelectric_1,1959.0,0,57025,.,.
p15_conventional_hydroelectric_1,1974.0,0,57025,.,.
p15_conventional_hydroelectric_1,1975.0,0,57025,.,.
p15_conventional_hydroelectric_1,1980.0,0,57025,.,.
p15_conventional_hydroelectric_1,1988.0,0,57025,.,.
p15_natural_gas_fired_combined_cycle_1,2012.0,0,19989,.,.
p15_natural_gas_fired_combined_cycle_2,2012.0,0,19989,.,.
p15_natural_gas_fired_combustion_turbine_1,2001.0,0,11777,.,.
p15_natural_gas_fired_combustion_turbine_1,2005.0,0,11777,.,.
p15_natural_gas_fired_combustion_turbine_1,2008.0,0,11777,.,.
p15_onshore_wind_turbine_1,2008.0,0,31648,.,.
p15_onshore_wind_turbine_1,2011.0,0,31648,.,.
p15_onshore_wind_turbine_1,2012.0,0,31648,.,.
p15_other_peaker_1,1948.0,0,25800,.,.
p15_other_peaker_1,1968.0,0,25800,.,.
p15_petroleum_liquids_1,1967.0,0,25800,.,.
p15_small_hydroelectric_1,1920.0,0,57025,.,.
p15_small_hydroelectric_1,1921.0,0,57025,.,.
p15_small_hydroelectric_1,1925.0,0,57025,.,.
p15_small_hydroelectric_1,1927.0,0,57025,.,.
p15_small_hydroelectric_1,1937.0,0,57025,.,.
p15_small_hydroelectric_1,1942.0,0,57025,.,.
p15_small_hydroelectric_1,1948.0,0,57025,.,.
p15_small_hydroelectric_1,1983.0,0,57025,.,.
p15_small_hydroelectric_1,1984.0,0,57025,.,.
p15_small_hydroelectric_1,1985.0,0,57025,.,.
p15_small_hydroelectric_1,1986.0,0,57025,.,.
p15_small_hydroelectric_1,1987.0,0,57025,.,.
p15_small_hydroelectric_1,1988.0,0,57025,.,.
p15_small_hydroelectric_1,1989.0,0,57025,.,.
p15_small_hydroelectric_1,1990.0,0,57025,.,.
p15_small_hydroelectric_1,1992.0,0,57025,.,.
p15_small_hydroelectric_1,1993.0,0,57025,.,.
p15_small_hydroelectric_1,1994.0,0,57025,.,.
p15_small_hydroelectric_1,1995.0,0,57025,.,.
p15_small_hydroelectric_1,1997.0,0,57025,.,.
p15_small_hydroelectric_1,2004.0,0,57025,.,.
p15_small_hydroelectric_1,2006.0,0,57025,.,.
p15_small_hydroelectric_1,2010.0,0,57025,.,.
p15_small_hydroelectric_1,2013.0,0,57025,.,.
p15_small_hydroelectric_1,2015.0,0,57025,.,.
p15_small_hydroelectric_1,2016.0,0,57025,.,.
p15_small_hydroelectric_1,2020.0,0,57025,.,.
p15_small_hydroelectric_1,2021.0,0,57025,.,.
p15_solar_photovoltaic_1,2016.0,0,21608,.,.
p15_solar_photovoltaic_1,2017.0,0,21608,.,.
p15_solar_photovoltaic_1,2023.0,0,21608,.,.
p15_solar_photovoltaic_1,2025.0,0,21608,.,.
p15_solar_photovoltaic_1,2026.0,0,21608,.,.
p16_batteries_1,2025.0,0,8671,0,0
p16_biomass_1,2011.0,0,163666,.,.
p16_biomass_1,2014.0,0,163666,.,.
p16_biomass_1,2018.0,0,163666,.,.
p16_biomass_1,2019.0,0,163666,.,.
p16_biomass_1,2023.0,0,163666,.,.
p16_conventional_hydroelectric_1,1923.0,0,57025,.,.
p16_conventional_hydroelectric_1,1935.0,0,57025,.,.
p16_conventional_hydroelectric_1,1957.0,0,57025,.,.
p16_conventional_hydroelectric_1,1958.0,0,57025,.,.
p16_conventional_hydroelectric_1,1978.0,0,57025,.,.
p16_conventional_hydroelectric_1,1992.0,0,57025,.,.
p16_conventional_hydroelectric_1,1995.0,0,57025,.,.
p16_geothermal_1,2008.0,0,253439,.,.
p16_natural_gas_fired_combustion_turbine_1,2015.0,0,16032,.,.
p16_onshore_wind_turbine_1,2005.0,0,31648,.,.
p16_onshore_wind_turbine_1,2006.0,0,31648,.,.
p16_onshore_wind_turbine_1,2009.0,0,31648,.,.
p16_onshore_wind_turbine_1,2010.0,0,31648,.,.
p16_onshore_wind_turbine_1,2011.0,0,31648,.,.
p16_onshore_wind_turbine_1,2012.0,0,31648,.,.
p16_onshore_wind_turbine_1,2024.0,0,31648,.,.
p16_onshore_wind_turbine_1,2027.0,0,31648,.,.
p16_onshore_wind_turbine_1,2028.0,0,31648,.,.
p16_other_peaker_1,1948.0,0,25800,.,.
p16_other_peaker_1,1994.0,0,25800,.,.
p16_other_peaker_1,2025.0,0,25800,.,.
p16_small_hydroelectric_1,1915.0,0,57025,.,.
p16_small_hydroelectric_1,1916.0,0,57025,.,.
p16_small_hydroelectric_1,1917.0,0,57025,.,.
p16_small_hydroelectric_1,1920.0,0,57025,.,.
p16_small_hydroelectric_1,1924.0,0,57025,.,.
p16_small_hydroelectric_1,1925.0,0,57025,.,.
p16_small_hydroelectric_1,1937.0,0,57025,.,.
p16_small_hydroelectric_1,1940.0,0,57025,.,.
p16_small_hydroelectric_1,1946.0,0,57025,.,.
p16_small_hydroelectric_1,1947.0,0,57025,.,.
p16_small_hydroelectric_1,1982.0,0,57025,.,.
p16_small_hydroelectric_1,1984.0,0,57025,.,.
p16_small_hydroelectric_1,1986.0,0,57025,.,.
p16_small_hydroelectric_1,1987.0,0,57025,.,.
p16_small_hydroelectric_1,1988.0,0,57025,.,.
p16_small_hydroelectric_1,1990.0,0,57025,.,.
p16_small_hydroelectric_1,1993.0,0,57025,.,.
p16_small_hydroelectric_1,1994.0,0,57025,.,.
p16_small_hydroelectric_1,2014.0,0,57025,.,.
p16_solar_photovoltaic_1,2017.0,0,21608,.,.
p16_solar_photovoltaic_1,2019.0,0,21608,.,.
p16_solar_photovoltaic_1,2022.0,0,21608,.,.
p16_solar_photovoltaic_1,2024.0,0,21608,.,.
p16_waste_heat_1,1986.0,0,163666,.,.
p17_biomass_1,2009.0,0,163666,.,.
p17_biomass_1,2013.0,0,163666,.,.
p17_biomass_1,2023.0,0,163666,.,.
p17_conventional_hydroelectric_1,1915.0,0,57025,.,.
p17_conventional_hydroelectric_1,1916.0,0,57025,.,.
p17_conventional_hydroelectric_1,1917.0,0,57025,.,.
p17_conventional_hydroelectric_1,1938.0,0,57025,.,.
p17_conventional_hydroelectric_1,1949.0,0,57025,.,.
p17_conventional_hydroelectric_1,1952.0,0,57025,.,.
p17_conventional_hydroelectric_1,1953.0,0,57025,.,.
p17_conventional_hydroelectric_1,1954.0,0,57025,.,.
p17_conventional_hydroelectric_1,1959.0,0,57025,.,.
p17_conventional_hydroelectric_1,1960.0,0,57025,.,.
p17_conventional_hydroelectric_1,1975.0,0,57025,.,.
p17_conventional_hydroelectric_1,1976.0,0,57025,.,.
p17_conventional_hydroelectric_1,1977.0,0,57025,.,.
p17_conventional_hydroelectric_1,1984.0,0,57025,.,.
p17_natural_gas_fired_combustion_turbine_1,2011.0,0,13025,.,.
p17_other_peaker_1,2006.0,0,25800,.,.
p17_small_hydroelectric_1,1910.0,0,57025,.,.
p17_small_hydroelectric_1,1927.0,0,57025,.,.
p17_small_hydroelectric_1,1928.0,0,57025,.,.
p17_small_hydroelectric_1,1989.0,0,57025,.,.
p17_small_hydroelectric_1,2013.0,0,57025,.,.
p17_small_hydroelectric_1,2021.0,0,57025,.,.
p17_small_hydroelectric_1,2022.0,0,57025,.,.
p17_solar_photovoltaic_1,2023.0,0,21608,.,.
p18_conventional_hydroelectric_1,1915.0,0,57025,.,.
p18_conventional_hydroelectric_1,1916.0,0,57025,.,.
p18_conventional_hydroelectric_1,1918.0,0,57025,.,.
p18_conventional_hydroelectric_1,1930.0,0,57025,.,.
p18_conventional_hydroelectric_1,1953.0,0,57025,.,.
p18_conventional_hydroelectric_1,1954.0,0,57025,.,.
p18_conventional_hydroelectric_1,1958.0,0,57025,.,.
p18_conventional_hydroelectric_1,1966.0,0,57025,.,.
p18_conventional_hydroelectric_1,2013.0,0,57025,.,.
p18_conventional_steam_coal_1,2006.0,0,89031,.,.
p18_onshore_wind_turbine_1,2006.0,0,31648,.,.
p18_onshore_wind_turbine_1,2008.0,0,31648,.,.
p18_onshore_wind_turbine_1,2009.0,0,31648,.,.
p18_onshore_wind_turbine_1,2012.0,0,31648,.,.
p18_onshore_wind_turbine_1,2014.0,0,31648,.,.
p18_onshore_wind_turbine_1,2016.0,0,31648,.,.
p18_onshore_wind_turbine_1,2018.0,0,31648,.,.
p18_onshore_wind_turbine_1,2021.0,0,31648,.,.
p18_onshore_wind_turbine_1,2025.0,0,31648,.,.
p18_small_hydroelectric_1,1528.0,0,57025,.,.
p18_small_hydroelectric_1,1915.0,0,57025,.,.
p18_small_hydroelectric_1,1925.0,0,57025,.,.
p18_small_hydroelectric_1,1927.0,0,57025,.,.
p18_small_hydroelectric_1,1985.0,0,57025,.,.
p18_small_hydroelectric_1,2004.0,0,57025,.,.
p18_small_hydroelectric_1,2011.0,0,57025,.,.
p18_small_hydroelectric_1,2019.0,0,57025,.,.
p18_small_hydroelectric_1,2021.0,0,57025,.,.
p18_small_hydroelectric_1,2022.0,0,57025,.,.
p18_small_hydroelectric_1,2025.0,0,57025,.,.
p18_solar_photovoltaic_1,2017.0,0,21608,.,.
p18_solar_photovoltaic_1,2022.0,0,21608,.,.
p18_solar_photovoltaic_1,2025.0,0,21608,.,.
p19_conventional_hydroelectric_1,1943.0,0,57025,.,.
p19_conventional_hydroelectric_1,1951.0,0,57025,.,.
p19_conventional_hydroelectric_1,1961.0,0,57025,.,.
p2_batteries_1,2020.0,0,8671,0,0
p2_biomass_1,1948.0,0,163666,.,.
p2_biomass_1,1954.0,0,163666,.,.
p2_biomass_1,1957.0,0,163666,.,.
p2_biomass_1,1958.0,0,163666,.,.
p2_biomass_1,1966.0,0,163666,.,.
p2_biomass_1,1976.0,0,163666,.,.
p2_biomass_1,1986.0,0,163666,.,.
p2_biomass_1,2003.0,0,163666,.,.
p2_biomass_1,2022.0,0,163666,.,.
p2_conventional_hydroelectric_1,1926.0,0,57025,.,.
p2_conventional_hydroelectric_1,1930.0,0,57025,.,.
p2_conventional_hydroelectric_1,1931.0,0,57025,.,.
p2_conventional_hydroelectric_1,1932.0,0,57025,.,.
p2_conventional_hydroelectric_1,1949.0,0,57025,.,.
p2_conventional_hydroelectric_1,1952.0,0,57025,.,.
p2_conventional_hydroelectric_1,1953.0,0,57025,.,.
p2_conventional_hydroelectric_1,1958.0,0,57025,.,.
p2_conventional_hydroelectric_1,1963.0,0,57025,.,.
p2_conventional_hydroelectric_1,1968.0,0,57025,.,.
p2_conventional_hydroelectric_1,1969.0,0,57025,.,.
p2_conventional_hydroelectric_1,1970.0,0,57025,.,.
p2_conventional_hydroelectric_1,1971.0,0,57025,.,.
p2_conventional_hydroelectric_1,1975.0,0,57025,.,.
p2_conventional_hydroelectric_1,1978.0,0,57025,.,.
p2_conventional_hydroelectric_1,1979.0,0,57025,.,.
p2_conventional_hydroelectric_1,1983.0,0,57025,.,.
p2_conventional_hydroelectric_1,1994.0,0,57025,.,.
p2_conventional_hydroelectric_1,2013.0,0,57025,.,.
p2_natural_gas_fired_combined_cycle_1,1997.0,0,19989,.,.
p2_natural_gas_fired_combined_cycle_1,2004.0,0,19989,.,.
p2_natural_gas_fired_combined_cycle_1,2008.0,0,19989,.,.
p2_natural_gas_fired_combined_cycle_2,1543.0,0,11863,.,.
p2_natural_gas_fired_combined_cycle_2,2008.0,0,11863,.,.
p2_nuclear_1,1984.0,0,333518,.,.
p2_onshore_wind_turbine_1,2001.0,0,31648,.,.
p2_onshore_wind_turbine_1,2002.0,0,31648,.,.
p2_onshore_wind_turbine_1,2005.0,0,31648,.,.
p2_onshore_wind_turbine_1,2006.0,0,31648,.,.
p2_onshore_wind_turbine_1,2007.0,0,31648,.,.
p2_onshore_wind_turbine_1,2008.0,0,31648,.,.
p2_onshore_wind_turbine_1,2009.0,0,31648,.,.
p2_onshore_wind_turbine_1,2010.0,0,31648,.,.
p2_onshore_wind_turbine_1,2011.0,0,31648,.,.
p2_onshore_wind_turbine_1,2012.0,0,31648,.,.
p2_onshore_wind_turbine_1,2014.0,0,31648,.,.
p2_small_hydroelectric_1,1942.0,0,57025,.,.
p2_small_hydroelectric_1,1956.0,0,57025,.,.
p2_small_hydroelectric_1,1964.0,0,57025,.,.
p2_small_hydroelectric_1,1982.0,0,57025,.,.
p2_small_hydroelectric_1,1985.0,0,57025,.,.
p2_small_hydroelectric_1,1986.0,0,57025,.,.
p2_small_hydroelectric_1,1987.0,0,57025,.,.
p2_small_hydroelectric_1,1988.0,0,57025,.,.
p2_small_hydroelectric_1,1994.0,0,57025,.,.
p2_small_hydroelectric_1,1997.0,0,57025,.,.
p2_small_hydroelectric_1,2006.0,0,57025,.,.
p2_solar_photovoltaic_1,2020.0,0,21608,.,.
p2_solar_photovoltaic_1,2022.0,0,21608,.,.
p2_solar_photovoltaic_1,2024.0,0,21608,.,.
p2_solar_photovoltaic_1,2026.0,0,21608,.,.
p20_conventional_steam_coal_1,1990.0,0,91610.6666666667,.,.
p20_conventional_steam_coal_2,1984.0,0,72875.6666666667,.,.
p20_conventional_steam_coal_2,1986.0,0,72875.6666666667,.,.
p20_conventional_steam_coal_2,1995.0,0,72875.6666666667,.,.
p20_conventional_steam_coal_2,2011.0,0,72875.6666666667,.,.
p20_onshore_wind_turbine_1,2005.0,0,31648,.,.
p20_onshore_wind_turbine_1,2012.0,0,31648,.,.
p20_onshore_wind_turbine_1,2014.0,0,31648,.,.
p20_onshore_wind_turbine_1,2018.0,0,31648,.,.
p20_onshore_wind_turbine_1,2020.0,0,31648,.,.
p20_onshore_wind_turbine_1,2022.0,0,31648,.,.
p20_onshore_wind_turbine_1,2023.0,0,31648,.,.
p20_onshore_wind_turbine_1,2024.0,0,31648,.,.
p20_onshore_wind_turbine_1,2027.0,0,31648,.,.
p20_other_peaker_1,2024.0,0,25800,.,.
p20_solar_photovoltaic_1,2017.0,0,21608,.,.
p20_solar_photovoltaic_1,2023.0,0,21608,.,.
p21_conventional_steam_coal_1,1953.0,0,73950,.,.
p21_conventional_steam_coal_1,1964.0,0,73950,.,.
p21_conventional_steam_coal_1,1968.0,0,73950,.,.
p21_conventional_steam_coal_1,1972.0,0,73950,.,.
p21_conventional_steam_coal_1,1975.0,0,73950,.,.
p21_conventional_steam_coal_1,1976.0,0,73950,.,.
p21_conventional_steam_coal_1,1977.0,0,73950,.,.
p21_conventional_steam_coal_1,1979.0,0,73950,.,.
p21_conventional_steam_coal_2,1963.0,0,95510,.,.
p21_conventional_steam_coal_2,1968.0,0,95510,.,.
p21_natural_gas_fired_combustion_turbine_1,1983.0,0,13159,.,.
p21_natural_gas_fired_combustion_turbine_1,1992.0,0,13159,.,.
p21_natural_gas_fired_combustion_turbine_1,2005.0,0,13159,.,.
p21_onshore_wind_turbine_1,2003.0,0,31648,.,.
p21_onshore_wind_turbine_1,2008.0,0,31648,.,.
p21_onshore_wind_turbine_1,2026.0,0,31648,.,.
p21_other_peaker_1,1948.0,0,25800,.,.
p21_other_peaker_1,1971.0,0,25800,.,.
p21_other_peaker_1,1974.0,0,25800,.,.
p21_other_peaker_1,1975.0,0,25800,.,.
p21_other_peaker_1,2015.0,0,25800,.,.
p21_other_peaker_1,2026.0,0,25800,.,.
p21_petroleum_liquids_1,1967.0,0,25800,.,.
p21_petroleum_liquids_1,1979.0,0,25800,.,.
p21_small_hydroelectric_1,1922.0,0,57025,.,.
p21_small_hydroelectric_1,1940.0,0,57025,.,.
p21_small_hydroelectric_1,1948.0,0,57025,.,.
p21_small_hydroelectric_1,1951.0,0,57025,.,.
p21_small_hydroelectric_1,1952.0,0,57025,.,.
p21_small_hydroelectric_1,1968.0,0,57025,.,.
p21_small_hydroelectric_1,1983.0,0,57025,.,.
p21_small_hydroelectric_1,1992.0,0,57025,.,.
p21_small_hydroelectric_1,1994.0,0,57025,.,.
p21_small_hydroelectric_1,2009.0,0,57025,.,.
p21_small_hydroelectric_1,2010.0,0,57025,.,.
p21_solar_photovoltaic_1,2018.0,0,21608,.,.
p21_waste_heat_1,1986.0,0,163666,.,.
p21_waste_heat_1,2018.0,0,163666,.,.
p22_natural_gas_fired_combustion_turbine_1,2002.0,0,16032,.,.
p23_conventional_steam_coal_1,1978.0,0,91845.6666666667,.,.
p23_conventional_steam_coal_1,1995.0,0,91845.6666666667,.,.
p23_conventional_steam_coal_1,2003.0,0,91845.6666666667,.,.
p23_conventional_steam_coal_1,2008.0,0,91845.6666666667,.,.
p23_conventional_steam_coal_2,2010.0,0,88256.6666666667,.,.
p23_conventional_steam_coal_2,2011.0,0,88256.6666666667,.,.
p23_natural_gas_fired_combustion_turbine_1,2000.0,0,16032,.,.
p23_natural_gas_fired_combustion_turbine_1,2001.0,0,16032,.,.
p23_natural_gas_fired_combustion_turbine_1,2002.0,0,16032,.,.
p24_conventional_hydroelectric_1,1939.0,0,57025,.,.
p24_conventional_hydroelectric_1,1950.0,0,57025,.,.
p24_conventional_hydroelectric_1,1951.0,0,57025,.,.
p24_conventional_hydroelectric_1,1955.0,0,57025,.,.
p24_conventional_hydroelectric_1,1958.0,0,57025,.,.
p24_conventional_hydroelectric_1,1959.0,0,57025,.,.
p24_conventional_hydroelectric_1,1960.0,0,57025,.,.
p24_conventional_hydroelectric_1,1961.0,0,57025,.,.
p24_conventional_steam_coal_1,1530.0,0,82211.6666666667,.,.
p24_conventional_steam_coal_1,1959.0,0,82211.6666666667,.,.
p24_conventional_steam_coal_1,1961.0,0,82211.6666666667,.,.
p24_conventional_steam_coal_1,1972.0,0,82211.6666666667,.,.
p24_conventional_steam_coal_2,1981.0,0,72928.6666666667,.,.
p24_conventional_steam_coal_2,1982.0,0,72928.6666666667,.,.
p24_natural_gas_fired_combined_cycle_1,2014.0,0,19989,.,.
p24_natural_gas_fired_combustion_turbine_1,2014.0,0,16032,.,.
p24_onshore_wind_turbine_1,2008.0,0,31648,.,.
p24_onshore_wind_turbine_1,2009.0,0,31648,.,.
p24_onshore_wind_turbine_1,2010.0,0,31648,.,.
p24_onshore_wind_turbine_1,2016.0,0,31648,.,.
p24_onshore_wind_turbine_1,2020.0,0,31648,.,.
p24_onshore_wind_turbine_1,2021.0,0,31648,.,.
p24_onshore_wind_turbine_1,2023.0,0,31648,.,.
p24_onshore_wind_turbine_1,2024.0,0,31648,.,.
p24_onshore_wind_turbine_1,2025.0,0,31648,.,.
p24_onshore_wind_turbine_1,2029.0,0,31648,.,.
p24_onshore_wind_turbine_1,2030.0,0,31648,.,.
p24_onshore_wind_turbine_1,2031.0,0,31648,.,.
p24_other_peaker_1,1925.0,0,25800,.,.
p24_other_peaker_1,2024.0,0,25800,.,.
p24_petroleum_liquids_1,1955.0,0,25800,.,.
p24_small_hydroelectric_1,1927.0,0,57025,.,.
p24_small_hydroelectric_1,1928.0,0,57025,.,.
p24_solar_photovoltaic_1,2024.0,0,21608,.,.
p24_solar_photovoltaic_1,2030.0,0,21608,.,.
p25_batteries_1,2025.0,0,8671,0,0
p25_batteries_1,2026.0,0,8671,0,0
p25_biomass_1,2006.0,0,163666,.,.
p25_biomass_1,2009.0,0,163666,.,.
p25_conventional_steam_coal_1,1525.0,0,76212,.,.
p25_conventional_steam_coal_1,1974.0,0,76212,.,.
p25_conventional_steam_coal_1,1977.0,0,76212,.,.
p25_conventional_steam_coal_1,1978.0,0,76212,.,.
p25_conventional_steam_coal_1,1980.0,0,76212,.,.
p25_conventional_steam_coal_1,1983.0,0,76212,.,.
p25_conventional_steam_coal_2,1993.0,0,91127,.,.
p25_geothermal_1,1984.0,0,253439,.,.
p25_geothermal_1,2007.0,0,253439,.,.
p25_geothermal_1,2013.0,0,253439,.,.
p25_geothermal_1,2026.0,0,253439,.,.
p25_geothermal_1,2027.0,0,253439,.,.
p25_geothermal_1,2028.0,0,253439,.,.
p25_natural_gas_fired_combined_cycle_1,2005.0,0,13295,.,.
p25_natural_gas_fired_combined_cycle_1,2006.0,0,13295,.,.
p25_natural_gas_fired_combined_cycle_1,2007.0,0,13295,.,.
p25_natural_gas_fired_combined_cycle_1,2014.0,0,13295,.,.
p25_natural_gas_fired_combined_cycle_1,2025.0,0,13295,.,.
p25_natural_gas_fired_combined_cycle_2,2004.0,0,19989,.,.
p25_natural_gas_fired_combustion_turbine_1,1532.0,0,14469.6666666667,.,.
p25_natural_gas_fired_combustion_turbine_1,1972.0,0,14469.6666666667,.,.
p25_natural_gas_fired_combustion_turbine_1,2001.0,0,14469.6666666667,.,.
p25_natural_gas_fired_combustion_turbine_1,2002.0,0,14469.6666666667,.,.
p25_natural_gas_fired_combustion_turbine_1,2004.0,0,14469.6666666667,.,.
p25_natural_gas_fired_combustion_turbine_1,2006.0,0,14469.6666666667,.,.
p25_natural_gas_fired_combustion_turbine_1,2008.0,0,14469.6666666667,.,.
p25_natural_gas_fired_combustion_turbine_1,2010.0,0,14469.6666666667,.,.
p25_natural_gas_fired_combustion_turbine_1,2012.0,0,14469.6666666667,.,.
p25_natural_gas_fired_combustion_turbine_1,2019.0,0,14469.6666666667,.,.
p25_natural_gas_fired_combustion_turbine_1,2025.0,0,14469.6666666667,.,.
p25_onshore_wind_turbine_1,2008.0,0,31648,.,.
p25_onshore_wind_turbine_1,2009.0,0,31648,.,.
p25_onshore_wind_turbine_1,2011.0,0,31648,.,.
p25_onshore_wind_turbine_1,2016.0,0,31648,.,.
p25_other_peaker_1,1532.0,0,25800,.,.
p25_other_peaker_1,1986.0,0,25800,.,.
p25_other_peaker_1,1988.0,0,25800,.,.
p25_other_peaker_1,2004.0,0,25800,.,.
p25_other_peaker_1,2006.0,0,25800,.,.
p25_other_peaker_1,2007.0,0,25800,.,.
p25_other_peaker_1,2008.0,0,25800,.,.
p25_other_peaker_1,2016.0,0,25800,.,.
p25_other_peaker_1,2018.0,0,25800,.,.
p25_other_peaker_1,2022.0,0,25800,.,.
p25_other_peaker_1,2024.0,0,25800,.,.
p25_other_peaker_1,2026.0,0,25800,.,.
p25_petroleum_liquids_1,1987.0,0,25800,.,.
p25_petroleum_liquids_1,1999.0,0,25800,.,.
p25_petroleum_liquids_1,2001.0,0,25800,.,.
p25_small_hydroelectric_1,1896.0,0,57025,.,.
p25_small_hydroelectric_1,1907.0,0,57025,.,.
p25_small_hydroelectric_1,1910.0,0,57025,.,.
p25_small_hydroelectric_1,1911.0,0,57025,.,.
p25_small_hydroelectric_1,1912.0,0,57025,.,.
p25_small_hydroelectric_1,1921.0,0,57025,.,.
p25_small_hydroelectric_1,1925.0,0,57025,.,.
p25_small_hydroelectric_1,1927.0,0,57025,.,.
p25_small_hydroelectric_1,1937.0,0,57025,.,.
p25_small_hydroelectric_1,1939.0,0,57025,.,.
p25_small_hydroelectric_1,1958.0,0,57025,.,.
p25_small_hydroelectric_1,1961.0,0,57025,.,.
p25_small_hydroelectric_1,1964.0,0,57025,.,.
p25_small_hydroelectric_1,1983.0,0,57025,.,.
p25_small_hydroelectric_1,1984.0,0,57025,.,.
p25_small_hydroelectric_1,1985.0,0,57025,.,.
p25_small_hydroelectric_1,1986.0,0,57025,.,.
p25_small_hydroelectric_1,1988.0,0,57025,.,.
p25_small_hydroelectric_1,1989.0,0,57025,.,.
p25_small_hydroelectric_1,1991.0,0,57025,.,.
p25_small_hydroelectric_1,1993.0,0,57025,.,.
p25_small_hydroelectric_1,1998.0,0,57025,.,.
p25_small_hydroelectric_1,2021.0,0,57025,.,.
p25_solar_photovoltaic_1,2012.0,0,21608,.,.
p25_solar_photovoltaic_1,2015.0,0,21608,.,.
p25_solar_photovoltaic_1,2016.0,0,21608,.,.
p25_solar_photovoltaic_1,2017.0,0,21608,.,.
p25_solar_photovoltaic_1,2018.0,0,21608,.,.
p25_solar_photovoltaic_1,2020.0,0,21608,.,.
p25_solar_photovoltaic_1,2021.0,0,21608,.,.
p25_solar_photovoltaic_1,2022.0,0,21608,.,.
p25_solar_photovoltaic_1,2023.0,0,21608,.,.
p25_solar_photovoltaic_1,2024.0,0,21608,.,.
p25_solar_photovoltaic_1,2025.0,0,21608,.,.
p25_solar_photovoltaic_1,2026.0,0,21608,.,.
p25_solar_photovoltaic_1,2027.0,0,21608,.,.
p25_waste_heat_1,1995.0,0,163666,.,.
p25_waste_heat_1,2016.0,0,163666,.,.
p26_conventional_hydroelectric_1,1963.0,0,57025,.,.
p26_conventional_hydroelectric_1,1964.0,0,57025,.,.
p26_conventional_steam_coal_1,1986.0,0,92255.6666666667,.,.
p26_other_peaker_1,2002.0,0,25800,.,.
p26_other_peaker_1,2003.0,0,25800,.,.
p26_other_peaker_1,2004.0,0,25800,.,.
p26_other_peaker_1,2015.0,0,25800,.,.
p26_other_peaker_1,2022.0,0,25800,.,.
p26_other_peaker_1,2023.0,0,25800,.,.
p26_other_peaker_1,2024.0,0,25800,.,.
p26_small_hydroelectric_1,1910.0,0,57025,.,.
p26_small_hydroelectric_1,1920.0,0,57025,.,.
p26_small_hydroelectric_1,1940.0,0,57025,.,.
p26_small_hydroelectric_1,1958.0,0,57025,.,.
p26_small_hydroelectric_1,1981.0,0,57025,.,.
p26_small_hydroelectric_1,1987.0,0,57025,.,.
p26_small_hydroelectric_1,2008.0,0,57025,.,.
p26_solar_photovoltaic_1,2019.0,0,21608,.,.
p26_solar_photovoltaic_1,2023.0,0,21608,.,.
p27_batteries_1,2023.0,0,8671,0,0
p27_batteries_1,2024.0,0,8671,0,0
p27_batteries_1,2025.0,0,8671,0,0
p27_conventional_hydroelectric_1,1936.0,0,57025,.,.
p27_conventional_hydroelectric_1,1937.0,0,57025,.,.
p27_conventional_hydroelectric_1,1939.0,0,57025,.,.
p27_conventional_hydroelectric_1,1941.0,0,57025,.,.
p27_conventional_hydroelectric_1,1942.0,0,57025,.,.
p27_conventional_hydroelectric_1,1943.0,0,57025,.,.
p27_conventional_hydroelectric_1,1951.0,0,57025,.,.
p27_conventional_hydroelectric_1,1952.0,0,57025,.,.
p27_natural_gas_fired_combined_cycle_1,2002.0,0,11863,.,.
p27_natural_gas_fired_combined_cycle_2,2001.0,0,11863,.,.
p27_natural_gas_fired_combustion_turbine_1,2008.0,0,16032,.,.
p27_onshore_wind_turbine_1,2011.0,0,31648,.,.
p27_onshore_wind_turbine_1,2020.0,0,31648,.,.
p27_solar_photovoltaic_1,2011.0,0,21608,.,.
p27_solar_photovoltaic_1,2012.0,0,21608,.,.
p27_solar_photovoltaic_1,2015.0,0,21608,.,.
p27_solar_photovoltaic_1,2016.0,0,21608,.,.
p27_solar_photovoltaic_1,2017.0,0,21608,.,.
p27_solar_photovoltaic_1,2018.0,0,21608,.,.
p27_solar_photovoltaic_1,2023.0,0,21608,.,.
p28_batteries_1,2018.0,0,8671,0,0
p28_batteries_1,2021.0,0,8671,0,0
p28_batteries_1,2023.0,0,8671,0,0
p28_batteries_1,2024.0,0,8671,0,0
p28_batteries_1,2025.0,0,8671,0,0
p28_batteries_1,2026.0,0,8671,0,0
p28_biomass_1,2008.0,0,163666,.,.
p28_biomass_1,2012.0,0,163666,.,.
p28_conventional_hydroelectric_1,1927.0,0,57025,.,.
p28_conventional_hydroelectric_1,1942.0,0,57025,.,.
p28_conventional_hydroelectric_1,1943.0,0,57025,.,.
p28_conventional_hydroelectric_1,1964.0,0,57025,.,.
p28_conventional_hydroelectric_1,1965.0,0,57025,.,.
p28_conventional_hydroelectric_1,1966.0,0,57025,.,.
p28_conventional_hydroelectric_1,1973.0,0,57025,.,.
p28_conventional_steam_coal_1,1979.0,0,93384.3333333333,.,.
p28_hydroelectric_pumped_storage_1,1971.0,0,57025,0,0
p28_hydroelectric_pumped_storage_1,1972.0,0,57025,0,0
p28_hydroelectric_pumped_storage_1,1993.0,0,57025,0,0
p28_natural_gas_fired_combined_cycle_1,1994.0,0,13238,.,.
p28_natural_gas_fired_combined_cycle_1,2001.0,0,13238,.,.
p28_natural_gas_fired_combined_cycle_1,2002.0,0,13238,.,.
p28_natural_gas_fired_combined_cycle_1,2003.0,0,13238,.,.
p28_natural_gas_fired_combined_cycle_1,2004.0,0,13238,.,.
p28_natural_gas_fired_combined_cycle_1,2005.0,0,13238,.,.
p28_natural_gas_fired_combined_cycle_1,2006.0,0,13238,.,.
p28_natural_gas_fired_combined_cycle_2,1974.0,0,13771,.,.
p28_natural_gas_fired_combined_cycle_2,1975.0,0,13771,.,.
p28_natural_gas_fired_combined_cycle_2,1976.0,0,13771,.,.
p28_natural_gas_fired_combustion_turbine_1,1963.0,0,11817,.,.
p28_natural_gas_fired_combustion_turbine_1,1971.0,0,11817,.,.
p28_natural_gas_fired_combustion_turbine_1,1972.0,0,11817,.,.
p28_natural_gas_fired_combustion_turbine_1,1973.0,0,11817,.,.
p28_natural_gas_fired_combustion_turbine_1,1974.0,0,11817,.,.
p28_natural_gas_fired_combustion_turbine_1,1975.0,0,11817,.,.
p28_natural_gas_fired_combustion_turbine_1,2002.0,0,11817,.,.
p28_natural_gas_fired_combustion_turbine_1,2008.0,0,11817,.,.
p28_natural_gas_fired_combustion_turbine_1,2011.0,0,11817,.,.
p28_natural_gas_fired_combustion_turbine_1,2019.0,0,11817,.,.
p28_natural_gas_fired_combustion_turbine_1,2022.0,0,11817,.,.
p28_natural_gas_fired_combustion_turbine_1,2024.0,0,11817,.,.
p28_natural_gas_fired_combustion_turbine_1,2025.0,0,11817,.,.
p28_natural_gas_fired_combustion_turbine_1,2026.0,0,11817,.,.
p28_nuclear_1,1986.0,0,234257,.,.
p28_nuclear_1,1988.0,0,234257,.,.
p28_onshore_wind_turbine_1,2009.0,0,31648,.,.
p28_onshore_wind_turbine_1,2010.0,0,31648,.,.
p28_onshore_wind_turbine_1,2012.0,0,31648,.,.
p28_onshore_wind_turbine_1,2015.0,0,31648,.,.
p28_onshore_wind_turbine_1,2023.0,0,31648,.,.
p28_onshore_wind_turbine_1,2024.0,0,31648,.,.
p28_other_peaker_1,1957.0,0,25800,.,.
p28_other_peaker_1,1958.0,0,25800,.,.
p28_other_peaker_1,1959.0,0,25800,.,.
p28_other_peaker_1,1961.0,0,25800,.,.
p28_other_peaker_1,1964.0,0,25800,.,.
p28_other_peaker_1,1979.0,0,25800,.,.
p28_other_peaker_1,2000.0,0,25800,.,.
p28_petroleum_liquids_1,1972.0,0,25800,.,.
p28_petroleum_liquids_1,1974.0,0,25800,.,.
p28_petroleum_liquids_1,1978.0,0,25800,.,.
p28_petroleum_liquids_1,1990.0,0,25800,.,.
p28_small_hydroelectric_1,1926.0,0,57025,.,.
p28_small_hydroelectric_1,1930.0,0,57025,.,.
p28_small_hydroelectric_1,1981.0,0,57025,.,.
p28_small_hydroelectric_1,1993.0,0,57025,.,.
p28_solar_photovoltaic_1,1535.0,0,21608,.,.
p28_solar_photovoltaic_1,2001.0,0,21608,.,.
p28_solar_photovoltaic_1,2002.0,0,21608,.,.
p28_solar_photovoltaic_1,2003.0,0,21608,.,.
p28_solar_photovoltaic_1,2008.0,0,21608,.,.
p28_solar_photovoltaic_1,2009.0,0,21608,.,.
p28_solar_photovoltaic_1,2011.0,0,21608,.,.
p28_solar_photovoltaic_1,2012.0,0,21608,.,.
p28_solar_photovoltaic_1,2013.0,0,21608,.,.
p28_solar_photovoltaic_1,2014.0,0,21608,.,.
p28_solar_photovoltaic_1,2015.0,0,21608,.,.
p28_solar_photovoltaic_1,2016.0,0,21608,.,.
p28_solar_photovoltaic_1,2017.0,0,21608,.,.
p28_solar_photovoltaic_1,2018.0,0,21608,.,.
p28_solar_photovoltaic_1,2019.0,0,21608,.,.
p28_solar_photovoltaic_1,2020.0,0,21608,.,.
p28_solar_photovoltaic_1,2021.0,0,21608,.,.
p28_solar_photovoltaic_1,2022.0,0,21608,.,.
p28_solar_photovoltaic_1,2023.0,0,21608,.,.
p28_solar_photovoltaic_1,2024.0,0,21608,.,.
p28_solar_photovoltaic_1,2025.0,0,21608,.,.
p28_solar_photovoltaic_1,2026.0,0,21608,.,.
p29_conventional_steam_coal_1,1530.0,0,69326.6666666667,.,.
p29_conventional_steam_coal_1,1532.0,0,69326.6666666667,.,.
p29_conventional_steam_coal_1,2006.0,0,69326.6666666667,.,.
p29_conventional_steam_coal_1,2009.0,0,69326.6666666667,.,.
p29_conventional_steam_coal_2,1532.0,0,80262.6666666667,.,.
p29_solar_photovoltaic_1,2001.0,0,21608,.,.
p29_solar_photovoltaic_1,2010.0,0,21608,.,.
p29_solar_photovoltaic_1,2014.0,0,21608,.,.
p3_biomass_1,1983.0,0,163666,.,.
p3_biomass_1,1991.0,0,163666,.,.
p3_conventional_hydroelectric_1,1908.0,0,57025,.,.
p3_conventional_hydroelectric_1,1910.0,0,57025,.,.
p3_conventional_hydroelectric_1,1911.0,0,57025,.,.
p3_conventional_hydroelectric_1,1915.0,0,57025,.,.
p3_conventional_hydroelectric_1,1919.0,0,57025,.,.
p3_conventional_hydroelectric_1,1924.0,0,57025,.,.
p3_conventional_hydroelectric_1,1955.0,0,57025,.,.
p3_conventional_hydroelectric_1,1962.0,0,57025,.,.
p3_conventional_hydroelectric_1,1967.0,0,57025,.,.
p3_conventional_hydroelectric_1,1975.0,0,57025,.,.
p3_conventional_hydroelectric_1,1976.0,0,57025,.,.
p3_conventional_hydroelectric_1,1985.0,0,57025,.,.
p3_conventional_hydroelectric_1,1986.0,0,57025,.,.
p3_conventional_hydroelectric_1,1994.0,0,57025,.,.
p3_natural_gas_fired_combustion_turbine_1,1535.0,0,16032,.,.
p3_natural_gas_fired_combustion_turbine_1,2002.0,0,16032,.,.
p3_onshore_wind_turbine_1,2012.0,0,31648,.,.
p3_onshore_wind_turbine_1,2020.0,0,31648,.,.
p3_other_peaker_1,2002.0,0,25800,.,.
p3_other_peaker_1,2005.0,0,25800,.,.
p3_petroleum_liquids_1,2005.0,0,25800,.,.
p3_petroleum_liquids_1,2009.0,0,25800,.,.
p3_small_hydroelectric_1,1915.0,0,57025,.,.
p3_small_hydroelectric_1,1922.0,0,57025,.,.
p3_small_hydroelectric_1,1936.0,0,57025,.,.
p3_small_hydroelectric_1,1982.0,0,57025,.,.
p3_small_hydroelectric_1,1983.0,0,57025,.,.
p3_small_hydroelectric_1,1984.0,0,57025,.,.
p3_small_hydroelectric_1,1985.0,0,57025,.,.
p3_small_hydroelectric_1,1986.0,0,57025,.,.
p3_small_hydroelectric_1,1992.0,0,57025,.,.
p3_small_hydroelectric_1,2006.0,0,57025,.,.
p3_solar_photovoltaic_1,2018.0,0,21608,.,.
p30_batteries_1,2017.0,0,8671,0,0
p30_batteries_1,2021.0,0,8671,0,0
p30_batteries_1,2025.0,0,8671,0,0
p30_natural_gas_fired_combined_cycle_1,2002.0,0,19989,.,.
p30_natural_gas_fired_combined_cycle_2,2002.0,0,19989,.,.
p30_natural_gas_fired_combustion_turbine_1,1972.0,0,15006,.,.
p30_natural_gas_fired_combustion_turbine_1,1989.0,0,15006,.,.
p30_natural_gas_fired_combustion_turbine_1,2001.0,0,15006,.,.
p30_natural_gas_fired_combustion_turbine_1,2006.0,0,15006,.,.
p30_other_peaker_1,1962.0,0,25800,.,.
p30_other_peaker_1,1967.0,0,25800,.,.
p30_other_peaker_1,2019.0,0,25800,.,.
p30_other_peaker_1,2020.0,0,25800,.,.
p30_solar_photovoltaic_1,2009.0,0,21608,.,.
p30_solar_photovoltaic_1,2010.0,0,21608,.,.
p30_solar_photovoltaic_1,2011.0,0,21608,.,.
p30_solar_photovoltaic_1,2012.0,0,21608,.,.
p30_solar_photovoltaic_1,2013.0,0,21608,.,.
p30_solar_photovoltaic_1,2014.0,0,21608,.,.
p30_solar_photovoltaic_1,2016.0,0,21608,.,.
p30_solar_photovoltaic_1,2017.0,0,21608,.,.
p30_solar_photovoltaic_1,2018.0,0,21608,.,.
p30_solar_photovoltaic_1,2019.0,0,21608,.,.
p30_solar_photovoltaic_1,2021.0,0,21608,.,.
p30_solar_photovoltaic_1,2022.0,0,21608,.,.
p31_batteries_1,2011.0,0,8671,0,0
p31_batteries_1,2018.0,0,8671,0,0
p31_batteries_1,2022.0,0,8671,0,0
p31_batteries_1,2023.0,0,8671,0,0
p31_batteries_1,2024.0,0,8671,0,0
p31_batteries_1,2025.0,0,8671,0,0
p31_batteries_1,2026.0,0,8671,0,0
p31_biomass_1,1987.0,0,163666,.,.
p31_biomass_1,2002.0,0,163666,.,.
p31_biomass_1,2008.0,0,163666,.,.
p31_conventional_steam_coal_1,1531.0,0,74918,.,.
p31_conventional_steam_coal_2,1531.0,0,74756.6666666667,.,.
p31_geothermal_1,2013.0,0,253439,.,.
p31_geothermal_1,2018.0,0,253439,.,.
p31_natural_gas_fired_combined_cycle_1,2006.0,0,11863,.,.
p31_natural_gas_fired_combined_cycle_2,1959.0,0,19989,.,.
p31_natural_gas_fired_combined_cycle_2,2001.0,0,19989,.,.
p31_natural_gas_fired_combined_cycle_2,2002.0,0,19989,.,.
p31_natural_gas_fired_combined_cycle_2,2005.0,0,19989,.,.
p31_natural_gas_fired_combined_cycle_2,2007.0,0,19989,.,.
p31_natural_gas_fired_combustion_turbine_1,1996.0,0,14017,.,.
p31_natural_gas_fired_combustion_turbine_1,2000.0,0,14017,.,.
p31_natural_gas_fired_combustion_turbine_1,2002.0,0,14017,.,.
p31_natural_gas_fired_combustion_turbine_1,2003.0,0,14017,.,.
p31_natural_gas_fired_combustion_turbine_1,2005.0,0,14017,.,.
p31_natural_gas_fired_combustion_turbine_1,2008.0,0,14017,.,.
p31_natural_gas_fired_combustion_turbine_1,2013.0,0,14017,.,.
p31_natural_gas_fired_combustion_turbine_1,2014.0,0,14017,.,.
p31_natural_gas_fired_combustion_turbine_1,2015.0,0,14017,.,.
p31_onshore_wind_turbine_1,2006.0,0,31648,.,.
p31_onshore_wind_turbine_1,2009.0,0,31648,.,.
p31_onshore_wind_turbine_1,2010.0,0,31648,.,.
p31_onshore_wind_turbine_1,2011.0,0,31648,.,.
p31_onshore_wind_turbine_1,2017.0,0,31648,.,.
p31_onshore_wind_turbine_1,2018.0,0,31648,.,.
p31_onshore_wind_turbine_1,2021.0,0,31648,.,.
p31_onshore_wind_turbine_1,2022.0,0,31648,.,.
p31_onshore_wind_turbine_1,2026.0,0,31648,.,.
p31_other_peaker_1,1526.0,0,25800,.,.
p31_other_peaker_1,1527.0,0,25800,.,.
p31_other_peaker_1,1533.0,0,25800,.,.
p31_other_peaker_1,1960.0,0,25800,.,.
p31_other_peaker_1,1962.0,0,25800,.,.
p31_other_peaker_1,1987.0,0,25800,.,.
p31_other_peaker_1,2002.0,0,25800,.,.
p31_petroleum_liquids_1,1967.0,0,25800,.,.
p31_petroleum_liquids_1,1971.0,0,25800,.,.
p31_petroleum_liquids_1,1972.0,0,25800,.,.
p31_small_hydroelectric_1,1940.0,0,57025,.,.
p31_small_hydroelectric_1,1988.0,0,57025,.,.
p31_small_hydroelectric_1,1989.0,0,57025,.,.
p31_small_hydroelectric_1,2011.0,0,57025,.,.
p31_solar_photovoltaic_1,2010.0,0,21608,.,.
p31_solar_photovoltaic_1,2011.0,0,21608,.,.
p31_solar_photovoltaic_1,2012.0,0,21608,.,.
p31_solar_photovoltaic_1,2013.0,0,21608,.,.
p31_solar_photovoltaic_1,2014.0,0,21608,.,.
p31_solar_photovoltaic_1,2015.0,0,21608,.,.
p31_solar_photovoltaic_1,2017.0,0,21608,.,.
p31_solar_photovoltaic_1,2018.0,0,21608,.,.
p31_solar_photovoltaic_1,2019.0,0,21608,.,.
p31_solar_photovoltaic_1,2020.0,0,21608,.,.
p31_solar_photovoltaic_1,2021.0,0,21608,.,.
p31_solar_photovoltaic_1,2022.0,0,21608,.,.
p31_solar_photovoltaic_1,2023.0,0,21608,.,.
p31_solar_photovoltaic_1,2024.0,0,21608,.,.
p31_solar_photovoltaic_1,2025.0,0,21608,.,.
p31_solar_photovoltaic_1,2026.0,0,21608,.,.
p31_waste_heat_1,2011.0,0,163666,.,.
p32_natural_gas_fired_combustion_turbine_1,1977.0,0,13853,.,.
p32_natural_gas_fired_combustion_turbine_1,1978.0,0,13853,.,.
p32_natural_gas_fired_combustion_turbine_1,1979.0,0,13853,.,.
p32_natural_gas_fired_combustion_turbine_1,2002.0,0,13853,.,.
p32_onshore_wind_turbine_1,2020.0,0,31648,.,.
p32_other_peaker_1,2026.0,0,25800,.,.
p32_petroleum_liquids_1,1965.0,0,25800,.,.
p32_small_hydroelectric_1,1912.0,0,57025,.,.
p32_solar_photovoltaic_1,2023.0,0,21608,.,.
p32_solar_photovoltaic_1,2024.0,0,21608,.,.
p33_batteries_1,2018.0,0,8671,0,0
p33_batteries_1,2021.0,0,8671,0,0
p33_batteries_1,2024.0,0,8671,0,0
p33_batteries_1,2025.0,0,8671,0,0
p33_biomass_1,1985.0,0,163666,.,.
p33_biomass_1,2000.0,0,163666,.,.
p33_biomass_1,2008.0,0,163666,.,.
p33_biomass_1,2011.0,0,163666,.,.
p33_conventional_hydroelectric_1,1950.0,0,57025,.,.
p33_conventional_hydroelectric_1,1954.0,0,57025,.,.
p33_conventional_hydroelectric_1,2012.0,0,57025,.,.
p33_conventional_hydroelectric_1,2016.0,0,57025,.,.
p33_conventional_steam_coal_1,1525.0,0,78842.3333333333,.,.
p33_conventional_steam_coal_1,1530.0,0,78842.3333333333,.,.
p33_conventional_steam_coal_1,1981.0,0,78842.3333333333,.,.
p33_conventional_steam_coal_2,1530.0,0,93545.3333333333,.,.
p33_hydroelectric_pumped_storage_1,1954.0,0,57025,0,0
p33_hydroelectric_pumped_storage_1,1967.0,0,57025,0,0
p33_hydroelectric_pumped_storage_1,1981.0,0,57025,0,0
p33_hydroelectric_pumped_storage_1,1984.0,0,57025,0,0
p33_natural_gas_fired_combined_cycle_1,1990.0,0,19989,.,.
p33_natural_gas_fired_combined_cycle_1,1994.0,0,19989,.,.
p33_natural_gas_fired_combined_cycle_1,1999.0,0,19989,.,.
p33_natural_gas_fired_combined_cycle_1,2000.0,0,19989,.,.
p33_natural_gas_fired_combined_cycle_1,2002.0,0,19989,.,.
p33_natural_gas_fired_combined_cycle_2,1992.0,0,11962,.,.
p33_natural_gas_fired_combined_cycle_2,1994.0,0,11962,.,.
p33_natural_gas_fired_combined_cycle_2,1996.0,0,11962,.,.
p33_natural_gas_fired_combined_cycle_2,1998.0,0,11962,.,.
p33_natural_gas_fired_combined_cycle_2,1999.0,0,11962,.,.
p33_natural_gas_fired_combined_cycle_2,2001.0,0,11962,.,.
p33_natural_gas_fired_combined_cycle_2,2004.0,0,11962,.,.
p33_natural_gas_fired_combined_cycle_2,2015.0,0,11962,.,.
p33_natural_gas_fired_combustion_turbine_1,1530.0,0,12067,.,.
p33_natural_gas_fired_combustion_turbine_1,1990.0,0,12067,.,.
p33_natural_gas_fired_combustion_turbine_1,2000.0,0,12067,.,.
p33_natural_gas_fired_combustion_turbine_1,2001.0,0,12067,.,.
p33_natural_gas_fired_combustion_turbine_1,2002.0,0,12067,.,.
p33_natural_gas_fired_combustion_turbine_1,2003.0,0,12067,.,.
p33_natural_gas_fired_combustion_turbine_1,2004.0,0,12067,.,.
p33_natural_gas_fired_combustion_turbine_1,2007.0,0,12067,.,.
p33_natural_gas_fired_combustion_turbine_1,2008.0,0,12067,.,.
p33_natural_gas_fired_combustion_turbine_1,2009.0,0,12067,.,.
p33_natural_gas_fired_combustion_turbine_1,2025.0,0,12067,.,.
p33_onshore_wind_turbine_1,2001.0,0,31648,.,.
p33_onshore_wind_turbine_1,2006.0,0,31648,.,.
p33_onshore_wind_turbine_1,2007.0,0,31648,.,.
p33_onshore_wind_turbine_1,2009.0,0,31648,.,.
p33_onshore_wind_turbine_1,2011.0,0,31648,.,.
p33_onshore_wind_turbine_1,2012.0,0,31648,.,.
p33_onshore_wind_turbine_1,2013.0,0,31648,.,.
p33_onshore_wind_turbine_1,2014.0,0,31648,.,.
p33_onshore_wind_turbine_1,2020.0,0,31648,.,.
p33_onshore_wind_turbine_1,2021.0,0,31648,.,.
p33_onshore_wind_turbine_1,2022.0,0,31648,.,.
p33_other_peaker_1,1527.0,0,25800,.,.
p33_other_peaker_1,1947.0,0,25800,.,.
p33_other_peaker_1,1976.0,0,25800,.,.
p33_other_peaker_1,1977.0,0,25800,.,.
p33_other_peaker_1,1983.0,0,25800,.,.
p33_other_peaker_1,2002.0,0,25800,.,.
p33_other_peaker_1,2008.0,0,25800,.,.
p33_other_peaker_1,2022.0,0,25800,.,.
p33_petroleum_liquids_1,1945.0,0,25800,.,.
p33_petroleum_liquids_1,1946.0,0,25800,.,.
p33_petroleum_liquids_1,1951.0,0,25800,.,.
p33_petroleum_liquids_1,1964.0,0,25800,.,.
p33_petroleum_liquids_1,1990.0,0,25800,.,.
p33_small_hydroelectric_1,1906.0,0,57025,.,.
p33_small_hydroelectric_1,1908.0,0,57025,.,.
p33_small_hydroelectric_1,1909.0,0,57025,.,.
p33_small_hydroelectric_1,1931.0,0,57025,.,.
p33_small_hydroelectric_1,1943.0,0,57025,.,.
p33_small_hydroelectric_1,1951.0,0,57025,.,.
p33_small_hydroelectric_1,1959.0,0,57025,.,.
p33_small_hydroelectric_1,1962.0,0,57025,.,.
p33_small_hydroelectric_1,1985.0,0,57025,.,.
p33_small_hydroelectric_1,1986.0,0,57025,.,.
p33_small_hydroelectric_1,1987.0,0,57025,.,.
p33_small_hydroelectric_1,1988.0,0,57025,.,.
p33_small_hydroelectric_1,1993.0,0,57025,.,.
p33_small_hydroelectric_1,2000.0,0,57025,.,.
p33_small_hydroelectric_1,2004.0,0,57025,.,.
p33_small_hydroelectric_1,2007.0,0,57025,.,.
p33_small_hydroelectric_1,2012.0,0,57025,.,.
p33_small_hydroelectric_1,2013.0,0,57025,.,.
p33_small_hydroelectric_1,2022.0,0,57025,.,.
p33_solar_photovoltaic_1,2008.0,0,21608,.,.
p33_solar_photovoltaic_1,2009.0,0,21608,.,.
p33_solar_photovoltaic_1,2010.0,0,21608,.,.
p33_solar_photovoltaic_1,2011.0,0,21608,.,.
p33_solar_photovoltaic_1,2012.0,0,21608,.,.
p33_solar_photovoltaic_1,2013.0,0,21608,.,.
p33_solar_photovoltaic_1,2014.0,0,21608,.,.
p33_solar_photovoltaic_1,2015.0,0,21608,.,.
p33_solar_photovoltaic_1,2016.0,0,21608,.,.
p33_solar_photovoltaic_1,2017.0,0,21608,.,.
p33_solar_photovoltaic_1,2018.0,0,21608,.,.
p33_solar_photovoltaic_1,2019.0,0,21608,.,.
p33_solar_photovoltaic_1,2020.0,0,21608,.,.
p33_solar_photovoltaic_1,2021.0,0,21608,.,.
p33_solar_photovoltaic_1,2022.0,0,21608,.,.
p33_solar_photovoltaic_1,2023.0,0,21608,.,.
p33_solar_photovoltaic_1,2024.0,0,21608,.,.
p33_solar_photovoltaic_1,2025.0,0,21608,.,.
p33_solar_photovoltaic_1,2026.0,0,21608,.,.
p34_batteries_1,2018.0,0,8671,0,0
p34_batteries_1,2023.0,0,8671,0,0
p34_conventional_hydroelectric_1,1967.0,0,57025,.,.
p34_conventional_hydroelectric_1,1970.0,0,57025,.,.
p34_conventional_hydroelectric_1,1971.0,0,57025,.,.
p34_conventional_hydroelectric_1,1978.0,0,57025,.,.
p34_conventional_steam_coal_1,1530.0,0,93223,.,.
p34_conventional_steam_coal_2,1525.0,0,68306.6666666667,.,.
p34_conventional_steam_coal_2,2010.0,0,68306.6666666667,.,.
p34_natural_gas_fired_combined_cycle_1,2012.0,0,19989,.,.
p34_natural_gas_fired_combined_cycle_2,2003.0,0,19989,.,.
p34_natural_gas_fired_combustion_turbine_1,1530.0,0,13255,.,.
p34_natural_gas_fired_combustion_turbine_1,1999.0,0,13255,.,.
p34_natural_gas_fired_combustion_turbine_1,2001.0,0,13255,.,.
p34_natural_gas_fired_combustion_turbine_1,2002.0,0,13255,.,.
p34_natural_gas_fired_combustion_turbine_1,2012.0,0,13255,.,.
p34_natural_gas_fired_combustion_turbine_1,2016.0,0,13255,.,.
p34_natural_gas_fired_combustion_turbine_1,2023.0,0,13255,.,.
p34_onshore_wind_turbine_1,2003.0,0,31648,.,.
p34_onshore_wind_turbine_1,2004.0,0,31648,.,.
p34_onshore_wind_turbine_1,2007.0,0,31648,.,.
p34_onshore_wind_turbine_1,2010.0,0,31648,.,.
p34_onshore_wind_turbine_1,2011.0,0,31648,.,.
p34_onshore_wind_turbine_1,2012.0,0,31648,.,.
p34_onshore_wind_turbine_1,2013.0,0,31648,.,.
p34_onshore_wind_turbine_1,2014.0,0,31648,.,.
p34_onshore_wind_turbine_1,2015.0,0,31648,.,.
p34_onshore_wind_turbine_1,2016.0,0,31648,.,.
p34_onshore_wind_turbine_1,2017.0,0,31648,.,.
p34_onshore_wind_turbine_1,2018.0,0,31648,.,.
p34_onshore_wind_turbine_1,2019.0,0,31648,.,.
p34_onshore_wind_turbine_1,2020.0,0,31648,.,.
p34_onshore_wind_turbine_1,2021.0,0,31648,.,.
p34_onshore_wind_turbine_1,2023.0,0,31648,.,.
p34_onshore_wind_turbine_1,2026.0,0,31648,.,.
p34_other_peaker_1,1953.0,0,25800,.,.
p34_other_peaker_1,1954.0,0,25800,.,.
p34_other_peaker_1,1957.0,0,25800,.,.
p34_other_peaker_1,1966.0,0,25800,.,.
p34_petroleum_liquids_1,1941.0,0,25800,.,.
p34_petroleum_liquids_1,1950.0,0,25800,.,.
p34_petroleum_liquids_1,1951.0,0,25800,.,.
p34_petroleum_liquids_1,1960.0,0,25800,.,.
p34_petroleum_liquids_1,1964.0,0,25800,.,.
p34_petroleum_liquids_1,1965.0,0,25800,.,.
p34_petroleum_liquids_1,1967.0,0,25800,.,.
p34_petroleum_liquids_1,1977.0,0,25800,.,.
p34_petroleum_liquids_1,1993.0,0,25800,.,.
p34_petroleum_liquids_1,1999.0,0,25800,.,.
p34_petroleum_liquids_1,2000.0,0,25800,.,.
p34_petroleum_liquids_1,2002.0,0,25800,.,.
p34_petroleum_liquids_1,2007.0,0,25800,.,.
p34_small_hydroelectric_1,1527.0,0,57025,.,.
p34_small_hydroelectric_1,1905.0,0,57025,.,.
p34_small_hydroelectric_1,1906.0,0,57025,.,.
p34_small_hydroelectric_1,1925.0,0,57025,.,.
p34_small_hydroelectric_1,1927.0,0,57025,.,.
p34_small_hydroelectric_1,1939.0,0,57025,.,.
p34_small_hydroelectric_1,1989.0,0,57025,.,.
p34_small_hydroelectric_1,1992.0,0,57025,.,.
p34_small_hydroelectric_1,1993.0,0,57025,.,.
p34_small_hydroelectric_1,1997.0,0,57025,.,.
p34_small_hydroelectric_1,2006.0,0,57025,.,.
p34_small_hydroelectric_1,2013.0,0,57025,.,.
p34_small_hydroelectric_1,2014.0,0,57025,.,.
p34_small_hydroelectric_1,2015.0,0,57025,.,.
p34_small_hydroelectric_1,2017.0,0,57025,.,.
p34_small_hydroelectric_1,2019.0,0,57025,.,.
p34_solar_photovoltaic_1,1558.0,0,21608,.,.
p34_solar_photovoltaic_1,2007.0,0,21608,.,.
p34_solar_photovoltaic_1,2008.0,0,21608,.,.
p34_solar_photovoltaic_1,2010.0,0,21608,.,.
p34_solar_photovoltaic_1,2011.0,0,21608,.,.
p34_solar_photovoltaic_1,2012.0,0,21608,.,.
p34_solar_photovoltaic_1,2015.0,0,21608,.,.
p34_solar_photovoltaic_1,2016.0,0,21608,.,.
p34_solar_photovoltaic_1,2017.0,0,21608,.,.
p34_solar_photovoltaic_1,2018.0,0,21608,.,.
p34_solar_photovoltaic_1,2019.0,0,21608,.,.
p34_solar_photovoltaic_1,2020.0,0,21608,.,.
p34_solar_photovoltaic_1,2021.0,0,21608,.,.
p34_solar_photovoltaic_1,2022.0,0,21608,.,.
p34_solar_photovoltaic_1,2023.0,0,21608,.,.
p34_solar_photovoltaic_1,2024.0,0,21608,.,.
p34_solar_photovoltaic_1,2025.0,0,21608,.,.
p34_solar_photovoltaic_1,2026.0,0,21608,.,.
p34_solar_photovoltaic_1,2029.0,0,21608,.,.
p34_waste_heat_1,1984.0,0,163666,.,.
p35_natural_gas_fired_combustion_turbine_1,1972.0,0,16032,.,.
p35_natural_gas_fired_combustion_turbine_1,1979.0,0,16032,.,.
p35_natural_gas_fired_combustion_turbine_1,2003.0,0,16032,.,.
p35_natural_gas_fired_combustion_turbine_1,2010.0,0,16032,.,.
p35_onshore_wind_turbine_1,2007.0,0,31648,.,.
p35_onshore_wind_turbine_1,2024.0,0,31648,.,.
p35_other_peaker_1,2016.0,0,25800,.,.
p35_waste_heat_1,2006.0,0,163666,.,.
p35_waste_heat_1,2008.0,0,163666,.,.
p35_waste_heat_1,2009.0,0,163666,.,.
p36_conventional_hydroelectric_1,1956.0,0,57025,.,.
p36_conventional_hydroelectric_1,1960.0,0,57025,.,.
p36_conventional_steam_coal_1,1984.0,0,79376,.,.
p36_conventional_steam_coal_1,1986.0,0,79376,.,.
p36_conventional_steam_coal_2,1966.0,0,84122,.,.
p36_conventional_steam_coal_2,1970.0,0,84122,.,.
p36_conventional_steam_coal_2,1975.0,0,84122,.,.
p36_conventional_steam_coal_2,1977.0,0,84122,.,.
p36_conventional_steam_coal_2,1981.0,0,84122,.,.
p36_natural_gas_fired_combustion_turbine_1,2013.0,0,11856,.,.
p36_natural_gas_fired_combustion_turbine_1,2014.0,0,11856,.,.
p36_natural_gas_fired_combustion_turbine_1,2015.0,0,11856,.,.
p36_natural_gas_fired_combustion_turbine_1,2017.0,0,11856,.,.
p36_natural_gas_fired_combustion_turbine_1,2021.0,0,11856,.,.
p36_natural_gas_fired_combustion_turbine_1,2024.0,0,11856,.,.
p36_natural_gas_fired_combustion_turbine_1,2025.0,0,11856,.,.
p36_onshore_wind_turbine_1,2005.0,0,31648,.,.
p36_onshore_wind_turbine_1,2006.0,0,31648,.,.
p36_onshore_wind_turbine_1,2007.0,0,31648,.,.
p36_onshore_wind_turbine_1,2008.0,0,31648,.,.
p36_onshore_wind_turbine_1,2009.0,0,31648,.,.
p36_onshore_wind_turbine_1,2010.0,0,31648,.,.
p36_onshore_wind_turbine_1,2012.0,0,31648,.,.
p36_onshore_wind_turbine_1,2015.0,0,31648,.,.
p36_onshore_wind_turbine_1,2016.0,0,31648,.,.
p36_onshore_wind_turbine_1,2017.0,0,31648,.,.
p36_onshore_wind_turbine_1,2018.0,0,31648,.,.
p36_onshore_wind_turbine_1,2019.0,0,31648,.,.
p36_onshore_wind_turbine_1,2020.0,0,31648,.,.
p36_onshore_wind_turbine_1,2021.0,0,31648,.,.
p36_onshore_wind_turbine_1,2024.0,0,31648,.,.
p36_onshore_wind_turbine_1,2025.0,0,31648,.,.
p36_other_peaker_1,1954.0,0,25800,.,.
p36_other_peaker_1,1958.0,0,25800,.,.
p36_other_peaker_1,2017.0,0,25800,.,.
p36_other_peaker_1,2025.0,0,25800,.,.
p36_waste_heat_1,2009.0,0,163666,.,.
p37_biomass_1,1983.0,0,163666,.,.
p37_conventional_steam_coal_1,1965.0,0,79915.3333333333,.,.
p37_conventional_steam_coal_1,1990.0,0,79915.3333333333,.,.
p37_conventional_steam_coal_2,1979.0,0,73224,.,.
p37_conventional_steam_coal_2,1980.0,0,73224,.,.
p37_onshore_wind_turbine_1,2003.0,0,31648,.,.
p37_onshore_wind_turbine_1,2005.0,0,31648,.,.
p37_onshore_wind_turbine_1,2007.0,0,31648,.,.
p37_onshore_wind_turbine_1,2008.0,0,31648,.,.
p37_onshore_wind_turbine_1,2009.0,0,31648,.,.
p37_onshore_wind_turbine_1,2010.0,0,31648,.,.
p37_onshore_wind_turbine_1,2015.0,0,31648,.,.
p37_onshore_wind_turbine_1,2016.0,0,31648,.,.
p37_onshore_wind_turbine_1,2018.0,0,31648,.,.
p37_other_peaker_1,2014.0,0,25800,.,.
p37_petroleum_liquids_1,1937.0,0,25800,.,.
p37_petroleum_liquids_1,1949.0,0,25800,.,.
p37_petroleum_liquids_1,1956.0,0,25800,.,.
p37_petroleum_liquids_1,1976.0,0,25800,.,.
p37_petroleum_liquids_1,1978.0,0,25800,.,.
p37_petroleum_liquids_1,2000.0,0,25800,.,.
p37_petroleum_liquids_1,2001.0,0,25800,.,.
p37_petroleum_liquids_1,2002.0,0,25800,.,.
p37_petroleum_liquids_1,2016.0,0,25800,.,.
p38_batteries_1,2018.0,0,8671,0,0
p38_biomass_1,2018.0,0,163666,.,.
p38_conventional_hydroelectric_1,1954.0,0,57025,.,.
p38_conventional_hydroelectric_1,1955.0,0,57025,.,.
p38_conventional_hydroelectric_1,1956.0,0,57025,.,.
p38_conventional_hydroelectric_1,1962.0,0,57025,.,.
p38_conventional_hydroelectric_1,1963.0,0,57025,.,.
p38_conventional_hydroelectric_1,1964.0,0,57025,.,.
p38_conventional_hydroelectric_1,1965.0,0,57025,.,.
p38_conventional_hydroelectric_1,1966.0,0,57025,.,.
p38_conventional_steam_coal_1,1975.0,0,94029.3333333333,.,.
p38_natural_gas_fired_combined_cycle_1,2012.0,0,19989,.,.
p38_natural_gas_fired_combined_cycle_2,2012.0,0,19989,.,.
p38_natural_gas_fired_combustion_turbine_1,1540.0,0,12303,.,.
p38_natural_gas_fired_combustion_turbine_1,2005.0,0,12303,.,.
p38_natural_gas_fired_combustion_turbine_1,2006.0,0,12303,.,.
p38_natural_gas_fired_combustion_turbine_1,2008.0,0,12303,.,.
p38_natural_gas_fired_combustion_turbine_1,2013.0,0,12303,.,.
p38_natural_gas_fired_combustion_turbine_1,2021.0,0,12303,.,.
p38_onshore_wind_turbine_1,2003.0,0,31648,.,.
p38_onshore_wind_turbine_1,2009.0,0,31648,.,.
p38_onshore_wind_turbine_1,2010.0,0,31648,.,.
p38_onshore_wind_turbine_1,2011.0,0,31648,.,.
p38_onshore_wind_turbine_1,2014.0,0,31648,.,.
p38_onshore_wind_turbine_1,2015.0,0,31648,.,.
p38_onshore_wind_turbine_1,2018.0,0,31648,.,.
p38_onshore_wind_turbine_1,2019.0,0,31648,.,.
p38_onshore_wind_turbine_1,2020.0,0,31648,.,.
p38_onshore_wind_turbine_1,2021.0,0,31648,.,.
p38_onshore_wind_turbine_1,2022.0,0,31648,.,.
p38_onshore_wind_turbine_1,2023.0,0,31648,.,.
p38_other_peaker_1,1974.0,0,25800,.,.
p38_other_peaker_1,1975.0,0,25800,.,.
p38_other_peaker_1,2019.0,0,25800,.,.
p38_other_peaker_1,2021.0,0,25800,.,.
p38_other_peaker_1,2022.0,0,25800,.,.
p38_petroleum_liquids_1,1963.0,0,25800,.,.
p38_petroleum_liquids_1,1969.0,0,25800,.,.
p38_petroleum_liquids_1,1970.0,0,25800,.,.
p38_petroleum_liquids_1,1974.0,0,25800,.,.
p38_petroleum_liquids_1,1975.0,0,25800,.,.
p38_petroleum_liquids_1,1978.0,0,25800,.,.
p38_petroleum_liquids_1,2001.0,0,25800,.,.
p38_petroleum_liquids_1,2002.0,0,25800,.,.
p38_petroleum_liquids_1,2004.0,0,25800,.,.
p38_solar_photovoltaic_1,2016.0,0,21608,.,.
p38_solar_photovoltaic_1,2025.0,0,21608,.,.
p39_conventional_hydroelectric_1,1984.0,0,57025,.,.
p39_onshore_wind_turbine_1,2018.0,0,31648,.,.
p39_other_peaker_1,1949.0,0,25800,.,.
p39_other_peaker_1,1955.0,0,25800,.,.
p39_other_peaker_1,2023.0,0,25800,.,.
p39_petroleum_liquids_1,1931.0,0,25800,.,.
p39_petroleum_liquids_1,1982.0,0,25800,.,.
p39_solar_photovoltaic_1,2020.0,0,21608,.,.
p4_conventional_hydroelectric_1,1941.0,0,57025,.,.
p4_conventional_hydroelectric_1,1942.0,0,57025,.,.
p4_conventional_hydroelectric_1,1943.0,0,57025,.,.
p4_conventional_hydroelectric_1,1944.0,0,57025,.,.
p4_conventional_hydroelectric_1,1947.0,0,57025,.,.
p4_conventional_hydroelectric_1,1948.0,0,57025,.,.
p4_conventional_hydroelectric_1,1949.0,0,57025,.,.
p4_conventional_hydroelectric_1,1950.0,0,57025,.,.
p4_conventional_hydroelectric_1,1951.0,0,57025,.,.
p4_conventional_hydroelectric_1,1955.0,0,57025,.,.
p4_conventional_hydroelectric_1,1956.0,0,57025,.,.
p4_conventional_hydroelectric_1,1957.0,0,57025,.,.
p4_conventional_hydroelectric_1,1958.0,0,57025,.,.
p4_conventional_hydroelectric_1,1959.0,0,57025,.,.
p4_conventional_hydroelectric_1,1960.0,0,57025,.,.
p4_conventional_hydroelectric_1,1961.0,0,57025,.,.
p4_conventional_hydroelectric_1,1967.0,0,57025,.,.
p4_conventional_hydroelectric_1,1968.0,0,57025,.,.
p4_conventional_hydroelectric_1,1969.0,0,57025,.,.
p4_conventional_hydroelectric_1,1973.0,0,57025,.,.
p4_conventional_hydroelectric_1,1974.0,0,57025,.,.
p4_conventional_hydroelectric_1,1975.0,0,57025,.,.
p4_conventional_hydroelectric_1,1976.0,0,57025,.,.
p4_conventional_hydroelectric_1,1977.0,0,57025,.,.
p4_conventional_hydroelectric_1,1978.0,0,57025,.,.
p4_conventional_hydroelectric_1,1979.0,0,57025,.,.
p4_conventional_hydroelectric_1,1980.0,0,57025,.,.
p4_conventional_hydroelectric_1,1985.0,0,57025,.,.
p4_conventional_hydroelectric_1,2011.0,0,57025,.,.
p4_conventional_hydroelectric_1,2012.0,0,57025,.,.
p4_conventional_hydroelectric_1,2013.0,0,57025,.,.
p4_conventional_hydroelectric_1,2014.0,0,57025,.,.
p4_conventional_hydroelectric_1,2015.0,0,57025,.,.
p4_conventional_hydroelectric_1,2016.0,0,57025,.,.
p4_conventional_hydroelectric_1,2017.0,0,57025,.,.
p4_conventional_hydroelectric_1,2018.0,0,57025,.,.
p4_conventional_hydroelectric_1,2020.0,0,57025,.,.
p4_hydroelectric_pumped_storage_1,1973.0,0,57025,0,0
p4_hydroelectric_pumped_storage_1,1983.0,0,57025,0,0
p4_hydroelectric_pumped_storage_1,1984.0,0,57025,0,0
p4_small_hydroelectric_1,1985.0,0,57025,.,.
p4_small_hydroelectric_1,1987.0,0,57025,.,.
p4_small_hydroelectric_1,1990.0,0,57025,.,.
p4_solar_photovoltaic_1,2026.0,0,21608,.,.
p40_batteries_1,2020.0,0,8671,0,0
p40_batteries_1,2022.0,0,8671,0,0
p40_conventional_hydroelectric_1,1936.0,0,57025,.,.
p40_conventional_hydroelectric_1,1956.0,0,57025,.,.
p40_conventional_hydroelectric_1,1957.0,0,57025,.,.
p40_conventional_steam_coal_1,1981.0,0,90333.6666666667,.,.
p40_conventional_steam_coal_1,1982.0,0,90333.6666666667,.,.
p40_conventional_steam_coal_1,2011.0,0,90333.6666666667,.,.
p40_conventional_steam_coal_2,1979.0,0,69871,.,.
p40_conventional_steam_coal_2,1982.0,0,69871,.,.
p40_conventional_steam_coal_2,2010.0,0,69871,.,.
p40_natural_gas_fired_combined_cycle_1,2005.0,0,19989,.,.
p40_natural_gas_fired_combustion_turbine_1,1968.0,0,13465,.,.
p40_natural_gas_fired_combustion_turbine_1,1972.0,0,13465,.,.
p40_natural_gas_fired_combustion_turbine_1,2003.0,0,13465,.,.
p40_onshore_wind_turbine_1,2005.0,0,31648,.,.
p40_onshore_wind_turbine_1,2009.0,0,31648,.,.
p40_onshore_wind_turbine_1,2011.0,0,31648,.,.
p40_onshore_wind_turbine_1,2012.0,0,31648,.,.
p40_onshore_wind_turbine_1,2014.0,0,31648,.,.
p40_onshore_wind_turbine_1,2015.0,0,31648,.,.
p40_onshore_wind_turbine_1,2016.0,0,31648,.,.
p40_onshore_wind_turbine_1,2017.0,0,31648,.,.
p40_onshore_wind_turbine_1,2018.0,0,31648,.,.
p40_onshore_wind_turbine_1,2019.0,0,31648,.,.
p40_onshore_wind_turbine_1,2020.0,0,31648,.,.
p40_onshore_wind_turbine_1,2021.0,0,31648,.,.
p40_onshore_wind_turbine_1,2022.0,0,31648,.,.
p40_other_peaker_1,1947.0,0,25800,.,.
p40_other_peaker_1,1951.0,0,25800,.,.
p40_other_peaker_1,1952.0,0,25800,.,.
p40_other_peaker_1,1953.0,0,25800,.,.
p40_other_peaker_1,1955.0,0,25800,.,.
p40_other_peaker_1,1956.0,0,25800,.,.
p40_other_peaker_1,1957.0,0,25800,.,.
p40_other_peaker_1,1958.0,0,25800,.,.
p40_other_peaker_1,1959.0,0,25800,.,.
p40_other_peaker_1,1960.0,0,25800,.,.
p40_other_peaker_1,1961.0,0,25800,.,.
p40_other_peaker_1,1963.0,0,25800,.,.
p40_other_peaker_1,1965.0,0,25800,.,.
p40_other_peaker_1,1966.0,0,25800,.,.
p40_other_peaker_1,1967.0,0,25800,.,.
p40_other_peaker_1,1968.0,0,25800,.,.
p40_other_peaker_1,1969.0,0,25800,.,.
p40_other_peaker_1,1970.0,0,25800,.,.
p40_other_peaker_1,1972.0,0,25800,.,.
p40_other_peaker_1,1973.0,0,25800,.,.
p40_other_peaker_1,1974.0,0,25800,.,.
p40_other_peaker_1,1975.0,0,25800,.,.
p40_other_peaker_1,1976.0,0,25800,.,.
p40_other_peaker_1,1992.0,0,25800,.,.
p40_petroleum_liquids_1,1915.0,0,25800,.,.
p40_petroleum_liquids_1,1936.0,0,25800,.,.
p40_petroleum_liquids_1,1945.0,0,25800,.,.
p40_petroleum_liquids_1,1947.0,0,25800,.,.
p40_petroleum_liquids_1,1949.0,0,25800,.,.
p40_petroleum_liquids_1,1951.0,0,25800,.,.
p40_petroleum_liquids_1,1953.0,0,25800,.,.
p40_petroleum_liquids_1,1954.0,0,25800,.,.
p40_petroleum_liquids_1,1955.0,0,25800,.,.
p40_petroleum_liquids_1,1956.0,0,25800,.,.
p40_petroleum_liquids_1,1957.0,0,25800,.,.
p40_petroleum_liquids_1,1959.0,0,25800,.,.
p40_petroleum_liquids_1,1960.0,0,25800,.,.
p40_petroleum_liquids_1,1961.0,0,25800,.,.
p40_petroleum_liquids_1,1963.0,0,25800,.,.
p40_petroleum_liquids_1,1964.0,0,25800,.,.
p40_petroleum_liquids_1,1966.0,0,25800,.,.
p40_petroleum_liquids_1,1968.0,0,25800,.,.
p40_petroleum_liquids_1,1969.0,0,25800,.,.
p40_petroleum_liquids_1,1971.0,0,25800,.,.
p40_petroleum_liquids_1,1972.0,0,25800,.,.
p40_petroleum_liquids_1,1973.0,0,25800,.,.
p40_petroleum_liquids_1,1975.0,0,25800,.,.
p40_petroleum_liquids_1,1980.0,0,25800,.,.
p40_petroleum_liquids_1,1983.0,0,25800,.,.
p40_petroleum_liquids_1,1987.0,0,25800,.,.
p40_petroleum_liquids_1,1994.0,0,25800,.,.
p40_petroleum_liquids_1,1996.0,0,25800,.,.
p40_petroleum_liquids_1,1997.0,0,25800,.,.
p40_petroleum_liquids_1,1998.0,0,25800,.,.
p40_petroleum_liquids_1,1999.0,0,25800,.,.
p40_petroleum_liquids_1,2005.0,0,25800,.,.
p40_petroleum_liquids_1,2006.0,0,25800,.,.
p40_petroleum_liquids_1,2010.0,0,25800,.,.
p40_small_hydroelectric_1,1919.0,0,57025,.,.
p40_small_hydroelectric_1,1921.0,0,57025,.,.
p40_small_hydroelectric_1,1935.0,0,57025,.,.
p40_small_hydroelectric_1,1936.0,0,57025,.,.
p40_small_hydroelectric_1,1941.0,0,57025,.,.
p40_small_hydroelectric_1,1956.0,0,57025,.,.
p40_solar_photovoltaic_1,2016.0,0,21608,.,.
p40_solar_photovoltaic_1,2017.0,0,21608,.,.
p40_solar_photovoltaic_1,2019.0,0,21608,.,.
p40_solar_photovoltaic_1,2021.0,0,21608,.,.
p40_solar_photovoltaic_1,2022.0,0,21608,.,.
p40_solar_photovoltaic_1,2023.0,0,21608,.,.
p40_solar_photovoltaic_1,2024.0,0,21608,.,.
p40_solar_photovoltaic_1,2025.0,0,21608,.,.
p41_batteries_1,2021.0,0,8671,0,0
p41_batteries_1,2023.0,0,8671,0,0
p41_biomass_1,1525.0,0,163666,.,.
p41_biomass_1,1985.0,0,163666,.,.
p41_biomass_1,2001.0,0,163666,.,.
p41_biomass_1,2014.0,0,163666,.,.
p41_conventional_steam_coal_1,1957.0,0,91837.6666666667,.,.
p41_conventional_steam_coal_1,1961.0,0,91837.6666666667,.,.
p41_conventional_steam_coal_1,1963.0,0,91837.6666666667,.,.
p41_conventional_steam_coal_1,1965.0,0,91837.6666666667,.,.
p41_conventional_steam_coal_1,1968.0,0,91837.6666666667,.,.
p41_conventional_steam_coal_1,1976.0,0,91837.6666666667,.,.
p41_conventional_steam_coal_2,1979.0,0,70819.3333333333,.,.
p41_conventional_steam_coal_2,2009.0,0,70819.3333333333,.,.
p41_natural_gas_fired_combined_cycle_1,2003.0,0,19989,.,.
p41_natural_gas_fired_combined_cycle_1,2004.0,0,19989,.,.
p41_natural_gas_fired_combustion_turbine_1,1972.0,0,11392,.,.
p41_natural_gas_fired_combustion_turbine_1,1975.0,0,11392,.,.
p41_natural_gas_fired_combustion_turbine_1,1996.0,0,11392,.,.
p41_natural_gas_fired_combustion_turbine_1,1997.0,0,11392,.,.
p41_natural_gas_fired_combustion_turbine_1,2000.0,0,11392,.,.
p41_natural_gas_fired_combustion_turbine_1,2001.0,0,11392,.,.
p41_natural_gas_fired_combustion_turbine_1,2003.0,0,11392,.,.
p41_natural_gas_fired_combustion_turbine_1,2025.0,0,11392,.,.
p41_natural_gas_fired_combustion_turbine_1,2028.0,0,11392,.,.
p41_natural_gas_fired_combustion_turbine_1,2029.0,0,11392,.,.
p41_nuclear_1,1974.0,0,416898,.,.
p41_onshore_wind_turbine_1,2010.0,0,31648,.,.
p41_onshore_wind_turbine_1,2013.0,0,31648,.,.
p41_onshore_wind_turbine_1,2020.0,0,31648,.,.
p41_other_peaker_1,1526.0,0,25800,.,.
p41_other_peaker_1,1946.0,0,25800,.,.
p41_other_peaker_1,1947.0,0,25800,.,.
p41_other_peaker_1,1950.0,0,25800,.,.
p41_other_peaker_1,1952.0,0,25800,.,.
p41_other_peaker_1,1955.0,0,25800,.,.
p41_other_peaker_1,1957.0,0,25800,.,.
p41_other_peaker_1,1958.0,0,25800,.,.
p41_other_peaker_1,1960.0,0,25800,.,.
p41_other_peaker_1,1964.0,0,25800,.,.
p41_other_peaker_1,1965.0,0,25800,.,.
p41_other_peaker_1,1968.0,0,25800,.,.
p41_other_peaker_1,1969.0,0,25800,.,.
p41_other_peaker_1,1970.0,0,25800,.,.
p41_other_peaker_1,1971.0,0,25800,.,.
p41_other_peaker_1,1972.0,0,25800,.,.
p41_other_peaker_1,1973.0,0,25800,.,.
p41_other_peaker_1,1974.0,0,25800,.,.
p41_other_peaker_1,1979.0,0,25800,.,.
p41_other_peaker_1,1982.0,0,25800,.,.
p41_other_peaker_1,1988.0,0,25800,.,.
p41_other_peaker_1,1993.0,0,25800,.,.
p41_other_peaker_1,1998.0,0,25800,.,.
p41_other_peaker_1,2018.0,0,25800,.,.
p41_other_peaker_1,2025.0,0,25800,.,.
p41_petroleum_liquids_1,1930.0,0,25800,.,.
p41_petroleum_liquids_1,1936.0,0,25800,.,.
p41_petroleum_liquids_1,1937.0,0,25800,.,.
p41_petroleum_liquids_1,1948.0,0,25800,.,.
p41_petroleum_liquids_1,1949.0,0,25800,.,.
p41_petroleum_liquids_1,1953.0,0,25800,.,.
p41_petroleum_liquids_1,1960.0,0,25800,.,.
p41_petroleum_liquids_1,1967.0,0,25800,.,.
p41_petroleum_liquids_1,1973.0,0,25800,.,.
p41_petroleum_liquids_1,1982.0,0,25800,.,.
p41_petroleum_liquids_1,1987.0,0,25800,.,.
p41_petroleum_liquids_1,1993.0,0,25800,.,.
p41_petroleum_liquids_1,1996.0,0,25800,.,.
p41_petroleum_liquids_1,1997.0,0,25800,.,.
p41_petroleum_liquids_1,1998.0,0,25800,.,.
p41_petroleum_liquids_1,2004.0,0,25800,.,.
p41_petroleum_liquids_1,2020.0,0,25800,.,.
p41_solar_photovoltaic_1,2016.0,0,21608,.,.
p41_solar_photovoltaic_1,2018.0,0,21608,.,.
p41_solar_photovoltaic_1,2019.0,0,21608,.,.
p41_solar_photovoltaic_1,2021.0,0,21608,.,.
p41_solar_photovoltaic_1,2023.0,0,21608,.,.
p41_solar_photovoltaic_1,2024.0,0,21608,.,.
p42_biomass_1,2015.0,0,163666,.,.
p42_conventional_hydroelectric_1,1924.0,0,57025,.,.
p42_conventional_hydroelectric_1,1946.0,0,57025,.,.
p42_conventional_steam_coal_1,1948.0,0,79915.3333333333,.,.
p42_conventional_steam_coal_1,1954.0,0,79915.3333333333,.,.
p42_conventional_steam_coal_1,1961.0,0,79915.3333333333,.,.
p42_conventional_steam_coal_1,1975.0,0,79915.3333333333,.,.
p42_conventional_steam_coal_1,1990.0,0,79915.3333333333,.,.
p42_natural_gas_fired_combustion_turbine_1,2003.0,0,16032,.,.
p42_onshore_wind_turbine_1,1999.0,0,31648,.,.
p42_onshore_wind_turbine_1,2001.0,0,31648,.,.
p42_onshore_wind_turbine_1,2014.0,0,31648,.,.
p42_onshore_wind_turbine_1,2020.0,0,31648,.,.
p42_petroleum_liquids_1,1948.0,0,25800,.,.
p42_petroleum_liquids_1,1952.0,0,25800,.,.
p42_petroleum_liquids_1,1956.0,0,25800,.,.
p42_petroleum_liquids_1,1968.0,0,25800,.,.
p42_petroleum_liquids_1,2001.0,0,25800,.,.
p42_petroleum_liquids_1,2005.0,0,25800,.,.
p42_petroleum_liquids_1,2007.0,0,25800,.,.
p42_petroleum_liquids_1,2011.0,0,25800,.,.
p42_small_hydroelectric_1,1927.0,0,57025,.,.
p42_solar_photovoltaic_1,2020.0,0,21608,.,.
p42_solar_photovoltaic_1,2024.0,0,21608,.,.
p43_batteries_1,2018.0,0,8671,0,0
p43_batteries_1,2022.0,0,8671,0,0
p43_batteries_1,2025.0,0,8671,0,0
p43_batteries_1,2027.0,0,8671,0,0
p43_biomass_1,1527.0,0,163666,.,.
p43_biomass_1,1949.0,0,163666,.,.
p43_biomass_1,1951.0,0,163666,.,.
p43_biomass_1,1976.0,0,163666,.,.
p43_biomass_1,1987.0,0,163666,.,.
p43_biomass_1,1989.0,0,163666,.,.
p43_biomass_1,1997.0,0,163666,.,.
p43_biomass_1,2001.0,0,163666,.,.
p43_biomass_1,2003.0,0,163666,.,.
p43_biomass_1,2008.0,0,163666,.,.
p43_biomass_1,2009.0,0,163666,.,.
p43_biomass_1,2010.0,0,163666,.,.
p43_biomass_1,2012.0,0,163666,.,.
p43_biomass_1,2013.0,0,163666,.,.
p43_conventional_hydroelectric_1,1907.0,0,57025,.,.
p43_conventional_hydroelectric_1,1914.0,0,57025,.,.
p43_conventional_hydroelectric_1,1919.0,0,57025,.,.
p43_conventional_hydroelectric_1,1949.0,0,57025,.,.
p43_conventional_hydroelectric_1,2025.0,0,57025,.,.
p43_conventional_steam_coal_1,1530.0,0,80606.3333333333,.,.
p43_conventional_steam_coal_1,1973.0,0,80606.3333333333,.,.
p43_conventional_steam_coal_1,1980.0,0,80606.3333333333,.,.
p43_conventional_steam_coal_2,1530.0,0,72311,.,.
p43_conventional_steam_coal_2,1534.0,0,72311,.,.
p43_natural_gas_fired_combined_cycle_1,1531.0,0,19989,.,.
p43_natural_gas_fired_combined_cycle_1,1994.0,0,19989,.,.
p43_natural_gas_fired_combined_cycle_1,1997.0,0,19989,.,.
p43_natural_gas_fired_combined_cycle_1,2005.0,0,19989,.,.
p43_natural_gas_fired_combined_cycle_1,2007.0,0,19989,.,.
p43_natural_gas_fired_combined_cycle_1,2019.0,0,19989,.,.
p43_natural_gas_fired_combined_cycle_2,1987.0,0,11863,.,.
p43_natural_gas_fired_combined_cycle_2,2008.0,0,11863,.,.
p43_natural_gas_fired_combined_cycle_2,2009.0,0,11863,.,.
p43_natural_gas_fired_combustion_turbine_1,1530.0,0,12380,.,.
p43_natural_gas_fired_combustion_turbine_1,1558.0,0,12380,.,.
p43_natural_gas_fired_combustion_turbine_1,1975.0,0,12380,.,.
p43_natural_gas_fired_combustion_turbine_1,1982.0,0,12380,.,.
p43_natural_gas_fired_combustion_turbine_1,1996.0,0,12380,.,.
p43_natural_gas_fired_combustion_turbine_1,2001.0,0,12380,.,.
p43_natural_gas_fired_combustion_turbine_1,2002.0,0,12380,.,.
p43_natural_gas_fired_combustion_turbine_1,2005.0,0,12380,.,.
p43_natural_gas_fired_combustion_turbine_1,2007.0,0,12380,.,.
p43_natural_gas_fired_combustion_turbine_1,2008.0,0,12380,.,.
p43_natural_gas_fired_combustion_turbine_1,2009.0,0,12380,.,.
p43_natural_gas_fired_combustion_turbine_1,2017.0,0,12380,.,.
p43_nuclear_1,1971.0,0,302143,.,.
p43_nuclear_1,1974.0,0,302143,.,.
p43_onshore_wind_turbine_1,2002.0,0,31648,.,.
p43_onshore_wind_turbine_1,2003.0,0,31648,.,.
p43_onshore_wind_turbine_1,2004.0,0,31648,.,.
p43_onshore_wind_turbine_1,2005.0,0,31648,.,.
p43_onshore_wind_turbine_1,2006.0,0,31648,.,.
p43_onshore_wind_turbine_1,2008.0,0,31648,.,.
p43_onshore_wind_turbine_1,2009.0,0,31648,.,.
p43_onshore_wind_turbine_1,2010.0,0,31648,.,.
p43_onshore_wind_turbine_1,2011.0,0,31648,.,.
p43_onshore_wind_turbine_1,2016.0,0,31648,.,.
p43_onshore_wind_turbine_1,2018.0,0,31648,.,.
p43_onshore_wind_turbine_1,2026.0,0,31648,.,.
p43_other_peaker_1,1944.0,0,25800,.,.
p43_other_peaker_1,1951.0,0,25800,.,.
p43_other_peaker_1,1953.0,0,25800,.,.
p43_other_peaker_1,1957.0,0,25800,.,.
p43_other_peaker_1,1962.0,0,25800,.,.
p43_other_peaker_1,1965.0,0,25800,.,.
p43_other_peaker_1,1968.0,0,25800,.,.
p43_other_peaker_1,1969.0,0,25800,.,.
p43_other_peaker_1,1971.0,0,25800,.,.
p43_other_peaker_1,1972.0,0,25800,.,.
p43_other_peaker_1,1974.0,0,25800,.,.
p43_other_peaker_1,1980.0,0,25800,.,.
p43_other_peaker_1,1982.0,0,25800,.,.
p43_other_peaker_1,1985.0,0,25800,.,.
p43_other_peaker_1,1996.0,0,25800,.,.
p43_other_peaker_1,1998.0,0,25800,.,.
p43_other_peaker_1,2013.0,0,25800,.,.
p43_other_peaker_1,2017.0,0,25800,.,.
p43_other_peaker_1,2018.0,0,25800,.,.
p43_other_peaker_1,2019.0,0,25800,.,.
p43_other_peaker_1,2025.0,0,25800,.,.
p43_petroleum_liquids_1,1526.0,0,25800,.,.
p43_petroleum_liquids_1,1945.0,0,25800,.,.
p43_petroleum_liquids_1,1946.0,0,25800,.,.
p43_petroleum_liquids_1,1948.0,0,25800,.,.
p43_petroleum_liquids_1,1953.0,0,25800,.,.
p43_petroleum_liquids_1,1957.0,0,25800,.,.
p43_petroleum_liquids_1,1963.0,0,25800,.,.
p43_petroleum_liquids_1,1966.0,0,25800,.,.
p43_petroleum_liquids_1,1967.0,0,25800,.,.
p43_petroleum_liquids_1,1969.0,0,25800,.,.
p43_petroleum_liquids_1,1972.0,0,25800,.,.
p43_petroleum_liquids_1,1973.0,0,25800,.,.
p43_petroleum_liquids_1,1974.0,0,25800,.,.
p43_petroleum_liquids_1,1975.0,0,25800,.,.
p43_petroleum_liquids_1,1978.0,0,25800,.,.
p43_petroleum_liquids_1,1980.0,0,25800,.,.
p43_petroleum_liquids_1,1985.0,0,25800,.,.
p43_petroleum_liquids_1,1989.0,0,25800,.,.
p43_petroleum_liquids_1,1994.0,0,25800,.,.
p43_petroleum_liquids_1,1995.0,0,25800,.,.
p43_petroleum_liquids_1,1997.0,0,25800,.,.
p43_petroleum_liquids_1,1998.0,0,25800,.,.
p43_petroleum_liquids_1,1999.0,0,25800,.,.
p43_petroleum_liquids_1,2000.0,0,25800,.,.
p43_petroleum_liquids_1,2001.0,0,25800,.,.
p43_petroleum_liquids_1,2002.0,0,25800,.,.
p43_petroleum_liquids_1,2003.0,0,25800,.,.
p43_petroleum_liquids_1,2004.0,0,25800,.,.
p43_petroleum_liquids_1,2005.0,0,25800,.,.
p43_petroleum_liquids_1,2006.0,0,25800,.,.
p43_petroleum_liquids_1,2009.0,0,25800,.,.
p43_petroleum_liquids_1,2010.0,0,25800,.,.
p43_petroleum_liquids_1,2011.0,0,25800,.,.
p43_petroleum_liquids_1,2012.0,0,25800,.,.
p43_petroleum_liquids_1,2014.0,0,25800,.,.
p43_petroleum_liquids_1,2020.0,0,25800,.,.
p43_petroleum_liquids_1,2021.0,0,25800,.,.
p43_petroleum_liquids_1,2022.0,0,25800,.,.
p43_petroleum_liquids_1,2023.0,0,25800,.,.
p43_petroleum_liquids_1,2028.0,0,25800,.,.
p43_small_hydroelectric_1,1906.0,0,57025,.,.
p43_small_hydroelectric_1,1913.0,0,57025,.,.
p43_small_hydroelectric_1,1914.0,0,57025,.,.
p43_small_hydroelectric_1,1915.0,0,57025,.,.
p43_small_hydroelectric_1,1917.0,0,57025,.,.
p43_small_hydroelectric_1,1919.0,0,57025,.,.
p43_small_hydroelectric_1,1920.0,0,57025,.,.
p43_small_hydroelectric_1,1922.0,0,57025,.,.
p43_small_hydroelectric_1,1923.0,0,57025,.,.
p43_small_hydroelectric_1,1924.0,0,57025,.,.
p43_small_hydroelectric_1,1925.0,0,57025,.,.
p43_small_hydroelectric_1,1929.0,0,57025,.,.
p43_small_hydroelectric_1,1936.0,0,57025,.,.
p43_small_hydroelectric_1,1940.0,0,57025,.,.
p43_small_hydroelectric_1,1943.0,0,57025,.,.
p43_small_hydroelectric_1,1950.0,0,57025,.,.
p43_small_hydroelectric_1,1954.0,0,57025,.,.
p43_small_hydroelectric_1,1955.0,0,57025,.,.
p43_small_hydroelectric_1,1979.0,0,57025,.,.
p43_small_hydroelectric_1,1980.0,0,57025,.,.
p43_small_hydroelectric_1,1984.0,0,57025,.,.
p43_small_hydroelectric_1,1985.0,0,57025,.,.
p43_small_hydroelectric_1,1988.0,0,57025,.,.
p43_small_hydroelectric_1,1992.0,0,57025,.,.
p43_small_hydroelectric_1,2011.0,0,57025,.,.
p43_solar_photovoltaic_1,2015.0,0,21608,.,.
p43_solar_photovoltaic_1,2016.0,0,21608,.,.
p43_solar_photovoltaic_1,2017.0,0,21608,.,.
p43_solar_photovoltaic_1,2018.0,0,21608,.,.
p43_solar_photovoltaic_1,2019.0,0,21608,.,.
p43_solar_photovoltaic_1,2020.0,0,21608,.,.
p43_solar_photovoltaic_1,2021.0,0,21608,.,.
p43_solar_photovoltaic_1,2022.0,0,21608,.,.
p43_solar_photovoltaic_1,2023.0,0,21608,.,.
p43_solar_photovoltaic_1,2024.0,0,21608,.,.
p43_solar_photovoltaic_1,2025.0,0,21608,.,.
p43_solar_photovoltaic_1,2026.0,0,21608,.,.
p43_waste_heat_1,2006.0,0,163666,.,.
p44_batteries_1,2024.0,0,8671,0,0
p44_conventional_steam_coal_1,1976.0,0,79915.3333333333,.,.
p44_onshore_wind_turbine_1,1998.0,0,31648,.,.
p44_onshore_wind_turbine_1,1999.0,0,31648,.,.
p44_onshore_wind_turbine_1,2000.0,0,31648,.,.
p44_onshore_wind_turbine_1,2001.0,0,31648,.,.
p44_onshore_wind_turbine_1,2002.0,0,31648,.,.
p44_onshore_wind_turbine_1,2003.0,0,31648,.,.
p44_onshore_wind_turbine_1,2004.0,0,31648,.,.
p44_onshore_wind_turbine_1,2005.0,0,31648,.,.
p44_onshore_wind_turbine_1,2006.0,0,31648,.,.
p44_onshore_wind_turbine_1,2007.0,0,31648,.,.
p44_onshore_wind_turbine_1,2008.0,0,31648,.,.
p44_onshore_wind_turbine_1,2009.0,0,31648,.,.
p44_onshore_wind_turbine_1,2010.0,0,31648,.,.
p44_onshore_wind_turbine_1,2011.0,0,31648,.,.
p44_onshore_wind_turbine_1,2012.0,0,31648,.,.
p44_onshore_wind_turbine_1,2017.0,0,31648,.,.
p44_onshore_wind_turbine_1,2018.0,0,31648,.,.
p44_onshore_wind_turbine_1,2019.0,0,31648,.,.
p44_onshore_wind_turbine_1,2020.0,0,31648,.,.
p44_onshore_wind_turbine_1,2021.0,0,31648,.,.
p44_onshore_wind_turbine_1,2022.0,0,31648,.,.
p44_onshore_wind_turbine_1,2023.0,0,31648,.,.
p44_other_peaker_1,1974.0,0,25800,.,.
p44_petroleum_liquids_1,1967.0,0,25800,.,.
p44_petroleum_liquids_1,1969.0,0,25800,.,.
p44_petroleum_liquids_1,1970.0,0,25800,.,.
p44_petroleum_liquids_1,2001.0,0,25800,.,.
p44_petroleum_liquids_1,2002.0,0,25800,.,.
p44_petroleum_liquids_1,2003.0,0,25800,.,.
p44_petroleum_liquids_1,2005.0,0,25800,.,.
p44_petroleum_liquids_1,2022.0,0,25800,.,.
p44_small_hydroelectric_1,1932.0,0,57025,.,.
p44_small_hydroelectric_1,1940.0,0,57025,.,.
p44_small_hydroelectric_1,1986.0,0,57025,.,.
p44_small_hydroelectric_1,2013.0,0,57025,.,.
p44_solar_photovoltaic_1,2013.0,0,21608,.,.
p44_solar_photovoltaic_1,2017.0,0,21608,.,.
p44_solar_photovoltaic_1,2018.0,0,21608,.,.
p44_solar_photovoltaic_1,2019.0,0,21608,.,.
p44_solar_photovoltaic_1,2020.0,0,21608,.,.
p44_solar_photovoltaic_1,2021.0,0,21608,.,.
p44_solar_photovoltaic_1,2022.0,0,21608,.,.
p44_solar_photovoltaic_1,2023.0,0,21608,.,.
p44_solar_photovoltaic_1,2024.0,0,21608,.,.
p44_solar_photovoltaic_1,2025.0,0,21608,.,.
p45_batteries_1,2022.0,0,8671,0,0
p45_biomass_1,1987.0,0,163666,.,.
p45_biomass_1,2006.0,0,163666,.,.
p45_conventional_steam_coal_1,1978.0,0,70973.3333333333,.,.
p45_conventional_steam_coal_1,2007.0,0,70973.3333333333,.,.
p45_conventional_steam_coal_2,1975.0,0,80628,.,.
p45_conventional_steam_coal_2,1979.0,0,80628,.,.
p45_natural_gas_fired_combined_cycle_1,2004.0,0,11863,.,.
p45_natural_gas_fired_combustion_turbine_1,2004.0,0,14193,.,.
p45_natural_gas_fired_combustion_turbine_1,2007.0,0,14193,.,.
p45_onshore_wind_turbine_1,1527.0,0,31648,.,.
p45_onshore_wind_turbine_1,1999.0,0,31648,.,.
p45_onshore_wind_turbine_1,2000.0,0,31648,.,.
p45_onshore_wind_turbine_1,2002.0,0,31648,.,.
p45_onshore_wind_turbine_1,2003.0,0,31648,.,.
p45_onshore_wind_turbine_1,2004.0,0,31648,.,.
p45_onshore_wind_turbine_1,2005.0,0,31648,.,.
p45_onshore_wind_turbine_1,2006.0,0,31648,.,.
p45_onshore_wind_turbine_1,2007.0,0,31648,.,.
p45_onshore_wind_turbine_1,2008.0,0,31648,.,.
p45_onshore_wind_turbine_1,2009.0,0,31648,.,.
p45_onshore_wind_turbine_1,2011.0,0,31648,.,.
p45_onshore_wind_turbine_1,2012.0,0,31648,.,.
p45_onshore_wind_turbine_1,2014.0,0,31648,.,.
p45_onshore_wind_turbine_1,2015.0,0,31648,.,.
p45_onshore_wind_turbine_1,2016.0,0,31648,.,.
p45_onshore_wind_turbine_1,2017.0,0,31648,.,.
p45_onshore_wind_turbine_1,2018.0,0,31648,.,.
p45_onshore_wind_turbine_1,2019.0,0,31648,.,.
p45_onshore_wind_turbine_1,2020.0,0,31648,.,.
p45_onshore_wind_turbine_1,2021.0,0,31648,.,.
p45_onshore_wind_turbine_1,2022.0,0,31648,.,.
p45_onshore_wind_turbine_1,2025.0,0,31648,.,.
p45_other_peaker_1,1960.0,0,25800,.,.
p45_other_peaker_1,1969.0,0,25800,.,.
p45_other_peaker_1,2018.0,0,25800,.,.
p45_other_peaker_1,2019.0,0,25800,.,.
p45_other_peaker_1,2023.0,0,25800,.,.
p45_other_peaker_1,2026.0,0,25800,.,.
p45_petroleum_liquids_1,1525.0,0,25800,.,.
p45_petroleum_liquids_1,1928.0,0,25800,.,.
p45_petroleum_liquids_1,1946.0,0,25800,.,.
p45_petroleum_liquids_1,1948.0,0,25800,.,.
p45_petroleum_liquids_1,1949.0,0,25800,.,.
p45_petroleum_liquids_1,1950.0,0,25800,.,.
p45_petroleum_liquids_1,1954.0,0,25800,.,.
p45_petroleum_liquids_1,1958.0,0,25800,.,.
p45_petroleum_liquids_1,1959.0,0,25800,.,.
p45_petroleum_liquids_1,1962.0,0,25800,.,.
p45_petroleum_liquids_1,1965.0,0,25800,.,.
p45_petroleum_liquids_1,1966.0,0,25800,.,.
p45_petroleum_liquids_1,1968.0,0,25800,.,.
p45_petroleum_liquids_1,1970.0,0,25800,.,.
p45_petroleum_liquids_1,1971.0,0,25800,.,.
p45_petroleum_liquids_1,1973.0,0,25800,.,.
p45_petroleum_liquids_1,1976.0,0,25800,.,.
p45_petroleum_liquids_1,1979.0,0,25800,.,.
p45_petroleum_liquids_1,1987.0,0,25800,.,.
p45_petroleum_liquids_1,1990.0,0,25800,.,.
p45_petroleum_liquids_1,1991.0,0,25800,.,.
p45_petroleum_liquids_1,1994.0,0,25800,.,.
p45_petroleum_liquids_1,1995.0,0,25800,.,.
p45_petroleum_liquids_1,1997.0,0,25800,.,.
p45_petroleum_liquids_1,1998.0,0,25800,.,.
p45_petroleum_liquids_1,1999.0,0,25800,.,.
p45_petroleum_liquids_1,2000.0,0,25800,.,.
p45_petroleum_liquids_1,2001.0,0,25800,.,.
p45_petroleum_liquids_1,2002.0,0,25800,.,.
p45_petroleum_liquids_1,2003.0,0,25800,.,.
p45_petroleum_liquids_1,2005.0,0,25800,.,.
p45_petroleum_liquids_1,2006.0,0,25800,.,.
p45_petroleum_liquids_1,2012.0,0,25800,.,.
p45_petroleum_liquids_1,2013.0,0,25800,.,.
p45_petroleum_liquids_1,2016.0,0,25800,.,.
p45_petroleum_liquids_1,2018.0,0,25800,.,.
p45_petroleum_liquids_1,2022.0,0,25800,.,.
p45_petroleum_liquids_1,2024.0,0,25800,.,.
p45_solar_photovoltaic_1,2019.0,0,21608,.,.
p45_solar_photovoltaic_1,2022.0,0,21608,.,.
p46_biomass_1,1530.0,0,163666,.,.
p46_biomass_1,1952.0,0,163666,.,.
p46_biomass_1,2006.0,0,163666,.,.
p46_biomass_1,2007.0,0,163666,.,.
p46_biomass_1,2012.0,0,163666,.,.
p46_biomass_1,2013.0,0,163666,.,.
p46_conventional_steam_coal_1,1979.0,0,93384.3333333333,.,.
p46_natural_gas_fired_combustion_turbine_1,2001.0,0,13832,.,.
p46_natural_gas_fired_combustion_turbine_1,2025.0,0,13832,.,.
p46_other_peaker_1,1957.0,0,25800,.,.
p46_other_peaker_1,1966.0,0,25800,.,.
p46_other_peaker_1,1972.0,0,25800,.,.
p46_other_peaker_1,1987.0,0,25800,.,.
p46_other_peaker_1,2001.0,0,25800,.,.
p46_other_peaker_1,2025.0,0,25800,.,.
p46_petroleum_liquids_1,1530.0,0,25800,.,.
p46_petroleum_liquids_1,1930.0,0,25800,.,.
p46_petroleum_liquids_1,1939.0,0,25800,.,.
p46_petroleum_liquids_1,1940.0,0,25800,.,.
p46_petroleum_liquids_1,1945.0,0,25800,.,.
p46_petroleum_liquids_1,1947.0,0,25800,.,.
p46_petroleum_liquids_1,1948.0,0,25800,.,.
p46_petroleum_liquids_1,1949.0,0,25800,.,.
p46_petroleum_liquids_1,1954.0,0,25800,.,.
p46_petroleum_liquids_1,1955.0,0,25800,.,.
p46_petroleum_liquids_1,1956.0,0,25800,.,.
p46_petroleum_liquids_1,1963.0,0,25800,.,.
p46_petroleum_liquids_1,1968.0,0,25800,.,.
p46_petroleum_liquids_1,1970.0,0,25800,.,.
p46_petroleum_liquids_1,1975.0,0,25800,.,.
p46_petroleum_liquids_1,1979.0,0,25800,.,.
p46_petroleum_liquids_1,1988.0,0,25800,.,.
p46_petroleum_liquids_1,1989.0,0,25800,.,.
p46_petroleum_liquids_1,1995.0,0,25800,.,.
p46_petroleum_liquids_1,2000.0,0,25800,.,.
p46_petroleum_liquids_1,2001.0,0,25800,.,.
p46_petroleum_liquids_1,2002.0,0,25800,.,.
p46_petroleum_liquids_1,2007.0,0,25800,.,.
p46_small_hydroelectric_1,1527.0,0,57025,.,.
p46_small_hydroelectric_1,1544.0,0,57025,.,.
p46_small_hydroelectric_1,1564.0,0,57025,.,.
p46_small_hydroelectric_1,1907.0,0,57025,.,.
p46_small_hydroelectric_1,1910.0,0,57025,.,.
p46_small_hydroelectric_1,1911.0,0,57025,.,.
p46_small_hydroelectric_1,1915.0,0,57025,.,.
p46_small_hydroelectric_1,1917.0,0,57025,.,.
p46_small_hydroelectric_1,1921.0,0,57025,.,.
p46_small_hydroelectric_1,1922.0,0,57025,.,.
p46_small_hydroelectric_1,1923.0,0,57025,.,.
p46_small_hydroelectric_1,1924.0,0,57025,.,.
p46_small_hydroelectric_1,1927.0,0,57025,.,.
p46_small_hydroelectric_1,1928.0,0,57025,.,.
p46_small_hydroelectric_1,1929.0,0,57025,.,.
p46_small_hydroelectric_1,1930.0,0,57025,.,.
p46_small_hydroelectric_1,1940.0,0,57025,.,.
p46_small_hydroelectric_1,1942.0,0,57025,.,.
p46_small_hydroelectric_1,1950.0,0,57025,.,.
p46_small_hydroelectric_1,1951.0,0,57025,.,.
p46_small_hydroelectric_1,1958.0,0,57025,.,.
p46_small_hydroelectric_1,1967.0,0,57025,.,.
p46_small_hydroelectric_1,1971.0,0,57025,.,.
p46_small_hydroelectric_1,1973.0,0,57025,.,.
p46_small_hydroelectric_1,1976.0,0,57025,.,.
p46_small_hydroelectric_1,1977.0,0,57025,.,.
p46_small_hydroelectric_1,1983.0,0,57025,.,.
p46_small_hydroelectric_1,1986.0,0,57025,.,.
p46_small_hydroelectric_1,1988.0,0,57025,.,.
p46_small_hydroelectric_1,1993.0,0,57025,.,.
p46_solar_photovoltaic_1,2017.0,0,21608,.,.
p46_solar_photovoltaic_1,2018.0,0,21608,.,.
p46_solar_photovoltaic_1,2019.0,0,21608,.,.
p46_solar_photovoltaic_1,2021.0,0,21608,.,.
p46_solar_photovoltaic_1,2023.0,0,21608,.,.
p46_solar_photovoltaic_1,2024.0,0,21608,.,.
p46_solar_photovoltaic_1,2026.0,0,21608,.,.
p47_natural_gas_fired_combined_cycle_1,2008.0,0,11863,.,.
p47_natural_gas_fired_combustion_turbine_1,1530.0,0,13133,.,.
p47_natural_gas_fired_combustion_turbine_1,1540.0,0,13133,.,.
p47_natural_gas_fired_combustion_turbine_1,2008.0,0,13133,.,.
p47_onshore_wind_turbine_1,2003.0,0,31648,.,.
p47_onshore_wind_turbine_1,2004.0,0,31648,.,.
p47_onshore_wind_turbine_1,2005.0,0,31648,.,.
p47_onshore_wind_turbine_1,2008.0,0,31648,.,.
p47_onshore_wind_turbine_1,2012.0,0,31648,.,.
p47_onshore_wind_turbine_1,2014.0,0,31648,.,.
p47_onshore_wind_turbine_1,2015.0,0,31648,.,.
p47_onshore_wind_turbine_1,2016.0,0,31648,.,.
p47_onshore_wind_turbine_1,2017.0,0,31648,.,.
p47_onshore_wind_turbine_1,2019.0,0,31648,.,.
p47_onshore_wind_turbine_1,2020.0,0,31648,.,.
p47_onshore_wind_turbine_1,2021.0,0,31648,.,.
p47_other_peaker_1,1527.0,0,25800,.,.
p47_other_peaker_1,1528.0,0,25800,.,.
p47_other_peaker_1,2012.0,0,25800,.,.
p47_petroleum_liquids_1,1534.0,0,25800,.,.
p47_solar_photovoltaic_1,2011.0,0,21608,.,.
p47_solar_photovoltaic_1,2013.0,0,21608,.,.
p47_solar_photovoltaic_1,2016.0,0,21608,.,.
p47_solar_photovoltaic_1,2017.0,0,21608,.,.
p47_solar_photovoltaic_1,2021.0,0,21608,.,.
p47_solar_photovoltaic_1,2023.0,0,21608,.,.
p48_batteries_1,2024.0,0,8671,0,0
p48_conventional_steam_coal_2,1538.0,0,76708.6666666667,.,.
p48_conventional_steam_coal_2,1540.0,0,76708.6666666667,.,.
p48_natural_gas_fired_combined_cycle_1,1999.0,0,19989,.,.
p48_natural_gas_fired_combined_cycle_1,2000.0,0,19989,.,.
p48_natural_gas_fired_combustion_turbine_1,1556.0,0,11243,.,.
p48_natural_gas_fired_combustion_turbine_1,1558.0,0,11243,.,.
p48_natural_gas_fired_combustion_turbine_1,1988.0,0,11243,.,.
p48_natural_gas_fired_combustion_turbine_1,1999.0,0,11243,.,.
p48_natural_gas_fired_combustion_turbine_1,2005.0,0,11243,.,.
p48_natural_gas_fired_combustion_turbine_1,2006.0,0,11243,.,.
p48_natural_gas_fired_combustion_turbine_1,2007.0,0,11243,.,.
p48_natural_gas_fired_combustion_turbine_1,2013.0,0,11243,.,.
p48_natural_gas_fired_combustion_turbine_1,2015.0,0,11243,.,.
p48_natural_gas_fired_combustion_turbine_1,2016.0,0,11243,.,.
p48_onshore_wind_turbine_1,2001.0,0,31648,.,.
p48_onshore_wind_turbine_1,2006.0,0,31648,.,.
p48_onshore_wind_turbine_1,2007.0,0,31648,.,.
p48_onshore_wind_turbine_1,2008.0,0,31648,.,.
p48_onshore_wind_turbine_1,2009.0,0,31648,.,.
p48_onshore_wind_turbine_1,2010.0,0,31648,.,.
p48_onshore_wind_turbine_1,2011.0,0,31648,.,.
p48_onshore_wind_turbine_1,2012.0,0,31648,.,.
p48_onshore_wind_turbine_1,2014.0,0,31648,.,.
p48_onshore_wind_turbine_1,2015.0,0,31648,.,.
p48_onshore_wind_turbine_1,2016.0,0,31648,.,.
p48_onshore_wind_turbine_1,2017.0,0,31648,.,.
p48_onshore_wind_turbine_1,2018.0,0,31648,.,.
p48_onshore_wind_turbine_1,2019.0,0,31648,.,.
p48_onshore_wind_turbine_1,2021.0,0,31648,.,.
p48_onshore_wind_turbine_1,2022.0,0,31648,.,.
p48_onshore_wind_turbine_1,2024.0,0,31648,.,.
p48_onshore_wind_turbine_1,2025.0,0,31648,.,.
p48_onshore_wind_turbine_1,2026.0,0,31648,.,.
p48_other_peaker_1,1527.0,0,25800,.,.
p48_other_peaker_1,1530.0,0,25800,.,.
p48_other_peaker_1,1531.0,0,25800,.,.
p48_other_peaker_1,1534.0,0,25800,.,.
p48_other_peaker_1,1536.0,0,25800,.,.
p48_other_peaker_1,1960.0,0,25800,.,.
p48_other_peaker_1,1982.0,0,25800,.,.
p48_other_peaker_1,1985.0,0,25800,.,.
p48_other_peaker_1,2011.0,0,25800,.,.
p48_solar_photovoltaic_1,2023.0,0,21608,.,.
p48_solar_photovoltaic_1,2024.0,0,21608,.,.
p48_solar_photovoltaic_1,2025.0,0,21608,.,.
p48_solar_photovoltaic_1,2026.0,0,21608,.,.
p48_solar_photovoltaic_1,2027.0,0,21608,.,.
p49_onshore_wind_turbine_1,2015.0,0,31648,.,.
p49_onshore_wind_turbine_1,2016.0,0,31648,.,.
p49_onshore_wind_turbine_1,2020.0,0,31648,.,.
p49_onshore_wind_turbine_1,2024.0,0,31648,.,.
p49_solar_photovoltaic_1,2016.0,0,21608,.,.
p5_batteries_1,2022.0,0,8671,0,0
p5_batteries_1,2024.0,0,8671,0,0
p5_batteries_1,2025.0,0,8671,0,0
p5_batteries_1,2027.0,0,8671,0,0
p5_biomass_1,1527.0,0,163666,.,.
p5_biomass_1,1976.0,0,163666,.,.
p5_biomass_1,1986.0,0,163666,.,.
p5_biomass_1,1995.0,0,163666,.,.
p5_biomass_1,1996.0,0,163666,.,.
p5_biomass_1,2007.0,0,163666,.,.
p5_biomass_1,2009.0,0,163666,.,.
p5_biomass_1,2010.0,0,163666,.,.
p5_biomass_1,2011.0,0,163666,.,.
p5_biomass_1,2013.0,0,163666,.,.
p5_biomass_1,2014.0,0,163666,.,.
p5_biomass_1,2015.0,0,163666,.,.
p5_biomass_1,2020.0,0,163666,.,.
p5_conventional_hydroelectric_1,1530.0,0,57025,.,.
p5_conventional_hydroelectric_1,1938.0,0,57025,.,.
p5_conventional_hydroelectric_1,1941.0,0,57025,.,.
p5_conventional_hydroelectric_1,1942.0,0,57025,.,.
p5_conventional_hydroelectric_1,1943.0,0,57025,.,.
p5_conventional_hydroelectric_1,1944.0,0,57025,.,.
p5_conventional_hydroelectric_1,1953.0,0,57025,.,.
p5_conventional_hydroelectric_1,1954.0,0,57025,.,.
p5_conventional_hydroelectric_1,1955.0,0,57025,.,.
p5_conventional_hydroelectric_1,1956.0,0,57025,.,.
p5_conventional_hydroelectric_1,1957.0,0,57025,.,.
p5_conventional_hydroelectric_1,1958.0,0,57025,.,.
p5_conventional_hydroelectric_1,1959.0,0,57025,.,.
p5_conventional_hydroelectric_1,1960.0,0,57025,.,.
p5_conventional_hydroelectric_1,1963.0,0,57025,.,.
p5_conventional_hydroelectric_1,1964.0,0,57025,.,.
p5_conventional_hydroelectric_1,1967.0,0,57025,.,.
p5_conventional_hydroelectric_1,1968.0,0,57025,.,.
p5_conventional_hydroelectric_1,1969.0,0,57025,.,.
p5_conventional_hydroelectric_1,1970.0,0,57025,.,.
p5_conventional_hydroelectric_1,1971.0,0,57025,.,.
p5_conventional_hydroelectric_1,1973.0,0,57025,.,.
p5_conventional_hydroelectric_1,1981.0,0,57025,.,.
p5_conventional_hydroelectric_1,1982.0,0,57025,.,.
p5_conventional_hydroelectric_1,2023.0,0,57025,.,.
p5_natural_gas_fired_combined_cycle_1,1974.0,0,14240,.,.
p5_natural_gas_fired_combined_cycle_1,1977.0,0,14240,.,.
p5_natural_gas_fired_combined_cycle_1,1996.0,0,14240,.,.
p5_natural_gas_fired_combined_cycle_1,2002.0,0,14240,.,.
p5_natural_gas_fired_combined_cycle_2,1995.0,0,19989,.,.
p5_natural_gas_fired_combined_cycle_2,2003.0,0,19989,.,.
p5_natural_gas_fired_combined_cycle_2,2007.0,0,19989,.,.
p5_natural_gas_fired_combined_cycle_2,2010.0,0,19989,.,.
p5_natural_gas_fired_combined_cycle_2,2012.0,0,19989,.,.
p5_natural_gas_fired_combined_cycle_2,2016.0,0,19989,.,.
p5_natural_gas_fired_combustion_turbine_1,2001.0,0,16032,.,.
p5_onshore_wind_turbine_1,1998.0,0,31648,.,.
p5_onshore_wind_turbine_1,2001.0,0,31648,.,.
p5_onshore_wind_turbine_1,2002.0,0,31648,.,.
p5_onshore_wind_turbine_1,2003.0,0,31648,.,.
p5_onshore_wind_turbine_1,2005.0,0,31648,.,.
p5_onshore_wind_turbine_1,2006.0,0,31648,.,.
p5_onshore_wind_turbine_1,2007.0,0,31648,.,.
p5_onshore_wind_turbine_1,2008.0,0,31648,.,.
p5_onshore_wind_turbine_1,2009.0,0,31648,.,.
p5_onshore_wind_turbine_1,2010.0,0,31648,.,.
p5_onshore_wind_turbine_1,2011.0,0,31648,.,.
p5_onshore_wind_turbine_1,2012.0,0,31648,.,.
p5_onshore_wind_turbine_1,2016.0,0,31648,.,.
p5_onshore_wind_turbine_1,2019.0,0,31648,.,.
p5_onshore_wind_turbine_1,2020.0,0,31648,.,.
p5_onshore_wind_turbine_1,2022.0,0,31648,.,.
p5_onshore_wind_turbine_1,2025.0,0,31648,.,.
p5_other_peaker_1,2012.0,0,25800,.,.
p5_other_peaker_1,2014.0,0,25800,.,.
p5_other_peaker_1,2015.0,0,25800,.,.
p5_petroleum_liquids_1,2009.0,0,25800,.,.
p5_small_hydroelectric_1,1911.0,0,57025,.,.
p5_small_hydroelectric_1,1912.0,0,57025,.,.
p5_small_hydroelectric_1,1913.0,0,57025,.,.
p5_small_hydroelectric_1,1916.0,0,57025,.,.
p5_small_hydroelectric_1,1917.0,0,57025,.,.
p5_small_hydroelectric_1,1921.0,0,57025,.,.
p5_small_hydroelectric_1,1924.0,0,57025,.,.
p5_small_hydroelectric_1,1927.0,0,57025,.,.
p5_small_hydroelectric_1,1949.0,0,57025,.,.
p5_small_hydroelectric_1,1952.0,0,57025,.,.
p5_small_hydroelectric_1,1954.0,0,57025,.,.
p5_small_hydroelectric_1,1955.0,0,57025,.,.
p5_small_hydroelectric_1,1962.0,0,57025,.,.
p5_small_hydroelectric_1,1964.0,0,57025,.,.
p5_small_hydroelectric_1,1968.0,0,57025,.,.
p5_small_hydroelectric_1,1982.0,0,57025,.,.
p5_small_hydroelectric_1,1984.0,0,57025,.,.
p5_small_hydroelectric_1,1985.0,0,57025,.,.
p5_small_hydroelectric_1,1986.0,0,57025,.,.
p5_small_hydroelectric_1,1987.0,0,57025,.,.
p5_small_hydroelectric_1,1989.0,0,57025,.,.
p5_small_hydroelectric_1,1991.0,0,57025,.,.
p5_small_hydroelectric_1,1994.0,0,57025,.,.
p5_small_hydroelectric_1,2010.0,0,57025,.,.
p5_small_hydroelectric_1,2014.0,0,57025,.,.
p5_small_hydroelectric_1,2015.0,0,57025,.,.
p5_small_hydroelectric_1,2018.0,0,57025,.,.
p5_solar_photovoltaic_1,2011.0,0,21608,.,.
p5_solar_photovoltaic_1,2012.0,0,21608,.,.
p5_solar_photovoltaic_1,2014.0,0,21608,.,.
p5_solar_photovoltaic_1,2016.0,0,21608,.,.
p5_solar_photovoltaic_1,2017.0,0,21608,.,.
p5_solar_photovoltaic_1,2018.0,0,21608,.,.
p5_solar_photovoltaic_1,2019.0,0,21608,.,.
p5_solar_photovoltaic_1,2020.0,0,21608,.,.
p5_solar_photovoltaic_1,2021.0,0,21608,.,.
p5_solar_photovoltaic_1,2022.0,0,21608,.,.
p5_solar_photovoltaic_1,2023.0,0,21608,.,.
p5_solar_photovoltaic_1,2024.0,0,21608,.,.
p5_solar_photovoltaic_1,2025.0,0,21608,.,.
p5_solar_photovoltaic_1,2026.0,0,21608,.,.
p5_solar_photovoltaic_1,2027.0,0,21608,.,.
p5_solar_photovoltaic_1,2028.0,0,21608,.,.
p50_batteries_1,2020.0,0,8671,0,0
p50_batteries_1,2025.0,0,8671,0,0
p50_biomass_1,1971.0,0,163666,.,.
p50_conventional_hydroelectric_1,1953.0,0,57025,.,.
p50_conventional_hydroelectric_1,1964.0,0,57025,.,.
p50_conventional_hydroelectric_1,1970.0,0,57025,.,.
p50_conventional_hydroelectric_1,1971.0,0,57025,.,.
p50_conventional_steam_coal_1,1979.0,0,78000,.,.
p50_conventional_steam_coal_1,1980.0,0,78000,.,.
p50_conventional_steam_coal_1,1982.0,0,78000,.,.
p50_conventional_steam_coal_2,1990.0,0,91610.6666666667,.,.
p50_natural_gas_fired_combined_cycle_1,2001.0,0,15576,.,.
p50_natural_gas_fired_combined_cycle_1,2003.0,0,15576,.,.
p50_natural_gas_fired_combined_cycle_1,2004.0,0,15576,.,.
p50_natural_gas_fired_combined_cycle_2,1966.0,0,19989,.,.
p50_natural_gas_fired_combined_cycle_2,1973.0,0,19989,.,.
p50_natural_gas_fired_combined_cycle_2,1974.0,0,19989,.,.
p50_natural_gas_fired_combined_cycle_2,1977.0,0,19989,.,.
p50_natural_gas_fired_combined_cycle_2,1989.0,0,19989,.,.
p50_natural_gas_fired_combined_cycle_2,1995.0,0,19989,.,.
p50_natural_gas_fired_combustion_turbine_1,1530.0,0,11877,.,.
p50_natural_gas_fired_combustion_turbine_1,1971.0,0,11877,.,.
p50_natural_gas_fired_combustion_turbine_1,2001.0,0,11877,.,.
p50_natural_gas_fired_combustion_turbine_1,2003.0,0,11877,.,.
p50_natural_gas_fired_combustion_turbine_1,2008.0,0,11877,.,.
p50_natural_gas_fired_combustion_turbine_1,2009.0,0,11877,.,.
p50_natural_gas_fired_combustion_turbine_1,2015.0,0,11877,.,.
p50_natural_gas_fired_combustion_turbine_1,2017.0,0,11877,.,.
p50_natural_gas_fired_combustion_turbine_1,2026.0,0,11877,.,.
p50_natural_gas_fired_combustion_turbine_1,2027.0,0,11877,.,.
p50_onshore_wind_turbine_1,2003.0,0,31648,.,.
p50_onshore_wind_turbine_1,2005.0,0,31648,.,.
p50_onshore_wind_turbine_1,2006.0,0,31648,.,.
p50_onshore_wind_turbine_1,2007.0,0,31648,.,.
p50_onshore_wind_turbine_1,2008.0,0,31648,.,.
p50_onshore_wind_turbine_1,2009.0,0,31648,.,.
p50_onshore_wind_turbine_1,2010.0,0,31648,.,.
p50_onshore_wind_turbine_1,2011.0,0,31648,.,.
p50_onshore_wind_turbine_1,2012.0,0,31648,.,.
p50_onshore_wind_turbine_1,2014.0,0,31648,.,.
p50_onshore_wind_turbine_1,2015.0,0,31648,.,.
p50_onshore_wind_turbine_1,2016.0,0,31648,.,.
p50_onshore_wind_turbine_1,2017.0,0,31648,.,.
p50_onshore_wind_turbine_1,2018.0,0,31648,.,.
p50_onshore_wind_turbine_1,2019.0,0,31648,.,.
p50_onshore_wind_turbine_1,2020.0,0,31648,.,.
p50_onshore_wind_turbine_1,2021.0,0,31648,.,.
p50_onshore_wind_turbine_1,2022.0,0,31648,.,.
p50_onshore_wind_turbine_1,2023.0,0,31648,.,.
p50_onshore_wind_turbine_1,2024.0,0,31648,.,.
p50_onshore_wind_turbine_1,2025.0,0,31648,.,.
p50_other_peaker_1,1936.0,0,25800,.,.
p50_other_peaker_1,1939.0,0,25800,.,.
p50_other_peaker_1,1949.0,0,25800,.,.
p50_other_peaker_1,1952.0,0,25800,.,.
p50_other_peaker_1,1954.0,0,25800,.,.
p50_other_peaker_1,1956.0,0,25800,.,.
p50_other_peaker_1,1959.0,0,25800,.,.
p50_other_peaker_1,1964.0,0,25800,.,.
p50_other_peaker_1,1965.0,0,25800,.,.
p50_other_peaker_1,1967.0,0,25800,.,.
p50_other_peaker_1,1968.0,0,25800,.,.
p50_other_peaker_1,1969.0,0,25800,.,.
p50_other_peaker_1,1970.0,0,25800,.,.
p50_other_peaker_1,1971.0,0,25800,.,.
p50_other_peaker_1,1972.0,0,25800,.,.
p50_other_peaker_1,1973.0,0,25800,.,.
p50_other_peaker_1,1975.0,0,25800,.,.
p50_other_peaker_1,1985.0,0,25800,.,.
p50_other_peaker_1,1988.0,0,25800,.,.
p50_other_peaker_1,2006.0,0,25800,.,.
p50_other_peaker_1,2016.0,0,25800,.,.
p50_other_peaker_1,2019.0,0,25800,.,.
p50_other_peaker_1,2023.0,0,25800,.,.
p50_petroleum_liquids_1,1963.0,0,25800,.,.
p50_petroleum_liquids_1,2001.0,0,25800,.,.
p50_petroleum_liquids_1,2006.0,0,25800,.,.
p50_petroleum_liquids_1,2010.0,0,25800,.,.
p50_petroleum_liquids_1,2012.0,0,25800,.,.
p50_small_hydroelectric_1,1989.0,0,57025,.,.
p50_solar_photovoltaic_1,2015.0,0,21608,.,.
p50_solar_photovoltaic_1,2017.0,0,21608,.,.
p50_solar_photovoltaic_1,2018.0,0,21608,.,.
p50_solar_photovoltaic_1,2020.0,0,21608,.,.
p50_solar_photovoltaic_1,2021.0,0,21608,.,.
p50_solar_photovoltaic_1,2022.0,0,21608,.,.
p50_solar_photovoltaic_1,2023.0,0,21608,.,.
p50_solar_photovoltaic_1,2024.0,0,21608,.,.
p50_solar_photovoltaic_1,2025.0,0,21608,.,.
p50_solar_photovoltaic_1,2026.0,0,21608,.,.
p51_biomass_1,1989.0,0,163666,.,.
p51_biomass_1,2011.0,0,163666,.,.
p51_biomass_1,2020.0,0,163666,.,.
p51_conventional_hydroelectric_1,1940.0,0,57025,.,.
p51_conventional_hydroelectric_1,1946.0,0,57025,.,.
p51_conventional_hydroelectric_1,1953.0,0,57025,.,.
p51_conventional_hydroelectric_1,1964.0,0,57025,.,.
p51_conventional_hydroelectric_1,1968.0,0,57025,.,.
p51_conventional_hydroelectric_1,1973.0,0,57025,.,.
p51_conventional_steam_coal_1,1979.0,0,84100,.,.
p51_conventional_steam_coal_1,1984.0,0,84100,.,.
p51_hydroelectric_pumped_storage_1,1968.0,0,57025,0,0
p51_hydroelectric_pumped_storage_1,1971.0,0,57025,0,0
p51_natural_gas_fired_combined_cycle_1,2000.0,0,12887,.,.
p51_natural_gas_fired_combined_cycle_1,2002.0,0,12887,.,.
p51_natural_gas_fired_combined_cycle_1,2003.0,0,12887,.,.
p51_natural_gas_fired_combined_cycle_1,2011.0,0,12887,.,.
p51_natural_gas_fired_combined_cycle_1,2017.0,0,12887,.,.
p51_natural_gas_fired_combined_cycle_2,1961.0,0,19989,.,.
p51_natural_gas_fired_combined_cycle_2,2001.0,0,19989,.,.
p51_natural_gas_fired_combustion_turbine_1,2008.0,0,11450,.,.
p51_natural_gas_fired_combustion_turbine_1,2026.0,0,11450,.,.
p51_onshore_wind_turbine_1,2015.0,0,31648,.,.
p51_other_peaker_1,1956.0,0,25800,.,.
p51_other_peaker_1,1958.0,0,25800,.,.
p51_other_peaker_1,1970.0,0,25800,.,.
p51_other_peaker_1,1974.0,0,25800,.,.
p51_other_peaker_1,1976.0,0,25800,.,.
p51_other_peaker_1,1977.0,0,25800,.,.
p51_other_peaker_1,1978.0,0,25800,.,.
p51_other_peaker_1,1979.0,0,25800,.,.
p51_other_peaker_1,1980.0,0,25800,.,.
p51_other_peaker_1,1982.0,0,25800,.,.
p51_petroleum_liquids_1,1954.0,0,25800,.,.
p51_petroleum_liquids_1,1960.0,0,25800,.,.
p51_petroleum_liquids_1,1966.0,0,25800,.,.
p51_petroleum_liquids_1,1967.0,0,25800,.,.
p51_petroleum_liquids_1,1976.0,0,25800,.,.
p51_petroleum_liquids_1,1980.0,0,25800,.,.
p51_solar_photovoltaic_1,2026.0,0,21608,.,.
p52_conventional_steam_coal_1,1983.0,0,92739.3333333333,.,.
p52_natural_gas_fired_combustion_turbine_1,1968.0,0,13314,.,.
p52_natural_gas_fired_combustion_turbine_1,1970.0,0,13314,.,.
p52_natural_gas_fired_combustion_turbine_1,1976.0,0,13314,.,.
p52_natural_gas_fired_combustion_turbine_1,1979.0,0,13314,.,.
p52_onshore_wind_turbine_1,2009.0,0,31648,.,.
p52_onshore_wind_turbine_1,2015.0,0,31648,.,.
p52_onshore_wind_turbine_1,2019.0,0,31648,.,.
p52_onshore_wind_turbine_1,2020.0,0,31648,.,.
p52_onshore_wind_turbine_1,2021.0,0,31648,.,.
p52_other_peaker_1,1951.0,0,25800,.,.
p52_other_peaker_1,1958.0,0,25800,.,.
p52_other_peaker_1,1962.0,0,25800,.,.
p52_other_peaker_1,1964.0,0,25800,.,.
p52_other_peaker_1,1966.0,0,25800,.,.
p52_other_peaker_1,1970.0,0,25800,.,.
p52_other_peaker_1,1971.0,0,25800,.,.
p52_other_peaker_1,1973.0,0,25800,.,.
p52_other_peaker_1,1975.0,0,25800,.,.
p52_other_peaker_1,1978.0,0,25800,.,.
p52_other_peaker_1,1995.0,0,25800,.,.
p52_other_peaker_1,1998.0,0,25800,.,.
p52_other_peaker_1,1999.0,0,25800,.,.
p52_other_peaker_1,2008.0,0,25800,.,.
p52_other_peaker_1,2014.0,0,25800,.,.
p52_petroleum_liquids_1,1939.0,0,25800,.,.
p52_petroleum_liquids_1,1952.0,0,25800,.,.
p52_petroleum_liquids_1,1953.0,0,25800,.,.
p52_petroleum_liquids_1,1958.0,0,25800,.,.
p52_petroleum_liquids_1,1962.0,0,25800,.,.
p52_petroleum_liquids_1,1964.0,0,25800,.,.
p52_petroleum_liquids_1,1965.0,0,25800,.,.
p52_petroleum_liquids_1,1967.0,0,25800,.,.
p52_petroleum_liquids_1,1971.0,0,25800,.,.
p52_petroleum_liquids_1,1972.0,0,25800,.,.
p52_petroleum_liquids_1,1974.0,0,25800,.,.
p52_petroleum_liquids_1,1983.0,0,25800,.,.
p52_petroleum_liquids_1,1994.0,0,25800,.,.
p52_petroleum_liquids_1,1997.0,0,25800,.,.
p52_petroleum_liquids_1,2017.0,0,25800,.,.
p52_petroleum_liquids_1,2019.0,0,25800,.,.
p52_petroleum_liquids_1,2024.0,0,25800,.,.
p52_solar_photovoltaic_1,2015.0,0,21608,.,.
p52_solar_photovoltaic_1,2020.0,0,21608,.,.
p53_biomass_1,2010.0,0,163666,.,.
p53_biomass_1,2013.0,0,163666,.,.
p53_conventional_steam_coal_1,1960.0,0,95078.3333333333,.,.
p53_conventional_steam_coal_1,1971.0,0,95078.3333333333,.,.
p53_conventional_steam_coal_2,1973.0,0,78097,.,.
p53_conventional_steam_coal_2,1977.0,0,78097,.,.
p53_conventional_steam_coal_2,1978.0,0,78097,.,.
p53_conventional_steam_coal_2,1980.0,0,78097,.,.
p53_conventional_steam_coal_2,1981.0,0,78097,.,.
p53_conventional_steam_coal_2,1983.0,0,78097,.,.
p53_natural_gas_fired_combined_cycle_1,2007.0,0,19989,.,.
p53_natural_gas_fired_combined_cycle_2,2016.0,0,19989,.,.
p53_natural_gas_fired_combustion_turbine_1,1530.0,0,12384,.,.
p53_natural_gas_fired_combustion_turbine_1,1962.0,0,12384,.,.
p53_natural_gas_fired_combustion_turbine_1,1968.0,0,12384,.,.
p53_natural_gas_fired_combustion_turbine_1,1973.0,0,12384,.,.
p53_natural_gas_fired_combustion_turbine_1,1974.0,0,12384,.,.
p53_natural_gas_fired_combustion_turbine_1,1979.0,0,12384,.,.
p53_natural_gas_fired_combustion_turbine_1,1989.0,0,12384,.,.
p53_natural_gas_fired_combustion_turbine_1,1990.0,0,12384,.,.
p53_natural_gas_fired_combustion_turbine_1,1996.0,0,12384,.,.
p53_natural_gas_fired_combustion_turbine_1,1998.0,0,12384,.,.
p53_natural_gas_fired_combustion_turbine_1,2000.0,0,12384,.,.
p53_natural_gas_fired_combustion_turbine_1,2001.0,0,12384,.,.
p53_natural_gas_fired_combustion_turbine_1,2002.0,0,12384,.,.
p53_natural_gas_fired_combustion_turbine_1,2003.0,0,12384,.,.
p53_natural_gas_fired_combustion_turbine_1,2006.0,0,12384,.,.
p53_natural_gas_fired_combustion_turbine_1,2008.0,0,12384,.,.
p53_natural_gas_fired_combustion_turbine_1,2009.0,0,12384,.,.
p53_natural_gas_fired_combustion_turbine_1,2020.0,0,12384,.,.
p53_natural_gas_fired_combustion_turbine_1,2026.0,0,12384,.,.
p53_nuclear_1,1985.0,0,333518,.,.
p53_onshore_wind_turbine_1,2001.0,0,31648,.,.
p53_onshore_wind_turbine_1,2005.0,0,31648,.,.
p53_onshore_wind_turbine_1,2006.0,0,31648,.,.
p53_onshore_wind_turbine_1,2008.0,0,31648,.,.
p53_onshore_wind_turbine_1,2009.0,0,31648,.,.
p53_onshore_wind_turbine_1,2010.0,0,31648,.,.
p53_onshore_wind_turbine_1,2011.0,0,31648,.,.
p53_onshore_wind_turbine_1,2012.0,0,31648,.,.
p53_onshore_wind_turbine_1,2013.0,0,31648,.,.
p53_onshore_wind_turbine_1,2015.0,0,31648,.,.
p53_onshore_wind_turbine_1,2016.0,0,31648,.,.
p53_onshore_wind_turbine_1,2017.0,0,31648,.,.
p53_onshore_wind_turbine_1,2018.0,0,31648,.,.
p53_onshore_wind_turbine_1,2019.0,0,31648,.,.
p53_onshore_wind_turbine_1,2020.0,0,31648,.,.
p53_onshore_wind_turbine_1,2021.0,0,31648,.,.
p53_onshore_wind_turbine_1,2022.0,0,31648,.,.
p53_onshore_wind_turbine_1,2023.0,0,31648,.,.
p53_onshore_wind_turbine_1,2025.0,0,31648,.,.
p53_other_peaker_1,1948.0,0,25800,.,.
p53_other_peaker_1,1949.0,0,25800,.,.
p53_other_peaker_1,1950.0,0,25800,.,.
p53_other_peaker_1,1951.0,0,25800,.,.
p53_other_peaker_1,1953.0,0,25800,.,.
p53_other_peaker_1,1954.0,0,25800,.,.
p53_other_peaker_1,1955.0,0,25800,.,.
p53_other_peaker_1,1956.0,0,25800,.,.
p53_other_peaker_1,1957.0,0,25800,.,.
p53_other_peaker_1,1958.0,0,25800,.,.
p53_other_peaker_1,1960.0,0,25800,.,.
p53_other_peaker_1,1961.0,0,25800,.,.
p53_other_peaker_1,1962.0,0,25800,.,.
p53_other_peaker_1,1963.0,0,25800,.,.
p53_other_peaker_1,1964.0,0,25800,.,.
p53_other_peaker_1,1965.0,0,25800,.,.
p53_other_peaker_1,1966.0,0,25800,.,.
p53_other_peaker_1,1967.0,0,25800,.,.
p53_other_peaker_1,1968.0,0,25800,.,.
p53_other_peaker_1,1969.0,0,25800,.,.
p53_other_peaker_1,1970.0,0,25800,.,.
p53_other_peaker_1,1971.0,0,25800,.,.
p53_other_peaker_1,1972.0,0,25800,.,.
p53_other_peaker_1,1973.0,0,25800,.,.
p53_other_peaker_1,1974.0,0,25800,.,.
p53_other_peaker_1,1976.0,0,25800,.,.
p53_other_peaker_1,1977.0,0,25800,.,.
p53_other_peaker_1,1978.0,0,25800,.,.
p53_other_peaker_1,1979.0,0,25800,.,.
p53_other_peaker_1,1980.0,0,25800,.,.
p53_other_peaker_1,1981.0,0,25800,.,.
p53_other_peaker_1,1983.0,0,25800,.,.
p53_other_peaker_1,1984.0,0,25800,.,.
p53_other_peaker_1,1985.0,0,25800,.,.
p53_other_peaker_1,1986.0,0,25800,.,.
p53_other_peaker_1,1992.0,0,25800,.,.
p53_other_peaker_1,1993.0,0,25800,.,.
p53_other_peaker_1,1994.0,0,25800,.,.
p53_other_peaker_1,1996.0,0,25800,.,.
p53_other_peaker_1,1998.0,0,25800,.,.
p53_other_peaker_1,2000.0,0,25800,.,.
p53_other_peaker_1,2001.0,0,25800,.,.
p53_other_peaker_1,2002.0,0,25800,.,.
p53_other_peaker_1,2004.0,0,25800,.,.
p53_other_peaker_1,2005.0,0,25800,.,.
p53_other_peaker_1,2006.0,0,25800,.,.
p53_other_peaker_1,2008.0,0,25800,.,.
p53_other_peaker_1,2011.0,0,25800,.,.
p53_other_peaker_1,2016.0,0,25800,.,.
p53_other_peaker_1,2017.0,0,25800,.,.
p53_other_peaker_1,2024.0,0,25800,.,.
p53_petroleum_liquids_1,1929.0,0,25800,.,.
p53_petroleum_liquids_1,1930.0,0,25800,.,.
p53_petroleum_liquids_1,1939.0,0,25800,.,.
p53_petroleum_liquids_1,1947.0,0,25800,.,.
p53_petroleum_liquids_1,1948.0,0,25800,.,.
p53_petroleum_liquids_1,1950.0,0,25800,.,.
p53_petroleum_liquids_1,1955.0,0,25800,.,.
p53_petroleum_liquids_1,1957.0,0,25800,.,.
p53_petroleum_liquids_1,1958.0,0,25800,.,.
p53_petroleum_liquids_1,1961.0,0,25800,.,.
p53_petroleum_liquids_1,1962.0,0,25800,.,.
p53_petroleum_liquids_1,1963.0,0,25800,.,.
p53_petroleum_liquids_1,1964.0,0,25800,.,.
p53_petroleum_liquids_1,1965.0,0,25800,.,.
p53_petroleum_liquids_1,1967.0,0,25800,.,.
p53_petroleum_liquids_1,1969.0,0,25800,.,.
p53_petroleum_liquids_1,1970.0,0,25800,.,.
p53_petroleum_liquids_1,1971.0,0,25800,.,.
p53_petroleum_liquids_1,1973.0,0,25800,.,.
p53_petroleum_liquids_1,1974.0,0,25800,.,.
p53_petroleum_liquids_1,1975.0,0,25800,.,.
p53_petroleum_liquids_1,1976.0,0,25800,.,.
p53_petroleum_liquids_1,1977.0,0,25800,.,.
p53_petroleum_liquids_1,1978.0,0,25800,.,.
p53_petroleum_liquids_1,1981.0,0,25800,.,.
p53_petroleum_liquids_1,1982.0,0,25800,.,.
p53_petroleum_liquids_1,1983.0,0,25800,.,.
p53_petroleum_liquids_1,1985.0,0,25800,.,.
p53_petroleum_liquids_1,1986.0,0,25800,.,.
p53_petroleum_liquids_1,1989.0,0,25800,.,.
p53_petroleum_liquids_1,1990.0,0,25800,.,.
p53_petroleum_liquids_1,1991.0,0,25800,.,.
p53_petroleum_liquids_1,1992.0,0,25800,.,.
p53_petroleum_liquids_1,1993.0,0,25800,.,.
p53_petroleum_liquids_1,1994.0,0,25800,.,.
p53_petroleum_liquids_1,1996.0,0,25800,.,.
p53_petroleum_liquids_1,1997.0,0,25800,.,.
p53_petroleum_liquids_1,1999.0,0,25800,.,.
p53_petroleum_liquids_1,2000.0,0,25800,.,.
p53_petroleum_liquids_1,2001.0,0,25800,.,.
p53_petroleum_liquids_1,2002.0,0,25800,.,.
p53_petroleum_liquids_1,2003.0,0,25800,.,.
p53_petroleum_liquids_1,2004.0,0,25800,.,.
p53_petroleum_liquids_1,2005.0,0,25800,.,.
p53_petroleum_liquids_1,2007.0,0,25800,.,.
p53_petroleum_liquids_1,2014.0,0,25800,.,.
p53_petroleum_liquids_1,2015.0,0,25800,.,.
p53_petroleum_liquids_1,2016.0,0,25800,.,.
p53_petroleum_liquids_1,2017.0,0,25800,.,.
p53_petroleum_liquids_1,2018.0,0,25800,.,.
p53_petroleum_liquids_1,2019.0,0,25800,.,.
p53_petroleum_liquids_1,2020.0,0,25800,.,.
p53_petroleum_liquids_1,2021.0,0,25800,.,.
p53_petroleum_liquids_1,2022.0,0,25800,.,.
p53_petroleum_liquids_1,2023.0,0,25800,.,.
p53_petroleum_liquids_1,2024.0,0,25800,.,.
p53_petroleum_liquids_1,2025.0,0,25800,.,.
p53_solar_photovoltaic_1,2017.0,0,21608,.,.
p53_solar_photovoltaic_1,2019.0,0,21608,.,.
p53_solar_photovoltaic_1,2021.0,0,21608,.,.
p53_solar_photovoltaic_1,2022.0,0,21608,.,.
p53_solar_photovoltaic_1,2023.0,0,21608,.,.
p53_solar_photovoltaic_1,2024.0,0,21608,.,.
p53_solar_photovoltaic_1,2025.0,0,21608,.,.
p53_solar_photovoltaic_1,2026.0,0,21608,.,.
p53_waste_heat_1,2005.0,0,163666,.,.
p54_biomass_1,2011.0,0,163666,.,.
p54_conventional_steam_coal_1,1980.0,0,70427,.,.
p54_conventional_steam_coal_1,2010.0,0,70427,.,.
p54_conventional_steam_coal_2,1969.0,0,81956.3333333333,.,.
p54_natural_gas_fired_combined_cycle_1,2001.0,0,11863,.,.
p54_natural_gas_fired_combined_cycle_1,2002.0,0,11863,.,.
p54_natural_gas_fired_combined_cycle_2,1997.0,0,19989,.,.
p54_natural_gas_fired_combined_cycle_2,2000.0,0,19989,.,.
p54_natural_gas_fired_combustion_turbine_1,1972.0,0,13152,.,.
p54_natural_gas_fired_combustion_turbine_1,1974.0,0,13152,.,.
p54_natural_gas_fired_combustion_turbine_1,1975.0,0,13152,.,.
p54_natural_gas_fired_combustion_turbine_1,1977.0,0,13152,.,.
p54_natural_gas_fired_combustion_turbine_1,1979.0,0,13152,.,.
p54_natural_gas_fired_combustion_turbine_1,1981.0,0,13152,.,.
p54_natural_gas_fired_combustion_turbine_1,1986.0,0,13152,.,.
p54_natural_gas_fired_combustion_turbine_1,1996.0,0,13152,.,.
p54_natural_gas_fired_combustion_turbine_1,1999.0,0,13152,.,.
p54_natural_gas_fired_combustion_turbine_1,2000.0,0,13152,.,.
p54_natural_gas_fired_combustion_turbine_1,2002.0,0,13152,.,.
p54_natural_gas_fired_combustion_turbine_1,2005.0,0,13152,.,.
p54_onshore_wind_turbine_1,2007.0,0,31648,.,.
p54_onshore_wind_turbine_1,2008.0,0,31648,.,.
p54_onshore_wind_turbine_1,2009.0,0,31648,.,.
p54_onshore_wind_turbine_1,2010.0,0,31648,.,.
p54_onshore_wind_turbine_1,2016.0,0,31648,.,.
p54_onshore_wind_turbine_1,2017.0,0,31648,.,.
p54_onshore_wind_turbine_1,2020.0,0,31648,.,.
p54_onshore_wind_turbine_1,2021.0,0,31648,.,.
p54_other_peaker_1,1530.0,0,25800,.,.
p54_other_peaker_1,1947.0,0,25800,.,.
p54_other_peaker_1,1950.0,0,25800,.,.
p54_other_peaker_1,1958.0,0,25800,.,.
p54_other_peaker_1,1959.0,0,25800,.,.
p54_other_peaker_1,1962.0,0,25800,.,.
p54_other_peaker_1,1963.0,0,25800,.,.
p54_other_peaker_1,1966.0,0,25800,.,.
p54_other_peaker_1,1967.0,0,25800,.,.
p54_other_peaker_1,1970.0,0,25800,.,.
p54_other_peaker_1,1972.0,0,25800,.,.
p54_other_peaker_1,1979.0,0,25800,.,.
p54_other_peaker_1,1990.0,0,25800,.,.
p54_other_peaker_1,1991.0,0,25800,.,.
p54_other_peaker_1,1994.0,0,25800,.,.
p54_petroleum_liquids_1,1527.0,0,25800,.,.
p54_petroleum_liquids_1,1935.0,0,25800,.,.
p54_petroleum_liquids_1,1955.0,0,25800,.,.
p54_petroleum_liquids_1,1958.0,0,25800,.,.
p54_petroleum_liquids_1,1962.0,0,25800,.,.
p54_petroleum_liquids_1,1967.0,0,25800,.,.
p54_petroleum_liquids_1,1969.0,0,25800,.,.
p54_petroleum_liquids_1,1970.0,0,25800,.,.
p54_petroleum_liquids_1,1972.0,0,25800,.,.
p54_petroleum_liquids_1,1974.0,0,25800,.,.
p54_petroleum_liquids_1,1975.0,0,25800,.,.
p54_petroleum_liquids_1,1976.0,0,25800,.,.
p54_petroleum_liquids_1,1977.0,0,25800,.,.
p54_petroleum_liquids_1,1983.0,0,25800,.,.
p54_petroleum_liquids_1,1985.0,0,25800,.,.
p54_petroleum_liquids_1,1986.0,0,25800,.,.
p54_petroleum_liquids_1,1988.0,0,25800,.,.
p54_petroleum_liquids_1,1989.0,0,25800,.,.
p54_petroleum_liquids_1,1990.0,0,25800,.,.
p54_petroleum_liquids_1,1993.0,0,25800,.,.
p54_petroleum_liquids_1,1994.0,0,25800,.,.
p54_petroleum_liquids_1,2000.0,0,25800,.,.
p54_petroleum_liquids_1,2001.0,0,25800,.,.
p54_petroleum_liquids_1,2003.0,0,25800,.,.
p54_petroleum_liquids_1,2004.0,0,25800,.,.
p54_solar_photovoltaic_1,2015.0,0,21608,.,.
p54_solar_photovoltaic_1,2016.0,0,21608,.,.
p54_solar_photovoltaic_1,2017.0,0,21608,.,.
p54_solar_photovoltaic_1,2018.0,0,21608,.,.
p54_solar_photovoltaic_1,2023.0,0,21608,.,.
p54_solar_photovoltaic_1,2025.0,0,21608,.,.
p55_biomass_1,2006.0,0,163666,.,.
p55_conventional_hydroelectric_1,1959.0,0,57025,.,.
p55_conventional_hydroelectric_1,1961.0,0,57025,.,.
p55_conventional_hydroelectric_1,1973.0,0,57025,.,.
p55_conventional_steam_coal_1,1976.0,0,93868,.,.
p55_conventional_steam_coal_2,2011.0,0,88224.6666666667,.,.
p55_hydroelectric_pumped_storage_1,1979.0,0,57025,0,0
p55_hydroelectric_pumped_storage_1,1981.0,0,57025,0,0
p55_hydroelectric_pumped_storage_1,1982.0,0,57025,0,0
p55_natural_gas_fired_combined_cycle_1,1997.0,0,11863,.,.
p55_natural_gas_fired_combined_cycle_1,2001.0,0,11863,.,.
p55_natural_gas_fired_combustion_turbine_1,1535.0,0,12320.6666666667,.,.
p55_natural_gas_fired_combustion_turbine_1,1983.0,0,12320.6666666667,.,.
p55_natural_gas_fired_combustion_turbine_1,1989.0,0,12320.6666666667,.,.
p55_natural_gas_fired_combustion_turbine_1,1992.0,0,12320.6666666667,.,.
p55_natural_gas_fired_combustion_turbine_1,1995.0,0,12320.6666666667,.,.
p55_natural_gas_fired_combustion_turbine_1,2002.0,0,12320.6666666667,.,.
p55_natural_gas_fired_combustion_turbine_1,2003.0,0,12320.6666666667,.,.
p55_onshore_wind_turbine_1,2020.0,0,31648,.,.
p55_onshore_wind_turbine_1,2021.0,0,31648,.,.
p55_petroleum_liquids_1,1946.0,0,25800,.,.
p55_petroleum_liquids_1,1949.0,0,25800,.,.
p55_petroleum_liquids_1,1952.0,0,25800,.,.
p55_petroleum_liquids_1,1957.0,0,25800,.,.
p55_petroleum_liquids_1,1959.0,0,25800,.,.
p55_petroleum_liquids_1,1965.0,0,25800,.,.
p55_petroleum_liquids_1,1970.0,0,25800,.,.
p55_petroleum_liquids_1,1971.0,0,25800,.,.
p55_petroleum_liquids_1,1974.0,0,25800,.,.
p55_petroleum_liquids_1,1976.0,0,25800,.,.
p55_petroleum_liquids_1,2000.0,0,25800,.,.
p55_solar_photovoltaic_1,2014.0,0,21608,.,.
p55_solar_photovoltaic_1,2017.0,0,21608,.,.
p55_solar_photovoltaic_1,2018.0,0,21608,.,.
p55_solar_photovoltaic_1,2021.0,0,21608,.,.
p55_solar_photovoltaic_1,2027.0,0,21608,.,.
p56_batteries_1,2019.0,0,8671,0,0
p56_biomass_1,2010.0,0,163666,.,.
p56_conventional_hydroelectric_1,1964.0,0,57025,.,.
p56_conventional_hydroelectric_1,1965.0,0,57025,.,.
p56_conventional_hydroelectric_1,1972.0,0,57025,.,.
p56_conventional_hydroelectric_1,1973.0,0,57025,.,.
p56_conventional_hydroelectric_1,1974.0,0,57025,.,.
p56_conventional_steam_coal_1,1978.0,0,93545.6666666667,.,.
p56_natural_gas_fired_combined_cycle_1,1963.0,0,19989,.,.
p56_natural_gas_fired_combined_cycle_2,2002.0,0,19989,.,.
p56_natural_gas_fired_combustion_turbine_1,2007.0,0,11723,.,.
p56_natural_gas_fired_combustion_turbine_1,2010.0,0,11723,.,.
p56_natural_gas_fired_combustion_turbine_1,2013.0,0,11723,.,.
p56_natural_gas_fired_combustion_turbine_1,2016.0,0,11723,.,.
p56_onshore_wind_turbine_1,2026.0,0,31648,.,.
p56_solar_photovoltaic_1,2016.0,0,21608,.,.
p56_solar_photovoltaic_1,2017.0,0,21608,.,.
p56_solar_photovoltaic_1,2018.0,0,21608,.,.
p56_solar_photovoltaic_1,2019.0,0,21608,.,.
p56_solar_photovoltaic_1,2020.0,0,21608,.,.
p56_solar_photovoltaic_1,2021.0,0,21608,.,.
p56_solar_photovoltaic_1,2022.0,0,21608,.,.
p56_solar_photovoltaic_1,2023.0,0,21608,.,.
p56_solar_photovoltaic_1,2025.0,0,21608,.,.
p57_biomass_1,1972.0,0,163666,.,.
p57_biomass_1,1977.0,0,163666,.,.
p57_biomass_1,1983.0,0,163666,.,.
p57_conventional_steam_coal_1,1977.0,0,69993.3333333333,.,.
p57_conventional_steam_coal_2,1982.0,0,69187,.,.
p57_natural_gas_fired_combined_cycle_1,2001.0,0,19989,.,.
p57_natural_gas_fired_combined_cycle_2,2003.0,0,11863,.,.
p57_other_peaker_1,1964.0,0,25800,.,.
p57_other_peaker_1,1970.0,0,25800,.,.
p57_other_peaker_1,1971.0,0,25800,.,.
p57_other_peaker_1,1974.0,0,25800,.,.
p57_solar_photovoltaic_1,2022.0,0,21608,.,.
p58_biomass_1,1957.0,0,163666,.,.
p58_biomass_1,1966.0,0,163666,.,.
p58_biomass_1,1969.0,0,163666,.,.
p58_biomass_1,1972.0,0,163666,.,.
p58_biomass_1,1979.0,0,163666,.,.
p58_biomass_1,1981.0,0,163666,.,.
p58_biomass_1,1984.0,0,163666,.,.
p58_biomass_1,1999.0,0,163666,.,.
p58_biomass_1,2008.0,0,163666,.,.
p58_conventional_hydroelectric_1,1990.0,0,57025,.,.
p58_conventional_steam_coal_1,1981.0,0,73147.6666666667,.,.
p58_conventional_steam_coal_1,1982.0,0,73147.6666666667,.,.
p58_conventional_steam_coal_1,1983.0,0,73147.6666666667,.,.
p58_conventional_steam_coal_1,2010.0,0,73147.6666666667,.,.
p58_conventional_steam_coal_2,1959.0,0,83569,.,.
p58_natural_gas_fired_combined_cycle_1,1996.0,0,13945,.,.
p58_natural_gas_fired_combined_cycle_1,1997.0,0,13945,.,.
p58_natural_gas_fired_combined_cycle_1,2002.0,0,13945,.,.
p58_natural_gas_fired_combined_cycle_1,2003.0,0,13945,.,.
p58_natural_gas_fired_combined_cycle_1,2004.0,0,13945,.,.
p58_natural_gas_fired_combined_cycle_1,2010.0,0,13945,.,.
p58_natural_gas_fired_combined_cycle_1,2014.0,0,13945,.,.
p58_natural_gas_fired_combined_cycle_1,2019.0,0,13945,.,.
p58_natural_gas_fired_combined_cycle_1,2020.0,0,13945,.,.
p58_natural_gas_fired_combined_cycle_1,2024.0,0,13945,.,.
p58_natural_gas_fired_combined_cycle_1,2025.0,0,13945,.,.
p58_natural_gas_fired_combined_cycle_2,1961.0,0,13824,.,.
p58_natural_gas_fired_combined_cycle_2,1966.0,0,13824,.,.
p58_natural_gas_fired_combined_cycle_2,2000.0,0,13824,.,.
p58_natural_gas_fired_combined_cycle_2,2002.0,0,13824,.,.
p58_natural_gas_fired_combined_cycle_2,2016.0,0,13824,.,.
p58_natural_gas_fired_combustion_turbine_1,1969.0,0,13003,.,.
p58_natural_gas_fired_combustion_turbine_1,1974.0,0,13003,.,.
p58_natural_gas_fired_combustion_turbine_1,1977.0,0,13003,.,.
p58_natural_gas_fired_combustion_turbine_1,1978.0,0,13003,.,.
p58_natural_gas_fired_combustion_turbine_1,1985.0,0,13003,.,.
p58_natural_gas_fired_combustion_turbine_1,1986.0,0,13003,.,.
p58_natural_gas_fired_combustion_turbine_1,1987.0,0,13003,.,.
p58_natural_gas_fired_combustion_turbine_1,1990.0,0,13003,.,.
p58_natural_gas_fired_combustion_turbine_1,1996.0,0,13003,.,.
p58_natural_gas_fired_combustion_turbine_1,1997.0,0,13003,.,.
p58_natural_gas_fired_combustion_turbine_1,1998.0,0,13003,.,.
p58_natural_gas_fired_combustion_turbine_1,1999.0,0,13003,.,.
p58_natural_gas_fired_combustion_turbine_1,2000.0,0,13003,.,.
p58_natural_gas_fired_combustion_turbine_1,2001.0,0,13003,.,.
p58_natural_gas_fired_combustion_turbine_1,2002.0,0,13003,.,.
p58_natural_gas_fired_combustion_turbine_1,2004.0,0,13003,.,.
p58_natural_gas_fired_combustion_turbine_1,2005.0,0,13003,.,.
p58_natural_gas_fired_combustion_turbine_1,2006.0,0,13003,.,.
p58_natural_gas_fired_combustion_turbine_1,2011.0,0,13003,.,.
p58_natural_gas_fired_combustion_turbine_1,2019.0,0,13003,.,.
p58_natural_gas_fired_combustion_turbine_1,2020.0,0,13003,.,.
p58_nuclear_1,1985.0,0,333518,.,.
p58_nuclear_1,1986.0,0,333518,.,.
p58_other_peaker_1,1528.0,0,25800,.,.
p58_other_peaker_1,1529.0,0,25800,.,.
p58_other_peaker_1,1531.0,0,25800,.,.
p58_other_peaker_1,1533.0,0,25800,.,.
p58_other_peaker_1,1942.0,0,25800,.,.
p58_other_peaker_1,1949.0,0,25800,.,.
p58_other_peaker_1,1950.0,0,25800,.,.
p58_other_peaker_1,1951.0,0,25800,.,.
p58_other_peaker_1,1953.0,0,25800,.,.
p58_other_peaker_1,1954.0,0,25800,.,.
p58_other_peaker_1,1957.0,0,25800,.,.
p58_other_peaker_1,1958.0,0,25800,.,.
p58_other_peaker_1,1959.0,0,25800,.,.
p58_other_peaker_1,1965.0,0,25800,.,.
p58_other_peaker_1,1969.0,0,25800,.,.
p58_other_peaker_1,1970.0,0,25800,.,.
p58_other_peaker_1,1972.0,0,25800,.,.
p58_other_peaker_1,1975.0,0,25800,.,.
p58_other_peaker_1,1977.0,0,25800,.,.
p58_other_peaker_1,1982.0,0,25800,.,.
p58_other_peaker_1,1985.0,0,25800,.,.
p58_other_peaker_1,1986.0,0,25800,.,.
p58_other_peaker_1,1990.0,0,25800,.,.
p58_other_peaker_1,2005.0,0,25800,.,.
p58_other_peaker_1,2011.0,0,25800,.,.
p58_other_peaker_1,2016.0,0,25800,.,.
p58_other_peaker_1,2020.0,0,25800,.,.
p58_other_peaker_1,2024.0,0,25800,.,.
p58_petroleum_liquids_1,1951.0,0,25800,.,.
p58_petroleum_liquids_1,1953.0,0,25800,.,.
p58_petroleum_liquids_1,1957.0,0,25800,.,.
p58_petroleum_liquids_1,1965.0,0,25800,.,.
p58_petroleum_liquids_1,1971.0,0,25800,.,.
p58_petroleum_liquids_1,2009.0,0,25800,.,.
p58_petroleum_liquids_1,2010.0,0,25800,.,.
p58_petroleum_liquids_1,2014.0,0,25800,.,.
p58_solar_photovoltaic_1,2016.0,0,21608,.,.
p58_solar_photovoltaic_1,2019.0,0,21608,.,.
p58_solar_photovoltaic_1,2020.0,0,21608,.,.
p58_solar_photovoltaic_1,2022.0,0,21608,.,.
p58_solar_photovoltaic_1,2023.0,0,21608,.,.
p58_solar_photovoltaic_1,2024.0,0,21608,.,.
p58_solar_photovoltaic_1,2025.0,0,21608,.,.
p58_solar_photovoltaic_1,2026.0,0,21608,.,.
p58_solar_photovoltaic_1,2027.0,0,21608,.,.
p58_waste_heat_1,1950.0,0,163666,.,.
p58_waste_heat_1,1968.0,0,163666,.,.
p58_waste_heat_1,1969.0,0,163666,.,.
p58_waste_heat_1,1990.0,0,163666,.,.
p58_waste_heat_1,2004.0,0,163666,.,.
p58_waste_heat_1,2011.0,0,163666,.,.
p58_waste_heat_1,2012.0,0,163666,.,.
p58_waste_heat_1,2016.0,0,163666,.,.
p58_waste_heat_1,2019.0,0,163666,.,.
p58_waste_heat_1,2023.0,0,163666,.,.
p59_natural_gas_fired_combined_cycle_1,1531.0,0,19989,.,.
p59_natural_gas_fired_combined_cycle_1,2009.0,0,19989,.,.
p59_natural_gas_fired_combined_cycle_1,2011.0,0,19989,.,.
p59_natural_gas_fired_combustion_turbine_1,1530.0,0,11916.3333333333,.,.
p59_natural_gas_fired_combustion_turbine_1,1992.0,0,11916.3333333333,.,.
p59_natural_gas_fired_combustion_turbine_1,2015.0,0,11916.3333333333,.,.
p59_natural_gas_fired_combustion_turbine_1,2016.0,0,11916.3333333333,.,.
p59_natural_gas_fired_combustion_turbine_1,2023.0,0,11916.3333333333,.,.
p59_other_peaker_1,1527.0,0,25800,.,.
p59_other_peaker_1,1531.0,0,25800,.,.
p59_other_peaker_1,1987.0,0,25800,.,.
p59_solar_photovoltaic_1,2014.0,0,21608,.,.
p59_solar_photovoltaic_1,2017.0,0,21608,.,.
p59_solar_photovoltaic_1,2018.0,0,21608,.,.
p59_solar_photovoltaic_1,2024.0,0,21608,.,.
p59_solar_photovoltaic_1,2025.0,0,21608,.,.
p6_batteries_1,2026.0,0,8671,0,0
p6_biomass_1,1955.0,0,163666,.,.
p6_biomass_1,1985.0,0,163666,.,.
p6_biomass_1,1987.0,0,163666,.,.
p6_biomass_1,2006.0,0,163666,.,.
p6_biomass_1,2007.0,0,163666,.,.
p6_biomass_1,2009.0,0,163666,.,.
p6_biomass_1,2011.0,0,163666,.,.
p6_conventional_hydroelectric_1,1928.0,0,57025,.,.
p6_conventional_hydroelectric_1,1949.0,0,57025,.,.
p6_conventional_hydroelectric_1,1950.0,0,57025,.,.
p6_conventional_hydroelectric_1,1953.0,0,57025,.,.
p6_conventional_hydroelectric_1,1955.0,0,57025,.,.
p6_conventional_hydroelectric_1,1956.0,0,57025,.,.
p6_conventional_hydroelectric_1,1977.0,0,57025,.,.
p6_natural_gas_fired_combined_cycle_1,2001.0,0,11863,.,.
p6_natural_gas_fired_combustion_turbine_1,2002.0,0,13025,.,.
p6_small_hydroelectric_1,1912.0,0,57025,.,.
p6_small_hydroelectric_1,1924.0,0,57025,.,.
p6_small_hydroelectric_1,1932.0,0,57025,.,.
p6_small_hydroelectric_1,1944.0,0,57025,.,.
p6_small_hydroelectric_1,1951.0,0,57025,.,.
p6_small_hydroelectric_1,1952.0,0,57025,.,.
p6_small_hydroelectric_1,1953.0,0,57025,.,.
p6_small_hydroelectric_1,1957.0,0,57025,.,.
p6_small_hydroelectric_1,1960.0,0,57025,.,.
p6_small_hydroelectric_1,1987.0,0,57025,.,.
p6_small_hydroelectric_1,1989.0,0,57025,.,.
p6_small_hydroelectric_1,2012.0,0,57025,.,.
p6_solar_photovoltaic_1,2014.0,0,21608,.,.
p6_solar_photovoltaic_1,2015.0,0,21608,.,.
p6_solar_photovoltaic_1,2017.0,0,21608,.,.
p6_solar_photovoltaic_1,2018.0,0,21608,.,.
p6_solar_photovoltaic_1,2019.0,0,21608,.,.
p6_solar_photovoltaic_1,2020.0,0,21608,.,.
p6_solar_photovoltaic_1,2023.0,0,21608,.,.
p6_solar_photovoltaic_1,2024.0,0,21608,.,.
p6_solar_photovoltaic_1,2025.0,0,21608,.,.
p60_batteries_1,2017.0,0,8671,0,0
p60_batteries_1,2018.0,0,8671,0,0
p60_batteries_1,2022.0,0,8671,0,0
p60_batteries_1,2024.0,0,8671,0,0
p60_batteries_1,2025.0,0,8671,0,0
p60_batteries_1,2026.0,0,8671,0,0
p60_batteries_1,2027.0,0,8671,0,0
p60_natural_gas_fired_combined_cycle_1,1987.0,0,19989,.,.
p60_natural_gas_fired_combined_cycle_1,1988.0,0,19989,.,.
p60_natural_gas_fired_combined_cycle_2,2005.0,0,19989,.,.
p60_onshore_wind_turbine_1,1998.0,0,31648,.,.
p60_onshore_wind_turbine_1,2001.0,0,31648,.,.
p60_onshore_wind_turbine_1,2003.0,0,31648,.,.
p60_onshore_wind_turbine_1,2005.0,0,31648,.,.
p60_onshore_wind_turbine_1,2006.0,0,31648,.,.
p60_onshore_wind_turbine_1,2007.0,0,31648,.,.
p60_onshore_wind_turbine_1,2008.0,0,31648,.,.
p60_onshore_wind_turbine_1,2009.0,0,31648,.,.
p60_onshore_wind_turbine_1,2011.0,0,31648,.,.
p60_onshore_wind_turbine_1,2012.0,0,31648,.,.
p60_onshore_wind_turbine_1,2014.0,0,31648,.,.
p60_onshore_wind_turbine_1,2015.0,0,31648,.,.
p60_onshore_wind_turbine_1,2016.0,0,31648,.,.
p60_onshore_wind_turbine_1,2017.0,0,31648,.,.
p60_onshore_wind_turbine_1,2018.0,0,31648,.,.
p60_onshore_wind_turbine_1,2019.0,0,31648,.,.
p60_onshore_wind_turbine_1,2020.0,0,31648,.,.
p60_onshore_wind_turbine_1,2021.0,0,31648,.,.
p60_onshore_wind_turbine_1,2022.0,0,31648,.,.
p60_onshore_wind_turbine_1,2023.0,0,31648,.,.
p60_onshore_wind_turbine_1,2024.0,0,31648,.,.
p60_onshore_wind_turbine_1,2025.0,0,31648,.,.
p60_other_peaker_1,2021.0,0,25800,.,.
p60_petroleum_liquids_1,1988.0,0,25800,.,.
p60_solar_photovoltaic_1,2016.0,0,21608,.,.
p60_solar_photovoltaic_1,2017.0,0,21608,.,.
p60_solar_photovoltaic_1,2018.0,0,21608,.,.
p60_solar_photovoltaic_1,2020.0,0,21608,.,.
p60_solar_photovoltaic_1,2021.0,0,21608,.,.
p60_solar_photovoltaic_1,2023.0,0,21608,.,.
p60_solar_photovoltaic_1,2024.0,0,21608,.,.
p60_solar_photovoltaic_1,2025.0,0,21608,.,.
p60_solar_photovoltaic_1,2026.0,0,21608,.,.
p60_solar_photovoltaic_1,2028.0,0,21608,.,.
p61_batteries_1,1532.0,0,8671,0,0
p61_batteries_1,2020.0,0,8671,0,0
p61_batteries_1,2021.0,0,8671,0,0
p61_batteries_1,2022.0,0,8671,0,0
p61_batteries_1,2023.0,0,8671,0,0
p61_batteries_1,2024.0,0,8671,0,0
p61_batteries_1,2025.0,0,8671,0,0
p61_batteries_1,2026.0,0,8671,0,0
p61_batteries_1,2027.0,0,8671,0,0
p61_batteries_1,2028.0,0,8671,0,0
p61_conventional_hydroelectric_1,1983.0,0,57025,.,.
p61_onshore_wind_turbine_1,2001.0,0,31648,.,.
p61_onshore_wind_turbine_1,2002.0,0,31648,.,.
p61_onshore_wind_turbine_1,2005.0,0,31648,.,.
p61_onshore_wind_turbine_1,2006.0,0,31648,.,.
p61_onshore_wind_turbine_1,2007.0,0,31648,.,.
p61_onshore_wind_turbine_1,2008.0,0,31648,.,.
p61_onshore_wind_turbine_1,2009.0,0,31648,.,.
p61_onshore_wind_turbine_1,2011.0,0,31648,.,.
p61_onshore_wind_turbine_1,2012.0,0,31648,.,.
p61_onshore_wind_turbine_1,2017.0,0,31648,.,.
p61_onshore_wind_turbine_1,2018.0,0,31648,.,.
p61_onshore_wind_turbine_1,2019.0,0,31648,.,.
p61_onshore_wind_turbine_1,2021.0,0,31648,.,.
p61_onshore_wind_turbine_1,2022.0,0,31648,.,.
p61_onshore_wind_turbine_1,2023.0,0,31648,.,.
p61_onshore_wind_turbine_1,2024.0,0,31648,.,.
p61_onshore_wind_turbine_1,2025.0,0,31648,.,.
p61_other_peaker_1,1981.0,0,25800,.,.
p61_other_peaker_1,1986.0,0,25800,.,.
p61_other_peaker_1,2017.0,0,25800,.,.
p61_other_peaker_1,2018.0,0,25800,.,.
p61_other_peaker_1,2021.0,0,25800,.,.
p61_petroleum_liquids_1,2026.0,0,25800,.,.
p61_solar_photovoltaic_1,2013.0,0,21608,.,.
p61_solar_photovoltaic_1,2014.0,0,21608,.,.
p61_solar_photovoltaic_1,2015.0,0,21608,.,.
p61_solar_photovoltaic_1,2016.0,0,21608,.,.
p61_solar_photovoltaic_1,2017.0,0,21608,.,.
p61_solar_photovoltaic_1,2018.0,0,21608,.,.
p61_solar_photovoltaic_1,2019.0,0,21608,.,.
p61_solar_photovoltaic_1,2020.0,0,21608,.,.
p61_solar_photovoltaic_1,2021.0,0,21608,.,.
p61_solar_photovoltaic_1,2023.0,0,21608,.,.
p61_solar_photovoltaic_1,2024.0,0,21608,.,.
p61_solar_photovoltaic_1,2025.0,0,21608,.,.
p61_solar_photovoltaic_1,2027.0,0,21608,.,.
p62_batteries_1,2012.0,0,8671,0,0
p62_batteries_1,2019.0,0,8671,0,0
p62_batteries_1,2020.0,0,8671,0,0
p62_batteries_1,2021.0,0,8671,0,0
p62_batteries_1,2022.0,0,8671,0,0
p62_batteries_1,2023.0,0,8671,0,0
p62_batteries_1,2024.0,0,8671,0,0
p62_batteries_1,2025.0,0,8671,0,0
p62_batteries_1,2028.0,0,8671,0,0
p62_natural_gas_fired_combined_cycle_1,2002.0,0,11863,.,.
p62_natural_gas_fired_combined_cycle_1,2007.0,0,11863,.,.
p62_natural_gas_fired_combined_cycle_1,2008.0,0,11863,.,.
p62_natural_gas_fired_combined_cycle_2,2001.0,0,14947,.,.
p62_natural_gas_fired_combustion_turbine_1,1988.0,0,10888,.,.
p62_natural_gas_fired_combustion_turbine_1,1990.0,0,10888,.,.
p62_natural_gas_fired_combustion_turbine_1,2015.0,0,10888,.,.
p62_onshore_wind_turbine_1,2001.0,0,31648,.,.
p62_onshore_wind_turbine_1,2007.0,0,31648,.,.
p62_onshore_wind_turbine_1,2008.0,0,31648,.,.
p62_onshore_wind_turbine_1,2009.0,0,31648,.,.
p62_onshore_wind_turbine_1,2015.0,0,31648,.,.
p62_onshore_wind_turbine_1,2018.0,0,31648,.,.
p62_onshore_wind_turbine_1,2020.0,0,31648,.,.
p62_onshore_wind_turbine_1,2022.0,0,31648,.,.
p62_onshore_wind_turbine_1,2023.0,0,31648,.,.
p62_onshore_wind_turbine_1,2024.0,0,31648,.,.
p62_onshore_wind_turbine_1,2025.0,0,31648,.,.
p62_other_peaker_1,2021.0,0,25800,.,.
p62_petroleum_liquids_1,2013.0,0,25800,.,.
p62_solar_photovoltaic_1,2017.0,0,21608,.,.
p62_solar_photovoltaic_1,2018.0,0,21608,.,.
p62_solar_photovoltaic_1,2019.0,0,21608,.,.
p62_solar_photovoltaic_1,2020.0,0,21608,.,.
p62_solar_photovoltaic_1,2021.0,0,21608,.,.
p62_solar_photovoltaic_1,2023.0,0,21608,.,.
p62_solar_photovoltaic_1,2025.0,0,21608,.,.
p62_solar_photovoltaic_1,2026.0,0,21608,.,.
p62_solar_photovoltaic_1,2028.0,0,21608,.,.
p63_batteries_1,2021.0,0,8671,0,0
p63_batteries_1,2022.0,0,8671,0,0
p63_batteries_1,2023.0,0,8671,0,0
p63_batteries_1,2024.0,0,8671,0,0
p63_batteries_1,2025.0,0,8671,0,0
p63_batteries_1,2026.0,0,8671,0,0
p63_batteries_1,2027.0,0,8671,0,0
p63_biomass_1,2010.0,0,163666,.,.
p63_biomass_1,2011.0,0,163666,.,.
p63_conventional_hydroelectric_1,1945.0,0,57025,.,.
p63_conventional_hydroelectric_1,1949.0,0,57025,.,.
p63_conventional_hydroelectric_1,1953.0,0,57025,.,.
p63_conventional_hydroelectric_1,2015.0,0,57025,.,.
p63_conventional_steam_coal_1,1985.0,0,71218.6666666667,.,.
p63_conventional_steam_coal_1,1986.0,0,71218.6666666667,.,.
p63_conventional_steam_coal_1,2010.0,0,71218.6666666667,.,.
p63_conventional_steam_coal_1,2011.0,0,71218.6666666667,.,.
p63_conventional_steam_coal_1,2013.0,0,71218.6666666667,.,.
p63_conventional_steam_coal_2,1977.0,0,80876.6666666667,.,.
p63_conventional_steam_coal_2,1978.0,0,80876.6666666667,.,.
p63_conventional_steam_coal_2,1979.0,0,80876.6666666667,.,.
p63_conventional_steam_coal_2,1990.0,0,80876.6666666667,.,.
p63_conventional_steam_coal_2,1991.0,0,80876.6666666667,.,.
p63_natural_gas_fired_combined_cycle_1,1996.0,0,14327,.,.
p63_natural_gas_fired_combined_cycle_1,2000.0,0,14327,.,.
p63_natural_gas_fired_combined_cycle_1,2001.0,0,14327,.,.
p63_natural_gas_fired_combined_cycle_1,2002.0,0,14327,.,.
p63_natural_gas_fired_combined_cycle_1,2003.0,0,14327,.,.
p63_natural_gas_fired_combined_cycle_1,2004.0,0,14327,.,.
p63_natural_gas_fired_combined_cycle_1,2006.0,0,14327,.,.
p63_natural_gas_fired_combined_cycle_1,2010.0,0,14327,.,.
p63_natural_gas_fired_combined_cycle_1,2011.0,0,14327,.,.
p63_natural_gas_fired_combined_cycle_1,2014.0,0,14327,.,.
p63_natural_gas_fired_combined_cycle_1,2015.0,0,14327,.,.
p63_natural_gas_fired_combined_cycle_1,2017.0,0,14327,.,.
p63_natural_gas_fired_combined_cycle_2,1987.0,0,19989,.,.
p63_natural_gas_fired_combined_cycle_2,1989.0,0,19989,.,.
p63_natural_gas_fired_combustion_turbine_1,1990.0,0,11747,.,.
p63_natural_gas_fired_combustion_turbine_1,1994.0,0,11747,.,.
p63_natural_gas_fired_combustion_turbine_1,2001.0,0,11747,.,.
p63_natural_gas_fired_combustion_turbine_1,2026.0,0,11747,.,.
p63_nuclear_1,1990.0,0,234257,.,.
p63_nuclear_1,1993.0,0,234257,.,.
p63_onshore_wind_turbine_1,2007.0,0,31648,.,.
p63_onshore_wind_turbine_1,2008.0,0,31648,.,.
p63_onshore_wind_turbine_1,2009.0,0,31648,.,.
p63_onshore_wind_turbine_1,2011.0,0,31648,.,.
p63_onshore_wind_turbine_1,2012.0,0,31648,.,.
p63_onshore_wind_turbine_1,2013.0,0,31648,.,.
p63_onshore_wind_turbine_1,2014.0,0,31648,.,.
p63_onshore_wind_turbine_1,2015.0,0,31648,.,.
p63_onshore_wind_turbine_1,2016.0,0,31648,.,.
p63_onshore_wind_turbine_1,2017.0,0,31648,.,.
p63_onshore_wind_turbine_1,2018.0,0,31648,.,.
p63_onshore_wind_turbine_1,2020.0,0,31648,.,.
p63_onshore_wind_turbine_1,2021.0,0,31648,.,.
p63_onshore_wind_turbine_1,2022.0,0,31648,.,.
p63_onshore_wind_turbine_1,2023.0,0,31648,.,.
p63_onshore_wind_turbine_1,2024.0,0,31648,.,.
p63_onshore_wind_turbine_1,2025.0,0,31648,.,.
p63_onshore_wind_turbine_1,2027.0,0,31648,.,.
p63_other_peaker_1,1956.0,0,25800,.,.
p63_other_peaker_1,1958.0,0,25800,.,.
p63_other_peaker_1,1960.0,0,25800,.,.
p63_other_peaker_1,1963.0,0,25800,.,.
p63_other_peaker_1,1965.0,0,25800,.,.
p63_other_peaker_1,1966.0,0,25800,.,.
p63_other_peaker_1,1967.0,0,25800,.,.
p63_other_peaker_1,1969.0,0,25800,.,.
p63_other_peaker_1,1970.0,0,25800,.,.
p63_other_peaker_1,1971.0,0,25800,.,.
p63_other_peaker_1,1972.0,0,25800,.,.
p63_other_peaker_1,1973.0,0,25800,.,.
p63_other_peaker_1,1975.0,0,25800,.,.
p63_other_peaker_1,1976.0,0,25800,.,.
p63_other_peaker_1,1977.0,0,25800,.,.
p63_other_peaker_1,1994.0,0,25800,.,.
p63_other_peaker_1,2000.0,0,25800,.,.
p63_other_peaker_1,2001.0,0,25800,.,.
p63_other_peaker_1,2002.0,0,25800,.,.
p63_other_peaker_1,2009.0,0,25800,.,.
p63_other_peaker_1,2010.0,0,25800,.,.
p63_other_peaker_1,2013.0,0,25800,.,.
p63_other_peaker_1,2018.0,0,25800,.,.
p63_other_peaker_1,2020.0,0,25800,.,.
p63_other_peaker_1,2021.0,0,25800,.,.
p63_other_peaker_1,2022.0,0,25800,.,.
p63_other_peaker_1,2023.0,0,25800,.,.
p63_other_peaker_1,2024.0,0,25800,.,.
p63_petroleum_liquids_1,1966.0,0,25800,.,.
p63_petroleum_liquids_1,1967.0,0,25800,.,.
p63_petroleum_liquids_1,1974.0,0,25800,.,.
p63_petroleum_liquids_1,1975.0,0,25800,.,.
p63_petroleum_liquids_1,1978.0,0,25800,.,.
p63_petroleum_liquids_1,1980.0,0,25800,.,.
p63_petroleum_liquids_1,1998.0,0,25800,.,.
p63_petroleum_liquids_1,2020.0,0,25800,.,.
p63_petroleum_liquids_1,2025.0,0,25800,.,.
p63_small_hydroelectric_1,1992.0,0,57025,.,.
p63_solar_photovoltaic_1,2015.0,0,21608,.,.
p63_solar_photovoltaic_1,2016.0,0,21608,.,.
p63_solar_photovoltaic_1,2017.0,0,21608,.,.
p63_solar_photovoltaic_1,2018.0,0,21608,.,.
p63_solar_photovoltaic_1,2019.0,0,21608,.,.
p63_solar_photovoltaic_1,2020.0,0,21608,.,.
p63_solar_photovoltaic_1,2021.0,0,21608,.,.
p63_solar_photovoltaic_1,2022.0,0,21608,.,.
p63_solar_photovoltaic_1,2023.0,0,21608,.,.
p63_solar_photovoltaic_1,2024.0,0,21608,.,.
p63_solar_photovoltaic_1,2025.0,0,21608,.,.
p63_solar_photovoltaic_1,2026.0,0,21608,.,.
p63_solar_photovoltaic_1,2027.0,0,21608,.,.
p63_solar_photovoltaic_1,2028.0,0,21608,.,.
p64_batteries_1,2012.0,0,8671,0,0
p64_batteries_1,2018.0,0,8671,0,0
p64_batteries_1,2020.0,0,8671,0,0
p64_batteries_1,2021.0,0,8671,0,0
p64_batteries_1,2022.0,0,8671,0,0
p64_batteries_1,2023.0,0,8671,0,0
p64_batteries_1,2024.0,0,8671,0,0
p64_batteries_1,2025.0,0,8671,0,0
p64_biomass_1,2007.0,0,163666,.,.
p64_biomass_1,2010.0,0,163666,.,.
p64_conventional_hydroelectric_1,1938.0,0,57025,.,.
p64_conventional_hydroelectric_1,1941.0,0,57025,.,.
p64_conventional_hydroelectric_1,1950.0,0,57025,.,.
p64_conventional_hydroelectric_1,1951.0,0,57025,.,.
p64_conventional_steam_coal_1,1988.0,0,71854,.,.
p64_conventional_steam_coal_2,1979.0,0,73224.3333333333,.,.
p64_conventional_steam_coal_2,1980.0,0,73224.3333333333,.,.
p64_natural_gas_fired_combined_cycle_1,2000.0,0,13407,.,.
p64_natural_gas_fired_combined_cycle_1,2001.0,0,13407,.,.
p64_natural_gas_fired_combined_cycle_1,2002.0,0,13407,.,.
p64_natural_gas_fired_combined_cycle_1,2004.0,0,13407,.,.
p64_natural_gas_fired_combined_cycle_1,2014.0,0,13407,.,.
p64_natural_gas_fired_combined_cycle_2,1959.0,0,19989,.,.
p64_natural_gas_fired_combined_cycle_2,1979.0,0,19989,.,.
p64_natural_gas_fired_combined_cycle_2,1987.0,0,19989,.,.
p64_natural_gas_fired_combined_cycle_2,2004.0,0,19989,.,.
p64_natural_gas_fired_combined_cycle_2,2010.0,0,19989,.,.
p64_natural_gas_fired_combined_cycle_2,2011.0,0,19989,.,.
p64_natural_gas_fired_combustion_turbine_1,1975.0,0,13466,.,.
p64_natural_gas_fired_combustion_turbine_1,1988.0,0,13466,.,.
p64_natural_gas_fired_combustion_turbine_1,2001.0,0,13466,.,.
p64_natural_gas_fired_combustion_turbine_1,2004.0,0,13466,.,.
p64_natural_gas_fired_combustion_turbine_1,2006.0,0,13466,.,.
p64_natural_gas_fired_combustion_turbine_1,2010.0,0,13466,.,.
p64_other_peaker_1,1965.0,0,25800,.,.
p64_other_peaker_1,1968.0,0,25800,.,.
p64_other_peaker_1,1972.0,0,25800,.,.
p64_other_peaker_1,1978.0,0,25800,.,.
p64_other_peaker_1,1988.0,0,25800,.,.
p64_other_peaker_1,2016.0,0,25800,.,.
p64_other_peaker_1,2018.0,0,25800,.,.
p64_other_peaker_1,2021.0,0,25800,.,.
p64_other_peaker_1,2025.0,0,25800,.,.
p64_petroleum_liquids_1,2006.0,0,25800,.,.
p64_petroleum_liquids_1,2013.0,0,25800,.,.
p64_small_hydroelectric_1,1927.0,0,57025,.,.
p64_small_hydroelectric_1,1938.0,0,57025,.,.
p64_small_hydroelectric_1,1940.0,0,57025,.,.
p64_small_hydroelectric_1,1989.0,0,57025,.,.
p64_solar_photovoltaic_1,2011.0,0,21608,.,.
p64_solar_photovoltaic_1,2012.0,0,21608,.,.
p64_solar_photovoltaic_1,2015.0,0,21608,.,.
p64_solar_photovoltaic_1,2017.0,0,21608,.,.
p64_solar_photovoltaic_1,2018.0,0,21608,.,.
p64_solar_photovoltaic_1,2019.0,0,21608,.,.
p64_solar_photovoltaic_1,2021.0,0,21608,.,.
p64_solar_photovoltaic_1,2023.0,0,21608,.,.
p64_solar_photovoltaic_1,2025.0,0,21608,.,.
p64_solar_photovoltaic_1,2026.0,0,21608,.,.
p64_solar_photovoltaic_1,2028.0,0,21608,.,.
p65_batteries_1,1542.0,0,8671,0,0
p65_batteries_1,2019.0,0,8671,0,0
p65_batteries_1,2020.0,0,8671,0,0
p65_batteries_1,2021.0,0,8671,0,0
p65_batteries_1,2022.0,0,8671,0,0
p65_batteries_1,2023.0,0,8671,0,0
p65_batteries_1,2024.0,0,8671,0,0
p65_batteries_1,2025.0,0,8671,0,0
p65_batteries_1,2026.0,0,8671,0,0
p65_batteries_1,2027.0,0,8671,0,0
p65_biomass_1,2014.0,0,163666,.,.
p65_conventional_hydroelectric_1,1954.0,0,57025,.,.
p65_conventional_steam_coal_1,1530.0,0,72376,.,.
p65_conventional_steam_coal_1,1980.0,0,72376,.,.
p65_conventional_steam_coal_1,1983.0,0,72376,.,.
p65_conventional_steam_coal_1,2010.0,0,72376,.,.
p65_conventional_steam_coal_2,1982.0,0,92900.6666666667,.,.
p65_natural_gas_fired_combined_cycle_1,1959.0,0,19989,.,.
p65_natural_gas_fired_combined_cycle_1,1963.0,0,19989,.,.
p65_natural_gas_fired_combined_cycle_1,1996.0,0,19989,.,.
p65_natural_gas_fired_combined_cycle_1,2000.0,0,19989,.,.
p65_natural_gas_fired_combined_cycle_1,2003.0,0,19989,.,.
p65_natural_gas_fired_combined_cycle_1,2009.0,0,19989,.,.
p65_natural_gas_fired_combined_cycle_2,1972.0,0,12367,.,.
p65_natural_gas_fired_combined_cycle_2,1976.0,0,12367,.,.
p65_natural_gas_fired_combined_cycle_2,1987.0,0,12367,.,.
p65_natural_gas_fired_combined_cycle_2,1993.0,0,12367,.,.
p65_natural_gas_fired_combined_cycle_2,1994.0,0,12367,.,.
p65_natural_gas_fired_combined_cycle_2,1999.0,0,12367,.,.
p65_natural_gas_fired_combined_cycle_2,2000.0,0,12367,.,.
p65_natural_gas_fired_combined_cycle_2,2002.0,0,12367,.,.
p65_natural_gas_fired_combined_cycle_2,2003.0,0,12367,.,.
p65_natural_gas_fired_combined_cycle_2,2007.0,0,12367,.,.
p65_natural_gas_fired_combined_cycle_2,2008.0,0,12367,.,.
p65_natural_gas_fired_combined_cycle_2,2010.0,0,12367,.,.
p65_natural_gas_fired_combined_cycle_2,2017.0,0,12367,.,.
p65_natural_gas_fired_combined_cycle_2,2023.0,0,12367,.,.
p65_natural_gas_fired_combustion_turbine_1,1969.0,0,14619,.,.
p65_natural_gas_fired_combustion_turbine_1,1984.0,0,14619,.,.
p65_natural_gas_fired_combustion_turbine_1,1987.0,0,14619,.,.
p65_natural_gas_fired_combustion_turbine_1,1988.0,0,14619,.,.
p65_natural_gas_fired_combustion_turbine_1,1989.0,0,14619,.,.
p65_natural_gas_fired_combustion_turbine_1,2000.0,0,14619,.,.
p65_natural_gas_fired_combustion_turbine_1,2004.0,0,14619,.,.
p65_natural_gas_fired_combustion_turbine_1,2008.0,0,14619,.,.
p65_natural_gas_fired_combustion_turbine_1,2010.0,0,14619,.,.
p65_natural_gas_fired_combustion_turbine_1,2017.0,0,14619,.,.
p65_natural_gas_fired_combustion_turbine_1,2019.0,0,14619,.,.
p65_natural_gas_fired_combustion_turbine_1,2020.0,0,14619,.,.
p65_natural_gas_fired_combustion_turbine_1,2022.0,0,14619,.,.
p65_natural_gas_fired_combustion_turbine_1,2023.0,0,14619,.,.
p65_nuclear_1,1988.0,0,234257,.,.
p65_nuclear_1,1989.0,0,234257,.,.
p65_onshore_wind_turbine_1,2008.0,0,31648,.,.
p65_onshore_wind_turbine_1,2009.0,0,31648,.,.
p65_onshore_wind_turbine_1,2010.0,0,31648,.,.
p65_onshore_wind_turbine_1,2012.0,0,31648,.,.
p65_onshore_wind_turbine_1,2014.0,0,31648,.,.
p65_onshore_wind_turbine_1,2015.0,0,31648,.,.
p65_onshore_wind_turbine_1,2016.0,0,31648,.,.
p65_onshore_wind_turbine_1,2017.0,0,31648,.,.
p65_onshore_wind_turbine_1,2018.0,0,31648,.,.
p65_onshore_wind_turbine_1,2019.0,0,31648,.,.
p65_onshore_wind_turbine_1,2020.0,0,31648,.,.
p65_onshore_wind_turbine_1,2021.0,0,31648,.,.
p65_onshore_wind_turbine_1,2022.0,0,31648,.,.
p65_onshore_wind_turbine_1,2023.0,0,31648,.,.
p65_onshore_wind_turbine_1,2025.0,0,31648,.,.
p65_other_peaker_1,1527.0,0,25800,.,.
p65_other_peaker_1,1529.0,0,25800,.,.
p65_other_peaker_1,1964.0,0,25800,.,.
p65_other_peaker_1,1966.0,0,25800,.,.
p65_other_peaker_1,1968.0,0,25800,.,.
p65_other_peaker_1,1970.0,0,25800,.,.
p65_other_peaker_1,1974.0,0,25800,.,.
p65_other_peaker_1,1987.0,0,25800,.,.
p65_other_peaker_1,2010.0,0,25800,.,.
p65_other_peaker_1,2012.0,0,25800,.,.
p65_other_peaker_1,2016.0,0,25800,.,.
p65_other_peaker_1,2017.0,0,25800,.,.
p65_other_peaker_1,2018.0,0,25800,.,.
p65_other_peaker_1,2019.0,0,25800,.,.
p65_other_peaker_1,2020.0,0,25800,.,.
p65_other_peaker_1,2021.0,0,25800,.,.
p65_petroleum_liquids_1,1991.0,0,25800,.,.
p65_petroleum_liquids_1,2001.0,0,25800,.,.
p65_petroleum_liquids_1,2013.0,0,25800,.,.
p65_petroleum_liquids_1,2020.0,0,25800,.,.
p65_small_hydroelectric_1,1932.0,0,57025,.,.
p65_solar_photovoltaic_1,2010.0,0,21608,.,.
p65_solar_photovoltaic_1,2012.0,0,21608,.,.
p65_solar_photovoltaic_1,2013.0,0,21608,.,.
p65_solar_photovoltaic_1,2014.0,0,21608,.,.
p65_solar_photovoltaic_1,2015.0,0,21608,.,.
p65_solar_photovoltaic_1,2016.0,0,21608,.,.
p65_solar_photovoltaic_1,2019.0,0,21608,.,.
p65_solar_photovoltaic_1,2020.0,0,21608,.,.
p65_solar_photovoltaic_1,2021.0,0,21608,.,.
p65_solar_photovoltaic_1,2022.0,0,21608,.,.
p65_solar_photovoltaic_1,2023.0,0,21608,.,.
p65_solar_photovoltaic_1,2024.0,0,21608,.,.
p65_solar_photovoltaic_1,2025.0,0,21608,.,.
p65_solar_photovoltaic_1,2028.0,0,21608,.,.
p65_waste_heat_1,1983.0,0,163666,.,.
p65_waste_heat_1,1989.0,0,163666,.,.
p65_waste_heat_1,1997.0,0,163666,.,.
p65_waste_heat_1,2027.0,0,163666,.,.
p66_biomass_1,1954.0,0,163666,.,.
p66_biomass_1,1965.0,0,163666,.,.
p66_biomass_1,1986.0,0,163666,.,.
p66_biomass_1,2003.0,0,163666,.,.
p66_biomass_1,2012.0,0,163666,.,.
p66_conventional_hydroelectric_1,1965.0,0,57025,.,.
p66_conventional_hydroelectric_1,1969.0,0,57025,.,.
p66_natural_gas_fired_combined_cycle_1,1983.0,0,13847,.,.
p66_natural_gas_fired_combined_cycle_1,1987.0,0,13847,.,.
p66_natural_gas_fired_combined_cycle_1,2001.0,0,13847,.,.
p66_natural_gas_fired_combined_cycle_1,2002.0,0,13847,.,.
p66_natural_gas_fired_combined_cycle_1,2011.0,0,13847,.,.
p66_natural_gas_fired_combined_cycle_1,2026.0,0,13847,.,.
p66_natural_gas_fired_combined_cycle_2,2003.0,0,14947,.,.
p66_natural_gas_fired_combined_cycle_2,2021.0,0,14947,.,.
p66_natural_gas_fired_combustion_turbine_1,1970.0,0,12846,.,.
p66_natural_gas_fired_combustion_turbine_1,1988.0,0,12846,.,.
p66_natural_gas_fired_combustion_turbine_1,1992.0,0,12846,.,.
p66_natural_gas_fired_combustion_turbine_1,1993.0,0,12846,.,.
p66_natural_gas_fired_combustion_turbine_1,1999.0,0,12846,.,.
p66_natural_gas_fired_combustion_turbine_1,2000.0,0,12846,.,.
p66_natural_gas_fired_combustion_turbine_1,2001.0,0,12846,.,.
p66_natural_gas_fired_combustion_turbine_1,2004.0,0,12846,.,.
p66_natural_gas_fired_combustion_turbine_1,2005.0,0,12846,.,.
p66_natural_gas_fired_combustion_turbine_1,2009.0,0,12846,.,.
p66_natural_gas_fired_combustion_turbine_1,2012.0,0,12846,.,.
p66_other_peaker_1,1526.0,0,25800,.,.
p66_other_peaker_1,1534.0,0,25800,.,.
p66_other_peaker_1,1957.0,0,25800,.,.
p66_other_peaker_1,1962.0,0,25800,.,.
p66_other_peaker_1,1966.0,0,25800,.,.
p66_other_peaker_1,1967.0,0,25800,.,.
p66_other_peaker_1,1970.0,0,25800,.,.
p66_other_peaker_1,1978.0,0,25800,.,.
p66_other_peaker_1,1979.0,0,25800,.,.
p66_other_peaker_1,1987.0,0,25800,.,.
p66_other_peaker_1,1993.0,0,25800,.,.
p66_other_peaker_1,2006.0,0,25800,.,.
p66_other_peaker_1,2019.0,0,25800,.,.
p66_other_peaker_1,2020.0,0,25800,.,.
p66_other_peaker_1,2021.0,0,25800,.,.
p66_other_peaker_1,2022.0,0,25800,.,.
p66_solar_photovoltaic_1,2023.0,0,21608,.,.
p66_solar_photovoltaic_1,2024.0,0,21608,.,.
p67_batteries_1,2020.0,0,8671,0,0
p67_batteries_1,2021.0,0,8671,0,0
p67_batteries_1,2022.0,0,8671,0,0
p67_batteries_1,2024.0,0,8671,0,0
p67_batteries_1,2025.0,0,8671,0,0
p67_batteries_1,2026.0,0,8671,0,0
p67_conventional_steam_coal_1,1980.0,0,79057,.,.
p67_conventional_steam_coal_1,1982.0,0,79057,.,.
p67_conventional_steam_coal_2,1977.0,0,79625.6666666667,.,.
p67_conventional_steam_coal_2,1978.0,0,79625.6666666667,.,.
p67_natural_gas_fired_combined_cycle_1,1982.0,0,19989,.,.
p67_natural_gas_fired_combined_cycle_1,1984.0,0,19989,.,.
p67_natural_gas_fired_combined_cycle_1,1985.0,0,19989,.,.
p67_natural_gas_fired_combined_cycle_1,1986.0,0,19989,.,.
p67_natural_gas_fired_combined_cycle_1,1987.0,0,19989,.,.
p67_natural_gas_fired_combined_cycle_1,1994.0,0,19989,.,.
p67_natural_gas_fired_combined_cycle_1,1995.0,0,19989,.,.
p67_natural_gas_fired_combined_cycle_1,2005.0,0,19989,.,.
p67_natural_gas_fired_combined_cycle_1,2007.0,0,19989,.,.
p67_natural_gas_fired_combined_cycle_2,1972.0,0,12491,.,.
p67_natural_gas_fired_combined_cycle_2,1974.0,0,12491,.,.
p67_natural_gas_fired_combined_cycle_2,1998.0,0,12491,.,.
p67_natural_gas_fired_combined_cycle_2,2000.0,0,12491,.,.
p67_natural_gas_fired_combined_cycle_2,2001.0,0,12491,.,.
p67_natural_gas_fired_combined_cycle_2,2002.0,0,12491,.,.
p67_natural_gas_fired_combined_cycle_2,2003.0,0,12491,.,.
p67_natural_gas_fired_combined_cycle_2,2004.0,0,12491,.,.
p67_natural_gas_fired_combined_cycle_2,2009.0,0,12491,.,.
p67_natural_gas_fired_combined_cycle_2,2014.0,0,12491,.,.
p67_natural_gas_fired_combustion_turbine_1,1967.0,0,11620,.,.
p67_natural_gas_fired_combustion_turbine_1,1975.0,0,11620,.,.
p67_natural_gas_fired_combustion_turbine_1,1976.0,0,11620,.,.
p67_natural_gas_fired_combustion_turbine_1,1977.0,0,11620,.,.
p67_natural_gas_fired_combustion_turbine_1,1985.0,0,11620,.,.
p67_natural_gas_fired_combustion_turbine_1,1986.0,0,11620,.,.
p67_natural_gas_fired_combustion_turbine_1,1988.0,0,11620,.,.
p67_natural_gas_fired_combustion_turbine_1,1989.0,0,11620,.,.
p67_natural_gas_fired_combustion_turbine_1,1991.0,0,11620,.,.
p67_natural_gas_fired_combustion_turbine_1,1995.0,0,11620,.,.
p67_natural_gas_fired_combustion_turbine_1,1996.0,0,11620,.,.
p67_natural_gas_fired_combustion_turbine_1,1997.0,0,11620,.,.
p67_natural_gas_fired_combustion_turbine_1,1999.0,0,11620,.,.
p67_natural_gas_fired_combustion_turbine_1,2000.0,0,11620,.,.
p67_natural_gas_fired_combustion_turbine_1,2001.0,0,11620,.,.
p67_natural_gas_fired_combustion_turbine_1,2004.0,0,11620,.,.
p67_natural_gas_fired_combustion_turbine_1,2010.0,0,11620,.,.
p67_natural_gas_fired_combustion_turbine_1,2013.0,0,11620,.,.
p67_natural_gas_fired_combustion_turbine_1,2014.0,0,11620,.,.
p67_natural_gas_fired_combustion_turbine_1,2015.0,0,11620,.,.
p67_natural_gas_fired_combustion_turbine_1,2016.0,0,11620,.,.
p67_natural_gas_fired_combustion_turbine_1,2017.0,0,11620,.,.
p67_natural_gas_fired_combustion_turbine_1,2018.0,0,11620,.,.
p67_natural_gas_fired_combustion_turbine_1,2019.0,0,11620,.,.
p67_natural_gas_fired_combustion_turbine_1,2020.0,0,11620,.,.
p67_natural_gas_fired_combustion_turbine_1,2021.0,0,11620,.,.
p67_natural_gas_fired_combustion_turbine_1,2022.0,0,11620,.,.
p67_natural_gas_fired_combustion_turbine_1,2023.0,0,11620,.,.
p67_natural_gas_fired_combustion_turbine_1,2024.0,0,11620,.,.
p67_natural_gas_fired_combustion_turbine_1,2026.0,0,11620,.,.
p67_other_peaker_1,1958.0,0,25800,.,.
p67_other_peaker_1,1961.0,0,25800,.,.
p67_other_peaker_1,1968.0,0,25800,.,.
p67_other_peaker_1,1970.0,0,25800,.,.
p67_other_peaker_1,1972.0,0,25800,.,.
p67_other_peaker_1,1993.0,0,25800,.,.
p67_other_peaker_1,2000.0,0,25800,.,.
p67_other_peaker_1,2017.0,0,25800,.,.
p67_other_peaker_1,2018.0,0,25800,.,.
p67_other_peaker_1,2019.0,0,25800,.,.
p67_other_peaker_1,2020.0,0,25800,.,.
p67_other_peaker_1,2021.0,0,25800,.,.
p67_other_peaker_1,2022.0,0,25800,.,.
p67_other_peaker_1,2023.0,0,25800,.,.
p67_other_peaker_1,2024.0,0,25800,.,.
p67_petroleum_liquids_1,2013.0,0,25800,.,.
p67_petroleum_liquids_1,2014.0,0,25800,.,.
p67_solar_photovoltaic_1,2018.0,0,21608,.,.
p67_solar_photovoltaic_1,2020.0,0,21608,.,.
p67_solar_photovoltaic_1,2022.0,0,21608,.,.
p67_solar_photovoltaic_1,2023.0,0,21608,.,.
p67_solar_photovoltaic_1,2024.0,0,21608,.,.
p67_solar_photovoltaic_1,2025.0,0,21608,.,.
p67_waste_heat_1,1952.0,0,163666,.,.
p67_waste_heat_1,1970.0,0,163666,.,.
p67_waste_heat_1,1977.0,0,163666,.,.
p67_waste_heat_1,1979.0,0,163666,.,.
p67_waste_heat_1,1996.0,0,163666,.,.
p67_waste_heat_1,1999.0,0,163666,.,.
p67_waste_heat_1,2015.0,0,163666,.,.
p68_natural_gas_fired_combined_cycle_1,2006.0,0,11863,.,.
p68_natural_gas_fired_combined_cycle_1,2019.0,0,11863,.,.
p68_natural_gas_fired_combustion_turbine_1,2001.0,0,10888,.,.
p68_natural_gas_fired_combustion_turbine_1,2002.0,0,10888,.,.
p68_onshore_wind_turbine_1,2003.0,0,31648,.,.
p68_onshore_wind_turbine_1,2004.0,0,31648,.,.
p68_onshore_wind_turbine_1,2005.0,0,31648,.,.
p68_onshore_wind_turbine_1,2006.0,0,31648,.,.
p68_onshore_wind_turbine_1,2007.0,0,31648,.,.
p68_onshore_wind_turbine_1,2008.0,0,31648,.,.
p68_onshore_wind_turbine_1,2009.0,0,31648,.,.
p68_onshore_wind_turbine_1,2010.0,0,31648,.,.
p68_onshore_wind_turbine_1,2011.0,0,31648,.,.
p68_onshore_wind_turbine_1,2012.0,0,31648,.,.
p68_onshore_wind_turbine_1,2015.0,0,31648,.,.
p68_onshore_wind_turbine_1,2016.0,0,31648,.,.
p68_onshore_wind_turbine_1,2020.0,0,31648,.,.
p68_onshore_wind_turbine_1,2021.0,0,31648,.,.
p68_other_peaker_1,1953.0,0,25800,.,.
p68_other_peaker_1,1954.0,0,25800,.,.
p68_other_peaker_1,1957.0,0,25800,.,.
p68_other_peaker_1,1959.0,0,25800,.,.
p68_other_peaker_1,1965.0,0,25800,.,.
p68_other_peaker_1,1966.0,0,25800,.,.
p68_other_peaker_1,1974.0,0,25800,.,.
p68_other_peaker_1,1975.0,0,25800,.,.
p68_other_peaker_1,1987.0,0,25800,.,.
p68_other_peaker_1,1997.0,0,25800,.,.
p68_other_peaker_1,2005.0,0,25800,.,.
p68_other_peaker_1,2014.0,0,25800,.,.
p68_petroleum_liquids_1,1949.0,0,25800,.,.
p68_petroleum_liquids_1,1952.0,0,25800,.,.
p68_petroleum_liquids_1,1954.0,0,25800,.,.
p68_petroleum_liquids_1,1955.0,0,25800,.,.
p68_petroleum_liquids_1,1959.0,0,25800,.,.
p68_petroleum_liquids_1,1960.0,0,25800,.,.
p68_petroleum_liquids_1,1965.0,0,25800,.,.
p68_petroleum_liquids_1,1971.0,0,25800,.,.
p68_petroleum_liquids_1,1972.0,0,25800,.,.
p68_petroleum_liquids_1,1973.0,0,25800,.,.
p68_petroleum_liquids_1,1975.0,0,25800,.,.
p68_petroleum_liquids_1,1985.0,0,25800,.,.
p68_petroleum_liquids_1,1993.0,0,25800,.,.
p68_petroleum_liquids_1,1994.0,0,25800,.,.
p68_petroleum_liquids_1,1995.0,0,25800,.,.
p68_petroleum_liquids_1,1996.0,0,25800,.,.
p68_petroleum_liquids_1,1997.0,0,25800,.,.
p68_petroleum_liquids_1,1998.0,0,25800,.,.
p68_petroleum_liquids_1,1999.0,0,25800,.,.
p68_petroleum_liquids_1,2001.0,0,25800,.,.
p68_petroleum_liquids_1,2002.0,0,25800,.,.
p68_petroleum_liquids_1,2003.0,0,25800,.,.
p68_petroleum_liquids_1,2004.0,0,25800,.,.
p68_petroleum_liquids_1,2005.0,0,25800,.,.
p68_petroleum_liquids_1,2009.0,0,25800,.,.
p68_petroleum_liquids_1,2015.0,0,25800,.,.
p68_petroleum_liquids_1,2022.0,0,25800,.,.
p68_petroleum_liquids_1,2024.0,0,25800,.,.
p68_solar_photovoltaic_1,2016.0,0,21608,.,.
p68_solar_photovoltaic_1,2017.0,0,21608,.,.
p68_solar_photovoltaic_1,2018.0,0,21608,.,.
p68_solar_photovoltaic_1,2019.0,0,21608,.,.
p68_solar_photovoltaic_1,2020.0,0,21608,.,.
p68_solar_photovoltaic_1,2021.0,0,21608,.,.
p68_solar_photovoltaic_1,2022.0,0,21608,.,.
p68_solar_photovoltaic_1,2023.0,0,21608,.,.
p68_solar_photovoltaic_1,2024.0,0,21608,.,.
p68_waste_heat_1,2010.0,0,163666,.,.
p69_batteries_1,2021.0,0,8671,0,0
p69_natural_gas_fired_combustion_turbine_1,1968.0,0,13804,.,.
p69_natural_gas_fired_combustion_turbine_1,1969.0,0,13804,.,.
p69_natural_gas_fired_combustion_turbine_1,1975.0,0,13804,.,.
p69_natural_gas_fired_combustion_turbine_1,1978.0,0,13804,.,.
p69_natural_gas_fired_combustion_turbine_1,2000.0,0,13804,.,.
p69_onshore_wind_turbine_1,2001.0,0,31648,.,.
p69_onshore_wind_turbine_1,2008.0,0,31648,.,.
p69_onshore_wind_turbine_1,2009.0,0,31648,.,.
p69_onshore_wind_turbine_1,2011.0,0,31648,.,.
p69_onshore_wind_turbine_1,2012.0,0,31648,.,.
p69_onshore_wind_turbine_1,2014.0,0,31648,.,.
p69_onshore_wind_turbine_1,2018.0,0,31648,.,.
p69_onshore_wind_turbine_1,2019.0,0,31648,.,.
p69_onshore_wind_turbine_1,2023.0,0,31648,.,.
p69_other_peaker_1,1958.0,0,25800,.,.
p69_other_peaker_1,1963.0,0,25800,.,.
p69_other_peaker_1,1967.0,0,25800,.,.
p69_other_peaker_1,1973.0,0,25800,.,.
p69_other_peaker_1,1982.0,0,25800,.,.
p69_petroleum_liquids_1,1941.0,0,25800,.,.
p69_petroleum_liquids_1,1951.0,0,25800,.,.
p69_petroleum_liquids_1,1961.0,0,25800,.,.
p69_petroleum_liquids_1,1963.0,0,25800,.,.
p69_petroleum_liquids_1,1972.0,0,25800,.,.
p69_petroleum_liquids_1,1977.0,0,25800,.,.
p69_petroleum_liquids_1,1988.0,0,25800,.,.
p69_petroleum_liquids_1,1990.0,0,25800,.,.
p69_petroleum_liquids_1,1993.0,0,25800,.,.
p69_petroleum_liquids_1,1995.0,0,25800,.,.
p69_petroleum_liquids_1,1996.0,0,25800,.,.
p69_petroleum_liquids_1,1998.0,0,25800,.,.
p69_petroleum_liquids_1,1999.0,0,25800,.,.
p69_petroleum_liquids_1,2000.0,0,25800,.,.
p69_petroleum_liquids_1,2002.0,0,25800,.,.
p69_petroleum_liquids_1,2005.0,0,25800,.,.
p69_petroleum_liquids_1,2013.0,0,25800,.,.
p69_petroleum_liquids_1,2014.0,0,25800,.,.
p69_petroleum_liquids_1,2015.0,0,25800,.,.
p69_petroleum_liquids_1,2021.0,0,25800,.,.
p69_solar_photovoltaic_1,2016.0,0,21608,.,.
p69_solar_photovoltaic_1,2017.0,0,21608,.,.
p69_solar_photovoltaic_1,2019.0,0,21608,.,.
p69_solar_photovoltaic_1,2022.0,0,21608,.,.
p7_conventional_hydroelectric_1,1961.0,0,57025,.,.
p7_geothermal_1,2012.0,0,253439,.,.
p7_onshore_wind_turbine_1,2011.0,0,31648,.,.
p7_onshore_wind_turbine_1,2017.0,0,31648,.,.
p7_small_hydroelectric_1,1985.0,0,57025,.,.
p7_small_hydroelectric_1,1989.0,0,57025,.,.
p7_small_hydroelectric_1,1993.0,0,57025,.,.
p7_solar_photovoltaic_1,2012.0,0,21608,.,.
p7_solar_photovoltaic_1,2016.0,0,21608,.,.
p7_solar_photovoltaic_1,2017.0,0,21608,.,.
p7_solar_photovoltaic_1,2019.0,0,21608,.,.
p7_solar_photovoltaic_1,2020.0,0,21608,.,.
p7_solar_photovoltaic_1,2023.0,0,21608,.,.
p70_batteries_1,2018.0,0,8671,0,0
p70_batteries_1,2020.0,0,8671,0,0
p70_batteries_1,2023.0,0,8671,0,0
p70_biomass_1,1995.0,0,163666,.,.
p70_biomass_1,1998.0,0,163666,.,.
p70_biomass_1,2013.0,0,163666,.,.
p70_biomass_1,2014.0,0,163666,.,.
p70_biomass_1,2015.0,0,163666,.,.
p70_conventional_hydroelectric_1,1913.0,0,57025,.,.
p70_conventional_hydroelectric_1,2021.0,0,57025,.,.
p70_conventional_steam_coal_1,1988.0,0,79915.3333333333,.,.
p70_conventional_steam_coal_1,1995.0,0,79915.3333333333,.,.
p70_conventional_steam_coal_1,2000.0,0,79915.3333333333,.,.
p70_conventional_steam_coal_1,2007.0,0,79915.3333333333,.,.
p70_conventional_steam_coal_1,2009.0,0,79915.3333333333,.,.
p70_conventional_steam_coal_2,1525.0,0,82034.6666666667,.,.
p70_conventional_steam_coal_2,1958.0,0,82034.6666666667,.,.
p70_conventional_steam_coal_2,1969.0,0,82034.6666666667,.,.
p70_conventional_steam_coal_2,1981.0,0,82034.6666666667,.,.
p70_conventional_steam_coal_2,1983.0,0,82034.6666666667,.,.
p70_natural_gas_fired_combined_cycle_1,2003.0,0,11863,.,.
p70_natural_gas_fired_combined_cycle_1,2004.0,0,11863,.,.
p70_natural_gas_fired_combined_cycle_2,2004.0,0,12303,.,.
p70_natural_gas_fired_combined_cycle_2,2017.0,0,12303,.,.
p70_natural_gas_fired_combustion_turbine_1,1530.0,0,13735,.,.
p70_natural_gas_fired_combustion_turbine_1,1966.0,0,13735,.,.
p70_natural_gas_fired_combustion_turbine_1,1967.0,0,13735,.,.
p70_natural_gas_fired_combustion_turbine_1,1968.0,0,13735,.,.
p70_natural_gas_fired_combustion_turbine_1,1970.0,0,13735,.,.
p70_natural_gas_fired_combustion_turbine_1,1973.0,0,13735,.,.
p70_natural_gas_fired_combustion_turbine_1,1974.0,0,13735,.,.
p70_natural_gas_fired_combustion_turbine_1,1975.0,0,13735,.,.
p70_natural_gas_fired_combustion_turbine_1,1978.0,0,13735,.,.
p70_natural_gas_fired_combustion_turbine_1,1990.0,0,13735,.,.
p70_natural_gas_fired_combustion_turbine_1,1994.0,0,13735,.,.
p70_natural_gas_fired_combustion_turbine_1,1999.0,0,13735,.,.
p70_natural_gas_fired_combustion_turbine_1,2006.0,0,13735,.,.
p70_natural_gas_fired_combustion_turbine_1,2016.0,0,13735,.,.
p70_onshore_wind_turbine_1,2007.0,0,31648,.,.
p70_onshore_wind_turbine_1,2008.0,0,31648,.,.
p70_onshore_wind_turbine_1,2009.0,0,31648,.,.
p70_onshore_wind_turbine_1,2010.0,0,31648,.,.
p70_onshore_wind_turbine_1,2011.0,0,31648,.,.
p70_onshore_wind_turbine_1,2012.0,0,31648,.,.
p70_onshore_wind_turbine_1,2013.0,0,31648,.,.
p70_onshore_wind_turbine_1,2014.0,0,31648,.,.
p70_onshore_wind_turbine_1,2015.0,0,31648,.,.
p70_onshore_wind_turbine_1,2016.0,0,31648,.,.
p70_onshore_wind_turbine_1,2017.0,0,31648,.,.
p70_onshore_wind_turbine_1,2018.0,0,31648,.,.
p70_onshore_wind_turbine_1,2019.0,0,31648,.,.
p70_onshore_wind_turbine_1,2020.0,0,31648,.,.
p70_onshore_wind_turbine_1,2021.0,0,31648,.,.
p70_onshore_wind_turbine_1,2022.0,0,31648,.,.
p70_onshore_wind_turbine_1,2023.0,0,31648,.,.
p70_onshore_wind_turbine_1,2024.0,0,31648,.,.
p70_other_peaker_1,1951.0,0,25800,.,.
p70_other_peaker_1,1952.0,0,25800,.,.
p70_other_peaker_1,1955.0,0,25800,.,.
p70_other_peaker_1,1956.0,0,25800,.,.
p70_other_peaker_1,1958.0,0,25800,.,.
p70_other_peaker_1,1961.0,0,25800,.,.
p70_other_peaker_1,1962.0,0,25800,.,.
p70_other_peaker_1,1964.0,0,25800,.,.
p70_other_peaker_1,1966.0,0,25800,.,.
p70_other_peaker_1,1967.0,0,25800,.,.
p70_other_peaker_1,1968.0,0,25800,.,.
p70_other_peaker_1,1969.0,0,25800,.,.
p70_other_peaker_1,1970.0,0,25800,.,.
p70_other_peaker_1,1972.0,0,25800,.,.
p70_other_peaker_1,1973.0,0,25800,.,.
p70_other_peaker_1,1974.0,0,25800,.,.
p70_other_peaker_1,1975.0,0,25800,.,.
p70_other_peaker_1,1978.0,0,25800,.,.
p70_other_peaker_1,1980.0,0,25800,.,.
p70_other_peaker_1,1982.0,0,25800,.,.
p70_other_peaker_1,1988.0,0,25800,.,.
p70_other_peaker_1,1992.0,0,25800,.,.
p70_other_peaker_1,1998.0,0,25800,.,.
p70_other_peaker_1,2004.0,0,25800,.,.
p70_other_peaker_1,2005.0,0,25800,.,.
p70_other_peaker_1,2010.0,0,25800,.,.
p70_other_peaker_1,2014.0,0,25800,.,.
p70_other_peaker_1,2018.0,0,25800,.,.
p70_other_peaker_1,2019.0,0,25800,.,.
p70_other_peaker_1,2021.0,0,25800,.,.
p70_other_peaker_1,2022.0,0,25800,.,.
p70_petroleum_liquids_1,1939.0,0,25800,.,.
p70_petroleum_liquids_1,1940.0,0,25800,.,.
p70_petroleum_liquids_1,1941.0,0,25800,.,.
p70_petroleum_liquids_1,1945.0,0,25800,.,.
p70_petroleum_liquids_1,1946.0,0,25800,.,.
p70_petroleum_liquids_1,1947.0,0,25800,.,.
p70_petroleum_liquids_1,1948.0,0,25800,.,.
p70_petroleum_liquids_1,1951.0,0,25800,.,.
p70_petroleum_liquids_1,1953.0,0,25800,.,.
p70_petroleum_liquids_1,1955.0,0,25800,.,.
p70_petroleum_liquids_1,1956.0,0,25800,.,.
p70_petroleum_liquids_1,1957.0,0,25800,.,.
p70_petroleum_liquids_1,1958.0,0,25800,.,.
p70_petroleum_liquids_1,1959.0,0,25800,.,.
p70_petroleum_liquids_1,1963.0,0,25800,.,.
p70_petroleum_liquids_1,1964.0,0,25800,.,.
p70_petroleum_liquids_1,1968.0,0,25800,.,.
p70_petroleum_liquids_1,1970.0,0,25800,.,.
p70_petroleum_liquids_1,1971.0,0,25800,.,.
p70_petroleum_liquids_1,1972.0,0,25800,.,.
p70_petroleum_liquids_1,1973.0,0,25800,.,.
p70_petroleum_liquids_1,1974.0,0,25800,.,.
p70_petroleum_liquids_1,1975.0,0,25800,.,.
p70_petroleum_liquids_1,1977.0,0,25800,.,.
p70_petroleum_liquids_1,1978.0,0,25800,.,.
p70_petroleum_liquids_1,1982.0,0,25800,.,.
p70_petroleum_liquids_1,1986.0,0,25800,.,.
p70_petroleum_liquids_1,1988.0,0,25800,.,.
p70_petroleum_liquids_1,1990.0,0,25800,.,.
p70_petroleum_liquids_1,1992.0,0,25800,.,.
p70_petroleum_liquids_1,1993.0,0,25800,.,.
p70_petroleum_liquids_1,1994.0,0,25800,.,.
p70_petroleum_liquids_1,1995.0,0,25800,.,.
p70_petroleum_liquids_1,1996.0,0,25800,.,.
p70_petroleum_liquids_1,1998.0,0,25800,.,.
p70_petroleum_liquids_1,1999.0,0,25800,.,.
p70_petroleum_liquids_1,2000.0,0,25800,.,.
p70_petroleum_liquids_1,2001.0,0,25800,.,.
p70_petroleum_liquids_1,2002.0,0,25800,.,.
p70_petroleum_liquids_1,2003.0,0,25800,.,.
p70_petroleum_liquids_1,2004.0,0,25800,.,.
p70_petroleum_liquids_1,2005.0,0,25800,.,.
p70_petroleum_liquids_1,2006.0,0,25800,.,.
p70_petroleum_liquids_1,2007.0,0,25800,.,.
p70_petroleum_liquids_1,2009.0,0,25800,.,.
p70_petroleum_liquids_1,2010.0,0,25800,.,.
p70_petroleum_liquids_1,2011.0,0,25800,.,.
p70_petroleum_liquids_1,2012.0,0,25800,.,.
p70_petroleum_liquids_1,2016.0,0,25800,.,.
p70_petroleum_liquids_1,2019.0,0,25800,.,.
p70_petroleum_liquids_1,2020.0,0,25800,.,.
p70_petroleum_liquids_1,2021.0,0,25800,.,.
p70_petroleum_liquids_1,2022.0,0,25800,.,.
p70_small_hydroelectric_1,1924.0,0,57025,.,.
p70_small_hydroelectric_1,1931.0,0,57025,.,.
p70_solar_photovoltaic_1,2016.0,0,21608,.,.
p70_solar_photovoltaic_1,2017.0,0,21608,.,.
p70_solar_photovoltaic_1,2019.0,0,21608,.,.
p70_solar_photovoltaic_1,2020.0,0,21608,.,.
p70_solar_photovoltaic_1,2021.0,0,21608,.,.
p70_solar_photovoltaic_1,2022.0,0,21608,.,.
p70_solar_photovoltaic_1,2024.0,0,21608,.,.
p70_solar_photovoltaic_1,2025.0,0,21608,.,.
p70_solar_photovoltaic_1,2028.0,0,21608,.,.
p71_hydroelectric_pumped_storage_1,1984.0,0,57025,0,0
p71_natural_gas_fired_combustion_turbine_1,2003.0,0,16032,.,.
p71_onshore_wind_turbine_1,2020.0,0,31648,.,.
p71_other_peaker_1,1956.0,0,25800,.,.
p71_other_peaker_1,1969.0,0,25800,.,.
p71_other_peaker_1,1982.0,0,25800,.,.
p71_petroleum_liquids_1,1941.0,0,25800,.,.
p71_petroleum_liquids_1,1945.0,0,25800,.,.
p71_petroleum_liquids_1,1952.0,0,25800,.,.
p71_petroleum_liquids_1,1957.0,0,25800,.,.
p71_petroleum_liquids_1,1960.0,0,25800,.,.
p71_petroleum_liquids_1,1966.0,0,25800,.,.
p71_petroleum_liquids_1,1972.0,0,25800,.,.
p71_petroleum_liquids_1,1981.0,0,25800,.,.
p71_petroleum_liquids_1,1985.0,0,25800,.,.
p71_petroleum_liquids_1,1989.0,0,25800,.,.
p71_petroleum_liquids_1,1990.0,0,25800,.,.
p71_petroleum_liquids_1,1992.0,0,25800,.,.
p71_petroleum_liquids_1,1999.0,0,25800,.,.
p71_petroleum_liquids_1,2002.0,0,25800,.,.
p71_petroleum_liquids_1,2013.0,0,25800,.,.
p71_solar_photovoltaic_1,2015.0,0,21608,.,.
p71_solar_photovoltaic_1,2025.0,0,21608,.,.
p71_solar_photovoltaic_1,2026.0,0,21608,.,.
p72_biomass_1,2008.0,0,163666,.,.
p72_biomass_1,2009.0,0,163666,.,.
p72_biomass_1,2013.0,0,163666,.,.
p72_conventional_hydroelectric_1,1931.0,0,57025,.,.
p72_conventional_hydroelectric_1,1953.0,0,57025,.,.
p72_conventional_steam_coal_1,1530.0,0,78388,.,.
p72_conventional_steam_coal_1,1970.0,0,78388,.,.
p72_conventional_steam_coal_1,1971.0,0,78388,.,.
p72_conventional_steam_coal_1,1972.0,0,78388,.,.
p72_conventional_steam_coal_1,1973.0,0,78388,.,.
p72_conventional_steam_coal_1,1981.0,0,78388,.,.
p72_conventional_steam_coal_2,1966.0,0,73689.6666666667,.,.
p72_conventional_steam_coal_2,1969.0,0,73689.6666666667,.,.
p72_conventional_steam_coal_2,1982.0,0,73689.6666666667,.,.
p72_natural_gas_fired_combined_cycle_1,1999.0,0,19989,.,.
p72_natural_gas_fired_combined_cycle_1,2000.0,0,19989,.,.
p72_natural_gas_fired_combustion_turbine_1,1963.0,0,11886,.,.
p72_natural_gas_fired_combustion_turbine_1,1972.0,0,11886,.,.
p72_natural_gas_fired_combustion_turbine_1,2001.0,0,11886,.,.
p72_natural_gas_fired_combustion_turbine_1,2002.0,0,11886,.,.
p72_natural_gas_fired_combustion_turbine_1,2007.0,0,11886,.,.
p72_nuclear_1,1984.0,0,333518,.,.
p72_other_peaker_1,1947.0,0,25800,.,.
p72_other_peaker_1,1948.0,0,25800,.,.
p72_other_peaker_1,1970.0,0,25800,.,.
p72_other_peaker_1,1974.0,0,25800,.,.
p72_other_peaker_1,1986.0,0,25800,.,.
p72_other_peaker_1,1988.0,0,25800,.,.
p72_other_peaker_1,1999.0,0,25800,.,.
p72_other_peaker_1,2017.0,0,25800,.,.
p72_other_peaker_1,2025.0,0,25800,.,.
p72_petroleum_liquids_1,1936.0,0,25800,.,.
p72_petroleum_liquids_1,1946.0,0,25800,.,.
p72_petroleum_liquids_1,1963.0,0,25800,.,.
p72_petroleum_liquids_1,1966.0,0,25800,.,.
p72_petroleum_liquids_1,1973.0,0,25800,.,.
p72_petroleum_liquids_1,1974.0,0,25800,.,.
p72_petroleum_liquids_1,1975.0,0,25800,.,.
p72_petroleum_liquids_1,1978.0,0,25800,.,.
p72_petroleum_liquids_1,1983.0,0,25800,.,.
p72_petroleum_liquids_1,1992.0,0,25800,.,.
p72_petroleum_liquids_1,1997.0,0,25800,.,.
p72_petroleum_liquids_1,2002.0,0,25800,.,.
p72_petroleum_liquids_1,2003.0,0,25800,.,.
p72_petroleum_liquids_1,2004.0,0,25800,.,.
p72_petroleum_liquids_1,2005.0,0,25800,.,.
p72_petroleum_liquids_1,2006.0,0,25800,.,.
p72_petroleum_liquids_1,2008.0,0,25800,.,.
p72_petroleum_liquids_1,2011.0,0,25800,.,.
p72_solar_photovoltaic_1,2014.0,0,21608,.,.
p72_solar_photovoltaic_1,2015.0,0,21608,.,.
p72_solar_photovoltaic_1,2018.0,0,21608,.,.
p72_solar_photovoltaic_1,2019.0,0,21608,.,.
p72_solar_photovoltaic_1,2021.0,0,21608,.,.
p72_solar_photovoltaic_1,2022.0,0,21608,.,.
p72_solar_photovoltaic_1,2024.0,0,21608,.,.
p72_solar_photovoltaic_1,2025.0,0,21608,.,.
p72_solar_photovoltaic_1,2026.0,0,21608,.,.
p72_solar_photovoltaic_1,2027.0,0,21608,.,.
p73_hydroelectric_pumped_storage_1,1963.0,0,57025,0,0
p73_natural_gas_fired_combustion_turbine_1,2015.0,0,16032,.,.
p73_solar_photovoltaic_1,2016.0,0,21608,.,.
p74_biomass_1,1959.0,0,163666,.,.
p74_biomass_1,1969.0,0,163666,.,.
p74_biomass_1,1972.0,0,163666,.,.
p74_biomass_1,1982.0,0,163666,.,.
p74_biomass_1,1985.0,0,163666,.,.
p74_biomass_1,2011.0,0,163666,.,.
p74_conventional_steam_coal_1,1930.0,0,79915.3333333333,.,.
p74_onshore_wind_turbine_1,2012.0,0,31648,.,.
p74_onshore_wind_turbine_1,2022.0,0,31648,.,.
p74_other_peaker_1,2017.0,0,25800,.,.
p74_other_peaker_1,2019.0,0,25800,.,.
p74_petroleum_liquids_1,1975.0,0,25800,.,.
p74_petroleum_liquids_1,1979.0,0,25800,.,.
p74_small_hydroelectric_1,1564.0,0,57025,.,.
p74_small_hydroelectric_1,1905.0,0,57025,.,.
p74_small_hydroelectric_1,1914.0,0,57025,.,.
p74_small_hydroelectric_1,1918.0,0,57025,.,.
p74_small_hydroelectric_1,1919.0,0,57025,.,.
p74_small_hydroelectric_1,1922.0,0,57025,.,.
p74_small_hydroelectric_1,1923.0,0,57025,.,.
p74_small_hydroelectric_1,1924.0,0,57025,.,.
p74_small_hydroelectric_1,1927.0,0,57025,.,.
p74_small_hydroelectric_1,1931.0,0,57025,.,.
p74_small_hydroelectric_1,1940.0,0,57025,.,.
p74_small_hydroelectric_1,1941.0,0,57025,.,.
p74_small_hydroelectric_1,1943.0,0,57025,.,.
p74_small_hydroelectric_1,1949.0,0,57025,.,.
p74_small_hydroelectric_1,1953.0,0,57025,.,.
p74_small_hydroelectric_1,1954.0,0,57025,.,.
p74_small_hydroelectric_1,1978.0,0,57025,.,.
p74_small_hydroelectric_1,1986.0,0,57025,.,.
p74_small_hydroelectric_1,1988.0,0,57025,.,.
p74_small_hydroelectric_1,2016.0,0,57025,.,.
p74_solar_photovoltaic_1,2016.0,0,21608,.,.
p74_solar_photovoltaic_1,2022.0,0,21608,.,.
p75_biomass_1,1948.0,0,163666,.,.
p75_biomass_1,1951.0,0,163666,.,.
p75_biomass_1,1955.0,0,163666,.,.
p75_biomass_1,1962.0,0,163666,.,.
p75_biomass_1,1976.0,0,163666,.,.
p75_biomass_1,1978.0,0,163666,.,.
p75_biomass_1,2002.0,0,163666,.,.
p75_biomass_1,2006.0,0,163666,.,.
p75_biomass_1,2008.0,0,163666,.,.
p75_biomass_1,2013.0,0,163666,.,.
p75_conventional_steam_coal_1,2007.0,0,85235,.,.
p75_conventional_steam_coal_2,1981.0,0,77314,.,.
p75_conventional_steam_coal_2,2008.0,0,77314,.,.
p75_natural_gas_fired_combustion_turbine_1,1971.0,0,13601,.,.
p75_natural_gas_fired_combustion_turbine_1,1973.0,0,13601,.,.
p75_natural_gas_fired_combustion_turbine_1,1993.0,0,13601,.,.
p75_natural_gas_fired_combustion_turbine_1,1999.0,0,13601,.,.
p75_natural_gas_fired_combustion_turbine_1,2000.0,0,13601,.,.
p75_natural_gas_fired_combustion_turbine_1,2003.0,0,13601,.,.
p75_nuclear_1,1970.0,0,234257,.,.
p75_nuclear_1,1972.0,0,234257,.,.
p75_onshore_wind_turbine_1,1999.0,0,31648,.,.
p75_onshore_wind_turbine_1,2010.0,0,31648,.,.
p75_other_peaker_1,1963.0,0,25800,.,.
p75_other_peaker_1,1969.0,0,25800,.,.
p75_other_peaker_1,2002.0,0,25800,.,.
p75_other_peaker_1,2023.0,0,25800,.,.
p75_petroleum_liquids_1,1945.0,0,25800,.,.
p75_petroleum_liquids_1,1951.0,0,25800,.,.
p75_petroleum_liquids_1,1952.0,0,25800,.,.
p75_petroleum_liquids_1,1968.0,0,25800,.,.
p75_petroleum_liquids_1,1969.0,0,25800,.,.
p75_petroleum_liquids_1,1972.0,0,25800,.,.
p75_petroleum_liquids_1,1997.0,0,25800,.,.
p75_small_hydroelectric_1,1891.0,0,57025,.,.
p75_small_hydroelectric_1,1900.0,0,57025,.,.
p75_small_hydroelectric_1,1909.0,0,57025,.,.
p75_small_hydroelectric_1,1910.0,0,57025,.,.
p75_small_hydroelectric_1,1911.0,0,57025,.,.
p75_small_hydroelectric_1,1916.0,0,57025,.,.
p75_small_hydroelectric_1,1917.0,0,57025,.,.
p75_small_hydroelectric_1,1918.0,0,57025,.,.
p75_small_hydroelectric_1,1920.0,0,57025,.,.
p75_small_hydroelectric_1,1921.0,0,57025,.,.
p75_small_hydroelectric_1,1922.0,0,57025,.,.
p75_small_hydroelectric_1,1923.0,0,57025,.,.
p75_small_hydroelectric_1,1924.0,0,57025,.,.
p75_small_hydroelectric_1,1925.0,0,57025,.,.
p75_small_hydroelectric_1,1926.0,0,57025,.,.
p75_small_hydroelectric_1,1938.0,0,57025,.,.
p75_small_hydroelectric_1,1942.0,0,57025,.,.
p75_small_hydroelectric_1,1946.0,0,57025,.,.
p75_small_hydroelectric_1,1949.0,0,57025,.,.
p75_small_hydroelectric_1,1963.0,0,57025,.,.
p75_small_hydroelectric_1,1966.0,0,57025,.,.
p75_small_hydroelectric_1,1968.0,0,57025,.,.
p75_small_hydroelectric_1,1971.0,0,57025,.,.
p75_small_hydroelectric_1,1984.0,0,57025,.,.
p75_small_hydroelectric_1,1988.0,0,57025,.,.
p75_solar_photovoltaic_1,2020.0,0,21608,.,.
p75_solar_photovoltaic_1,2021.0,0,21608,.,.
p75_solar_photovoltaic_1,2022.0,0,21608,.,.
p75_solar_photovoltaic_1,2024.0,0,21608,.,.
p76_batteries_1,2022.0,0,8671,0,0
p76_batteries_1,2025.0,0,8671,0,0
p76_biomass_1,1951.0,0,163666,.,.
p76_biomass_1,1962.0,0,163666,.,.
p76_biomass_1,1977.0,0,163666,.,.
p76_biomass_1,1991.0,0,163666,.,.
p76_biomass_1,2000.0,0,163666,.,.
p76_biomass_1,2001.0,0,163666,.,.
p76_biomass_1,2020.0,0,163666,.,.
p76_conventional_hydroelectric_1,1913.0,0,57025,.,.
p76_conventional_hydroelectric_1,1926.0,0,57025,.,.
p76_conventional_hydroelectric_1,1938.0,0,57025,.,.
p76_conventional_hydroelectric_1,1939.0,0,57025,.,.
p76_conventional_hydroelectric_1,1943.0,0,57025,.,.
p76_conventional_hydroelectric_1,1977.0,0,57025,.,.
p76_conventional_steam_coal_1,1964.0,0,79915.3333333333,.,.
p76_conventional_steam_coal_1,1987.0,0,79915.3333333333,.,.
p76_conventional_steam_coal_2,1530.0,0,73708.6666666667,.,.
p76_natural_gas_fired_combined_cycle_1,2005.0,0,11863,.,.
p76_natural_gas_fired_combined_cycle_1,2006.0,0,11863,.,.
p76_natural_gas_fired_combined_cycle_2,2002.0,0,19989,.,.
p76_natural_gas_fired_combustion_turbine_1,1969.0,0,11676,.,.
p76_natural_gas_fired_combustion_turbine_1,1993.0,0,11676,.,.
p76_natural_gas_fired_combustion_turbine_1,1994.0,0,11676,.,.
p76_natural_gas_fired_combustion_turbine_1,1996.0,0,11676,.,.
p76_natural_gas_fired_combustion_turbine_1,2000.0,0,11676,.,.
p76_natural_gas_fired_combustion_turbine_1,2004.0,0,11676,.,.
p76_natural_gas_fired_combustion_turbine_1,2011.0,0,11676,.,.
p76_onshore_wind_turbine_1,2008.0,0,31648,.,.
p76_onshore_wind_turbine_1,2009.0,0,31648,.,.
p76_onshore_wind_turbine_1,2011.0,0,31648,.,.
p76_other_peaker_1,1947.0,0,25800,.,.
p76_other_peaker_1,1951.0,0,25800,.,.
p76_other_peaker_1,1957.0,0,25800,.,.
p76_other_peaker_1,1966.0,0,25800,.,.
p76_petroleum_liquids_1,1966.0,0,25800,.,.
p76_petroleum_liquids_1,1973.0,0,25800,.,.
p76_petroleum_liquids_1,1977.0,0,25800,.,.
p76_petroleum_liquids_1,1991.0,0,25800,.,.
p76_petroleum_liquids_1,1998.0,0,25800,.,.
p76_petroleum_liquids_1,2005.0,0,25800,.,.
p76_small_hydroelectric_1,1896.0,0,57025,.,.
p76_small_hydroelectric_1,1903.0,0,57025,.,.
p76_small_hydroelectric_1,1912.0,0,57025,.,.
p76_small_hydroelectric_1,1916.0,0,57025,.,.
p76_small_hydroelectric_1,1917.0,0,57025,.,.
p76_small_hydroelectric_1,1920.0,0,57025,.,.
p76_small_hydroelectric_1,1921.0,0,57025,.,.
p76_small_hydroelectric_1,1923.0,0,57025,.,.
p76_small_hydroelectric_1,1926.0,0,57025,.,.
p76_small_hydroelectric_1,1927.0,0,57025,.,.
p76_small_hydroelectric_1,1940.0,0,57025,.,.
p76_small_hydroelectric_1,1942.0,0,57025,.,.
p76_small_hydroelectric_1,1948.0,0,57025,.,.
p76_small_hydroelectric_1,1949.0,0,57025,.,.
p76_small_hydroelectric_1,1950.0,0,57025,.,.
p76_small_hydroelectric_1,1951.0,0,57025,.,.
p76_small_hydroelectric_1,1980.0,0,57025,.,.
p76_small_hydroelectric_1,1988.0,0,57025,.,.
p76_small_hydroelectric_1,2014.0,0,57025,.,.
p76_solar_photovoltaic_1,2017.0,0,21608,.,.
p76_solar_photovoltaic_1,2019.0,0,21608,.,.
p76_solar_photovoltaic_1,2021.0,0,21608,.,.
p76_solar_photovoltaic_1,2022.0,0,21608,.,.
p76_solar_photovoltaic_1,2023.0,0,21608,.,.
p76_solar_photovoltaic_1,2024.0,0,21608,.,.
p76_solar_photovoltaic_1,2025.0,0,21608,.,.
p77_batteries_1,2023.0,0,8671,0,0
p77_batteries_1,2025.0,0,8671,0,0
p77_biomass_1,2013.0,0,163666,.,.
p77_conventional_hydroelectric_1,1915.0,0,57025,.,.
p77_conventional_hydroelectric_1,1920.0,0,57025,.,.
p77_conventional_hydroelectric_1,1922.0,0,57025,.,.
p77_conventional_hydroelectric_1,1938.0,0,57025,.,.
p77_conventional_hydroelectric_1,1940.0,0,57025,.,.
p77_onshore_wind_turbine_1,2002.0,0,31648,.,.
p77_onshore_wind_turbine_1,2012.0,0,31648,.,.
p77_onshore_wind_turbine_1,2017.0,0,31648,.,.
p77_onshore_wind_turbine_1,2023.0,0,31648,.,.
p77_onshore_wind_turbine_1,2027.0,0,31648,.,.
p77_other_peaker_1,1970.0,0,25800,.,.
p77_petroleum_liquids_1,1932.0,0,25800,.,.
p77_petroleum_liquids_1,1952.0,0,25800,.,.
p77_petroleum_liquids_1,1964.0,0,25800,.,.
p77_petroleum_liquids_1,1990.0,0,25800,.,.
p77_petroleum_liquids_1,1999.0,0,25800,.,.
p77_petroleum_liquids_1,2002.0,0,25800,.,.
p77_petroleum_liquids_1,2004.0,0,25800,.,.
p77_small_hydroelectric_1,1926.0,0,57025,.,.
p77_small_hydroelectric_1,1929.0,0,57025,.,.
p77_small_hydroelectric_1,1935.0,0,57025,.,.
p77_small_hydroelectric_1,1937.0,0,57025,.,.
p77_small_hydroelectric_1,1939.0,0,57025,.,.
p77_solar_photovoltaic_1,2017.0,0,21608,.,.
p77_solar_photovoltaic_1,2019.0,0,21608,.,.
p77_solar_photovoltaic_1,2021.0,0,21608,.,.
p77_solar_photovoltaic_1,2022.0,0,21608,.,.
p77_solar_photovoltaic_1,2023.0,0,21608,.,.
p77_solar_photovoltaic_1,2024.0,0,21608,.,.
p78_batteries_1,2022.0,0,8671,0,0
p78_biomass_1,2004.0,0,163666,.,.
p78_natural_gas_fired_combined_cycle_1,2004.0,0,11863,.,.
p78_natural_gas_fired_combined_cycle_1,2020.0,0,11863,.,.
p78_natural_gas_fired_combined_cycle_2,2005.0,0,19989,.,.
p78_natural_gas_fired_combustion_turbine_1,1964.0,0,11842,.,.
p78_natural_gas_fired_combustion_turbine_1,1967.0,0,11842,.,.
p78_natural_gas_fired_combustion_turbine_1,1971.0,0,11842,.,.
p78_natural_gas_fired_combustion_turbine_1,1973.0,0,11842,.,.
p78_natural_gas_fired_combustion_turbine_1,2001.0,0,11842,.,.
p78_onshore_wind_turbine_1,2012.0,0,31648,.,.
p78_other_peaker_1,1957.0,0,25800,.,.
p78_other_peaker_1,1961.0,0,25800,.,.
p78_other_peaker_1,1965.0,0,25800,.,.
p78_other_peaker_1,2000.0,0,25800,.,.
p78_petroleum_liquids_1,1965.0,0,25800,.,.
p78_petroleum_liquids_1,2001.0,0,25800,.,.
p78_petroleum_liquids_1,2009.0,0,25800,.,.
p78_petroleum_liquids_1,2011.0,0,25800,.,.
p78_petroleum_liquids_1,2013.0,0,25800,.,.
p78_petroleum_liquids_1,2021.0,0,25800,.,.
p78_solar_photovoltaic_1,2011.0,0,21608,.,.
p78_solar_photovoltaic_1,2016.0,0,21608,.,.
p78_solar_photovoltaic_1,2020.0,0,21608,.,.
p78_solar_photovoltaic_1,2021.0,0,21608,.,.
p78_solar_photovoltaic_1,2022.0,0,21608,.,.
p78_solar_photovoltaic_1,2023.0,0,21608,.,.
p78_solar_photovoltaic_1,2024.0,0,21608,.,.
p78_solar_photovoltaic_1,2025.0,0,21608,.,.
p78_solar_photovoltaic_1,2026.0,0,21608,.,.
p79_batteries_1,2025.0,0,8671,0,0
p79_batteries_1,2026.0,0,8671,0,0
p79_biomass_1,1985.0,0,163666,.,.
p79_biomass_1,1992.0,0,163666,.,.
p79_biomass_1,2000.0,0,163666,.,.
p79_biomass_1,2001.0,0,163666,.,.
p79_biomass_1,2002.0,0,163666,.,.
p79_biomass_1,2003.0,0,163666,.,.
p79_biomass_1,2006.0,0,163666,.,.
p79_biomass_1,2007.0,0,163666,.,.
p79_biomass_1,2009.0,0,163666,.,.
p79_biomass_1,2010.0,0,163666,.,.
p79_biomass_1,2013.0,0,163666,.,.
p79_conventional_steam_coal_1,1530.0,0,92417,.,.
p79_conventional_steam_coal_1,1985.0,0,92417,.,.
p79_conventional_steam_coal_2,2010.0,0,68225.3333333333,.,.
p79_conventional_steam_coal_2,2011.0,0,68225.3333333333,.,.
p79_natural_gas_fired_combined_cycle_1,2005.0,0,14947,.,.
p79_natural_gas_fired_combined_cycle_1,2008.0,0,14947,.,.
p79_natural_gas_fired_combined_cycle_2,1997.0,0,19989,.,.
p79_natural_gas_fired_combustion_turbine_1,1971.0,0,11150,.,.
p79_natural_gas_fired_combustion_turbine_1,1993.0,0,11150,.,.
p79_natural_gas_fired_combustion_turbine_1,1994.0,0,11150,.,.
p79_natural_gas_fired_combustion_turbine_1,1995.0,0,11150,.,.
p79_natural_gas_fired_combustion_turbine_1,2000.0,0,11150,.,.
p79_natural_gas_fired_combustion_turbine_1,2005.0,0,11150,.,.
p79_natural_gas_fired_combustion_turbine_1,2013.0,0,11150,.,.
p79_onshore_wind_turbine_1,2009.0,0,31648,.,.
p79_onshore_wind_turbine_1,2012.0,0,31648,.,.
p79_other_peaker_1,1968.0,0,25800,.,.
p79_other_peaker_1,1969.0,0,25800,.,.
p79_petroleum_liquids_1,1969.0,0,25800,.,.
p79_petroleum_liquids_1,1978.0,0,25800,.,.
p79_solar_photovoltaic_1,2013.0,0,21608,.,.
p79_solar_photovoltaic_1,2018.0,0,21608,.,.
p79_solar_photovoltaic_1,2020.0,0,21608,.,.
p79_solar_photovoltaic_1,2021.0,0,21608,.,.
p79_solar_photovoltaic_1,2022.0,0,21608,.,.
p79_solar_photovoltaic_1,2023.0,0,21608,.,.
p79_solar_photovoltaic_1,2024.0,0,21608,.,.
p79_solar_photovoltaic_1,2025.0,0,21608,.,.
p8_biomass_1,1989.0,0,163666,.,.
p8_biomass_1,2010.0,0,163666,.,.
p8_other_peaker_1,2010.0,0,25800,.,.
p8_small_hydroelectric_1,1903.0,0,57025,.,.
p8_small_hydroelectric_1,1907.0,0,57025,.,.
p8_small_hydroelectric_1,1910.0,0,57025,.,.
p8_small_hydroelectric_1,1986.0,0,57025,.,.
p8_small_hydroelectric_1,1988.0,0,57025,.,.
p8_solar_photovoltaic_1,2018.0,0,21608,.,.
p8_solar_photovoltaic_1,2019.0,0,21608,.,.
p80_batteries_1,2013.0,0,8671,0,0
p80_batteries_1,2014.0,0,8671,0,0
p80_batteries_1,2015.0,0,8671,0,0
p80_batteries_1,2016.0,0,8671,0,0
p80_batteries_1,2018.0,0,8671,0,0
p80_biomass_1,1988.0,0,163666,.,.
p80_biomass_1,1989.0,0,163666,.,.
p80_biomass_1,1993.0,0,163666,.,.
p80_biomass_1,1996.0,0,163666,.,.
p80_biomass_1,1998.0,0,163666,.,.
p80_biomass_1,1999.0,0,163666,.,.
p80_biomass_1,2000.0,0,163666,.,.
p80_biomass_1,2006.0,0,163666,.,.
p80_biomass_1,2008.0,0,163666,.,.
p80_biomass_1,2010.0,0,163666,.,.
p80_biomass_1,2011.0,0,163666,.,.
p80_conventional_hydroelectric_1,2026.0,0,57025,.,.
p80_natural_gas_fired_combined_cycle_1,2002.0,0,13938,.,.
p80_natural_gas_fired_combined_cycle_1,2015.0,0,13938,.,.
p80_natural_gas_fired_combined_cycle_2,1985.0,0,15329,.,.
p80_natural_gas_fired_combined_cycle_2,1998.0,0,15329,.,.
p80_natural_gas_fired_combined_cycle_2,2000.0,0,15329,.,.
p80_natural_gas_fired_combined_cycle_2,2022.0,0,15329,.,.
p80_natural_gas_fired_combined_cycle_2,2023.0,0,15329,.,.
p80_natural_gas_fired_combustion_turbine_1,1530.0,0,11015,.,.
p80_natural_gas_fired_combustion_turbine_1,1987.0,0,11015,.,.
p80_natural_gas_fired_combustion_turbine_1,1993.0,0,11015,.,.
p80_natural_gas_fired_combustion_turbine_1,1995.0,0,11015,.,.
p80_natural_gas_fired_combustion_turbine_1,1996.0,0,11015,.,.
p80_natural_gas_fired_combustion_turbine_1,1999.0,0,11015,.,.
p80_natural_gas_fired_combustion_turbine_1,2000.0,0,11015,.,.
p80_natural_gas_fired_combustion_turbine_1,2001.0,0,11015,.,.
p80_natural_gas_fired_combustion_turbine_1,2002.0,0,11015,.,.
p80_natural_gas_fired_combustion_turbine_1,2003.0,0,11015,.,.
p80_natural_gas_fired_combustion_turbine_1,2005.0,0,11015,.,.
p80_natural_gas_fired_combustion_turbine_1,2016.0,0,11015,.,.
p80_natural_gas_fired_combustion_turbine_1,2023.0,0,11015,.,.
p80_nuclear_1,1970.0,0,234257,.,.
p80_nuclear_1,1971.0,0,234257,.,.
p80_nuclear_1,1984.0,0,234257,.,.
p80_nuclear_1,1985.0,0,234257,.,.
p80_nuclear_1,1987.0,0,234257,.,.
p80_nuclear_1,1988.0,0,234257,.,.
p80_onshore_wind_turbine_1,2003.0,0,31648,.,.
p80_onshore_wind_turbine_1,2007.0,0,31648,.,.
p80_onshore_wind_turbine_1,2008.0,0,31648,.,.
p80_onshore_wind_turbine_1,2009.0,0,31648,.,.
p80_onshore_wind_turbine_1,2010.0,0,31648,.,.
p80_onshore_wind_turbine_1,2011.0,0,31648,.,.
p80_onshore_wind_turbine_1,2012.0,0,31648,.,.
p80_onshore_wind_turbine_1,2015.0,0,31648,.,.
p80_onshore_wind_turbine_1,2019.0,0,31648,.,.
p80_onshore_wind_turbine_1,2020.0,0,31648,.,.
p80_onshore_wind_turbine_1,2023.0,0,31648,.,.
p80_onshore_wind_turbine_1,2026.0,0,31648,.,.
p80_other_peaker_1,1948.0,0,25800,.,.
p80_other_peaker_1,1954.0,0,25800,.,.
p80_other_peaker_1,1956.0,0,25800,.,.
p80_other_peaker_1,1960.0,0,25800,.,.
p80_other_peaker_1,1967.0,0,25800,.,.
p80_other_peaker_1,1986.0,0,25800,.,.
p80_other_peaker_1,1987.0,0,25800,.,.
p80_other_peaker_1,1989.0,0,25800,.,.
p80_other_peaker_1,1991.0,0,25800,.,.
p80_other_peaker_1,1992.0,0,25800,.,.
p80_other_peaker_1,1993.0,0,25800,.,.
p80_other_peaker_1,1995.0,0,25800,.,.
p80_other_peaker_1,1996.0,0,25800,.,.
p80_other_peaker_1,1998.0,0,25800,.,.
p80_other_peaker_1,2000.0,0,25800,.,.
p80_other_peaker_1,2002.0,0,25800,.,.
p80_other_peaker_1,2003.0,0,25800,.,.
p80_other_peaker_1,2005.0,0,25800,.,.
p80_other_peaker_1,2015.0,0,25800,.,.
p80_other_peaker_1,2019.0,0,25800,.,.
p80_petroleum_liquids_1,1940.0,0,25800,.,.
p80_petroleum_liquids_1,1946.0,0,25800,.,.
p80_petroleum_liquids_1,1949.0,0,25800,.,.
p80_petroleum_liquids_1,1968.0,0,25800,.,.
p80_petroleum_liquids_1,1972.0,0,25800,.,.
p80_petroleum_liquids_1,1979.0,0,25800,.,.
p80_petroleum_liquids_1,2000.0,0,25800,.,.
p80_petroleum_liquids_1,2001.0,0,25800,.,.
p80_petroleum_liquids_1,2002.0,0,25800,.,.
p80_petroleum_liquids_1,2006.0,0,25800,.,.
p80_petroleum_liquids_1,2010.0,0,25800,.,.
p80_petroleum_liquids_1,2011.0,0,25800,.,.
p80_petroleum_liquids_1,2014.0,0,25800,.,.
p80_petroleum_liquids_1,2016.0,0,25800,.,.
p80_petroleum_liquids_1,2024.0,0,25800,.,.
p80_small_hydroelectric_1,1925.0,0,57025,.,.
p80_small_hydroelectric_1,1929.0,0,57025,.,.
p80_small_hydroelectric_1,1988.0,0,57025,.,.
p80_small_hydroelectric_1,1996.0,0,57025,.,.
p80_small_hydroelectric_1,1999.0,0,57025,.,.
p80_small_hydroelectric_1,2001.0,0,57025,.,.
p80_solar_photovoltaic_1,2009.0,0,21608,.,.
p80_solar_photovoltaic_1,2012.0,0,21608,.,.
p80_solar_photovoltaic_1,2014.0,0,21608,.,.
p80_solar_photovoltaic_1,2017.0,0,21608,.,.
p80_solar_photovoltaic_1,2019.0,0,21608,.,.
p80_solar_photovoltaic_1,2020.0,0,21608,.,.
p80_solar_photovoltaic_1,2021.0,0,21608,.,.
p80_solar_photovoltaic_1,2022.0,0,21608,.,.
p80_solar_photovoltaic_1,2023.0,0,21608,.,.
p80_solar_photovoltaic_1,2024.0,0,21608,.,.
p80_solar_photovoltaic_1,2025.0,0,21608,.,.
p80_solar_photovoltaic_1,2026.0,0,21608,.,.
p80_solar_photovoltaic_1,2027.0,0,21608,.,.
p81_batteries_1,2024.0,0,8671,0,0
p81_conventional_steam_coal_1,1963.0,0,95964.3333333333,.,.
p81_conventional_steam_coal_2,1530.0,0,68004,.,.
p81_conventional_steam_coal_2,1998.0,0,68004,.,.
p81_conventional_steam_coal_2,2012.0,0,68004,.,.
p81_natural_gas_fired_combined_cycle_1,2001.0,0,11863,.,.
p81_natural_gas_fired_combustion_turbine_1,1970.0,0,12007,.,.
p81_natural_gas_fired_combustion_turbine_1,1999.0,0,12007,.,.
p81_natural_gas_fired_combustion_turbine_1,2000.0,0,12007,.,.
p81_natural_gas_fired_combustion_turbine_1,2001.0,0,12007,.,.
p81_natural_gas_fired_combustion_turbine_1,2002.0,0,12007,.,.
p81_natural_gas_fired_combustion_turbine_1,2003.0,0,12007,.,.
p81_natural_gas_fired_combustion_turbine_1,2005.0,0,12007,.,.
p81_natural_gas_fired_combustion_turbine_1,2012.0,0,12007,.,.
p81_natural_gas_fired_combustion_turbine_1,2016.0,0,12007,.,.
p81_natural_gas_fired_combustion_turbine_1,2025.0,0,12007,.,.
p81_nuclear_1,1972.0,0,234257,.,.
p81_onshore_wind_turbine_1,2005.0,0,31648,.,.
p81_onshore_wind_turbine_1,2007.0,0,31648,.,.
p81_onshore_wind_turbine_1,2008.0,0,31648,.,.
p81_onshore_wind_turbine_1,2009.0,0,31648,.,.
p81_onshore_wind_turbine_1,2011.0,0,31648,.,.
p81_onshore_wind_turbine_1,2012.0,0,31648,.,.
p81_onshore_wind_turbine_1,2018.0,0,31648,.,.
p81_onshore_wind_turbine_1,2020.0,0,31648,.,.
p81_onshore_wind_turbine_1,2021.0,0,31648,.,.
p81_onshore_wind_turbine_1,2023.0,0,31648,.,.
p81_onshore_wind_turbine_1,2025.0,0,31648,.,.
p81_other_peaker_1,1953.0,0,25800,.,.
p81_other_peaker_1,1957.0,0,25800,.,.
p81_other_peaker_1,1958.0,0,25800,.,.
p81_other_peaker_1,1961.0,0,25800,.,.
p81_other_peaker_1,1965.0,0,25800,.,.
p81_other_peaker_1,1966.0,0,25800,.,.
p81_other_peaker_1,1967.0,0,25800,.,.
p81_other_peaker_1,1971.0,0,25800,.,.
p81_other_peaker_1,1974.0,0,25800,.,.
p81_other_peaker_1,1976.0,0,25800,.,.
p81_other_peaker_1,1990.0,0,25800,.,.
p81_other_peaker_1,1991.0,0,25800,.,.
p81_other_peaker_1,1993.0,0,25800,.,.
p81_other_peaker_1,2003.0,0,25800,.,.
p81_petroleum_liquids_1,1940.0,0,25800,.,.
p81_petroleum_liquids_1,1946.0,0,25800,.,.
p81_petroleum_liquids_1,1948.0,0,25800,.,.
p81_petroleum_liquids_1,1950.0,0,25800,.,.
p81_petroleum_liquids_1,1951.0,0,25800,.,.
p81_petroleum_liquids_1,1953.0,0,25800,.,.
p81_petroleum_liquids_1,1954.0,0,25800,.,.
p81_petroleum_liquids_1,1956.0,0,25800,.,.
p81_petroleum_liquids_1,1958.0,0,25800,.,.
p81_petroleum_liquids_1,1959.0,0,25800,.,.
p81_petroleum_liquids_1,1963.0,0,25800,.,.
p81_petroleum_liquids_1,1964.0,0,25800,.,.
p81_petroleum_liquids_1,1965.0,0,25800,.,.
p81_petroleum_liquids_1,1967.0,0,25800,.,.
p81_petroleum_liquids_1,1968.0,0,25800,.,.
p81_petroleum_liquids_1,1970.0,0,25800,.,.
p81_petroleum_liquids_1,1971.0,0,25800,.,.
p81_petroleum_liquids_1,1973.0,0,25800,.,.
p81_petroleum_liquids_1,1974.0,0,25800,.,.
p81_petroleum_liquids_1,1979.0,0,25800,.,.
p81_petroleum_liquids_1,1982.0,0,25800,.,.
p81_petroleum_liquids_1,1992.0,0,25800,.,.
p81_petroleum_liquids_1,1993.0,0,25800,.,.
p81_petroleum_liquids_1,1994.0,0,25800,.,.
p81_petroleum_liquids_1,1995.0,0,25800,.,.
p81_petroleum_liquids_1,1996.0,0,25800,.,.
p81_petroleum_liquids_1,1997.0,0,25800,.,.
p81_petroleum_liquids_1,1998.0,0,25800,.,.
p81_petroleum_liquids_1,1999.0,0,25800,.,.
p81_petroleum_liquids_1,2000.0,0,25800,.,.
p81_petroleum_liquids_1,2002.0,0,25800,.,.
p81_petroleum_liquids_1,2003.0,0,25800,.,.
p81_petroleum_liquids_1,2007.0,0,25800,.,.
p81_petroleum_liquids_1,2008.0,0,25800,.,.
p81_petroleum_liquids_1,2013.0,0,25800,.,.
p81_petroleum_liquids_1,2014.0,0,25800,.,.
p81_petroleum_liquids_1,2019.0,0,25800,.,.
p81_small_hydroelectric_1,1942.0,0,57025,.,.
p81_solar_photovoltaic_1,2015.0,0,21608,.,.
p81_solar_photovoltaic_1,2019.0,0,21608,.,.
p81_solar_photovoltaic_1,2020.0,0,21608,.,.
p81_solar_photovoltaic_1,2021.0,0,21608,.,.
p81_solar_photovoltaic_1,2022.0,0,21608,.,.
p81_solar_photovoltaic_1,2023.0,0,21608,.,.
p81_solar_photovoltaic_1,2024.0,0,21608,.,.
p81_solar_photovoltaic_1,2025.0,0,21608,.,.
p81_solar_photovoltaic_1,2026.0,0,21608,.,.
p81_waste_heat_1,2010.0,0,163666,.,.
p82_biomass_1,1989.0,0,163666,.,.
p82_biomass_1,1999.0,0,163666,.,.
p82_conventional_steam_coal_1,2009.0,0,88547,.,.
p82_conventional_steam_coal_2,1972.0,0,70557.6666666667,.,.
p82_conventional_steam_coal_2,1975.0,0,70557.6666666667,.,.
p82_natural_gas_fired_combustion_turbine_1,1988.0,0,13417,.,.
p82_natural_gas_fired_combustion_turbine_1,1997.0,0,13417,.,.
p82_onshore_wind_turbine_1,2009.0,0,31648,.,.
p82_onshore_wind_turbine_1,2012.0,0,31648,.,.
p82_onshore_wind_turbine_1,2018.0,0,31648,.,.
p82_onshore_wind_turbine_1,2020.0,0,31648,.,.
p82_onshore_wind_turbine_1,2021.0,0,31648,.,.
p82_onshore_wind_turbine_1,2026.0,0,31648,.,.
p82_petroleum_liquids_1,1970.0,0,25800,.,.
p82_petroleum_liquids_1,1973.0,0,25800,.,.
p82_petroleum_liquids_1,2002.0,0,25800,.,.
p82_solar_photovoltaic_1,2020.0,0,21608,.,.
p82_solar_photovoltaic_1,2021.0,0,21608,.,.
p82_solar_photovoltaic_1,2022.0,0,21608,.,.
p82_solar_photovoltaic_1,2024.0,0,21608,.,.
p82_solar_photovoltaic_1,2025.0,0,21608,.,.
p83_batteries_1,2017.0,0,8671,0,0
p83_batteries_1,2026.0,0,8671,0,0
p83_biomass_1,2006.0,0,163666,.,.
p83_biomass_1,2008.0,0,163666,.,.
p83_conventional_steam_coal_1,1530.0,0,79915.3333333333,.,.
p83_conventional_steam_coal_1,1987.0,0,79915.3333333333,.,.
p83_conventional_steam_coal_1,1994.0,0,79915.3333333333,.,.
p83_conventional_steam_coal_1,1997.0,0,79915.3333333333,.,.
p83_conventional_steam_coal_1,2005.0,0,79915.3333333333,.,.
p83_natural_gas_fired_combined_cycle_1,2002.0,0,11863,.,.
p83_natural_gas_fired_combustion_turbine_1,1999.0,0,11503,.,.
p83_natural_gas_fired_combustion_turbine_1,2000.0,0,11503,.,.
p83_natural_gas_fired_combustion_turbine_1,2001.0,0,11503,.,.
p83_natural_gas_fired_combustion_turbine_1,2002.0,0,11503,.,.
p83_natural_gas_fired_combustion_turbine_1,2003.0,0,11503,.,.
p83_nuclear_1,1987.0,0,333518,.,.
p83_onshore_wind_turbine_1,2007.0,0,31648,.,.
p83_onshore_wind_turbine_1,2011.0,0,31648,.,.
p83_onshore_wind_turbine_1,2012.0,0,31648,.,.
p83_onshore_wind_turbine_1,2015.0,0,31648,.,.
p83_onshore_wind_turbine_1,2016.0,0,31648,.,.
p83_onshore_wind_turbine_1,2017.0,0,31648,.,.
p83_onshore_wind_turbine_1,2019.0,0,31648,.,.
p83_onshore_wind_turbine_1,2020.0,0,31648,.,.
p83_onshore_wind_turbine_1,2022.0,0,31648,.,.
p83_onshore_wind_turbine_1,2023.0,0,31648,.,.
p83_onshore_wind_turbine_1,2025.0,0,31648,.,.
p83_other_peaker_1,1940.0,0,25800,.,.
p83_other_peaker_1,1948.0,0,25800,.,.
p83_other_peaker_1,1951.0,0,25800,.,.
p83_other_peaker_1,1959.0,0,25800,.,.
p83_other_peaker_1,1962.0,0,25800,.,.
p83_other_peaker_1,1967.0,0,25800,.,.
p83_other_peaker_1,1974.0,0,25800,.,.
p83_other_peaker_1,1989.0,0,25800,.,.
p83_other_peaker_1,2004.0,0,25800,.,.
p83_other_peaker_1,2017.0,0,25800,.,.
p83_petroleum_liquids_1,1948.0,0,25800,.,.
p83_petroleum_liquids_1,1951.0,0,25800,.,.
p83_petroleum_liquids_1,1956.0,0,25800,.,.
p83_petroleum_liquids_1,1961.0,0,25800,.,.
p83_petroleum_liquids_1,1963.0,0,25800,.,.
p83_petroleum_liquids_1,1971.0,0,25800,.,.
p83_petroleum_liquids_1,1974.0,0,25800,.,.
p83_petroleum_liquids_1,1980.0,0,25800,.,.
p83_petroleum_liquids_1,1996.0,0,25800,.,.
p83_petroleum_liquids_1,2000.0,0,25800,.,.
p83_petroleum_liquids_1,2001.0,0,25800,.,.
p83_petroleum_liquids_1,2002.0,0,25800,.,.
p83_petroleum_liquids_1,2006.0,0,25800,.,.
p83_petroleum_liquids_1,2007.0,0,25800,.,.
p83_petroleum_liquids_1,2012.0,0,25800,.,.
p83_solar_photovoltaic_1,2015.0,0,21608,.,.
p83_solar_photovoltaic_1,2016.0,0,21608,.,.
p83_solar_photovoltaic_1,2017.0,0,21608,.,.
p83_solar_photovoltaic_1,2020.0,0,21608,.,.
p83_solar_photovoltaic_1,2021.0,0,21608,.,.
p83_solar_photovoltaic_1,2023.0,0,21608,.,.
p83_solar_photovoltaic_1,2024.0,0,21608,.,.
p83_solar_photovoltaic_1,2025.0,0,21608,.,.
p83_solar_photovoltaic_1,2026.0,0,21608,.,.
p83_solar_photovoltaic_1,2027.0,0,21608,.,.
p84_biomass_1,2014.0,0,163666,.,.
p84_conventional_steam_coal_1,1972.0,0,70799.6666666667,.,.
p84_conventional_steam_coal_2,1977.0,0,69993.3333333333,.,.
p84_natural_gas_fired_combined_cycle_1,1999.0,0,19989,.,.
p84_natural_gas_fired_combined_cycle_2,2001.0,0,19989,.,.
p84_natural_gas_fired_combustion_turbine_1,1999.0,0,13886,.,.
p84_natural_gas_fired_combustion_turbine_1,2000.0,0,13886,.,.
p84_other_peaker_1,1965.0,0,25800,.,.
p84_other_peaker_1,1971.0,0,25800,.,.
p84_other_peaker_1,1975.0,0,25800,.,.
p84_other_peaker_1,1976.0,0,25800,.,.
p84_other_peaker_1,2001.0,0,25800,.,.
p84_other_peaker_1,2002.0,0,25800,.,.
p84_petroleum_liquids_1,1957.0,0,25800,.,.
p84_petroleum_liquids_1,1963.0,0,25800,.,.
p84_petroleum_liquids_1,1973.0,0,25800,.,.
p84_petroleum_liquids_1,1996.0,0,25800,.,.
p84_petroleum_liquids_1,2002.0,0,25800,.,.
p84_small_hydroelectric_1,1930.0,0,57025,.,.
p84_solar_photovoltaic_1,2017.0,0,21608,.,.
p84_solar_photovoltaic_1,2022.0,0,21608,.,.
p84_solar_photovoltaic_1,2025.0,0,21608,.,.
p85_batteries_1,2020.0,0,8671,0,0
p85_batteries_1,2022.0,0,8671,0,0
p85_biomass_1,1958.0,0,163666,.,.
p85_biomass_1,1962.0,0,163666,.,.
p85_biomass_1,1968.0,0,163666,.,.
p85_biomass_1,1977.0,0,163666,.,.
p85_biomass_1,1979.0,0,163666,.,.
p85_biomass_1,1991.0,0,163666,.,.
p85_biomass_1,2006.0,0,163666,.,.
p85_biomass_1,2017.0,0,163666,.,.
p85_conventional_hydroelectric_1,1932.0,0,57025,.,.
p85_conventional_hydroelectric_1,1944.0,0,57025,.,.
p85_conventional_hydroelectric_1,1950.0,0,57025,.,.
p85_conventional_hydroelectric_1,1952.0,0,57025,.,.
p85_conventional_hydroelectric_1,1953.0,0,57025,.,.
p85_conventional_hydroelectric_1,1955.0,0,57025,.,.
p85_conventional_hydroelectric_1,1962.0,0,57025,.,.
p85_conventional_hydroelectric_1,1963.0,0,57025,.,.
p85_conventional_hydroelectric_1,1965.0,0,57025,.,.
p85_conventional_hydroelectric_1,1966.0,0,57025,.,.
p85_conventional_hydroelectric_1,1972.0,0,57025,.,.
p85_conventional_hydroelectric_1,1988.0,0,57025,.,.
p85_conventional_hydroelectric_1,1999.0,0,57025,.,.
p85_conventional_steam_coal_1,1980.0,0,69141,.,.
p85_conventional_steam_coal_1,1981.0,0,69141,.,.
p85_conventional_steam_coal_1,1983.0,0,69141,.,.
p85_conventional_steam_coal_1,1984.0,0,69141,.,.
p85_conventional_steam_coal_2,2010.0,0,75187.3333333333,.,.
p85_conventional_steam_coal_2,2012.0,0,75187.3333333333,.,.
p85_hydroelectric_pumped_storage_1,1972.0,0,57025,0,0
p85_natural_gas_fired_combined_cycle_1,2002.0,0,11863,.,.
p85_natural_gas_fired_combined_cycle_2,2001.0,0,14503,.,.
p85_natural_gas_fired_combined_cycle_2,2002.0,0,14503,.,.
p85_natural_gas_fired_combined_cycle_2,2003.0,0,14503,.,.
p85_natural_gas_fired_combined_cycle_2,2005.0,0,14503,.,.
p85_natural_gas_fired_combined_cycle_2,2006.0,0,14503,.,.
p85_natural_gas_fired_combined_cycle_2,2007.0,0,14503,.,.
p85_natural_gas_fired_combustion_turbine_1,1990.0,0,13139,.,.
p85_natural_gas_fired_combustion_turbine_1,1999.0,0,13139,.,.
p85_natural_gas_fired_combustion_turbine_1,2000.0,0,13139,.,.
p85_natural_gas_fired_combustion_turbine_1,2001.0,0,13139,.,.
p85_natural_gas_fired_combustion_turbine_1,2003.0,0,13139,.,.
p85_natural_gas_fired_combustion_turbine_1,2007.0,0,13139,.,.
p85_nuclear_1,1974.0,0,234257,.,.
p85_nuclear_1,1980.0,0,234257,.,.
p85_onshore_wind_turbine_1,2025.0,0,31648,.,.
p85_other_peaker_1,1527.0,0,25800,.,.
p85_other_peaker_1,1962.0,0,25800,.,.
p85_other_peaker_1,1972.0,0,25800,.,.
p85_other_peaker_1,2001.0,0,25800,.,.
p85_other_peaker_1,2009.0,0,25800,.,.
p85_petroleum_liquids_1,1991.0,0,25800,.,.
p85_petroleum_liquids_1,1992.0,0,25800,.,.
p85_small_hydroelectric_1,1925.0,0,57025,.,.
p85_small_hydroelectric_1,1993.0,0,57025,.,.
p85_small_hydroelectric_1,2006.0,0,57025,.,.
p85_small_hydroelectric_1,2007.0,0,57025,.,.
p85_solar_photovoltaic_1,2015.0,0,21608,.,.
p85_solar_photovoltaic_1,2018.0,0,21608,.,.
p85_solar_photovoltaic_1,2019.0,0,21608,.,.
p85_solar_photovoltaic_1,2020.0,0,21608,.,.
p85_solar_photovoltaic_1,2021.0,0,21608,.,.
p85_solar_photovoltaic_1,2022.0,0,21608,.,.
p85_solar_photovoltaic_1,2023.0,0,21608,.,.
p85_solar_photovoltaic_1,2024.0,0,21608,.,.
p85_solar_photovoltaic_1,2025.0,0,21608,.,.
p85_solar_photovoltaic_1,2026.0,0,21608,.,.
p85_solar_photovoltaic_1,2027.0,0,21608,.,.
p86_biomass_1,1964.0,0,163666,.,.
p86_biomass_1,1977.0,0,163666,.,.
p86_natural_gas_fired_combined_cycle_1,2002.0,0,14947,.,.
p86_natural_gas_fired_combined_cycle_2,2002.0,0,14947,.,.
p86_natural_gas_fired_combustion_turbine_1,1973.0,0,14061,.,.
p86_natural_gas_fired_combustion_turbine_1,2001.0,0,14061,.,.
p86_natural_gas_fired_combustion_turbine_1,2004.0,0,14061,.,.
p86_natural_gas_fired_combustion_turbine_1,2016.0,0,14061,.,.
p86_solar_photovoltaic_1,2023.0,0,21608,.,.
p86_solar_photovoltaic_1,2024.0,0,21608,.,.
p86_solar_photovoltaic_1,2026.0,0,21608,.,.
p87_batteries_1,2023.0,0,8671,0,0
p87_biomass_1,1967.0,0,163666,.,.
p87_biomass_1,1968.0,0,163666,.,.
p87_biomass_1,1984.0,0,163666,.,.
p87_natural_gas_fired_combined_cycle_1,1945.0,0,15757,.,.
p87_natural_gas_fired_combined_cycle_1,1954.0,0,15757,.,.
p87_natural_gas_fired_combined_cycle_1,1961.0,0,15757,.,.
p87_natural_gas_fired_combined_cycle_1,1965.0,0,15757,.,.
p87_natural_gas_fired_combined_cycle_1,1968.0,0,15757,.,.
p87_natural_gas_fired_combined_cycle_1,1970.0,0,15757,.,.
p87_natural_gas_fired_combined_cycle_1,1971.0,0,15757,.,.
p87_natural_gas_fired_combined_cycle_1,1996.0,0,15757,.,.
p87_natural_gas_fired_combined_cycle_1,2001.0,0,15757,.,.
p87_natural_gas_fired_combined_cycle_1,2012.0,0,15757,.,.
p87_natural_gas_fired_combined_cycle_2,2000.0,0,11863,.,.
p87_natural_gas_fired_combined_cycle_2,2001.0,0,11863,.,.
p87_natural_gas_fired_combined_cycle_2,2003.0,0,11863,.,.
p87_natural_gas_fired_combined_cycle_2,2023.0,0,11863,.,.
p87_natural_gas_fired_combustion_turbine_1,1967.0,0,12902,.,.
p87_natural_gas_fired_combustion_turbine_1,1970.0,0,12902,.,.
p87_natural_gas_fired_combustion_turbine_1,1971.0,0,12902,.,.
p87_natural_gas_fired_combustion_turbine_1,1984.0,0,12902,.,.
p87_natural_gas_fired_combustion_turbine_1,1991.0,0,12902,.,.
p87_natural_gas_fired_combustion_turbine_1,1994.0,0,12902,.,.
p87_natural_gas_fired_combustion_turbine_1,1995.0,0,12902,.,.
p87_natural_gas_fired_combustion_turbine_1,1997.0,0,12902,.,.
p87_natural_gas_fired_combustion_turbine_1,2002.0,0,12902,.,.
p87_natural_gas_fired_combustion_turbine_1,2003.0,0,12902,.,.
p87_natural_gas_fired_combustion_turbine_1,2004.0,0,12902,.,.
p87_natural_gas_fired_combustion_turbine_1,2005.0,0,12902,.,.
p87_natural_gas_fired_combustion_turbine_1,2006.0,0,12902,.,.
p87_natural_gas_fired_combustion_turbine_1,2018.0,0,12902,.,.
p87_natural_gas_fired_combustion_turbine_1,2020.0,0,12902,.,.
p87_natural_gas_fired_combustion_turbine_1,2027.0,0,12902,.,.
p87_nuclear_1,1985.0,0,333518,.,.
p87_onshore_wind_turbine_1,2024.0,0,31648,.,.
p87_other_peaker_1,1535.0,0,25800,.,.
p87_other_peaker_1,1968.0,0,25800,.,.
p87_other_peaker_1,1970.0,0,25800,.,.
p87_other_peaker_1,1973.0,0,25800,.,.
p87_other_peaker_1,2020.0,0,25800,.,.
p87_other_peaker_1,2021.0,0,25800,.,.
p87_petroleum_liquids_1,1998.0,0,25800,.,.
p87_solar_photovoltaic_1,2017.0,0,21608,.,.
p87_solar_photovoltaic_1,2019.0,0,21608,.,.
p87_solar_photovoltaic_1,2021.0,0,21608,.,.
p87_solar_photovoltaic_1,2022.0,0,21608,.,.
p87_solar_photovoltaic_1,2023.0,0,21608,.,.
p87_solar_photovoltaic_1,2024.0,0,21608,.,.
p87_solar_photovoltaic_1,2025.0,0,21608,.,.
p87_solar_photovoltaic_1,2026.0,0,21608,.,.
p87_solar_photovoltaic_1,2029.0,0,21608,.,.
p88_batteries_1,2024.0,0,8671,0,0
p88_batteries_1,2025.0,0,8671,0,0
p88_batteries_1,2026.0,0,8671,0,0
p88_biomass_1,1982.0,0,163666,.,.
p88_biomass_1,1987.0,0,163666,.,.
p88_biomass_1,1990.0,0,163666,.,.
p88_biomass_1,2012.0,0,163666,.,.
p88_conventional_steam_coal_1,2001.0,0,89837,.,.
p88_natural_gas_fired_combined_cycle_1,2003.0,0,11863,.,.
p88_natural_gas_fired_combined_cycle_1,2006.0,0,11863,.,.
p88_natural_gas_fired_combined_cycle_2,2014.0,0,14947,.,.
p88_natural_gas_fired_combustion_turbine_1,2002.0,0,11222,.,.
p88_natural_gas_fired_combustion_turbine_1,2005.0,0,11222,.,.
p88_solar_photovoltaic_1,2016.0,0,21608,.,.
p88_solar_photovoltaic_1,2023.0,0,21608,.,.
p88_solar_photovoltaic_1,2024.0,0,21608,.,.
p88_solar_photovoltaic_1,2025.0,0,21608,.,.
p88_solar_photovoltaic_1,2026.0,0,21608,.,.
p88_solar_photovoltaic_1,2027.0,0,21608,.,.
p89_batteries_1,2017.0,0,8671,0,0
p89_biomass_1,1968.0,0,163666,.,.
p89_biomass_1,1982.0,0,163666,.,.
p89_biomass_1,1993.0,0,163666,.,.
p89_biomass_1,2010.0,0,163666,.,.
p89_biomass_1,2011.0,0,163666,.,.
p89_biomass_1,2013.0,0,163666,.,.
p89_biomass_1,2014.0,0,163666,.,.
p89_biomass_1,2019.0,0,163666,.,.
p89_conventional_hydroelectric_1,1925.0,0,57025,.,.
p89_conventional_hydroelectric_1,1936.0,0,57025,.,.
p89_conventional_hydroelectric_1,1937.0,0,57025,.,.
p89_conventional_hydroelectric_1,1939.0,0,57025,.,.
p89_conventional_hydroelectric_1,1941.0,0,57025,.,.
p89_conventional_hydroelectric_1,1942.0,0,57025,.,.
p89_conventional_hydroelectric_1,1943.0,0,57025,.,.
p89_conventional_hydroelectric_1,1948.0,0,57025,.,.
p89_conventional_hydroelectric_1,1949.0,0,57025,.,.
p89_conventional_hydroelectric_1,1950.0,0,57025,.,.
p89_conventional_hydroelectric_1,1952.0,0,57025,.,.
p89_conventional_hydroelectric_1,1961.0,0,57025,.,.
p89_conventional_hydroelectric_1,1962.0,0,57025,.,.
p89_conventional_hydroelectric_1,1963.0,0,57025,.,.
p89_conventional_hydroelectric_1,1968.0,0,57025,.,.
p89_conventional_hydroelectric_1,1970.0,0,57025,.,.
p89_conventional_steam_coal_1,1978.0,0,78289.6666666667,.,.
p89_conventional_steam_coal_1,1985.0,0,78289.6666666667,.,.
p89_conventional_steam_coal_1,1989.0,0,78289.6666666667,.,.
p89_conventional_steam_coal_1,1991.0,0,78289.6666666667,.,.
p89_conventional_steam_coal_2,1974.0,0,81150,.,.
p89_natural_gas_fired_combined_cycle_1,2002.0,0,11863,.,.
p89_natural_gas_fired_combined_cycle_1,2003.0,0,11863,.,.
p89_natural_gas_fired_combined_cycle_2,2003.0,0,11863,.,.
p89_natural_gas_fired_combined_cycle_2,2004.0,0,11863,.,.
p89_natural_gas_fired_combustion_turbine_1,1972.0,0,10888,.,.
p89_natural_gas_fired_combustion_turbine_1,1995.0,0,10888,.,.
p89_natural_gas_fired_combustion_turbine_1,1996.0,0,10888,.,.
p89_natural_gas_fired_combustion_turbine_1,2023.0,0,10888,.,.
p89_nuclear_1,1974.0,0,234257,.,.
p89_nuclear_1,1975.0,0,234257,.,.
p89_nuclear_1,1977.0,0,234257,.,.
p89_other_peaker_1,1960.0,0,25800,.,.
p89_other_peaker_1,1961.0,0,25800,.,.
p89_other_peaker_1,1962.0,0,25800,.,.
p89_other_peaker_1,1965.0,0,25800,.,.
p89_other_peaker_1,1966.0,0,25800,.,.
p89_other_peaker_1,1997.0,0,25800,.,.
p89_petroleum_liquids_1,1970.0,0,25800,.,.
p89_petroleum_liquids_1,2000.0,0,25800,.,.
p89_solar_photovoltaic_1,2016.0,0,21608,.,.
p89_solar_photovoltaic_1,2017.0,0,21608,.,.
p89_solar_photovoltaic_1,2018.0,0,21608,.,.
p89_solar_photovoltaic_1,2021.0,0,21608,.,.
p89_solar_photovoltaic_1,2024.0,0,21608,.,.
p89_solar_photovoltaic_1,2026.0,0,21608,.,.
p89_solar_photovoltaic_1,2027.0,0,21608,.,.
p9_batteries_1,2017.0,0,8671,0,0
p9_batteries_1,2018.0,0,8671,0,0
p9_batteries_1,2019.0,0,8671,0,0
p9_batteries_1,2020.0,0,8671,0,0
p9_batteries_1,2021.0,0,8671,0,0
p9_batteries_1,2022.0,0,8671,0,0
p9_batteries_1,2023.0,0,8671,0,0
p9_batteries_1,2024.0,0,8671,0,0
p9_batteries_1,2025.0,0,8671,0,0
p9_batteries_1,2026.0,0,8671,0,0
p9_batteries_1,2027.0,0,8671,0,0
p9_biomass_1,1969.0,0,163666,.,.
p9_biomass_1,1985.0,0,163666,.,.
p9_biomass_1,1986.0,0,163666,.,.
p9_biomass_1,1987.0,0,163666,.,.
p9_biomass_1,1988.0,0,163666,.,.
p9_biomass_1,1989.0,0,163666,.,.
p9_biomass_1,1990.0,0,163666,.,.
p9_biomass_1,1993.0,0,163666,.,.
p9_biomass_1,1996.0,0,163666,.,.
p9_biomass_1,1998.0,0,163666,.,.
p9_biomass_1,1999.0,0,163666,.,.
p9_biomass_1,2000.0,0,163666,.,.
p9_biomass_1,2002.0,0,163666,.,.
p9_biomass_1,2004.0,0,163666,.,.
p9_biomass_1,2006.0,0,163666,.,.
p9_biomass_1,2008.0,0,163666,.,.
p9_biomass_1,2009.0,0,163666,.,.
p9_biomass_1,2010.0,0,163666,.,.
p9_biomass_1,2011.0,0,163666,.,.
p9_biomass_1,2012.0,0,163666,.,.
p9_biomass_1,2013.0,0,163666,.,.
p9_biomass_1,2014.0,0,163666,.,.
p9_biomass_1,2015.0,0,163666,.,.
p9_biomass_1,2016.0,0,163666,.,.
p9_biomass_1,2017.0,0,163666,.,.
p9_biomass_1,2018.0,0,163666,.,.
p9_biomass_1,2019.0,0,163666,.,.
p9_biomass_1,2020.0,0,163666,.,.
p9_biomass_1,2021.0,0,163666,.,.
p9_biomass_1,2022.0,0,163666,.,.
p9_biomass_1,2024.0,0,163666,.,.
p9_biomass_1,2025.0,0,163666,.,.
p9_biomass_1,2027.0,0,163666,.,.
p9_conventional_hydroelectric_1,1913.0,0,57025,.,.
p9_conventional_hydroelectric_1,1914.0,0,57025,.,.
p9_conventional_hydroelectric_1,1921.0,0,57025,.,.
p9_conventional_hydroelectric_1,1922.0,0,57025,.,.
p9_conventional_hydroelectric_1,1923.0,0,57025,.,.
p9_conventional_hydroelectric_1,1924.0,0,57025,.,.
p9_conventional_hydroelectric_1,1925.0,0,57025,.,.
p9_conventional_hydroelectric_1,1927.0,0,57025,.,.
p9_conventional_hydroelectric_1,1928.0,0,57025,.,.
p9_conventional_hydroelectric_1,1931.0,0,57025,.,.
p9_conventional_hydroelectric_1,1944.0,0,57025,.,.
p9_conventional_hydroelectric_1,1948.0,0,57025,.,.
p9_conventional_hydroelectric_1,1949.0,0,57025,.,.
p9_conventional_hydroelectric_1,1950.0,0,57025,.,.
p9_conventional_hydroelectric_1,1951.0,0,57025,.,.
p9_conventional_hydroelectric_1,1953.0,0,57025,.,.
p9_conventional_hydroelectric_1,1955.0,0,57025,.,.
p9_conventional_hydroelectric_1,1957.0,0,57025,.,.
p9_conventional_hydroelectric_1,1958.0,0,57025,.,.
p9_conventional_hydroelectric_1,1960.0,0,57025,.,.
p9_conventional_hydroelectric_1,1961.0,0,57025,.,.
p9_conventional_hydroelectric_1,1962.0,0,57025,.,.
p9_conventional_hydroelectric_1,1963.0,0,57025,.,.
p9_conventional_hydroelectric_1,1964.0,0,57025,.,.
p9_conventional_hydroelectric_1,1965.0,0,57025,.,.
p9_conventional_hydroelectric_1,1966.0,0,57025,.,.
p9_conventional_hydroelectric_1,1967.0,0,57025,.,.
p9_conventional_hydroelectric_1,1968.0,0,57025,.,.
p9_conventional_hydroelectric_1,1969.0,0,57025,.,.
p9_conventional_hydroelectric_1,1971.0,0,57025,.,.
p9_conventional_hydroelectric_1,1979.0,0,57025,.,.
p9_conventional_hydroelectric_1,1980.0,0,57025,.,.
p9_conventional_hydroelectric_1,1983.0,0,57025,.,.
p9_conventional_hydroelectric_1,1984.0,0,57025,.,.
p9_conventional_hydroelectric_1,1985.0,0,57025,.,.
p9_conventional_hydroelectric_1,1986.0,0,57025,.,.
p9_conventional_hydroelectric_1,1987.0,0,57025,.,.
p9_conventional_hydroelectric_1,1989.0,0,57025,.,.
p9_conventional_hydroelectric_1,2017.0,0,57025,.,.
p9_conventional_hydroelectric_1,2020.0,0,57025,.,.
p9_conventional_hydroelectric_1,2027.0,0,57025,.,.
p9_geothermal_1,1971.0,0,253439,.,.
p9_geothermal_1,1972.0,0,253439,.,.
p9_geothermal_1,1975.0,0,253439,.,.
p9_geothermal_1,1979.0,0,253439,.,.
p9_geothermal_1,1980.0,0,253439,.,.
p9_geothermal_1,1982.0,0,253439,.,.
p9_geothermal_1,1983.0,0,253439,.,.
p9_geothermal_1,1984.0,0,253439,.,.
p9_geothermal_1,1985.0,0,253439,.,.
p9_geothermal_1,1986.0,0,253439,.,.
p9_geothermal_1,1989.0,0,253439,.,.
p9_hydroelectric_pumped_storage_1,1967.0,0,57025,0,0
p9_hydroelectric_pumped_storage_1,1968.0,0,57025,0,0
p9_hydroelectric_pumped_storage_1,1969.0,0,57025,0,0
p9_hydroelectric_pumped_storage_1,1984.0,0,57025,0,0
p9_hydroelectric_pumped_storage_1,1987.0,0,57025,0,0
p9_natural_gas_fired_combined_cycle_1,1987.0,0,19989,.,.
p9_natural_gas_fired_combined_cycle_1,1989.0,0,19989,.,.
p9_natural_gas_fired_combined_cycle_1,1990.0,0,19989,.,.
p9_natural_gas_fired_combined_cycle_1,1992.0,0,19989,.,.
p9_natural_gas_fired_combined_cycle_1,1995.0,0,19989,.,.
p9_natural_gas_fired_combined_cycle_1,1996.0,0,19989,.,.
p9_natural_gas_fired_combined_cycle_1,1997.0,0,19989,.,.
p9_natural_gas_fired_combined_cycle_1,2002.0,0,19989,.,.
p9_natural_gas_fired_combined_cycle_1,2003.0,0,19989,.,.
p9_natural_gas_fired_combined_cycle_1,2005.0,0,19989,.,.
p9_natural_gas_fired_combined_cycle_1,2006.0,0,19989,.,.
p9_natural_gas_fired_combined_cycle_1,2007.0,0,19989,.,.
p9_natural_gas_fired_combined_cycle_1,2011.0,0,19989,.,.
p9_natural_gas_fired_combined_cycle_1,2012.0,0,19989,.,.
p9_natural_gas_fired_combined_cycle_1,2013.0,0,19989,.,.
p9_natural_gas_fired_combined_cycle_2,2001.0,0,12380,.,.
p9_natural_gas_fired_combined_cycle_2,2002.0,0,12380,.,.
p9_natural_gas_fired_combined_cycle_2,2005.0,0,12380,.,.
p9_natural_gas_fired_combined_cycle_2,2006.0,0,12380,.,.
p9_natural_gas_fired_combined_cycle_2,2009.0,0,12380,.,.
p9_natural_gas_fired_combined_cycle_2,2010.0,0,12380,.,.
p9_natural_gas_fired_combined_cycle_2,2013.0,0,12380,.,.
p9_natural_gas_fired_combustion_turbine_1,1530.0,0,13772,.,.
p9_natural_gas_fired_combustion_turbine_1,1973.0,0,13772,.,.
p9_natural_gas_fired_combustion_turbine_1,1981.0,0,13772,.,.
p9_natural_gas_fired_combustion_turbine_1,1984.0,0,13772,.,.
p9_natural_gas_fired_combustion_turbine_1,1986.0,0,13772,.,.
p9_natural_gas_fired_combustion_turbine_1,1987.0,0,13772,.,.
p9_natural_gas_fired_combustion_turbine_1,1988.0,0,13772,.,.
p9_natural_gas_fired_combustion_turbine_1,1989.0,0,13772,.,.
p9_natural_gas_fired_combustion_turbine_1,1990.0,0,13772,.,.
p9_natural_gas_fired_combustion_turbine_1,1991.0,0,13772,.,.
p9_natural_gas_fired_combustion_turbine_1,1993.0,0,13772,.,.
p9_natural_gas_fired_combustion_turbine_1,1995.0,0,13772,.,.
p9_natural_gas_fired_combustion_turbine_1,1996.0,0,13772,.,.
p9_natural_gas_fired_combustion_turbine_1,2001.0,0,13772,.,.
p9_natural_gas_fired_combustion_turbine_1,2002.0,0,13772,.,.
p9_natural_gas_fired_combustion_turbine_1,2003.0,0,13772,.,.
p9_natural_gas_fired_combustion_turbine_1,2004.0,0,13772,.,.
p9_natural_gas_fired_combustion_turbine_1,2005.0,0,13772,.,.
p9_natural_gas_fired_combustion_turbine_1,2006.0,0,13772,.,.
p9_natural_gas_fired_combustion_turbine_1,2009.0,0,13772,.,.
p9_natural_gas_fired_combustion_turbine_1,2012.0,0,13772,.,.
p9_natural_gas_fired_combustion_turbine_1,2013.0,0,13772,.,.
p9_natural_gas_fired_combustion_turbine_1,2015.0,0,13772,.,.
p9_natural_gas_fired_combustion_turbine_1,2016.0,0,13772,.,.
p9_natural_gas_fired_combustion_turbine_1,2022.0,0,13772,.,.
p9_nuclear_1,1985.0,0,234257,.,.
p9_nuclear_1,1986.0,0,234257,.,.
p9_onshore_wind_turbine_1,1528.0,0,31648,.,.
p9_onshore_wind_turbine_1,1990.0,0,31648,.,.
p9_onshore_wind_turbine_1,2003.0,0,31648,.,.
p9_onshore_wind_turbine_1,2004.0,0,31648,.,.
p9_onshore_wind_turbine_1,2006.0,0,31648,.,.
p9_onshore_wind_turbine_1,2009.0,0,31648,.,.
p9_onshore_wind_turbine_1,2010.0,0,31648,.,.
p9_onshore_wind_turbine_1,2011.0,0,31648,.,.
p9_onshore_wind_turbine_1,2012.0,0,31648,.,.
p9_onshore_wind_turbine_1,2014.0,0,31648,.,.
p9_onshore_wind_turbine_1,2015.0,0,31648,.,.
p9_onshore_wind_turbine_1,2017.0,0,31648,.,.
p9_onshore_wind_turbine_1,2018.0,0,31648,.,.
p9_onshore_wind_turbine_1,2019.0,0,31648,.,.
p9_onshore_wind_turbine_1,2021.0,0,31648,.,.
p9_onshore_wind_turbine_1,2022.0,0,31648,.,.
p9_onshore_wind_turbine_1,2023.0,0,31648,.,.
p9_onshore_wind_turbine_1,2024.0,0,31648,.,.
p9_onshore_wind_turbine_1,2026.0,0,31648,.,.
p9_other_peaker_1,1528.0,0,25800,.,.
p9_other_peaker_1,1987.0,0,25800,.,.
p9_other_peaker_1,1989.0,0,25800,.,.
p9_other_peaker_1,1990.0,0,25800,.,.
p9_other_peaker_1,1995.0,0,25800,.,.
p9_other_peaker_1,1997.0,0,25800,.,.
p9_other_peaker_1,2001.0,0,25800,.,.
p9_other_peaker_1,2003.0,0,25800,.,.
p9_other_peaker_1,2004.0,0,25800,.,.
p9_other_peaker_1,2007.0,0,25800,.,.
p9_other_peaker_1,2008.0,0,25800,.,.
p9_other_peaker_1,2010.0,0,25800,.,.
p9_other_peaker_1,2011.0,0,25800,.,.
p9_other_peaker_1,2013.0,0,25800,.,.
p9_other_peaker_1,2014.0,0,25800,.,.
p9_other_peaker_1,2015.0,0,25800,.,.
p9_other_peaker_1,2016.0,0,25800,.,.
p9_other_peaker_1,2017.0,0,25800,.,.
p9_other_peaker_1,2018.0,0,25800,.,.
p9_other_peaker_1,2019.0,0,25800,.,.
p9_other_peaker_1,2020.0,0,25800,.,.
p9_other_peaker_1,2021.0,0,25800,.,.
p9_other_peaker_1,2022.0,0,25800,.,.
p9_other_peaker_1,2024.0,0,25800,.,.
p9_petroleum_liquids_1,1978.0,0,25800,.,.
p9_petroleum_liquids_1,1980.0,0,25800,.,.
p9_petroleum_liquids_1,1983.0,0,25800,.,.
p9_petroleum_liquids_1,1992.0,0,25800,.,.
p9_petroleum_liquids_1,2000.0,0,25800,.,.
p9_petroleum_liquids_1,2007.0,0,25800,.,.
p9_petroleum_liquids_1,2008.0,0,25800,.,.
p9_petroleum_liquids_1,2010.0,0,25800,.,.
p9_petroleum_liquids_1,2011.0,0,25800,.,.
p9_petroleum_liquids_1,2014.0,0,25800,.,.
p9_petroleum_liquids_1,2015.0,0,25800,.,.
p9_petroleum_liquids_1,2017.0,0,25800,.,.
p9_petroleum_liquids_1,2019.0,0,25800,.,.
p9_petroleum_liquids_1,2020.0,0,25800,.,.
p9_petroleum_liquids_1,2023.0,0,25800,.,.
p9_petroleum_liquids_1,2025.0,0,25800,.,.
p9_small_hydroelectric_1,1902.0,0,57025,.,.
p9_small_hydroelectric_1,1908.0,0,57025,.,.
p9_small_hydroelectric_1,1910.0,0,57025,.,.
p9_small_hydroelectric_1,1916.0,0,57025,.,.
p9_small_hydroelectric_1,1917.0,0,57025,.,.
p9_small_hydroelectric_1,1921.0,0,57025,.,.
p9_small_hydroelectric_1,1924.0,0,57025,.,.
p9_small_hydroelectric_1,1928.0,0,57025,.,.
p9_small_hydroelectric_1,1929.0,0,57025,.,.
p9_small_hydroelectric_1,1930.0,0,57025,.,.
p9_small_hydroelectric_1,1940.0,0,57025,.,.
p9_small_hydroelectric_1,1942.0,0,57025,.,.
p9_small_hydroelectric_1,1943.0,0,57025,.,.
p9_small_hydroelectric_1,1948.0,0,57025,.,.
p9_small_hydroelectric_1,1954.0,0,57025,.,.
p9_small_hydroelectric_1,1955.0,0,57025,.,.
p9_small_hydroelectric_1,1956.0,0,57025,.,.
p9_small_hydroelectric_1,1957.0,0,57025,.,.
p9_small_hydroelectric_1,1958.0,0,57025,.,.
p9_small_hydroelectric_1,1963.0,0,57025,.,.
p9_small_hydroelectric_1,1965.0,0,57025,.,.
p9_small_hydroelectric_1,1966.0,0,57025,.,.
p9_small_hydroelectric_1,1967.0,0,57025,.,.
p9_small_hydroelectric_1,1968.0,0,57025,.,.
p9_small_hydroelectric_1,1979.0,0,57025,.,.
p9_small_hydroelectric_1,1980.0,0,57025,.,.
p9_small_hydroelectric_1,1981.0,0,57025,.,.
p9_small_hydroelectric_1,1982.0,0,57025,.,.
p9_small_hydroelectric_1,1983.0,0,57025,.,.
p9_small_hydroelectric_1,1984.0,0,57025,.,.
p9_small_hydroelectric_1,1985.0,0,57025,.,.
p9_small_hydroelectric_1,1986.0,0,57025,.,.
p9_small_hydroelectric_1,1987.0,0,57025,.,.
p9_small_hydroelectric_1,1988.0,0,57025,.,.
p9_small_hydroelectric_1,1989.0,0,57025,.,.
p9_small_hydroelectric_1,1990.0,0,57025,.,.
p9_small_hydroelectric_1,1992.0,0,57025,.,.
p9_small_hydroelectric_1,1993.0,0,57025,.,.
p9_small_hydroelectric_1,2012.0,0,57025,.,.
p9_small_hydroelectric_1,2014.0,0,57025,.,.
p9_solar_photovoltaic_1,2007.0,0,21608,.,.
p9_solar_photovoltaic_1,2008.0,0,21608,.,.
p9_solar_photovoltaic_1,2009.0,0,21608,.,.
p9_solar_photovoltaic_1,2010.0,0,21608,.,.
p9_solar_photovoltaic_1,2011.0,0,21608,.,.
p9_solar_photovoltaic_1,2012.0,0,21608,.,.
p9_solar_photovoltaic_1,2013.0,0,21608,.,.
p9_solar_photovoltaic_1,2014.0,0,21608,.,.
p9_solar_photovoltaic_1,2015.0,0,21608,.,.
p9_solar_photovoltaic_1,2016.0,0,21608,.,.
p9_solar_photovoltaic_1,2017.0,0,21608,.,.
p9_solar_photovoltaic_1,2018.0,0,21608,.,.
p9_solar_photovoltaic_1,2019.0,0,21608,.,.
p9_solar_photovoltaic_1,2020.0,0,21608,.,.
p9_solar_photovoltaic_1,2021.0,0,21608,.,.
p9_solar_photovoltaic_1,2022.0,0,21608,.,.
p9_solar_photovoltaic_1,2023.0,0,21608,.,.
p9_solar_photovoltaic_1,2024.0,0,21608,.,.
p9_solar_photovoltaic_1,2025.0,0,21608,.,.
p9_solar_photovoltaic_1,2026.0,0,21608,.,.
p9_solar_photovoltaic_1,2027.0,0,21608,.,.
p9_waste_heat_1,1957.0,0,163666,.,.
p9_waste_heat_1,1958.0,0,163666,.,.
p9_waste_heat_1,1978.0,0,163666,.,.
p9_waste_heat_1,2019.0,0,163666,.,.
p90_biomass_1,1966.0,0,163666,.,.
p90_biomass_1,1967.0,0,163666,.,.
p90_biomass_1,1978.0,0,163666,.,.
p90_biomass_1,1980.0,0,163666,.,.
p90_biomass_1,1985.0,0,163666,.,.
p90_biomass_1,1990.0,0,163666,.,.
p90_biomass_1,1991.0,0,163666,.,.
p90_biomass_1,1996.0,0,163666,.,.
p90_biomass_1,2007.0,0,163666,.,.
p90_biomass_1,2017.0,0,163666,.,.
p90_conventional_hydroelectric_1,1915.0,0,57025,.,.
p90_conventional_hydroelectric_1,1920.0,0,57025,.,.
p90_conventional_hydroelectric_1,1926.0,0,57025,.,.
p90_conventional_hydroelectric_1,1927.0,0,57025,.,.
p90_conventional_hydroelectric_1,1928.0,0,57025,.,.
p90_conventional_hydroelectric_1,1929.0,0,57025,.,.
p90_conventional_hydroelectric_1,1931.0,0,57025,.,.
p90_conventional_hydroelectric_1,1949.0,0,57025,.,.
p90_conventional_hydroelectric_1,1951.0,0,57025,.,.
p90_conventional_hydroelectric_1,1952.0,0,57025,.,.
p90_conventional_hydroelectric_1,1955.0,0,57025,.,.
p90_conventional_hydroelectric_1,1956.0,0,57025,.,.
p90_conventional_hydroelectric_1,1961.0,0,57025,.,.
p90_conventional_hydroelectric_1,1962.0,0,57025,.,.
p90_conventional_hydroelectric_1,1964.0,0,57025,.,.
p90_conventional_hydroelectric_1,1966.0,0,57025,.,.
p90_conventional_hydroelectric_1,1967.0,0,57025,.,.
p90_conventional_hydroelectric_1,1968.0,0,57025,.,.
p90_conventional_hydroelectric_1,1975.0,0,57025,.,.
p90_conventional_hydroelectric_1,1983.0,0,57025,.,.
p90_conventional_hydroelectric_1,1985.0,0,57025,.,.
p90_conventional_hydroelectric_1,2005.0,0,57025,.,.
p90_conventional_steam_coal_1,1969.0,0,74918,.,.
p90_conventional_steam_coal_2,1971.0,0,74595.3333333333,.,.
p90_natural_gas_fired_combined_cycle_1,1993.0,0,15201,.,.
p90_natural_gas_fired_combined_cycle_1,1994.0,0,15201,.,.
p90_natural_gas_fired_combined_cycle_1,1999.0,0,15201,.,.
p90_natural_gas_fired_combined_cycle_1,2000.0,0,15201,.,.
p90_natural_gas_fired_combined_cycle_1,2001.0,0,15201,.,.
p90_natural_gas_fired_combined_cycle_1,2002.0,0,15201,.,.
p90_natural_gas_fired_combined_cycle_1,2003.0,0,15201,.,.
p90_natural_gas_fired_combined_cycle_1,2008.0,0,15201,.,.
p90_natural_gas_fired_combined_cycle_1,2023.0,0,15201,.,.
p90_natural_gas_fired_combined_cycle_2,1954.0,0,11863,.,.
p90_natural_gas_fired_combined_cycle_2,1959.0,0,11863,.,.
p90_natural_gas_fired_combined_cycle_2,1996.0,0,11863,.,.
p90_natural_gas_fired_combined_cycle_2,2002.0,0,11863,.,.
p90_natural_gas_fired_combined_cycle_2,2003.0,0,11863,.,.
p90_natural_gas_fired_combined_cycle_2,2010.0,0,11863,.,.
p90_natural_gas_fired_combustion_turbine_1,1998.0,0,11516,.,.
p90_natural_gas_fired_combustion_turbine_1,1999.0,0,11516,.,.
p90_natural_gas_fired_combustion_turbine_1,2003.0,0,11516,.,.
p90_natural_gas_fired_combustion_turbine_1,2004.0,0,11516,.,.
p90_natural_gas_fired_combustion_turbine_1,2010.0,0,11516,.,.
p90_natural_gas_fired_combustion_turbine_1,2019.0,0,11516,.,.
p90_nuclear_1,1977.0,0,234257,.,.
p90_nuclear_1,1981.0,0,234257,.,.
p90_other_peaker_1,1954.0,0,25800,.,.
p90_other_peaker_1,1964.0,0,25800,.,.
p90_other_peaker_1,1967.0,0,25800,.,.
p90_other_peaker_1,1982.0,0,25800,.,.
p90_other_peaker_1,2023.0,0,25800,.,.
p90_petroleum_liquids_1,1995.0,0,25800,.,.
p90_petroleum_liquids_1,1996.0,0,25800,.,.
p90_petroleum_liquids_1,1997.0,0,25800,.,.
p90_petroleum_liquids_1,2002.0,0,25800,.,.
p90_small_hydroelectric_1,1925.0,0,57025,.,.
p90_small_hydroelectric_1,1926.0,0,57025,.,.
p90_small_hydroelectric_1,1949.0,0,57025,.,.
p90_small_hydroelectric_1,1985.0,0,57025,.,.
p90_solar_photovoltaic_1,2017.0,0,21608,.,.
p90_solar_photovoltaic_1,2023.0,0,21608,.,.
p90_solar_photovoltaic_1,2025.0,0,21608,.,.
p90_solar_photovoltaic_1,2026.0,0,21608,.,.
p90_solar_photovoltaic_1,2027.0,0,21608,.,.
p91_batteries_1,2022.0,0,8671,0,0
p91_biomass_1,1981.0,0,163666,.,.
p91_biomass_1,2006.0,0,163666,.,.
p91_biomass_1,2010.0,0,163666,.,.
p91_natural_gas_fired_combined_cycle_1,2002.0,0,14947,.,.
p91_natural_gas_fired_combined_cycle_2,2003.0,0,19989,.,.
p91_natural_gas_fired_combustion_turbine_1,1525.0,0,11095,.,.
p91_natural_gas_fired_combustion_turbine_1,1993.0,0,11095,.,.
p91_natural_gas_fired_combustion_turbine_1,2021.0,0,11095,.,.
p91_other_peaker_1,1953.0,0,25800,.,.
p91_other_peaker_1,1957.0,0,25800,.,.
p91_other_peaker_1,1958.0,0,25800,.,.
p91_other_peaker_1,1959.0,0,25800,.,.
p91_other_peaker_1,1961.0,0,25800,.,.
p91_other_peaker_1,1970.0,0,25800,.,.
p91_other_peaker_1,1973.0,0,25800,.,.
p91_other_peaker_1,1988.0,0,25800,.,.
p91_other_peaker_1,2006.0,0,25800,.,.
p91_petroleum_liquids_1,1971.0,0,25800,.,.
p91_solar_photovoltaic_1,2017.0,0,21608,.,.
p91_solar_photovoltaic_1,2020.0,0,21608,.,.
p91_solar_photovoltaic_1,2021.0,0,21608,.,.
p91_solar_photovoltaic_1,2022.0,0,21608,.,.
p91_solar_photovoltaic_1,2023.0,0,21608,.,.
p91_solar_photovoltaic_1,2024.0,0,21608,.,.
p91_solar_photovoltaic_1,2025.0,0,21608,.,.
p91_solar_photovoltaic_1,2026.0,0,21608,.,.
p91_solar_photovoltaic_1,2027.0,0,21608,.,.
p92_batteries_1,2025.0,0,8671,0,0
p92_biomass_1,1985.0,0,163666,.,.
p92_biomass_1,1992.0,0,163666,.,.
p92_biomass_1,2005.0,0,163666,.,.
p92_biomass_1,2010.0,0,163666,.,.
p92_biomass_1,2011.0,0,163666,.,.
p92_biomass_1,2012.0,0,163666,.,.
p92_biomass_1,2013.0,0,163666,.,.
p92_conventional_hydroelectric_1,1916.0,0,57025,.,.
p92_conventional_hydroelectric_1,1924.0,0,57025,.,.
p92_conventional_hydroelectric_1,1930.0,0,57025,.,.
p92_conventional_hydroelectric_1,1936.0,0,57025,.,.
p92_conventional_hydroelectric_1,1938.0,0,57025,.,.
p92_conventional_hydroelectric_1,1940.0,0,57025,.,.
p92_conventional_hydroelectric_1,1942.0,0,57025,.,.
p92_conventional_hydroelectric_1,1943.0,0,57025,.,.
p92_conventional_hydroelectric_1,1944.0,0,57025,.,.
p92_conventional_hydroelectric_1,1948.0,0,57025,.,.
p92_conventional_hydroelectric_1,1949.0,0,57025,.,.
p92_conventional_hydroelectric_1,1950.0,0,57025,.,.
p92_conventional_hydroelectric_1,1951.0,0,57025,.,.
p92_conventional_hydroelectric_1,1952.0,0,57025,.,.
p92_conventional_hydroelectric_1,1953.0,0,57025,.,.
p92_conventional_hydroelectric_1,1954.0,0,57025,.,.
p92_conventional_hydroelectric_1,1957.0,0,57025,.,.
p92_conventional_hydroelectric_1,1958.0,0,57025,.,.
p92_conventional_hydroelectric_1,1964.0,0,57025,.,.
p92_conventional_hydroelectric_1,1968.0,0,57025,.,.
p92_conventional_hydroelectric_1,1972.0,0,57025,.,.
p92_conventional_hydroelectric_1,1973.0,0,57025,.,.
p92_conventional_hydroelectric_1,1974.0,0,57025,.,.
p92_conventional_hydroelectric_1,1987.0,0,57025,.,.
p92_conventional_steam_coal_2,1530.0,0,80038,.,.
p92_conventional_steam_coal_2,1531.0,0,80038,.,.
p92_conventional_steam_coal_2,1936.0,0,80038,.,.
p92_conventional_steam_coal_2,1939.0,0,80038,.,.
p92_conventional_steam_coal_2,1941.0,0,80038,.,.
p92_conventional_steam_coal_2,1946.0,0,80038,.,.
p92_conventional_steam_coal_2,1949.0,0,80038,.,.
p92_conventional_steam_coal_2,1953.0,0,80038,.,.
p92_conventional_steam_coal_2,1960.0,0,80038,.,.
p92_conventional_steam_coal_2,1962.0,0,80038,.,.
p92_conventional_steam_coal_2,1963.0,0,80038,.,.
p92_conventional_steam_coal_2,1982.0,0,80038,.,.
p92_conventional_steam_coal_2,1994.0,0,80038,.,.
p92_hydroelectric_pumped_storage_1,1978.0,0,57025,0,0
p92_hydroelectric_pumped_storage_1,1979.0,0,57025,0,0
p92_natural_gas_fired_combined_cycle_1,2010.0,0,11863,.,.
p92_natural_gas_fired_combined_cycle_1,2012.0,0,11863,.,.
p92_natural_gas_fired_combined_cycle_1,2026.0,0,11863,.,.
p92_natural_gas_fired_combined_cycle_2,2018.0,0,14947,.,.
p92_natural_gas_fired_combustion_turbine_1,1530.0,0,11020,.,.
p92_natural_gas_fired_combustion_turbine_1,1531.0,0,11020,.,.
p92_natural_gas_fired_combustion_turbine_1,1995.0,0,11020,.,.
p92_natural_gas_fired_combustion_turbine_1,1996.0,0,11020,.,.
p92_natural_gas_fired_combustion_turbine_1,1997.0,0,11020,.,.
p92_natural_gas_fired_combustion_turbine_1,1999.0,0,11020,.,.
p92_natural_gas_fired_combustion_turbine_1,2000.0,0,11020,.,.
p92_natural_gas_fired_combustion_turbine_1,2001.0,0,11020,.,.
p92_natural_gas_fired_combustion_turbine_1,2002.0,0,11020,.,.
p92_natural_gas_fired_combustion_turbine_1,2015.0,0,11020,.,.
p92_natural_gas_fired_combustion_turbine_1,2016.0,0,11020,.,.
p92_natural_gas_fired_combustion_turbine_1,2017.0,0,11020,.,.
p92_natural_gas_fired_combustion_turbine_1,2025.0,0,11020,.,.
p92_nuclear_1,1981.0,0,234257,.,.
p92_nuclear_1,1982.0,0,234257,.,.
p92_nuclear_1,1996.0,0,234257,.,.
p92_nuclear_1,2016.0,0,234257,.,.
p92_onshore_wind_turbine_1,2000.0,0,31648,.,.
p92_other_peaker_1,1966.0,0,25800,.,.
p92_other_peaker_1,1967.0,0,25800,.,.
p92_other_peaker_1,1969.0,0,25800,.,.
p92_other_peaker_1,1970.0,0,25800,.,.
p92_other_peaker_1,1972.0,0,25800,.,.
p92_other_peaker_1,1983.0,0,25800,.,.
p92_other_peaker_1,2006.0,0,25800,.,.
p92_petroleum_liquids_1,1525.0,0,25800,.,.
p92_petroleum_liquids_1,2000.0,0,25800,.,.
p92_petroleum_liquids_1,2001.0,0,25800,.,.
p92_petroleum_liquids_1,2002.0,0,25800,.,.
p92_small_hydroelectric_1,1912.0,0,57025,.,.
p92_small_hydroelectric_1,1913.0,0,57025,.,.
p92_small_hydroelectric_1,1914.0,0,57025,.,.
p92_small_hydroelectric_1,1926.0,0,57025,.,.
p92_small_hydroelectric_1,1943.0,0,57025,.,.
p92_small_hydroelectric_1,1950.0,0,57025,.,.
p92_small_hydroelectric_1,1970.0,0,57025,.,.
p92_solar_photovoltaic_1,2011.0,0,21608,.,.
p92_solar_photovoltaic_1,2012.0,0,21608,.,.
p92_solar_photovoltaic_1,2013.0,0,21608,.,.
p92_solar_photovoltaic_1,2014.0,0,21608,.,.
p92_solar_photovoltaic_1,2016.0,0,21608,.,.
p92_solar_photovoltaic_1,2017.0,0,21608,.,.
p92_solar_photovoltaic_1,2018.0,0,21608,.,.
p92_solar_photovoltaic_1,2019.0,0,21608,.,.
p92_solar_photovoltaic_1,2020.0,0,21608,.,.
p92_solar_photovoltaic_1,2021.0,0,21608,.,.
p92_solar_photovoltaic_1,2022.0,0,21608,.,.
p92_solar_photovoltaic_1,2023.0,0,21608,.,.
p92_solar_photovoltaic_1,2024.0,0,21608,.,.
p92_solar_photovoltaic_1,2025.0,0,21608,.,.
p92_solar_photovoltaic_1,2026.0,0,21608,.,.
p92_solar_photovoltaic_1,2027.0,0,21608,.,.
p92_solar_photovoltaic_1,2028.0,0,21608,.,.
p93_conventional_hydroelectric_1,1944.0,0,57025,.,.
p93_conventional_hydroelectric_1,1945.0,0,57025,.,.
p93_conventional_hydroelectric_1,1948.0,0,57025,.,.
p93_conventional_hydroelectric_1,1951.0,0,57025,.,.
p93_conventional_hydroelectric_1,1952.0,0,57025,.,.
p93_conventional_hydroelectric_1,1966.0,0,57025,.,.
p93_conventional_hydroelectric_1,2017.0,0,57025,.,.
p93_conventional_steam_coal_1,1965.0,0,95216,.,.
p93_conventional_steam_coal_1,1969.0,0,95216,.,.
p93_conventional_steam_coal_2,1533.0,0,77402,.,.
p93_conventional_steam_coal_2,1953.0,0,77402,.,.
p93_natural_gas_fired_combustion_turbine_1,2000.0,0,11347,.,.
p93_natural_gas_fired_combustion_turbine_1,2002.0,0,11347,.,.
p93_natural_gas_fired_combustion_turbine_1,2010.0,0,11347,.,.
p93_solar_photovoltaic_1,2023.0,0,21608,.,.
p93_solar_photovoltaic_1,2024.0,0,21608,.,.
p93_solar_photovoltaic_1,2025.0,0,21608,.,.
p93_solar_photovoltaic_1,2026.0,0,21608,.,.
p94_batteries_1,2020.0,0,8671,0,0
p94_batteries_1,2021.0,0,8671,0,0
p94_batteries_1,2022.0,0,8671,0,0
p94_batteries_1,2024.0,0,8671,0,0
p94_batteries_1,2026.0,0,8671,0,0
p94_biomass_1,1948.0,0,163666,.,.
p94_biomass_1,1954.0,0,163666,.,.
p94_biomass_1,1957.0,0,163666,.,.
p94_biomass_1,1960.0,0,163666,.,.
p94_biomass_1,1961.0,0,163666,.,.
p94_biomass_1,1965.0,0,163666,.,.
p94_biomass_1,1968.0,0,163666,.,.
p94_biomass_1,1971.0,0,163666,.,.
p94_biomass_1,1977.0,0,163666,.,.
p94_biomass_1,1980.0,0,163666,.,.
p94_biomass_1,1981.0,0,163666,.,.
p94_biomass_1,1982.0,0,163666,.,.
p94_biomass_1,1989.0,0,163666,.,.
p94_biomass_1,1991.0,0,163666,.,.
p94_biomass_1,1996.0,0,163666,.,.
p94_biomass_1,1998.0,0,163666,.,.
p94_biomass_1,2003.0,0,163666,.,.
p94_biomass_1,2004.0,0,163666,.,.
p94_biomass_1,2005.0,0,163666,.,.
p94_biomass_1,2009.0,0,163666,.,.
p94_biomass_1,2011.0,0,163666,.,.
p94_biomass_1,2013.0,0,163666,.,.
p94_biomass_1,2014.0,0,163666,.,.
p94_biomass_1,2015.0,0,163666,.,.
p94_biomass_1,2016.0,0,163666,.,.
p94_biomass_1,2017.0,0,163666,.,.
p94_biomass_1,2019.0,0,163666,.,.
p94_biomass_1,2021.0,0,163666,.,.
p94_conventional_hydroelectric_1,1913.0,0,57025,.,.
p94_conventional_hydroelectric_1,1914.0,0,57025,.,.
p94_conventional_hydroelectric_1,1920.0,0,57025,.,.
p94_conventional_hydroelectric_1,1921.0,0,57025,.,.
p94_conventional_hydroelectric_1,1923.0,0,57025,.,.
p94_conventional_hydroelectric_1,1924.0,0,57025,.,.
p94_conventional_hydroelectric_1,1944.0,0,57025,.,.
p94_conventional_hydroelectric_1,1946.0,0,57025,.,.
p94_conventional_hydroelectric_1,1950.0,0,57025,.,.
p94_conventional_hydroelectric_1,1953.0,0,57025,.,.
p94_conventional_hydroelectric_1,1959.0,0,57025,.,.
p94_conventional_hydroelectric_1,1962.0,0,57025,.,.
p94_conventional_hydroelectric_1,1963.0,0,57025,.,.
p94_conventional_hydroelectric_1,1975.0,0,57025,.,.
p94_conventional_hydroelectric_1,1980.0,0,57025,.,.
p94_conventional_hydroelectric_1,1983.0,0,57025,.,.
p94_conventional_hydroelectric_1,1985.0,0,57025,.,.
p94_conventional_hydroelectric_1,1986.0,0,57025,.,.
p94_conventional_hydroelectric_1,2003.0,0,57025,.,.
p94_conventional_hydroelectric_1,2004.0,0,57025,.,.
p94_conventional_hydroelectric_1,2005.0,0,57025,.,.
p94_conventional_steam_coal_1,1971.0,0,80315,.,.
p94_conventional_steam_coal_1,1972.0,0,80315,.,.
p94_conventional_steam_coal_1,1974.0,0,80315,.,.
p94_conventional_steam_coal_1,1975.0,0,80315,.,.
p94_conventional_steam_coal_1,1988.0,0,80315,.,.
p94_conventional_steam_coal_1,1989.0,0,80315,.,.
p94_conventional_steam_coal_2,1982.0,0,78524,.,.
p94_conventional_steam_coal_2,1984.0,0,78524,.,.
p94_conventional_steam_coal_2,1987.0,0,78524,.,.
p94_hydroelectric_pumped_storage_1,1977.0,0,57025,0,0
p94_hydroelectric_pumped_storage_1,1979.0,0,57025,0,0
p94_hydroelectric_pumped_storage_1,1980.0,0,57025,0,0
p94_hydroelectric_pumped_storage_1,1995.0,0,57025,0,0
p94_hydroelectric_pumped_storage_1,2002.0,0,57025,0,0
p94_natural_gas_fired_combined_cycle_1,1997.0,0,19989,.,.
p94_natural_gas_fired_combined_cycle_1,1998.0,0,19989,.,.
p94_natural_gas_fired_combined_cycle_2,2002.0,0,14343,.,.
p94_natural_gas_fired_combined_cycle_2,2003.0,0,14343,.,.
p94_natural_gas_fired_combined_cycle_2,2004.0,0,14343,.,.
p94_natural_gas_fired_combined_cycle_2,2005.0,0,14343,.,.
p94_natural_gas_fired_combined_cycle_2,2011.0,0,14343,.,.
p94_natural_gas_fired_combined_cycle_2,2012.0,0,14343,.,.
p94_natural_gas_fired_combustion_turbine_1,1957.0,0,11102,.,.
p94_natural_gas_fired_combustion_turbine_1,1986.0,0,11102,.,.
p94_natural_gas_fired_combustion_turbine_1,1989.0,0,11102,.,.
p94_natural_gas_fired_combustion_turbine_1,1994.0,0,11102,.,.
p94_natural_gas_fired_combustion_turbine_1,1995.0,0,11102,.,.
p94_natural_gas_fired_combustion_turbine_1,1999.0,0,11102,.,.
p94_natural_gas_fired_combustion_turbine_1,2000.0,0,11102,.,.
p94_natural_gas_fired_combustion_turbine_1,2001.0,0,11102,.,.
p94_natural_gas_fired_combustion_turbine_1,2002.0,0,11102,.,.
p94_natural_gas_fired_combustion_turbine_1,2003.0,0,11102,.,.
p94_natural_gas_fired_combustion_turbine_1,2022.0,0,11102,.,.
p94_natural_gas_fired_combustion_turbine_1,2023.0,0,11102,.,.
p94_nuclear_1,1975.0,0,234257,.,.
p94_nuclear_1,1979.0,0,234257,.,.
p94_nuclear_1,1987.0,0,234257,.,.
p94_nuclear_1,1989.0,0,234257,.,.
p94_nuclear_1,2023.0,0,234257,.,.
p94_nuclear_1,2024.0,0,234257,.,.
p94_other_peaker_1,1946.0,0,25800,.,.
p94_other_peaker_1,1948.0,0,25800,.,.
p94_other_peaker_1,1957.0,0,25800,.,.
p94_other_peaker_1,1959.0,0,25800,.,.
p94_other_peaker_1,1965.0,0,25800,.,.
p94_other_peaker_1,1974.0,0,25800,.,.
p94_other_peaker_1,1981.0,0,25800,.,.
p94_other_peaker_1,1985.0,0,25800,.,.
p94_other_peaker_1,2012.0,0,25800,.,.
p94_other_peaker_1,2020.0,0,25800,.,.
p94_petroleum_liquids_1,1964.0,0,25800,.,.
p94_petroleum_liquids_1,1971.0,0,25800,.,.
p94_petroleum_liquids_1,1972.0,0,25800,.,.
p94_petroleum_liquids_1,1973.0,0,25800,.,.
p94_petroleum_liquids_1,1981.0,0,25800,.,.
p94_petroleum_liquids_1,1982.0,0,25800,.,.
p94_petroleum_liquids_1,1984.0,0,25800,.,.
p94_petroleum_liquids_1,1986.0,0,25800,.,.
p94_petroleum_liquids_1,1988.0,0,25800,.,.
p94_petroleum_liquids_1,1989.0,0,25800,.,.
p94_petroleum_liquids_1,1991.0,0,25800,.,.
p94_petroleum_liquids_1,1992.0,0,25800,.,.
p94_petroleum_liquids_1,1993.0,0,25800,.,.
p94_petroleum_liquids_1,1994.0,0,25800,.,.
p94_petroleum_liquids_1,1995.0,0,25800,.,.
p94_petroleum_liquids_1,1996.0,0,25800,.,.
p94_petroleum_liquids_1,1998.0,0,25800,.,.
p94_petroleum_liquids_1,2000.0,0,25800,.,.
p94_petroleum_liquids_1,2001.0,0,25800,.,.
p94_petroleum_liquids_1,2003.0,0,25800,.,.
p94_petroleum_liquids_1,2004.0,0,25800,.,.
p94_petroleum_liquids_1,2005.0,0,25800,.,.
p94_petroleum_liquids_1,2007.0,0,25800,.,.
p94_petroleum_liquids_1,2008.0,0,25800,.,.
p94_petroleum_liquids_1,2013.0,0,25800,.,.
p94_petroleum_liquids_1,2015.0,0,25800,.,.
p94_petroleum_liquids_1,2020.0,0,25800,.,.
p94_petroleum_liquids_1,2023.0,0,25800,.,.
p94_petroleum_liquids_1,2024.0,0,25800,.,.
p94_petroleum_liquids_1,2025.0,0,25800,.,.
p94_small_hydroelectric_1,1903.0,0,57025,.,.
p94_small_hydroelectric_1,1911.0,0,57025,.,.
p94_small_hydroelectric_1,1914.0,0,57025,.,.
p94_small_hydroelectric_1,1916.0,0,57025,.,.
p94_small_hydroelectric_1,1917.0,0,57025,.,.
p94_small_hydroelectric_1,1921.0,0,57025,.,.
p94_small_hydroelectric_1,1925.0,0,57025,.,.
p94_small_hydroelectric_1,1926.0,0,57025,.,.
p94_small_hydroelectric_1,1927.0,0,57025,.,.
p94_small_hydroelectric_1,1930.0,0,57025,.,.
p94_small_hydroelectric_1,1931.0,0,57025,.,.
p94_small_hydroelectric_1,1956.0,0,57025,.,.
p94_small_hydroelectric_1,1986.0,0,57025,.,.
p94_small_hydroelectric_1,1988.0,0,57025,.,.
p94_small_hydroelectric_1,1993.0,0,57025,.,.
p94_small_hydroelectric_1,1994.0,0,57025,.,.
p94_solar_photovoltaic_1,2011.0,0,21608,.,.
p94_solar_photovoltaic_1,2012.0,0,21608,.,.
p94_solar_photovoltaic_1,2013.0,0,21608,.,.
p94_solar_photovoltaic_1,2014.0,0,21608,.,.
p94_solar_photovoltaic_1,2015.0,0,21608,.,.
p94_solar_photovoltaic_1,2016.0,0,21608,.,.
p94_solar_photovoltaic_1,2017.0,0,21608,.,.
p94_solar_photovoltaic_1,2018.0,0,21608,.,.
p94_solar_photovoltaic_1,2019.0,0,21608,.,.
p94_solar_photovoltaic_1,2020.0,0,21608,.,.
p94_solar_photovoltaic_1,2021.0,0,21608,.,.
p94_solar_photovoltaic_1,2022.0,0,21608,.,.
p94_solar_photovoltaic_1,2023.0,0,21608,.,.
p94_solar_photovoltaic_1,2024.0,0,21608,.,.
p94_solar_photovoltaic_1,2025.0,0,21608,.,.
p94_solar_photovoltaic_1,2026.0,0,21608,.,.
p94_solar_photovoltaic_1,2027.0,0,21608,.,.
p95_biomass_1,2009.0,0,163666,.,.
p95_biomass_1,2011.0,0,163666,.,.
p95_biomass_1,2015.0,0,163666,.,.
p95_conventional_hydroelectric_1,1916.0,0,57025,.,.
p95_conventional_hydroelectric_1,1923.0,0,57025,.,.
p95_conventional_hydroelectric_1,1925.0,0,57025,.,.
p95_conventional_hydroelectric_1,1926.0,0,57025,.,.
p95_conventional_hydroelectric_1,1971.0,0,57025,.,.
p95_hydroelectric_pumped_storage_1,1973.0,0,57025,0,0
p95_hydroelectric_pumped_storage_1,1975.0,0,57025,0,0
p95_hydroelectric_pumped_storage_1,1991.0,0,57025,0,0
p95_natural_gas_fired_combined_cycle_1,2001.0,0,11863,.,.
p95_natural_gas_fired_combined_cycle_1,2018.0,0,11863,.,.
p95_natural_gas_fired_combined_cycle_2,1998.0,0,19989,.,.
p95_natural_gas_fired_combustion_turbine_1,2000.0,0,11141,.,.
p95_natural_gas_fired_combustion_turbine_1,2001.0,0,11141,.,.
p95_natural_gas_fired_combustion_turbine_1,2002.0,0,11141,.,.
p95_natural_gas_fired_combustion_turbine_1,2003.0,0,11141,.,.
p95_natural_gas_fired_combustion_turbine_1,2004.0,0,11141,.,.
p95_natural_gas_fired_combustion_turbine_1,2007.0,0,11141,.,.
p95_natural_gas_fired_combustion_turbine_1,2019.0,0,11141,.,.
p95_nuclear_1,1973.0,0,234257,.,.
p95_nuclear_1,1974.0,0,234257,.,.
p95_nuclear_1,1985.0,0,234257,.,.
p95_nuclear_1,1986.0,0,234257,.,.
p95_petroleum_liquids_1,1978.0,0,25800,.,.
p95_petroleum_liquids_1,2003.0,0,25800,.,.
p95_petroleum_liquids_1,2004.0,0,25800,.,.
p95_petroleum_liquids_1,2006.0,0,25800,.,.
p95_petroleum_liquids_1,2008.0,0,25800,.,.
p95_petroleum_liquids_1,2011.0,0,25800,.,.
p95_petroleum_liquids_1,2013.0,0,25800,.,.
p95_small_hydroelectric_1,1905.0,0,57025,.,.
p95_small_hydroelectric_1,1907.0,0,57025,.,.
p95_small_hydroelectric_1,1908.0,0,57025,.,.
p95_small_hydroelectric_1,1910.0,0,57025,.,.
p95_small_hydroelectric_1,1921.0,0,57025,.,.
p95_small_hydroelectric_1,1926.0,0,57025,.,.
p95_small_hydroelectric_1,1927.0,0,57025,.,.
p95_small_hydroelectric_1,1939.0,0,57025,.,.
p95_small_hydroelectric_1,1941.0,0,57025,.,.
p95_small_hydroelectric_1,1985.0,0,57025,.,.
p95_small_hydroelectric_1,1986.0,0,57025,.,.
p95_small_hydroelectric_1,1987.0,0,57025,.,.
p95_small_hydroelectric_1,1989.0,0,57025,.,.
p95_small_hydroelectric_1,1996.0,0,57025,.,.
p95_small_hydroelectric_1,2013.0,0,57025,.,.
p95_solar_photovoltaic_1,2012.0,0,21608,.,.
p95_solar_photovoltaic_1,2018.0,0,21608,.,.
p95_solar_photovoltaic_1,2019.0,0,21608,.,.
p95_solar_photovoltaic_1,2020.0,0,21608,.,.
p95_solar_photovoltaic_1,2021.0,0,21608,.,.
p95_solar_photovoltaic_1,2022.0,0,21608,.,.
p95_solar_photovoltaic_1,2023.0,0,21608,.,.
p95_solar_photovoltaic_1,2026.0,0,21608,.,.
p96_batteries_1,2018.0,0,8671,0,0
p96_batteries_1,2023.0,0,8671,0,0
p96_batteries_1,2024.0,0,8671,0,0
p96_batteries_1,2026.0,0,8671,0,0
p96_biomass_1,1947.0,0,163666,.,.
p96_biomass_1,1957.0,0,163666,.,.
p96_biomass_1,1963.0,0,163666,.,.
p96_biomass_1,1966.0,0,163666,.,.
p96_biomass_1,1974.0,0,163666,.,.
p96_biomass_1,1984.0,0,163666,.,.
p96_biomass_1,1987.0,0,163666,.,.
p96_biomass_1,1991.0,0,163666,.,.
p96_biomass_1,2001.0,0,163666,.,.
p96_biomass_1,2003.0,0,163666,.,.
p96_biomass_1,2005.0,0,163666,.,.
p96_biomass_1,2006.0,0,163666,.,.
p96_biomass_1,2010.0,0,163666,.,.
p96_biomass_1,2011.0,0,163666,.,.
p96_biomass_1,2012.0,0,163666,.,.
p96_biomass_1,2013.0,0,163666,.,.
p96_conventional_hydroelectric_1,1919.0,0,57025,.,.
p96_conventional_hydroelectric_1,1930.0,0,57025,.,.
p96_conventional_hydroelectric_1,1942.0,0,57025,.,.
p96_conventional_hydroelectric_1,1953.0,0,57025,.,.
p96_conventional_hydroelectric_1,1954.0,0,57025,.,.
p96_conventional_hydroelectric_1,1971.0,0,57025,.,.
p96_conventional_hydroelectric_1,1985.0,0,57025,.,.
p96_conventional_steam_coal_1,1530.0,0,73424.3333333333,.,.
p96_conventional_steam_coal_2,1970.0,0,78114,.,.
p96_conventional_steam_coal_2,1971.0,0,78114,.,.
p96_conventional_steam_coal_2,1973.0,0,78114,.,.
p96_conventional_steam_coal_2,1984.0,0,78114,.,.
p96_conventional_steam_coal_2,1995.0,0,78114,.,.
p96_conventional_steam_coal_2,2007.0,0,78114,.,.
p96_conventional_steam_coal_2,2008.0,0,78114,.,.
p96_hydroelectric_pumped_storage_1,1978.0,0,57025,0,0
p96_natural_gas_fired_combined_cycle_1,2004.0,0,11863,.,.
p96_natural_gas_fired_combined_cycle_2,1953.0,0,19989,.,.
p96_natural_gas_fired_combined_cycle_2,1954.0,0,19989,.,.
p96_natural_gas_fired_combined_cycle_2,2002.0,0,19989,.,.
p96_natural_gas_fired_combustion_turbine_1,1969.0,0,13764,.,.
p96_natural_gas_fired_combustion_turbine_1,1991.0,0,13764,.,.
p96_natural_gas_fired_combustion_turbine_1,1994.0,0,13764,.,.
p96_natural_gas_fired_combustion_turbine_1,1997.0,0,13764,.,.
p96_natural_gas_fired_combustion_turbine_1,1999.0,0,13764,.,.
p96_natural_gas_fired_combustion_turbine_1,2005.0,0,13764,.,.
p96_natural_gas_fired_combustion_turbine_1,2009.0,0,13764,.,.
p96_natural_gas_fired_combustion_turbine_1,2010.0,0,13764,.,.
p96_natural_gas_fired_combustion_turbine_1,2014.0,0,13764,.,.
p96_natural_gas_fired_combustion_turbine_1,2019.0,0,13764,.,.
p96_natural_gas_fired_combustion_turbine_1,2024.0,0,13764,.,.
p96_natural_gas_fired_combustion_turbine_1,2025.0,0,13764,.,.
p96_nuclear_1,1971.0,0,370406,.,.
p96_nuclear_1,1984.0,0,370406,.,.
p96_other_peaker_1,1950.0,0,25800,.,.
p96_other_peaker_1,1955.0,0,25800,.,.
p96_other_peaker_1,1958.0,0,25800,.,.
p96_other_peaker_1,1996.0,0,25800,.,.
p96_petroleum_liquids_1,1525.0,0,25800,.,.
p96_petroleum_liquids_1,1533.0,0,25800,.,.
p96_petroleum_liquids_1,1987.0,0,25800,.,.
p96_petroleum_liquids_1,2019.0,0,25800,.,.
p96_small_hydroelectric_1,1914.0,0,57025,.,.
p96_small_hydroelectric_1,1921.0,0,57025,.,.
p96_small_hydroelectric_1,1950.0,0,57025,.,.
p96_solar_photovoltaic_1,2013.0,0,21608,.,.
p96_solar_photovoltaic_1,2016.0,0,21608,.,.
p96_solar_photovoltaic_1,2017.0,0,21608,.,.
p96_solar_photovoltaic_1,2018.0,0,21608,.,.
p96_solar_photovoltaic_1,2019.0,0,21608,.,.
p96_solar_photovoltaic_1,2020.0,0,21608,.,.
p96_solar_photovoltaic_1,2021.0,0,21608,.,.
p96_solar_photovoltaic_1,2022.0,0,21608,.,.
p96_solar_photovoltaic_1,2023.0,0,21608,.,.
p96_solar_photovoltaic_1,2024.0,0,21608,.,.
p96_solar_photovoltaic_1,2025.0,0,21608,.,.
p96_solar_photovoltaic_1,2026.0,0,21608,.,.
p96_solar_photovoltaic_1,2027.0,0,21608,.,.
p96_solar_photovoltaic_1,2028.0,0,21608,.,.
p96_solar_photovoltaic_1,2029.0,0,21608,.,.
p97_batteries_1,2020.0,0,8671,0,0
p97_batteries_1,2021.0,0,8671,0,0
p97_batteries_1,2022.0,0,8671,0,0
p97_batteries_1,2024.0,0,8671,0,0
p97_biomass_1,1985.0,0,163666,.,.
p97_biomass_1,1993.0,0,163666,.,.
p97_biomass_1,1999.0,0,163666,.,.
p97_biomass_1,2008.0,0,163666,.,.
p97_biomass_1,2010.0,0,163666,.,.
p97_biomass_1,2011.0,0,163666,.,.
p97_biomass_1,2012.0,0,163666,.,.
p97_biomass_1,2013.0,0,163666,.,.
p97_biomass_1,2014.0,0,163666,.,.
p97_biomass_1,2015.0,0,163666,.,.
p97_biomass_1,2016.0,0,163666,.,.
p97_biomass_1,2017.0,0,163666,.,.
p97_biomass_1,2019.0,0,163666,.,.
p97_conventional_hydroelectric_1,1919.0,0,57025,.,.
p97_conventional_hydroelectric_1,1922.0,0,57025,.,.
p97_conventional_hydroelectric_1,1923.0,0,57025,.,.
p97_conventional_hydroelectric_1,1925.0,0,57025,.,.
p97_conventional_hydroelectric_1,1927.0,0,57025,.,.
p97_conventional_hydroelectric_1,1928.0,0,57025,.,.
p97_conventional_hydroelectric_1,1930.0,0,57025,.,.
p97_conventional_hydroelectric_1,1940.0,0,57025,.,.
p97_conventional_hydroelectric_1,1942.0,0,57025,.,.
p97_conventional_hydroelectric_1,1945.0,0,57025,.,.
p97_conventional_hydroelectric_1,1949.0,0,57025,.,.
p97_conventional_hydroelectric_1,1954.0,0,57025,.,.
p97_conventional_hydroelectric_1,1962.0,0,57025,.,.
p97_conventional_hydroelectric_1,1963.0,0,57025,.,.
p97_conventional_hydroelectric_1,1967.0,0,57025,.,.
p97_conventional_hydroelectric_1,1997.0,0,57025,.,.
p97_conventional_hydroelectric_1,2000.0,0,57025,.,.
p97_conventional_hydroelectric_1,2011.0,0,57025,.,.
p97_conventional_hydroelectric_1,2012.0,0,57025,.,.
p97_conventional_hydroelectric_1,2013.0,0,57025,.,.
p97_conventional_steam_coal_1,1972.0,0,70508,.,.
p97_conventional_steam_coal_1,2012.0,0,70508,.,.
p97_conventional_steam_coal_2,1534.0,0,74913.3333333333,.,.
p97_conventional_steam_coal_2,1970.0,0,74913.3333333333,.,.
p97_hydroelectric_pumped_storage_1,1956.0,0,57025,0,0
p97_natural_gas_fired_combined_cycle_1,2003.0,0,11863,.,.
p97_natural_gas_fired_combined_cycle_1,2018.0,0,11863,.,.
p97_natural_gas_fired_combined_cycle_1,2019.0,0,11863,.,.
p97_natural_gas_fired_combined_cycle_1,2020.0,0,11863,.,.
p97_natural_gas_fired_combined_cycle_2,2011.0,0,11863,.,.
p97_natural_gas_fired_combined_cycle_2,2012.0,0,11863,.,.
p97_natural_gas_fired_combustion_turbine_1,1995.0,0,10919,.,.
p97_natural_gas_fired_combustion_turbine_1,1996.0,0,10919,.,.
p97_natural_gas_fired_combustion_turbine_1,1999.0,0,10919,.,.
p97_natural_gas_fired_combustion_turbine_1,2000.0,0,10919,.,.
p97_natural_gas_fired_combustion_turbine_1,2001.0,0,10919,.,.
p97_natural_gas_fired_combustion_turbine_1,2007.0,0,10919,.,.
p97_natural_gas_fired_combustion_turbine_1,2010.0,0,10919,.,.
p97_natural_gas_fired_combustion_turbine_1,2012.0,0,10919,.,.
p97_natural_gas_fired_combustion_turbine_1,2024.0,0,10919,.,.
p97_nuclear_1,1981.0,0,234257,.,.
p97_nuclear_1,1984.0,0,234257,.,.
p97_other_peaker_1,1534.0,0,25800,.,.
p97_other_peaker_1,1969.0,0,25800,.,.
p97_other_peaker_1,1974.0,0,25800,.,.
p97_other_peaker_1,1975.0,0,25800,.,.
p97_petroleum_liquids_1,1967.0,0,25800,.,.
p97_petroleum_liquids_1,1972.0,0,25800,.,.
p97_petroleum_liquids_1,1975.0,0,25800,.,.
p97_petroleum_liquids_1,1988.0,0,25800,.,.
p97_petroleum_liquids_1,1995.0,0,25800,.,.
p97_petroleum_liquids_1,1999.0,0,25800,.,.
p97_petroleum_liquids_1,2002.0,0,25800,.,.
p97_petroleum_liquids_1,2004.0,0,25800,.,.
p97_petroleum_liquids_1,2005.0,0,25800,.,.
p97_petroleum_liquids_1,2006.0,0,25800,.,.
p97_petroleum_liquids_1,2007.0,0,25800,.,.
p97_petroleum_liquids_1,2008.0,0,25800,.,.
p97_petroleum_liquids_1,2009.0,0,25800,.,.
p97_petroleum_liquids_1,2012.0,0,25800,.,.
p97_petroleum_liquids_1,2013.0,0,25800,.,.
p97_small_hydroelectric_1,1915.0,0,57025,.,.
p97_small_hydroelectric_1,1924.0,0,57025,.,.
p97_small_hydroelectric_1,1925.0,0,57025,.,.
p97_small_hydroelectric_1,1927.0,0,57025,.,.
p97_small_hydroelectric_1,1934.0,0,57025,.,.
p97_small_hydroelectric_1,1941.0,0,57025,.,.
p97_small_hydroelectric_1,1943.0,0,57025,.,.
p97_small_hydroelectric_1,1949.0,0,57025,.,.
p97_small_hydroelectric_1,1950.0,0,57025,.,.
p97_small_hydroelectric_1,1952.0,0,57025,.,.
p97_small_hydroelectric_1,1954.0,0,57025,.,.
p97_small_hydroelectric_1,1955.0,0,57025,.,.
p97_small_hydroelectric_1,1985.0,0,57025,.,.
p97_small_hydroelectric_1,1988.0,0,57025,.,.
p97_small_hydroelectric_1,1996.0,0,57025,.,.
p97_solar_photovoltaic_1,1552.0,0,21608,.,.
p97_solar_photovoltaic_1,2010.0,0,21608,.,.
p97_solar_photovoltaic_1,2011.0,0,21608,.,.
p97_solar_photovoltaic_1,2012.0,0,21608,.,.
p97_solar_photovoltaic_1,2013.0,0,21608,.,.
p97_solar_photovoltaic_1,2014.0,0,21608,.,.
p97_solar_photovoltaic_1,2015.0,0,21608,.,.
p97_solar_photovoltaic_1,2016.0,0,21608,.,.
p97_solar_photovoltaic_1,2017.0,0,21608,.,.
p97_solar_photovoltaic_1,2018.0,0,21608,.,.
p97_solar_photovoltaic_1,2019.0,0,21608,.,.
p97_solar_photovoltaic_1,2020.0,0,21608,.,.
p97_solar_photovoltaic_1,2021.0,0,21608,.,.
p97_solar_photovoltaic_1,2022.0,0,21608,.,.
p97_solar_photovoltaic_1,2023.0,0,21608,.,.
p97_solar_photovoltaic_1,2024.0,0,21608,.,.
p97_solar_photovoltaic_1,2025.0,0,21608,.,.
p97_solar_photovoltaic_1,2027.0,0,21608,.,.
p98_batteries_1,2017.0,0,8671,0,0
p98_batteries_1,2019.0,0,8671,0,0
p98_batteries_1,2021.0,0,8671,0,0
p98_batteries_1,2022.0,0,8671,0,0
p98_batteries_1,2023.0,0,8671,0,0
p98_batteries_1,2024.0,0,8671,0,0
p98_batteries_1,2025.0,0,8671,0,0
p98_biomass_1,1966.0,0,163666,.,.
p98_biomass_1,1976.0,0,163666,.,.
p98_biomass_1,1978.0,0,163666,.,.
p98_biomass_1,1985.0,0,163666,.,.
p98_biomass_1,1990.0,0,163666,.,.
p98_biomass_1,2007.0,0,163666,.,.
p98_biomass_1,2010.0,0,163666,.,.
p98_biomass_1,2011.0,0,163666,.,.
p98_biomass_1,2013.0,0,163666,.,.
p98_biomass_1,2014.0,0,163666,.,.
p98_biomass_1,2019.0,0,163666,.,.
p98_biomass_1,2024.0,0,163666,.,.
p98_conventional_hydroelectric_1,1917.0,0,57025,.,.
p98_conventional_hydroelectric_1,1924.0,0,57025,.,.
p98_conventional_hydroelectric_1,1928.0,0,57025,.,.
p98_conventional_hydroelectric_1,1955.0,0,57025,.,.
p98_conventional_hydroelectric_1,1960.0,0,57025,.,.
p98_conventional_hydroelectric_1,1963.0,0,57025,.,.
p98_conventional_steam_coal_1,1966.0,0,80420,.,.
p98_conventional_steam_coal_1,1968.0,0,80420,.,.
p98_conventional_steam_coal_1,1973.0,0,80420,.,.
p98_conventional_steam_coal_1,1980.0,0,80420,.,.
p98_conventional_steam_coal_2,1983.0,0,79699,.,.
p98_natural_gas_fired_combined_cycle_1,2002.0,0,14213,.,.
p98_natural_gas_fired_combined_cycle_1,2011.0,0,14213,.,.
p98_natural_gas_fired_combined_cycle_1,2012.0,0,14213,.,.
p98_natural_gas_fired_combined_cycle_1,2013.0,0,14213,.,.
p98_natural_gas_fired_combined_cycle_2,1976.0,0,19989,.,.
p98_natural_gas_fired_combined_cycle_2,1978.0,0,19989,.,.
p98_natural_gas_fired_combined_cycle_2,1979.0,0,19989,.,.
p98_natural_gas_fired_combined_cycle_2,1980.0,0,19989,.,.
p98_natural_gas_fired_combined_cycle_2,1988.0,0,19989,.,.
p98_natural_gas_fired_combustion_turbine_1,1976.0,0,11329,.,.
p98_natural_gas_fired_combustion_turbine_1,1977.0,0,11329,.,.
p98_natural_gas_fired_combustion_turbine_1,1992.0,0,11329,.,.
p98_natural_gas_fired_combustion_turbine_1,1993.0,0,11329,.,.
p98_natural_gas_fired_combustion_turbine_1,1995.0,0,11329,.,.
p98_natural_gas_fired_combustion_turbine_1,2000.0,0,11329,.,.
p98_natural_gas_fired_combustion_turbine_1,2001.0,0,11329,.,.
p98_natural_gas_fired_combustion_turbine_1,2002.0,0,11329,.,.
p98_natural_gas_fired_combustion_turbine_1,2007.0,0,11329,.,.
p98_natural_gas_fired_combustion_turbine_1,2009.0,0,11329,.,.
p98_natural_gas_fired_combustion_turbine_1,2012.0,0,11329,.,.
p98_natural_gas_fired_combustion_turbine_1,2013.0,0,11329,.,.
p98_natural_gas_fired_combustion_turbine_1,2017.0,0,11329,.,.
p98_natural_gas_fired_combustion_turbine_1,2019.0,0,11329,.,.
p98_nuclear_1,1975.0,0,268357,.,.
p98_nuclear_1,1977.0,0,268357,.,.
p98_nuclear_1,1987.0,0,268357,.,.
p98_onshore_wind_turbine_1,2016.0,0,31648,.,.
p98_onshore_wind_turbine_1,2024.0,0,31648,.,.
p98_other_peaker_1,1991.0,0,25800,.,.
p98_other_peaker_1,2019.0,0,25800,.,.
p98_petroleum_liquids_1,1970.0,0,25800,.,.
p98_petroleum_liquids_1,1971.0,0,25800,.,.
p98_petroleum_liquids_1,1987.0,0,25800,.,.
p98_petroleum_liquids_1,1988.0,0,25800,.,.
p98_petroleum_liquids_1,1990.0,0,25800,.,.
p98_petroleum_liquids_1,1991.0,0,25800,.,.
p98_petroleum_liquids_1,1993.0,0,25800,.,.
p98_petroleum_liquids_1,1994.0,0,25800,.,.
p98_petroleum_liquids_1,1995.0,0,25800,.,.
p98_petroleum_liquids_1,1998.0,0,25800,.,.
p98_petroleum_liquids_1,1999.0,0,25800,.,.
p98_petroleum_liquids_1,2002.0,0,25800,.,.
p98_petroleum_liquids_1,2003.0,0,25800,.,.
p98_petroleum_liquids_1,2007.0,0,25800,.,.
p98_petroleum_liquids_1,2013.0,0,25800,.,.
p98_petroleum_liquids_1,2014.0,0,25800,.,.
p98_petroleum_liquids_1,2015.0,0,25800,.,.
p98_small_hydroelectric_1,1912.0,0,57025,.,.
p98_small_hydroelectric_1,1981.0,0,57025,.,.
p98_small_hydroelectric_1,1982.0,0,57025,.,.
p98_small_hydroelectric_1,2012.0,0,57025,.,.
p98_solar_photovoltaic_1,1525.0,0,21608,.,.
p98_solar_photovoltaic_1,1526.0,0,21608,.,.
p98_solar_photovoltaic_1,1530.0,0,21608,.,.
p98_solar_photovoltaic_1,1549.0,0,21608,.,.
p98_solar_photovoltaic_1,1556.0,0,21608,.,.
p98_solar_photovoltaic_1,1561.0,0,21608,.,.
p98_solar_photovoltaic_1,2008.0,0,21608,.,.
p98_solar_photovoltaic_1,2011.0,0,21608,.,.
p98_solar_photovoltaic_1,2012.0,0,21608,.,.
p98_solar_photovoltaic_1,2013.0,0,21608,.,.
p98_solar_photovoltaic_1,2014.0,0,21608,.,.
p98_solar_photovoltaic_1,2015.0,0,21608,.,.
p98_solar_photovoltaic_1,2016.0,0,21608,.,.
p98_solar_photovoltaic_1,2017.0,0,21608,.,.
p98_solar_photovoltaic_1,2018.0,0,21608,.,.
p98_solar_photovoltaic_1,2019.0,0,21608,.,.
p98_solar_photovoltaic_1,2020.0,0,21608,.,.
p98_solar_photovoltaic_1,2021.0,0,21608,.,.
p98_solar_photovoltaic_1,2022.0,0,21608,.,.
p98_solar_photovoltaic_1,2023.0,0,21608,.,.
p98_solar_photovoltaic_1,2024.0,0,21608,.,.
p98_solar_photovoltaic_1,2025.0,0,21608,.,.
p98_solar_photovoltaic_1,2026.0,0,21608,.,.
p98_solar_photovoltaic_1,2027.0,0,21608,.,.
p98_waste_heat_1,1984.0,0,163666,.,.
p99_batteries_1,2022.0,0,8671,0,0
p99_batteries_1,2023.0,0,8671,0,0
p99_batteries_1,2026.0,0,8671,0,0
p99_biomass_1,1528.0,0,163666,.,.
p99_biomass_1,1960.0,0,163666,.,.
p99_biomass_1,1968.0,0,163666,.,.
p99_biomass_1,1977.0,0,163666,.,.
p99_biomass_1,1980.0,0,163666,.,.
p99_biomass_1,1985.0,0,163666,.,.
p99_biomass_1,1987.0,0,163666,.,.
p99_biomass_1,1990.0,0,163666,.,.
p99_biomass_1,1993.0,0,163666,.,.
p99_biomass_1,2001.0,0,163666,.,.
p99_biomass_1,2003.0,0,163666,.,.
p99_biomass_1,2007.0,0,163666,.,.
p99_biomass_1,2008.0,0,163666,.,.
p99_biomass_1,2009.0,0,163666,.,.
p99_biomass_1,2010.0,0,163666,.,.
p99_biomass_1,2011.0,0,163666,.,.
p99_biomass_1,2012.0,0,163666,.,.
p99_biomass_1,2013.0,0,163666,.,.
p99_conventional_hydroelectric_1,1952.0,0,57025,.,.
p99_conventional_hydroelectric_1,1953.0,0,57025,.,.
p99_conventional_hydroelectric_1,1964.0,0,57025,.,.
p99_conventional_hydroelectric_1,1965.0,0,57025,.,.
p99_conventional_hydroelectric_1,1966.0,0,57025,.,.
p99_conventional_hydroelectric_1,2008.0,0,57025,.,.
p99_conventional_steam_coal_1,1951.0,0,79915.3333333333,.,.
p99_conventional_steam_coal_1,1989.0,0,79915.3333333333,.,.
p99_conventional_steam_coal_2,1995.0,0,77683,.,.
p99_conventional_steam_coal_2,1996.0,0,77683,.,.
p99_hydroelectric_pumped_storage_1,1965.0,0,57025,0,0
p99_hydroelectric_pumped_storage_1,1966.0,0,57025,0,0
p99_hydroelectric_pumped_storage_1,1980.0,0,57025,0,0
p99_hydroelectric_pumped_storage_1,1985.0,0,57025,0,0
p99_natural_gas_fired_combined_cycle_1,1990.0,0,19989,.,.
p99_natural_gas_fired_combined_cycle_1,1992.0,0,19989,.,.
p99_natural_gas_fired_combined_cycle_1,1994.0,0,19989,.,.
p99_natural_gas_fired_combined_cycle_2,1991.0,0,13268,.,.
p99_natural_gas_fired_combined_cycle_2,1992.0,0,13268,.,.
p99_natural_gas_fired_combined_cycle_2,2003.0,0,13268,.,.
p99_natural_gas_fired_combined_cycle_2,2004.0,0,13268,.,.
p99_natural_gas_fired_combined_cycle_2,2011.0,0,13268,.,.
p99_natural_gas_fired_combined_cycle_2,2016.0,0,13268,.,.
p99_natural_gas_fired_combined_cycle_2,2017.0,0,13268,.,.
p99_natural_gas_fired_combined_cycle_2,2018.0,0,13268,.,.
p99_natural_gas_fired_combustion_turbine_1,1989.0,0,10888,.,.
p99_natural_gas_fired_combustion_turbine_1,1990.0,0,10888,.,.
p99_natural_gas_fired_combustion_turbine_1,1992.0,0,10888,.,.
p99_natural_gas_fired_combustion_turbine_1,2000.0,0,10888,.,.
p99_natural_gas_fired_combustion_turbine_1,2001.0,0,10888,.,.
p99_natural_gas_fired_combustion_turbine_1,2003.0,0,10888,.,.
p99_natural_gas_fired_combustion_turbine_1,2004.0,0,10888,.,.
p99_natural_gas_fired_combustion_turbine_1,2008.0,0,10888,.,.
p99_natural_gas_fired_combustion_turbine_1,2009.0,0,10888,.,.
p99_natural_gas_fired_combustion_turbine_1,2018.0,0,10888,.,.
p99_nuclear_1,1972.0,0,234257,.,.
p99_nuclear_1,1973.0,0,234257,.,.
p99_nuclear_1,1978.0,0,234257,.,.
p99_nuclear_1,1980.0,0,234257,.,.
p99_offshore_wind_turbine_1,2021.0,0,85265,.,.
p99_offshore_wind_turbine_1,2027.0,0,85265,.,.
p99_other_peaker_1,1982.0,0,25800,.,.
p99_other_peaker_1,1983.0,0,25800,.,.
p99_other_peaker_1,1992.0,0,25800,.,.
p99_other_peaker_1,2021.0,0,25800,.,.
p99_other_peaker_1,2024.0,0,25800,.,.
p99_other_peaker_1,2025.0,0,25800,.,.
p99_petroleum_liquids_1,1967.0,0,25800,.,.
p99_petroleum_liquids_1,1968.0,0,25800,.,.
p99_petroleum_liquids_1,1969.0,0,25800,.,.
p99_petroleum_liquids_1,1970.0,0,25800,.,.
p99_petroleum_liquids_1,1971.0,0,25800,.,.
p99_petroleum_liquids_1,1987.0,0,25800,.,.
p99_petroleum_liquids_1,1990.0,0,25800,.,.
p99_petroleum_liquids_1,1992.0,0,25800,.,.
p99_petroleum_liquids_1,1993.0,0,25800,.,.
p99_petroleum_liquids_1,1996.0,0,25800,.,.
p99_petroleum_liquids_1,1997.0,0,25800,.,.
p99_petroleum_liquids_1,1999.0,0,25800,.,.
p99_petroleum_liquids_1,2002.0,0,25800,.,.
p99_petroleum_liquids_1,2004.0,0,25800,.,.
p99_petroleum_liquids_1,2005.0,0,25800,.,.
p99_petroleum_liquids_1,2006.0,0,25800,.,.
p99_petroleum_liquids_1,2007.0,0,25800,.,.
p99_petroleum_liquids_1,2009.0,0,25800,.,.
p99_petroleum_liquids_1,2016.0,0,25800,.,.
p99_small_hydroelectric_1,1915.0,0,57025,.,.
p99_small_hydroelectric_1,1986.0,0,57025,.,.
p99_small_hydroelectric_1,1987.0,0,57025,.,.
p99_small_hydroelectric_1,1990.0,0,57025,.,.
p99_small_hydroelectric_1,1993.0,0,57025,.,.
p99_solar_photovoltaic_1,2016.0,0,21608,.,.
p99_solar_photovoltaic_1,2017.0,0,21608,.,.
p99_solar_photovoltaic_1,2018.0,0,21608,.,.
p99_solar_photovoltaic_1,2019.0,0,21608,.,.
p99_solar_photovoltaic_1,2020.0,0,21608,.,.
p99_solar_photovoltaic_1,2021.0,0,21608,.,.
p99_solar_photovoltaic_1,2022.0,0,21608,.,.
p99_solar_photovoltaic_1,2023.0,0,21608,.,.
p99_solar_photovoltaic_1,2024.0,0,21608,.,.
p99_solar_photovoltaic_1,2025.0,0,21608,.,.
p99_solar_photovoltaic_1,2026.0,0,21608,.,.
p99_solar_photovoltaic_1,2027.0,0,21608,.,.
p1_distributed_generation_1,2028.0,0,0,.,.
p1_distributed_generation_1,2030.0,0,0,.,.
p1_distributed_generation_1,2033.0,0,0,.,.
p10_distributed_generation_1,1535.0,0,0,.,.
p10_distributed_generation_1,2028.0,0,0,.,.
p10_distributed_generation_1,2030.0,0,0,.,.
p100_distributed_generation_1,2028.0,0,0,.,.
p100_distributed_generation_1,2030.0,0,0,.,.
p100_distributed_generation_1,2033.0,0,0,.,.
p101_distributed_generation_1,2028.0,0,0,.,.
p101_distributed_generation_1,2030.0,0,0,.,.
p101_distributed_generation_1,2034.0,0,0,.,.
p102_distributed_generation_1,2028.0,0,0,.,.
p102_distributed_generation_1,2030.0,0,0,.,.
p102_distributed_generation_1,2034.0,0,0,.,.
p103_distributed_generation_1,1535.0,0,0,.,.
p103_distributed_generation_1,2028.0,0,0,.,.
p103_distributed_generation_1,2030.0,0,0,.,.
p104_distributed_generation_1,2028.0,0,0,.,.
p105_distributed_generation_1,2028.0,0,0,.,.
p105_distributed_generation_1,2030.0,0,0,.,.
p105_distributed_generation_1,2034.0,0,0,.,.
p106_distributed_generation_1,2028.0,0,0,.,.
p106_distributed_generation_1,2030.0,0,0,.,.
p106_distributed_generation_1,2034.0,0,0,.,.
p107_distributed_generation_1,2028.0,0,0,.,.
p107_distributed_generation_1,2030.0,0,0,.,.
p107_distributed_generation_1,2034.0,0,0,.,.
p108_distributed_generation_1,2028.0,0,0,.,.
p108_distributed_generation_1,2030.0,0,0,.,.
p108_distributed_generation_1,2034.0,0,0,.,.
p109_distributed_generation_1,2028.0,0,0,.,.
p109_distributed_generation_1,2034.0,0,0,.,.
p11_distributed_generation_1,1535.0,0,0,.,.
p11_distributed_generation_1,2028.0,0,0,.,.
p11_distributed_generation_1,2030.0,0,0,.,.
p110_distributed_generation_1,2028.0,0,0,.,.
p111_distributed_generation_1,2028.0,0,0,.,.
p111_distributed_generation_1,2030.0,0,0,.,.
p111_distributed_generation_1,2034.0,0,0,.,.
p112_distributed_generation_1,2028.0,0,0,.,.
p112_distributed_generation_1,2030.0,0,0,.,.
p112_distributed_generation_1,2034.0,0,0,.,.
p113_distributed_generation_1,2028.0,0,0,.,.
p113_distributed_generation_1,2030.0,0,0,.,.
p113_distributed_generation_1,2034.0,0,0,.,.
p114_distributed_generation_1,2028.0,0,0,.,.
p114_distributed_generation_1,2030.0,0,0,.,.
p114_distributed_generation_1,2034.0,0,0,.,.
p115_distributed_generation_1,2028.0,0,0,.,.
p115_distributed_generation_1,2030.0,0,0,.,.
p115_distributed_generation_1,2034.0,0,0,.,.
p116_distributed_generation_1,2028.0,0,0,.,.
p116_distributed_generation_1,2030.0,0,0,.,.
p116_distributed_generation_1,2034.0,0,0,.,.
p117_distributed_generation_1,2028.0,0,0,.,.
p117_distributed_generation_1,2030.0,0,0,.,.
p117_distributed_generation_1,2034.0,0,0,.,.
p118_distributed_generation_1,2028.0,0,0,.,.
p118_distributed_generation_1,2030.0,0,0,.,.
p118_distributed_generation_1,2034.0,0,0,.,.
p119_distributed_generation_1,2028.0,0,0,.,.
p119_distributed_generation_1,2030.0,0,0,.,.
p119_distributed_generation_1,2034.0,0,0,.,.
p12_distributed_generation_1,2028.0,0,0,.,.
p12_distributed_generation_1,2030.0,0,0,.,.
p12_distributed_generation_1,2033.0,0,0,.,.
p120_distributed_generation_1,2028.0,0,0,.,.
p120_distributed_generation_1,2030.0,0,0,.,.
p120_distributed_generation_1,2034.0,0,0,.,.
p121_distributed_generation_1,2028.0,0,0,.,.
p121_distributed_generation_1,2030.0,0,0,.,.
p121_distributed_generation_1,2034.0,0,0,.,.
p122_distributed_generation_1,2028.0,0,0,.,.
p122_distributed_generation_1,2030.0,0,0,.,.
p122_distributed_generation_1,2034.0,0,0,.,.
p123_distributed_generation_1,2028.0,0,0,.,.
p123_distributed_generation_1,2030.0,0,0,.,.
p123_distributed_generation_1,2033.0,0,0,.,.
p125_distributed_generation_1,2028.0,0,0,.,.
p125_distributed_generation_1,2030.0,0,0,.,.
p125_distributed_generation_1,2034.0,0,0,.,.
p126_distributed_generation_1,2028.0,0,0,.,.
p126_distributed_generation_1,2030.0,0,0,.,.
p126_distributed_generation_1,2033.0,0,0,.,.
p127_distributed_generation_1,2028.0,0,0,.,.
p127_distributed_generation_1,2030.0,0,0,.,.
p127_distributed_generation_1,2034.0,0,0,.,.
p128_distributed_generation_1,1535.0,0,0,.,.
p128_distributed_generation_1,2028.0,0,0,.,.
p128_distributed_generation_1,2030.0,0,0,.,.
p129_distributed_generation_1,1535.0,0,0,.,.
p129_distributed_generation_1,2028.0,0,0,.,.
p129_distributed_generation_1,2030.0,0,0,.,.
p13_distributed_generation_1,1535.0,0,0,.,.
p13_distributed_generation_1,2028.0,0,0,.,.
p13_distributed_generation_1,2030.0,0,0,.,.
p130_distributed_generation_1,1535.0,0,0,.,.
p130_distributed_generation_1,2028.0,0,0,.,.
p130_distributed_generation_1,2030.0,0,0,.,.
p131_distributed_generation_1,2028.0,0,0,.,.
p131_distributed_generation_1,2030.0,0,0,.,.
p131_distributed_generation_1,2034.0,0,0,.,.
p132_distributed_generation_1,1535.0,0,0,.,.
p132_distributed_generation_1,2028.0,0,0,.,.
p132_distributed_generation_1,2030.0,0,0,.,.
p133_distributed_generation_1,2028.0,0,0,.,.
p133_distributed_generation_1,2030.0,0,0,.,.
p133_distributed_generation_1,2033.0,0,0,.,.
p134_distributed_generation_1,1535.0,0,0,.,.
p134_distributed_generation_1,2028.0,0,0,.,.
p134_distributed_generation_1,2030.0,0,0,.,.
p14_distributed_generation_1,1535.0,0,0,.,.
p14_distributed_generation_1,2028.0,0,0,.,.
p14_distributed_generation_1,2030.0,0,0,.,.
p15_distributed_generation_1,1535.0,0,0,.,.
p15_distributed_generation_1,2028.0,0,0,.,.
p15_distributed_generation_1,2030.0,0,0,.,.
p16_distributed_generation_1,1535.0,0,0,.,.
p16_distributed_generation_1,2028.0,0,0,.,.
p16_distributed_generation_1,2030.0,0,0,.,.
p17_distributed_generation_1,2028.0,0,0,.,.
p17_distributed_generation_1,2030.0,0,0,.,.
p17_distributed_generation_1,2034.0,0,0,.,.
p18_distributed_generation_1,2028.0,0,0,.,.
p18_distributed_generation_1,2030.0,0,0,.,.
p18_distributed_generation_1,2034.0,0,0,.,.
p19_distributed_generation_1,2028.0,0,0,.,.
p2_distributed_generation_1,2028.0,0,0,.,.
p2_distributed_generation_1,2030.0,0,0,.,.
p20_distributed_generation_1,2028.0,0,0,.,.
p20_distributed_generation_1,2030.0,0,0,.,.
p20_distributed_generation_1,2033.0,0,0,.,.
p21_distributed_generation_1,2028.0,0,0,.,.
p21_distributed_generation_1,2030.0,0,0,.,.
p21_distributed_generation_1,2034.0,0,0,.,.
p23_distributed_generation_1,2028.0,0,0,.,.
p23_distributed_generation_1,2030.0,0,0,.,.
p23_distributed_generation_1,2034.0,0,0,.,.
p24_distributed_generation_1,2028.0,0,0,.,.
p24_distributed_generation_1,2030.0,0,0,.,.
p24_distributed_generation_1,2033.0,0,0,.,.
p25_distributed_generation_1,1535.0,0,0,.,.
p25_distributed_generation_1,2028.0,0,0,.,.
p25_distributed_generation_1,2030.0,0,0,.,.
p26_distributed_generation_1,1535.0,0,0,.,.
p26_distributed_generation_1,2028.0,0,0,.,.
p26_distributed_generation_1,2030.0,0,0,.,.
p27_distributed_generation_1,1535.0,0,0,.,.
p27_distributed_generation_1,2028.0,0,0,.,.
p27_distributed_generation_1,2030.0,0,0,.,.
p28_distributed_generation_1,1535.0,0,0,.,.
p28_distributed_generation_1,2028.0,0,0,.,.
p28_distributed_generation_1,2030.0,0,0,.,.
p29_distributed_generation_1,2028.0,0,0,.,.
p29_distributed_generation_1,2034.0,0,0,.,.
p3_distributed_generation_1,2028.0,0,0,.,.
p3_distributed_generation_1,2030.0,0,0,.,.
p3_distributed_generation_1,2034.0,0,0,.,.
p30_distributed_generation_1,1535.0,0,0,.,.
p30_distributed_generation_1,2028.0,0,0,.,.
p30_distributed_generation_1,2030.0,0,0,.,.
p31_distributed_generation_1,1535.0,0,0,.,.
p31_distributed_generation_1,2028.0,0,0,.,.
p31_distributed_generation_1,2030.0,0,0,.,.
p32_distributed_generation_1,2028.0,0,0,.,.
p32_distributed_generation_1,2030.0,0,0,.,.
p32_distributed_generation_1,2034.0,0,0,.,.
p33_distributed_generation_1,2028.0,0,0,.,.
p33_distributed_generation_1,2030.0,0,0,.,.
p33_distributed_generation_1,2034.0,0,0,.,.
p34_distributed_generation_1,2028.0,0,0,.,.
p34_distributed_generation_1,2030.0,0,0,.,.
p34_distributed_generation_1,2033.0,0,0,.,.
p35_distributed_generation_1,2028.0,0,0,.,.
p35_distributed_generation_1,2034.0,0,0,.,.
p37_distributed_generation_1,2028.0,0,0,.,.
p37_distributed_generation_1,2034.0,0,0,.,.
p38_distributed_generation_1,2028.0,0,0,.,.
p38_distributed_generation_1,2034.0,0,0,.,.
p39_distributed_generation_1,2028.0,0,0,.,.
p39_distributed_generation_1,2030.0,0,0,.,.
p39_distributed_generation_1,2034.0,0,0,.,.
p4_distributed_generation_1,2028.0,0,0,.,.
p4_distributed_generation_1,2030.0,0,0,.,.
p40_distributed_generation_1,2028.0,0,0,.,.
p40_distributed_generation_1,2030.0,0,0,.,.
p40_distributed_generation_1,2034.0,0,0,.,.
p41_distributed_generation_1,2028.0,0,0,.,.
p41_distributed_generation_1,2030.0,0,0,.,.
p41_distributed_generation_1,2034.0,0,0,.,.
p42_distributed_generation_1,2028.0,0,0,.,.
p42_distributed_generation_1,2030.0,0,0,.,.
p42_distributed_generation_1,2034.0,0,0,.,.
p43_distributed_generation_1,2028.0,0,0,.,.
p43_distributed_generation_1,2030.0,0,0,.,.
p43_distributed_generation_1,2034.0,0,0,.,.
p44_distributed_generation_1,2028.0,0,0,.,.
p44_distributed_generation_1,2030.0,0,0,.,.
p44_distributed_generation_1,2034.0,0,0,.,.
p45_distributed_generation_1,2028.0,0,0,.,.
p45_distributed_generation_1,2030.0,0,0,.,.
p45_distributed_generation_1,2034.0,0,0,.,.
p46_distributed_generation_1,2028.0,0,0,.,.
p46_distributed_generation_1,2030.0,0,0,.,.
p46_distributed_generation_1,2034.0,0,0,.,.
p47_distributed_generation_1,1535.0,0,0,.,.
p47_distributed_generation_1,2028.0,0,0,.,.
p47_distributed_generation_1,2030.0,0,0,.,.
p48_distributed_generation_1,2028.0,0,0,.,.
p48_distributed_generation_1,2030.0,0,0,.,.
p48_distributed_generation_1,2034.0,0,0,.,.
p49_distributed_generation_1,2028.0,0,0,.,.
p49_distributed_generation_1,2030.0,0,0,.,.
p49_distributed_generation_1,2034.0,0,0,.,.
p5_distributed_generation_1,2028.0,0,0,.,.
p5_distributed_generation_1,2030.0,0,0,.,.
p5_distributed_generation_1,2034.0,0,0,.,.
p50_distributed_generation_1,2028.0,0,0,.,.
p50_distributed_generation_1,2030.0,0,0,.,.
p50_distributed_generation_1,2034.0,0,0,.,.
p51_distributed_generation_1,2028.0,0,0,.,.
p51_distributed_generation_1,2030.0,0,0,.,.
p51_distributed_generation_1,2034.0,0,0,.,.
p52_distributed_generation_1,2028.0,0,0,.,.
p52_distributed_generation_1,2030.0,0,0,.,.
p52_distributed_generation_1,2034.0,0,0,.,.
p53_distributed_generation_1,2028.0,0,0,.,.
p53_distributed_generation_1,2030.0,0,0,.,.
p53_distributed_generation_1,2034.0,0,0,.,.
p54_distributed_generation_1,2028.0,0,0,.,.
p54_distributed_generation_1,2030.0,0,0,.,.
p54_distributed_generation_1,2034.0,0,0,.,.
p55_distributed_generation_1,2028.0,0,0,.,.
p55_distributed_generation_1,2030.0,0,0,.,.
p55_distributed_generation_1,2034.0,0,0,.,.
p56_distributed_generation_1,2028.0,0,0,.,.
p56_distributed_generation_1,2030.0,0,0,.,.
p56_distributed_generation_1,2034.0,0,0,.,.
p57_distributed_generation_1,2028.0,0,0,.,.
p57_distributed_generation_1,2030.0,0,0,.,.
p57_distributed_generation_1,2034.0,0,0,.,.
p58_distributed_generation_1,2028.0,0,0,.,.
p58_distributed_generation_1,2030.0,0,0,.,.
p58_distributed_generation_1,2034.0,0,0,.,.
p59_distributed_generation_1,2028.0,0,0,.,.
p59_distributed_generation_1,2030.0,0,0,.,.
p59_distributed_generation_1,2034.0,0,0,.,.
p6_distributed_generation_1,2028.0,0,0,.,.
p6_distributed_generation_1,2030.0,0,0,.,.
p6_distributed_generation_1,2034.0,0,0,.,.
p60_distributed_generation_1,2028.0,0,0,.,.
p60_distributed_generation_1,2030.0,0,0,.,.
p60_distributed_generation_1,2034.0,0,0,.,.
p61_distributed_generation_1,2028.0,0,0,.,.
p61_distributed_generation_1,2030.0,0,0,.,.
p61_distributed_generation_1,2034.0,0,0,.,.
p62_distributed_generation_1,2028.0,0,0,.,.
p62_distributed_generation_1,2030.0,0,0,.,.
p62_distributed_generation_1,2034.0,0,0,.,.
p63_distributed_generation_1,2028.0,0,0,.,.
p63_distributed_generation_1,2030.0,0,0,.,.
p63_distributed_generation_1,2034.0,0,0,.,.
p64_distributed_generation_1,2028.0,0,0,.,.
p64_distributed_generation_1,2030.0,0,0,.,.
p64_distributed_generation_1,2034.0,0,0,.,.
p65_distributed_generation_1,2028.0,0,0,.,.
p65_distributed_generation_1,2030.0,0,0,.,.
p65_distributed_generation_1,2034.0,0,0,.,.
p66_distributed_generation_1,2028.0,0,0,.,.
p66_distributed_generation_1,2030.0,0,0,.,.
p66_distributed_generation_1,2034.0,0,0,.,.
p67_distributed_generation_1,2028.0,0,0,.,.
p67_distributed_generation_1,2030.0,0,0,.,.
p67_distributed_generation_1,2034.0,0,0,.,.
p68_distributed_generation_1,2028.0,0,0,.,.
p68_distributed_generation_1,2030.0,0,0,.,.
p68_distributed_generation_1,2034.0,0,0,.,.
p69_distributed_generation_1,2028.0,0,0,.,.
p69_distributed_generation_1,2030.0,0,0,.,.
p69_distributed_generation_1,2034.0,0,0,.,.
p7_distributed_generation_1,2028.0,0,0,.,.
p7_distributed_generation_1,2030.0,0,0,.,.
p7_distributed_generation_1,2034.0,0,0,.,.
p70_distributed_generation_1,2028.0,0,0,.,.
p70_distributed_generation_1,2030.0,0,0,.,.
p70_distributed_generation_1,2034.0,0,0,.,.
p72_distributed_generation_1,2028.0,0,0,.,.
p72_distributed_generation_1,2030.0,0,0,.,.
p72_distributed_generation_1,2034.0,0,0,.,.
p74_distributed_generation_1,1535.0,0,0,.,.
p74_distributed_generation_1,2028.0,0,0,.,.
p75_distributed_generation_1,2028.0,0,0,.,.
p75_distributed_generation_1,2030.0,0,0,.,.
p75_distributed_generation_1,2034.0,0,0,.,.
p76_distributed_generation_1,2028.0,0,0,.,.
p76_distributed_generation_1,2030.0,0,0,.,.
p76_distributed_generation_1,2034.0,0,0,.,.
p77_distributed_generation_1,2028.0,0,0,.,.
p77_distributed_generation_1,2030.0,0,0,.,.
p77_distributed_generation_1,2034.0,0,0,.,.
p78_distributed_generation_1,2028.0,0,0,.,.
p78_distributed_generation_1,2030.0,0,0,.,.
p78_distributed_generation_1,2034.0,0,0,.,.
p79_distributed_generation_1,2028.0,0,0,.,.
p79_distributed_generation_1,2030.0,0,0,.,.
p79_distributed_generation_1,2034.0,0,0,.,.
p8_distributed_generation_1,1535.0,0,0,.,.
p8_distributed_generation_1,2028.0,0,0,.,.
p8_distributed_generation_1,2030.0,0,0,.,.
p80_distributed_generation_1,2028.0,0,0,.,.
p80_distributed_generation_1,2030.0,0,0,.,.
p80_distributed_generation_1,2034.0,0,0,.,.
p81_distributed_generation_1,2028.0,0,0,.,.
p81_distributed_generation_1,2030.0,0,0,.,.
p81_distributed_generation_1,2033.0,0,0,.,.
p82_distributed_generation_1,2028.0,0,0,.,.
p83_distributed_generation_1,2028.0,0,0,.,.
p83_distributed_generation_1,2030.0,0,0,.,.
p84_distributed_generation_1,2028.0,0,0,.,.
p84_distributed_generation_1,2030.0,0,0,.,.
p84_distributed_generation_1,2034.0,0,0,.,.
p85_distributed_generation_1,2028.0,0,0,.,.
p85_distributed_generation_1,2030.0,0,0,.,.
p85_distributed_generation_1,2034.0,0,0,.,.
p86_distributed_generation_1,2028.0,0,0,.,.
p86_distributed_generation_1,2030.0,0,0,.,.
p86_distributed_generation_1,2034.0,0,0,.,.
p87_distributed_generation_1,2028.0,0,0,.,.
p87_distributed_generation_1,2030.0,0,0,.,.
p87_distributed_generation_1,2034.0,0,0,.,.
p88_distributed_generation_1,2028.0,0,0,.,.
p88_distributed_generation_1,2030.0,0,0,.,.
p88_distributed_generation_1,2034.0,0,0,.,.
p89_distributed_generation_1,2028.0,0,0,.,.
p89_distributed_generation_1,2030.0,0,0,.,.
p89_distributed_generation_1,2034.0,0,0,.,.
p9_distributed_generation_1,1535.0,0,0,.,.
p9_distributed_generation_1,2028.0,0,0,.,.
p9_distributed_generation_1,2030.0,0,0,.,.
p90_distributed_generation_1,2028.0,0,0,.,.
p90_distributed_generation_1,2030.0,0,0,.,.
p90_distributed_generation_1,2034.0,0,0,.,.
p91_distributed_generation_1,2028.0,0,0,.,.
p91_distributed_generation_1,2030.0,0,0,.,.
p91_distributed_generation_1,2034.0,0,0,.,.
p92_distributed_generation_1,2028.0,0,0,.,.
p92_distributed_generation_1,2030.0,0,0,.,.
p92_distributed_generation_1,2034.0,0,0,.,.
p93_distributed_generation_1,1535.0,0,0,.,.
p93_distributed_generation_1,2028.0,0,0,.,.
p94_distributed_generation_1,2028.0,0,0,.,.
p94_distributed_generation_1,2030.0,0,0,.,.
p94_distributed_generation_1,2034.0,0,0,.,.
p95_distributed_generation_1,2028.0,0,0,.,.
p95_distributed_generation_1,2030.0,0,0,.,.
p95_distributed_generation_1,2033.0,0,0,.,.
p96_distributed_generation_1,2028.0,0,0,.,.
p96_distributed_generation_1,2030.0,0,0,.,.
p96_distributed_generation_1,2033.0,0,0,.,.
p97_distributed_generation_1,2028.0,0,0,.,.
p97_distributed_generation_1,2030.0,0,0,.,.
p97_distributed_generation_1,2034.0,0,0,.,.
p98_distributed_generation_1,2028.0,0,0,.,.
p98_distributed_generation_1,2030.0,0,0,.,.
p98_distributed_generation_1,2034.0,0,0,.,.
p99_distributed_generation_1,2028.0,0,0,.,.
p99_distributed_generation_1,2030.0,0,0,.,.
p99_distributed_generation_1,2033.0,0,0,.,.
p1_load_growth_1,2028.0,0,0,.,.
p1_load_growth_1,2030.0,0,0,.,.
p1_load_growth_1,2033.0,0,0,.,.
p100_load_growth_1,2028.0,0,0,.,.
p100_load_growth_1,2030.0,0,0,.,.
p100_load_growth_1,2033.0,0,0,.,.
p101_load_growth_1,2028.0,0,0,.,.
p101_load_growth_1,2030.0,0,0,.,.
p101_load_growth_1,2034.0,0,0,.,.
p102_load_growth_1,2028.0,0,0,.,.
p102_load_growth_1,2030.0,0,0,.,.
p102_load_growth_1,2034.0,0,0,.,.
p103_load_growth_1,2028.0,0,0,.,.
p103_load_growth_1,2030.0,0,0,.,.
p103_load_growth_1,2034.0,0,0,.,.
p105_load_growth_1,2028.0,0,0,.,.
p105_load_growth_1,2030.0,0,0,.,.
p105_load_growth_1,2034.0,0,0,.,.
p106_load_growth_1,2028.0,0,0,.,.
p106_load_growth_1,2030.0,0,0,.,.
p106_load_growth_1,2033.0,0,0,.,.
p107_load_growth_1,2028.0,0,0,.,.
p107_load_growth_1,2030.0,0,0,.,.
p107_load_growth_1,2033.0,0,0,.,.
p109_load_growth_1,2028.0,0,0,.,.
p109_load_growth_1,2030.0,0,0,.,.
p109_load_growth_1,2034.0,0,0,.,.
p11_load_growth_1,2028.0,0,0,.,.
p11_load_growth_1,2030.0,0,0,.,.
p11_load_growth_1,2034.0,0,0,.,.
p111_load_growth_1,2028.0,0,0,.,.
p111_load_growth_1,2030.0,0,0,.,.
p111_load_growth_1,2033.0,0,0,.,.
p112_load_growth_1,2028.0,0,0,.,.
p112_load_growth_1,2030.0,0,0,.,.
p112_load_growth_1,2034.0,0,0,.,.
p113_load_growth_1,2028.0,0,0,.,.
p113_load_growth_1,2030.0,0,0,.,.
p113_load_growth_1,2034.0,0,0,.,.
p114_load_growth_1,2028.0,0,0,.,.
p114_load_growth_1,2030.0,0,0,.,.
p114_load_growth_1,2034.0,0,0,.,.
p115_load_growth_1,2028.0,0,0,.,.
p115_load_growth_1,2030.0,0,0,.,.
p115_load_growth_1,2034.0,0,0,.,.
p116_load_growth_1,2028.0,0,0,.,.
p116_load_growth_1,2030.0,0,0,.,.
p116_load_growth_1,2034.0,0,0,.,.
p118_load_growth_1,2028.0,0,0,.,.
p118_load_growth_1,2030.0,0,0,.,.
p118_load_growth_1,2033.0,0,0,.,.
p12_load_growth_1,2028.0,0,0,.,.
p12_load_growth_1,2030.0,0,0,.,.
p12_load_growth_1,2034.0,0,0,.,.
p120_load_growth_1,2028.0,0,0,.,.
p120_load_growth_1,2030.0,0,0,.,.
p120_load_growth_1,2034.0,0,0,.,.
p122_load_growth_1,2028.0,0,0,.,.
p122_load_growth_1,2030.0,0,0,.,.
p122_load_growth_1,2034.0,0,0,.,.
p123_load_growth_1,2028.0,0,0,.,.
p123_load_growth_1,2030.0,0,0,.,.
p123_load_growth_1,2034.0,0,0,.,.
p124_load_growth_1,2028.0,0,0,.,.
p124_load_growth_1,2030.0,0,0,.,.
p124_load_growth_1,2033.0,0,0,.,.
p128_load_growth_1,2028.0,0,0,.,.
p128_load_growth_1,2030.0,0,0,.,.
p128_load_growth_1,2033.0,0,0,.,.
p13_load_growth_1,2028.0,0,0,.,.
p13_load_growth_1,2030.0,0,0,.,.
p13_load_growth_1,2033.0,0,0,.,.
p134_load_growth_1,2028.0,0,0,.,.
p134_load_growth_1,2030.0,0,0,.,.
p134_load_growth_1,2034.0,0,0,.,.
p14_load_growth_1,2028.0,0,0,.,.
p14_load_growth_1,2030.0,0,0,.,.
p14_load_growth_1,2034.0,0,0,.,.
p15_load_growth_1,2028.0,0,0,.,.
p15_load_growth_1,2030.0,0,0,.,.
p15_load_growth_1,2034.0,0,0,.,.
p16_load_growth_1,2028.0,0,0,.,.
p16_load_growth_1,2030.0,0,0,.,.
p16_load_growth_1,2033.0,0,0,.,.
p18_load_growth_1,2028.0,0,0,.,.
p18_load_growth_1,2030.0,0,0,.,.
p18_load_growth_1,2034.0,0,0,.,.
p19_load_growth_1,2028.0,0,0,.,.
p19_load_growth_1,2030.0,0,0,.,.
p19_load_growth_1,2033.0,0,0,.,.
p20_load_growth_1,2028.0,0,0,.,.
p20_load_growth_1,2030.0,0,0,.,.
p20_load_growth_1,2034.0,0,0,.,.
p21_load_growth_1,2028.0,0,0,.,.
p21_load_growth_1,2030.0,0,0,.,.
p21_load_growth_1,2034.0,0,0,.,.
p22_load_growth_1,2028.0,0,0,.,.
p22_load_growth_1,2030.0,0,0,.,.
p22_load_growth_1,2034.0,0,0,.,.
p23_load_growth_1,2028.0,0,0,.,.
p23_load_growth_1,2030.0,0,0,.,.
p23_load_growth_1,2033.0,0,0,.,.
p24_load_growth_1,2028.0,0,0,.,.
p24_load_growth_1,2030.0,0,0,.,.
p24_load_growth_1,2033.0,0,0,.,.
p25_load_growth_1,2028.0,0,0,.,.
p25_load_growth_1,2030.0,0,0,.,.
p25_load_growth_1,2034.0,0,0,.,.
p26_load_growth_1,2028.0,0,0,.,.
p26_load_growth_1,2030.0,0,0,.,.
p26_load_growth_1,2034.0,0,0,.,.
p28_load_growth_1,2028.0,0,0,.,.
p28_load_growth_1,2030.0,0,0,.,.
p28_load_growth_1,2034.0,0,0,.,.
p30_load_growth_1,2028.0,0,0,.,.
p30_load_growth_1,2030.0,0,0,.,.
p30_load_growth_1,2034.0,0,0,.,.
p31_load_growth_1,2028.0,0,0,.,.
p31_load_growth_1,2030.0,0,0,.,.
p31_load_growth_1,2034.0,0,0,.,.
p32_load_growth_1,2028.0,0,0,.,.
p32_load_growth_1,2030.0,0,0,.,.
p32_load_growth_1,2033.0,0,0,.,.
p33_load_growth_1,2028.0,0,0,.,.
p33_load_growth_1,2030.0,0,0,.,.
p33_load_growth_1,2034.0,0,0,.,.
p35_load_growth_1,2028.0,0,0,.,.
p35_load_growth_1,2030.0,0,0,.,.
p35_load_growth_1,2033.0,0,0,.,.
p36_load_growth_1,2028.0,0,0,.,.
p36_load_growth_1,2030.0,0,0,.,.
p36_load_growth_1,2033.0,0,0,.,.
p38_load_growth_1,2028.0,0,0,.,.
p38_load_growth_1,2030.0,0,0,.,.
p38_load_growth_1,2034.0,0,0,.,.
p39_load_growth_1,2028.0,0,0,.,.
p39_load_growth_1,2030.0,0,0,.,.
p39_load_growth_1,2034.0,0,0,.,.
p40_load_growth_1,2028.0,0,0,.,.
p40_load_growth_1,2030.0,0,0,.,.
p40_load_growth_1,2034.0,0,0,.,.
p41_load_growth_1,2028.0,0,0,.,.
p41_load_growth_1,2030.0,0,0,.,.
p41_load_growth_1,2033.0,0,0,.,.
p43_load_growth_1,2028.0,0,0,.,.
p43_load_growth_1,2030.0,0,0,.,.
p43_load_growth_1,2034.0,0,0,.,.
p44_load_growth_1,2028.0,0,0,.,.
p44_load_growth_1,2030.0,0,0,.,.
p44_load_growth_1,2034.0,0,0,.,.
p45_load_growth_1,2028.0,0,0,.,.
p45_load_growth_1,2030.0,0,0,.,.
p45_load_growth_1,2034.0,0,0,.,.
p46_load_growth_1,2028.0,0,0,.,.
p46_load_growth_1,2030.0,0,0,.,.
p46_load_growth_1,2034.0,0,0,.,.
p5_load_growth_1,2028.0,0,0,.,.
p5_load_growth_1,2030.0,0,0,.,.
p5_load_growth_1,2033.0,0,0,.,.
p50_load_growth_1,2028.0,0,0,.,.
p50_load_growth_1,2030.0,0,0,.,.
p50_load_growth_1,2033.0,0,0,.,.
p51_load_growth_1,2028.0,0,0,.,.
p51_load_growth_1,2030.0,0,0,.,.
p51_load_growth_1,2033.0,0,0,.,.
p55_load_growth_1,2028.0,0,0,.,.
p55_load_growth_1,2030.0,0,0,.,.
p55_load_growth_1,2034.0,0,0,.,.
p56_load_growth_1,2028.0,0,0,.,.
p56_load_growth_1,2030.0,0,0,.,.
p56_load_growth_1,2033.0,0,0,.,.
p57_load_growth_1,2028.0,0,0,.,.
p57_load_growth_1,2030.0,0,0,.,.
p57_load_growth_1,2033.0,0,0,.,.
p58_load_growth_1,2028.0,0,0,.,.
p58_load_growth_1,2030.0,0,0,.,.
p58_load_growth_1,2033.0,0,0,.,.
p59_load_growth_1,2028.0,0,0,.,.
p59_load_growth_1,2030.0,0,0,.,.
p59_load_growth_1,2033.0,0,0,.,.
p63_load_growth_1,2028.0,0,0,.,.
p63_load_growth_1,2030.0,0,0,.,.
p63_load_growth_1,2033.0,0,0,.,.
p64_load_growth_1,2028.0,0,0,.,.
p64_load_growth_1,2030.0,0,0,.,.
p64_load_growth_1,2033.0,0,0,.,.
p65_load_growth_1,2028.0,0,0,.,.
p65_load_growth_1,2030.0,0,0,.,.
p65_load_growth_1,2033.0,0,0,.,.
p66_load_growth_1,2028.0,0,0,.,.
p66_load_growth_1,2030.0,0,0,.,.
p66_load_growth_1,2034.0,0,0,.,.
p67_load_growth_1,2028.0,0,0,.,.
p67_load_growth_1,2030.0,0,0,.,.
p67_load_growth_1,2033.0,0,0,.,.
p68_load_growth_1,2028.0,0,0,.,.
p68_load_growth_1,2030.0,0,0,.,.
p68_load_growth_1,2033.0,0,0,.,.
p69_load_growth_1,2028.0,0,0,.,.
p69_load_growth_1,2030.0,0,0,.,.
p69_load_growth_1,2034.0,0,0,.,.
p70_load_growth_1,2028.0,0,0,.,.
p70_load_growth_1,2030.0,0,0,.,.
p70_load_growth_1,2033.0,0,0,.,.
p74_load_growth_1,2028.0,0,0,.,.
p74_load_growth_1,2030.0,0,0,.,.
p74_load_growth_1,2033.0,0,0,.,.
p76_load_growth_1,2028.0,0,0,.,.
p76_load_growth_1,2030.0,0,0,.,.
p76_load_growth_1,2034.0,0,0,.,.
p77_load_growth_1,2028.0,0,0,.,.
p77_load_growth_1,2030.0,0,0,.,.
p77_load_growth_1,2034.0,0,0,.,.
p78_load_growth_1,2028.0,0,0,.,.
p78_load_growth_1,2030.0,0,0,.,.
p78_load_growth_1,2033.0,0,0,.,.
p80_load_growth_1,2028.0,0,0,.,.
p80_load_growth_1,2030.0,0,0,.,.
p80_load_growth_1,2034.0,0,0,.,.
p84_load_growth_1,2028.0,0,0,.,.
p84_load_growth_1,2030.0,0,0,.,.
p84_load_growth_1,2034.0,0,0,.,.
p87_load_growth_1,2028.0,0,0,.,.
p87_load_growth_1,2030.0,0,0,.,.
p87_load_growth_1,2034.0,0,0,.,.
p88_load_growth_1,2028.0,0,0,.,.
p88_load_growth_1,2030.0,0,0,.,.
p88_load_growth_1,2033.0,0,0,.,.
p89_load_growth_1,2028.0,0,0,.,.
p89_load_growth_1,2030.0,0,0,.,.
p89_load_growth_1,2033.0,0,0,.,.
p90_load_growth_1,2028.0,0,0,.,.
p90_load_growth_1,2030.0,0,0,.,.
p90_load_growth_1,2034.0,0,0,.,.
p92_load_growth_1,2028.0,0,0,.,.
p92_load_growth_1,2030.0,0,0,.,.
p92_load_growth_1,2033.0,0,0,.,.
p93_load_growth_1,2028.0,0,0,.,.
p93_load_growth_1,2030.0,0,0,.,.
p93_load_growth_1,2033.0,0,0,.,.
p94_load_growth_1,2028.0,0,0,.,.
p94_load_growth_1,2030.0,0,0,.,.
p94_load_growth_1,2033.0,0,0,.,.
p95_load_growth_1,2028.0,0,0,.,.
p95_load_growth_1,2030.0,0,0,.,.
p95_load_growth_1,2034.0,0,0,.,.
p96_load_growth_1,2028.0,0,0,.,.
p96_load_growth_1,2030.0,0,0,.,.
p96_load_growth_1,2034.0,0,0,.,.
p98_load_growth_1,2028.0,0,0,.,.
p98_load_growth_1,2030.0,0,0,.,.
p98_load_growth_1,2034.0,0,0,.,.
p99_load_growth_1,2028.0,0,0,.,.
p99_load_growth_1,2030.0,0,0,.,.
p99_load_growth_1,2033.0,0,0,.,.
p1_naturalgas_1on1_combined_cycle_hframe_moderate_0,2028,2100159,40349.6666666667,.,.
p1_naturalgas_combustion_turbine_fframe_moderate_0,2028,1652574,26797.6666666667,.,.
p1_utilityscale_battery_storage_lithium_ion_advanced_0,2028,195153.823966,5162.33333333333,210311.17886,6178
p1_landbasedwind_class3_moderate_1,2028,1638532.351368,31648.6666666667,.,.
p1_landbasedwind_class3_moderate_2,2028,1638532.351368,31648.6666666667,.,.
p1_utilitypv_class1_moderate_1,2028,1438496.33804,19396.3333333333,.,.
p1_utilitypv_class1_moderate_2,2028,1438496.33804,19396.3333333333,.,.
p1_offshorewind_class3_moderate_fixed_1_1,2028,5305370.534647,84215.3333333333,.,.
p1_offshorewind_class3_moderate_fixed_1_2,2028,5305370.534647,84215.3333333333,.,.
p1_offshorewind_class3_moderate_fixed_0_1,2028,5305370.534647,84215.3333333333,.,.
p1_offshorewind_class3_moderate_fixed_0_2,2028,5305370.534647,84215.3333333333,.,.
p1_imports_base_base_1,2028,0,0,.,.
p2_naturalgas_1on1_combined_cycle_hframe_moderate_0,2028,2100159,40349.6666666667,.,.
p2_naturalgas_combustion_turbine_fframe_moderate_0,2028,1652574,26797.6666666667,.,.
p2_utilityscale_battery_storage_lithium_ion_advanced_0,2028,195153.823966,5162.33333333333,210311.17886,6178
p2_landbasedwind_class3_moderate_1,2028,1638532.351368,31648.6666666667,.,.
p2_landbasedwind_class3_moderate_2,2028,1638532.351368,31648.6666666667,.,.
p2_utilitypv_class1_moderate_1,2028,1438496.33804,19396.3333333333,.,.
p2_utilitypv_class1_moderate_2,2028,1438496.33804,19396.3333333333,.,.
p3_naturalgas_1on1_combined_cycle_hframe_moderate_0,2028,2100159,40349.6666666667,.,.
p3_naturalgas_combustion_turbine_fframe_moderate_0,2028,1652574,26797.6666666667,.,.
p3_utilityscale_battery_storage_lithium_ion_advanced_0,2028,195153.823966,5162.33333333333,210311.17886,6178
p3_landbasedwind_class3_moderate_1,2028,1638532.351368,31648.6666666667,.,.
p3_landbasedwind_class3_moderate_2,2028,1638532.351368,31648.6666666667,.,.
p3_utilitypv_class1_moderate_1,2028,1438496.33804,19396.3333333333,.,.
p3_utilitypv_class1_moderate_2,2028,1438496.33804,19396.3333333333,.,.
p3_imports_base_base_1,2028,0,0,.,.
p4_naturalgas_1on1_combined_cycle_hframe_moderate_0,2028,2100159,40349.6666666667,.,.
p4_naturalgas_combustion_turbine_fframe_moderate_0,2028,1652574,26797.6666666667,.,.
p4_utilityscale_battery_storage_lithium_ion_advanced_0,2028,195153.823966,5162.33333333333,210311.17886,6178
p4_landbasedwind_class3_moderate_1,2028,1638532.351368,31648.6666666667,.,.
p4_landbasedwind_class3_moderate_2,2028,1638532.351368,31648.6666666667,.,.
p4_utilitypv_class1_moderate_1,2028,1438496.33804,19396.3333333333,.,.
p4_utilitypv_class1_moderate_2,2028,1438496.33804,19396.3333333333,.,.
p5_naturalgas_1on1_combined_cycle_hframe_moderate_0,2028,2100159,40349.6666666667,.,.
p5_naturalgas_combustion_turbine_fframe_moderate_0,2028,1652574,26797.6666666667,.,.
p5_utilityscale_battery_storage_lithium_ion_advanced_0,2028,195153.823966,5162.33333333333,210311.17886,6178
p5_landbasedwind_class3_moderate_1,2028,1638532.351368,31648.6666666667,.,.
p5_landbasedwind_class3_moderate_2,2028,1638532.351368,31648.6666666667,.,.
p5_utilitypv_class1_moderate_1,2028,1438496.33804,19396.3333333333,.,.
p5_utilitypv_class1_moderate_2,2028,1438496.33804,19396.3333333333,.,.
p5_offshorewind_class3_moderate_fixed_1_1,2028,5305370.534647,84215.3333333333,.,.
p5_offshorewind_class3_moderate_fixed_1_2,2028,5305370.534647,84215.3333333333,.,.
p5_offshorewind_class3_moderate_fixed_0_1,2028,5305370.534647,84215.3333333333,.,.
p5_offshorewind_class3_moderate_fixed_0_2,2028,5305370.534647,84215.3333333333,.,.
p6_naturalgas_1on1_combined_cycle_hframe_moderate_0,2028,2100159,40349.6666666667,.,.
p6_naturalgas_combustion_turbine_fframe_moderate_0,2028,1652574,26797.6666666667,.,.
p6_utilityscale_battery_storage_lithium_ion_advanced_0,2028,195153.823966,5162.33333333333,210311.17886,6178
p6_landbasedwind_class3_moderate_1,2028,1638532.351368,31648.6666666667,.,.
p6_landbasedwind_class3_moderate_2,2028,1638532.351368,31648.6666666667,.,.
p6_utilitypv_class1_moderate_1,2028,1438496.33804,19396.3333333333,.,.
p6_utilitypv_class1_moderate_2,2028,1438496.33804,19396.3333333333,.,.
p7_naturalgas_1on1_combined_cycle_hframe_moderate_0,2028,2100159,40349.6666666667,.,.
p7_naturalgas_combustion_turbine_fframe_moderate_0,2028,1652574,26797.6666666667,.,.
p7_utilityscale_battery_storage_lithium_ion_advanced_0,2028,195153.823966,5162.33333333333,210311.17886,6178
p7_landbasedwind_class3_moderate_1,2028,1638532.351368,31648.6666666667,.,.
p7_landbasedwind_class3_moderate_2,2028,1638532.351368,31648.6666666667,.,.
p7_utilitypv_class1_moderate_1,2028,1438496.33804,19396.3333333333,.,.
p7_utilitypv_class1_moderate_2,2028,1438496.33804,19396.3333333333,.,.
p8_naturalgas_1on1_combined_cycle_hframe_moderate_0,2028,2100159,40349.6666666667,.,.
p8_naturalgas_combustion_turbine_fframe_moderate_0,2028,1652574,26797.6666666667,.,.
p8_utilityscale_battery_storage_lithium_ion_advanced_0,2028,195153.823966,5162.33333333333,210311.17886,6178
p8_landbasedwind_class3_moderate_1,2028,1638532.351368,31648.6666666667,.,.
p8_landbasedwind_class3_moderate_2,2028,1638532.351368,31648.6666666667,.,.
p8_utilitypv_class1_moderate_1,2028,1438496.33804,19396.3333333333,.,.
p8_utilitypv_class1_moderate_2,2028,1438496.33804,19396.3333333333,.,.
p9_naturalgas_1on1_combined_cycle_hframe_moderate_0,2028,2394882,40349.6666666667,.,.
p9_naturalgas_combustion_turbine_fframe_moderate_0,2028,1838870,26797.6666666667,.,.
p9_utilityscale_battery_storage_lithium_ion_advanced_0,2028,203245.09801,5162.33333333333,219030.8921,6178
p9_landbasedwind_class3_moderate_1,2028,3574979.675712,31648.6666666667,.,.
p9_landbasedwind_class3_moderate_2,2028,3574979.675712,31648.6666666667,.,.
p9_utilitypv_class1_moderate_1,2028,1931049.534416,19396.3333333333,.,.
p9_utilitypv_class1_moderate_2,2028,1931049.534416,19396.3333333333,.,.
p9_offshorewind_class3_moderate_fixed_1_1,2028,5724353.400167,84215.3333333333,.,.
p9_offshorewind_class3_moderate_fixed_1_2,2028,5724353.400167,84215.3333333333,.,.
p9_offshorewind_class3_moderate_fixed_0_1,2028,5724353.400167,84215.3333333333,.,.
p9_offshorewind_class3_moderate_fixed_0_2,2028,5724353.400167,84215.3333333333,.,.
p10_naturalgas_1on1_combined_cycle_hframe_moderate_0,2028,2341296,40349.6666666667,.,.
p10_naturalgas_combustion_turbine_fframe_moderate_0,2028,1797114,26797.6666666667,.,.
p10_utilityscale_battery_storage_lithium_ion_advanced_0,2028,203823.046156,5162.33333333333,219653.72876,6178
p10_landbasedwind_class3_moderate_1,2028,1839301.137504,31648.6666666667,.,.
p10_landbasedwind_class3_moderate_2,2028,1839301.137504,31648.6666666667,.,.
p10_utilitypv_class1_moderate_1,2028,1902430.235544,19396.3333333333,.,.
p10_utilitypv_class1_moderate_2,2028,1902430.235544,19396.3333333333,.,.
p10_offshorewind_class3_moderate_fixed_1_1,2028,5682455.113615,84215.3333333333,.,.
p10_offshorewind_class3_moderate_fixed_1_2,2028,5682455.113615,84215.3333333333,.,.
p10_offshorewind_class3_moderate_fixed_0_1,2028,5682455.113615,84215.3333333333,.,.
p10_offshorewind_class3_moderate_fixed_0_2,2028,5682455.113615,84215.3333333333,.,.
p11_naturalgas_1on1_combined_cycle_hframe_moderate_0,2028,2341296,40349.6666666667,.,.
p11_naturalgas_combustion_turbine_fframe_moderate_0,2028,1797114,26797.6666666667,.,.
p11_utilityscale_battery_storage_lithium_ion_advanced_0,2028,203823.046156,5162.33333333333,219653.72876,6178
p11_landbasedwind_class3_moderate_1,2028,1839301.137504,31648.6666666667,.,.
p11_landbasedwind_class3_moderate_2,2028,1839301.137504,31648.6666666667,.,.
p11_utilitypv_class1_moderate_1,2028,1902430.235544,19396.3333333333,.,.
p11_utilitypv_class1_moderate_2,2028,1902430.235544,19396.3333333333,.,.
p11_offshorewind_class3_moderate_fixed_1_1,2028,5682455.113615,84215.3333333333,.,.
p11_offshorewind_class3_moderate_fixed_1_2,2028,5682455.113615,84215.3333333333,.,.
p11_offshorewind_class3_moderate_fixed_0_1,2028,5682455.113615,84215.3333333333,.,.
p11_offshorewind_class3_moderate_fixed_0_2,2028,5682455.113615,84215.3333333333,.,.
p11_imports_base_base_1,2028,0,0,.,.
p12_naturalgas_1on1_combined_cycle_hframe_moderate_0,2028,1875510,40349.6666666667,.,.
p12_naturalgas_combustion_turbine_fframe_moderate_0,2028,1463066,26797.6666666667,.,.
p12_utilityscale_battery_storage_lithium_ion_advanced_0,2028,195153.823966,5162.33333333333,210311.17886,6178
p12_landbasedwind_class3_moderate_1,2028,1432906.25589,31648.6666666667,.,.
p12_landbasedwind_class3_moderate_2,2028,1432906.25589,31648.6666666667,.,.
p12_utilitypv_class1_moderate_1,2028,1417408.433608,19396.3333333333,.,.
p12_utilitypv_class1_moderate_2,2028,1417408.433608,19396.3333333333,.,.
p13_naturalgas_1on1_combined_cycle_hframe_moderate_0,2028,1875510,40349.6666666667,.,.
p13_naturalgas_combustion_turbine_fframe_moderate_0,2028,1463066,26797.6666666667,.,.
p13_utilityscale_battery_storage_lithium_ion_advanced_0,2028,195153.823966,5162.33333333333,210311.17886,6178
p13_landbasedwind_class3_moderate_1,2028,1432906.25589,31648.6666666667,.,.
p13_landbasedwind_class3_moderate_2,2028,1432906.25589,31648.6666666667,.,.
p13_utilitypv_class1_moderate_1,2028,1417408.433608,19396.3333333333,.,.
p13_utilitypv_class1_moderate_2,2028,1417408.433608,19396.3333333333,.,.
p14_naturalgas_1on1_combined_cycle_hframe_moderate_0,2028,2100159,40349.6666666667,.,.
p14_naturalgas_combustion_turbine_fframe_moderate_0,2028,1652574,26797.6666666667,.,.
p14_utilityscale_battery_storage_lithium_ion_advanced_0,2028,195153.823966,5162.33333333333,210311.17886,6178
p14_landbasedwind_class3_moderate_1,2028,1638532.351368,31648.6666666667,.,.
p14_landbasedwind_class3_moderate_2,2028,1638532.351368,31648.6666666667,.,.
p14_utilitypv_class1_moderate_1,2028,1438496.33804,19396.3333333333,.,.
p14_utilitypv_class1_moderate_2,2028,1438496.33804,19396.3333333333,.,.
p15_naturalgas_1on1_combined_cycle_hframe_moderate_0,2028,1875510,40349.6666666667,.,.
p15_naturalgas_combustion_turbine_fframe_moderate_0,2028,1463066,26797.6666666667,.,.
p15_utilityscale_battery_storage_lithium_ion_advanced_0,2028,195153.823966,5162.33333333333,210311.17886,6178
p15_landbasedwind_class3_moderate_1,2028,1432906.25589,31648.6666666667,.,.
p15_landbasedwind_class3_moderate_2,2028,1432906.25589,31648.6666666667,.,.
p15_utilitypv_class1_moderate_1,2028,1417408.433608,19396.3333333333,.,.
p15_utilitypv_class1_moderate_2,2028,1417408.433608,19396.3333333333,.,.
p16_naturalgas_1on1_combined_cycle_hframe_moderate_0,2028,1875510,40349.6666666667,.,.
p16_naturalgas_combustion_turbine_fframe_moderate_0,2028,1463066,26797.6666666667,.,.
p16_utilityscale_battery_storage_lithium_ion_advanced_0,2028,195153.823966,5162.33333333333,210311.17886,6178
p16_landbasedwind_class3_moderate_1,2028,1432906.25589,31648.6666666667,.,.
p16_landbasedwind_class3_moderate_2,2028,1432906.25589,31648.6666666667,.,.
p16_utilitypv_class1_moderate_1,2028,1417408.433608,19396.3333333333,.,.
p16_utilitypv_class1_moderate_2,2028,1417408.433608,19396.3333333333,.,.
p17_naturalgas_1on1_combined_cycle_hframe_moderate_0,2028,2100159,40349.6666666667,.,.
p17_naturalgas_combustion_turbine_fframe_moderate_0,2028,1652574,26797.6666666667,.,.
p17_utilityscale_battery_storage_lithium_ion_advanced_0,2028,195153.823966,5162.33333333333,210311.17886,6178
p17_landbasedwind_class3_moderate_1,2028,1638532.351368,31648.6666666667,.,.
p17_landbasedwind_class3_moderate_2,2028,1638532.351368,31648.6666666667,.,.
p17_utilitypv_class1_moderate_1,2028,1438496.33804,19396.3333333333,.,.
p17_utilitypv_class1_moderate_2,2028,1438496.33804,19396.3333333333,.,.
p18_naturalgas_1on1_combined_cycle_hframe_moderate_0,2028,2100159,40349.6666666667,.,.
p18_naturalgas_combustion_turbine_fframe_moderate_0,2028,1652574,26797.6666666667,.,.
p18_utilityscale_battery_storage_lithium_ion_advanced_0,2028,195153.823966,5162.33333333333,210311.17886,6178
p18_landbasedwind_class3_moderate_1,2028,1638532.351368,31648.6666666667,.,.
p18_landbasedwind_class3_moderate_2,2028,1638532.351368,31648.6666666667,.,.
p18_utilitypv_class1_moderate_1,2028,1438496.33804,19396.3333333333,.,.
p18_utilitypv_class1_moderate_2,2028,1438496.33804,19396.3333333333,.,.
p18_imports_base_base_1,2028,0,0,.,.
p19_naturalgas_1on1_combined_cycle_hframe_moderate_0,2028,2100159,40349.6666666667,.,.
p19_naturalgas_combustion_turbine_fframe_moderate_0,2028,1652574,26797.6666666667,.,.
p19_utilityscale_battery_storage_lithium_ion_advanced_0,2028,195153.823966,5162.33333333333,210311.17886,6178
p19_landbasedwind_class3_moderate_1,2028,1638532.351368,31648.6666666667,.,.
p19_landbasedwind_class3_moderate_2,2028,1638532.351368,31648.6666666667,.,.
p19_utilitypv_class1_moderate_1,2028,1438496.33804,19396.3333333333,.,.
p19_utilitypv_class1_moderate_2,2028,1438496.33804,19396.3333333333,.,.
p20_naturalgas_1on1_combined_cycle_hframe_moderate_0,2028,2100159,40349.6666666667,.,.
p20_naturalgas_combustion_turbine_fframe_moderate_0,2028,1652574,26797.6666666667,.,.
p20_utilityscale_battery_storage_lithium_ion_advanced_0,2028,195153.823966,5162.33333333333,210311.17886,6178
p20_landbasedwind_class3_moderate_1,2028,1638532.351368,31648.6666666667,.,.
p20_landbasedwind_class3_moderate_2,2028,1638532.351368,31648.6666666667,.,.
p20_utilitypv_class1_moderate_1,2028,1438496.33804,19396.3333333333,.,.
p20_utilitypv_class1_moderate_2,2028,1438496.33804,19396.3333333333,.,.
p21_naturalgas_1on1_combined_cycle_hframe_moderate_0,2028,1875510,40349.6666666667,.,.
p21_naturalgas_combustion_turbine_fframe_moderate_0,2028,1463066,26797.6666666667,.,.
p21_utilityscale_battery_storage_lithium_ion_advanced_0,2028,195153.823966,5162.33333333333,210311.17886,6178
p21_landbasedwind_class3_moderate_1,2028,1432906.25589,31648.6666666667,.,.
p21_landbasedwind_class3_moderate_2,2028,1432906.25589,31648.6666666667,.,.
p21_utilitypv_class1_moderate_1,2028,1417408.433608,19396.3333333333,.,.
p21_utilitypv_class1_moderate_2,2028,1417408.433608,19396.3333333333,.,.
p22_naturalgas_1on1_combined_cycle_hframe_moderate_0,2028,1636434,40349.6666666667,.,.
p22_naturalgas_combustion_turbine_fframe_moderate_0,2028,1292830,26797.6666666667,.,.
p22_utilityscale_battery_storage_lithium_ion_advanced_0,2028,185521.354866,5162.33333333333,199930.56786,6178
p22_landbasedwind_class3_moderate_1,2028,1335760.06905,31648.6666666667,.,.
p22_landbasedwind_class3_moderate_2,2028,1335760.06905,31648.6666666667,.,.
p22_utilitypv_class1_moderate_1,2028,1372220.066968,19396.3333333333,.,.
p22_utilitypv_class1_moderate_2,2028,1372220.066968,19396.3333333333,.,.
p23_naturalgas_1on1_combined_cycle_hframe_moderate_0,2028,1636434,40349.6666666667,.,.
p23_naturalgas_combustion_turbine_fframe_moderate_0,2028,1292830,26797.6666666667,.,.
p23_utilityscale_battery_storage_lithium_ion_advanced_0,2028,185521.354866,5162.33333333333,199930.56786,6178
p23_landbasedwind_class3_moderate_1,2028,1335760.06905,31648.6666666667,.,.
p23_landbasedwind_class3_moderate_2,2028,1335760.06905,31648.6666666667,.,.
p23_utilitypv_class1_moderate_1,2028,1372220.066968,19396.3333333333,.,.
p23_utilitypv_class1_moderate_2,2028,1372220.066968,19396.3333333333,.,.
p24_naturalgas_1on1_combined_cycle_hframe_moderate_0,2028,1636434,40349.6666666667,.,.
p24_naturalgas_combustion_turbine_fframe_moderate_0,2028,1292830,26797.6666666667,.,.
p24_utilityscale_battery_storage_lithium_ion_advanced_0,2028,185521.354866,5162.33333333333,199930.56786,6178
p24_landbasedwind_class3_moderate_1,2028,1335760.06905,31648.6666666667,.,.
p24_landbasedwind_class3_moderate_2,2028,1335760.06905,31648.6666666667,.,.
p24_utilitypv_class1_moderate_1,2028,1372220.066968,19396.3333333333,.,.
p24_utilitypv_class1_moderate_2,2028,1372220.066968,19396.3333333333,.,.
p25_naturalgas_1on1_combined_cycle_hframe_moderate_0,2028,1875510,40349.6666666667,.,.
p25_naturalgas_combustion_turbine_fframe_moderate_0,2028,1463066,26797.6666666667,.,.
p25_utilityscale_battery_storage_lithium_ion_advanced_0,2028,195153.823966,5162.33333333333,210311.17886,6178
p25_landbasedwind_class3_moderate_1,2028,1432906.25589,31648.6666666667,.,.
p25_landbasedwind_class3_moderate_2,2028,1432906.25589,31648.6666666667,.,.
p25_utilitypv_class1_moderate_1,2028,1417408.433608,19396.3333333333,.,.
p25_utilitypv_class1_moderate_2,2028,1417408.433608,19396.3333333333,.,.
p26_naturalgas_1on1_combined_cycle_hframe_moderate_0,2028,1875510,40349.6666666667,.,.
p26_naturalgas_combustion_turbine_fframe_moderate_0,2028,1463066,26797.6666666667,.,.
p26_utilityscale_battery_storage_lithium_ion_advanced_0,2028,195153.823966,5162.33333333333,210311.17886,6178
p26_landbasedwind_class3_moderate_1,2028,1432906.25589,31648.6666666667,.,.
p26_landbasedwind_class3_moderate_2,2028,1432906.25589,31648.6666666667,.,.
p26_utilitypv_class1_moderate_1,2028,1417408.433608,19396.3333333333,.,.
p26_utilitypv_class1_moderate_2,2028,1417408.433608,19396.3333333333,.,.
p27_naturalgas_1on1_combined_cycle_hframe_moderate_0,2028,1780704,40349.6666666667,.,.
p27_naturalgas_combustion_turbine_fframe_moderate_0,2028,1369918,26797.6666666667,.,.
p27_utilityscale_battery_storage_lithium_ion_advanced_0,2028,190144.940034,5162.33333333333,204913.26114,6178
p27_landbasedwind_class3_moderate_1,2028,1562434.50501,31648.6666666667,.,.
p27_landbasedwind_class3_moderate_2,2028,1562434.50501,31648.6666666667,.,.
p27_utilitypv_class1_moderate_1,2028,1533391.907984,19396.3333333333,.,.
p27_utilitypv_class1_moderate_2,2028,1533391.907984,19396.3333333333,.,.
p28_naturalgas_1on1_combined_cycle_hframe_moderate_0,2028,1780704,40349.6666666667,.,.
p28_naturalgas_combustion_turbine_fframe_moderate_0,2028,1369918,26797.6666666667,.,.
p28_utilityscale_battery_storage_lithium_ion_advanced_0,2028,190144.940034,5162.33333333333,204913.26114,6178
p28_landbasedwind_class3_moderate_1,2028,1562434.50501,31648.6666666667,.,.
p28_landbasedwind_class3_moderate_2,2028,1562434.50501,31648.6666666667,.,.
p28_utilitypv_class1_moderate_1,2028,1533391.907984,19396.3333333333,.,.
p28_utilitypv_class1_moderate_2,2028,1533391.907984,19396.3333333333,.,.
p29_naturalgas_1on1_combined_cycle_hframe_moderate_0,2028,1780704,40349.6666666667,.,.
p29_naturalgas_combustion_turbine_fframe_moderate_0,2028,1369918,26797.6666666667,.,.
p29_utilityscale_battery_storage_lithium_ion_advanced_0,2028,190144.940034,5162.33333333333,204913.26114,6178
p29_landbasedwind_class3_moderate_1,2028,1562434.50501,31648.6666666667,.,.
p29_landbasedwind_class3_moderate_2,2028,1562434.50501,31648.6666666667,.,.
p29_utilitypv_class1_moderate_1,2028,1533391.907984,19396.3333333333,.,.
p29_utilitypv_class1_moderate_2,2028,1533391.907984,19396.3333333333,.,.
p30_naturalgas_1on1_combined_cycle_hframe_moderate_0,2028,1780704,40349.6666666667,.,.
p30_naturalgas_combustion_turbine_fframe_moderate_0,2028,1369918,26797.6666666667,.,.
p30_utilityscale_battery_storage_lithium_ion_advanced_0,2028,190144.940034,5162.33333333333,204913.26114,6178
p30_landbasedwind_class3_moderate_1,2028,1562434.50501,31648.6666666667,.,.
p30_landbasedwind_class3_moderate_2,2028,1562434.50501,31648.6666666667,.,.
p30_utilitypv_class1_moderate_1,2028,1533391.907984,19396.3333333333,.,.
p30_utilitypv_class1_moderate_2,2028,1533391.907984,19396.3333333333,.,.
p31_naturalgas_1on1_combined_cycle_hframe_moderate_0,2028,1780704,40349.6666666667,.,.
p31_naturalgas_combustion_turbine_fframe_moderate_0,2028,1369918,26797.6666666667,.,.
p31_utilityscale_battery_storage_lithium_ion_advanced_0,2028,190144.940034,5162.33333333333,204913.26114,6178
p31_landbasedwind_class3_moderate_1,2028,1562434.50501,31648.6666666667,.,.
p31_landbasedwind_class3_moderate_2,2028,1562434.50501,31648.6666666667,.,.
p31_utilitypv_class1_moderate_1,2028,1533391.907984,19396.3333333333,.,.
p31_utilitypv_class1_moderate_2,2028,1533391.907984,19396.3333333333,.,.
p32_naturalgas_1on1_combined_cycle_hframe_moderate_0,2028,1636434,40349.6666666667,.,.
p32_naturalgas_combustion_turbine_fframe_moderate_0,2028,1292830,26797.6666666667,.,.
p32_utilityscale_battery_storage_lithium_ion_advanced_0,2028,185521.354866,5162.33333333333,199930.56786,6178
p32_landbasedwind_class3_moderate_1,2028,1335760.06905,31648.6666666667,.,.
p32_landbasedwind_class3_moderate_2,2028,1335760.06905,31648.6666666667,.,.
p32_utilitypv_class1_moderate_1,2028,1372220.066968,19396.3333333333,.,.
p32_utilitypv_class1_moderate_2,2028,1372220.066968,19396.3333333333,.,.
p33_naturalgas_1on1_combined_cycle_hframe_moderate_0,2028,1636434,40349.6666666667,.,.
p33_naturalgas_combustion_turbine_fframe_moderate_0,2028,1292830,26797.6666666667,.,.
p33_utilityscale_battery_storage_lithium_ion_advanced_0,2028,185521.354866,5162.33333333333,199930.56786,6178
p33_landbasedwind_class3_moderate_1,2028,1335760.06905,31648.6666666667,.,.
p33_landbasedwind_class3_moderate_2,2028,1335760.06905,31648.6666666667,.,.
p33_utilitypv_class1_moderate_1,2028,1372220.066968,19396.3333333333,.,.
p33_utilitypv_class1_moderate_2,2028,1372220.066968,19396.3333333333,.,.
p34_naturalgas_1on1_combined_cycle_hframe_moderate_0,2028,1636434,40349.6666666667,.,.
p34_naturalgas_combustion_turbine_fframe_moderate_0,2028,1292830,26797.6666666667,.,.
p34_utilityscale_battery_storage_lithium_ion_advanced_0,2028,185521.354866,5162.33333333333,199930.56786,6178
p34_landbasedwind_class3_moderate_1,2028,1335760.06905,31648.6666666667,.,.
p34_landbasedwind_class3_moderate_2,2028,1335760.06905,31648.6666666667,.,.
p34_utilitypv_class1_moderate_1,2028,1372220.066968,19396.3333333333,.,.
p34_utilitypv_class1_moderate_2,2028,1372220.066968,19396.3333333333,.,.
p35_naturalgas_1on1_combined_cycle_hframe_moderate_0,2028,1891998,40349.6666666667,.,.
p35_naturalgas_combustion_turbine_fframe_moderate_0,2028,1493580,26797.6666666667,.,.
p35_utilityscale_battery_storage_lithium_ion_advanced_0,2028,185521.354866,5162.33333333333,199930.56786,6178
p35_landbasedwind_class3_moderate_1,2028,1219184.644842,31648.6666666667,.,.
p35_landbasedwind_class3_moderate_2,2028,1219184.644842,31648.6666666667,.,.
p35_utilitypv_class1_moderate_1,2028,1373726.345856,19396.3333333333,.,.
p35_utilitypv_class1_moderate_2,2028,1373726.345856,19396.3333333333,.,.
p36_naturalgas_1on1_combined_cycle_hframe_moderate_0,2028,1891998,40349.6666666667,.,.
p36_naturalgas_combustion_turbine_fframe_moderate_0,2028,1493580,26797.6666666667,.,.
p36_utilityscale_battery_storage_lithium_ion_advanced_0,2028,185521.354866,5162.33333333333,199930.56786,6178
p36_landbasedwind_class3_moderate_1,2028,1219184.644842,31648.6666666667,.,.
p36_landbasedwind_class3_moderate_2,2028,1219184.644842,31648.6666666667,.,.
p36_utilitypv_class1_moderate_1,2028,1373726.345856,19396.3333333333,.,.
p36_utilitypv_class1_moderate_2,2028,1373726.345856,19396.3333333333,.,.
p36_imports_base_base_1,2028,0,0,.,.
p37_naturalgas_1on1_combined_cycle_hframe_moderate_0,2028,1891998,40349.6666666667,.,.
p37_naturalgas_combustion_turbine_fframe_moderate_0,2028,1493580,26797.6666666667,.,.
p37_utilityscale_battery_storage_lithium_ion_advanced_0,2028,185521.354866,5162.33333333333,199930.56786,6178
p37_landbasedwind_class3_moderate_1,2028,1219184.644842,31648.6666666667,.,.
p37_landbasedwind_class3_moderate_2,2028,1219184.644842,31648.6666666667,.,.
p37_utilitypv_class1_moderate_1,2028,1373726.345856,19396.3333333333,.,.
p37_utilitypv_class1_moderate_2,2028,1373726.345856,19396.3333333333,.,.
p37_offshorewind_class3_moderate_fixed_1_1,2028,4818302.95348,84215.3333333333,.,.
p37_offshorewind_class3_moderate_fixed_1_2,2028,4818302.95348,84215.3333333333,.,.
p37_offshorewind_class3_moderate_fixed_0_1,2028,4818302.95348,84215.3333333333,.,.
p37_offshorewind_class3_moderate_fixed_0_2,2028,4818302.95348,84215.3333333333,.,.
p37_imports_base_base_1,2028,0,0,.,.
p38_naturalgas_1on1_combined_cycle_hframe_moderate_0,2028,1891998,40349.6666666667,.,.
p38_naturalgas_combustion_turbine_fframe_moderate_0,2028,1493580,26797.6666666667,.,.
p38_utilityscale_battery_storage_lithium_ion_advanced_0,2028,185521.354866,5162.33333333333,199930.56786,6178
p38_landbasedwind_class3_moderate_1,2028,1219184.644842,31648.6666666667,.,.
p38_landbasedwind_class3_moderate_2,2028,1219184.644842,31648.6666666667,.,.
p38_utilitypv_class1_moderate_1,2028,1373726.345856,19396.3333333333,.,.
p38_utilitypv_class1_moderate_2,2028,1373726.345856,19396.3333333333,.,.
p39_naturalgas_1on1_combined_cycle_hframe_moderate_0,2028,1891998,40349.6666666667,.,.
p39_naturalgas_combustion_turbine_fframe_moderate_0,2028,1493580,26797.6666666667,.,.
p39_utilityscale_battery_storage_lithium_ion_advanced_0,2028,185521.354866,5162.33333333333,199930.56786,6178
p39_landbasedwind_class3_moderate_1,2028,1219184.644842,31648.6666666667,.,.
p39_landbasedwind_class3_moderate_2,2028,1219184.644842,31648.6666666667,.,.
p39_utilitypv_class1_moderate_1,2028,1373726.345856,19396.3333333333,.,.
p39_utilitypv_class1_moderate_2,2028,1373726.345856,19396.3333333333,.,.
p40_naturalgas_1on1_combined_cycle_hframe_moderate_0,2028,1891998,40349.6666666667,.,.
p40_naturalgas_combustion_turbine_fframe_moderate_0,2028,1493580,26797.6666666667,.,.
p40_utilityscale_battery_storage_lithium_ion_advanced_0,2028,185521.354866,5162.33333333333,199930.56786,6178
p40_landbasedwind_class3_moderate_1,2028,1219184.644842,31648.6666666667,.,.
p40_landbasedwind_class3_moderate_2,2028,1219184.644842,31648.6666666667,.,.
p40_utilitypv_class1_moderate_1,2028,1373726.345856,19396.3333333333,.,.
p40_utilitypv_class1_moderate_2,2028,1373726.345856,19396.3333333333,.,.
p41_naturalgas_1on1_combined_cycle_hframe_moderate_0,2028,1891998,40349.6666666667,.,.
p41_naturalgas_combustion_turbine_fframe_moderate_0,2028,1493580,26797.6666666667,.,.
p41_utilityscale_battery_storage_lithium_ion_advanced_0,2028,185521.354866,5162.33333333333,199930.56786,6178
p41_landbasedwind_class3_moderate_1,2028,1219184.644842,31648.6666666667,.,.
p41_landbasedwind_class3_moderate_2,2028,1219184.644842,31648.6666666667,.,.
p41_utilitypv_class1_moderate_1,2028,1373726.345856,19396.3333333333,.,.
p41_utilitypv_class1_moderate_2,2028,1373726.345856,19396.3333333333,.,.
p42_naturalgas_1on1_combined_cycle_hframe_moderate_0,2028,2098098,40349.6666666667,.,.
p42_naturalgas_combustion_turbine_fframe_moderate_0,2028,1655786,26797.6666666667,.,.
p42_utilityscale_battery_storage_lithium_ion_advanced_0,2028,187640.498068,5162.33333333333,202214.30228,6178
p42_landbasedwind_class3_moderate_1,2028,1395666.884268,31648.6666666667,.,.
p42_landbasedwind_class3_moderate_2,2028,1395666.884268,31648.6666666667,.,.
p42_utilitypv_class1_moderate_1,2028,1412889.596944,19396.3333333333,.,.
p42_utilitypv_class1_moderate_2,2028,1412889.596944,19396.3333333333,.,.
p42_imports_base_base_1,2028,0,0,.,.
p43_naturalgas_1on1_combined_cycle_hframe_moderate_0,2028,2098098,40349.6666666667,.,.
p43_naturalgas_combustion_turbine_fframe_moderate_0,2028,1655786,26797.6666666667,.,.
p43_utilityscale_battery_storage_lithium_ion_advanced_0,2028,187640.498068,5162.33333333333,202214.30228,6178
p43_landbasedwind_class3_moderate_1,2028,1395666.884268,31648.6666666667,.,.
p43_landbasedwind_class3_moderate_2,2028,1395666.884268,31648.6666666667,.,.
p43_utilitypv_class1_moderate_1,2028,1412889.596944,19396.3333333333,.,.
p43_utilitypv_class1_moderate_2,2028,1412889.596944,19396.3333333333,.,.
p43_offshorewind_class3_moderate_fixed_1_1,2028,5043506.243697,84215.3333333333,.,.
p43_offshorewind_class3_moderate_fixed_1_2,2028,5043506.243697,84215.3333333333,.,.
p43_offshorewind_class3_moderate_fixed_0_1,2028,5043506.243697,84215.3333333333,.,.
p43_offshorewind_class3_moderate_fixed_0_2,2028,5043506.243697,84215.3333333333,.,.
p44_naturalgas_1on1_combined_cycle_hframe_moderate_0,2028,2098098,40349.6666666667,.,.
p44_naturalgas_combustion_turbine_fframe_moderate_0,2028,1655786,26797.6666666667,.,.
p44_utilityscale_battery_storage_lithium_ion_advanced_0,2028,187640.498068,5162.33333333333,202214.30228,6178
p44_landbasedwind_class3_moderate_1,2028,1395666.884268,31648.6666666667,.,.
p44_landbasedwind_class3_moderate_2,2028,1395666.884268,31648.6666666667,.,.
p44_utilitypv_class1_moderate_1,2028,1412889.596944,19396.3333333333,.,.
p44_utilitypv_class1_moderate_2,2028,1412889.596944,19396.3333333333,.,.
p45_naturalgas_1on1_combined_cycle_hframe_moderate_0,2028,1891998,40349.6666666667,.,.
p45_naturalgas_combustion_turbine_fframe_moderate_0,2028,1493580,26797.6666666667,.,.
p45_utilityscale_battery_storage_lithium_ion_advanced_0,2028,185521.354866,5162.33333333333,199930.56786,6178
p45_landbasedwind_class3_moderate_1,2028,1219184.644842,31648.6666666667,.,.
p45_landbasedwind_class3_moderate_2,2028,1219184.644842,31648.6666666667,.,.
p45_utilitypv_class1_moderate_1,2028,1373726.345856,19396.3333333333,.,.
p45_utilitypv_class1_moderate_2,2028,1373726.345856,19396.3333333333,.,.
p46_naturalgas_1on1_combined_cycle_hframe_moderate_0,2028,1891998,40349.6666666667,.,.
p46_naturalgas_combustion_turbine_fframe_moderate_0,2028,1493580,26797.6666666667,.,.
p46_utilityscale_battery_storage_lithium_ion_advanced_0,2028,185521.354866,5162.33333333333,199930.56786,6178
p46_landbasedwind_class3_moderate_1,2028,1219184.644842,31648.6666666667,.,.
p46_landbasedwind_class3_moderate_2,2028,1219184.644842,31648.6666666667,.,.
p46_utilitypv_class1_moderate_1,2028,1373726.345856,19396.3333333333,.,.
p46_utilitypv_class1_moderate_2,2028,1373726.345856,19396.3333333333,.,.
p47_naturalgas_1on1_combined_cycle_hframe_moderate_0,2028,1875510,40349.6666666667,.,.
p47_naturalgas_combustion_turbine_fframe_moderate_0,2028,1461460,26797.6666666667,.,.
p47_utilityscale_battery_storage_lithium_ion_advanced_0,2028,185714.004248,5162.33333333333,200138.18008,6178
p47_landbasedwind_class3_moderate_1,2028,1319569.03791,31648.6666666667,.,.
p47_landbasedwind_class3_moderate_2,2028,1319569.03791,31648.6666666667,.,.
p47_utilitypv_class1_moderate_1,2028,1354144.720312,19396.3333333333,.,.
p47_utilitypv_class1_moderate_2,2028,1354144.720312,19396.3333333333,.,.
p48_naturalgas_1on1_combined_cycle_hframe_moderate_0,2028,1875510,40349.6666666667,.,.
p48_naturalgas_combustion_turbine_fframe_moderate_0,2028,1461460,26797.6666666667,.,.
p48_utilityscale_battery_storage_lithium_ion_advanced_0,2028,185714.004248,5162.33333333333,200138.18008,6178
p48_landbasedwind_class3_moderate_1,2028,1319569.03791,31648.6666666667,.,.
p48_landbasedwind_class3_moderate_2,2028,1319569.03791,31648.6666666667,.,.
p48_utilitypv_class1_moderate_1,2028,1354144.720312,19396.3333333333,.,.
p48_utilitypv_class1_moderate_2,2028,1354144.720312,19396.3333333333,.,.
p49_naturalgas_1on1_combined_cycle_hframe_moderate_0,2028,1875510,40349.6666666667,.,.
p49_naturalgas_combustion_turbine_fframe_moderate_0,2028,1461460,26797.6666666667,.,.
p49_utilityscale_battery_storage_lithium_ion_advanced_0,2028,185714.004248,5162.33333333333,200138.18008,6178
p49_landbasedwind_class3_moderate_1,2028,1319569.03791,31648.6666666667,.,.
p49_landbasedwind_class3_moderate_2,2028,1319569.03791,31648.6666666667,.,.
p49_utilitypv_class1_moderate_1,2028,1354144.720312,19396.3333333333,.,.
p49_utilitypv_class1_moderate_2,2028,1354144.720312,19396.3333333333,.,.
p50_naturalgas_1on1_combined_cycle_hframe_moderate_0,2028,1875510,40349.6666666667,.,.
p50_naturalgas_combustion_turbine_fframe_moderate_0,2028,1461460,26797.6666666667,.,.
p50_utilityscale_battery_storage_lithium_ion_advanced_0,2028,185714.004248,5162.33333333333,200138.18008,6178
p50_landbasedwind_class3_moderate_1,2028,1319569.03791,31648.6666666667,.,.
p50_landbasedwind_class3_moderate_2,2028,1319569.03791,31648.6666666667,.,.
p50_utilitypv_class1_moderate_1,2028,1354144.720312,19396.3333333333,.,.
p50_utilitypv_class1_moderate_2,2028,1354144.720312,19396.3333333333,.,.
p51_naturalgas_1on1_combined_cycle_hframe_moderate_0,2028,1875510,40349.6666666667,.,.
p51_naturalgas_combustion_turbine_fframe_moderate_0,2028,1461460,26797.6666666667,.,.
p51_utilityscale_battery_storage_lithium_ion_advanced_0,2028,185714.004248,5162.33333333333,200138.18008,6178
p51_landbasedwind_class3_moderate_1,2028,1319569.03791,31648.6666666667,.,.
p51_landbasedwind_class3_moderate_2,2028,1319569.03791,31648.6666666667,.,.
p51_utilitypv_class1_moderate_1,2028,1354144.720312,19396.3333333333,.,.
p51_utilitypv_class1_moderate_2,2028,1354144.720312,19396.3333333333,.,.
p52_naturalgas_1on1_combined_cycle_hframe_moderate_0,2028,1990926,40349.6666666667,.,.
p52_naturalgas_combustion_turbine_fframe_moderate_0,2028,1551396,26797.6666666667,.,.
p52_utilityscale_battery_storage_lithium_ion_advanced_0,2028,188796.39436,5162.33333333333,203459.9756,6178
p52_landbasedwind_class3_moderate_1,2028,1377856.750014,31648.6666666667,.,.
p52_landbasedwind_class3_moderate_2,2028,1377856.750014,31648.6666666667,.,.
p52_utilitypv_class1_moderate_1,2028,1396320.529176,19396.3333333333,.,.
p52_utilitypv_class1_moderate_2,2028,1396320.529176,19396.3333333333,.,.
p53_naturalgas_1on1_combined_cycle_hframe_moderate_0,2028,1990926,40349.6666666667,.,.
p53_naturalgas_combustion_turbine_fframe_moderate_0,2028,1551396,26797.6666666667,.,.
p53_utilityscale_battery_storage_lithium_ion_advanced_0,2028,188796.39436,5162.33333333333,203459.9756,6178
p53_landbasedwind_class3_moderate_1,2028,1377856.750014,31648.6666666667,.,.
p53_landbasedwind_class3_moderate_2,2028,1377856.750014,31648.6666666667,.,.
p53_utilitypv_class1_moderate_1,2028,1396320.529176,19396.3333333333,.,.
p53_utilitypv_class1_moderate_2,2028,1396320.529176,19396.3333333333,.,.
p54_naturalgas_1on1_combined_cycle_hframe_moderate_0,2028,1990926,40349.6666666667,.,.
p54_naturalgas_combustion_turbine_fframe_moderate_0,2028,1551396,26797.6666666667,.,.
p54_utilityscale_battery_storage_lithium_ion_advanced_0,2028,188796.39436,5162.33333333333,203459.9756,6178
p54_landbasedwind_class3_moderate_1,2028,1377856.750014,31648.6666666667,.,.
p54_landbasedwind_class3_moderate_2,2028,1377856.750014,31648.6666666667,.,.
p54_utilitypv_class1_moderate_1,2028,1396320.529176,19396.3333333333,.,.
p54_utilitypv_class1_moderate_2,2028,1396320.529176,19396.3333333333,.,.
p55_naturalgas_1on1_combined_cycle_hframe_moderate_0,2028,1990926,40349.6666666667,.,.
p55_naturalgas_combustion_turbine_fframe_moderate_0,2028,1551396,26797.6666666667,.,.
p55_utilityscale_battery_storage_lithium_ion_advanced_0,2028,188796.39436,5162.33333333333,203459.9756,6178
p55_landbasedwind_class3_moderate_1,2028,1377856.750014,31648.6666666667,.,.
p55_landbasedwind_class3_moderate_2,2028,1377856.750014,31648.6666666667,.,.
p55_utilitypv_class1_moderate_1,2028,1396320.529176,19396.3333333333,.,.
p55_utilitypv_class1_moderate_2,2028,1396320.529176,19396.3333333333,.,.
p56_naturalgas_1on1_combined_cycle_hframe_moderate_0,2028,1875510,40349.6666666667,.,.
p56_naturalgas_combustion_turbine_fframe_moderate_0,2028,1461460,26797.6666666667,.,.
p56_utilityscale_battery_storage_lithium_ion_advanced_0,2028,185714.004248,5162.33333333333,200138.18008,6178
p56_landbasedwind_class3_moderate_1,2028,1319569.03791,31648.6666666667,.,.
p56_landbasedwind_class3_moderate_2,2028,1319569.03791,31648.6666666667,.,.
p56_utilitypv_class1_moderate_1,2028,1354144.720312,19396.3333333333,.,.
p56_utilitypv_class1_moderate_2,2028,1354144.720312,19396.3333333333,.,.
p57_naturalgas_1on1_combined_cycle_hframe_moderate_0,2028,1875510,40349.6666666667,.,.
p57_naturalgas_combustion_turbine_fframe_moderate_0,2028,1461460,26797.6666666667,.,.
p57_utilityscale_battery_storage_lithium_ion_advanced_0,2028,185714.004248,5162.33333333333,200138.18008,6178
p57_landbasedwind_class3_moderate_1,2028,1319569.03791,31648.6666666667,.,.
p57_landbasedwind_class3_moderate_2,2028,1319569.03791,31648.6666666667,.,.
p57_utilitypv_class1_moderate_1,2028,1354144.720312,19396.3333333333,.,.
p57_utilitypv_class1_moderate_2,2028,1354144.720312,19396.3333333333,.,.
p58_naturalgas_1on1_combined_cycle_hframe_moderate_0,2028,1937340,40349.6666666667,.,.
p58_naturalgas_combustion_turbine_fframe_moderate_0,2028,1504822,26797.6666666667,.,.
p58_utilityscale_battery_storage_lithium_ion_advanced_0,2028,193805.278292,5162.33333333333,208857.89332,6178
p58_landbasedwind_class3_moderate_1,2028,1249947.604008,31648.6666666667,.,.
p58_landbasedwind_class3_moderate_2,2028,1249947.604008,31648.6666666667,.,.
p58_utilitypv_class1_moderate_1,2028,1372220.066968,19396.3333333333,.,.
p58_utilitypv_class1_moderate_2,2028,1372220.066968,19396.3333333333,.,.
p58_offshorewind_class3_moderate_fixed_1_1,2028,4996370.671326,84215.3333333333,.,.
p58_offshorewind_class3_moderate_fixed_1_2,2028,4996370.671326,84215.3333333333,.,.
p58_offshorewind_class3_moderate_fixed_0_1,2028,4996370.671326,84215.3333333333,.,.
p58_offshorewind_class3_moderate_fixed_0_2,2028,4996370.671326,84215.3333333333,.,.
p59_naturalgas_1on1_combined_cycle_hframe_moderate_0,2028,1780704,40349.6666666667,.,.
p59_naturalgas_combustion_turbine_fframe_moderate_0,2028,1369918,26797.6666666667,.,.
p59_utilityscale_battery_storage_lithium_ion_advanced_0,2028,190144.940034,5162.33333333333,204913.26114,6178
p59_landbasedwind_class3_moderate_1,2028,1562434.50501,31648.6666666667,.,.
p59_landbasedwind_class3_moderate_2,2028,1562434.50501,31648.6666666667,.,.
p59_utilitypv_class1_moderate_1,2028,1533391.907984,19396.3333333333,.,.
p59_utilitypv_class1_moderate_2,2028,1533391.907984,19396.3333333333,.,.
p60_naturalgas_1on1_combined_cycle_hframe_moderate_0,2028,1832229,40349.6666666667,.,.
p60_naturalgas_combustion_turbine_fframe_moderate_0,2028,1411674,26797.6666666667,.,.
p60_utilityscale_battery_storage_lithium_ion_advanced_0,2028,185328.705484,5162.33333333333,199722.95564,6178
p60_landbasedwind_class3_moderate_1,2028,1288806.078744,31648.6666666667,.,.
p60_landbasedwind_class3_moderate_2,2028,1288806.078744,31648.6666666667,.,.
p60_utilitypv_class1_moderate_1,2028,1330044.258104,19396.3333333333,.,.
p60_utilitypv_class1_moderate_2,2028,1330044.258104,19396.3333333333,.,.
p61_naturalgas_1on1_combined_cycle_hframe_moderate_0,2028,1832229,40349.6666666667,.,.
p61_naturalgas_combustion_turbine_fframe_moderate_0,2028,1411674,26797.6666666667,.,.
p61_utilityscale_battery_storage_lithium_ion_advanced_0,2028,185328.705484,5162.33333333333,199722.95564,6178
p61_landbasedwind_class3_moderate_1,2028,1288806.078744,31648.6666666667,.,.
p61_landbasedwind_class3_moderate_2,2028,1288806.078744,31648.6666666667,.,.
p61_utilitypv_class1_moderate_1,2028,1330044.258104,19396.3333333333,.,.
p61_utilitypv_class1_moderate_2,2028,1330044.258104,19396.3333333333,.,.
p62_naturalgas_1on1_combined_cycle_hframe_moderate_0,2028,1832229,40349.6666666667,.,.
p62_naturalgas_combustion_turbine_fframe_moderate_0,2028,1411674,26797.6666666667,.,.
p62_utilityscale_battery_storage_lithium_ion_advanced_0,2028,185328.705484,5162.33333333333,199722.95564,6178
p62_landbasedwind_class3_moderate_1,2028,1288806.078744,31648.6666666667,.,.
p62_landbasedwind_class3_moderate_2,2028,1288806.078744,31648.6666666667,.,.
p62_utilitypv_class1_moderate_1,2028,1330044.258104,19396.3333333333,.,.
p62_utilitypv_class1_moderate_2,2028,1330044.258104,19396.3333333333,.,.
p63_naturalgas_1on1_combined_cycle_hframe_moderate_0,2028,1832229,40349.6666666667,.,.
p63_naturalgas_combustion_turbine_fframe_moderate_0,2028,1411674,26797.6666666667,.,.
p63_utilityscale_battery_storage_lithium_ion_advanced_0,2028,185328.705484,5162.33333333333,199722.95564,6178
p63_landbasedwind_class3_moderate_1,2028,1288806.078744,31648.6666666667,.,.
p63_landbasedwind_class3_moderate_2,2028,1288806.078744,31648.6666666667,.,.
p63_utilitypv_class1_moderate_1,2028,1330044.258104,19396.3333333333,.,.
p63_utilitypv_class1_moderate_2,2028,1330044.258104,19396.3333333333,.,.
p64_naturalgas_1on1_combined_cycle_hframe_moderate_0,2028,1832229,40349.6666666667,.,.
p64_naturalgas_combustion_turbine_fframe_moderate_0,2028,1411674,26797.6666666667,.,.
p64_utilityscale_battery_storage_lithium_ion_advanced_0,2028,185328.705484,5162.33333333333,199722.95564,6178
p64_landbasedwind_class3_moderate_1,2028,1288806.078744,31648.6666666667,.,.
p64_landbasedwind_class3_moderate_2,2028,1288806.078744,31648.6666666667,.,.
p64_utilitypv_class1_moderate_1,2028,1330044.258104,19396.3333333333,.,.
p64_utilitypv_class1_moderate_2,2028,1330044.258104,19396.3333333333,.,.
p64_offshorewind_class3_moderate_fixed_1_1,2028,4561675.948349,84215.3333333333,.,.
p64_offshorewind_class3_moderate_fixed_1_2,2028,4561675.948349,84215.3333333333,.,.
p64_offshorewind_class3_moderate_fixed_0_1,2028,4561675.948349,84215.3333333333,.,.
p64_offshorewind_class3_moderate_fixed_0_2,2028,4561675.948349,84215.3333333333,.,.
p65_naturalgas_1on1_combined_cycle_hframe_moderate_0,2028,1832229,40349.6666666667,.,.
p65_naturalgas_combustion_turbine_fframe_moderate_0,2028,1411674,26797.6666666667,.,.
p65_utilityscale_battery_storage_lithium_ion_advanced_0,2028,185328.705484,5162.33333333333,199722.95564,6178
p65_landbasedwind_class3_moderate_1,2028,1288806.078744,31648.6666666667,.,.
p65_landbasedwind_class3_moderate_2,2028,1288806.078744,31648.6666666667,.,.
p65_utilitypv_class1_moderate_1,2028,1330044.258104,19396.3333333333,.,.
p65_utilitypv_class1_moderate_2,2028,1330044.258104,19396.3333333333,.,.
p65_offshorewind_class3_moderate_fixed_1_1,2028,4561675.948349,84215.3333333333,.,.
p65_offshorewind_class3_moderate_fixed_1_2,2028,4561675.948349,84215.3333333333,.,.
p65_offshorewind_class3_moderate_fixed_0_1,2028,4561675.948349,84215.3333333333,.,.
p65_offshorewind_class3_moderate_fixed_0_2,2028,4561675.948349,84215.3333333333,.,.
p65_imports_base_base_1,2028,0,0,.,.
p66_naturalgas_1on1_combined_cycle_hframe_moderate_0,2028,1937340,40349.6666666667,.,.
p66_naturalgas_combustion_turbine_fframe_moderate_0,2028,1504822,26797.6666666667,.,.
p66_utilityscale_battery_storage_lithium_ion_advanced_0,2028,193805.278292,5162.33333333333,208857.89332,6178
p66_landbasedwind_class3_moderate_1,2028,1249947.604008,31648.6666666667,.,.
p66_landbasedwind_class3_moderate_2,2028,1249947.604008,31648.6666666667,.,.
p66_utilitypv_class1_moderate_1,2028,1372220.066968,19396.3333333333,.,.
p66_utilitypv_class1_moderate_2,2028,1372220.066968,19396.3333333333,.,.
p66_offshorewind_class3_moderate_fixed_1_1,2028,4996370.671326,84215.3333333333,.,.
p66_offshorewind_class3_moderate_fixed_1_2,2028,4996370.671326,84215.3333333333,.,.
p66_offshorewind_class3_moderate_fixed_0_1,2028,4996370.671326,84215.3333333333,.,.
p66_offshorewind_class3_moderate_fixed_0_2,2028,4996370.671326,84215.3333333333,.,.
p67_naturalgas_1on1_combined_cycle_hframe_moderate_0,2028,1832229,40349.6666666667,.,.
p67_naturalgas_combustion_turbine_fframe_moderate_0,2028,1411674,26797.6666666667,.,.
p67_utilityscale_battery_storage_lithium_ion_advanced_0,2028,185328.705484,5162.33333333333,199722.95564,6178
p67_landbasedwind_class3_moderate_1,2028,1288806.078744,31648.6666666667,.,.
p67_landbasedwind_class3_moderate_2,2028,1288806.078744,31648.6666666667,.,.
p67_utilitypv_class1_moderate_1,2028,1330044.258104,19396.3333333333,.,.
p67_utilitypv_class1_moderate_2,2028,1330044.258104,19396.3333333333,.,.
p67_offshorewind_class3_moderate_fixed_1_1,2028,4561675.948349,84215.3333333333,.,.
p67_offshorewind_class3_moderate_fixed_1_2,2028,4561675.948349,84215.3333333333,.,.
p67_offshorewind_class3_moderate_fixed_0_1,2028,4561675.948349,84215.3333333333,.,.
p67_offshorewind_class3_moderate_fixed_0_2,2028,4561675.948349,84215.3333333333,.,.
p68_naturalgas_1on1_combined_cycle_hframe_moderate_0,2028,2098098,40349.6666666667,.,.
p68_naturalgas_combustion_turbine_fframe_moderate_0,2028,1655786,26797.6666666667,.,.
p68_utilityscale_battery_storage_lithium_ion_advanced_0,2028,187640.498068,5162.33333333333,202214.30228,6178
p68_landbasedwind_class3_moderate_1,2028,1395666.884268,31648.6666666667,.,.
p68_landbasedwind_class3_moderate_2,2028,1395666.884268,31648.6666666667,.,.
p68_utilitypv_class1_moderate_1,2028,1412889.596944,19396.3333333333,.,.
p68_utilitypv_class1_moderate_2,2028,1412889.596944,19396.3333333333,.,.
p69_naturalgas_1on1_combined_cycle_hframe_moderate_0,2028,2098098,40349.6666666667,.,.
p69_naturalgas_combustion_turbine_fframe_moderate_0,2028,1655786,26797.6666666667,.,.
p69_utilityscale_battery_storage_lithium_ion_advanced_0,2028,187640.498068,5162.33333333333,202214.30228,6178
p69_landbasedwind_class3_moderate_1,2028,1395666.884268,31648.6666666667,.,.
p69_landbasedwind_class3_moderate_2,2028,1395666.884268,31648.6666666667,.,.
p69_utilitypv_class1_moderate_1,2028,1412889.596944,19396.3333333333,.,.
p69_utilitypv_class1_moderate_2,2028,1412889.596944,19396.3333333333,.,.
p70_naturalgas_1on1_combined_cycle_hframe_moderate_0,2028,2098098,40349.6666666667,.,.
p70_naturalgas_combustion_turbine_fframe_moderate_0,2028,1655786,26797.6666666667,.,.
p70_utilityscale_battery_storage_lithium_ion_advanced_0,2028,187640.498068,5162.33333333333,202214.30228,6178
p70_landbasedwind_class3_moderate_1,2028,1395666.884268,31648.6666666667,.,.
p70_landbasedwind_class3_moderate_2,2028,1395666.884268,31648.6666666667,.,.
p70_utilitypv_class1_moderate_1,2028,1412889.596944,19396.3333333333,.,.
p70_utilitypv_class1_moderate_2,2028,1412889.596944,19396.3333333333,.,.
p71_naturalgas_1on1_combined_cycle_hframe_moderate_0,2028,2071305,40349.6666666667,.,.
p71_naturalgas_combustion_turbine_fframe_moderate_0,2028,1623666,26797.6666666667,.,.
p71_utilityscale_battery_storage_lithium_ion_advanced_0,2028,196309.720258,5162.33333333333,211556.85218,6178
p71_landbasedwind_class3_moderate_1,2028,1313092.625454,31648.6666666667,.,.
p71_landbasedwind_class3_moderate_2,2028,1313092.625454,31648.6666666667,.,.
p71_utilitypv_class1_moderate_1,2028,1417408.433608,19396.3333333333,.,.
p71_utilitypv_class1_moderate_2,2028,1417408.433608,19396.3333333333,.,.
p72_naturalgas_1on1_combined_cycle_hframe_moderate_0,2028,2071305,40349.6666666667,.,.
p72_naturalgas_combustion_turbine_fframe_moderate_0,2028,1623666,26797.6666666667,.,.
p72_utilityscale_battery_storage_lithium_ion_advanced_0,2028,196309.720258,5162.33333333333,211556.85218,6178
p72_landbasedwind_class3_moderate_1,2028,1313092.625454,31648.6666666667,.,.
p72_landbasedwind_class3_moderate_2,2028,1313092.625454,31648.6666666667,.,.
p72_utilitypv_class1_moderate_1,2028,1417408.433608,19396.3333333333,.,.
p72_utilitypv_class1_moderate_2,2028,1417408.433608,19396.3333333333,.,.
p73_naturalgas_1on1_combined_cycle_hframe_moderate_0,2028,2071305,40349.6666666667,.,.
p73_naturalgas_combustion_turbine_fframe_moderate_0,2028,1623666,26797.6666666667,.,.
p73_utilityscale_battery_storage_lithium_ion_advanced_0,2028,196309.720258,5162.33333333333,211556.85218,6178
p73_landbasedwind_class3_moderate_1,2028,1313092.625454,31648.6666666667,.,.
p73_landbasedwind_class3_moderate_2,2028,1313092.625454,31648.6666666667,.,.
p73_utilitypv_class1_moderate_1,2028,1417408.433608,19396.3333333333,.,.
p73_utilitypv_class1_moderate_2,2028,1417408.433608,19396.3333333333,.,.
p74_naturalgas_1on1_combined_cycle_hframe_moderate_0,2028,2098098,40349.6666666667,.,.
p74_naturalgas_combustion_turbine_fframe_moderate_0,2028,1655786,26797.6666666667,.,.
p74_utilityscale_battery_storage_lithium_ion_advanced_0,2028,187640.498068,5162.33333333333,202214.30228,6178
p74_landbasedwind_class3_moderate_1,2028,1395666.884268,31648.6666666667,.,.
p74_landbasedwind_class3_moderate_2,2028,1395666.884268,31648.6666666667,.,.
p74_utilitypv_class1_moderate_1,2028,1412889.596944,19396.3333333333,.,.
p74_utilitypv_class1_moderate_2,2028,1412889.596944,19396.3333333333,.,.
p74_offshorewind_class3_moderate_fixed_1_1,2028,5043506.243697,84215.3333333333,.,.
p74_offshorewind_class3_moderate_fixed_1_2,2028,5043506.243697,84215.3333333333,.,.
p74_offshorewind_class3_moderate_fixed_0_1,2028,5043506.243697,84215.3333333333,.,.
p74_offshorewind_class3_moderate_fixed_0_2,2028,5043506.243697,84215.3333333333,.,.
p75_naturalgas_1on1_combined_cycle_hframe_moderate_0,2028,2098098,40349.6666666667,.,.
p75_naturalgas_combustion_turbine_fframe_moderate_0,2028,1655786,26797.6666666667,.,.
p75_utilityscale_battery_storage_lithium_ion_advanced_0,2028,187640.498068,5162.33333333333,202214.30228,6178
p75_landbasedwind_class3_moderate_1,2028,1395666.884268,31648.6666666667,.,.
p75_landbasedwind_class3_moderate_2,2028,1395666.884268,31648.6666666667,.,.
p75_utilitypv_class1_moderate_1,2028,1412889.596944,19396.3333333333,.,.
p75_utilitypv_class1_moderate_2,2028,1412889.596944,19396.3333333333,.,.
p75_offshorewind_class3_moderate_fixed_1_1,2028,5043506.243697,84215.3333333333,.,.
p75_offshorewind_class3_moderate_fixed_1_2,2028,5043506.243697,84215.3333333333,.,.
p75_offshorewind_class3_moderate_fixed_0_1,2028,5043506.243697,84215.3333333333,.,.
p75_offshorewind_class3_moderate_fixed_0_2,2028,5043506.243697,84215.3333333333,.,.
p76_naturalgas_1on1_combined_cycle_hframe_moderate_0,2028,2098098,40349.6666666667,.,.
p76_naturalgas_combustion_turbine_fframe_moderate_0,2028,1655786,26797.6666666667,.,.
p76_utilityscale_battery_storage_lithium_ion_advanced_0,2028,187640.498068,5162.33333333333,202214.30228,6178
p76_landbasedwind_class3_moderate_1,2028,1395666.884268,31648.6666666667,.,.
p76_landbasedwind_class3_moderate_2,2028,1395666.884268,31648.6666666667,.,.
p76_utilitypv_class1_moderate_1,2028,1412889.596944,19396.3333333333,.,.
p76_utilitypv_class1_moderate_2,2028,1412889.596944,19396.3333333333,.,.
p76_offshorewind_class3_moderate_fixed_1_1,2028,5043506.243697,84215.3333333333,.,.
p76_offshorewind_class3_moderate_fixed_1_2,2028,5043506.243697,84215.3333333333,.,.
p76_offshorewind_class3_moderate_fixed_0_1,2028,5043506.243697,84215.3333333333,.,.
p76_offshorewind_class3_moderate_fixed_0_2,2028,5043506.243697,84215.3333333333,.,.
p77_naturalgas_1on1_combined_cycle_hframe_moderate_0,2028,2098098,40349.6666666667,.,.
p77_naturalgas_combustion_turbine_fframe_moderate_0,2028,1655786,26797.6666666667,.,.
p77_utilityscale_battery_storage_lithium_ion_advanced_0,2028,187640.498068,5162.33333333333,202214.30228,6178
p77_landbasedwind_class3_moderate_1,2028,1395666.884268,31648.6666666667,.,.
p77_landbasedwind_class3_moderate_2,2028,1395666.884268,31648.6666666667,.,.
p77_utilitypv_class1_moderate_1,2028,1412889.596944,19396.3333333333,.,.
p77_utilitypv_class1_moderate_2,2028,1412889.596944,19396.3333333333,.,.
p78_naturalgas_1on1_combined_cycle_hframe_moderate_0,2028,2098098,40349.6666666667,.,.
p78_naturalgas_combustion_turbine_fframe_moderate_0,2028,1655786,26797.6666666667,.,.
p78_utilityscale_battery_storage_lithium_ion_advanced_0,2028,187640.498068,5162.33333333333,202214.30228,6178
p78_landbasedwind_class3_moderate_1,2028,1395666.884268,31648.6666666667,.,.
p78_landbasedwind_class3_moderate_2,2028,1395666.884268,31648.6666666667,.,.
p78_utilitypv_class1_moderate_1,2028,1412889.596944,19396.3333333333,.,.
p78_utilitypv_class1_moderate_2,2028,1412889.596944,19396.3333333333,.,.
p79_naturalgas_1on1_combined_cycle_hframe_moderate_0,2028,2098098,40349.6666666667,.,.
p79_naturalgas_combustion_turbine_fframe_moderate_0,2028,1655786,26797.6666666667,.,.
p79_utilityscale_battery_storage_lithium_ion_advanced_0,2028,187640.498068,5162.33333333333,202214.30228,6178
p79_landbasedwind_class3_moderate_1,2028,1395666.884268,31648.6666666667,.,.
p79_landbasedwind_class3_moderate_2,2028,1395666.884268,31648.6666666667,.,.
p79_utilitypv_class1_moderate_1,2028,1412889.596944,19396.3333333333,.,.
p79_utilitypv_class1_moderate_2,2028,1412889.596944,19396.3333333333,.,.
p79_offshorewind_class3_moderate_fixed_1_1,2028,5043506.243697,84215.3333333333,.,.
p79_offshorewind_class3_moderate_fixed_1_2,2028,5043506.243697,84215.3333333333,.,.
p79_offshorewind_class3_moderate_fixed_0_1,2028,5043506.243697,84215.3333333333,.,.
p79_offshorewind_class3_moderate_fixed_0_2,2028,5043506.243697,84215.3333333333,.,.
p80_naturalgas_1on1_combined_cycle_hframe_moderate_0,2028,2477322,40349.6666666667,.,.
p80_naturalgas_combustion_turbine_fframe_moderate_0,2028,1923988,26797.6666666667,.,.
p80_utilityscale_battery_storage_lithium_ion_advanced_0,2028,200740.656044,5162.33333333333,216331.93324,6178
p80_landbasedwind_class3_moderate_1,2028,1865206.787328,31648.6666666667,.,.
p80_landbasedwind_class3_moderate_2,2028,1865206.787328,31648.6666666667,.,.
p80_utilitypv_class1_moderate_1,2028,1568036.322408,19396.3333333333,.,.
p80_utilitypv_class1_moderate_2,2028,1568036.322408,19396.3333333333,.,.
p80_offshorewind_class3_moderate_fixed_1_1,2028,5719116.114348,84215.3333333333,.,.
p80_offshorewind_class3_moderate_fixed_1_2,2028,5719116.114348,84215.3333333333,.,.
p80_offshorewind_class3_moderate_fixed_0_1,2028,5719116.114348,84215.3333333333,.,.
p80_offshorewind_class3_moderate_fixed_0_2,2028,5719116.114348,84215.3333333333,.,.
p81_naturalgas_1on1_combined_cycle_hframe_moderate_0,2028,2071305,40349.6666666667,.,.
p81_naturalgas_combustion_turbine_fframe_moderate_0,2028,1623666,26797.6666666667,.,.
p81_utilityscale_battery_storage_lithium_ion_advanced_0,2028,196309.720258,5162.33333333333,211556.85218,6178
p81_landbasedwind_class3_moderate_1,2028,1313092.625454,31648.6666666667,.,.
p81_landbasedwind_class3_moderate_2,2028,1313092.625454,31648.6666666667,.,.
p81_utilitypv_class1_moderate_1,2028,1417408.433608,19396.3333333333,.,.
p81_utilitypv_class1_moderate_2,2028,1417408.433608,19396.3333333333,.,.
p82_naturalgas_1on1_combined_cycle_hframe_moderate_0,2028,2071305,40349.6666666667,.,.
p82_naturalgas_combustion_turbine_fframe_moderate_0,2028,1623666,26797.6666666667,.,.
p82_utilityscale_battery_storage_lithium_ion_advanced_0,2028,196309.720258,5162.33333333333,211556.85218,6178
p82_landbasedwind_class3_moderate_1,2028,1313092.625454,31648.6666666667,.,.
p82_landbasedwind_class3_moderate_2,2028,1313092.625454,31648.6666666667,.,.
p82_utilitypv_class1_moderate_1,2028,1417408.433608,19396.3333333333,.,.
p82_utilitypv_class1_moderate_2,2028,1417408.433608,19396.3333333333,.,.
p83_naturalgas_1on1_combined_cycle_hframe_moderate_0,2028,2071305,40349.6666666667,.,.
p83_naturalgas_combustion_turbine_fframe_moderate_0,2028,1623666,26797.6666666667,.,.
p83_utilityscale_battery_storage_lithium_ion_advanced_0,2028,196309.720258,5162.33333333333,211556.85218,6178
p83_landbasedwind_class3_moderate_1,2028,1313092.625454,31648.6666666667,.,.
p83_landbasedwind_class3_moderate_2,2028,1313092.625454,31648.6666666667,.,.
p83_utilitypv_class1_moderate_1,2028,1417408.433608,19396.3333333333,.,.
p83_utilitypv_class1_moderate_2,2028,1417408.433608,19396.3333333333,.,.
p84_naturalgas_1on1_combined_cycle_hframe_moderate_0,2028,2071305,40349.6666666667,.,.
p84_naturalgas_combustion_turbine_fframe_moderate_0,2028,1623666,26797.6666666667,.,.
p84_utilityscale_battery_storage_lithium_ion_advanced_0,2028,196309.720258,5162.33333333333,211556.85218,6178
p84_landbasedwind_class3_moderate_1,2028,1313092.625454,31648.6666666667,.,.
p84_landbasedwind_class3_moderate_2,2028,1313092.625454,31648.6666666667,.,.
p84_utilitypv_class1_moderate_1,2028,1417408.433608,19396.3333333333,.,.
p84_utilitypv_class1_moderate_2,2028,1417408.433608,19396.3333333333,.,.
p85_naturalgas_1on1_combined_cycle_hframe_moderate_0,2028,1937340,40349.6666666667,.,.
p85_naturalgas_combustion_turbine_fframe_moderate_0,2028,1504822,26797.6666666667,.,.
p85_utilityscale_battery_storage_lithium_ion_advanced_0,2028,193805.278292,5162.33333333333,208857.89332,6178
p85_landbasedwind_class3_moderate_1,2028,1249947.604008,31648.6666666667,.,.
p85_landbasedwind_class3_moderate_2,2028,1249947.604008,31648.6666666667,.,.
p85_utilitypv_class1_moderate_1,2028,1372220.066968,19396.3333333333,.,.
p85_utilitypv_class1_moderate_2,2028,1372220.066968,19396.3333333333,.,.
p86_naturalgas_1on1_combined_cycle_hframe_moderate_0,2028,1937340,40349.6666666667,.,.
p86_naturalgas_combustion_turbine_fframe_moderate_0,2028,1504822,26797.6666666667,.,.
p86_utilityscale_battery_storage_lithium_ion_advanced_0,2028,193805.278292,5162.33333333333,208857.89332,6178
p86_landbasedwind_class3_moderate_1,2028,1249947.604008,31648.6666666667,.,.
p86_landbasedwind_class3_moderate_2,2028,1249947.604008,31648.6666666667,.,.
p86_utilitypv_class1_moderate_1,2028,1372220.066968,19396.3333333333,.,.
p86_utilitypv_class1_moderate_2,2028,1372220.066968,19396.3333333333,.,.
p87_naturalgas_1on1_combined_cycle_hframe_moderate_0,2028,1937340,40349.6666666667,.,.
p87_naturalgas_combustion_turbine_fframe_moderate_0,2028,1504822,26797.6666666667,.,.
p87_utilityscale_battery_storage_lithium_ion_advanced_0,2028,193805.278292,5162.33333333333,208857.89332,6178
p87_landbasedwind_class3_moderate_1,2028,1249947.604008,31648.6666666667,.,.
p87_landbasedwind_class3_moderate_2,2028,1249947.604008,31648.6666666667,.,.
p87_utilitypv_class1_moderate_1,2028,1372220.066968,19396.3333333333,.,.
p87_utilitypv_class1_moderate_2,2028,1372220.066968,19396.3333333333,.,.
p88_naturalgas_1on1_combined_cycle_hframe_moderate_0,2028,1964133,40349.6666666667,.,.
p88_naturalgas_combustion_turbine_fframe_moderate_0,2028,1536942,26797.6666666667,.,.
p88_utilityscale_battery_storage_lithium_ion_advanced_0,2028,193227.330146,5162.33333333333,208235.05666,6178
p88_landbasedwind_class3_moderate_1,2028,1253185.810236,31648.6666666667,.,.
p88_landbasedwind_class3_moderate_2,2028,1253185.810236,31648.6666666667,.,.
p88_utilitypv_class1_moderate_1,2028,1382764.019184,19396.3333333333,.,.
p88_utilitypv_class1_moderate_2,2028,1382764.019184,19396.3333333333,.,.
p89_naturalgas_1on1_combined_cycle_hframe_moderate_0,2028,1908486,40349.6666666667,.,.
p89_naturalgas_combustion_turbine_fframe_moderate_0,2028,1483944,26797.6666666667,.,.
p89_utilityscale_battery_storage_lithium_ion_advanced_0,2028,188989.043742,5162.33333333333,203667.58782,6178
p89_landbasedwind_class3_moderate_1,2028,1533290.648958,31648.6666666667,.,.
p89_landbasedwind_class3_moderate_2,2028,1533290.648958,31648.6666666667,.,.
p89_utilitypv_class1_moderate_1,2028,1369207.509192,19396.3333333333,.,.
p89_utilitypv_class1_moderate_2,2028,1369207.509192,19396.3333333333,.,.
p90_naturalgas_1on1_combined_cycle_hframe_moderate_0,2028,1908486,40349.6666666667,.,.
p90_naturalgas_combustion_turbine_fframe_moderate_0,2028,1483944,26797.6666666667,.,.
p90_utilityscale_battery_storage_lithium_ion_advanced_0,2028,188989.043742,5162.33333333333,203667.58782,6178
p90_landbasedwind_class3_moderate_1,2028,1533290.648958,31648.6666666667,.,.
p90_landbasedwind_class3_moderate_2,2028,1533290.648958,31648.6666666667,.,.
p90_utilitypv_class1_moderate_1,2028,1369207.509192,19396.3333333333,.,.
p90_utilitypv_class1_moderate_2,2028,1369207.509192,19396.3333333333,.,.
p90_offshorewind_class3_moderate_fixed_1_1,2028,5027794.38624,84215.3333333333,.,.
p90_offshorewind_class3_moderate_fixed_1_2,2028,5027794.38624,84215.3333333333,.,.
p90_offshorewind_class3_moderate_fixed_0_1,2028,5027794.38624,84215.3333333333,.,.
p90_offshorewind_class3_moderate_fixed_0_2,2028,5027794.38624,84215.3333333333,.,.
p91_naturalgas_1on1_combined_cycle_hframe_moderate_0,2028,1908486,40349.6666666667,.,.
p91_naturalgas_combustion_turbine_fframe_moderate_0,2028,1483944,26797.6666666667,.,.
p91_utilityscale_battery_storage_lithium_ion_advanced_0,2028,188989.043742,5162.33333333333,203667.58782,6178
p91_landbasedwind_class3_moderate_1,2028,1533290.648958,31648.6666666667,.,.
p91_landbasedwind_class3_moderate_2,2028,1533290.648958,31648.6666666667,.,.
p91_utilitypv_class1_moderate_1,2028,1369207.509192,19396.3333333333,.,.
p91_utilitypv_class1_moderate_2,2028,1369207.509192,19396.3333333333,.,.
p91_offshorewind_class3_moderate_fixed_1_1,2028,5027794.38624,84215.3333333333,.,.
p91_offshorewind_class3_moderate_fixed_1_2,2028,5027794.38624,84215.3333333333,.,.
p91_offshorewind_class3_moderate_fixed_0_1,2028,5027794.38624,84215.3333333333,.,.
p91_offshorewind_class3_moderate_fixed_0_2,2028,5027794.38624,84215.3333333333,.,.
p92_naturalgas_1on1_combined_cycle_hframe_moderate_0,2028,1964133,40349.6666666667,.,.
p92_naturalgas_combustion_turbine_fframe_moderate_0,2028,1536942,26797.6666666667,.,.
p92_utilityscale_battery_storage_lithium_ion_advanced_0,2028,193227.330146,5162.33333333333,208235.05666,6178
p92_landbasedwind_class3_moderate_1,2028,1253185.810236,31648.6666666667,.,.
p92_landbasedwind_class3_moderate_2,2028,1253185.810236,31648.6666666667,.,.
p92_utilitypv_class1_moderate_1,2028,1382764.019184,19396.3333333333,.,.
p92_utilitypv_class1_moderate_2,2028,1382764.019184,19396.3333333333,.,.
p93_naturalgas_1on1_combined_cycle_hframe_moderate_0,2028,1964133,40349.6666666667,.,.
p93_naturalgas_combustion_turbine_fframe_moderate_0,2028,1536942,26797.6666666667,.,.
p93_utilityscale_battery_storage_lithium_ion_advanced_0,2028,193227.330146,5162.33333333333,208235.05666,6178
p93_landbasedwind_class3_moderate_1,2028,1253185.810236,31648.6666666667,.,.
p93_landbasedwind_class3_moderate_2,2028,1253185.810236,31648.6666666667,.,.
p93_utilitypv_class1_moderate_1,2028,1382764.019184,19396.3333333333,.,.
p93_utilitypv_class1_moderate_2,2028,1382764.019184,19396.3333333333,.,.
p94_naturalgas_1on1_combined_cycle_hframe_moderate_0,2028,1908486,40349.6666666667,.,.
p94_naturalgas_combustion_turbine_fframe_moderate_0,2028,1483944,26797.6666666667,.,.
p94_utilityscale_battery_storage_lithium_ion_advanced_0,2028,188989.043742,5162.33333333333,203667.58782,6178
p94_landbasedwind_class3_moderate_1,2028,1533290.648958,31648.6666666667,.,.
p94_landbasedwind_class3_moderate_2,2028,1533290.648958,31648.6666666667,.,.
p94_utilitypv_class1_moderate_1,2028,1369207.509192,19396.3333333333,.,.
p94_utilitypv_class1_moderate_2,2028,1369207.509192,19396.3333333333,.,.
p95_naturalgas_1on1_combined_cycle_hframe_moderate_0,2028,1889937,40349.6666666667,.,.
p95_naturalgas_combustion_turbine_fframe_moderate_0,2028,1479126,26797.6666666667,.,.
p95_utilityscale_battery_storage_lithium_ion_advanced_0,2028,193805.278292,5162.33333333333,208857.89332,6178
p95_landbasedwind_class3_moderate_1,2028,1547862.576984,31648.6666666667,.,.
p95_landbasedwind_class3_moderate_2,2028,1547862.576984,31648.6666666667,.,.
p95_utilitypv_class1_moderate_1,2028,1366194.951416,19396.3333333333,.,.
p95_utilitypv_class1_moderate_2,2028,1366194.951416,19396.3333333333,.,.
p95_offshorewind_class3_moderate_fixed_1_1,2028,4860201.240032,84215.3333333333,.,.
p95_offshorewind_class3_moderate_fixed_1_2,2028,4860201.240032,84215.3333333333,.,.
p95_offshorewind_class3_moderate_fixed_0_1,2028,4860201.240032,84215.3333333333,.,.
p95_offshorewind_class3_moderate_fixed_0_2,2028,4860201.240032,84215.3333333333,.,.
p96_naturalgas_1on1_combined_cycle_hframe_moderate_0,2028,1889937,40349.6666666667,.,.
p96_naturalgas_combustion_turbine_fframe_moderate_0,2028,1479126,26797.6666666667,.,.
p96_utilityscale_battery_storage_lithium_ion_advanced_0,2028,193805.278292,5162.33333333333,208857.89332,6178
p96_landbasedwind_class3_moderate_1,2028,1547862.576984,31648.6666666667,.,.
p96_landbasedwind_class3_moderate_2,2028,1547862.576984,31648.6666666667,.,.
p96_utilitypv_class1_moderate_1,2028,1366194.951416,19396.3333333333,.,.
p96_utilitypv_class1_moderate_2,2028,1366194.951416,19396.3333333333,.,.
p97_naturalgas_1on1_combined_cycle_hframe_moderate_0,2028,1889937,40349.6666666667,.,.
p97_naturalgas_combustion_turbine_fframe_moderate_0,2028,1479126,26797.6666666667,.,.
p97_utilityscale_battery_storage_lithium_ion_advanced_0,2028,193805.278292,5162.33333333333,208857.89332,6178
p97_landbasedwind_class3_moderate_1,2028,1547862.576984,31648.6666666667,.,.
p97_landbasedwind_class3_moderate_2,2028,1547862.576984,31648.6666666667,.,.
p97_utilitypv_class1_moderate_1,2028,1366194.951416,19396.3333333333,.,.
p97_utilitypv_class1_moderate_2,2028,1366194.951416,19396.3333333333,.,.
p97_offshorewind_class3_moderate_fixed_1_1,2028,4860201.240032,84215.3333333333,.,.
p97_offshorewind_class3_moderate_fixed_1_2,2028,4860201.240032,84215.3333333333,.,.
p97_offshorewind_class3_moderate_fixed_0_1,2028,4860201.240032,84215.3333333333,.,.
p97_offshorewind_class3_moderate_fixed_0_2,2028,4860201.240032,84215.3333333333,.,.
p98_naturalgas_1on1_combined_cycle_hframe_moderate_0,2028,1889937,40349.6666666667,.,.
p98_naturalgas_combustion_turbine_fframe_moderate_0,2028,1479126,26797.6666666667,.,.
p98_utilityscale_battery_storage_lithium_ion_advanced_0,2028,193805.278292,5162.33333333333,208857.89332,6178
p98_landbasedwind_class3_moderate_1,2028,1547862.576984,31648.6666666667,.,.
p98_landbasedwind_class3_moderate_2,2028,1547862.576984,31648.6666666667,.,.
p98_utilitypv_class1_moderate_1,2028,1366194.951416,19396.3333333333,.,.
p98_utilitypv_class1_moderate_2,2028,1366194.951416,19396.3333333333,.,.
p98_offshorewind_class3_moderate_fixed_1_1,2028,4860201.240032,84215.3333333333,.,.
p98_offshorewind_class3_moderate_fixed_1_2,2028,4860201.240032,84215.3333333333,.,.
p98_offshorewind_class3_moderate_fixed_0_1,2028,4860201.240032,84215.3333333333,.,.
p98_offshorewind_class3_moderate_fixed_0_2,2028,4860201.240032,84215.3333333333,.,.
p99_naturalgas_1on1_combined_cycle_hframe_moderate_0,2028,2052756,40349.6666666667,.,.
p99_naturalgas_combustion_turbine_fframe_moderate_0,2028,1599576,26797.6666666667,.,.
p99_utilityscale_battery_storage_lithium_ion_advanced_0,2028,189952.290652,5162.33333333333,204705.64892,6178
p99_landbasedwind_class3_moderate_1,2028,1960733.871054,31648.6666666667,.,.
p99_landbasedwind_class3_moderate_2,2028,1960733.871054,31648.6666666667,.,.
p99_utilitypv_class1_moderate_1,2028,1738245.836752,19396.3333333333,.,.
p99_utilitypv_class1_moderate_2,2028,1738245.836752,19396.3333333333,.,.
p99_offshorewind_class3_moderate_fixed_1_1,2028,4886387.669127,84215.3333333333,.,.
p99_offshorewind_class3_moderate_fixed_1_2,2028,4886387.669127,84215.3333333333,.,.
p99_offshorewind_class3_moderate_fixed_0_1,2028,4886387.669127,84215.3333333333,.,.
p99_offshorewind_class3_moderate_fixed_0_2,2028,4886387.669127,84215.3333333333,.,.
p100_naturalgas_1on1_combined_cycle_hframe_moderate_0,2028,1972377,40349.6666666667,.,.
p100_naturalgas_combustion_turbine_fframe_moderate_0,2028,1546578,26797.6666666667,.,.
p100_utilityscale_battery_storage_lithium_ion_advanced_0,2028,186869.90054,5162.33333333333,201383.8534,6178
p100_landbasedwind_class3_moderate_1,2028,1347093.790848,31648.6666666667,.,.
p100_landbasedwind_class3_moderate_2,2028,1347093.790848,31648.6666666667,.,.
p100_utilitypv_class1_moderate_1,2028,1721676.768984,19396.3333333333,.,.
p100_utilitypv_class1_moderate_2,2028,1721676.768984,19396.3333333333,.,.
p101_naturalgas_1on1_combined_cycle_hframe_moderate_0,2028,1883754,40349.6666666667,.,.
p101_naturalgas_combustion_turbine_fframe_moderate_0,2028,1445400,26797.6666666667,.,.
p101_utilityscale_battery_storage_lithium_ion_advanced_0,2028,186677.251158,5162.33333333333,201176.24118,6178
p101_landbasedwind_class3_moderate_1,2028,1552719.886326,31648.6666666667,.,.
p101_landbasedwind_class3_moderate_2,2028,1552719.886326,31648.6666666667,.,.
p101_utilitypv_class1_moderate_1,2028,1351132.162536,19396.3333333333,.,.
p101_utilitypv_class1_moderate_2,2028,1351132.162536,19396.3333333333,.,.
p101_offshorewind_class3_moderate_fixed_1_1,2028,5252997.676457,84215.3333333333,.,.
p101_offshorewind_class3_moderate_fixed_1_2,2028,5252997.676457,84215.3333333333,.,.
p101_offshorewind_class3_moderate_fixed_0_1,2028,5252997.676457,84215.3333333333,.,.
p101_offshorewind_class3_moderate_fixed_0_2,2028,5252997.676457,84215.3333333333,.,.
p102_naturalgas_1on1_combined_cycle_hframe_moderate_0,2028,1883754,40349.6666666667,.,.
p102_naturalgas_combustion_turbine_fframe_moderate_0,2028,1445400,26797.6666666667,.,.
p102_utilityscale_battery_storage_lithium_ion_advanced_0,2028,186677.251158,5162.33333333333,201176.24118,6178
p102_landbasedwind_class3_moderate_1,2028,1552719.886326,31648.6666666667,.,.
p102_landbasedwind_class3_moderate_2,2028,1552719.886326,31648.6666666667,.,.
p102_utilitypv_class1_moderate_1,2028,1351132.162536,19396.3333333333,.,.
p102_utilitypv_class1_moderate_2,2028,1351132.162536,19396.3333333333,.,.
p102_offshorewind_class3_moderate_fixed_1_1,2028,5252997.676457,84215.3333333333,.,.
p102_offshorewind_class3_moderate_fixed_1_2,2028,5252997.676457,84215.3333333333,.,.
p102_offshorewind_class3_moderate_fixed_0_1,2028,5252997.676457,84215.3333333333,.,.
p102_offshorewind_class3_moderate_fixed_0_2,2028,5252997.676457,84215.3333333333,.,.
p103_naturalgas_1on1_combined_cycle_hframe_moderate_0,2028,2102220,40349.6666666667,.,.
p103_naturalgas_combustion_turbine_fframe_moderate_0,2028,1654180,26797.6666666667,.,.
p103_utilityscale_battery_storage_lithium_ion_advanced_0,2028,189566.991888,5162.33333333333,204290.42448,6178
p103_landbasedwind_class3_moderate_1,2028,1405381.502952,31648.6666666667,.,.
p103_landbasedwind_class3_moderate_2,2028,1405381.502952,31648.6666666667,.,.
p103_utilitypv_class1_moderate_1,2028,1414395.875832,19396.3333333333,.,.
p103_utilitypv_class1_moderate_2,2028,1414395.875832,19396.3333333333,.,.
p103_offshorewind_class3_moderate_fixed_1_1,2028,4943997.813136,84215.3333333333,.,.
p103_offshorewind_class3_moderate_fixed_1_2,2028,4943997.813136,84215.3333333333,.,.
p103_offshorewind_class3_moderate_fixed_0_1,2028,4943997.813136,84215.3333333333,.,.
p103_offshorewind_class3_moderate_fixed_0_2,2028,4943997.813136,84215.3333333333,.,.
p103_imports_base_base_1,2028,0,0,.,.
p104_naturalgas_1on1_combined_cycle_hframe_moderate_0,2028,1972377,40349.6666666667,.,.
p104_naturalgas_combustion_turbine_fframe_moderate_0,2028,1546578,26797.6666666667,.,.
p104_utilityscale_battery_storage_lithium_ion_advanced_0,2028,186869.90054,5162.33333333333,201383.8534,6178
p104_landbasedwind_class3_moderate_1,2028,1347093.790848,31648.6666666667,.,.
p104_landbasedwind_class3_moderate_2,2028,1347093.790848,31648.6666666667,.,.
p104_utilitypv_class1_moderate_1,2028,1721676.768984,19396.3333333333,.,.
p104_utilitypv_class1_moderate_2,2028,1721676.768984,19396.3333333333,.,.
p105_naturalgas_1on1_combined_cycle_hframe_moderate_0,2028,2071305,40349.6666666667,.,.
p105_naturalgas_combustion_turbine_fframe_moderate_0,2028,1623666,26797.6666666667,.,.
p105_utilityscale_battery_storage_lithium_ion_advanced_0,2028,196309.720258,5162.33333333333,211556.85218,6178
p105_landbasedwind_class3_moderate_1,2028,1313092.625454,31648.6666666667,.,.
p105_landbasedwind_class3_moderate_2,2028,1313092.625454,31648.6666666667,.,.
p105_utilitypv_class1_moderate_1,2028,1417408.433608,19396.3333333333,.,.
p105_utilitypv_class1_moderate_2,2028,1417408.433608,19396.3333333333,.,.
p106_naturalgas_1on1_combined_cycle_hframe_moderate_0,2028,2071305,40349.6666666667,.,.
p106_naturalgas_combustion_turbine_fframe_moderate_0,2028,1623666,26797.6666666667,.,.
p106_utilityscale_battery_storage_lithium_ion_advanced_0,2028,196309.720258,5162.33333333333,211556.85218,6178
p106_landbasedwind_class3_moderate_1,2028,1313092.625454,31648.6666666667,.,.
p106_landbasedwind_class3_moderate_2,2028,1313092.625454,31648.6666666667,.,.
p106_utilitypv_class1_moderate_1,2028,1417408.433608,19396.3333333333,.,.
p106_utilitypv_class1_moderate_2,2028,1417408.433608,19396.3333333333,.,.
p107_naturalgas_1on1_combined_cycle_hframe_moderate_0,2028,2071305,40349.6666666667,.,.
p107_naturalgas_combustion_turbine_fframe_moderate_0,2028,1623666,26797.6666666667,.,.
p107_utilityscale_battery_storage_lithium_ion_advanced_0,2028,196309.720258,5162.33333333333,211556.85218,6178
p107_landbasedwind_class3_moderate_1,2028,1313092.625454,31648.6666666667,.,.
p107_landbasedwind_class3_moderate_2,2028,1313092.625454,31648.6666666667,.,.
p107_utilitypv_class1_moderate_1,2028,1417408.433608,19396.3333333333,.,.
p107_utilitypv_class1_moderate_2,2028,1417408.433608,19396.3333333333,.,.
p108_naturalgas_1on1_combined_cycle_hframe_moderate_0,2028,1964133,40349.6666666667,.,.
p108_naturalgas_combustion_turbine_fframe_moderate_0,2028,1536942,26797.6666666667,.,.
p108_utilityscale_battery_storage_lithium_ion_advanced_0,2028,193227.330146,5162.33333333333,208235.05666,6178
p108_landbasedwind_class3_moderate_1,2028,1253185.810236,31648.6666666667,.,.
p108_landbasedwind_class3_moderate_2,2028,1253185.810236,31648.6666666667,.,.
p108_utilitypv_class1_moderate_1,2028,1382764.019184,19396.3333333333,.,.
p108_utilitypv_class1_moderate_2,2028,1382764.019184,19396.3333333333,.,.
p109_naturalgas_1on1_combined_cycle_hframe_moderate_0,2028,1964133,40349.6666666667,.,.
p109_naturalgas_combustion_turbine_fframe_moderate_0,2028,1536942,26797.6666666667,.,.
p109_utilityscale_battery_storage_lithium_ion_advanced_0,2028,193227.330146,5162.33333333333,208235.05666,6178
p109_landbasedwind_class3_moderate_1,2028,1253185.810236,31648.6666666667,.,.
p109_landbasedwind_class3_moderate_2,2028,1253185.810236,31648.6666666667,.,.
p109_utilitypv_class1_moderate_1,2028,1382764.019184,19396.3333333333,.,.
p109_utilitypv_class1_moderate_2,2028,1382764.019184,19396.3333333333,.,.
p110_naturalgas_1on1_combined_cycle_hframe_moderate_0,2028,1972377,40349.6666666667,.,.
p110_naturalgas_combustion_turbine_fframe_moderate_0,2028,1546578,26797.6666666667,.,.
p110_utilityscale_battery_storage_lithium_ion_advanced_0,2028,186869.90054,5162.33333333333,201383.8534,6178
p110_landbasedwind_class3_moderate_1,2028,1347093.790848,31648.6666666667,.,.
p110_landbasedwind_class3_moderate_2,2028,1347093.790848,31648.6666666667,.,.
p110_utilitypv_class1_moderate_1,2028,1721676.768984,19396.3333333333,.,.
p110_utilitypv_class1_moderate_2,2028,1721676.768984,19396.3333333333,.,.
p111_naturalgas_1on1_combined_cycle_hframe_moderate_0,2028,1972377,40349.6666666667,.,.
p111_naturalgas_combustion_turbine_fframe_moderate_0,2028,1546578,26797.6666666667,.,.
p111_utilityscale_battery_storage_lithium_ion_advanced_0,2028,186869.90054,5162.33333333333,201383.8534,6178
p111_landbasedwind_class3_moderate_1,2028,1347093.790848,31648.6666666667,.,.
p111_landbasedwind_class3_moderate_2,2028,1347093.790848,31648.6666666667,.,.
p111_utilitypv_class1_moderate_1,2028,1721676.768984,19396.3333333333,.,.
p111_utilitypv_class1_moderate_2,2028,1721676.768984,19396.3333333333,.,.
p111_offshorewind_class3_moderate_fixed_1_1,2028,4729269.094557,84215.3333333333,.,.
p111_offshorewind_class3_moderate_fixed_1_2,2028,4729269.094557,84215.3333333333,.,.
p111_offshorewind_class3_moderate_fixed_0_1,2028,4729269.094557,84215.3333333333,.,.
p111_offshorewind_class3_moderate_fixed_0_2,2028,4729269.094557,84215.3333333333,.,.
p112_naturalgas_1on1_combined_cycle_hframe_moderate_0,2028,1972377,40349.6666666667,.,.
p112_naturalgas_combustion_turbine_fframe_moderate_0,2028,1546578,26797.6666666667,.,.
p112_utilityscale_battery_storage_lithium_ion_advanced_0,2028,186869.90054,5162.33333333333,201383.8534,6178
p112_landbasedwind_class3_moderate_1,2028,1347093.790848,31648.6666666667,.,.
p112_landbasedwind_class3_moderate_2,2028,1347093.790848,31648.6666666667,.,.
p112_utilitypv_class1_moderate_1,2028,1721676.768984,19396.3333333333,.,.
p112_utilitypv_class1_moderate_2,2028,1721676.768984,19396.3333333333,.,.
p113_naturalgas_1on1_combined_cycle_hframe_moderate_0,2028,1972377,40349.6666666667,.,.
p113_naturalgas_combustion_turbine_fframe_moderate_0,2028,1546578,26797.6666666667,.,.
p113_utilityscale_battery_storage_lithium_ion_advanced_0,2028,186869.90054,5162.33333333333,201383.8534,6178
p113_landbasedwind_class3_moderate_1,2028,1347093.790848,31648.6666666667,.,.
p113_landbasedwind_class3_moderate_2,2028,1347093.790848,31648.6666666667,.,.
p113_utilitypv_class1_moderate_1,2028,1721676.768984,19396.3333333333,.,.
p113_utilitypv_class1_moderate_2,2028,1721676.768984,19396.3333333333,.,.
p114_naturalgas_1on1_combined_cycle_hframe_moderate_0,2028,1972377,40349.6666666667,.,.
p114_naturalgas_combustion_turbine_fframe_moderate_0,2028,1546578,26797.6666666667,.,.
p114_utilityscale_battery_storage_lithium_ion_advanced_0,2028,186869.90054,5162.33333333333,201383.8534,6178
p114_landbasedwind_class3_moderate_1,2028,1347093.790848,31648.6666666667,.,.
p114_landbasedwind_class3_moderate_2,2028,1347093.790848,31648.6666666667,.,.
p114_utilitypv_class1_moderate_1,2028,1721676.768984,19396.3333333333,.,.
p114_utilitypv_class1_moderate_2,2028,1721676.768984,19396.3333333333,.,.
p115_naturalgas_1on1_combined_cycle_hframe_moderate_0,2028,1972377,40349.6666666667,.,.
p115_naturalgas_combustion_turbine_fframe_moderate_0,2028,1546578,26797.6666666667,.,.
p115_utilityscale_battery_storage_lithium_ion_advanced_0,2028,186869.90054,5162.33333333333,201383.8534,6178
p115_landbasedwind_class3_moderate_1,2028,1347093.790848,31648.6666666667,.,.
p115_landbasedwind_class3_moderate_2,2028,1347093.790848,31648.6666666667,.,.
p115_utilitypv_class1_moderate_1,2028,1721676.768984,19396.3333333333,.,.
p115_utilitypv_class1_moderate_2,2028,1721676.768984,19396.3333333333,.,.
p116_naturalgas_1on1_combined_cycle_hframe_moderate_0,2028,1972377,40349.6666666667,.,.
p116_naturalgas_combustion_turbine_fframe_moderate_0,2028,1546578,26797.6666666667,.,.
p116_utilityscale_battery_storage_lithium_ion_advanced_0,2028,186869.90054,5162.33333333333,201383.8534,6178
p116_landbasedwind_class3_moderate_1,2028,1347093.790848,31648.6666666667,.,.
p116_landbasedwind_class3_moderate_2,2028,1347093.790848,31648.6666666667,.,.
p116_utilitypv_class1_moderate_1,2028,1721676.768984,19396.3333333333,.,.
p116_utilitypv_class1_moderate_2,2028,1721676.768984,19396.3333333333,.,.
p117_naturalgas_1on1_combined_cycle_hframe_moderate_0,2028,1972377,40349.6666666667,.,.
p117_naturalgas_combustion_turbine_fframe_moderate_0,2028,1546578,26797.6666666667,.,.
p117_utilityscale_battery_storage_lithium_ion_advanced_0,2028,186869.90054,5162.33333333333,201383.8534,6178
p117_landbasedwind_class3_moderate_1,2028,1347093.790848,31648.6666666667,.,.
p117_landbasedwind_class3_moderate_2,2028,1347093.790848,31648.6666666667,.,.
p117_utilitypv_class1_moderate_1,2028,1721676.768984,19396.3333333333,.,.
p117_utilitypv_class1_moderate_2,2028,1721676.768984,19396.3333333333,.,.
p118_naturalgas_1on1_combined_cycle_hframe_moderate_0,2028,1972377,40349.6666666667,.,.
p118_naturalgas_combustion_turbine_fframe_moderate_0,2028,1546578,26797.6666666667,.,.
p118_utilityscale_battery_storage_lithium_ion_advanced_0,2028,186869.90054,5162.33333333333,201383.8534,6178
p118_landbasedwind_class3_moderate_1,2028,1347093.790848,31648.6666666667,.,.
p118_landbasedwind_class3_moderate_2,2028,1347093.790848,31648.6666666667,.,.
p118_utilitypv_class1_moderate_1,2028,1721676.768984,19396.3333333333,.,.
p118_utilitypv_class1_moderate_2,2028,1721676.768984,19396.3333333333,.,.
p119_naturalgas_1on1_combined_cycle_hframe_moderate_0,2028,2236185,40349.6666666667,.,.
p119_naturalgas_combustion_turbine_fframe_moderate_0,2028,1739298,26797.6666666667,.,.
p119_utilityscale_battery_storage_lithium_ion_advanced_0,2028,193227.330146,5162.33333333333,208235.05666,6178
p119_landbasedwind_class3_moderate_1,2028,1816633.693908,31648.6666666667,.,.
p119_landbasedwind_class3_moderate_2,2028,1816633.693908,31648.6666666667,.,.
p119_utilitypv_class1_moderate_1,2028,1608705.852384,19396.3333333333,.,.
p119_utilitypv_class1_moderate_2,2028,1608705.852384,19396.3333333333,.,.
p120_naturalgas_1on1_combined_cycle_hframe_moderate_0,2028,2236185,40349.6666666667,.,.
p120_naturalgas_combustion_turbine_fframe_moderate_0,2028,1739298,26797.6666666667,.,.
p120_utilityscale_battery_storage_lithium_ion_advanced_0,2028,193227.330146,5162.33333333333,208235.05666,6178
p120_landbasedwind_class3_moderate_1,2028,1816633.693908,31648.6666666667,.,.
p120_landbasedwind_class3_moderate_2,2028,1816633.693908,31648.6666666667,.,.
p120_utilitypv_class1_moderate_1,2028,1608705.852384,19396.3333333333,.,.
p120_utilitypv_class1_moderate_2,2028,1608705.852384,19396.3333333333,.,.
p121_naturalgas_1on1_combined_cycle_hframe_moderate_0,2028,1972377,40349.6666666667,.,.
p121_naturalgas_combustion_turbine_fframe_moderate_0,2028,1546578,26797.6666666667,.,.
p121_utilityscale_battery_storage_lithium_ion_advanced_0,2028,186869.90054,5162.33333333333,201383.8534,6178
p121_landbasedwind_class3_moderate_1,2028,1347093.790848,31648.6666666667,.,.
p121_landbasedwind_class3_moderate_2,2028,1347093.790848,31648.6666666667,.,.
p121_utilitypv_class1_moderate_1,2028,1721676.768984,19396.3333333333,.,.
p121_utilitypv_class1_moderate_2,2028,1721676.768984,19396.3333333333,.,.
p122_naturalgas_1on1_combined_cycle_hframe_moderate_0,2028,2236185,40349.6666666667,.,.
p122_naturalgas_combustion_turbine_fframe_moderate_0,2028,1739298,26797.6666666667,.,.
p122_utilityscale_battery_storage_lithium_ion_advanced_0,2028,193227.330146,5162.33333333333,208235.05666,6178
p122_landbasedwind_class3_moderate_1,2028,1816633.693908,31648.6666666667,.,.
p122_landbasedwind_class3_moderate_2,2028,1816633.693908,31648.6666666667,.,.
p122_utilitypv_class1_moderate_1,2028,1608705.852384,19396.3333333333,.,.
p122_utilitypv_class1_moderate_2,2028,1608705.852384,19396.3333333333,.,.
p123_naturalgas_1on1_combined_cycle_hframe_moderate_0,2028,2236185,40349.6666666667,.,.
p123_naturalgas_combustion_turbine_fframe_moderate_0,2028,1739298,26797.6666666667,.,.
p123_utilityscale_battery_storage_lithium_ion_advanced_0,2028,193227.330146,5162.33333333333,208235.05666,6178
p123_landbasedwind_class3_moderate_1,2028,1816633.693908,31648.6666666667,.,.
p123_utilitypv_class1_moderate_1,2028,1608705.852384,19396.3333333333,.,.
p123_utilitypv_class1_moderate_2,2028,1608705.852384,19396.3333333333,.,.
p123_offshorewind_class3_moderate_fixed_1_1,2028,5205862.104086,84215.3333333333,.,.
p123_offshorewind_class3_moderate_fixed_1_2,2028,5205862.104086,84215.3333333333,.,.
p123_offshorewind_class3_moderate_fixed_0_1,2028,5205862.104086,84215.3333333333,.,.
p123_offshorewind_class3_moderate_fixed_0_2,2028,5205862.104086,84215.3333333333,.,.
p124_naturalgas_1on1_combined_cycle_hframe_moderate_0,2028,2236185,40349.6666666667,.,.
p124_naturalgas_combustion_turbine_fframe_moderate_0,2028,1739298,26797.6666666667,.,.
p124_utilityscale_battery_storage_lithium_ion_advanced_0,2028,193227.330146,5162.33333333333,208235.05666,6178
p124_landbasedwind_class3_moderate_1,2028,1816633.693908,31648.6666666667,.,.
p124_landbasedwind_class3_moderate_2,2028,1816633.693908,31648.6666666667,.,.
p124_utilitypv_class1_moderate_1,2028,1608705.852384,19396.3333333333,.,.
p124_utilitypv_class1_moderate_2,2028,1608705.852384,19396.3333333333,.,.
p125_naturalgas_1on1_combined_cycle_hframe_moderate_0,2028,2236185,40349.6666666667,.,.
p125_naturalgas_combustion_turbine_fframe_moderate_0,2028,1739298,26797.6666666667,.,.
p125_utilityscale_battery_storage_lithium_ion_advanced_0,2028,193227.330146,5162.33333333333,208235.05666,6178
p125_landbasedwind_class3_moderate_1,2028,1816633.693908,31648.6666666667,.,.
p125_landbasedwind_class3_moderate_2,2028,1816633.693908,31648.6666666667,.,.
p125_utilitypv_class1_moderate_1,2028,1608705.852384,19396.3333333333,.,.
p125_utilitypv_class1_moderate_2,2028,1608705.852384,19396.3333333333,.,.
p125_offshorewind_class3_moderate_fixed_1_1,2028,5205862.104086,84215.3333333333,.,.
p125_offshorewind_class3_moderate_fixed_1_2,2028,5205862.104086,84215.3333333333,.,.
p125_offshorewind_class3_moderate_fixed_0_1,2028,5205862.104086,84215.3333333333,.,.
p125_offshorewind_class3_moderate_fixed_0_2,2028,5205862.104086,84215.3333333333,.,.
p126_naturalgas_1on1_combined_cycle_hframe_moderate_0,2028,2236185,40349.6666666667,.,.
p126_naturalgas_combustion_turbine_fframe_moderate_0,2028,1739298,26797.6666666667,.,.
p126_utilityscale_battery_storage_lithium_ion_advanced_0,2028,193227.330146,5162.33333333333,208235.05666,6178
p126_landbasedwind_class3_moderate_1,2028,1816633.693908,31648.6666666667,.,.
p126_landbasedwind_class3_moderate_2,2028,1816633.693908,31648.6666666667,.,.
p126_utilitypv_class1_moderate_1,2028,1608705.852384,19396.3333333333,.,.
p126_utilitypv_class1_moderate_2,2028,1608705.852384,19396.3333333333,.,.
p126_offshorewind_class3_moderate_fixed_1_1,2028,5205862.104086,84215.3333333333,.,.
p126_offshorewind_class3_moderate_fixed_1_2,2028,5205862.104086,84215.3333333333,.,.
p126_offshorewind_class3_moderate_fixed_0_1,2028,5205862.104086,84215.3333333333,.,.
p126_offshorewind_class3_moderate_fixed_0_2,2028,5205862.104086,84215.3333333333,.,.
p127_naturalgas_1on1_combined_cycle_hframe_moderate_0,2028,2151684,40349.6666666667,.,.
p127_naturalgas_combustion_turbine_fframe_moderate_0,2028,1694330,26797.6666666667,.,.
p127_utilityscale_battery_storage_lithium_ion_advanced_0,2028,191493.485708,5162.33333333333,206366.54668,6178
p127_landbasedwind_class3_moderate_1,2028,2017402.480044,31648.6666666667,.,.
p127_landbasedwind_class3_moderate_2,2028,2017402.480044,31648.6666666667,.,.
p127_utilitypv_class1_moderate_1,2028,1565023.764632,19396.3333333333,.,.
p127_utilitypv_class1_moderate_2,2028,1565023.764632,19396.3333333333,.,.
p127_offshorewind_class3_moderate_fixed_1_1,2028,5038268.957878,84215.3333333333,.,.
p127_offshorewind_class3_moderate_fixed_1_2,2028,5038268.957878,84215.3333333333,.,.
p127_offshorewind_class3_moderate_fixed_0_1,2028,5038268.957878,84215.3333333333,.,.
p127_offshorewind_class3_moderate_fixed_0_2,2028,5038268.957878,84215.3333333333,.,.
p127_imports_base_base_1,2028,0,0,.,.
p128_naturalgas_1on1_combined_cycle_hframe_moderate_0,2028,2829753,40349.6666666667,.,.
p128_naturalgas_combustion_turbine_fframe_moderate_0,2028,2166494,26797.6666666667,.,.
p128_utilityscale_battery_storage_lithium_ion_advanced_0,2028,209602.527616,5162.33333333333,225882.09536,6178
p128_utilitypv_class1_moderate_1,2028,1867785.82112,19396.3333333333,.,.
p128_offshorewind_class3_moderate_fixed_1_1,2028,6326641.269352,84215.3333333333,.,.
p128_offshorewind_class3_moderate_fixed_1_2,2028,6326641.269352,84215.3333333333,.,.
p128_offshorewind_class3_moderate_fixed_0_1,2028,6326641.269352,84215.3333333333,.,.
p128_offshorewind_class3_moderate_fixed_0_2,2028,6326641.269352,84215.3333333333,.,.
p129_naturalgas_1on1_combined_cycle_hframe_moderate_0,2028,2232063,40349.6666666667,.,.
p129_naturalgas_combustion_turbine_fframe_moderate_0,2028,1758570,26797.6666666667,.,.
p129_utilityscale_battery_storage_lithium_ion_advanced_0,2028,196695.019022,5162.33333333333,211972.07662,6178
p129_landbasedwind_class3_moderate_1,2028,1818252.797022,31648.6666666667,.,.
p129_landbasedwind_class3_moderate_2,2028,1818252.797022,31648.6666666667,.,.
p129_utilitypv_class1_moderate_1,2028,1452052.848032,19396.3333333333,.,.
p129_utilitypv_class1_moderate_2,2028,1452052.848032,19396.3333333333,.,.
p129_imports_base_base_1,2028,0,0,.,.
p130_naturalgas_1on1_combined_cycle_hframe_moderate_0,2028,2232063,40349.6666666667,.,.
p130_naturalgas_combustion_turbine_fframe_moderate_0,2028,1758570,26797.6666666667,.,.
p130_utilityscale_battery_storage_lithium_ion_advanced_0,2028,196695.019022,5162.33333333333,211972.07662,6178
p130_landbasedwind_class3_moderate_1,2028,1818252.797022,31648.6666666667,.,.
p130_landbasedwind_class3_moderate_2,2028,1818252.797022,31648.6666666667,.,.
p130_utilitypv_class1_moderate_1,2028,1452052.848032,19396.3333333333,.,.
p130_utilitypv_class1_moderate_2,2028,1452052.848032,19396.3333333333,.,.
p131_naturalgas_1on1_combined_cycle_hframe_moderate_0,2028,2232063,40349.6666666667,.,.
p131_naturalgas_combustion_turbine_fframe_moderate_0,2028,1758570,26797.6666666667,.,.
p131_utilityscale_battery_storage_lithium_ion_advanced_0,2028,196695.019022,5162.33333333333,211972.07662,6178
p131_landbasedwind_class3_moderate_1,2028,1818252.797022,31648.6666666667,.,.
p131_landbasedwind_class3_moderate_2,2028,1818252.797022,31648.6666666667,.,.
p131_utilitypv_class1_moderate_1,2028,1452052.848032,19396.3333333333,.,.
p131_utilitypv_class1_moderate_2,2028,1452052.848032,19396.3333333333,.,.
p131_offshorewind_class3_moderate_fixed_1_1,2028,5268709.533914,84215.3333333333,.,.
p131_offshorewind_class3_moderate_fixed_1_2,2028,5268709.533914,84215.3333333333,.,.
p131_offshorewind_class3_moderate_fixed_0_1,2028,5268709.533914,84215.3333333333,.,.
p131_offshorewind_class3_moderate_fixed_0_2,2028,5268709.533914,84215.3333333333,.,.
p132_naturalgas_1on1_combined_cycle_hframe_moderate_0,2028,2232063,40349.6666666667,.,.
p132_naturalgas_combustion_turbine_fframe_moderate_0,2028,1758570,26797.6666666667,.,.
p132_utilityscale_battery_storage_lithium_ion_advanced_0,2028,196695.019022,5162.33333333333,211972.07662,6178
p132_landbasedwind_class3_moderate_1,2028,1818252.797022,31648.6666666667,.,.
p132_landbasedwind_class3_moderate_2,2028,1818252.797022,31648.6666666667,.,.
p132_utilitypv_class1_moderate_1,2028,1452052.848032,19396.3333333333,.,.
p132_utilitypv_class1_moderate_2,2028,1452052.848032,19396.3333333333,.,.
p132_offshorewind_class3_moderate_fixed_1_1,2028,5268709.533914,84215.3333333333,.,.
p132_offshorewind_class3_moderate_fixed_1_2,2028,5268709.533914,84215.3333333333,.,.
p132_offshorewind_class3_moderate_fixed_0_1,2028,5268709.533914,84215.3333333333,.,.
p132_offshorewind_class3_moderate_fixed_0_2,2028,5268709.533914,84215.3333333333,.,.
p133_naturalgas_1on1_combined_cycle_hframe_moderate_0,2028,2232063,40349.6666666667,.,.
p133_naturalgas_combustion_turbine_fframe_moderate_0,2028,1758570,26797.6666666667,.,.
p133_utilityscale_battery_storage_lithium_ion_advanced_0,2028,196695.019022,5162.33333333333,211972.07662,6178
p133_utilitypv_class1_moderate_1,2028,1452052.848032,19396.3333333333,.,.
p133_utilitypv_class1_moderate_2,2028,1452052.848032,19396.3333333333,.,.
p133_offshorewind_class3_moderate_fixed_1_1,2028,5268709.533914,84215.3333333333,.,.
p133_offshorewind_class3_moderate_fixed_1_2,2028,5268709.533914,84215.3333333333,.,.
p133_offshorewind_class3_moderate_fixed_0_1,2028,5268709.533914,84215.3333333333,.,.
p133_offshorewind_class3_moderate_fixed_0_2,2028,5268709.533914,84215.3333333333,.,.
p134_naturalgas_1on1_combined_cycle_hframe_moderate_0,2028,2232063,40349.6666666667,.,.
p134_naturalgas_combustion_turbine_fframe_moderate_0,2028,1758570,26797.6666666667,.,.
p134_utilityscale_battery_storage_lithium_ion_advanced_0,2028,196695.019022,5162.33333333333,211972.07662,6178
p134_landbasedwind_class3_moderate_1,2028,1818252.797022,31648.6666666667,.,.
p134_landbasedwind_class3_moderate_2,2028,1818252.797022,31648.6666666667,.,.
p134_utilitypv_class1_moderate_1,2028,1452052.848032,19396.3333333333,.,.
p134_utilitypv_class1_moderate_2,2028,1452052.848032,19396.3333333333,.,.
p134_offshorewind_class3_moderate_fixed_1_1,2028,5268709.533914,84215.3333333333,.,.
p134_offshorewind_class3_moderate_fixed_1_2,2028,5268709.533914,84215.3333333333,.,.
p134_offshorewind_class3_moderate_fixed_0_1,2028,5268709.533914,84215.3333333333,.,.
p134_offshorewind_class3_moderate_fixed_0_2,2028,5268709.533914,84215.3333333333,.,.
p134_imports_base_base_1,2028,0,0,.,.
p1_naturalgas_1on1_combined_cycle_hframe_moderate_0,2030,2100159,40349.6666666667,.,.
p1_naturalgas_combustion_turbine_fframe_moderate_0,2030,1652574,26797.6666666667,.,.
p1_utilityscale_battery_storage_lithium_ion_advanced_0,2030,172906.621866,5162.33333333333,185829.432476,5459
p1_landbasedwind_class3_moderate_1,2030,1544140.014648,31648.6666666667,.,.
p1_landbasedwind_class3_moderate_2,2030,1544140.014648,31648.6666666667,.,.
p1_utilitypv_class1_moderate_1,2030,1272625.122205,19396.3333333333,.,.
p1_utilitypv_class1_moderate_2,2030,1272625.122205,19396.3333333333,.,.
p1_offshorewind_class3_moderate_fixed_1_1,2030,4417208.171109,84215.3333333333,.,.
p1_offshorewind_class3_moderate_fixed_1_2,2030,4417208.171109,84215.3333333333,.,.
p1_offshorewind_class3_moderate_fixed_0_1,2030,4417208.171109,84215.3333333333,.,.
p1_offshorewind_class3_moderate_fixed_0_2,2030,4417208.171109,84215.3333333333,.,.
p1_offshorewind_class12_moderate_floating_0_1,2030,8404842.912885,75447.5,.,.
p1_offshorewind_class12_moderate_floating_0_2,2030,8404842.912885,75447.5,.,.
p1_imports_base_base_1,2030,0,0,.,.
p2_naturalgas_1on1_combined_cycle_hframe_moderate_0,2030,2100159,40349.6666666667,.,.
p2_naturalgas_combustion_turbine_fframe_moderate_0,2030,1652574,26797.6666666667,.,.
p2_utilityscale_battery_storage_lithium_ion_advanced_0,2030,172906.621866,5162.33333333333,185829.432476,5459
p2_landbasedwind_class3_moderate_1,2030,1544140.014648,31648.6666666667,.,.
p2_landbasedwind_class3_moderate_2,2030,1544140.014648,31648.6666666667,.,.
p2_utilitypv_class1_moderate_1,2030,1272625.122205,19396.3333333333,.,.
p2_utilitypv_class1_moderate_2,2030,1272625.122205,19396.3333333333,.,.
p3_naturalgas_1on1_combined_cycle_hframe_moderate_0,2030,2100159,40349.6666666667,.,.
p3_naturalgas_combustion_turbine_fframe_moderate_0,2030,1652574,26797.6666666667,.,.
p3_utilityscale_battery_storage_lithium_ion_advanced_0,2030,172906.621866,5162.33333333333,185829.432476,5459
p3_landbasedwind_class3_moderate_1,2030,1544140.014648,31648.6666666667,.,.
p3_landbasedwind_class3_moderate_2,2030,1544140.014648,31648.6666666667,.,.
p3_utilitypv_class1_moderate_1,2030,1272625.122205,19396.3333333333,.,.
p3_utilitypv_class1_moderate_2,2030,1272625.122205,19396.3333333333,.,.
p3_imports_base_base_1,2030,0,0,.,.
p4_naturalgas_1on1_combined_cycle_hframe_moderate_0,2030,2100159,40349.6666666667,.,.
p4_naturalgas_combustion_turbine_fframe_moderate_0,2030,1652574,26797.6666666667,.,.
p4_utilityscale_battery_storage_lithium_ion_advanced_0,2030,172906.621866,5162.33333333333,185829.432476,5459
p4_landbasedwind_class3_moderate_1,2030,1544140.014648,31648.6666666667,.,.
p4_landbasedwind_class3_moderate_2,2030,1544140.014648,31648.6666666667,.,.
p4_utilitypv_class1_moderate_1,2030,1272625.122205,19396.3333333333,.,.
p4_utilitypv_class1_moderate_2,2030,1272625.122205,19396.3333333333,.,.
p5_naturalgas_1on1_combined_cycle_hframe_moderate_0,2030,2100159,40349.6666666667,.,.
p5_naturalgas_combustion_turbine_fframe_moderate_0,2030,1652574,26797.6666666667,.,.
p5_utilityscale_battery_storage_lithium_ion_advanced_0,2030,172906.621866,5162.33333333333,185829.432476,5459
p5_landbasedwind_class3_moderate_1,2030,1544140.014648,31648.6666666667,.,.
p5_landbasedwind_class3_moderate_2,2030,1544140.014648,31648.6666666667,.,.
p5_utilitypv_class1_moderate_1,2030,1272625.122205,19396.3333333333,.,.
p5_utilitypv_class1_moderate_2,2030,1272625.122205,19396.3333333333,.,.
p5_offshorewind_class3_moderate_fixed_1_1,2030,4417208.171109,84215.3333333333,.,.
p5_offshorewind_class3_moderate_fixed_1_2,2030,4417208.171109,84215.3333333333,.,.
p5_offshorewind_class3_moderate_fixed_0_1,2030,4417208.171109,84215.3333333333,.,.
p5_offshorewind_class3_moderate_fixed_0_2,2030,4417208.171109,84215.3333333333,.,.
p5_offshorewind_class12_moderate_floating_0_1,2030,8404842.912885,75447.5,.,.
p5_offshorewind_class12_moderate_floating_0_2,2030,8404842.912885,75447.5,.,.
p6_naturalgas_1on1_combined_cycle_hframe_moderate_0,2030,2100159,40349.6666666667,.,.
p6_naturalgas_combustion_turbine_fframe_moderate_0,2030,1652574,26797.6666666667,.,.
p6_utilityscale_battery_storage_lithium_ion_advanced_0,2030,172906.621866,5162.33333333333,185829.432476,5459
p6_landbasedwind_class3_moderate_1,2030,1544140.014648,31648.6666666667,.,.
p6_landbasedwind_class3_moderate_2,2030,1544140.014648,31648.6666666667,.,.
p6_utilitypv_class1_moderate_1,2030,1272625.122205,19396.3333333333,.,.
p6_utilitypv_class1_moderate_2,2030,1272625.122205,19396.3333333333,.,.
p7_naturalgas_1on1_combined_cycle_hframe_moderate_0,2030,2100159,40349.6666666667,.,.
p7_naturalgas_combustion_turbine_fframe_moderate_0,2030,1652574,26797.6666666667,.,.
p7_utilityscale_battery_storage_lithium_ion_advanced_0,2030,172906.621866,5162.33333333333,185829.432476,5459
p7_landbasedwind_class3_moderate_1,2030,1544140.014648,31648.6666666667,.,.
p7_landbasedwind_class3_moderate_2,2030,1544140.014648,31648.6666666667,.,.
p7_utilitypv_class1_moderate_1,2030,1272625.122205,19396.3333333333,.,.
p7_utilitypv_class1_moderate_2,2030,1272625.122205,19396.3333333333,.,.
p8_naturalgas_1on1_combined_cycle_hframe_moderate_0,2030,2100159,40349.6666666667,.,.
p8_naturalgas_combustion_turbine_fframe_moderate_0,2030,1652574,26797.6666666667,.,.
p8_utilityscale_battery_storage_lithium_ion_advanced_0,2030,172906.621866,5162.33333333333,185829.432476,5459
p8_landbasedwind_class3_moderate_1,2030,1544140.014648,31648.6666666667,.,.
p8_landbasedwind_class3_moderate_2,2030,1544140.014648,31648.6666666667,.,.
p8_utilitypv_class1_moderate_1,2030,1272625.122205,19396.3333333333,.,.
p8_utilitypv_class1_moderate_2,2030,1272625.122205,19396.3333333333,.,.
p9_naturalgas_1on1_combined_cycle_hframe_moderate_0,2030,2394882,40349.6666666667,.,.
p9_naturalgas_combustion_turbine_fframe_moderate_0,2030,1838870,26797.6666666667,.,.
p9_utilityscale_battery_storage_lithium_ion_advanced_0,2030,180075.50451,5162.33333333333,193534.10786,5459
p9_landbasedwind_class3_moderate_1,2030,3369032.759232,31648.6666666667,.,.
p9_landbasedwind_class3_moderate_2,2030,3369032.759232,31648.6666666667,.,.
p9_utilitypv_class1_moderate_1,2030,1708382.624782,19396.3333333333,.,.
p9_utilitypv_class1_moderate_2,2030,1708382.624782,19396.3333333333,.,.
p9_offshorewind_class3_moderate_fixed_1_1,2030,4766049.882549,84215.3333333333,.,.
p9_offshorewind_class3_moderate_fixed_1_2,2030,4766049.882549,84215.3333333333,.,.
p9_offshorewind_class3_moderate_fixed_0_1,2030,4766049.882549,84215.3333333333,.,.
p9_offshorewind_class3_moderate_fixed_0_2,2030,4766049.882549,84215.3333333333,.,.
p9_offshorewind_class12_moderate_floating_0_1,2030,9068601.484485,75447.5,.,.
p9_offshorewind_class12_moderate_floating_0_2,2030,9068601.484485,75447.5,.,.
p10_naturalgas_1on1_combined_cycle_hframe_moderate_0,2030,2341296,40349.6666666667,.,.
p10_naturalgas_combustion_turbine_fframe_moderate_0,2030,1797114,26797.6666666667,.,.
p10_utilityscale_battery_storage_lithium_ion_advanced_0,2030,180587.567556,5162.33333333333,194084.441816,5459
p10_landbasedwind_class3_moderate_1,2030,1733342.941344,31648.6666666667,.,.
p10_landbasedwind_class3_moderate_2,2030,1733342.941344,31648.6666666667,.,.
p10_utilitypv_class1_moderate_1,2030,1683063.381513,19396.3333333333,.,.
p10_utilitypv_class1_moderate_2,2030,1683063.381513,19396.3333333333,.,.
p10_offshorewind_class3_moderate_fixed_1_1,2030,4731165.711405,84215.3333333333,.,.
p10_offshorewind_class3_moderate_fixed_1_2,2030,4731165.711405,84215.3333333333,.,.
p10_offshorewind_class3_moderate_fixed_0_1,2030,4731165.711405,84215.3333333333,.,.
p10_offshorewind_class3_moderate_fixed_0_2,2030,4731165.711405,84215.3333333333,.,.
p10_offshorewind_class12_moderate_floating_0_1,2030,9002225.627325,75447.5,.,.
p10_offshorewind_class12_moderate_floating_0_2,2030,9002225.627325,75447.5,.,.
p11_naturalgas_1on1_combined_cycle_hframe_moderate_0,2030,2341296,40349.6666666667,.,.
p11_naturalgas_combustion_turbine_fframe_moderate_0,2030,1797114,26797.6666666667,.,.
p11_utilityscale_battery_storage_lithium_ion_advanced_0,2030,180587.567556,5162.33333333333,194084.441816,5459
p11_landbasedwind_class3_moderate_1,2030,1733342.941344,31648.6666666667,.,.
p11_landbasedwind_class3_moderate_2,2030,1733342.941344,31648.6666666667,.,.
p11_utilitypv_class1_moderate_1,2030,1683063.381513,19396.3333333333,.,.
p11_utilitypv_class1_moderate_2,2030,1683063.381513,19396.3333333333,.,.
p11_offshorewind_class3_moderate_fixed_1_1,2030,4731165.711405,84215.3333333333,.,.
p11_offshorewind_class3_moderate_fixed_1_2,2030,4731165.711405,84215.3333333333,.,.
p11_offshorewind_class3_moderate_fixed_0_1,2030,4731165.711405,84215.3333333333,.,.
p11_offshorewind_class3_moderate_fixed_0_2,2030,4731165.711405,84215.3333333333,.,.
p11_offshorewind_class12_moderate_floating_0_1,2030,9002225.627325,75447.5,.,.
p11_offshorewind_class12_moderate_floating_0_2,2030,9002225.627325,75447.5,.,.
p11_imports_base_base_1,2030,0,0,.,.
p12_naturalgas_1on1_combined_cycle_hframe_moderate_0,2030,1875510,40349.6666666667,.,.
p12_naturalgas_combustion_turbine_fframe_moderate_0,2030,1463066,26797.6666666667,.,.
p12_utilityscale_battery_storage_lithium_ion_advanced_0,2030,172906.621866,5162.33333333333,185829.432476,5459
p12_landbasedwind_class3_moderate_1,2030,1350359.59779,31648.6666666667,.,.
p12_landbasedwind_class3_moderate_2,2030,1350359.59779,31648.6666666667,.,.
p12_utilitypv_class1_moderate_1,2030,1253968.837691,19396.3333333333,.,.
p12_utilitypv_class1_moderate_2,2030,1253968.837691,19396.3333333333,.,.
p13_naturalgas_1on1_combined_cycle_hframe_moderate_0,2030,1875510,40349.6666666667,.,.
p13_naturalgas_combustion_turbine_fframe_moderate_0,2030,1463066,26797.6666666667,.,.
p13_utilityscale_battery_storage_lithium_ion_advanced_0,2030,172906.621866,5162.33333333333,185829.432476,5459
p13_landbasedwind_class3_moderate_1,2030,1350359.59779,31648.6666666667,.,.
p13_landbasedwind_class3_moderate_2,2030,1350359.59779,31648.6666666667,.,.
p13_utilitypv_class1_moderate_1,2030,1253968.837691,19396.3333333333,.,.
p13_utilitypv_class1_moderate_2,2030,1253968.837691,19396.3333333333,.,.
p14_naturalgas_1on1_combined_cycle_hframe_moderate_0,2030,2100159,40349.6666666667,.,.
p14_naturalgas_combustion_turbine_fframe_moderate_0,2030,1652574,26797.6666666667,.,.
p14_utilityscale_battery_storage_lithium_ion_advanced_0,2030,172906.621866,5162.33333333333,185829.432476,5459
p14_landbasedwind_class3_moderate_1,2030,1544140.014648,31648.6666666667,.,.
p14_landbasedwind_class3_moderate_2,2030,1544140.014648,31648.6666666667,.,.
p14_utilitypv_class1_moderate_1,2030,1272625.122205,19396.3333333333,.,.
p14_utilitypv_class1_moderate_2,2030,1272625.122205,19396.3333333333,.,.
p15_naturalgas_1on1_combined_cycle_hframe_moderate_0,2030,1875510,40349.6666666667,.,.
p15_naturalgas_combustion_turbine_fframe_moderate_0,2030,1463066,26797.6666666667,.,.
p15_utilityscale_battery_storage_lithium_ion_advanced_0,2030,172906.621866,5162.33333333333,185829.432476,5459
p15_landbasedwind_class3_moderate_1,2030,1350359.59779,31648.6666666667,.,.
p15_landbasedwind_class3_moderate_2,2030,1350359.59779,31648.6666666667,.,.
p15_utilitypv_class1_moderate_1,2030,1253968.837691,19396.3333333333,.,.
p15_utilitypv_class1_moderate_2,2030,1253968.837691,19396.3333333333,.,.
p16_naturalgas_1on1_combined_cycle_hframe_moderate_0,2030,1875510,40349.6666666667,.,.
p16_naturalgas_combustion_turbine_fframe_moderate_0,2030,1463066,26797.6666666667,.,.
p16_utilityscale_battery_storage_lithium_ion_advanced_0,2030,172906.621866,5162.33333333333,185829.432476,5459
p16_landbasedwind_class3_moderate_1,2030,1350359.59779,31648.6666666667,.,.
p16_landbasedwind_class3_moderate_2,2030,1350359.59779,31648.6666666667,.,.
p16_utilitypv_class1_moderate_1,2030,1253968.837691,19396.3333333333,.,.
p16_utilitypv_class1_moderate_2,2030,1253968.837691,19396.3333333333,.,.
p17_naturalgas_1on1_combined_cycle_hframe_moderate_0,2030,2100159,40349.6666666667,.,.
p17_naturalgas_combustion_turbine_fframe_moderate_0,2030,1652574,26797.6666666667,.,.
p17_utilityscale_battery_storage_lithium_ion_advanced_0,2030,172906.621866,5162.33333333333,185829.432476,5459
p17_landbasedwind_class3_moderate_1,2030,1544140.014648,31648.6666666667,.,.
p17_landbasedwind_class3_moderate_2,2030,1544140.014648,31648.6666666667,.,.
p17_utilitypv_class1_moderate_1,2030,1272625.122205,19396.3333333333,.,.
p17_utilitypv_class1_moderate_2,2030,1272625.122205,19396.3333333333,.,.
p18_naturalgas_1on1_combined_cycle_hframe_moderate_0,2030,2100159,40349.6666666667,.,.
p18_naturalgas_combustion_turbine_fframe_moderate_0,2030,1652574,26797.6666666667,.,.
p18_utilityscale_battery_storage_lithium_ion_advanced_0,2030,172906.621866,5162.33333333333,185829.432476,5459
p18_landbasedwind_class3_moderate_1,2030,1544140.014648,31648.6666666667,.,.
p18_landbasedwind_class3_moderate_2,2030,1544140.014648,31648.6666666667,.,.
p18_utilitypv_class1_moderate_1,2030,1272625.122205,19396.3333333333,.,.
p18_utilitypv_class1_moderate_2,2030,1272625.122205,19396.3333333333,.,.
p18_imports_base_base_1,2030,0,0,.,.
p19_naturalgas_1on1_combined_cycle_hframe_moderate_0,2030,2100159,40349.6666666667,.,.
p19_naturalgas_combustion_turbine_fframe_moderate_0,2030,1652574,26797.6666666667,.,.
p19_utilityscale_battery_storage_lithium_ion_advanced_0,2030,172906.621866,5162.33333333333,185829.432476,5459
p19_landbasedwind_class3_moderate_1,2030,1544140.014648,31648.6666666667,.,.
p19_landbasedwind_class3_moderate_2,2030,1544140.014648,31648.6666666667,.,.
p19_utilitypv_class1_moderate_1,2030,1272625.122205,19396.3333333333,.,.
p19_utilitypv_class1_moderate_2,2030,1272625.122205,19396.3333333333,.,.
p20_naturalgas_1on1_combined_cycle_hframe_moderate_0,2030,2100159,40349.6666666667,.,.
p20_naturalgas_combustion_turbine_fframe_moderate_0,2030,1652574,26797.6666666667,.,.
p20_utilityscale_battery_storage_lithium_ion_advanced_0,2030,172906.621866,5162.33333333333,185829.432476,5459
p20_landbasedwind_class3_moderate_1,2030,1544140.014648,31648.6666666667,.,.
p20_landbasedwind_class3_moderate_2,2030,1544140.014648,31648.6666666667,.,.
p20_utilitypv_class1_moderate_1,2030,1272625.122205,19396.3333333333,.,.
p20_utilitypv_class1_moderate_2,2030,1272625.122205,19396.3333333333,.,.
p21_naturalgas_1on1_combined_cycle_hframe_moderate_0,2030,1875510,40349.6666666667,.,.
p21_naturalgas_combustion_turbine_fframe_moderate_0,2030,1463066,26797.6666666667,.,.
p21_utilityscale_battery_storage_lithium_ion_advanced_0,2030,172906.621866,5162.33333333333,185829.432476,5459
p21_landbasedwind_class3_moderate_1,2030,1350359.59779,31648.6666666667,.,.
p21_landbasedwind_class3_moderate_2,2030,1350359.59779,31648.6666666667,.,.
p21_utilitypv_class1_moderate_1,2030,1253968.837691,19396.3333333333,.,.
p21_utilitypv_class1_moderate_2,2030,1253968.837691,19396.3333333333,.,.
p22_naturalgas_1on1_combined_cycle_hframe_moderate_0,2030,1636434,40349.6666666667,.,.
p22_naturalgas_combustion_turbine_fframe_moderate_0,2030,1292830,26797.6666666667,.,.
p22_utilityscale_battery_storage_lithium_ion_advanced_0,2030,164372.237766,5162.33333333333,176657.199876,5459
p22_landbasedwind_class3_moderate_1,2030,1258809.79455,31648.6666666667,.,.
p22_landbasedwind_class3_moderate_2,2030,1258809.79455,31648.6666666667,.,.
p22_utilitypv_class1_moderate_1,2030,1213991.085161,19396.3333333333,.,.
p22_utilitypv_class1_moderate_2,2030,1213991.085161,19396.3333333333,.,.
p23_naturalgas_1on1_combined_cycle_hframe_moderate_0,2030,1636434,40349.6666666667,.,.
p23_naturalgas_combustion_turbine_fframe_moderate_0,2030,1292830,26797.6666666667,.,.
p23_utilityscale_battery_storage_lithium_ion_advanced_0,2030,164372.237766,5162.33333333333,176657.199876,5459
p23_landbasedwind_class3_moderate_1,2030,1258809.79455,31648.6666666667,.,.
p23_landbasedwind_class3_moderate_2,2030,1258809.79455,31648.6666666667,.,.
p23_utilitypv_class1_moderate_1,2030,1213991.085161,19396.3333333333,.,.
p23_utilitypv_class1_moderate_2,2030,1213991.085161,19396.3333333333,.,.
p24_naturalgas_1on1_combined_cycle_hframe_moderate_0,2030,1636434,40349.6666666667,.,.
p24_naturalgas_combustion_turbine_fframe_moderate_0,2030,1292830,26797.6666666667,.,.
p24_utilityscale_battery_storage_lithium_ion_advanced_0,2030,164372.237766,5162.33333333333,176657.199876,5459
p24_landbasedwind_class3_moderate_1,2030,1258809.79455,31648.6666666667,.,.
p24_landbasedwind_class3_moderate_2,2030,1258809.79455,31648.6666666667,.,.
p24_utilitypv_class1_moderate_1,2030,1213991.085161,19396.3333333333,.,.
p24_utilitypv_class1_moderate_2,2030,1213991.085161,19396.3333333333,.,.
p25_naturalgas_1on1_combined_cycle_hframe_moderate_0,2030,1875510,40349.6666666667,.,.
p25_naturalgas_combustion_turbine_fframe_moderate_0,2030,1463066,26797.6666666667,.,.
p25_utilityscale_battery_storage_lithium_ion_advanced_0,2030,172906.621866,5162.33333333333,185829.432476,5459
p25_landbasedwind_class3_moderate_1,2030,1350359.59779,31648.6666666667,.,.
p25_landbasedwind_class3_moderate_2,2030,1350359.59779,31648.6666666667,.,.
p25_utilitypv_class1_moderate_1,2030,1253968.837691,19396.3333333333,.,.
p25_utilitypv_class1_moderate_2,2030,1253968.837691,19396.3333333333,.,.
p26_naturalgas_1on1_combined_cycle_hframe_moderate_0,2030,1875510,40349.6666666667,.,.
p26_naturalgas_combustion_turbine_fframe_moderate_0,2030,1463066,26797.6666666667,.,.
p26_utilityscale_battery_storage_lithium_ion_advanced_0,2030,172906.621866,5162.33333333333,185829.432476,5459
p26_landbasedwind_class3_moderate_1,2030,1350359.59779,31648.6666666667,.,.
p26_landbasedwind_class3_moderate_2,2030,1350359.59779,31648.6666666667,.,.
p26_utilitypv_class1_moderate_1,2030,1253968.837691,19396.3333333333,.,.
p26_utilitypv_class1_moderate_2,2030,1253968.837691,19396.3333333333,.,.
p27_naturalgas_1on1_combined_cycle_hframe_moderate_0,2030,1780704,40349.6666666667,.,.
p27_naturalgas_combustion_turbine_fframe_moderate_0,2030,1369918,26797.6666666667,.,.
p27_utilityscale_battery_storage_lithium_ion_advanced_0,2030,168468.742134,5162.33333333333,181059.871524,5459
p27_landbasedwind_class3_moderate_1,2030,1472426.00211,31648.6666666667,.,.
p27_landbasedwind_class3_moderate_2,2030,1472426.00211,31648.6666666667,.,.
p27_utilitypv_class1_moderate_1,2030,1356578.402518,19396.3333333333,.,.
p27_utilitypv_class1_moderate_2,2030,1356578.402518,19396.3333333333,.,.
p28_naturalgas_1on1_combined_cycle_hframe_moderate_0,2030,1780704,40349.6666666667,.,.
p28_naturalgas_combustion_turbine_fframe_moderate_0,2030,1369918,26797.6666666667,.,.
p28_utilityscale_battery_storage_lithium_ion_advanced_0,2030,168468.742134,5162.33333333333,181059.871524,5459
p28_landbasedwind_class3_moderate_1,2030,1472426.00211,31648.6666666667,.,.
p28_landbasedwind_class3_moderate_2,2030,1472426.00211,31648.6666666667,.,.
p28_utilitypv_class1_moderate_1,2030,1356578.402518,19396.3333333333,.,.
p28_utilitypv_class1_moderate_2,2030,1356578.402518,19396.3333333333,.,.
p29_naturalgas_1on1_combined_cycle_hframe_moderate_0,2030,1780704,40349.6666666667,.,.
p29_naturalgas_combustion_turbine_fframe_moderate_0,2030,1369918,26797.6666666667,.,.
p29_utilityscale_battery_storage_lithium_ion_advanced_0,2030,168468.742134,5162.33333333333,181059.871524,5459
p29_landbasedwind_class3_moderate_1,2030,1472426.00211,31648.6666666667,.,.
p29_landbasedwind_class3_moderate_2,2030,1472426.00211,31648.6666666667,.,.
p29_utilitypv_class1_moderate_1,2030,1356578.402518,19396.3333333333,.,.
p29_utilitypv_class1_moderate_2,2030,1356578.402518,19396.3333333333,.,.
p30_naturalgas_1on1_combined_cycle_hframe_moderate_0,2030,1780704,40349.6666666667,.,.
p30_naturalgas_combustion_turbine_fframe_moderate_0,2030,1369918,26797.6666666667,.,.
p30_utilityscale_battery_storage_lithium_ion_advanced_0,2030,168468.742134,5162.33333333333,181059.871524,5459
p30_landbasedwind_class3_moderate_1,2030,1472426.00211,31648.6666666667,.,.
p30_landbasedwind_class3_moderate_2,2030,1472426.00211,31648.6666666667,.,.
p30_utilitypv_class1_moderate_1,2030,1356578.402518,19396.3333333333,.,.
p30_utilitypv_class1_moderate_2,2030,1356578.402518,19396.3333333333,.,.
p31_naturalgas_1on1_combined_cycle_hframe_moderate_0,2030,1780704,40349.6666666667,.,.
p31_naturalgas_combustion_turbine_fframe_moderate_0,2030,1369918,26797.6666666667,.,.
p31_utilityscale_battery_storage_lithium_ion_advanced_0,2030,168468.742134,5162.33333333333,181059.871524,5459
p31_landbasedwind_class3_moderate_1,2030,1472426.00211,31648.6666666667,.,.
p31_landbasedwind_class3_moderate_2,2030,1472426.00211,31648.6666666667,.,.
p31_utilitypv_class1_moderate_1,2030,1356578.402518,19396.3333333333,.,.
p31_utilitypv_class1_moderate_2,2030,1356578.402518,19396.3333333333,.,.
p32_naturalgas_1on1_combined_cycle_hframe_moderate_0,2030,1636434,40349.6666666667,.,.
p32_naturalgas_combustion_turbine_fframe_moderate_0,2030,1292830,26797.6666666667,.,.
p32_utilityscale_battery_storage_lithium_ion_advanced_0,2030,164372.237766,5162.33333333333,176657.199876,5459
p32_landbasedwind_class3_moderate_1,2030,1258809.79455,31648.6666666667,.,.
p32_landbasedwind_class3_moderate_2,2030,1258809.79455,31648.6666666667,.,.
p32_utilitypv_class1_moderate_1,2030,1213991.085161,19396.3333333333,.,.
p32_utilitypv_class1_moderate_2,2030,1213991.085161,19396.3333333333,.,.
p33_naturalgas_1on1_combined_cycle_hframe_moderate_0,2030,1636434,40349.6666666667,.,.
p33_naturalgas_combustion_turbine_fframe_moderate_0,2030,1292830,26797.6666666667,.,.
p33_utilityscale_battery_storage_lithium_ion_advanced_0,2030,164372.237766,5162.33333333333,176657.199876,5459
p33_landbasedwind_class3_moderate_1,2030,1258809.79455,31648.6666666667,.,.
p33_landbasedwind_class3_moderate_2,2030,1258809.79455,31648.6666666667,.,.
p33_utilitypv_class1_moderate_1,2030,1213991.085161,19396.3333333333,.,.
p33_utilitypv_class1_moderate_2,2030,1213991.085161,19396.3333333333,.,.
p34_naturalgas_1on1_combined_cycle_hframe_moderate_0,2030,1636434,40349.6666666667,.,.
p34_naturalgas_combustion_turbine_fframe_moderate_0,2030,1292830,26797.6666666667,.,.
p34_utilityscale_battery_storage_lithium_ion_advanced_0,2030,164372.237766,5162.33333333333,176657.199876,5459
p34_landbasedwind_class3_moderate_1,2030,1258809.79455,31648.6666666667,.,.
p34_landbasedwind_class3_moderate_2,2030,1258809.79455,31648.6666666667,.,.
p34_utilitypv_class1_moderate_1,2030,1213991.085161,19396.3333333333,.,.
p34_utilitypv_class1_moderate_2,2030,1213991.085161,19396.3333333333,.,.
p35_naturalgas_1on1_combined_cycle_hframe_moderate_0,2030,1891998,40349.6666666667,.,.
p35_naturalgas_combustion_turbine_fframe_moderate_0,2030,1493580,26797.6666666667,.,.
p35_utilityscale_battery_storage_lithium_ion_advanced_0,2030,164372.237766,5162.33333333333,176657.199876,5459
p35_landbasedwind_class3_moderate_1,2030,1148950.030662,31648.6666666667,.,.
p35_landbasedwind_class3_moderate_2,2030,1148950.030662,31648.6666666667,.,.
p35_utilitypv_class1_moderate_1,2030,1215323.676912,19396.3333333333,.,.
p35_utilitypv_class1_moderate_2,2030,1215323.676912,19396.3333333333,.,.
p36_naturalgas_1on1_combined_cycle_hframe_moderate_0,2030,1891998,40349.6666666667,.,.
p36_naturalgas_combustion_turbine_fframe_moderate_0,2030,1493580,26797.6666666667,.,.
p36_utilityscale_battery_storage_lithium_ion_advanced_0,2030,164372.237766,5162.33333333333,176657.199876,5459
p36_landbasedwind_class3_moderate_1,2030,1148950.030662,31648.6666666667,.,.
p36_landbasedwind_class3_moderate_2,2030,1148950.030662,31648.6666666667,.,.
p36_utilitypv_class1_moderate_1,2030,1215323.676912,19396.3333333333,.,.
p36_utilitypv_class1_moderate_2,2030,1215323.676912,19396.3333333333,.,.
p36_imports_base_base_1,2030,0,0,.,.
p37_naturalgas_1on1_combined_cycle_hframe_moderate_0,2030,1891998,40349.6666666667,.,.
p37_naturalgas_combustion_turbine_fframe_moderate_0,2030,1493580,26797.6666666667,.,.
p37_utilityscale_battery_storage_lithium_ion_advanced_0,2030,164372.237766,5162.33333333333,176657.199876,5459
p37_landbasedwind_class3_moderate_1,2030,1148950.030662,31648.6666666667,.,.
p37_landbasedwind_class3_moderate_2,2030,1148950.030662,31648.6666666667,.,.
p37_utilitypv_class1_moderate_1,2030,1215323.676912,19396.3333333333,.,.
p37_utilitypv_class1_moderate_2,2030,1215323.676912,19396.3333333333,.,.
p37_offshorewind_class3_moderate_fixed_1_1,2030,4011679.68156,84215.3333333333,.,.
p37_offshorewind_class3_moderate_fixed_1_2,2030,4011679.68156,84215.3333333333,.,.
p37_offshorewind_class3_moderate_fixed_0_1,2030,4011679.68156,84215.3333333333,.,.
p37_offshorewind_class3_moderate_fixed_0_2,2030,4011679.68156,84215.3333333333,.,.
p37_offshorewind_class12_moderate_floating_0_1,2030,7633223.5734,75447.5,.,.
p37_offshorewind_class12_moderate_floating_0_2,2030,7633223.5734,75447.5,.,.
p37_imports_base_base_1,2030,0,0,.,.
p38_naturalgas_1on1_combined_cycle_hframe_moderate_0,2030,1891998,40349.6666666667,.,.
p38_naturalgas_combustion_turbine_fframe_moderate_0,2030,1493580,26797.6666666667,.,.
p38_utilityscale_battery_storage_lithium_ion_advanced_0,2030,164372.237766,5162.33333333333,176657.199876,5459
p38_landbasedwind_class3_moderate_1,2030,1148950.030662,31648.6666666667,.,.
p38_landbasedwind_class3_moderate_2,2030,1148950.030662,31648.6666666667,.,.
p38_utilitypv_class1_moderate_1,2030,1215323.676912,19396.3333333333,.,.
p38_utilitypv_class1_moderate_2,2030,1215323.676912,19396.3333333333,.,.
p39_naturalgas_1on1_combined_cycle_hframe_moderate_0,2030,1891998,40349.6666666667,.,.
p39_naturalgas_combustion_turbine_fframe_moderate_0,2030,1493580,26797.6666666667,.,.
p39_utilityscale_battery_storage_lithium_ion_advanced_0,2030,164372.237766,5162.33333333333,176657.199876,5459
p39_landbasedwind_class3_moderate_1,2030,1148950.030662,31648.6666666667,.,.
p39_landbasedwind_class3_moderate_2,2030,1148950.030662,31648.6666666667,.,.
p39_utilitypv_class1_moderate_1,2030,1215323.676912,19396.3333333333,.,.
p39_utilitypv_class1_moderate_2,2030,1215323.676912,19396.3333333333,.,.
p40_naturalgas_1on1_combined_cycle_hframe_moderate_0,2030,1891998,40349.6666666667,.,.
p40_naturalgas_combustion_turbine_fframe_moderate_0,2030,1493580,26797.6666666667,.,.
p40_utilityscale_battery_storage_lithium_ion_advanced_0,2030,164372.237766,5162.33333333333,176657.199876,5459
p40_landbasedwind_class3_moderate_1,2030,1148950.030662,31648.6666666667,.,.
p40_landbasedwind_class3_moderate_2,2030,1148950.030662,31648.6666666667,.,.
p40_utilitypv_class1_moderate_1,2030,1215323.676912,19396.3333333333,.,.
p40_utilitypv_class1_moderate_2,2030,1215323.676912,19396.3333333333,.,.
p41_naturalgas_1on1_combined_cycle_hframe_moderate_0,2030,1891998,40349.6666666667,.,.
p41_naturalgas_combustion_turbine_fframe_moderate_0,2030,1493580,26797.6666666667,.,.
p41_utilityscale_battery_storage_lithium_ion_advanced_0,2030,164372.237766,5162.33333333333,176657.199876,5459
p41_landbasedwind_class3_moderate_1,2030,1148950.030662,31648.6666666667,.,.
p41_landbasedwind_class3_moderate_2,2030,1148950.030662,31648.6666666667,.,.
p41_utilitypv_class1_moderate_1,2030,1215323.676912,19396.3333333333,.,.
p41_utilitypv_class1_moderate_2,2030,1215323.676912,19396.3333333333,.,.
p42_naturalgas_1on1_combined_cycle_hframe_moderate_0,2030,2098098,40349.6666666667,.,.
p42_naturalgas_combustion_turbine_fframe_moderate_0,2030,1655786,26797.6666666667,.,.
p42_utilityscale_battery_storage_lithium_ion_advanced_0,2030,166249.802268,5162.33333333333,178675.091048,5459
p42_landbasedwind_class3_moderate_1,2030,1315265.506548,31648.6666666667,.,.
p42_landbasedwind_class3_moderate_2,2030,1315265.506548,31648.6666666667,.,.
p42_utilitypv_class1_moderate_1,2030,1249971.062438,19396.3333333333,.,.
p42_utilitypv_class1_moderate_2,2030,1249971.062438,19396.3333333333,.,.
p42_imports_base_base_1,2030,0,0,.,.
p43_naturalgas_1on1_combined_cycle_hframe_moderate_0,2030,2098098,40349.6666666667,.,.
p43_naturalgas_combustion_turbine_fframe_moderate_0,2030,1655786,26797.6666666667,.,.
p43_utilityscale_battery_storage_lithium_ion_advanced_0,2030,166249.802268,5162.33333333333,178675.091048,5459
p43_landbasedwind_class3_moderate_1,2030,1315265.506548,31648.6666666667,.,.
p43_landbasedwind_class3_moderate_2,2030,1315265.506548,31648.6666666667,.,.
p43_utilitypv_class1_moderate_1,2030,1249971.062438,19396.3333333333,.,.
p43_utilitypv_class1_moderate_2,2030,1249971.062438,19396.3333333333,.,.
p43_offshorewind_class3_moderate_fixed_1_1,2030,4199182.101459,84215.3333333333,.,.
p43_offshorewind_class3_moderate_fixed_1_2,2030,4199182.101459,84215.3333333333,.,.
p43_offshorewind_class3_moderate_fixed_0_1,2030,4199182.101459,84215.3333333333,.,.
p43_offshorewind_class3_moderate_fixed_0_2,2030,4199182.101459,84215.3333333333,.,.
p43_offshorewind_class12_moderate_floating_0_1,2030,7989993.805635,75447.5,.,.
p43_offshorewind_class12_moderate_floating_0_2,2030,7989993.805635,75447.5,.,.
p44_naturalgas_1on1_combined_cycle_hframe_moderate_0,2030,2098098,40349.6666666667,.,.
p44_naturalgas_combustion_turbine_fframe_moderate_0,2030,1655786,26797.6666666667,.,.
p44_utilityscale_battery_storage_lithium_ion_advanced_0,2030,166249.802268,5162.33333333333,178675.091048,5459
p44_landbasedwind_class3_moderate_1,2030,1315265.506548,31648.6666666667,.,.
p44_landbasedwind_class3_moderate_2,2030,1315265.506548,31648.6666666667,.,.
p44_utilitypv_class1_moderate_1,2030,1249971.062438,19396.3333333333,.,.
p44_utilitypv_class1_moderate_2,2030,1249971.062438,19396.3333333333,.,.
p45_naturalgas_1on1_combined_cycle_hframe_moderate_0,2030,1891998,40349.6666666667,.,.
p45_naturalgas_combustion_turbine_fframe_moderate_0,2030,1493580,26797.6666666667,.,.
p45_utilityscale_battery_storage_lithium_ion_advanced_0,2030,164372.237766,5162.33333333333,176657.199876,5459
p45_landbasedwind_class3_moderate_1,2030,1148950.030662,31648.6666666667,.,.
p45_landbasedwind_class3_moderate_2,2030,1148950.030662,31648.6666666667,.,.
p45_utilitypv_class1_moderate_1,2030,1215323.676912,19396.3333333333,.,.
p45_utilitypv_class1_moderate_2,2030,1215323.676912,19396.3333333333,.,.
p46_naturalgas_1on1_combined_cycle_hframe_moderate_0,2030,1891998,40349.6666666667,.,.
p46_naturalgas_combustion_turbine_fframe_moderate_0,2030,1493580,26797.6666666667,.,.
p46_utilityscale_battery_storage_lithium_ion_advanced_0,2030,164372.237766,5162.33333333333,176657.199876,5459
p46_landbasedwind_class3_moderate_1,2030,1148950.030662,31648.6666666667,.,.
p46_landbasedwind_class3_moderate_2,2030,1148950.030662,31648.6666666667,.,.
p46_utilitypv_class1_moderate_1,2030,1215323.676912,19396.3333333333,.,.
p46_utilitypv_class1_moderate_2,2030,1215323.676912,19396.3333333333,.,.
p47_naturalgas_1on1_combined_cycle_hframe_moderate_0,2030,1875510,40349.6666666667,.,.
p47_naturalgas_combustion_turbine_fframe_moderate_0,2030,1461460,26797.6666666667,.,.
p47_utilityscale_battery_storage_lithium_ion_advanced_0,2030,164542.925448,5162.33333333333,176840.644528,5459
p47_landbasedwind_class3_moderate_1,2030,1243551.49401,31648.6666666667,.,.
p47_landbasedwind_class3_moderate_2,2030,1243551.49401,31648.6666666667,.,.
p47_utilitypv_class1_moderate_1,2030,1197999.984149,19396.3333333333,.,.
p47_utilitypv_class1_moderate_2,2030,1197999.984149,19396.3333333333,.,.
p48_naturalgas_1on1_combined_cycle_hframe_moderate_0,2030,1875510,40349.6666666667,.,.
p48_naturalgas_combustion_turbine_fframe_moderate_0,2030,1461460,26797.6666666667,.,.
p48_utilityscale_battery_storage_lithium_ion_advanced_0,2030,164542.925448,5162.33333333333,176840.644528,5459
p48_landbasedwind_class3_moderate_1,2030,1243551.49401,31648.6666666667,.,.
p48_landbasedwind_class3_moderate_2,2030,1243551.49401,31648.6666666667,.,.
p48_utilitypv_class1_moderate_1,2030,1197999.984149,19396.3333333333,.,.
p48_utilitypv_class1_moderate_2,2030,1197999.984149,19396.3333333333,.,.
p49_naturalgas_1on1_combined_cycle_hframe_moderate_0,2030,1875510,40349.6666666667,.,.
p49_naturalgas_combustion_turbine_fframe_moderate_0,2030,1461460,26797.6666666667,.,.
p49_utilityscale_battery_storage_lithium_ion_advanced_0,2030,164542.925448,5162.33333333333,176840.644528,5459
p49_landbasedwind_class3_moderate_1,2030,1243551.49401,31648.6666666667,.,.
p49_landbasedwind_class3_moderate_2,2030,1243551.49401,31648.6666666667,.,.
p49_utilitypv_class1_moderate_1,2030,1197999.984149,19396.3333333333,.,.
p49_utilitypv_class1_moderate_2,2030,1197999.984149,19396.3333333333,.,.
p50_naturalgas_1on1_combined_cycle_hframe_moderate_0,2030,1875510,40349.6666666667,.,.
p50_naturalgas_combustion_turbine_fframe_moderate_0,2030,1461460,26797.6666666667,.,.
p50_utilityscale_battery_storage_lithium_ion_advanced_0,2030,164542.925448,5162.33333333333,176840.644528,5459
p50_landbasedwind_class3_moderate_1,2030,1243551.49401,31648.6666666667,.,.
p50_landbasedwind_class3_moderate_2,2030,1243551.49401,31648.6666666667,.,.
p50_utilitypv_class1_moderate_1,2030,1197999.984149,19396.3333333333,.,.
p50_utilitypv_class1_moderate_2,2030,1197999.984149,19396.3333333333,.,.
p51_naturalgas_1on1_combined_cycle_hframe_moderate_0,2030,1875510,40349.6666666667,.,.
p51_naturalgas_combustion_turbine_fframe_moderate_0,2030,1461460,26797.6666666667,.,.
p51_utilityscale_battery_storage_lithium_ion_advanced_0,2030,164542.925448,5162.33333333333,176840.644528,5459
p51_landbasedwind_class3_moderate_1,2030,1243551.49401,31648.6666666667,.,.
p51_landbasedwind_class3_moderate_2,2030,1243551.49401,31648.6666666667,.,.
p51_utilitypv_class1_moderate_1,2030,1197999.984149,19396.3333333333,.,.
p51_utilitypv_class1_moderate_2,2030,1197999.984149,19396.3333333333,.,.
p52_naturalgas_1on1_combined_cycle_hframe_moderate_0,2030,1990926,40349.6666666667,.,.
p52_naturalgas_combustion_turbine_fframe_moderate_0,2030,1551396,26797.6666666667,.,.
p52_utilityscale_battery_storage_lithium_ion_advanced_0,2030,167273.92836,5162.33333333333,179775.75896,5459
p52_landbasedwind_class3_moderate_1,2030,1298481.375954,31648.6666666667,.,.
p52_landbasedwind_class3_moderate_2,2030,1298481.375954,31648.6666666667,.,.
p52_utilitypv_class1_moderate_1,2030,1235312.553177,19396.3333333333,.,.
p52_utilitypv_class1_moderate_2,2030,1235312.553177,19396.3333333333,.,.
p53_naturalgas_1on1_combined_cycle_hframe_moderate_0,2030,1990926,40349.6666666667,.,.
p53_naturalgas_combustion_turbine_fframe_moderate_0,2030,1551396,26797.6666666667,.,.
p53_utilityscale_battery_storage_lithium_ion_advanced_0,2030,167273.92836,5162.33333333333,179775.75896,5459
p53_landbasedwind_class3_moderate_1,2030,1298481.375954,31648.6666666667,.,.
p53_landbasedwind_class3_moderate_2,2030,1298481.375954,31648.6666666667,.,.
p53_utilitypv_class1_moderate_1,2030,1235312.553177,19396.3333333333,.,.
p53_utilitypv_class1_moderate_2,2030,1235312.553177,19396.3333333333,.,.
p54_naturalgas_1on1_combined_cycle_hframe_moderate_0,2030,1990926,40349.6666666667,.,.
p54_naturalgas_combustion_turbine_fframe_moderate_0,2030,1551396,26797.6666666667,.,.
p54_utilityscale_battery_storage_lithium_ion_advanced_0,2030,167273.92836,5162.33333333333,179775.75896,5459
p54_landbasedwind_class3_moderate_1,2030,1298481.375954,31648.6666666667,.,.
p54_landbasedwind_class3_moderate_2,2030,1298481.375954,31648.6666666667,.,.
p54_utilitypv_class1_moderate_1,2030,1235312.553177,19396.3333333333,.,.
p54_utilitypv_class1_moderate_2,2030,1235312.553177,19396.3333333333,.,.
p55_naturalgas_1on1_combined_cycle_hframe_moderate_0,2030,1990926,40349.6666666667,.,.
p55_naturalgas_combustion_turbine_fframe_moderate_0,2030,1551396,26797.6666666667,.,.
p55_utilityscale_battery_storage_lithium_ion_advanced_0,2030,167273.92836,5162.33333333333,179775.75896,5459
p55_landbasedwind_class3_moderate_1,2030,1298481.375954,31648.6666666667,.,.
p55_landbasedwind_class3_moderate_2,2030,1298481.375954,31648.6666666667,.,.
p55_utilitypv_class1_moderate_1,2030,1235312.553177,19396.3333333333,.,.
p55_utilitypv_class1_moderate_2,2030,1235312.553177,19396.3333333333,.,.
p56_naturalgas_1on1_combined_cycle_hframe_moderate_0,2030,1875510,40349.6666666667,.,.
p56_naturalgas_combustion_turbine_fframe_moderate_0,2030,1461460,26797.6666666667,.,.
p56_utilityscale_battery_storage_lithium_ion_advanced_0,2030,164542.925448,5162.33333333333,176840.644528,5459
p56_landbasedwind_class3_moderate_1,2030,1243551.49401,31648.6666666667,.,.
p56_landbasedwind_class3_moderate_2,2030,1243551.49401,31648.6666666667,.,.
p56_utilitypv_class1_moderate_1,2030,1197999.984149,19396.3333333333,.,.
p56_utilitypv_class1_moderate_2,2030,1197999.984149,19396.3333333333,.,.
p57_naturalgas_1on1_combined_cycle_hframe_moderate_0,2030,1875510,40349.6666666667,.,.
p57_naturalgas_combustion_turbine_fframe_moderate_0,2030,1461460,26797.6666666667,.,.
p57_utilityscale_battery_storage_lithium_ion_advanced_0,2030,164542.925448,5162.33333333333,176840.644528,5459
p57_landbasedwind_class3_moderate_1,2030,1243551.49401,31648.6666666667,.,.
p57_landbasedwind_class3_moderate_2,2030,1243551.49401,31648.6666666667,.,.
p57_utilitypv_class1_moderate_1,2030,1197999.984149,19396.3333333333,.,.
p57_utilitypv_class1_moderate_2,2030,1197999.984149,19396.3333333333,.,.
p58_naturalgas_1on1_combined_cycle_hframe_moderate_0,2030,1937340,40349.6666666667,.,.
p58_naturalgas_combustion_turbine_fframe_moderate_0,2030,1504822,26797.6666666667,.,.
p58_utilityscale_battery_storage_lithium_ion_advanced_0,2030,171711.808092,5162.33333333333,184545.319912,5459
p58_landbasedwind_class3_moderate_1,2030,1177940.801688,31648.6666666667,.,.
p58_landbasedwind_class3_moderate_2,2030,1177940.801688,31648.6666666667,.,.
p58_utilitypv_class1_moderate_1,2030,1213991.085161,19396.3333333333,.,.
p58_utilitypv_class1_moderate_2,2030,1213991.085161,19396.3333333333,.,.
p58_offshorewind_class3_moderate_fixed_1_1,2030,4159937.408922,84215.3333333333,.,.
p58_offshorewind_class3_moderate_fixed_1_2,2030,4159937.408922,84215.3333333333,.,.
p58_offshorewind_class3_moderate_fixed_0_1,2030,4159937.408922,84215.3333333333,.,.
p58_offshorewind_class3_moderate_fixed_0_2,2030,4159937.408922,84215.3333333333,.,.
p58_offshorewind_class12_moderate_floating_0_1,2030,7915320.96633,75447.5,.,.
p58_offshorewind_class12_moderate_floating_0_2,2030,7915320.96633,75447.5,.,.
p59_naturalgas_1on1_combined_cycle_hframe_moderate_0,2030,1780704,40349.6666666667,.,.
p59_naturalgas_combustion_turbine_fframe_moderate_0,2030,1369918,26797.6666666667,.,.
p59_utilityscale_battery_storage_lithium_ion_advanced_0,2030,168468.742134,5162.33333333333,181059.871524,5459
p59_landbasedwind_class3_moderate_1,2030,1472426.00211,31648.6666666667,.,.
p59_landbasedwind_class3_moderate_2,2030,1472426.00211,31648.6666666667,.,.
p59_utilitypv_class1_moderate_1,2030,1356578.402518,19396.3333333333,.,.
p59_utilitypv_class1_moderate_2,2030,1356578.402518,19396.3333333333,.,.
p60_naturalgas_1on1_combined_cycle_hframe_moderate_0,2030,1832229,40349.6666666667,.,.
p60_naturalgas_combustion_turbine_fframe_moderate_0,2030,1411674,26797.6666666667,.,.
p60_utilityscale_battery_storage_lithium_ion_advanced_0,2030,164201.550084,5162.33333333333,176473.755224,5459
p60_landbasedwind_class3_moderate_1,2030,1214560.722984,31648.6666666667,.,.
p60_landbasedwind_class3_moderate_2,2030,1214560.722984,31648.6666666667,.,.
p60_utilitypv_class1_moderate_1,2030,1176678.516133,19396.3333333333,.,.
p60_utilitypv_class1_moderate_2,2030,1176678.516133,19396.3333333333,.,.
p61_naturalgas_1on1_combined_cycle_hframe_moderate_0,2030,1832229,40349.6666666667,.,.
p61_naturalgas_combustion_turbine_fframe_moderate_0,2030,1411674,26797.6666666667,.,.
p61_utilityscale_battery_storage_lithium_ion_advanced_0,2030,164201.550084,5162.33333333333,176473.755224,5459
p61_landbasedwind_class3_moderate_1,2030,1214560.722984,31648.6666666667,.,.
p61_landbasedwind_class3_moderate_2,2030,1214560.722984,31648.6666666667,.,.
p61_utilitypv_class1_moderate_1,2030,1176678.516133,19396.3333333333,.,.
p61_utilitypv_class1_moderate_2,2030,1176678.516133,19396.3333333333,.,.
p62_naturalgas_1on1_combined_cycle_hframe_moderate_0,2030,1832229,40349.6666666667,.,.
p62_naturalgas_combustion_turbine_fframe_moderate_0,2030,1411674,26797.6666666667,.,.
p62_utilityscale_battery_storage_lithium_ion_advanced_0,2030,164201.550084,5162.33333333333,176473.755224,5459
p62_landbasedwind_class3_moderate_1,2030,1214560.722984,31648.6666666667,.,.
p62_landbasedwind_class3_moderate_2,2030,1214560.722984,31648.6666666667,.,.
p62_utilitypv_class1_moderate_1,2030,1176678.516133,19396.3333333333,.,.
p62_utilitypv_class1_moderate_2,2030,1176678.516133,19396.3333333333,.,.
p63_naturalgas_1on1_combined_cycle_hframe_moderate_0,2030,1832229,40349.6666666667,.,.
p63_naturalgas_combustion_turbine_fframe_moderate_0,2030,1411674,26797.6666666667,.,.
p63_utilityscale_battery_storage_lithium_ion_advanced_0,2030,164201.550084,5162.33333333333,176473.755224,5459
p63_landbasedwind_class3_moderate_1,2030,1214560.722984,31648.6666666667,.,.
p63_landbasedwind_class3_moderate_2,2030,1214560.722984,31648.6666666667,.,.
p63_utilitypv_class1_moderate_1,2030,1176678.516133,19396.3333333333,.,.
p63_utilitypv_class1_moderate_2,2030,1176678.516133,19396.3333333333,.,.
p64_naturalgas_1on1_combined_cycle_hframe_moderate_0,2030,1832229,40349.6666666667,.,.
p64_naturalgas_combustion_turbine_fframe_moderate_0,2030,1411674,26797.6666666667,.,.
p64_utilityscale_battery_storage_lithium_ion_advanced_0,2030,164201.550084,5162.33333333333,176473.755224,5459
p64_landbasedwind_class3_moderate_1,2030,1214560.722984,31648.6666666667,.,.
p64_landbasedwind_class3_moderate_2,2030,1214560.722984,31648.6666666667,.,.
p64_utilitypv_class1_moderate_1,2030,1176678.516133,19396.3333333333,.,.
p64_utilitypv_class1_moderate_2,2030,1176678.516133,19396.3333333333,.,.
p64_offshorewind_class3_moderate_fixed_1_1,2030,3798014.133303,84215.3333333333,.,.
p64_offshorewind_class3_moderate_fixed_1_2,2030,3798014.133303,84215.3333333333,.,.
p64_offshorewind_class3_moderate_fixed_0_1,2030,3798014.133303,84215.3333333333,.,.
p64_offshorewind_class3_moderate_fixed_0_2,2030,3798014.133303,84215.3333333333,.,.
p64_offshorewind_class12_moderate_floating_0_1,2030,7226671.448295,75447.5,.,.
p64_offshorewind_class12_moderate_floating_0_2,2030,7226671.448295,75447.5,.,.
p65_naturalgas_1on1_combined_cycle_hframe_moderate_0,2030,1832229,40349.6666666667,.,.
p65_naturalgas_combustion_turbine_fframe_moderate_0,2030,1411674,26797.6666666667,.,.
p65_utilityscale_battery_storage_lithium_ion_advanced_0,2030,164201.550084,5162.33333333333,176473.755224,5459
p65_landbasedwind_class3_moderate_1,2030,1214560.722984,31648.6666666667,.,.
p65_landbasedwind_class3_moderate_2,2030,1214560.722984,31648.6666666667,.,.
p65_utilitypv_class1_moderate_1,2030,1176678.516133,19396.3333333333,.,.
p65_utilitypv_class1_moderate_2,2030,1176678.516133,19396.3333333333,.,.
p65_offshorewind_class3_moderate_fixed_1_1,2030,3798014.133303,84215.3333333333,.,.
p65_offshorewind_class3_moderate_fixed_1_2,2030,3798014.133303,84215.3333333333,.,.
p65_offshorewind_class3_moderate_fixed_0_1,2030,3798014.133303,84215.3333333333,.,.
p65_offshorewind_class3_moderate_fixed_0_2,2030,3798014.133303,84215.3333333333,.,.
p65_offshorewind_class12_moderate_floating_0_1,2030,7226671.448295,75447.5,.,.
p65_offshorewind_class12_moderate_floating_0_2,2030,7226671.448295,75447.5,.,.
p65_imports_base_base_1,2030,0,0,.,.
p66_naturalgas_1on1_combined_cycle_hframe_moderate_0,2030,1937340,40349.6666666667,.,.
p66_naturalgas_combustion_turbine_fframe_moderate_0,2030,1504822,26797.6666666667,.,.
p66_utilityscale_battery_storage_lithium_ion_advanced_0,2030,171711.808092,5162.33333333333,184545.319912,5459
p66_landbasedwind_class3_moderate_1,2030,1177940.801688,31648.6666666667,.,.
p66_landbasedwind_class3_moderate_2,2030,1177940.801688,31648.6666666667,.,.
p66_utilitypv_class1_moderate_1,2030,1213991.085161,19396.3333333333,.,.
p66_utilitypv_class1_moderate_2,2030,1213991.085161,19396.3333333333,.,.
p66_offshorewind_class3_moderate_fixed_1_1,2030,4159937.408922,84215.3333333333,.,.
p66_offshorewind_class3_moderate_fixed_1_2,2030,4159937.408922,84215.3333333333,.,.
p66_offshorewind_class3_moderate_fixed_0_1,2030,4159937.408922,84215.3333333333,.,.
p66_offshorewind_class3_moderate_fixed_0_2,2030,4159937.408922,84215.3333333333,.,.
p66_offshorewind_class12_moderate_floating_0_1,2030,7915320.96633,75447.5,.,.
p66_offshorewind_class12_moderate_floating_0_2,2030,7915320.96633,75447.5,.,.
p67_naturalgas_1on1_combined_cycle_hframe_moderate_0,2030,1832229,40349.6666666667,.,.
p67_naturalgas_combustion_turbine_fframe_moderate_0,2030,1411674,26797.6666666667,.,.
p67_utilityscale_battery_storage_lithium_ion_advanced_0,2030,164201.550084,5162.33333333333,176473.755224,5459
p67_landbasedwind_class3_moderate_1,2030,1214560.722984,31648.6666666667,.,.
p67_landbasedwind_class3_moderate_2,2030,1214560.722984,31648.6666666667,.,.
p67_utilitypv_class1_moderate_1,2030,1176678.516133,19396.3333333333,.,.
p67_utilitypv_class1_moderate_2,2030,1176678.516133,19396.3333333333,.,.
p67_offshorewind_class3_moderate_fixed_1_1,2030,3798014.133303,84215.3333333333,.,.
p67_offshorewind_class3_moderate_fixed_1_2,2030,3798014.133303,84215.3333333333,.,.
p67_offshorewind_class3_moderate_fixed_0_1,2030,3798014.133303,84215.3333333333,.,.
p67_offshorewind_class3_moderate_fixed_0_2,2030,3798014.133303,84215.3333333333,.,.
p67_offshorewind_class12_moderate_floating_0_1,2030,7226671.448295,75447.5,.,.
p67_offshorewind_class12_moderate_floating_0_2,2030,7226671.448295,75447.5,.,.
p68_naturalgas_1on1_combined_cycle_hframe_moderate_0,2030,2098098,40349.6666666667,.,.
p68_naturalgas_combustion_turbine_fframe_moderate_0,2030,1655786,26797.6666666667,.,.
p68_utilityscale_battery_storage_lithium_ion_advanced_0,2030,166249.802268,5162.33333333333,178675.091048,5459
p68_landbasedwind_class3_moderate_1,2030,1315265.506548,31648.6666666667,.,.
p68_landbasedwind_class3_moderate_2,2030,1315265.506548,31648.6666666667,.,.
p68_utilitypv_class1_moderate_1,2030,1249971.062438,19396.3333333333,.,.
p68_utilitypv_class1_moderate_2,2030,1249971.062438,19396.3333333333,.,.
p69_naturalgas_1on1_combined_cycle_hframe_moderate_0,2030,2098098,40349.6666666667,.,.
p69_naturalgas_combustion_turbine_fframe_moderate_0,2030,1655786,26797.6666666667,.,.
p69_utilityscale_battery_storage_lithium_ion_advanced_0,2030,166249.802268,5162.33333333333,178675.091048,5459
p69_landbasedwind_class3_moderate_1,2030,1315265.506548,31648.6666666667,.,.
p69_landbasedwind_class3_moderate_2,2030,1315265.506548,31648.6666666667,.,.
p69_utilitypv_class1_moderate_1,2030,1249971.062438,19396.3333333333,.,.
p69_utilitypv_class1_moderate_2,2030,1249971.062438,19396.3333333333,.,.
p70_naturalgas_1on1_combined_cycle_hframe_moderate_0,2030,2098098,40349.6666666667,.,.
p70_naturalgas_combustion_turbine_fframe_moderate_0,2030,1655786,26797.6666666667,.,.
p70_utilityscale_battery_storage_lithium_ion_advanced_0,2030,166249.802268,5162.33333333333,178675.091048,5459
p70_landbasedwind_class3_moderate_1,2030,1315265.506548,31648.6666666667,.,.
p70_landbasedwind_class3_moderate_2,2030,1315265.506548,31648.6666666667,.,.
p70_utilitypv_class1_moderate_1,2030,1249971.062438,19396.3333333333,.,.
p70_utilitypv_class1_moderate_2,2030,1249971.062438,19396.3333333333,.,.
p71_naturalgas_1on1_combined_cycle_hframe_moderate_0,2030,2071305,40349.6666666667,.,.
p71_naturalgas_combustion_turbine_fframe_moderate_0,2030,1623666,26797.6666666667,.,.
p71_utilityscale_battery_storage_lithium_ion_advanced_0,2030,173930.747958,5162.33333333333,186930.100388,5459
p71_landbasedwind_class3_moderate_1,2030,1237448.173794,31648.6666666667,.,.
p71_landbasedwind_class3_moderate_2,2030,1237448.173794,31648.6666666667,.,.
p71_utilitypv_class1_moderate_1,2030,1253968.837691,19396.3333333333,.,.
p71_utilitypv_class1_moderate_2,2030,1253968.837691,19396.3333333333,.,.
p72_naturalgas_1on1_combined_cycle_hframe_moderate_0,2030,2071305,40349.6666666667,.,.
p72_naturalgas_combustion_turbine_fframe_moderate_0,2030,1623666,26797.6666666667,.,.
p72_utilityscale_battery_storage_lithium_ion_advanced_0,2030,173930.747958,5162.33333333333,186930.100388,5459
p72_landbasedwind_class3_moderate_1,2030,1237448.173794,31648.6666666667,.,.
p72_landbasedwind_class3_moderate_2,2030,1237448.173794,31648.6666666667,.,.
p72_utilitypv_class1_moderate_1,2030,1253968.837691,19396.3333333333,.,.
p72_utilitypv_class1_moderate_2,2030,1253968.837691,19396.3333333333,.,.
p73_naturalgas_1on1_combined_cycle_hframe_moderate_0,2030,2071305,40349.6666666667,.,.
p73_naturalgas_combustion_turbine_fframe_moderate_0,2030,1623666,26797.6666666667,.,.
p73_utilityscale_battery_storage_lithium_ion_advanced_0,2030,173930.747958,5162.33333333333,186930.100388,5459
p73_landbasedwind_class3_moderate_1,2030,1237448.173794,31648.6666666667,.,.
p73_landbasedwind_class3_moderate_2,2030,1237448.173794,31648.6666666667,.,.
p73_utilitypv_class1_moderate_1,2030,1253968.837691,19396.3333333333,.,.
p73_utilitypv_class1_moderate_2,2030,1253968.837691,19396.3333333333,.,.
p74_naturalgas_1on1_combined_cycle_hframe_moderate_0,2030,2098098,40349.6666666667,.,.
p74_naturalgas_combustion_turbine_fframe_moderate_0,2030,1655786,26797.6666666667,.,.
p74_utilityscale_battery_storage_lithium_ion_advanced_0,2030,166249.802268,5162.33333333333,178675.091048,5459
p74_landbasedwind_class3_moderate_1,2030,1315265.506548,31648.6666666667,.,.
p74_landbasedwind_class3_moderate_2,2030,1315265.506548,31648.6666666667,.,.
p74_utilitypv_class1_moderate_1,2030,1249971.062438,19396.3333333333,.,.
p74_utilitypv_class1_moderate_2,2030,1249971.062438,19396.3333333333,.,.
p74_offshorewind_class3_moderate_fixed_1_1,2030,4199182.101459,84215.3333333333,.,.
p74_offshorewind_class3_moderate_fixed_1_2,2030,4199182.101459,84215.3333333333,.,.
p74_offshorewind_class3_moderate_fixed_0_1,2030,4199182.101459,84215.3333333333,.,.
p74_offshorewind_class3_moderate_fixed_0_2,2030,4199182.101459,84215.3333333333,.,.
p74_offshorewind_class12_moderate_floating_0_1,2030,7989993.805635,75447.5,.,.
p74_offshorewind_class12_moderate_floating_0_2,2030,7989993.805635,75447.5,.,.
p75_naturalgas_1on1_combined_cycle_hframe_moderate_0,2030,2098098,40349.6666666667,.,.
p75_naturalgas_combustion_turbine_fframe_moderate_0,2030,1655786,26797.6666666667,.,.
p75_utilityscale_battery_storage_lithium_ion_advanced_0,2030,166249.802268,5162.33333333333,178675.091048,5459
p75_landbasedwind_class3_moderate_1,2030,1315265.506548,31648.6666666667,.,.
p75_landbasedwind_class3_moderate_2,2030,1315265.506548,31648.6666666667,.,.
p75_utilitypv_class1_moderate_1,2030,1249971.062438,19396.3333333333,.,.
p75_utilitypv_class1_moderate_2,2030,1249971.062438,19396.3333333333,.,.
p75_offshorewind_class3_moderate_fixed_1_1,2030,4199182.101459,84215.3333333333,.,.
p75_offshorewind_class3_moderate_fixed_1_2,2030,4199182.101459,84215.3333333333,.,.
p75_offshorewind_class3_moderate_fixed_0_1,2030,4199182.101459,84215.3333333333,.,.
p75_offshorewind_class3_moderate_fixed_0_2,2030,4199182.101459,84215.3333333333,.,.
p75_offshorewind_class12_moderate_floating_0_1,2030,7989993.805635,75447.5,.,.
p75_offshorewind_class12_moderate_floating_0_2,2030,7989993.805635,75447.5,.,.
p76_naturalgas_1on1_combined_cycle_hframe_moderate_0,2030,2098098,40349.6666666667,.,.
p76_naturalgas_combustion_turbine_fframe_moderate_0,2030,1655786,26797.6666666667,.,.
p76_utilityscale_battery_storage_lithium_ion_advanced_0,2030,166249.802268,5162.33333333333,178675.091048,5459
p76_landbasedwind_class3_moderate_1,2030,1315265.506548,31648.6666666667,.,.
p76_landbasedwind_class3_moderate_2,2030,1315265.506548,31648.6666666667,.,.
p76_utilitypv_class1_moderate_1,2030,1249971.062438,19396.3333333333,.,.
p76_utilitypv_class1_moderate_2,2030,1249971.062438,19396.3333333333,.,.
p76_offshorewind_class3_moderate_fixed_1_1,2030,4199182.101459,84215.3333333333,.,.
p76_offshorewind_class3_moderate_fixed_1_2,2030,4199182.101459,84215.3333333333,.,.
p76_offshorewind_class3_moderate_fixed_0_1,2030,4199182.101459,84215.3333333333,.,.
p76_offshorewind_class3_moderate_fixed_0_2,2030,4199182.101459,84215.3333333333,.,.
p76_offshorewind_class12_moderate_floating_0_1,2030,7989993.805635,75447.5,.,.
p76_offshorewind_class12_moderate_floating_0_2,2030,7989993.805635,75447.5,.,.
p77_naturalgas_1on1_combined_cycle_hframe_moderate_0,2030,2098098,40349.6666666667,.,.
p77_naturalgas_combustion_turbine_fframe_moderate_0,2030,1655786,26797.6666666667,.,.
p77_utilityscale_battery_storage_lithium_ion_advanced_0,2030,166249.802268,5162.33333333333,178675.091048,5459
p77_landbasedwind_class3_moderate_1,2030,1315265.506548,31648.6666666667,.,.
p77_landbasedwind_class3_moderate_2,2030,1315265.506548,31648.6666666667,.,.
p77_utilitypv_class1_moderate_1,2030,1249971.062438,19396.3333333333,.,.
p77_utilitypv_class1_moderate_2,2030,1249971.062438,19396.3333333333,.,.
p78_naturalgas_1on1_combined_cycle_hframe_moderate_0,2030,2098098,40349.6666666667,.,.
p78_naturalgas_combustion_turbine_fframe_moderate_0,2030,1655786,26797.6666666667,.,.
p78_utilityscale_battery_storage_lithium_ion_advanced_0,2030,166249.802268,5162.33333333333,178675.091048,5459
p78_landbasedwind_class3_moderate_1,2030,1315265.506548,31648.6666666667,.,.
p78_landbasedwind_class3_moderate_2,2030,1315265.506548,31648.6666666667,.,.
p78_utilitypv_class1_moderate_1,2030,1249971.062438,19396.3333333333,.,.
p78_utilitypv_class1_moderate_2,2030,1249971.062438,19396.3333333333,.,.
p79_naturalgas_1on1_combined_cycle_hframe_moderate_0,2030,2098098,40349.6666666667,.,.
p79_naturalgas_combustion_turbine_fframe_moderate_0,2030,1655786,26797.6666666667,.,.
p79_utilityscale_battery_storage_lithium_ion_advanced_0,2030,166249.802268,5162.33333333333,178675.091048,5459
p79_landbasedwind_class3_moderate_1,2030,1315265.506548,31648.6666666667,.,.
p79_landbasedwind_class3_moderate_2,2030,1315265.506548,31648.6666666667,.,.
p79_utilitypv_class1_moderate_1,2030,1249971.062438,19396.3333333333,.,.
p79_utilitypv_class1_moderate_2,2030,1249971.062438,19396.3333333333,.,.
p79_offshorewind_class3_moderate_fixed_1_1,2030,4199182.101459,84215.3333333333,.,.
p79_offshorewind_class3_moderate_fixed_1_2,2030,4199182.101459,84215.3333333333,.,.
p79_offshorewind_class3_moderate_fixed_0_1,2030,4199182.101459,84215.3333333333,.,.
p79_offshorewind_class3_moderate_fixed_0_2,2030,4199182.101459,84215.3333333333,.,.
p79_offshorewind_class12_moderate_floating_0_1,2030,7989993.805635,75447.5,.,.
p79_offshorewind_class12_moderate_floating_0_2,2030,7989993.805635,75447.5,.,.
p80_naturalgas_1on1_combined_cycle_hframe_moderate_0,2030,2477322,40349.6666666667,.,.
p80_naturalgas_combustion_turbine_fframe_moderate_0,2030,1923988,26797.6666666667,.,.
p80_utilityscale_battery_storage_lithium_ion_advanced_0,2030,177856.564644,5162.33333333333,191149.327384,5459
p80_landbasedwind_class3_moderate_1,2030,1757756.222208,31648.6666666667,.,.
p80_landbasedwind_class3_moderate_2,2030,1757756.222208,31648.6666666667,.,.
p80_utilitypv_class1_moderate_1,2030,1387228.012791,19396.3333333333,.,.
p80_utilitypv_class1_moderate_2,2030,1387228.012791,19396.3333333333,.,.
p80_offshorewind_class3_moderate_fixed_1_1,2030,4761689.361156,84215.3333333333,.,.
p80_offshorewind_class3_moderate_fixed_1_2,2030,4761689.361156,84215.3333333333,.,.
p80_offshorewind_class3_moderate_fixed_0_1,2030,4761689.361156,84215.3333333333,.,.
p80_offshorewind_class3_moderate_fixed_0_2,2030,4761689.361156,84215.3333333333,.,.
p80_offshorewind_class12_moderate_floating_0_1,2030,9060304.50234,75447.5,.,.
p80_offshorewind_class12_moderate_floating_0_2,2030,9060304.50234,75447.5,.,.
p81_naturalgas_1on1_combined_cycle_hframe_moderate_0,2030,2071305,40349.6666666667,.,.
p81_naturalgas_combustion_turbine_fframe_moderate_0,2030,1623666,26797.6666666667,.,.
p81_utilityscale_battery_storage_lithium_ion_advanced_0,2030,173930.747958,5162.33333333333,186930.100388,5459
p81_landbasedwind_class3_moderate_1,2030,1237448.173794,31648.6666666667,.,.
p81_landbasedwind_class3_moderate_2,2030,1237448.173794,31648.6666666667,.,.
p81_utilitypv_class1_moderate_1,2030,1253968.837691,19396.3333333333,.,.
p81_utilitypv_class1_moderate_2,2030,1253968.837691,19396.3333333333,.,.
p82_naturalgas_1on1_combined_cycle_hframe_moderate_0,2030,2071305,40349.6666666667,.,.
p82_naturalgas_combustion_turbine_fframe_moderate_0,2030,1623666,26797.6666666667,.,.
p82_utilityscale_battery_storage_lithium_ion_advanced_0,2030,173930.747958,5162.33333333333,186930.100388,5459
p82_landbasedwind_class3_moderate_1,2030,1237448.173794,31648.6666666667,.,.
p82_landbasedwind_class3_moderate_2,2030,1237448.173794,31648.6666666667,.,.
p82_utilitypv_class1_moderate_1,2030,1253968.837691,19396.3333333333,.,.
p82_utilitypv_class1_moderate_2,2030,1253968.837691,19396.3333333333,.,.
p83_naturalgas_1on1_combined_cycle_hframe_moderate_0,2030,2071305,40349.6666666667,.,.
p83_naturalgas_combustion_turbine_fframe_moderate_0,2030,1623666,26797.6666666667,.,.
p83_utilityscale_battery_storage_lithium_ion_advanced_0,2030,173930.747958,5162.33333333333,186930.100388,5459
p83_landbasedwind_class3_moderate_1,2030,1237448.173794,31648.6666666667,.,.
p83_landbasedwind_class3_moderate_2,2030,1237448.173794,31648.6666666667,.,.
p83_utilitypv_class1_moderate_1,2030,1253968.837691,19396.3333333333,.,.
p83_utilitypv_class1_moderate_2,2030,1253968.837691,19396.3333333333,.,.
p84_naturalgas_1on1_combined_cycle_hframe_moderate_0,2030,2071305,40349.6666666667,.,.
p84_naturalgas_combustion_turbine_fframe_moderate_0,2030,1623666,26797.6666666667,.,.
p84_utilityscale_battery_storage_lithium_ion_advanced_0,2030,173930.747958,5162.33333333333,186930.100388,5459
p84_landbasedwind_class3_moderate_1,2030,1237448.173794,31648.6666666667,.,.
p84_landbasedwind_class3_moderate_2,2030,1237448.173794,31648.6666666667,.,.
p84_utilitypv_class1_moderate_1,2030,1253968.837691,19396.3333333333,.,.
p84_utilitypv_class1_moderate_2,2030,1253968.837691,19396.3333333333,.,.
p85_naturalgas_1on1_combined_cycle_hframe_moderate_0,2030,1937340,40349.6666666667,.,.
p85_naturalgas_combustion_turbine_fframe_moderate_0,2030,1504822,26797.6666666667,.,.
p85_utilityscale_battery_storage_lithium_ion_advanced_0,2030,171711.808092,5162.33333333333,184545.319912,5459
p85_landbasedwind_class3_moderate_1,2030,1177940.801688,31648.6666666667,.,.
p85_landbasedwind_class3_moderate_2,2030,1177940.801688,31648.6666666667,.,.
p85_utilitypv_class1_moderate_1,2030,1213991.085161,19396.3333333333,.,.
p85_utilitypv_class1_moderate_2,2030,1213991.085161,19396.3333333333,.,.
p86_naturalgas_1on1_combined_cycle_hframe_moderate_0,2030,1937340,40349.6666666667,.,.
p86_naturalgas_combustion_turbine_fframe_moderate_0,2030,1504822,26797.6666666667,.,.
p86_utilityscale_battery_storage_lithium_ion_advanced_0,2030,171711.808092,5162.33333333333,184545.319912,5459
p86_landbasedwind_class3_moderate_1,2030,1177940.801688,31648.6666666667,.,.
p86_landbasedwind_class3_moderate_2,2030,1177940.801688,31648.6666666667,.,.
p86_utilitypv_class1_moderate_1,2030,1213991.085161,19396.3333333333,.,.
p86_utilitypv_class1_moderate_2,2030,1213991.085161,19396.3333333333,.,.
p87_naturalgas_1on1_combined_cycle_hframe_moderate_0,2030,1937340,40349.6666666667,.,.
p87_naturalgas_combustion_turbine_fframe_moderate_0,2030,1504822,26797.6666666667,.,.
p87_utilityscale_battery_storage_lithium_ion_advanced_0,2030,171711.808092,5162.33333333333,184545.319912,5459
p87_landbasedwind_class3_moderate_1,2030,1177940.801688,31648.6666666667,.,.
p87_landbasedwind_class3_moderate_2,2030,1177940.801688,31648.6666666667,.,.
p87_utilitypv_class1_moderate_1,2030,1213991.085161,19396.3333333333,.,.
p87_utilitypv_class1_moderate_2,2030,1213991.085161,19396.3333333333,.,.
p88_naturalgas_1on1_combined_cycle_hframe_moderate_0,2030,1964133,40349.6666666667,.,.
p88_naturalgas_combustion_turbine_fframe_moderate_0,2030,1536942,26797.6666666667,.,.
p88_utilityscale_battery_storage_lithium_ion_advanced_0,2030,171199.745046,5162.33333333333,183994.985956,5459
p88_landbasedwind_class3_moderate_1,2030,1180992.461796,31648.6666666667,.,.
p88_landbasedwind_class3_moderate_2,2030,1180992.461796,31648.6666666667,.,.
p88_utilitypv_class1_moderate_1,2030,1223319.227418,19396.3333333333,.,.
p88_utilitypv_class1_moderate_2,2030,1223319.227418,19396.3333333333,.,.
p89_naturalgas_1on1_combined_cycle_hframe_moderate_0,2030,1908486,40349.6666666667,.,.
p89_naturalgas_combustion_turbine_fframe_moderate_0,2030,1483944,26797.6666666667,.,.
p89_utilityscale_battery_storage_lithium_ion_advanced_0,2030,167444.616042,5162.33333333333,179959.203612,5459
p89_landbasedwind_class3_moderate_1,2030,1444961.061138,31648.6666666667,.,.
p89_landbasedwind_class3_moderate_2,2030,1444961.061138,31648.6666666667,.,.
p89_utilitypv_class1_moderate_1,2030,1211325.901659,19396.3333333333,.,.
p89_utilitypv_class1_moderate_2,2030,1211325.901659,19396.3333333333,.,.
p90_naturalgas_1on1_combined_cycle_hframe_moderate_0,2030,1908486,40349.6666666667,.,.
p90_naturalgas_combustion_turbine_fframe_moderate_0,2030,1483944,26797.6666666667,.,.
p90_utilityscale_battery_storage_lithium_ion_advanced_0,2030,167444.616042,5162.33333333333,179959.203612,5459
p90_landbasedwind_class3_moderate_1,2030,1444961.061138,31648.6666666667,.,.
p90_landbasedwind_class3_moderate_2,2030,1444961.061138,31648.6666666667,.,.
p90_utilitypv_class1_moderate_1,2030,1211325.901659,19396.3333333333,.,.
p90_utilitypv_class1_moderate_2,2030,1211325.901659,19396.3333333333,.,.
p90_offshorewind_class3_moderate_fixed_1_1,2030,4186100.53728,84215.3333333333,.,.
p90_offshorewind_class3_moderate_fixed_1_2,2030,4186100.53728,84215.3333333333,.,.
p90_offshorewind_class3_moderate_fixed_0_1,2030,4186100.53728,84215.3333333333,.,.
p90_offshorewind_class3_moderate_fixed_0_2,2030,4186100.53728,84215.3333333333,.,.
p90_offshorewind_class12_moderate_floating_0_1,2030,7965102.8592,75447.5,.,.
p90_offshorewind_class12_moderate_floating_0_2,2030,7965102.8592,75447.5,.,.
p91_naturalgas_1on1_combined_cycle_hframe_moderate_0,2030,1908486,40349.6666666667,.,.
p91_naturalgas_combustion_turbine_fframe_moderate_0,2030,1483944,26797.6666666667,.,.
p91_utilityscale_battery_storage_lithium_ion_advanced_0,2030,167444.616042,5162.33333333333,179959.203612,5459
p91_landbasedwind_class3_moderate_1,2030,1444961.061138,31648.6666666667,.,.
p91_landbasedwind_class3_moderate_2,2030,1444961.061138,31648.6666666667,.,.
p91_utilitypv_class1_moderate_1,2030,1211325.901659,19396.3333333333,.,.
p91_utilitypv_class1_moderate_2,2030,1211325.901659,19396.3333333333,.,.
p91_offshorewind_class3_moderate_fixed_1_1,2030,4186100.53728,84215.3333333333,.,.
p91_offshorewind_class3_moderate_fixed_1_2,2030,4186100.53728,84215.3333333333,.,.
p91_offshorewind_class3_moderate_fixed_0_1,2030,4186100.53728,84215.3333333333,.,.
p91_offshorewind_class3_moderate_fixed_0_2,2030,4186100.53728,84215.3333333333,.,.
p91_offshorewind_class12_moderate_floating_0_1,2030,7965102.8592,75447.5,.,.
p91_offshorewind_class12_moderate_floating_0_2,2030,7965102.8592,75447.5,.,.
p92_naturalgas_1on1_combined_cycle_hframe_moderate_0,2030,1964133,40349.6666666667,.,.
p92_naturalgas_combustion_turbine_fframe_moderate_0,2030,1536942,26797.6666666667,.,.
p92_utilityscale_battery_storage_lithium_ion_advanced_0,2030,171199.745046,5162.33333333333,183994.985956,5459
p92_landbasedwind_class3_moderate_1,2030,1180992.461796,31648.6666666667,.,.
p92_landbasedwind_class3_moderate_2,2030,1180992.461796,31648.6666666667,.,.
p92_utilitypv_class1_moderate_1,2030,1223319.227418,19396.3333333333,.,.
p92_utilitypv_class1_moderate_2,2030,1223319.227418,19396.3333333333,.,.
p93_naturalgas_1on1_combined_cycle_hframe_moderate_0,2030,1964133,40349.6666666667,.,.
p93_naturalgas_combustion_turbine_fframe_moderate_0,2030,1536942,26797.6666666667,.,.
p93_utilityscale_battery_storage_lithium_ion_advanced_0,2030,171199.745046,5162.33333333333,183994.985956,5459
p93_landbasedwind_class3_moderate_1,2030,1180992.461796,31648.6666666667,.,.
p93_landbasedwind_class3_moderate_2,2030,1180992.461796,31648.6666666667,.,.
p93_utilitypv_class1_moderate_1,2030,1223319.227418,19396.3333333333,.,.
p93_utilitypv_class1_moderate_2,2030,1223319.227418,19396.3333333333,.,.
p94_naturalgas_1on1_combined_cycle_hframe_moderate_0,2030,1908486,40349.6666666667,.,.
p94_naturalgas_combustion_turbine_fframe_moderate_0,2030,1483944,26797.6666666667,.,.
p94_utilityscale_battery_storage_lithium_ion_advanced_0,2030,167444.616042,5162.33333333333,179959.203612,5459
p94_landbasedwind_class3_moderate_1,2030,1444961.061138,31648.6666666667,.,.
p94_landbasedwind_class3_moderate_2,2030,1444961.061138,31648.6666666667,.,.
p94_utilitypv_class1_moderate_1,2030,1211325.901659,19396.3333333333,.,.
p94_utilitypv_class1_moderate_2,2030,1211325.901659,19396.3333333333,.,.
p95_naturalgas_1on1_combined_cycle_hframe_moderate_0,2030,1889937,40349.6666666667,.,.
p95_naturalgas_combustion_turbine_fframe_moderate_0,2030,1479126,26797.6666666667,.,.
p95_utilityscale_battery_storage_lithium_ion_advanced_0,2030,171711.808092,5162.33333333333,184545.319912,5459
p95_landbasedwind_class3_moderate_1,2030,1458693.531624,31648.6666666667,.,.
p95_landbasedwind_class3_moderate_2,2030,1458693.531624,31648.6666666667,.,.
p95_utilitypv_class1_moderate_1,2030,1208660.718157,19396.3333333333,.,.
p95_utilitypv_class1_moderate_2,2030,1208660.718157,19396.3333333333,.,.
p95_offshorewind_class3_moderate_fixed_1_1,2030,4046563.852704,84215.3333333333,.,.
p95_offshorewind_class3_moderate_fixed_1_2,2030,4046563.852704,84215.3333333333,.,.
p95_offshorewind_class3_moderate_fixed_0_1,2030,4046563.852704,84215.3333333333,.,.
p95_offshorewind_class3_moderate_fixed_0_2,2030,4046563.852704,84215.3333333333,.,.
p95_offshorewind_class12_moderate_floating_0_1,2030,7699599.43056,75447.5,.,.
p95_offshorewind_class12_moderate_floating_0_2,2030,7699599.43056,75447.5,.,.
p96_naturalgas_1on1_combined_cycle_hframe_moderate_0,2030,1889937,40349.6666666667,.,.
p96_naturalgas_combustion_turbine_fframe_moderate_0,2030,1479126,26797.6666666667,.,.
p96_utilityscale_battery_storage_lithium_ion_advanced_0,2030,171711.808092,5162.33333333333,184545.319912,5459
p96_landbasedwind_class3_moderate_1,2030,1458693.531624,31648.6666666667,.,.
p96_landbasedwind_class3_moderate_2,2030,1458693.531624,31648.6666666667,.,.
p96_utilitypv_class1_moderate_1,2030,1208660.718157,19396.3333333333,.,.
p96_utilitypv_class1_moderate_2,2030,1208660.718157,19396.3333333333,.,.
p97_naturalgas_1on1_combined_cycle_hframe_moderate_0,2030,1889937,40349.6666666667,.,.
p97_naturalgas_combustion_turbine_fframe_moderate_0,2030,1479126,26797.6666666667,.,.
p97_utilityscale_battery_storage_lithium_ion_advanced_0,2030,171711.808092,5162.33333333333,184545.319912,5459
p97_landbasedwind_class3_moderate_1,2030,1458693.531624,31648.6666666667,.,.
p97_landbasedwind_class3_moderate_2,2030,1458693.531624,31648.6666666667,.,.
p97_utilitypv_class1_moderate_1,2030,1208660.718157,19396.3333333333,.,.
p97_utilitypv_class1_moderate_2,2030,1208660.718157,19396.3333333333,.,.
p97_offshorewind_class3_moderate_fixed_1_1,2030,4046563.852704,84215.3333333333,.,.
p97_offshorewind_class3_moderate_fixed_1_2,2030,4046563.852704,84215.3333333333,.,.
p97_offshorewind_class3_moderate_fixed_0_1,2030,4046563.852704,84215.3333333333,.,.
p97_offshorewind_class3_moderate_fixed_0_2,2030,4046563.852704,84215.3333333333,.,.
p97_offshorewind_class12_moderate_floating_0_1,2030,7699599.43056,75447.5,.,.
p97_offshorewind_class12_moderate_floating_0_2,2030,7699599.43056,75447.5,.,.
p98_naturalgas_1on1_combined_cycle_hframe_moderate_0,2030,1889937,40349.6666666667,.,.
p98_naturalgas_combustion_turbine_fframe_moderate_0,2030,1479126,26797.6666666667,.,.
p98_utilityscale_battery_storage_lithium_ion_advanced_0,2030,171711.808092,5162.33333333333,184545.319912,5459
p98_landbasedwind_class3_moderate_1,2030,1458693.531624,31648.6666666667,.,.
p98_landbasedwind_class3_moderate_2,2030,1458693.531624,31648.6666666667,.,.
p98_utilitypv_class1_moderate_1,2030,1208660.718157,19396.3333333333,.,.
p98_utilitypv_class1_moderate_2,2030,1208660.718157,19396.3333333333,.,.
p98_offshorewind_class3_moderate_fixed_1_1,2030,4046563.852704,84215.3333333333,.,.
p98_offshorewind_class3_moderate_fixed_1_2,2030,4046563.852704,84215.3333333333,.,.
p98_offshorewind_class3_moderate_fixed_0_1,2030,4046563.852704,84215.3333333333,.,.
p98_offshorewind_class3_moderate_fixed_0_2,2030,4046563.852704,84215.3333333333,.,.
p98_offshorewind_class12_moderate_floating_0_1,2030,7699599.43056,75447.5,.,.
p98_offshorewind_class12_moderate_floating_0_2,2030,7699599.43056,75447.5,.,.
p99_naturalgas_1on1_combined_cycle_hframe_moderate_0,2030,2052756,40349.6666666667,.,.
p99_naturalgas_combustion_turbine_fframe_moderate_0,2030,1599576,26797.6666666667,.,.
p99_utilityscale_battery_storage_lithium_ion_advanced_0,2030,168298.054452,5162.33333333333,180876.426872,5459
p99_landbasedwind_class3_moderate_1,2030,1847780.195394,31648.6666666667,.,.
p99_landbasedwind_class3_moderate_2,2030,1847780.195394,31648.6666666667,.,.
p99_utilitypv_class1_moderate_1,2030,1537810.880654,19396.3333333333,.,.
p99_utilitypv_class1_moderate_2,2030,1537810.880654,19396.3333333333,.,.
p99_offshorewind_class3_moderate_fixed_1_1,2030,4068366.459669,84215.3333333333,.,.
p99_offshorewind_class3_moderate_fixed_1_2,2030,4068366.459669,84215.3333333333,.,.
p99_offshorewind_class3_moderate_fixed_0_1,2030,4068366.459669,84215.3333333333,.,.
p99_offshorewind_class3_moderate_fixed_0_2,2030,4068366.459669,84215.3333333333,.,.
p99_offshorewind_class12_moderate_floating_0_1,2030,7741084.341285,75447.5,.,.
p99_offshorewind_class12_moderate_floating_0_2,2030,7741084.341285,75447.5,.,.
p100_naturalgas_1on1_combined_cycle_hframe_moderate_0,2030,1972377,40349.6666666667,.,.
p100_naturalgas_combustion_turbine_fframe_moderate_0,2030,1546578,26797.6666666667,.,.
p100_utilityscale_battery_storage_lithium_ion_advanced_0,2030,165567.05154,5162.33333333333,177941.31244,5459
p100_landbasedwind_class3_moderate_1,2030,1269490.604928,31648.6666666667,.,.
p100_landbasedwind_class3_moderate_2,2030,1269490.604928,31648.6666666667,.,.
p100_utilitypv_class1_moderate_1,2030,1523152.371393,19396.3333333333,.,.
p100_utilitypv_class1_moderate_2,2030,1523152.371393,19396.3333333333,.,.
p101_naturalgas_1on1_combined_cycle_hframe_moderate_0,2030,1883754,40349.6666666667,.,.
p101_naturalgas_combustion_turbine_fframe_moderate_0,2030,1445400,26797.6666666667,.,.
p101_utilityscale_battery_storage_lithium_ion_advanced_0,2030,165396.363858,5162.33333333333,177757.867788,5459
p101_landbasedwind_class3_moderate_1,2030,1463271.021786,31648.6666666667,.,.
p101_landbasedwind_class3_moderate_2,2030,1463271.021786,31648.6666666667,.,.
p101_utilitypv_class1_moderate_1,2030,1195334.800647,19396.3333333333,.,.
p101_utilitypv_class1_moderate_2,2030,1195334.800647,19396.3333333333,.,.
p101_offshorewind_class3_moderate_fixed_1_1,2030,4373602.957179,84215.3333333333,.,.
p101_offshorewind_class3_moderate_fixed_1_2,2030,4373602.957179,84215.3333333333,.,.
p101_offshorewind_class3_moderate_fixed_0_1,2030,4373602.957179,84215.3333333333,.,.
p101_offshorewind_class3_moderate_fixed_0_2,2030,4373602.957179,84215.3333333333,.,.
p101_offshorewind_class12_moderate_floating_0_1,2030,8321873.091435,75447.5,.,.
p101_offshorewind_class12_moderate_floating_0_2,2030,8321873.091435,75447.5,.,.
p102_naturalgas_1on1_combined_cycle_hframe_moderate_0,2030,1883754,40349.6666666667,.,.
p102_naturalgas_combustion_turbine_fframe_moderate_0,2030,1445400,26797.6666666667,.,.
p102_utilityscale_battery_storage_lithium_ion_advanced_0,2030,165396.363858,5162.33333333333,177757.867788,5459
p102_landbasedwind_class3_moderate_1,2030,1463271.021786,31648.6666666667,.,.
p102_landbasedwind_class3_moderate_2,2030,1463271.021786,31648.6666666667,.,.
p102_utilitypv_class1_moderate_1,2030,1195334.800647,19396.3333333333,.,.
p102_utilitypv_class1_moderate_2,2030,1195334.800647,19396.3333333333,.,.
p102_offshorewind_class3_moderate_fixed_1_1,2030,4373602.957179,84215.3333333333,.,.
p102_offshorewind_class3_moderate_fixed_1_2,2030,4373602.957179,84215.3333333333,.,.
p102_offshorewind_class3_moderate_fixed_0_1,2030,4373602.957179,84215.3333333333,.,.
p102_offshorewind_class3_moderate_fixed_0_2,2030,4373602.957179,84215.3333333333,.,.
p102_offshorewind_class12_moderate_floating_0_1,2030,8321873.091435,75447.5,.,.
p102_offshorewind_class12_moderate_floating_0_2,2030,8321873.091435,75447.5,.,.
p103_naturalgas_1on1_combined_cycle_hframe_moderate_0,2030,2102220,40349.6666666667,.,.
p103_naturalgas_combustion_turbine_fframe_moderate_0,2030,1654180,26797.6666666667,.,.
p103_utilityscale_battery_storage_lithium_ion_advanced_0,2030,167956.679088,5162.33333333333,180509.537568,5459
p103_landbasedwind_class3_moderate_1,2030,1324420.486872,31648.6666666667,.,.
p103_landbasedwind_class3_moderate_2,2030,1324420.486872,31648.6666666667,.,.
p103_utilitypv_class1_moderate_1,2030,1251303.654189,19396.3333333333,.,.
p103_utilitypv_class1_moderate_2,2030,1251303.654189,19396.3333333333,.,.
p103_offshorewind_class3_moderate_fixed_1_1,2030,4116332.194992,84215.3333333333,.,.
p103_offshorewind_class3_moderate_fixed_1_2,2030,4116332.194992,84215.3333333333,.,.
p103_offshorewind_class3_moderate_fixed_0_1,2030,4116332.194992,84215.3333333333,.,.
p103_offshorewind_class3_moderate_fixed_0_2,2030,4116332.194992,84215.3333333333,.,.
p103_offshorewind_class12_moderate_floating_0_1,2030,7832351.14488,75447.5,.,.
p103_offshorewind_class12_moderate_floating_0_2,2030,7832351.14488,75447.5,.,.
p103_imports_base_base_1,2030,0,0,.,.
p104_naturalgas_1on1_combined_cycle_hframe_moderate_0,2030,1972377,40349.6666666667,.,.
p104_naturalgas_combustion_turbine_fframe_moderate_0,2030,1546578,26797.6666666667,.,.
p104_utilityscale_battery_storage_lithium_ion_advanced_0,2030,165567.05154,5162.33333333333,177941.31244,5459
p104_landbasedwind_class3_moderate_1,2030,1269490.604928,31648.6666666667,.,.
p104_landbasedwind_class3_moderate_2,2030,1269490.604928,31648.6666666667,.,.
p104_utilitypv_class1_moderate_1,2030,1523152.371393,19396.3333333333,.,.
p104_utilitypv_class1_moderate_2,2030,1523152.371393,19396.3333333333,.,.
p105_naturalgas_1on1_combined_cycle_hframe_moderate_0,2030,2071305,40349.6666666667,.,.
p105_naturalgas_combustion_turbine_fframe_moderate_0,2030,1623666,26797.6666666667,.,.
p105_utilityscale_battery_storage_lithium_ion_advanced_0,2030,173930.747958,5162.33333333333,186930.100388,5459
p105_landbasedwind_class3_moderate_1,2030,1237448.173794,31648.6666666667,.,.
p105_landbasedwind_class3_moderate_2,2030,1237448.173794,31648.6666666667,.,.
p105_utilitypv_class1_moderate_1,2030,1253968.837691,19396.3333333333,.,.
p105_utilitypv_class1_moderate_2,2030,1253968.837691,19396.3333333333,.,.
p106_naturalgas_1on1_combined_cycle_hframe_moderate_0,2030,2071305,40349.6666666667,.,.
p106_naturalgas_combustion_turbine_fframe_moderate_0,2030,1623666,26797.6666666667,.,.
p106_utilityscale_battery_storage_lithium_ion_advanced_0,2030,173930.747958,5162.33333333333,186930.100388,5459
p106_landbasedwind_class3_moderate_1,2030,1237448.173794,31648.6666666667,.,.
p106_landbasedwind_class3_moderate_2,2030,1237448.173794,31648.6666666667,.,.
p106_utilitypv_class1_moderate_1,2030,1253968.837691,19396.3333333333,.,.
p106_utilitypv_class1_moderate_2,2030,1253968.837691,19396.3333333333,.,.
p107_naturalgas_1on1_combined_cycle_hframe_moderate_0,2030,2071305,40349.6666666667,.,.
p107_naturalgas_combustion_turbine_fframe_moderate_0,2030,1623666,26797.6666666667,.,.
p107_utilityscale_battery_storage_lithium_ion_advanced_0,2030,173930.747958,5162.33333333333,186930.100388,5459
p107_landbasedwind_class3_moderate_1,2030,1237448.173794,31648.6666666667,.,.
p107_landbasedwind_class3_moderate_2,2030,1237448.173794,31648.6666666667,.,.
p107_utilitypv_class1_moderate_1,2030,1253968.837691,19396.3333333333,.,.
p107_utilitypv_class1_moderate_2,2030,1253968.837691,19396.3333333333,.,.
p108_naturalgas_1on1_combined_cycle_hframe_moderate_0,2030,1964133,40349.6666666667,.,.
p108_naturalgas_combustion_turbine_fframe_moderate_0,2030,1536942,26797.6666666667,.,.
p108_utilityscale_battery_storage_lithium_ion_advanced_0,2030,171199.745046,5162.33333333333,183994.985956,5459
p108_landbasedwind_class3_moderate_1,2030,1180992.461796,31648.6666666667,.,.
p108_landbasedwind_class3_moderate_2,2030,1180992.461796,31648.6666666667,.,.
p108_utilitypv_class1_moderate_1,2030,1223319.227418,19396.3333333333,.,.
p108_utilitypv_class1_moderate_2,2030,1223319.227418,19396.3333333333,.,.
p109_naturalgas_1on1_combined_cycle_hframe_moderate_0,2030,1964133,40349.6666666667,.,.
p109_naturalgas_combustion_turbine_fframe_moderate_0,2030,1536942,26797.6666666667,.,.
p109_utilityscale_battery_storage_lithium_ion_advanced_0,2030,171199.745046,5162.33333333333,183994.985956,5459
p109_landbasedwind_class3_moderate_1,2030,1180992.461796,31648.6666666667,.,.
p109_landbasedwind_class3_moderate_2,2030,1180992.461796,31648.6666666667,.,.
p109_utilitypv_class1_moderate_1,2030,1223319.227418,19396.3333333333,.,.
p109_utilitypv_class1_moderate_2,2030,1223319.227418,19396.3333333333,.,.
p110_naturalgas_1on1_combined_cycle_hframe_moderate_0,2030,1972377,40349.6666666667,.,.
p110_naturalgas_combustion_turbine_fframe_moderate_0,2030,1546578,26797.6666666667,.,.
p110_utilityscale_battery_storage_lithium_ion_advanced_0,2030,165567.05154,5162.33333333333,177941.31244,5459
p110_landbasedwind_class3_moderate_1,2030,1269490.604928,31648.6666666667,.,.
p110_landbasedwind_class3_moderate_2,2030,1269490.604928,31648.6666666667,.,.
p110_utilitypv_class1_moderate_1,2030,1523152.371393,19396.3333333333,.,.
p110_utilitypv_class1_moderate_2,2030,1523152.371393,19396.3333333333,.,.
p111_naturalgas_1on1_combined_cycle_hframe_moderate_0,2030,1972377,40349.6666666667,.,.
p111_naturalgas_combustion_turbine_fframe_moderate_0,2030,1546578,26797.6666666667,.,.
p111_utilityscale_battery_storage_lithium_ion_advanced_0,2030,165567.05154,5162.33333333333,177941.31244,5459
p111_landbasedwind_class3_moderate_1,2030,1269490.604928,31648.6666666667,.,.
p111_landbasedwind_class3_moderate_2,2030,1269490.604928,31648.6666666667,.,.
p111_utilitypv_class1_moderate_1,2030,1523152.371393,19396.3333333333,.,.
p111_utilitypv_class1_moderate_2,2030,1523152.371393,19396.3333333333,.,.
p111_offshorewind_class3_moderate_fixed_1_1,2030,3937550.817879,84215.3333333333,.,.
p111_offshorewind_class3_moderate_fixed_1_2,2030,3937550.817879,84215.3333333333,.,.
p111_offshorewind_class3_moderate_fixed_0_1,2030,3937550.817879,84215.3333333333,.,.
p111_offshorewind_class3_moderate_fixed_0_2,2030,3937550.817879,84215.3333333333,.,.
p111_offshorewind_class12_moderate_floating_0_1,2030,7492174.876935,75447.5,.,.
p111_offshorewind_class12_moderate_floating_0_2,2030,7492174.876935,75447.5,.,.
p112_naturalgas_1on1_combined_cycle_hframe_moderate_0,2030,1972377,40349.6666666667,.,.
p112_naturalgas_combustion_turbine_fframe_moderate_0,2030,1546578,26797.6666666667,.,.
p112_utilityscale_battery_storage_lithium_ion_advanced_0,2030,165567.05154,5162.33333333333,177941.31244,5459
p112_landbasedwind_class3_moderate_1,2030,1269490.604928,31648.6666666667,.,.
p112_landbasedwind_class3_moderate_2,2030,1269490.604928,31648.6666666667,.,.
p112_utilitypv_class1_moderate_1,2030,1523152.371393,19396.3333333333,.,.
p112_utilitypv_class1_moderate_2,2030,1523152.371393,19396.3333333333,.,.
p113_naturalgas_1on1_combined_cycle_hframe_moderate_0,2030,1972377,40349.6666666667,.,.
p113_naturalgas_combustion_turbine_fframe_moderate_0,2030,1546578,26797.6666666667,.,.
p113_utilityscale_battery_storage_lithium_ion_advanced_0,2030,165567.05154,5162.33333333333,177941.31244,5459
p113_landbasedwind_class3_moderate_1,2030,1269490.604928,31648.6666666667,.,.
p113_landbasedwind_class3_moderate_2,2030,1269490.604928,31648.6666666667,.,.
p113_utilitypv_class1_moderate_1,2030,1523152.371393,19396.3333333333,.,.
p113_utilitypv_class1_moderate_2,2030,1523152.371393,19396.3333333333,.,.
p114_naturalgas_1on1_combined_cycle_hframe_moderate_0,2030,1972377,40349.6666666667,.,.
p114_naturalgas_combustion_turbine_fframe_moderate_0,2030,1546578,26797.6666666667,.,.
p114_utilityscale_battery_storage_lithium_ion_advanced_0,2030,165567.05154,5162.33333333333,177941.31244,5459
p114_landbasedwind_class3_moderate_1,2030,1269490.604928,31648.6666666667,.,.
p114_landbasedwind_class3_moderate_2,2030,1269490.604928,31648.6666666667,.,.
p114_utilitypv_class1_moderate_1,2030,1523152.371393,19396.3333333333,.,.
p114_utilitypv_class1_moderate_2,2030,1523152.371393,19396.3333333333,.,.
p115_naturalgas_1on1_combined_cycle_hframe_moderate_0,2030,1972377,40349.6666666667,.,.
p115_naturalgas_combustion_turbine_fframe_moderate_0,2030,1546578,26797.6666666667,.,.
p115_utilityscale_battery_storage_lithium_ion_advanced_0,2030,165567.05154,5162.33333333333,177941.31244,5459
p115_landbasedwind_class3_moderate_1,2030,1269490.604928,31648.6666666667,.,.
p115_landbasedwind_class3_moderate_2,2030,1269490.604928,31648.6666666667,.,.
p115_utilitypv_class1_moderate_1,2030,1523152.371393,19396.3333333333,.,.
p115_utilitypv_class1_moderate_2,2030,1523152.371393,19396.3333333333,.,.
p116_naturalgas_1on1_combined_cycle_hframe_moderate_0,2030,1972377,40349.6666666667,.,.
p116_naturalgas_combustion_turbine_fframe_moderate_0,2030,1546578,26797.6666666667,.,.
p116_utilityscale_battery_storage_lithium_ion_advanced_0,2030,165567.05154,5162.33333333333,177941.31244,5459
p116_landbasedwind_class3_moderate_1,2030,1269490.604928,31648.6666666667,.,.
p116_landbasedwind_class3_moderate_2,2030,1269490.604928,31648.6666666667,.,.
p116_utilitypv_class1_moderate_1,2030,1523152.371393,19396.3333333333,.,.
p116_utilitypv_class1_moderate_2,2030,1523152.371393,19396.3333333333,.,.
p117_naturalgas_1on1_combined_cycle_hframe_moderate_0,2030,1972377,40349.6666666667,.,.
p117_naturalgas_combustion_turbine_fframe_moderate_0,2030,1546578,26797.6666666667,.,.
p117_utilityscale_battery_storage_lithium_ion_advanced_0,2030,165567.05154,5162.33333333333,177941.31244,5459
p117_landbasedwind_class3_moderate_1,2030,1269490.604928,31648.6666666667,.,.
p117_landbasedwind_class3_moderate_2,2030,1269490.604928,31648.6666666667,.,.
p117_utilitypv_class1_moderate_1,2030,1523152.371393,19396.3333333333,.,.
p117_utilitypv_class1_moderate_2,2030,1523152.371393,19396.3333333333,.,.
p118_naturalgas_1on1_combined_cycle_hframe_moderate_0,2030,1972377,40349.6666666667,.,.
p118_naturalgas_combustion_turbine_fframe_moderate_0,2030,1546578,26797.6666666667,.,.
p118_utilityscale_battery_storage_lithium_ion_advanced_0,2030,165567.05154,5162.33333333333,177941.31244,5459
p118_landbasedwind_class3_moderate_1,2030,1269490.604928,31648.6666666667,.,.
p118_landbasedwind_class3_moderate_2,2030,1269490.604928,31648.6666666667,.,.
p118_utilitypv_class1_moderate_1,2030,1523152.371393,19396.3333333333,.,.
p118_utilitypv_class1_moderate_2,2030,1523152.371393,19396.3333333333,.,.
p119_naturalgas_1on1_combined_cycle_hframe_moderate_0,2030,2236185,40349.6666666667,.,.
p119_naturalgas_combustion_turbine_fframe_moderate_0,2030,1739298,26797.6666666667,.,.
p119_utilityscale_battery_storage_lithium_ion_advanced_0,2030,171199.745046,5162.33333333333,183994.985956,5459
p119_landbasedwind_class3_moderate_1,2030,1711981.320588,31648.6666666667,.,.
p119_landbasedwind_class3_moderate_2,2030,1711981.320588,31648.6666666667,.,.
p119_utilitypv_class1_moderate_1,2030,1423207.990068,19396.3333333333,.,.
p119_utilitypv_class1_moderate_2,2030,1423207.990068,19396.3333333333,.,.
p120_naturalgas_1on1_combined_cycle_hframe_moderate_0,2030,2236185,40349.6666666667,.,.
p120_naturalgas_combustion_turbine_fframe_moderate_0,2030,1739298,26797.6666666667,.,.
p120_utilityscale_battery_storage_lithium_ion_advanced_0,2030,171199.745046,5162.33333333333,183994.985956,5459
p120_landbasedwind_class3_moderate_1,2030,1711981.320588,31648.6666666667,.,.
p120_landbasedwind_class3_moderate_2,2030,1711981.320588,31648.6666666667,.,.
p120_utilitypv_class1_moderate_1,2030,1423207.990068,19396.3333333333,.,.
p120_utilitypv_class1_moderate_2,2030,1423207.990068,19396.3333333333,.,.
p121_naturalgas_1on1_combined_cycle_hframe_moderate_0,2030,1972377,40349.6666666667,.,.
p121_naturalgas_combustion_turbine_fframe_moderate_0,2030,1546578,26797.6666666667,.,.
p121_utilityscale_battery_storage_lithium_ion_advanced_0,2030,165567.05154,5162.33333333333,177941.31244,5459
p121_landbasedwind_class3_moderate_1,2030,1269490.604928,31648.6666666667,.,.
p121_landbasedwind_class3_moderate_2,2030,1269490.604928,31648.6666666667,.,.
p121_utilitypv_class1_moderate_1,2030,1523152.371393,19396.3333333333,.,.
p121_utilitypv_class1_moderate_2,2030,1523152.371393,19396.3333333333,.,.
p122_naturalgas_1on1_combined_cycle_hframe_moderate_0,2030,2236185,40349.6666666667,.,.
p122_naturalgas_combustion_turbine_fframe_moderate_0,2030,1739298,26797.6666666667,.,.
p122_utilityscale_battery_storage_lithium_ion_advanced_0,2030,171199.745046,5162.33333333333,183994.985956,5459
p122_landbasedwind_class3_moderate_1,2030,1711981.320588,31648.6666666667,.,.
p122_landbasedwind_class3_moderate_2,2030,1711981.320588,31648.6666666667,.,.
p122_utilitypv_class1_moderate_1,2030,1423207.990068,19396.3333333333,.,.
p122_utilitypv_class1_moderate_2,2030,1423207.990068,19396.3333333333,.,.
p123_naturalgas_1on1_combined_cycle_hframe_moderate_0,2030,2236185,40349.6666666667,.,.
p123_naturalgas_combustion_turbine_fframe_moderate_0,2030,1739298,26797.6666666667,.,.
p123_utilityscale_battery_storage_lithium_ion_advanced_0,2030,171199.745046,5162.33333333333,183994.985956,5459
p123_landbasedwind_class3_moderate_1,2030,1711981.320588,31648.6666666667,.,.
p123_utilitypv_class1_moderate_1,2030,1423207.990068,19396.3333333333,.,.
p123_utilitypv_class1_moderate_2,2030,1423207.990068,19396.3333333333,.,.
p123_offshorewind_class3_moderate_fixed_1_1,2030,4334358.264642,84215.3333333333,.,.
p123_offshorewind_class3_moderate_fixed_1_2,2030,4334358.264642,84215.3333333333,.,.
p123_offshorewind_class3_moderate_fixed_0_1,2030,4334358.264642,84215.3333333333,.,.
p123_offshorewind_class3_moderate_fixed_0_2,2030,4334358.264642,84215.3333333333,.,.
p123_offshorewind_class12_moderate_floating_0_1,2030,8247200.25213,75447.5,.,.
p123_offshorewind_class12_moderate_floating_0_2,2030,8247200.25213,75447.5,.,.
p124_naturalgas_1on1_combined_cycle_hframe_moderate_0,2030,2236185,40349.6666666667,.,.
p124_naturalgas_combustion_turbine_fframe_moderate_0,2030,1739298,26797.6666666667,.,.
p124_utilityscale_battery_storage_lithium_ion_advanced_0,2030,171199.745046,5162.33333333333,183994.985956,5459
p124_landbasedwind_class3_moderate_1,2030,1711981.320588,31648.6666666667,.,.
p124_landbasedwind_class3_moderate_2,2030,1711981.320588,31648.6666666667,.,.
p124_utilitypv_class1_moderate_1,2030,1423207.990068,19396.3333333333,.,.
p124_utilitypv_class1_moderate_2,2030,1423207.990068,19396.3333333333,.,.
p125_naturalgas_1on1_combined_cycle_hframe_moderate_0,2030,2236185,40349.6666666667,.,.
p125_naturalgas_combustion_turbine_fframe_moderate_0,2030,1739298,26797.6666666667,.,.
p125_utilityscale_battery_storage_lithium_ion_advanced_0,2030,171199.745046,5162.33333333333,183994.985956,5459
p125_landbasedwind_class3_moderate_1,2030,1711981.320588,31648.6666666667,.,.
p125_landbasedwind_class3_moderate_2,2030,1711981.320588,31648.6666666667,.,.
p125_utilitypv_class1_moderate_1,2030,1423207.990068,19396.3333333333,.,.
p125_utilitypv_class1_moderate_2,2030,1423207.990068,19396.3333333333,.,.
p125_offshorewind_class3_moderate_fixed_1_1,2030,4334358.264642,84215.3333333333,.,.
p125_offshorewind_class3_moderate_fixed_1_2,2030,4334358.264642,84215.3333333333,.,.
p125_offshorewind_class3_moderate_fixed_0_1,2030,4334358.264642,84215.3333333333,.,.
p125_offshorewind_class3_moderate_fixed_0_2,2030,4334358.264642,84215.3333333333,.,.
p125_offshorewind_class12_moderate_floating_0_1,2030,8247200.25213,75447.5,.,.
p125_offshorewind_class12_moderate_floating_0_2,2030,8247200.25213,75447.5,.,.
p126_naturalgas_1on1_combined_cycle_hframe_moderate_0,2030,2236185,40349.6666666667,.,.
p126_naturalgas_combustion_turbine_fframe_moderate_0,2030,1739298,26797.6666666667,.,.
p126_utilityscale_battery_storage_lithium_ion_advanced_0,2030,171199.745046,5162.33333333333,183994.985956,5459
p126_landbasedwind_class3_moderate_1,2030,1711981.320588,31648.6666666667,.,.
p126_landbasedwind_class3_moderate_2,2030,1711981.320588,31648.6666666667,.,.
p126_utilitypv_class1_moderate_1,2030,1423207.990068,19396.3333333333,.,.
p126_utilitypv_class1_moderate_2,2030,1423207.990068,19396.3333333333,.,.
p126_offshorewind_class3_moderate_fixed_1_1,2030,4334358.264642,84215.3333333333,.,.
p126_offshorewind_class3_moderate_fixed_1_2,2030,4334358.264642,84215.3333333333,.,.
p126_offshorewind_class3_moderate_fixed_0_1,2030,4334358.264642,84215.3333333333,.,.
p126_offshorewind_class3_moderate_fixed_0_2,2030,4334358.264642,84215.3333333333,.,.
p126_offshorewind_class12_moderate_floating_0_1,2030,8247200.25213,75447.5,.,.
p126_offshorewind_class12_moderate_floating_0_2,2030,8247200.25213,75447.5,.,.
p127_naturalgas_1on1_combined_cycle_hframe_moderate_0,2030,2151684,40349.6666666667,.,.
p127_naturalgas_combustion_turbine_fframe_moderate_0,2030,1694330,26797.6666666667,.,.
p127_utilityscale_battery_storage_lithium_ion_advanced_0,2030,169663.555908,5162.33333333333,182343.984088,5459
p127_landbasedwind_class3_moderate_1,2030,1901184.247284,31648.6666666667,.,.
p127_landbasedwind_class3_moderate_2,2030,1901184.247284,31648.6666666667,.,.
p127_utilitypv_class1_moderate_1,2030,1384562.829289,19396.3333333333,.,.
p127_utilitypv_class1_moderate_2,2030,1384562.829289,19396.3333333333,.,.
p127_offshorewind_class3_moderate_fixed_1_1,2030,4194821.580066,84215.3333333333,.,.
p127_offshorewind_class3_moderate_fixed_1_2,2030,4194821.580066,84215.3333333333,.,.
p127_offshorewind_class3_moderate_fixed_0_1,2030,4194821.580066,84215.3333333333,.,.
p127_offshorewind_class3_moderate_fixed_0_2,2030,4194821.580066,84215.3333333333,.,.
p127_offshorewind_class12_moderate_floating_0_1,2030,7981696.82349,75447.5,.,.
p127_offshorewind_class12_moderate_floating_0_2,2030,7981696.82349,75447.5,.,.
p127_imports_base_base_1,2030,0,0,.,.
p128_naturalgas_1on1_combined_cycle_hframe_moderate_0,2030,2829753,40349.6666666667,.,.
p128_naturalgas_combustion_turbine_fframe_moderate_0,2030,2166494,26797.6666666667,.,.
p128_utilityscale_battery_storage_lithium_ion_advanced_0,2030,185708.198016,5162.33333333333,199587.781376,5459
p128_utilitypv_class1_moderate_1,2030,1652413.77124,19396.3333333333,.,.
p128_offshorewind_class3_moderate_fixed_1_1,2030,5267509.842744,84215.3333333333,.,.
p128_offshorewind_class3_moderate_fixed_1_2,2030,5267509.842744,84215.3333333333,.,.
p128_offshorewind_class3_moderate_fixed_0_1,2030,5267509.842744,84215.3333333333,.,.
p128_offshorewind_class3_moderate_fixed_0_2,2030,5267509.842744,84215.3333333333,.,.
p128_offshorewind_class12_moderate_floating_0_1,2030,10022754.43116,75447.5,.,.
p128_offshorewind_class12_moderate_floating_0_2,2030,10022754.43116,75447.5,.,.
p129_naturalgas_1on1_combined_cycle_hframe_moderate_0,2030,2232063,40349.6666666667,.,.
p129_naturalgas_combustion_turbine_fframe_moderate_0,2030,1758570,26797.6666666667,.,.
p129_utilityscale_battery_storage_lithium_ion_advanced_0,2030,174272.123322,5162.33333333333,187296.989692,5459
p129_landbasedwind_class3_moderate_1,2030,1713507.150642,31648.6666666667,.,.
p129_landbasedwind_class3_moderate_2,2030,1713507.150642,31648.6666666667,.,.
p129_utilitypv_class1_moderate_1,2030,1284618.447964,19396.3333333333,.,.
p129_utilitypv_class1_moderate_2,2030,1284618.447964,19396.3333333333,.,.
p129_imports_base_base_1,2030,0,0,.,.
p130_naturalgas_1on1_combined_cycle_hframe_moderate_0,2030,2232063,40349.6666666667,.,.
p130_naturalgas_combustion_turbine_fframe_moderate_0,2030,1758570,26797.6666666667,.,.
p130_utilityscale_battery_storage_lithium_ion_advanced_0,2030,174272.123322,5162.33333333333,187296.989692,5459
p130_landbasedwind_class3_moderate_1,2030,1713507.150642,31648.6666666667,.,.
p130_landbasedwind_class3_moderate_2,2030,1713507.150642,31648.6666666667,.,.
p130_utilitypv_class1_moderate_1,2030,1284618.447964,19396.3333333333,.,.
p130_utilitypv_class1_moderate_2,2030,1284618.447964,19396.3333333333,.,.
p131_naturalgas_1on1_combined_cycle_hframe_moderate_0,2030,2232063,40349.6666666667,.,.
p131_naturalgas_combustion_turbine_fframe_moderate_0,2030,1758570,26797.6666666667,.,.
p131_utilityscale_battery_storage_lithium_ion_advanced_0,2030,174272.123322,5162.33333333333,187296.989692,5459
p131_landbasedwind_class3_moderate_1,2030,1713507.150642,31648.6666666667,.,.
p131_landbasedwind_class3_moderate_2,2030,1713507.150642,31648.6666666667,.,.
p131_utilitypv_class1_moderate_1,2030,1284618.447964,19396.3333333333,.,.
p131_utilitypv_class1_moderate_2,2030,1284618.447964,19396.3333333333,.,.
p131_offshorewind_class3_moderate_fixed_1_1,2030,4386684.521358,84215.3333333333,.,.
p131_offshorewind_class3_moderate_fixed_1_2,2030,4386684.521358,84215.3333333333,.,.
p131_offshorewind_class3_moderate_fixed_0_1,2030,4386684.521358,84215.3333333333,.,.
p131_offshorewind_class3_moderate_fixed_0_2,2030,4386684.521358,84215.3333333333,.,.
p131_offshorewind_class12_moderate_floating_0_1,2030,8346764.03787,75447.5,.,.
p131_offshorewind_class12_moderate_floating_0_2,2030,8346764.03787,75447.5,.,.
p132_naturalgas_1on1_combined_cycle_hframe_moderate_0,2030,2232063,40349.6666666667,.,.
p132_naturalgas_combustion_turbine_fframe_moderate_0,2030,1758570,26797.6666666667,.,.
p132_utilityscale_battery_storage_lithium_ion_advanced_0,2030,174272.123322,5162.33333333333,187296.989692,5459
p132_landbasedwind_class3_moderate_1,2030,1713507.150642,31648.6666666667,.,.
p132_landbasedwind_class3_moderate_2,2030,1713507.150642,31648.6666666667,.,.
p132_utilitypv_class1_moderate_1,2030,1284618.447964,19396.3333333333,.,.
p132_utilitypv_class1_moderate_2,2030,1284618.447964,19396.3333333333,.,.
p132_offshorewind_class3_moderate_fixed_1_1,2030,4386684.521358,84215.3333333333,.,.
p132_offshorewind_class3_moderate_fixed_1_2,2030,4386684.521358,84215.3333333333,.,.
p132_offshorewind_class3_moderate_fixed_0_1,2030,4386684.521358,84215.3333333333,.,.
p132_offshorewind_class3_moderate_fixed_0_2,2030,4386684.521358,84215.3333333333,.,.
p132_offshorewind_class12_moderate_floating_0_1,2030,8346764.03787,75447.5,.,.
p132_offshorewind_class12_moderate_floating_0_2,2030,8346764.03787,75447.5,.,.
p133_naturalgas_1on1_combined_cycle_hframe_moderate_0,2030,2232063,40349.6666666667,.,.
p133_naturalgas_combustion_turbine_fframe_moderate_0,2030,1758570,26797.6666666667,.,.
p133_utilityscale_battery_storage_lithium_ion_advanced_0,2030,174272.123322,5162.33333333333,187296.989692,5459
p133_utilitypv_class1_moderate_1,2030,1284618.447964,19396.3333333333,.,.
p133_utilitypv_class1_moderate_2,2030,1284618.447964,19396.3333333333,.,.
p133_offshorewind_class3_moderate_fixed_1_1,2030,4386684.521358,84215.3333333333,.,.
p133_offshorewind_class3_moderate_fixed_1_2,2030,4386684.521358,84215.3333333333,.,.
p133_offshorewind_class3_moderate_fixed_0_1,2030,4386684.521358,84215.3333333333,.,.
p133_offshorewind_class3_moderate_fixed_0_2,2030,4386684.521358,84215.3333333333,.,.
p133_offshorewind_class12_moderate_floating_0_1,2030,8346764.03787,75447.5,.,.
p133_offshorewind_class12_moderate_floating_0_2,2030,8346764.03787,75447.5,.,.
p134_naturalgas_1on1_combined_cycle_hframe_moderate_0,2030,2232063,40349.6666666667,.,.
p134_naturalgas_combustion_turbine_fframe_moderate_0,2030,1758570,26797.6666666667,.,.
p134_utilityscale_battery_storage_lithium_ion_advanced_0,2030,174272.123322,5162.33333333333,187296.989692,5459
p134_landbasedwind_class3_moderate_1,2030,1713507.150642,31648.6666666667,.,.
p134_landbasedwind_class3_moderate_2,2030,1713507.150642,31648.6666666667,.,.
p134_utilitypv_class1_moderate_1,2030,1284618.447964,19396.3333333333,.,.
p134_utilitypv_class1_moderate_2,2030,1284618.447964,19396.3333333333,.,.
p134_offshorewind_class3_moderate_fixed_1_1,2030,4386684.521358,84215.3333333333,.,.
p134_offshorewind_class3_moderate_fixed_1_2,2030,4386684.521358,84215.3333333333,.,.
p134_offshorewind_class3_moderate_fixed_0_1,2030,4386684.521358,84215.3333333333,.,.
p134_offshorewind_class3_moderate_fixed_0_2,2030,4386684.521358,84215.3333333333,.,.
p134_offshorewind_class12_moderate_floating_0_1,2030,8346764.03787,75447.5,.,.
p134_offshorewind_class12_moderate_floating_0_2,2030,8346764.03787,75447.5,.,.
p134_imports_base_base_1,2030,0,0,.,.
p1_naturalgas_1on1_combined_cycle_hframe_moderate_0,2035,2100159,40349.6666666667,.,.
p1_naturalgas_combustion_turbine_fframe_moderate_0,2035,1652574,26797.6666666667,.,.
p1_utilityscale_battery_storage_lithium_ion_advanced_0,2035,159148.751797,5162.33333333333,171527.927853,5039
p1_nuclear_nuclear__large_moderate_0,2035,8213450.101527,187577,.,.
p1_landbasedwind_class3_moderate_1,2035,1473765.580188,31648.6666666667,.,.
p1_landbasedwind_class3_moderate_2,2035,1473765.580188,31648.6666666667,.,.
p1_utilitypv_class1_moderate_1,2035,1040405.4208,19396.3333333333,.,.
p1_utilitypv_class1_moderate_2,2035,1040405.4208,19396.3333333333,.,.
p1_offshorewind_class3_moderate_fixed_1_1,2035,3422481.770292,84215.3333333333,.,.
p1_offshorewind_class3_moderate_fixed_1_2,2035,3422481.770292,84215.3333333333,.,.
p1_offshorewind_class3_moderate_fixed_0_1,2035,3422481.770292,84215.3333333333,.,.
p1_offshorewind_class3_moderate_fixed_0_2,2035,3422481.770292,84215.3333333333,.,.
p1_offshorewind_class12_moderate_floating_0_1,2035,6225307.197127,75447.5,.,.
p1_offshorewind_class12_moderate_floating_0_2,2035,6225307.197127,75447.5,.,.
p1_imports_base_base_1,2035,0,0,.,.
p2_naturalgas_1on1_combined_cycle_hframe_moderate_0,2035,2100159,40349.6666666667,.,.
p2_naturalgas_combustion_turbine_fframe_moderate_0,2035,1652574,26797.6666666667,.,.
p2_utilityscale_battery_storage_lithium_ion_advanced_0,2035,159148.751797,5162.33333333333,171527.927853,5039
p2_nuclear_nuclear__large_moderate_0,2035,8213450.101527,187577,.,.
p2_landbasedwind_class3_moderate_1,2035,1473765.580188,31648.6666666667,.,.
p2_landbasedwind_class3_moderate_2,2035,1473765.580188,31648.6666666667,.,.
p2_utilitypv_class1_moderate_1,2035,1040405.4208,19396.3333333333,.,.
p2_utilitypv_class1_moderate_2,2035,1040405.4208,19396.3333333333,.,.
p3_naturalgas_1on1_combined_cycle_hframe_moderate_0,2035,2100159,40349.6666666667,.,.
p3_naturalgas_combustion_turbine_fframe_moderate_0,2035,1652574,26797.6666666667,.,.
p3_utilityscale_battery_storage_lithium_ion_advanced_0,2035,159148.751797,5162.33333333333,171527.927853,5039
p3_nuclear_nuclear__large_moderate_0,2035,8213450.101527,187577,.,.
p3_landbasedwind_class3_moderate_1,2035,1473765.580188,31648.6666666667,.,.
p3_landbasedwind_class3_moderate_2,2035,1473765.580188,31648.6666666667,.,.
p3_utilitypv_class1_moderate_1,2035,1040405.4208,19396.3333333333,.,.
p3_utilitypv_class1_moderate_2,2035,1040405.4208,19396.3333333333,.,.
p3_imports_base_base_1,2035,0,0,.,.
p4_naturalgas_1on1_combined_cycle_hframe_moderate_0,2035,2100159,40349.6666666667,.,.
p4_naturalgas_combustion_turbine_fframe_moderate_0,2035,1652574,26797.6666666667,.,.
p4_utilityscale_battery_storage_lithium_ion_advanced_0,2035,159148.751797,5162.33333333333,171527.927853,5039
p4_nuclear_nuclear__large_moderate_0,2035,8213450.101527,187577,.,.
p4_landbasedwind_class3_moderate_1,2035,1473765.580188,31648.6666666667,.,.
p4_landbasedwind_class3_moderate_2,2035,1473765.580188,31648.6666666667,.,.
p4_utilitypv_class1_moderate_1,2035,1040405.4208,19396.3333333333,.,.
p4_utilitypv_class1_moderate_2,2035,1040405.4208,19396.3333333333,.,.
p5_naturalgas_1on1_combined_cycle_hframe_moderate_0,2035,2100159,40349.6666666667,.,.
p5_naturalgas_combustion_turbine_fframe_moderate_0,2035,1652574,26797.6666666667,.,.
p5_utilityscale_battery_storage_lithium_ion_advanced_0,2035,159148.751797,5162.33333333333,171527.927853,5039
p5_nuclear_nuclear__large_moderate_0,2035,8213450.101527,187577,.,.
p5_landbasedwind_class3_moderate_1,2035,1473765.580188,31648.6666666667,.,.
p5_landbasedwind_class3_moderate_2,2035,1473765.580188,31648.6666666667,.,.
p5_utilitypv_class1_moderate_1,2035,1040405.4208,19396.3333333333,.,.
p5_utilitypv_class1_moderate_2,2035,1040405.4208,19396.3333333333,.,.
p5_offshorewind_class3_moderate_fixed_1_1,2035,3422481.770292,84215.3333333333,.,.
p5_offshorewind_class3_moderate_fixed_1_2,2035,3422481.770292,84215.3333333333,.,.
p5_offshorewind_class3_moderate_fixed_0_1,2035,3422481.770292,84215.3333333333,.,.
p5_offshorewind_class3_moderate_fixed_0_2,2035,3422481.770292,84215.3333333333,.,.
p5_offshorewind_class12_moderate_floating_0_1,2035,6225307.197127,75447.5,.,.
p5_offshorewind_class12_moderate_floating_0_2,2035,6225307.197127,75447.5,.,.
p6_naturalgas_1on1_combined_cycle_hframe_moderate_0,2035,2100159,40349.6666666667,.,.
p6_naturalgas_combustion_turbine_fframe_moderate_0,2035,1652574,26797.6666666667,.,.
p6_utilityscale_battery_storage_lithium_ion_advanced_0,2035,159148.751797,5162.33333333333,171527.927853,5039
p6_nuclear_nuclear__large_moderate_0,2035,8213450.101527,187577,.,.
p6_landbasedwind_class3_moderate_1,2035,1473765.580188,31648.6666666667,.,.
p6_landbasedwind_class3_moderate_2,2035,1473765.580188,31648.6666666667,.,.
p6_utilitypv_class1_moderate_1,2035,1040405.4208,19396.3333333333,.,.
p6_utilitypv_class1_moderate_2,2035,1040405.4208,19396.3333333333,.,.
p7_naturalgas_1on1_combined_cycle_hframe_moderate_0,2035,2100159,40349.6666666667,.,.
p7_naturalgas_combustion_turbine_fframe_moderate_0,2035,1652574,26797.6666666667,.,.
p7_utilityscale_battery_storage_lithium_ion_advanced_0,2035,159148.751797,5162.33333333333,171527.927853,5039
p7_nuclear_nuclear__large_moderate_0,2035,8213450.101527,187577,.,.
p7_landbasedwind_class3_moderate_1,2035,1473765.580188,31648.6666666667,.,.
p7_landbasedwind_class3_moderate_2,2035,1473765.580188,31648.6666666667,.,.
p7_utilitypv_class1_moderate_1,2035,1040405.4208,19396.3333333333,.,.
p7_utilitypv_class1_moderate_2,2035,1040405.4208,19396.3333333333,.,.
p8_naturalgas_1on1_combined_cycle_hframe_moderate_0,2035,2100159,40349.6666666667,.,.
p8_naturalgas_combustion_turbine_fframe_moderate_0,2035,1652574,26797.6666666667,.,.
p8_utilityscale_battery_storage_lithium_ion_advanced_0,2035,159148.751797,5162.33333333333,171527.927853,5039
p8_nuclear_nuclear__large_moderate_0,2035,8213450.101527,187577,.,.
p8_landbasedwind_class3_moderate_1,2035,1473765.580188,31648.6666666667,.,.
p8_landbasedwind_class3_moderate_2,2035,1473765.580188,31648.6666666667,.,.
p8_utilitypv_class1_moderate_1,2035,1040405.4208,19396.3333333333,.,.
p8_utilitypv_class1_moderate_2,2035,1040405.4208,19396.3333333333,.,.
p9_naturalgas_1on1_combined_cycle_hframe_moderate_0,2035,2394882,40349.6666666667,.,.
p9_naturalgas_combustion_turbine_fframe_moderate_0,2035,1838870,26797.6666666667,.,.
p9_utilityscale_battery_storage_lithium_ion_advanced_0,2035,165747.219295,5162.33333333333,178639.648455,5039
p9_nuclear_nuclear__large_moderate_0,2035,9495092.172555,187577,.,.
p9_landbasedwind_class3_moderate_1,2035,3215488.538592,31648.6666666667,.,.
p9_landbasedwind_class3_moderate_2,2035,3215488.538592,31648.6666666667,.,.
p9_utilitypv_class1_moderate_1,2035,1396648.95232,19396.3333333333,.,.
p9_utilitypv_class1_moderate_2,2035,1396648.95232,19396.3333333333,.,.
p9_offshorewind_class3_moderate_fixed_1_1,2035,3692766.609012,84215.3333333333,.,.
p9_offshorewind_class3_moderate_fixed_1_2,2035,3692766.609012,84215.3333333333,.,.
p9_offshorewind_class3_moderate_fixed_0_1,2035,3692766.609012,84215.3333333333,.,.
p9_offshorewind_class3_moderate_fixed_0_2,2035,3692766.609012,84215.3333333333,.,.
p9_offshorewind_class12_moderate_floating_0_1,2035,6716940.539447,75447.5,.,.
p9_offshorewind_class12_moderate_floating_0_2,2035,6716940.539447,75447.5,.,.
p10_naturalgas_1on1_combined_cycle_hframe_moderate_0,2035,2341296,40349.6666666667,.,.
p10_naturalgas_combustion_turbine_fframe_moderate_0,2035,1797114,26797.6666666667,.,.
p10_utilityscale_battery_storage_lithium_ion_advanced_0,2035,166218.538402,5162.33333333333,179147.628498,5039
p10_nuclear_nuclear__large_moderate_0,2035,8877715.809072,187577,.,.
p10_landbasedwind_class3_moderate_1,2035,1654345.552464,31648.6666666667,.,.
p10_landbasedwind_class3_moderate_2,2035,1654345.552464,31648.6666666667,.,.
p10_utilitypv_class1_moderate_1,2035,1375949.78688,19396.3333333333,.,.
p10_utilitypv_class1_moderate_2,2035,1375949.78688,19396.3333333333,.,.
p10_offshorewind_class3_moderate_fixed_1_1,2035,3665738.12514,84215.3333333333,.,.
p10_offshorewind_class3_moderate_fixed_1_2,2035,3665738.12514,84215.3333333333,.,.
p10_offshorewind_class3_moderate_fixed_0_1,2035,3665738.12514,84215.3333333333,.,.
p10_offshorewind_class3_moderate_fixed_0_2,2035,3665738.12514,84215.3333333333,.,.
p10_offshorewind_class12_moderate_floating_0_1,2035,6667777.205215,75447.5,.,.
p10_offshorewind_class12_moderate_floating_0_2,2035,6667777.205215,75447.5,.,.
p11_naturalgas_1on1_combined_cycle_hframe_moderate_0,2035,2341296,40349.6666666667,.,.
p11_naturalgas_combustion_turbine_fframe_moderate_0,2035,1797114,26797.6666666667,.,.
p11_utilityscale_battery_storage_lithium_ion_advanced_0,2035,166218.538402,5162.33333333333,179147.628498,5039
p11_nuclear_nuclear__large_moderate_0,2035,8877715.809072,187577,.,.
p11_landbasedwind_class3_moderate_1,2035,1654345.552464,31648.6666666667,.,.
p11_landbasedwind_class3_moderate_2,2035,1654345.552464,31648.6666666667,.,.
p11_utilitypv_class1_moderate_1,2035,1375949.78688,19396.3333333333,.,.
p11_utilitypv_class1_moderate_2,2035,1375949.78688,19396.3333333333,.,.
p11_offshorewind_class3_moderate_fixed_1_1,2035,3665738.12514,84215.3333333333,.,.
p11_offshorewind_class3_moderate_fixed_1_2,2035,3665738.12514,84215.3333333333,.,.
p11_offshorewind_class3_moderate_fixed_0_1,2035,3665738.12514,84215.3333333333,.,.
p11_offshorewind_class3_moderate_fixed_0_2,2035,3665738.12514,84215.3333333333,.,.
p11_offshorewind_class12_moderate_floating_0_1,2035,6667777.205215,75447.5,.,.
p11_offshorewind_class12_moderate_floating_0_2,2035,6667777.205215,75447.5,.,.
p11_imports_base_base_1,2035,0,0,.,.
p12_naturalgas_1on1_combined_cycle_hframe_moderate_0,2035,1875510,40349.6666666667,.,.
p12_naturalgas_combustion_turbine_fframe_moderate_0,2035,1463066,26797.6666666667,.,.
p12_utilityscale_battery_storage_lithium_ion_advanced_0,2035,159148.751797,5162.33333333333,171527.927853,5039
p12_nuclear_nuclear__large_moderate_0,2035,8143116.085434,187577,.,.
p12_landbasedwind_class3_moderate_1,2035,1288816.737615,31648.6666666667,.,.
p12_landbasedwind_class3_moderate_2,2035,1288816.737615,31648.6666666667,.,.
p12_utilitypv_class1_moderate_1,2035,1025153.40416,19396.3333333333,.,.
p12_utilitypv_class1_moderate_2,2035,1025153.40416,19396.3333333333,.,.
p13_naturalgas_1on1_combined_cycle_hframe_moderate_0,2035,1875510,40349.6666666667,.,.
p13_naturalgas_combustion_turbine_fframe_moderate_0,2035,1463066,26797.6666666667,.,.
p13_utilityscale_battery_storage_lithium_ion_advanced_0,2035,159148.751797,5162.33333333333,171527.927853,5039
p13_nuclear_nuclear__large_moderate_0,2035,8143116.085434,187577,.,.
p13_landbasedwind_class3_moderate_1,2035,1288816.737615,31648.6666666667,.,.
p13_landbasedwind_class3_moderate_2,2035,1288816.737615,31648.6666666667,.,.
p13_utilitypv_class1_moderate_1,2035,1025153.40416,19396.3333333333,.,.
p13_utilitypv_class1_moderate_2,2035,1025153.40416,19396.3333333333,.,.
p14_naturalgas_1on1_combined_cycle_hframe_moderate_0,2035,2100159,40349.6666666667,.,.
p14_naturalgas_combustion_turbine_fframe_moderate_0,2035,1652574,26797.6666666667,.,.
p14_utilityscale_battery_storage_lithium_ion_advanced_0,2035,159148.751797,5162.33333333333,171527.927853,5039
p14_nuclear_nuclear__large_moderate_0,2035,8213450.101527,187577,.,.
p14_landbasedwind_class3_moderate_1,2035,1473765.580188,31648.6666666667,.,.
p14_landbasedwind_class3_moderate_2,2035,1473765.580188,31648.6666666667,.,.
p14_utilitypv_class1_moderate_1,2035,1040405.4208,19396.3333333333,.,.
p14_utilitypv_class1_moderate_2,2035,1040405.4208,19396.3333333333,.,.
p15_naturalgas_1on1_combined_cycle_hframe_moderate_0,2035,1875510,40349.6666666667,.,.
p15_naturalgas_combustion_turbine_fframe_moderate_0,2035,1463066,26797.6666666667,.,.
p15_utilityscale_battery_storage_lithium_ion_advanced_0,2035,159148.751797,5162.33333333333,171527.927853,5039
p15_nuclear_nuclear__large_moderate_0,2035,8143116.085434,187577,.,.
p15_landbasedwind_class3_moderate_1,2035,1288816.737615,31648.6666666667,.,.
p15_landbasedwind_class3_moderate_2,2035,1288816.737615,31648.6666666667,.,.
p15_utilitypv_class1_moderate_1,2035,1025153.40416,19396.3333333333,.,.
p15_utilitypv_class1_moderate_2,2035,1025153.40416,19396.3333333333,.,.
p16_naturalgas_1on1_combined_cycle_hframe_moderate_0,2035,1875510,40349.6666666667,.,.
p16_naturalgas_combustion_turbine_fframe_moderate_0,2035,1463066,26797.6666666667,.,.
p16_utilityscale_battery_storage_lithium_ion_advanced_0,2035,159148.751797,5162.33333333333,171527.927853,5039
p16_nuclear_nuclear__large_moderate_0,2035,8143116.085434,187577,.,.
p16_landbasedwind_class3_moderate_1,2035,1288816.737615,31648.6666666667,.,.
p16_landbasedwind_class3_moderate_2,2035,1288816.737615,31648.6666666667,.,.
p16_utilitypv_class1_moderate_1,2035,1025153.40416,19396.3333333333,.,.
p16_utilitypv_class1_moderate_2,2035,1025153.40416,19396.3333333333,.,.
p17_naturalgas_1on1_combined_cycle_hframe_moderate_0,2035,2100159,40349.6666666667,.,.
p17_naturalgas_combustion_turbine_fframe_moderate_0,2035,1652574,26797.6666666667,.,.
p17_utilityscale_battery_storage_lithium_ion_advanced_0,2035,159148.751797,5162.33333333333,171527.927853,5039
p17_nuclear_nuclear__large_moderate_0,2035,8213450.101527,187577,.,.
p17_landbasedwind_class3_moderate_1,2035,1473765.580188,31648.6666666667,.,.
p17_landbasedwind_class3_moderate_2,2035,1473765.580188,31648.6666666667,.,.
p17_utilitypv_class1_moderate_1,2035,1040405.4208,19396.3333333333,.,.
p17_utilitypv_class1_moderate_2,2035,1040405.4208,19396.3333333333,.,.
p18_naturalgas_1on1_combined_cycle_hframe_moderate_0,2035,2100159,40349.6666666667,.,.
p18_naturalgas_combustion_turbine_fframe_moderate_0,2035,1652574,26797.6666666667,.,.
p18_utilityscale_battery_storage_lithium_ion_advanced_0,2035,159148.751797,5162.33333333333,171527.927853,5039
p18_nuclear_nuclear__large_moderate_0,2035,8213450.101527,187577,.,.
p18_landbasedwind_class3_moderate_1,2035,1473765.580188,31648.6666666667,.,.
p18_landbasedwind_class3_moderate_2,2035,1473765.580188,31648.6666666667,.,.
p18_utilitypv_class1_moderate_1,2035,1040405.4208,19396.3333333333,.,.
p18_utilitypv_class1_moderate_2,2035,1040405.4208,19396.3333333333,.,.
p18_imports_base_base_1,2035,0,0,.,.
p19_naturalgas_1on1_combined_cycle_hframe_moderate_0,2035,2100159,40349.6666666667,.,.
p19_naturalgas_combustion_turbine_fframe_moderate_0,2035,1652574,26797.6666666667,.,.
p19_utilityscale_battery_storage_lithium_ion_advanced_0,2035,159148.751797,5162.33333333333,171527.927853,5039
p19_nuclear_nuclear__large_moderate_0,2035,8213450.101527,187577,.,.
p19_landbasedwind_class3_moderate_1,2035,1473765.580188,31648.6666666667,.,.
p19_landbasedwind_class3_moderate_2,2035,1473765.580188,31648.6666666667,.,.
p19_utilitypv_class1_moderate_1,2035,1040405.4208,19396.3333333333,.,.
p19_utilitypv_class1_moderate_2,2035,1040405.4208,19396.3333333333,.,.
p20_naturalgas_1on1_combined_cycle_hframe_moderate_0,2035,2100159,40349.6666666667,.,.
p20_naturalgas_combustion_turbine_fframe_moderate_0,2035,1652574,26797.6666666667,.,.
p20_utilityscale_battery_storage_lithium_ion_advanced_0,2035,159148.751797,5162.33333333333,171527.927853,5039
p20_nuclear_nuclear__large_moderate_0,2035,8213450.101527,187577,.,.
p20_landbasedwind_class3_moderate_1,2035,1473765.580188,31648.6666666667,.,.
p20_landbasedwind_class3_moderate_2,2035,1473765.580188,31648.6666666667,.,.
p20_utilitypv_class1_moderate_1,2035,1040405.4208,19396.3333333333,.,.
p20_utilitypv_class1_moderate_2,2035,1040405.4208,19396.3333333333,.,.
p21_naturalgas_1on1_combined_cycle_hframe_moderate_0,2035,1875510,40349.6666666667,.,.
p21_naturalgas_combustion_turbine_fframe_moderate_0,2035,1463066,26797.6666666667,.,.
p21_utilityscale_battery_storage_lithium_ion_advanced_0,2035,159148.751797,5162.33333333333,171527.927853,5039
p21_nuclear_nuclear__large_moderate_0,2035,8143116.085434,187577,.,.
p21_landbasedwind_class3_moderate_1,2035,1288816.737615,31648.6666666667,.,.
p21_landbasedwind_class3_moderate_2,2035,1288816.737615,31648.6666666667,.,.
p21_utilitypv_class1_moderate_1,2035,1025153.40416,19396.3333333333,.,.
p21_utilitypv_class1_moderate_2,2035,1025153.40416,19396.3333333333,.,.
p22_naturalgas_1on1_combined_cycle_hframe_moderate_0,2035,1636434,40349.6666666667,.,.
p22_naturalgas_combustion_turbine_fframe_moderate_0,2035,1292830,26797.6666666667,.,.
p22_utilityscale_battery_storage_lithium_ion_advanced_0,2035,151293.433347,5162.33333333333,163061.593803,5039
p22_nuclear_nuclear__large_moderate_0,2035,7400701.471119,187577,.,.
p22_landbasedwind_class3_moderate_1,2035,1201439.331675,31648.6666666667,.,.
p22_landbasedwind_class3_moderate_2,2035,1201439.331675,31648.6666666667,.,.
p22_utilitypv_class1_moderate_1,2035,992470.51136,19396.3333333333,.,.
p22_utilitypv_class1_moderate_2,2035,992470.51136,19396.3333333333,.,.
p23_naturalgas_1on1_combined_cycle_hframe_moderate_0,2035,1636434,40349.6666666667,.,.
p23_naturalgas_combustion_turbine_fframe_moderate_0,2035,1292830,26797.6666666667,.,.
p23_utilityscale_battery_storage_lithium_ion_advanced_0,2035,151293.433347,5162.33333333333,163061.593803,5039
p23_nuclear_nuclear__large_moderate_0,2035,7400701.471119,187577,.,.
p23_landbasedwind_class3_moderate_1,2035,1201439.331675,31648.6666666667,.,.
p23_landbasedwind_class3_moderate_2,2035,1201439.331675,31648.6666666667,.,.
p23_utilitypv_class1_moderate_1,2035,992470.51136,19396.3333333333,.,.
p23_utilitypv_class1_moderate_2,2035,992470.51136,19396.3333333333,.,.
p24_naturalgas_1on1_combined_cycle_hframe_moderate_0,2035,1636434,40349.6666666667,.,.
p24_naturalgas_combustion_turbine_fframe_moderate_0,2035,1292830,26797.6666666667,.,.
p24_utilityscale_battery_storage_lithium_ion_advanced_0,2035,151293.433347,5162.33333333333,163061.593803,5039
p24_nuclear_nuclear__large_moderate_0,2035,7400701.471119,187577,.,.
p24_landbasedwind_class3_moderate_1,2035,1201439.331675,31648.6666666667,.,.
p24_landbasedwind_class3_moderate_2,2035,1201439.331675,31648.6666666667,.,.
p24_utilitypv_class1_moderate_1,2035,992470.51136,19396.3333333333,.,.
p24_utilitypv_class1_moderate_2,2035,992470.51136,19396.3333333333,.,.
p25_naturalgas_1on1_combined_cycle_hframe_moderate_0,2035,1875510,40349.6666666667,.,.
p25_naturalgas_combustion_turbine_fframe_moderate_0,2035,1463066,26797.6666666667,.,.
p25_utilityscale_battery_storage_lithium_ion_advanced_0,2035,159148.751797,5162.33333333333,171527.927853,5039
p25_nuclear_nuclear__large_moderate_0,2035,8143116.085434,187577,.,.
p25_landbasedwind_class3_moderate_1,2035,1288816.737615,31648.6666666667,.,.
p25_landbasedwind_class3_moderate_2,2035,1288816.737615,31648.6666666667,.,.
p25_utilitypv_class1_moderate_1,2035,1025153.40416,19396.3333333333,.,.
p25_utilitypv_class1_moderate_2,2035,1025153.40416,19396.3333333333,.,.
p26_naturalgas_1on1_combined_cycle_hframe_moderate_0,2035,1875510,40349.6666666667,.,.
p26_naturalgas_combustion_turbine_fframe_moderate_0,2035,1463066,26797.6666666667,.,.
p26_utilityscale_battery_storage_lithium_ion_advanced_0,2035,159148.751797,5162.33333333333,171527.927853,5039
p26_nuclear_nuclear__large_moderate_0,2035,8143116.085434,187577,.,.
p26_landbasedwind_class3_moderate_1,2035,1288816.737615,31648.6666666667,.,.
p26_landbasedwind_class3_moderate_2,2035,1288816.737615,31648.6666666667,.,.
p26_utilitypv_class1_moderate_1,2035,1025153.40416,19396.3333333333,.,.
p26_utilitypv_class1_moderate_2,2035,1025153.40416,19396.3333333333,.,.
p27_naturalgas_1on1_combined_cycle_hframe_moderate_0,2035,1780704,40349.6666666667,.,.
p27_naturalgas_combustion_turbine_fframe_moderate_0,2035,1369918,26797.6666666667,.,.
p27_utilityscale_battery_storage_lithium_ion_advanced_0,2035,155063.986203,5162.33333333333,167125.434147,5039
p27_nuclear_nuclear__large_moderate_0,2035,7807075.786323,187577,.,.
p27_landbasedwind_class3_moderate_1,2035,1405319.945535,31648.6666666667,.,.
p27_landbasedwind_class3_moderate_2,2035,1405319.945535,31648.6666666667,.,.
p27_utilitypv_class1_moderate_1,2035,1109039.49568,19396.3333333333,.,.
p27_utilitypv_class1_moderate_2,2035,1109039.49568,19396.3333333333,.,.
p28_naturalgas_1on1_combined_cycle_hframe_moderate_0,2035,1780704,40349.6666666667,.,.
p28_naturalgas_combustion_turbine_fframe_moderate_0,2035,1369918,26797.6666666667,.,.
p28_utilityscale_battery_storage_lithium_ion_advanced_0,2035,155063.986203,5162.33333333333,167125.434147,5039
p28_nuclear_nuclear__large_moderate_0,2035,7807075.786323,187577,.,.
p28_landbasedwind_class3_moderate_1,2035,1405319.945535,31648.6666666667,.,.
p28_landbasedwind_class3_moderate_2,2035,1405319.945535,31648.6666666667,.,.
p28_utilitypv_class1_moderate_1,2035,1109039.49568,19396.3333333333,.,.
p28_utilitypv_class1_moderate_2,2035,1109039.49568,19396.3333333333,.,.
p29_naturalgas_1on1_combined_cycle_hframe_moderate_0,2035,1780704,40349.6666666667,.,.
p29_naturalgas_combustion_turbine_fframe_moderate_0,2035,1369918,26797.6666666667,.,.
p29_utilityscale_battery_storage_lithium_ion_advanced_0,2035,155063.986203,5162.33333333333,167125.434147,5039
p29_nuclear_nuclear__large_moderate_0,2035,7807075.786323,187577,.,.
p29_landbasedwind_class3_moderate_1,2035,1405319.945535,31648.6666666667,.,.
p29_landbasedwind_class3_moderate_2,2035,1405319.945535,31648.6666666667,.,.
p29_utilitypv_class1_moderate_1,2035,1109039.49568,19396.3333333333,.,.
p29_utilitypv_class1_moderate_2,2035,1109039.49568,19396.3333333333,.,.
p30_naturalgas_1on1_combined_cycle_hframe_moderate_0,2035,1780704,40349.6666666667,.,.
p30_naturalgas_combustion_turbine_fframe_moderate_0,2035,1369918,26797.6666666667,.,.
p30_utilityscale_battery_storage_lithium_ion_advanced_0,2035,155063.986203,5162.33333333333,167125.434147,5039
p30_nuclear_nuclear__large_moderate_0,2035,7807075.786323,187577,.,.
p30_landbasedwind_class3_moderate_1,2035,1405319.945535,31648.6666666667,.,.
p30_landbasedwind_class3_moderate_2,2035,1405319.945535,31648.6666666667,.,.
p30_utilitypv_class1_moderate_1,2035,1109039.49568,19396.3333333333,.,.
p30_utilitypv_class1_moderate_2,2035,1109039.49568,19396.3333333333,.,.
p31_naturalgas_1on1_combined_cycle_hframe_moderate_0,2035,1780704,40349.6666666667,.,.
p31_naturalgas_combustion_turbine_fframe_moderate_0,2035,1369918,26797.6666666667,.,.
p31_utilityscale_battery_storage_lithium_ion_advanced_0,2035,155063.986203,5162.33333333333,167125.434147,5039
p31_nuclear_nuclear__large_moderate_0,2035,7807075.786323,187577,.,.
p31_landbasedwind_class3_moderate_1,2035,1405319.945535,31648.6666666667,.,.
p31_landbasedwind_class3_moderate_2,2035,1405319.945535,31648.6666666667,.,.
p31_utilitypv_class1_moderate_1,2035,1109039.49568,19396.3333333333,.,.
p31_utilitypv_class1_moderate_2,2035,1109039.49568,19396.3333333333,.,.
p32_naturalgas_1on1_combined_cycle_hframe_moderate_0,2035,1636434,40349.6666666667,.,.
p32_naturalgas_combustion_turbine_fframe_moderate_0,2035,1292830,26797.6666666667,.,.
p32_utilityscale_battery_storage_lithium_ion_advanced_0,2035,151293.433347,5162.33333333333,163061.593803,5039
p32_nuclear_nuclear__large_moderate_0,2035,7400701.471119,187577,.,.
p32_landbasedwind_class3_moderate_1,2035,1201439.331675,31648.6666666667,.,.
p32_landbasedwind_class3_moderate_2,2035,1201439.331675,31648.6666666667,.,.
p32_utilitypv_class1_moderate_1,2035,992470.51136,19396.3333333333,.,.
p32_utilitypv_class1_moderate_2,2035,992470.51136,19396.3333333333,.,.
p33_naturalgas_1on1_combined_cycle_hframe_moderate_0,2035,1636434,40349.6666666667,.,.
p33_naturalgas_combustion_turbine_fframe_moderate_0,2035,1292830,26797.6666666667,.,.
p33_utilityscale_battery_storage_lithium_ion_advanced_0,2035,151293.433347,5162.33333333333,163061.593803,5039
p33_nuclear_nuclear__large_moderate_0,2035,7400701.471119,187577,.,.
p33_landbasedwind_class3_moderate_1,2035,1201439.331675,31648.6666666667,.,.
p33_landbasedwind_class3_moderate_2,2035,1201439.331675,31648.6666666667,.,.
p33_utilitypv_class1_moderate_1,2035,992470.51136,19396.3333333333,.,.
p33_utilitypv_class1_moderate_2,2035,992470.51136,19396.3333333333,.,.
p34_naturalgas_1on1_combined_cycle_hframe_moderate_0,2035,1636434,40349.6666666667,.,.
p34_naturalgas_combustion_turbine_fframe_moderate_0,2035,1292830,26797.6666666667,.,.
p34_utilityscale_battery_storage_lithium_ion_advanced_0,2035,151293.433347,5162.33333333333,163061.593803,5039
p34_nuclear_nuclear__large_moderate_0,2035,7400701.471119,187577,.,.
p34_landbasedwind_class3_moderate_1,2035,1201439.331675,31648.6666666667,.,.
p34_landbasedwind_class3_moderate_2,2035,1201439.331675,31648.6666666667,.,.
p34_utilitypv_class1_moderate_1,2035,992470.51136,19396.3333333333,.,.
p34_utilitypv_class1_moderate_2,2035,992470.51136,19396.3333333333,.,.
p35_naturalgas_1on1_combined_cycle_hframe_moderate_0,2035,1891998,40349.6666666667,.,.
p35_naturalgas_combustion_turbine_fframe_moderate_0,2035,1493580,26797.6666666667,.,.
p35_utilityscale_battery_storage_lithium_ion_advanced_0,2035,151293.433347,5162.33333333333,163061.593803,5039
p35_nuclear_nuclear__large_moderate_0,2035,7408516.361796,187577,.,.
p35_landbasedwind_class3_moderate_1,2035,1096586.444547,31648.6666666667,.,.
p35_landbasedwind_class3_moderate_2,2035,1096586.444547,31648.6666666667,.,.
p35_utilitypv_class1_moderate_1,2035,993559.94112,19396.3333333333,.,.
p35_utilitypv_class1_moderate_2,2035,993559.94112,19396.3333333333,.,.
p36_naturalgas_1on1_combined_cycle_hframe_moderate_0,2035,1891998,40349.6666666667,.,.
p36_naturalgas_combustion_turbine_fframe_moderate_0,2035,1493580,26797.6666666667,.,.
p36_utilityscale_battery_storage_lithium_ion_advanced_0,2035,151293.433347,5162.33333333333,163061.593803,5039
p36_nuclear_nuclear__large_moderate_0,2035,7408516.361796,187577,.,.
p36_landbasedwind_class3_moderate_1,2035,1096586.444547,31648.6666666667,.,.
p36_landbasedwind_class3_moderate_2,2035,1096586.444547,31648.6666666667,.,.
p36_utilitypv_class1_moderate_1,2035,993559.94112,19396.3333333333,.,.
p36_utilitypv_class1_moderate_2,2035,993559.94112,19396.3333333333,.,.
p36_imports_base_base_1,2035,0,0,.,.
p37_naturalgas_1on1_combined_cycle_hframe_moderate_0,2035,1891998,40349.6666666667,.,.
p37_naturalgas_combustion_turbine_fframe_moderate_0,2035,1493580,26797.6666666667,.,.
p37_utilityscale_battery_storage_lithium_ion_advanced_0,2035,151293.433347,5162.33333333333,163061.593803,5039
p37_nuclear_nuclear__large_moderate_0,2035,7408516.361796,187577,.,.
p37_landbasedwind_class3_moderate_1,2035,1096586.444547,31648.6666666667,.,.
p37_landbasedwind_class3_moderate_2,2035,1096586.444547,31648.6666666667,.,.
p37_utilitypv_class1_moderate_1,2035,993559.94112,19396.3333333333,.,.
p37_utilitypv_class1_moderate_2,2035,993559.94112,19396.3333333333,.,.
p37_offshorewind_class3_moderate_fixed_1_1,2035,3108275.64528,84215.3333333333,.,.
p37_offshorewind_class3_moderate_fixed_1_2,2035,3108275.64528,84215.3333333333,.,.
p37_offshorewind_class3_moderate_fixed_0_1,2035,3108275.64528,84215.3333333333,.,.
p37_offshorewind_class3_moderate_fixed_0_2,2035,3108275.64528,84215.3333333333,.,.
p37_offshorewind_class12_moderate_floating_0_1,2035,5653783.43668,75447.5,.,.
p37_offshorewind_class12_moderate_floating_0_2,2035,5653783.43668,75447.5,.,.
p37_imports_base_base_1,2035,0,0,.,.
p38_naturalgas_1on1_combined_cycle_hframe_moderate_0,2035,1891998,40349.6666666667,.,.
p38_naturalgas_combustion_turbine_fframe_moderate_0,2035,1493580,26797.6666666667,.,.
p38_utilityscale_battery_storage_lithium_ion_advanced_0,2035,151293.433347,5162.33333333333,163061.593803,5039
p38_nuclear_nuclear__large_moderate_0,2035,7408516.361796,187577,.,.
p38_landbasedwind_class3_moderate_1,2035,1096586.444547,31648.6666666667,.,.
p38_landbasedwind_class3_moderate_2,2035,1096586.444547,31648.6666666667,.,.
p38_utilitypv_class1_moderate_1,2035,993559.94112,19396.3333333333,.,.
p38_utilitypv_class1_moderate_2,2035,993559.94112,19396.3333333333,.,.
p39_naturalgas_1on1_combined_cycle_hframe_moderate_0,2035,1891998,40349.6666666667,.,.
p39_naturalgas_combustion_turbine_fframe_moderate_0,2035,1493580,26797.6666666667,.,.
p39_utilityscale_battery_storage_lithium_ion_advanced_0,2035,151293.433347,5162.33333333333,163061.593803,5039
p39_nuclear_nuclear__large_moderate_0,2035,7408516.361796,187577,.,.
p39_landbasedwind_class3_moderate_1,2035,1096586.444547,31648.6666666667,.,.
p39_landbasedwind_class3_moderate_2,2035,1096586.444547,31648.6666666667,.,.
p39_utilitypv_class1_moderate_1,2035,993559.94112,19396.3333333333,.,.
p39_utilitypv_class1_moderate_2,2035,993559.94112,19396.3333333333,.,.
p40_naturalgas_1on1_combined_cycle_hframe_moderate_0,2035,1891998,40349.6666666667,.,.
p40_naturalgas_combustion_turbine_fframe_moderate_0,2035,1493580,26797.6666666667,.,.
p40_utilityscale_battery_storage_lithium_ion_advanced_0,2035,151293.433347,5162.33333333333,163061.593803,5039
p40_nuclear_nuclear__large_moderate_0,2035,7408516.361796,187577,.,.
p40_landbasedwind_class3_moderate_1,2035,1096586.444547,31648.6666666667,.,.
p40_landbasedwind_class3_moderate_2,2035,1096586.444547,31648.6666666667,.,.
p40_utilitypv_class1_moderate_1,2035,993559.94112,19396.3333333333,.,.
p40_utilitypv_class1_moderate_2,2035,993559.94112,19396.3333333333,.,.
p41_naturalgas_1on1_combined_cycle_hframe_moderate_0,2035,1891998,40349.6666666667,.,.
p41_naturalgas_combustion_turbine_fframe_moderate_0,2035,1493580,26797.6666666667,.,.
p41_utilityscale_battery_storage_lithium_ion_advanced_0,2035,151293.433347,5162.33333333333,163061.593803,5039
p41_nuclear_nuclear__large_moderate_0,2035,7408516.361796,187577,.,.
p41_landbasedwind_class3_moderate_1,2035,1096586.444547,31648.6666666667,.,.
p41_landbasedwind_class3_moderate_2,2035,1096586.444547,31648.6666666667,.,.
p41_utilitypv_class1_moderate_1,2035,993559.94112,19396.3333333333,.,.
p41_utilitypv_class1_moderate_2,2035,993559.94112,19396.3333333333,.,.
p42_naturalgas_1on1_combined_cycle_hframe_moderate_0,2035,2098098,40349.6666666667,.,.
p42_naturalgas_combustion_turbine_fframe_moderate_0,2035,1655786,26797.6666666667,.,.
p42_utilityscale_battery_storage_lithium_ion_advanced_0,2035,153021.603406,5162.33333333333,164924.187294,5039
p42_nuclear_nuclear__large_moderate_0,2035,7635148.191429,187577,.,.
p42_landbasedwind_class3_moderate_1,2035,1255322.065338,31648.6666666667,.,.
p42_landbasedwind_class3_moderate_2,2035,1255322.065338,31648.6666666667,.,.
p42_utilitypv_class1_moderate_1,2035,1021885.11488,19396.3333333333,.,.
p42_utilitypv_class1_moderate_2,2035,1021885.11488,19396.3333333333,.,.
p42_imports_base_base_1,2035,0,0,.,.
p43_naturalgas_1on1_combined_cycle_hframe_moderate_0,2035,2098098,40349.6666666667,.,.
p43_naturalgas_combustion_turbine_fframe_moderate_0,2035,1655786,26797.6666666667,.,.
p43_utilityscale_battery_storage_lithium_ion_advanced_0,2035,153021.603406,5162.33333333333,164924.187294,5039
p43_nuclear_nuclear__large_moderate_0,2035,7635148.191429,187577,.,.
p43_landbasedwind_class3_moderate_1,2035,1255322.065338,31648.6666666667,.,.
p43_landbasedwind_class3_moderate_2,2035,1255322.065338,31648.6666666667,.,.
p43_utilitypv_class1_moderate_1,2035,1021885.11488,19396.3333333333,.,.
p43_utilitypv_class1_moderate_2,2035,1021885.11488,19396.3333333333,.,.
p43_offshorewind_class3_moderate_fixed_1_1,2035,3253553.746092,84215.3333333333,.,.
p43_offshorewind_class3_moderate_fixed_1_2,2035,3253553.746092,84215.3333333333,.,.
p43_offshorewind_class3_moderate_fixed_0_1,2035,3253553.746092,84215.3333333333,.,.
p43_offshorewind_class3_moderate_fixed_0_2,2035,3253553.746092,84215.3333333333,.,.
p43_offshorewind_class12_moderate_floating_0_1,2035,5918036.358177,75447.5,.,.
p43_offshorewind_class12_moderate_floating_0_2,2035,5918036.358177,75447.5,.,.
p44_naturalgas_1on1_combined_cycle_hframe_moderate_0,2035,2098098,40349.6666666667,.,.
p44_naturalgas_combustion_turbine_fframe_moderate_0,2035,1655786,26797.6666666667,.,.
p44_utilityscale_battery_storage_lithium_ion_advanced_0,2035,153021.603406,5162.33333333333,164924.187294,5039
p44_nuclear_nuclear__large_moderate_0,2035,7635148.191429,187577,.,.
p44_landbasedwind_class3_moderate_1,2035,1255322.065338,31648.6666666667,.,.
p44_landbasedwind_class3_moderate_2,2035,1255322.065338,31648.6666666667,.,.
p44_utilitypv_class1_moderate_1,2035,1021885.11488,19396.3333333333,.,.
p44_utilitypv_class1_moderate_2,2035,1021885.11488,19396.3333333333,.,.
p45_naturalgas_1on1_combined_cycle_hframe_moderate_0,2035,1891998,40349.6666666667,.,.
p45_naturalgas_combustion_turbine_fframe_moderate_0,2035,1493580,26797.6666666667,.,.
p45_utilityscale_battery_storage_lithium_ion_advanced_0,2035,151293.433347,5162.33333333333,163061.593803,5039
p45_nuclear_nuclear__large_moderate_0,2035,7408516.361796,187577,.,.
p45_landbasedwind_class3_moderate_1,2035,1096586.444547,31648.6666666667,.,.
p45_landbasedwind_class3_moderate_2,2035,1096586.444547,31648.6666666667,.,.
p45_utilitypv_class1_moderate_1,2035,993559.94112,19396.3333333333,.,.
p45_utilitypv_class1_moderate_2,2035,993559.94112,19396.3333333333,.,.
p46_naturalgas_1on1_combined_cycle_hframe_moderate_0,2035,1891998,40349.6666666667,.,.
p46_naturalgas_combustion_turbine_fframe_moderate_0,2035,1493580,26797.6666666667,.,.
p46_utilityscale_battery_storage_lithium_ion_advanced_0,2035,151293.433347,5162.33333333333,163061.593803,5039
p46_nuclear_nuclear__large_moderate_0,2035,7408516.361796,187577,.,.
p46_landbasedwind_class3_moderate_1,2035,1096586.444547,31648.6666666667,.,.
p46_landbasedwind_class3_moderate_2,2035,1096586.444547,31648.6666666667,.,.
p46_utilitypv_class1_moderate_1,2035,993559.94112,19396.3333333333,.,.
p46_utilitypv_class1_moderate_2,2035,993559.94112,19396.3333333333,.,.
p47_naturalgas_1on1_combined_cycle_hframe_moderate_0,2035,1875510,40349.6666666667,.,.
p47_naturalgas_combustion_turbine_fframe_moderate_0,2035,1461460,26797.6666666667,.,.
p47_utilityscale_battery_storage_lithium_ion_advanced_0,2035,151450.539716,5162.33333333333,163230.920484,5039
p47_nuclear_nuclear__large_moderate_0,2035,7314737.673672,187577,.,.
p47_landbasedwind_class3_moderate_1,2035,1186876.430685,31648.6666666667,.,.
p47_landbasedwind_class3_moderate_2,2035,1186876.430685,31648.6666666667,.,.
p47_utilitypv_class1_moderate_1,2035,979397.35424,19396.3333333333,.,.
p47_utilitypv_class1_moderate_2,2035,979397.35424,19396.3333333333,.,.
p48_naturalgas_1on1_combined_cycle_hframe_moderate_0,2035,1875510,40349.6666666667,.,.
p48_naturalgas_combustion_turbine_fframe_moderate_0,2035,1461460,26797.6666666667,.,.
p48_utilityscale_battery_storage_lithium_ion_advanced_0,2035,151450.539716,5162.33333333333,163230.920484,5039
p48_nuclear_nuclear__large_moderate_0,2035,7314737.673672,187577,.,.
p48_landbasedwind_class3_moderate_1,2035,1186876.430685,31648.6666666667,.,.
p48_landbasedwind_class3_moderate_2,2035,1186876.430685,31648.6666666667,.,.
p48_utilitypv_class1_moderate_1,2035,979397.35424,19396.3333333333,.,.
p48_utilitypv_class1_moderate_2,2035,979397.35424,19396.3333333333,.,.
p49_naturalgas_1on1_combined_cycle_hframe_moderate_0,2035,1875510,40349.6666666667,.,.
p49_naturalgas_combustion_turbine_fframe_moderate_0,2035,1461460,26797.6666666667,.,.
p49_utilityscale_battery_storage_lithium_ion_advanced_0,2035,151450.539716,5162.33333333333,163230.920484,5039
p49_nuclear_nuclear__large_moderate_0,2035,7314737.673672,187577,.,.
p49_landbasedwind_class3_moderate_1,2035,1186876.430685,31648.6666666667,.,.
p49_landbasedwind_class3_moderate_2,2035,1186876.430685,31648.6666666667,.,.
p49_utilitypv_class1_moderate_1,2035,979397.35424,19396.3333333333,.,.
p49_utilitypv_class1_moderate_2,2035,979397.35424,19396.3333333333,.,.
p50_naturalgas_1on1_combined_cycle_hframe_moderate_0,2035,1875510,40349.6666666667,.,.
p50_naturalgas_combustion_turbine_fframe_moderate_0,2035,1461460,26797.6666666667,.,.
p50_utilityscale_battery_storage_lithium_ion_advanced_0,2035,151450.539716,5162.33333333333,163230.920484,5039
p50_nuclear_nuclear__large_moderate_0,2035,7314737.673672,187577,.,.
p50_landbasedwind_class3_moderate_1,2035,1186876.430685,31648.6666666667,.,.
p50_landbasedwind_class3_moderate_2,2035,1186876.430685,31648.6666666667,.,.
p50_utilitypv_class1_moderate_1,2035,979397.35424,19396.3333333333,.,.
p50_utilitypv_class1_moderate_2,2035,979397.35424,19396.3333333333,.,.
p51_naturalgas_1on1_combined_cycle_hframe_moderate_0,2035,1875510,40349.6666666667,.,.
p51_naturalgas_combustion_turbine_fframe_moderate_0,2035,1461460,26797.6666666667,.,.
p51_utilityscale_battery_storage_lithium_ion_advanced_0,2035,151450.539716,5162.33333333333,163230.920484,5039
p51_nuclear_nuclear__large_moderate_0,2035,7314737.673672,187577,.,.
p51_landbasedwind_class3_moderate_1,2035,1186876.430685,31648.6666666667,.,.
p51_landbasedwind_class3_moderate_2,2035,1186876.430685,31648.6666666667,.,.
p51_utilitypv_class1_moderate_1,2035,979397.35424,19396.3333333333,.,.
p51_utilitypv_class1_moderate_2,2035,979397.35424,19396.3333333333,.,.
p52_naturalgas_1on1_combined_cycle_hframe_moderate_0,2035,1990926,40349.6666666667,.,.
p52_naturalgas_combustion_turbine_fframe_moderate_0,2035,1551396,26797.6666666667,.,.
p52_utilityscale_battery_storage_lithium_ion_advanced_0,2035,153964.24162,5162.33333333333,165940.14738,5039
p52_nuclear_nuclear__large_moderate_0,2035,7666407.754137,187577,.,.
p52_landbasedwind_class3_moderate_1,2035,1239302.874249,31648.6666666667,.,.
p52_landbasedwind_class3_moderate_2,2035,1239302.874249,31648.6666666667,.,.
p52_utilitypv_class1_moderate_1,2035,1009901.38752,19396.3333333333,.,.
p52_utilitypv_class1_moderate_2,2035,1009901.38752,19396.3333333333,.,.
p53_naturalgas_1on1_combined_cycle_hframe_moderate_0,2035,1990926,40349.6666666667,.,.
p53_naturalgas_combustion_turbine_fframe_moderate_0,2035,1551396,26797.6666666667,.,.
p53_utilityscale_battery_storage_lithium_ion_advanced_0,2035,153964.24162,5162.33333333333,165940.14738,5039
p53_nuclear_nuclear__large_moderate_0,2035,7666407.754137,187577,.,.
p53_landbasedwind_class3_moderate_1,2035,1239302.874249,31648.6666666667,.,.
p53_landbasedwind_class3_moderate_2,2035,1239302.874249,31648.6666666667,.,.
p53_utilitypv_class1_moderate_1,2035,1009901.38752,19396.3333333333,.,.
p53_utilitypv_class1_moderate_2,2035,1009901.38752,19396.3333333333,.,.
p54_naturalgas_1on1_combined_cycle_hframe_moderate_0,2035,1990926,40349.6666666667,.,.
p54_naturalgas_combustion_turbine_fframe_moderate_0,2035,1551396,26797.6666666667,.,.
p54_utilityscale_battery_storage_lithium_ion_advanced_0,2035,153964.24162,5162.33333333333,165940.14738,5039
p54_nuclear_nuclear__large_moderate_0,2035,7666407.754137,187577,.,.
p54_landbasedwind_class3_moderate_1,2035,1239302.874249,31648.6666666667,.,.
p54_landbasedwind_class3_moderate_2,2035,1239302.874249,31648.6666666667,.,.
p54_utilitypv_class1_moderate_1,2035,1009901.38752,19396.3333333333,.,.
p54_utilitypv_class1_moderate_2,2035,1009901.38752,19396.3333333333,.,.
p55_naturalgas_1on1_combined_cycle_hframe_moderate_0,2035,1990926,40349.6666666667,.,.
p55_naturalgas_combustion_turbine_fframe_moderate_0,2035,1551396,26797.6666666667,.,.
p55_utilityscale_battery_storage_lithium_ion_advanced_0,2035,153964.24162,5162.33333333333,165940.14738,5039
p55_nuclear_nuclear__large_moderate_0,2035,7666407.754137,187577,.,.
p55_landbasedwind_class3_moderate_1,2035,1239302.874249,31648.6666666667,.,.
p55_landbasedwind_class3_moderate_2,2035,1239302.874249,31648.6666666667,.,.
p55_utilitypv_class1_moderate_1,2035,1009901.38752,19396.3333333333,.,.
p55_utilitypv_class1_moderate_2,2035,1009901.38752,19396.3333333333,.,.
p56_naturalgas_1on1_combined_cycle_hframe_moderate_0,2035,1875510,40349.6666666667,.,.
p56_naturalgas_combustion_turbine_fframe_moderate_0,2035,1461460,26797.6666666667,.,.
p56_utilityscale_battery_storage_lithium_ion_advanced_0,2035,151450.539716,5162.33333333333,163230.920484,5039
p56_nuclear_nuclear__large_moderate_0,2035,7314737.673672,187577,.,.
p56_landbasedwind_class3_moderate_1,2035,1186876.430685,31648.6666666667,.,.
p56_landbasedwind_class3_moderate_2,2035,1186876.430685,31648.6666666667,.,.
p56_utilitypv_class1_moderate_1,2035,979397.35424,19396.3333333333,.,.
p56_utilitypv_class1_moderate_2,2035,979397.35424,19396.3333333333,.,.
p57_naturalgas_1on1_combined_cycle_hframe_moderate_0,2035,1875510,40349.6666666667,.,.
p57_naturalgas_combustion_turbine_fframe_moderate_0,2035,1461460,26797.6666666667,.,.
p57_utilityscale_battery_storage_lithium_ion_advanced_0,2035,151450.539716,5162.33333333333,163230.920484,5039
p57_nuclear_nuclear__large_moderate_0,2035,7314737.673672,187577,.,.
p57_landbasedwind_class3_moderate_1,2035,1186876.430685,31648.6666666667,.,.
p57_landbasedwind_class3_moderate_2,2035,1186876.430685,31648.6666666667,.,.
p57_utilitypv_class1_moderate_1,2035,979397.35424,19396.3333333333,.,.
p57_utilitypv_class1_moderate_2,2035,979397.35424,19396.3333333333,.,.
p58_naturalgas_1on1_combined_cycle_hframe_moderate_0,2035,1937340,40349.6666666667,.,.
p58_naturalgas_combustion_turbine_fframe_moderate_0,2035,1504822,26797.6666666667,.,.
p58_utilityscale_battery_storage_lithium_ion_advanced_0,2035,158049.007214,5162.33333333333,170342.641086,5039
p58_nuclear_nuclear__large_moderate_0,2035,7893039.58377,187577,.,.
p58_landbasedwind_class3_moderate_1,2035,1124255.956428,31648.6666666667,.,.
p58_landbasedwind_class3_moderate_2,2035,1124255.956428,31648.6666666667,.,.
p58_utilitypv_class1_moderate_1,2035,992470.51136,19396.3333333333,.,.
p58_utilitypv_class1_moderate_2,2035,992470.51136,19396.3333333333,.,.
p58_offshorewind_class3_moderate_fixed_1_1,2035,3223146.701736,84215.3333333333,.,.
p58_offshorewind_class3_moderate_fixed_1_2,2035,3223146.701736,84215.3333333333,.,.
p58_offshorewind_class3_moderate_fixed_0_1,2035,3223146.701736,84215.3333333333,.,.
p58_offshorewind_class3_moderate_fixed_0_2,2035,3223146.701736,84215.3333333333,.,.
p58_offshorewind_class12_moderate_floating_0_1,2035,5862727.607166,75447.5,.,.
p58_offshorewind_class12_moderate_floating_0_2,2035,5862727.607166,75447.5,.,.
p59_naturalgas_1on1_combined_cycle_hframe_moderate_0,2035,1780704,40349.6666666667,.,.
p59_naturalgas_combustion_turbine_fframe_moderate_0,2035,1369918,26797.6666666667,.,.
p59_utilityscale_battery_storage_lithium_ion_advanced_0,2035,155063.986203,5162.33333333333,167125.434147,5039
p59_nuclear_nuclear__large_moderate_0,2035,7807075.786323,187577,.,.
p59_landbasedwind_class3_moderate_1,2035,1405319.945535,31648.6666666667,.,.
p59_landbasedwind_class3_moderate_2,2035,1405319.945535,31648.6666666667,.,.
p59_utilitypv_class1_moderate_1,2035,1109039.49568,19396.3333333333,.,.
p59_utilitypv_class1_moderate_2,2035,1109039.49568,19396.3333333333,.,.
p60_naturalgas_1on1_combined_cycle_hframe_moderate_0,2035,1832229,40349.6666666667,.,.
p60_naturalgas_combustion_turbine_fframe_moderate_0,2035,1411674,26797.6666666667,.,.
p60_utilityscale_battery_storage_lithium_ion_advanced_0,2035,151136.326978,5162.33333333333,162892.267122,5039
p60_nuclear_nuclear__large_moderate_0,2035,7197514.313517,187577,.,.
p60_landbasedwind_class3_moderate_1,2035,1159206.918804,31648.6666666667,.,.
p60_landbasedwind_class3_moderate_2,2035,1159206.918804,31648.6666666667,.,.
p60_utilitypv_class1_moderate_1,2035,961966.47808,19396.3333333333,.,.
p60_utilitypv_class1_moderate_2,2035,961966.47808,19396.3333333333,.,.
p61_naturalgas_1on1_combined_cycle_hframe_moderate_0,2035,1832229,40349.6666666667,.,.
p61_naturalgas_combustion_turbine_fframe_moderate_0,2035,1411674,26797.6666666667,.,.
p61_utilityscale_battery_storage_lithium_ion_advanced_0,2035,151136.326978,5162.33333333333,162892.267122,5039
p61_nuclear_nuclear__large_moderate_0,2035,7197514.313517,187577,.,.
p61_landbasedwind_class3_moderate_1,2035,1159206.918804,31648.6666666667,.,.
p61_landbasedwind_class3_moderate_2,2035,1159206.918804,31648.6666666667,.,.
p61_utilitypv_class1_moderate_1,2035,961966.47808,19396.3333333333,.,.
p61_utilitypv_class1_moderate_2,2035,961966.47808,19396.3333333333,.,.
p62_naturalgas_1on1_combined_cycle_hframe_moderate_0,2035,1832229,40349.6666666667,.,.
p62_naturalgas_combustion_turbine_fframe_moderate_0,2035,1411674,26797.6666666667,.,.
p62_utilityscale_battery_storage_lithium_ion_advanced_0,2035,151136.326978,5162.33333333333,162892.267122,5039
p62_nuclear_nuclear__large_moderate_0,2035,7197514.313517,187577,.,.
p62_landbasedwind_class3_moderate_1,2035,1159206.918804,31648.6666666667,.,.
p62_landbasedwind_class3_moderate_2,2035,1159206.918804,31648.6666666667,.,.
p62_utilitypv_class1_moderate_1,2035,961966.47808,19396.3333333333,.,.
p62_utilitypv_class1_moderate_2,2035,961966.47808,19396.3333333333,.,.
p63_naturalgas_1on1_combined_cycle_hframe_moderate_0,2035,1832229,40349.6666666667,.,.
p63_naturalgas_combustion_turbine_fframe_moderate_0,2035,1411674,26797.6666666667,.,.
p63_utilityscale_battery_storage_lithium_ion_advanced_0,2035,151136.326978,5162.33333333333,162892.267122,5039
p63_nuclear_nuclear__large_moderate_0,2035,7197514.313517,187577,.,.
p63_landbasedwind_class3_moderate_1,2035,1159206.918804,31648.6666666667,.,.
p63_landbasedwind_class3_moderate_2,2035,1159206.918804,31648.6666666667,.,.
p63_utilitypv_class1_moderate_1,2035,961966.47808,19396.3333333333,.,.
p63_utilitypv_class1_moderate_2,2035,961966.47808,19396.3333333333,.,.
p64_naturalgas_1on1_combined_cycle_hframe_moderate_0,2035,1832229,40349.6666666667,.,.
p64_naturalgas_combustion_turbine_fframe_moderate_0,2035,1411674,26797.6666666667,.,.
p64_utilityscale_battery_storage_lithium_ion_advanced_0,2035,151136.326978,5162.33333333333,162892.267122,5039
p64_nuclear_nuclear__large_moderate_0,2035,7197514.313517,187577,.,.
p64_landbasedwind_class3_moderate_1,2035,1159206.918804,31648.6666666667,.,.
p64_landbasedwind_class3_moderate_2,2035,1159206.918804,31648.6666666667,.,.
p64_utilitypv_class1_moderate_1,2035,961966.47808,19396.3333333333,.,.
p64_utilitypv_class1_moderate_2,2035,961966.47808,19396.3333333333,.,.
p64_offshorewind_class3_moderate_fixed_1_1,2035,2942726.181564,84215.3333333333,.,.
p64_offshorewind_class3_moderate_fixed_1_2,2035,2942726.181564,84215.3333333333,.,.
p64_offshorewind_class3_moderate_fixed_0_1,2035,2942726.181564,84215.3333333333,.,.
p64_offshorewind_class3_moderate_fixed_0_2,2035,2942726.181564,84215.3333333333,.,.
p64_offshorewind_class12_moderate_floating_0_1,2035,5352658.014509,75447.5,.,.
p64_offshorewind_class12_moderate_floating_0_2,2035,5352658.014509,75447.5,.,.
p65_naturalgas_1on1_combined_cycle_hframe_moderate_0,2035,1832229,40349.6666666667,.,.
p65_naturalgas_combustion_turbine_fframe_moderate_0,2035,1411674,26797.6666666667,.,.
p65_utilityscale_battery_storage_lithium_ion_advanced_0,2035,151136.326978,5162.33333333333,162892.267122,5039
p65_nuclear_nuclear__large_moderate_0,2035,7197514.313517,187577,.,.
p65_landbasedwind_class3_moderate_1,2035,1159206.918804,31648.6666666667,.,.
p65_landbasedwind_class3_moderate_2,2035,1159206.918804,31648.6666666667,.,.
p65_utilitypv_class1_moderate_1,2035,961966.47808,19396.3333333333,.,.
p65_utilitypv_class1_moderate_2,2035,961966.47808,19396.3333333333,.,.
p65_offshorewind_class3_moderate_fixed_1_1,2035,2942726.181564,84215.3333333333,.,.
p65_offshorewind_class3_moderate_fixed_1_2,2035,2942726.181564,84215.3333333333,.,.
p65_offshorewind_class3_moderate_fixed_0_1,2035,2942726.181564,84215.3333333333,.,.
p65_offshorewind_class3_moderate_fixed_0_2,2035,2942726.181564,84215.3333333333,.,.
p65_offshorewind_class12_moderate_floating_0_1,2035,5352658.014509,75447.5,.,.
p65_offshorewind_class12_moderate_floating_0_2,2035,5352658.014509,75447.5,.,.
p65_imports_base_base_1,2035,0,0,.,.
p66_naturalgas_1on1_combined_cycle_hframe_moderate_0,2035,1937340,40349.6666666667,.,.
p66_naturalgas_combustion_turbine_fframe_moderate_0,2035,1504822,26797.6666666667,.,.
p66_utilityscale_battery_storage_lithium_ion_advanced_0,2035,158049.007214,5162.33333333333,170342.641086,5039
p66_nuclear_nuclear__large_moderate_0,2035,7893039.58377,187577,.,.
p66_landbasedwind_class3_moderate_1,2035,1124255.956428,31648.6666666667,.,.
p66_landbasedwind_class3_moderate_2,2035,1124255.956428,31648.6666666667,.,.
p66_utilitypv_class1_moderate_1,2035,992470.51136,19396.3333333333,.,.
p66_utilitypv_class1_moderate_2,2035,992470.51136,19396.3333333333,.,.
p66_offshorewind_class3_moderate_fixed_1_1,2035,3223146.701736,84215.3333333333,.,.
p66_offshorewind_class3_moderate_fixed_1_2,2035,3223146.701736,84215.3333333333,.,.
p66_offshorewind_class3_moderate_fixed_0_1,2035,3223146.701736,84215.3333333333,.,.
p66_offshorewind_class3_moderate_fixed_0_2,2035,3223146.701736,84215.3333333333,.,.
p66_offshorewind_class12_moderate_floating_0_1,2035,5862727.607166,75447.5,.,.
p66_offshorewind_class12_moderate_floating_0_2,2035,5862727.607166,75447.5,.,.
p67_naturalgas_1on1_combined_cycle_hframe_moderate_0,2035,1832229,40349.6666666667,.,.
p67_naturalgas_combustion_turbine_fframe_moderate_0,2035,1411674,26797.6666666667,.,.
p67_utilityscale_battery_storage_lithium_ion_advanced_0,2035,151136.326978,5162.33333333333,162892.267122,5039
p67_nuclear_nuclear__large_moderate_0,2035,7197514.313517,187577,.,.
p67_landbasedwind_class3_moderate_1,2035,1159206.918804,31648.6666666667,.,.
p67_landbasedwind_class3_moderate_2,2035,1159206.918804,31648.6666666667,.,.
p67_utilitypv_class1_moderate_1,2035,961966.47808,19396.3333333333,.,.
p67_utilitypv_class1_moderate_2,2035,961966.47808,19396.3333333333,.,.
p67_offshorewind_class3_moderate_fixed_1_1,2035,2942726.181564,84215.3333333333,.,.
p67_offshorewind_class3_moderate_fixed_1_2,2035,2942726.181564,84215.3333333333,.,.
p67_offshorewind_class3_moderate_fixed_0_1,2035,2942726.181564,84215.3333333333,.,.
p67_offshorewind_class3_moderate_fixed_0_2,2035,2942726.181564,84215.3333333333,.,.
p67_offshorewind_class12_moderate_floating_0_1,2035,5352658.014509,75447.5,.,.
p67_offshorewind_class12_moderate_floating_0_2,2035,5352658.014509,75447.5,.,.
p68_naturalgas_1on1_combined_cycle_hframe_moderate_0,2035,2098098,40349.6666666667,.,.
p68_naturalgas_combustion_turbine_fframe_moderate_0,2035,1655786,26797.6666666667,.,.
p68_utilityscale_battery_storage_lithium_ion_advanced_0,2035,153021.603406,5162.33333333333,164924.187294,5039
p68_nuclear_nuclear__large_moderate_0,2035,7635148.191429,187577,.,.
p68_landbasedwind_class3_moderate_1,2035,1255322.065338,31648.6666666667,.,.
p68_landbasedwind_class3_moderate_2,2035,1255322.065338,31648.6666666667,.,.
p68_utilitypv_class1_moderate_1,2035,1021885.11488,19396.3333333333,.,.
p68_utilitypv_class1_moderate_2,2035,1021885.11488,19396.3333333333,.,.
p69_naturalgas_1on1_combined_cycle_hframe_moderate_0,2035,2098098,40349.6666666667,.,.
p69_naturalgas_combustion_turbine_fframe_moderate_0,2035,1655786,26797.6666666667,.,.
p69_utilityscale_battery_storage_lithium_ion_advanced_0,2035,153021.603406,5162.33333333333,164924.187294,5039
p69_nuclear_nuclear__large_moderate_0,2035,7635148.191429,187577,.,.
p69_landbasedwind_class3_moderate_1,2035,1255322.065338,31648.6666666667,.,.
p69_landbasedwind_class3_moderate_2,2035,1255322.065338,31648.6666666667,.,.
p69_utilitypv_class1_moderate_1,2035,1021885.11488,19396.3333333333,.,.
p69_utilitypv_class1_moderate_2,2035,1021885.11488,19396.3333333333,.,.
p70_naturalgas_1on1_combined_cycle_hframe_moderate_0,2035,2098098,40349.6666666667,.,.
p70_naturalgas_combustion_turbine_fframe_moderate_0,2035,1655786,26797.6666666667,.,.
p70_utilityscale_battery_storage_lithium_ion_advanced_0,2035,153021.603406,5162.33333333333,164924.187294,5039
p70_nuclear_nuclear__large_moderate_0,2035,7635148.191429,187577,.,.
p70_landbasedwind_class3_moderate_1,2035,1255322.065338,31648.6666666667,.,.
p70_landbasedwind_class3_moderate_2,2035,1255322.065338,31648.6666666667,.,.
p70_utilitypv_class1_moderate_1,2035,1021885.11488,19396.3333333333,.,.
p70_utilitypv_class1_moderate_2,2035,1021885.11488,19396.3333333333,.,.
p71_naturalgas_1on1_combined_cycle_hframe_moderate_0,2035,2071305,40349.6666666667,.,.
p71_naturalgas_combustion_turbine_fframe_moderate_0,2035,1623666,26797.6666666667,.,.
p71_utilityscale_battery_storage_lithium_ion_advanced_0,2035,160091.390011,5162.33333333333,172543.887939,5039
p71_nuclear_nuclear__large_moderate_0,2035,8213450.101527,187577,.,.
p71_landbasedwind_class3_moderate_1,2035,1181051.270289,31648.6666666667,.,.
p71_landbasedwind_class3_moderate_2,2035,1181051.270289,31648.6666666667,.,.
p71_utilitypv_class1_moderate_1,2035,1025153.40416,19396.3333333333,.,.
p71_utilitypv_class1_moderate_2,2035,1025153.40416,19396.3333333333,.,.
p72_naturalgas_1on1_combined_cycle_hframe_moderate_0,2035,2071305,40349.6666666667,.,.
p72_naturalgas_combustion_turbine_fframe_moderate_0,2035,1623666,26797.6666666667,.,.
p72_utilityscale_battery_storage_lithium_ion_advanced_0,2035,160091.390011,5162.33333333333,172543.887939,5039
p72_nuclear_nuclear__large_moderate_0,2035,8213450.101527,187577,.,.
p72_landbasedwind_class3_moderate_1,2035,1181051.270289,31648.6666666667,.,.
p72_landbasedwind_class3_moderate_2,2035,1181051.270289,31648.6666666667,.,.
p72_utilitypv_class1_moderate_1,2035,1025153.40416,19396.3333333333,.,.
p72_utilitypv_class1_moderate_2,2035,1025153.40416,19396.3333333333,.,.
p73_naturalgas_1on1_combined_cycle_hframe_moderate_0,2035,2071305,40349.6666666667,.,.
p73_naturalgas_combustion_turbine_fframe_moderate_0,2035,1623666,26797.6666666667,.,.
p73_utilityscale_battery_storage_lithium_ion_advanced_0,2035,160091.390011,5162.33333333333,172543.887939,5039
p73_nuclear_nuclear__large_moderate_0,2035,8213450.101527,187577,.,.
p73_landbasedwind_class3_moderate_1,2035,1181051.270289,31648.6666666667,.,.
p73_landbasedwind_class3_moderate_2,2035,1181051.270289,31648.6666666667,.,.
p73_utilitypv_class1_moderate_1,2035,1025153.40416,19396.3333333333,.,.
p73_utilitypv_class1_moderate_2,2035,1025153.40416,19396.3333333333,.,.
p74_naturalgas_1on1_combined_cycle_hframe_moderate_0,2035,2098098,40349.6666666667,.,.
p74_naturalgas_combustion_turbine_fframe_moderate_0,2035,1655786,26797.6666666667,.,.
p74_utilityscale_battery_storage_lithium_ion_advanced_0,2035,153021.603406,5162.33333333333,164924.187294,5039
p74_nuclear_nuclear__large_moderate_0,2035,7635148.191429,187577,.,.
p74_landbasedwind_class3_moderate_1,2035,1255322.065338,31648.6666666667,.,.
p74_landbasedwind_class3_moderate_2,2035,1255322.065338,31648.6666666667,.,.
p74_utilitypv_class1_moderate_1,2035,1021885.11488,19396.3333333333,.,.
p74_utilitypv_class1_moderate_2,2035,1021885.11488,19396.3333333333,.,.
p74_offshorewind_class3_moderate_fixed_1_1,2035,3253553.746092,84215.3333333333,.,.
p74_offshorewind_class3_moderate_fixed_1_2,2035,3253553.746092,84215.3333333333,.,.
p74_offshorewind_class3_moderate_fixed_0_1,2035,3253553.746092,84215.3333333333,.,.
p74_offshorewind_class3_moderate_fixed_0_2,2035,3253553.746092,84215.3333333333,.,.
p74_offshorewind_class12_moderate_floating_0_1,2035,5918036.358177,75447.5,.,.
p74_offshorewind_class12_moderate_floating_0_2,2035,5918036.358177,75447.5,.,.
p75_naturalgas_1on1_combined_cycle_hframe_moderate_0,2035,2098098,40349.6666666667,.,.
p75_naturalgas_combustion_turbine_fframe_moderate_0,2035,1655786,26797.6666666667,.,.
p75_utilityscale_battery_storage_lithium_ion_advanced_0,2035,153021.603406,5162.33333333333,164924.187294,5039
p75_nuclear_nuclear__large_moderate_0,2035,7635148.191429,187577,.,.
p75_landbasedwind_class3_moderate_1,2035,1255322.065338,31648.6666666667,.,.
p75_landbasedwind_class3_moderate_2,2035,1255322.065338,31648.6666666667,.,.
p75_utilitypv_class1_moderate_1,2035,1021885.11488,19396.3333333333,.,.
p75_utilitypv_class1_moderate_2,2035,1021885.11488,19396.3333333333,.,.
p75_offshorewind_class3_moderate_fixed_1_1,2035,3253553.746092,84215.3333333333,.,.
p75_offshorewind_class3_moderate_fixed_1_2,2035,3253553.746092,84215.3333333333,.,.
p75_offshorewind_class3_moderate_fixed_0_1,2035,3253553.746092,84215.3333333333,.,.
p75_offshorewind_class3_moderate_fixed_0_2,2035,3253553.746092,84215.3333333333,.,.
p75_offshorewind_class12_moderate_floating_0_1,2035,5918036.358177,75447.5,.,.
p75_offshorewind_class12_moderate_floating_0_2,2035,5918036.358177,75447.5,.,.
p76_naturalgas_1on1_combined_cycle_hframe_moderate_0,2035,2098098,40349.6666666667,.,.
p76_naturalgas_combustion_turbine_fframe_moderate_0,2035,1655786,26797.6666666667,.,.
p76_utilityscale_battery_storage_lithium_ion_advanced_0,2035,153021.603406,5162.33333333333,164924.187294,5039
p76_nuclear_nuclear__large_moderate_0,2035,7635148.191429,187577,.,.
p76_landbasedwind_class3_moderate_1,2035,1255322.065338,31648.6666666667,.,.
p76_landbasedwind_class3_moderate_2,2035,1255322.065338,31648.6666666667,.,.
p76_utilitypv_class1_moderate_1,2035,1021885.11488,19396.3333333333,.,.
p76_utilitypv_class1_moderate_2,2035,1021885.11488,19396.3333333333,.,.
p76_offshorewind_class3_moderate_fixed_1_1,2035,3253553.746092,84215.3333333333,.,.
p76_offshorewind_class3_moderate_fixed_1_2,2035,3253553.746092,84215.3333333333,.,.
p76_offshorewind_class3_moderate_fixed_0_1,2035,3253553.746092,84215.3333333333,.,.
p76_offshorewind_class3_moderate_fixed_0_2,2035,3253553.746092,84215.3333333333,.,.
p76_offshorewind_class12_moderate_floating_0_1,2035,5918036.358177,75447.5,.,.
p76_offshorewind_class12_moderate_floating_0_2,2035,5918036.358177,75447.5,.,.
p77_naturalgas_1on1_combined_cycle_hframe_moderate_0,2035,2098098,40349.6666666667,.,.
p77_naturalgas_combustion_turbine_fframe_moderate_0,2035,1655786,26797.6666666667,.,.
p77_utilityscale_battery_storage_lithium_ion_advanced_0,2035,153021.603406,5162.33333333333,164924.187294,5039
p77_nuclear_nuclear__large_moderate_0,2035,7635148.191429,187577,.,.
p77_landbasedwind_class3_moderate_1,2035,1255322.065338,31648.6666666667,.,.
p77_landbasedwind_class3_moderate_2,2035,1255322.065338,31648.6666666667,.,.
p77_utilitypv_class1_moderate_1,2035,1021885.11488,19396.3333333333,.,.
p77_utilitypv_class1_moderate_2,2035,1021885.11488,19396.3333333333,.,.
p78_naturalgas_1on1_combined_cycle_hframe_moderate_0,2035,2098098,40349.6666666667,.,.
p78_naturalgas_combustion_turbine_fframe_moderate_0,2035,1655786,26797.6666666667,.,.
p78_utilityscale_battery_storage_lithium_ion_advanced_0,2035,153021.603406,5162.33333333333,164924.187294,5039
p78_nuclear_nuclear__large_moderate_0,2035,7635148.191429,187577,.,.
p78_landbasedwind_class3_moderate_1,2035,1255322.065338,31648.6666666667,.,.
p78_landbasedwind_class3_moderate_2,2035,1255322.065338,31648.6666666667,.,.
p78_utilitypv_class1_moderate_1,2035,1021885.11488,19396.3333333333,.,.
p78_utilitypv_class1_moderate_2,2035,1021885.11488,19396.3333333333,.,.
p79_naturalgas_1on1_combined_cycle_hframe_moderate_0,2035,2098098,40349.6666666667,.,.
p79_naturalgas_combustion_turbine_fframe_moderate_0,2035,1655786,26797.6666666667,.,.
p79_utilityscale_battery_storage_lithium_ion_advanced_0,2035,153021.603406,5162.33333333333,164924.187294,5039
p79_nuclear_nuclear__large_moderate_0,2035,7635148.191429,187577,.,.
p79_landbasedwind_class3_moderate_1,2035,1255322.065338,31648.6666666667,.,.
p79_landbasedwind_class3_moderate_2,2035,1255322.065338,31648.6666666667,.,.
p79_utilitypv_class1_moderate_1,2035,1021885.11488,19396.3333333333,.,.
p79_utilitypv_class1_moderate_2,2035,1021885.11488,19396.3333333333,.,.
p79_offshorewind_class3_moderate_fixed_1_1,2035,3253553.746092,84215.3333333333,.,.
p79_offshorewind_class3_moderate_fixed_1_2,2035,3253553.746092,84215.3333333333,.,.
p79_offshorewind_class3_moderate_fixed_0_1,2035,3253553.746092,84215.3333333333,.,.
p79_offshorewind_class3_moderate_fixed_0_2,2035,3253553.746092,84215.3333333333,.,.
p79_offshorewind_class12_moderate_floating_0_1,2035,5918036.358177,75447.5,.,.
p79_offshorewind_class12_moderate_floating_0_2,2035,5918036.358177,75447.5,.,.
p80_naturalgas_1on1_combined_cycle_hframe_moderate_0,2035,2477322,40349.6666666667,.,.
p80_naturalgas_combustion_turbine_fframe_moderate_0,2035,1923988,26797.6666666667,.,.
p80_utilityscale_battery_storage_lithium_ion_advanced_0,2035,163704.836498,5162.33333333333,176438.401602,5039
p80_nuclear_nuclear__large_moderate_0,2035,8963679.606519,187577,.,.
p80_landbasedwind_class3_moderate_1,2035,1677646.194048,31648.6666666667,.,.
p80_landbasedwind_class3_moderate_2,2035,1677646.194048,31648.6666666667,.,.
p80_utilitypv_class1_moderate_1,2035,1134096.38016,19396.3333333333,.,.
p80_utilitypv_class1_moderate_2,2035,1134096.38016,19396.3333333333,.,.
p80_offshorewind_class3_moderate_fixed_1_1,2035,3689388.048528,84215.3333333333,.,.
p80_offshorewind_class3_moderate_fixed_1_2,2035,3689388.048528,84215.3333333333,.,.
p80_offshorewind_class3_moderate_fixed_0_1,2035,3689388.048528,84215.3333333333,.,.
p80_offshorewind_class3_moderate_fixed_0_2,2035,3689388.048528,84215.3333333333,.,.
p80_offshorewind_class12_moderate_floating_0_1,2035,6710795.122668,75447.5,.,.
p80_offshorewind_class12_moderate_floating_0_2,2035,6710795.122668,75447.5,.,.
p81_naturalgas_1on1_combined_cycle_hframe_moderate_0,2035,2071305,40349.6666666667,.,.
p81_naturalgas_combustion_turbine_fframe_moderate_0,2035,1623666,26797.6666666667,.,.
p81_utilityscale_battery_storage_lithium_ion_advanced_0,2035,160091.390011,5162.33333333333,172543.887939,5039
p81_nuclear_nuclear__large_moderate_0,2035,8213450.101527,187577,.,.
p81_landbasedwind_class3_moderate_1,2035,1181051.270289,31648.6666666667,.,.
p81_landbasedwind_class3_moderate_2,2035,1181051.270289,31648.6666666667,.,.
p81_utilitypv_class1_moderate_1,2035,1025153.40416,19396.3333333333,.,.
p81_utilitypv_class1_moderate_2,2035,1025153.40416,19396.3333333333,.,.
p82_naturalgas_1on1_combined_cycle_hframe_moderate_0,2035,2071305,40349.6666666667,.,.
p82_naturalgas_combustion_turbine_fframe_moderate_0,2035,1623666,26797.6666666667,.,.
p82_utilityscale_battery_storage_lithium_ion_advanced_0,2035,160091.390011,5162.33333333333,172543.887939,5039
p82_nuclear_nuclear__large_moderate_0,2035,8213450.101527,187577,.,.
p82_landbasedwind_class3_moderate_1,2035,1181051.270289,31648.6666666667,.,.
p82_landbasedwind_class3_moderate_2,2035,1181051.270289,31648.6666666667,.,.
p82_utilitypv_class1_moderate_1,2035,1025153.40416,19396.3333333333,.,.
p82_utilitypv_class1_moderate_2,2035,1025153.40416,19396.3333333333,.,.
p83_naturalgas_1on1_combined_cycle_hframe_moderate_0,2035,2071305,40349.6666666667,.,.
p83_naturalgas_combustion_turbine_fframe_moderate_0,2035,1623666,26797.6666666667,.,.
p83_utilityscale_battery_storage_lithium_ion_advanced_0,2035,160091.390011,5162.33333333333,172543.887939,5039
p83_nuclear_nuclear__large_moderate_0,2035,8213450.101527,187577,.,.
p83_landbasedwind_class3_moderate_1,2035,1181051.270289,31648.6666666667,.,.
p83_landbasedwind_class3_moderate_2,2035,1181051.270289,31648.6666666667,.,.
p83_utilitypv_class1_moderate_1,2035,1025153.40416,19396.3333333333,.,.
p83_utilitypv_class1_moderate_2,2035,1025153.40416,19396.3333333333,.,.
p84_naturalgas_1on1_combined_cycle_hframe_moderate_0,2035,2071305,40349.6666666667,.,.
p84_naturalgas_combustion_turbine_fframe_moderate_0,2035,1623666,26797.6666666667,.,.
p84_utilityscale_battery_storage_lithium_ion_advanced_0,2035,160091.390011,5162.33333333333,172543.887939,5039
p84_nuclear_nuclear__large_moderate_0,2035,8213450.101527,187577,.,.
p84_landbasedwind_class3_moderate_1,2035,1181051.270289,31648.6666666667,.,.
p84_landbasedwind_class3_moderate_2,2035,1181051.270289,31648.6666666667,.,.
p84_utilitypv_class1_moderate_1,2035,1025153.40416,19396.3333333333,.,.
p84_utilitypv_class1_moderate_2,2035,1025153.40416,19396.3333333333,.,.
p85_naturalgas_1on1_combined_cycle_hframe_moderate_0,2035,1937340,40349.6666666667,.,.
p85_naturalgas_combustion_turbine_fframe_moderate_0,2035,1504822,26797.6666666667,.,.
p85_utilityscale_battery_storage_lithium_ion_advanced_0,2035,158049.007214,5162.33333333333,170342.641086,5039
p85_nuclear_nuclear__large_moderate_0,2035,7893039.58377,187577,.,.
p85_landbasedwind_class3_moderate_1,2035,1124255.956428,31648.6666666667,.,.
p85_landbasedwind_class3_moderate_2,2035,1124255.956428,31648.6666666667,.,.
p85_utilitypv_class1_moderate_1,2035,992470.51136,19396.3333333333,.,.
p85_utilitypv_class1_moderate_2,2035,992470.51136,19396.3333333333,.,.
p86_naturalgas_1on1_combined_cycle_hframe_moderate_0,2035,1937340,40349.6666666667,.,.
p86_naturalgas_combustion_turbine_fframe_moderate_0,2035,1504822,26797.6666666667,.,.
p86_utilityscale_battery_storage_lithium_ion_advanced_0,2035,158049.007214,5162.33333333333,170342.641086,5039
p86_nuclear_nuclear__large_moderate_0,2035,7893039.58377,187577,.,.
p86_landbasedwind_class3_moderate_1,2035,1124255.956428,31648.6666666667,.,.
p86_landbasedwind_class3_moderate_2,2035,1124255.956428,31648.6666666667,.,.
p86_utilitypv_class1_moderate_1,2035,992470.51136,19396.3333333333,.,.
p86_utilitypv_class1_moderate_2,2035,992470.51136,19396.3333333333,.,.
p87_naturalgas_1on1_combined_cycle_hframe_moderate_0,2035,1937340,40349.6666666667,.,.
p87_naturalgas_combustion_turbine_fframe_moderate_0,2035,1504822,26797.6666666667,.,.
p87_utilityscale_battery_storage_lithium_ion_advanced_0,2035,158049.007214,5162.33333333333,170342.641086,5039
p87_nuclear_nuclear__large_moderate_0,2035,7893039.58377,187577,.,.
p87_landbasedwind_class3_moderate_1,2035,1124255.956428,31648.6666666667,.,.
p87_landbasedwind_class3_moderate_2,2035,1124255.956428,31648.6666666667,.,.
p87_utilitypv_class1_moderate_1,2035,992470.51136,19396.3333333333,.,.
p87_utilitypv_class1_moderate_2,2035,992470.51136,19396.3333333333,.,.
p88_naturalgas_1on1_combined_cycle_hframe_moderate_0,2035,1964133,40349.6666666667,.,.
p88_naturalgas_combustion_turbine_fframe_moderate_0,2035,1536942,26797.6666666667,.,.
p88_utilityscale_battery_storage_lithium_ion_advanced_0,2035,157577.688107,5162.33333333333,169834.661043,5039
p88_nuclear_nuclear__large_moderate_0,2035,7900854.474447,187577,.,.
p88_landbasedwind_class3_moderate_1,2035,1127168.536626,31648.6666666667,.,.
p88_landbasedwind_class3_moderate_2,2035,1127168.536626,31648.6666666667,.,.
p88_utilitypv_class1_moderate_1,2035,1000096.51968,19396.3333333333,.,.
p88_utilitypv_class1_moderate_2,2035,1000096.51968,19396.3333333333,.,.
p89_naturalgas_1on1_combined_cycle_hframe_moderate_0,2035,1908486,40349.6666666667,.,.
p89_naturalgas_combustion_turbine_fframe_moderate_0,2035,1483944,26797.6666666667,.,.
p89_utilityscale_battery_storage_lithium_ion_advanced_0,2035,154121.347989,5162.33333333333,166109.474061,5039
p89_nuclear_nuclear__large_moderate_0,2035,7596073.738044,187577,.,.
p89_landbasedwind_class3_moderate_1,2035,1379106.723753,31648.6666666667,.,.
p89_landbasedwind_class3_moderate_2,2035,1379106.723753,31648.6666666667,.,.
p89_utilitypv_class1_moderate_1,2035,990291.65184,19396.3333333333,.,.
p89_utilitypv_class1_moderate_2,2035,990291.65184,19396.3333333333,.,.
p90_naturalgas_1on1_combined_cycle_hframe_moderate_0,2035,1908486,40349.6666666667,.,.
p90_naturalgas_combustion_turbine_fframe_moderate_0,2035,1483944,26797.6666666667,.,.
p90_utilityscale_battery_storage_lithium_ion_advanced_0,2035,154121.347989,5162.33333333333,166109.474061,5039
p90_nuclear_nuclear__large_moderate_0,2035,7596073.738044,187577,.,.
p90_landbasedwind_class3_moderate_1,2035,1379106.723753,31648.6666666667,.,.
p90_landbasedwind_class3_moderate_2,2035,1379106.723753,31648.6666666667,.,.
p90_utilitypv_class1_moderate_1,2035,990291.65184,19396.3333333333,.,.
p90_utilitypv_class1_moderate_2,2035,990291.65184,19396.3333333333,.,.
p90_offshorewind_class3_moderate_fixed_1_1,2035,3243418.06464,84215.3333333333,.,.
p90_offshorewind_class3_moderate_fixed_1_2,2035,3243418.06464,84215.3333333333,.,.
p90_offshorewind_class3_moderate_fixed_0_1,2035,3243418.06464,84215.3333333333,.,.
p90_offshorewind_class3_moderate_fixed_0_2,2035,3243418.06464,84215.3333333333,.,.
p90_offshorewind_class12_moderate_floating_0_1,2035,5899600.10784,75447.5,.,.
p90_offshorewind_class12_moderate_floating_0_2,2035,5899600.10784,75447.5,.,.
p91_naturalgas_1on1_combined_cycle_hframe_moderate_0,2035,1908486,40349.6666666667,.,.
p91_naturalgas_combustion_turbine_fframe_moderate_0,2035,1483944,26797.6666666667,.,.
p91_utilityscale_battery_storage_lithium_ion_advanced_0,2035,154121.347989,5162.33333333333,166109.474061,5039
p91_nuclear_nuclear__large_moderate_0,2035,7596073.738044,187577,.,.
p91_landbasedwind_class3_moderate_1,2035,1379106.723753,31648.6666666667,.,.
p91_landbasedwind_class3_moderate_2,2035,1379106.723753,31648.6666666667,.,.
p91_utilitypv_class1_moderate_1,2035,990291.65184,19396.3333333333,.,.
p91_utilitypv_class1_moderate_2,2035,990291.65184,19396.3333333333,.,.
p91_offshorewind_class3_moderate_fixed_1_1,2035,3243418.06464,84215.3333333333,.,.
p91_offshorewind_class3_moderate_fixed_1_2,2035,3243418.06464,84215.3333333333,.,.
p91_offshorewind_class3_moderate_fixed_0_1,2035,3243418.06464,84215.3333333333,.,.
p91_offshorewind_class3_moderate_fixed_0_2,2035,3243418.06464,84215.3333333333,.,.
p91_offshorewind_class12_moderate_floating_0_1,2035,5899600.10784,75447.5,.,.
p91_offshorewind_class12_moderate_floating_0_2,2035,5899600.10784,75447.5,.,.
p92_naturalgas_1on1_combined_cycle_hframe_moderate_0,2035,1964133,40349.6666666667,.,.
p92_naturalgas_combustion_turbine_fframe_moderate_0,2035,1536942,26797.6666666667,.,.
p92_utilityscale_battery_storage_lithium_ion_advanced_0,2035,157577.688107,5162.33333333333,169834.661043,5039
p92_nuclear_nuclear__large_moderate_0,2035,7900854.474447,187577,.,.
p92_landbasedwind_class3_moderate_1,2035,1127168.536626,31648.6666666667,.,.
p92_landbasedwind_class3_moderate_2,2035,1127168.536626,31648.6666666667,.,.
p92_utilitypv_class1_moderate_1,2035,1000096.51968,19396.3333333333,.,.
p92_utilitypv_class1_moderate_2,2035,1000096.51968,19396.3333333333,.,.
p93_naturalgas_1on1_combined_cycle_hframe_moderate_0,2035,1964133,40349.6666666667,.,.
p93_naturalgas_combustion_turbine_fframe_moderate_0,2035,1536942,26797.6666666667,.,.
p93_utilityscale_battery_storage_lithium_ion_advanced_0,2035,157577.688107,5162.33333333333,169834.661043,5039
p93_nuclear_nuclear__large_moderate_0,2035,7900854.474447,187577,.,.
p93_landbasedwind_class3_moderate_1,2035,1127168.536626,31648.6666666667,.,.
p93_landbasedwind_class3_moderate_2,2035,1127168.536626,31648.6666666667,.,.
p93_utilitypv_class1_moderate_1,2035,1000096.51968,19396.3333333333,.,.
p93_utilitypv_class1_moderate_2,2035,1000096.51968,19396.3333333333,.,.
p94_naturalgas_1on1_combined_cycle_hframe_moderate_0,2035,1908486,40349.6666666667,.,.
p94_naturalgas_combustion_turbine_fframe_moderate_0,2035,1483944,26797.6666666667,.,.
p94_utilityscale_battery_storage_lithium_ion_advanced_0,2035,154121.347989,5162.33333333333,166109.474061,5039
p94_nuclear_nuclear__large_moderate_0,2035,7596073.738044,187577,.,.
p94_landbasedwind_class3_moderate_1,2035,1379106.723753,31648.6666666667,.,.
p94_landbasedwind_class3_moderate_2,2035,1379106.723753,31648.6666666667,.,.
p94_utilitypv_class1_moderate_1,2035,990291.65184,19396.3333333333,.,.
p94_utilitypv_class1_moderate_2,2035,990291.65184,19396.3333333333,.,.
p95_naturalgas_1on1_combined_cycle_hframe_moderate_0,2035,1889937,40349.6666666667,.,.
p95_naturalgas_combustion_turbine_fframe_moderate_0,2035,1479126,26797.6666666667,.,.
p95_utilityscale_battery_storage_lithium_ion_advanced_0,2035,158049.007214,5162.33333333333,170342.641086,5039
p95_nuclear_nuclear__large_moderate_0,2035,7869594.911739,187577,.,.
p95_landbasedwind_class3_moderate_1,2035,1392213.334644,31648.6666666667,.,.
p95_landbasedwind_class3_moderate_2,2035,1392213.334644,31648.6666666667,.,.
p95_utilitypv_class1_moderate_1,2035,988112.79232,19396.3333333333,.,.
p95_utilitypv_class1_moderate_2,2035,988112.79232,19396.3333333333,.,.
p95_offshorewind_class3_moderate_fixed_1_1,2035,3135304.129152,84215.3333333333,.,.
p95_offshorewind_class3_moderate_fixed_1_2,2035,3135304.129152,84215.3333333333,.,.
p95_offshorewind_class3_moderate_fixed_0_1,2035,3135304.129152,84215.3333333333,.,.
p95_offshorewind_class3_moderate_fixed_0_2,2035,3135304.129152,84215.3333333333,.,.
p95_offshorewind_class12_moderate_floating_0_1,2035,5702946.770912,75447.5,.,.
p95_offshorewind_class12_moderate_floating_0_2,2035,5702946.770912,75447.5,.,.
p96_naturalgas_1on1_combined_cycle_hframe_moderate_0,2035,1889937,40349.6666666667,.,.
p96_naturalgas_combustion_turbine_fframe_moderate_0,2035,1479126,26797.6666666667,.,.
p96_utilityscale_battery_storage_lithium_ion_advanced_0,2035,158049.007214,5162.33333333333,170342.641086,5039
p96_nuclear_nuclear__large_moderate_0,2035,7869594.911739,187577,.,.
p96_landbasedwind_class3_moderate_1,2035,1392213.334644,31648.6666666667,.,.
p96_landbasedwind_class3_moderate_2,2035,1392213.334644,31648.6666666667,.,.
p96_utilitypv_class1_moderate_1,2035,988112.79232,19396.3333333333,.,.
p96_utilitypv_class1_moderate_2,2035,988112.79232,19396.3333333333,.,.
p97_naturalgas_1on1_combined_cycle_hframe_moderate_0,2035,1889937,40349.6666666667,.,.
p97_naturalgas_combustion_turbine_fframe_moderate_0,2035,1479126,26797.6666666667,.,.
p97_utilityscale_battery_storage_lithium_ion_advanced_0,2035,158049.007214,5162.33333333333,170342.641086,5039
p97_nuclear_nuclear__large_moderate_0,2035,7869594.911739,187577,.,.
p97_landbasedwind_class3_moderate_1,2035,1392213.334644,31648.6666666667,.,.
p97_landbasedwind_class3_moderate_2,2035,1392213.334644,31648.6666666667,.,.
p97_utilitypv_class1_moderate_1,2035,988112.79232,19396.3333333333,.,.
p97_utilitypv_class1_moderate_2,2035,988112.79232,19396.3333333333,.,.
p97_offshorewind_class3_moderate_fixed_1_1,2035,3135304.129152,84215.3333333333,.,.
p97_offshorewind_class3_moderate_fixed_1_2,2035,3135304.129152,84215.3333333333,.,.
p97_offshorewind_class3_moderate_fixed_0_1,2035,3135304.129152,84215.3333333333,.,.
p97_offshorewind_class3_moderate_fixed_0_2,2035,3135304.129152,84215.3333333333,.,.
p97_offshorewind_class12_moderate_floating_0_1,2035,5702946.770912,75447.5,.,.
p97_offshorewind_class12_moderate_floating_0_2,2035,5702946.770912,75447.5,.,.
p98_naturalgas_1on1_combined_cycle_hframe_moderate_0,2035,1889937,40349.6666666667,.,.
p98_naturalgas_combustion_turbine_fframe_moderate_0,2035,1479126,26797.6666666667,.,.
p98_utilityscale_battery_storage_lithium_ion_advanced_0,2035,158049.007214,5162.33333333333,170342.641086,5039
p98_nuclear_nuclear__large_moderate_0,2035,7869594.911739,187577,.,.
p98_landbasedwind_class3_moderate_1,2035,1392213.334644,31648.6666666667,.,.
p98_landbasedwind_class3_moderate_2,2035,1392213.334644,31648.6666666667,.,.
p98_utilitypv_class1_moderate_1,2035,988112.79232,19396.3333333333,.,.
p98_utilitypv_class1_moderate_2,2035,988112.79232,19396.3333333333,.,.
p98_offshorewind_class3_moderate_fixed_1_1,2035,3135304.129152,84215.3333333333,.,.
p98_offshorewind_class3_moderate_fixed_1_2,2035,3135304.129152,84215.3333333333,.,.
p98_offshorewind_class3_moderate_fixed_0_1,2035,3135304.129152,84215.3333333333,.,.
p98_offshorewind_class3_moderate_fixed_0_2,2035,3135304.129152,84215.3333333333,.,.
p98_offshorewind_class12_moderate_floating_0_1,2035,5702946.770912,75447.5,.,.
p98_offshorewind_class12_moderate_floating_0_2,2035,5702946.770912,75447.5,.,.
p99_naturalgas_1on1_combined_cycle_hframe_moderate_0,2035,2052756,40349.6666666667,.,.
p99_naturalgas_combustion_turbine_fframe_moderate_0,2035,1599576,26797.6666666667,.,.
p99_utilityscale_battery_storage_lithium_ion_advanced_0,2035,154906.879834,5162.33333333333,166956.107466,5039
p99_nuclear_nuclear__large_moderate_0,2035,7658592.86346,187577,.,.
p99_landbasedwind_class3_moderate_1,2035,1763567.309889,31648.6666666667,.,.
p99_landbasedwind_class3_moderate_2,2035,1763567.309889,31648.6666666667,.,.
p99_utilitypv_class1_moderate_1,2035,1257201.94304,19396.3333333333,.,.
p99_utilitypv_class1_moderate_2,2035,1257201.94304,19396.3333333333,.,.
p99_offshorewind_class3_moderate_fixed_1_1,2035,3152196.931572,84215.3333333333,.,.
p99_offshorewind_class3_moderate_fixed_1_2,2035,3152196.931572,84215.3333333333,.,.
p99_offshorewind_class3_moderate_fixed_0_1,2035,3152196.931572,84215.3333333333,.,.
p99_offshorewind_class3_moderate_fixed_0_2,2035,3152196.931572,84215.3333333333,.,.
p99_offshorewind_class12_moderate_floating_0_1,2035,5733673.854807,75447.5,.,.
p99_offshorewind_class12_moderate_floating_0_2,2035,5733673.854807,75447.5,.,.
p100_naturalgas_1on1_combined_cycle_hframe_moderate_0,2035,1972377,40349.6666666667,.,.
p100_naturalgas_combustion_turbine_fframe_moderate_0,2035,1546578,26797.6666666667,.,.
p100_utilityscale_battery_storage_lithium_ion_advanced_0,2035,152393.17793,5162.33333333333,164246.88057,5039
p100_nuclear_nuclear__large_moderate_0,2035,7502295.04992,187577,.,.
p100_landbasedwind_class3_moderate_1,2035,1211633.362368,31648.6666666667,.,.
p100_landbasedwind_class3_moderate_2,2035,1211633.362368,31648.6666666667,.,.
p100_utilitypv_class1_moderate_1,2035,1245218.21568,19396.3333333333,.,.
p100_utilitypv_class1_moderate_2,2035,1245218.21568,19396.3333333333,.,.
p101_naturalgas_1on1_combined_cycle_hframe_moderate_0,2035,1883754,40349.6666666667,.,.
p101_naturalgas_combustion_turbine_fframe_moderate_0,2035,1445400,26797.6666666667,.,.
p101_utilityscale_battery_storage_lithium_ion_advanced_0,2035,152236.071561,5162.33333333333,164077.553889,5039
p101_nuclear_nuclear__large_moderate_0,2035,7369441.908411,187577,.,.
p101_landbasedwind_class3_moderate_1,2035,1396582.204941,31648.6666666667,.,.
p101_landbasedwind_class3_moderate_2,2035,1396582.204941,31648.6666666667,.,.
p101_utilitypv_class1_moderate_1,2035,977218.49472,19396.3333333333,.,.
p101_utilitypv_class1_moderate_2,2035,977218.49472,19396.3333333333,.,.
p101_offshorewind_class3_moderate_fixed_1_1,2035,3388696.165452,84215.3333333333,.,.
p101_offshorewind_class3_moderate_fixed_1_2,2035,3388696.165452,84215.3333333333,.,.
p101_offshorewind_class3_moderate_fixed_0_1,2035,3388696.165452,84215.3333333333,.,.
p101_offshorewind_class3_moderate_fixed_0_2,2035,3388696.165452,84215.3333333333,.,.
p101_offshorewind_class12_moderate_floating_0_1,2035,6163853.029337,75447.5,.,.
p101_offshorewind_class12_moderate_floating_0_2,2035,6163853.029337,75447.5,.,.
p102_naturalgas_1on1_combined_cycle_hframe_moderate_0,2035,1883754,40349.6666666667,.,.
p102_naturalgas_combustion_turbine_fframe_moderate_0,2035,1445400,26797.6666666667,.,.
p102_utilityscale_battery_storage_lithium_ion_advanced_0,2035,152236.071561,5162.33333333333,164077.553889,5039
p102_nuclear_nuclear__large_moderate_0,2035,7369441.908411,187577,.,.
p102_landbasedwind_class3_moderate_1,2035,1396582.204941,31648.6666666667,.,.
p102_landbasedwind_class3_moderate_2,2035,1396582.204941,31648.6666666667,.,.
p102_utilitypv_class1_moderate_1,2035,977218.49472,19396.3333333333,.,.
p102_utilitypv_class1_moderate_2,2035,977218.49472,19396.3333333333,.,.
p102_offshorewind_class3_moderate_fixed_1_1,2035,3388696.165452,84215.3333333333,.,.
p102_offshorewind_class3_moderate_fixed_1_2,2035,3388696.165452,84215.3333333333,.,.
p102_offshorewind_class3_moderate_fixed_0_1,2035,3388696.165452,84215.3333333333,.,.
p102_offshorewind_class3_moderate_fixed_0_2,2035,3388696.165452,84215.3333333333,.,.
p102_offshorewind_class12_moderate_floating_0_1,2035,6163853.029337,75447.5,.,.
p102_offshorewind_class12_moderate_floating_0_2,2035,6163853.029337,75447.5,.,.
p103_naturalgas_1on1_combined_cycle_hframe_moderate_0,2035,2102220,40349.6666666667,.,.
p103_naturalgas_combustion_turbine_fframe_moderate_0,2035,1654180,26797.6666666667,.,.
p103_utilityscale_battery_storage_lithium_ion_advanced_0,2035,154592.667096,5162.33333333333,166617.454104,5039
p103_nuclear_nuclear__large_moderate_0,2035,7799260.895646,187577,.,.
p103_landbasedwind_class3_moderate_1,2035,1264059.805932,31648.6666666667,.,.
p103_landbasedwind_class3_moderate_2,2035,1264059.805932,31648.6666666667,.,.
p103_utilitypv_class1_moderate_1,2035,1022974.54464,19396.3333333333,.,.
p103_utilitypv_class1_moderate_2,2035,1022974.54464,19396.3333333333,.,.
p103_offshorewind_class3_moderate_fixed_1_1,2035,3189361.096896,84215.3333333333,.,.
p103_offshorewind_class3_moderate_fixed_1_2,2035,3189361.096896,84215.3333333333,.,.
p103_offshorewind_class3_moderate_fixed_0_1,2035,3189361.096896,84215.3333333333,.,.
p103_offshorewind_class3_moderate_fixed_0_2,2035,3189361.096896,84215.3333333333,.,.
p103_offshorewind_class12_moderate_floating_0_1,2035,5801273.439376,75447.5,.,.
p103_offshorewind_class12_moderate_floating_0_2,2035,5801273.439376,75447.5,.,.
p103_imports_base_base_1,2035,0,0,.,.
p104_naturalgas_1on1_combined_cycle_hframe_moderate_0,2035,1972377,40349.6666666667,.,.
p104_naturalgas_combustion_turbine_fframe_moderate_0,2035,1546578,26797.6666666667,.,.
p104_utilityscale_battery_storage_lithium_ion_advanced_0,2035,152393.17793,5162.33333333333,164246.88057,5039
p104_nuclear_nuclear__large_moderate_0,2035,7502295.04992,187577,.,.
p104_landbasedwind_class3_moderate_1,2035,1211633.362368,31648.6666666667,.,.
p104_landbasedwind_class3_moderate_2,2035,1211633.362368,31648.6666666667,.,.
p104_utilitypv_class1_moderate_1,2035,1245218.21568,19396.3333333333,.,.
p104_utilitypv_class1_moderate_2,2035,1245218.21568,19396.3333333333,.,.
p105_naturalgas_1on1_combined_cycle_hframe_moderate_0,2035,2071305,40349.6666666667,.,.
p105_naturalgas_combustion_turbine_fframe_moderate_0,2035,1623666,26797.6666666667,.,.
p105_utilityscale_battery_storage_lithium_ion_advanced_0,2035,160091.390011,5162.33333333333,172543.887939,5039
p105_nuclear_nuclear__large_moderate_0,2035,8213450.101527,187577,.,.
p105_landbasedwind_class3_moderate_1,2035,1181051.270289,31648.6666666667,.,.
p105_landbasedwind_class3_moderate_2,2035,1181051.270289,31648.6666666667,.,.
p105_utilitypv_class1_moderate_1,2035,1025153.40416,19396.3333333333,.,.
p105_utilitypv_class1_moderate_2,2035,1025153.40416,19396.3333333333,.,.
p106_naturalgas_1on1_combined_cycle_hframe_moderate_0,2035,2071305,40349.6666666667,.,.
p106_naturalgas_combustion_turbine_fframe_moderate_0,2035,1623666,26797.6666666667,.,.
p106_utilityscale_battery_storage_lithium_ion_advanced_0,2035,160091.390011,5162.33333333333,172543.887939,5039
p106_nuclear_nuclear__large_moderate_0,2035,8213450.101527,187577,.,.
p106_landbasedwind_class3_moderate_1,2035,1181051.270289,31648.6666666667,.,.
p106_landbasedwind_class3_moderate_2,2035,1181051.270289,31648.6666666667,.,.
p106_utilitypv_class1_moderate_1,2035,1025153.40416,19396.3333333333,.,.
p106_utilitypv_class1_moderate_2,2035,1025153.40416,19396.3333333333,.,.
p107_naturalgas_1on1_combined_cycle_hframe_moderate_0,2035,2071305,40349.6666666667,.,.
p107_naturalgas_combustion_turbine_fframe_moderate_0,2035,1623666,26797.6666666667,.,.
p107_utilityscale_battery_storage_lithium_ion_advanced_0,2035,160091.390011,5162.33333333333,172543.887939,5039
p107_nuclear_nuclear__large_moderate_0,2035,8213450.101527,187577,.,.
p107_landbasedwind_class3_moderate_1,2035,1181051.270289,31648.6666666667,.,.
p107_landbasedwind_class3_moderate_2,2035,1181051.270289,31648.6666666667,.,.
p107_utilitypv_class1_moderate_1,2035,1025153.40416,19396.3333333333,.,.
p107_utilitypv_class1_moderate_2,2035,1025153.40416,19396.3333333333,.,.
p108_naturalgas_1on1_combined_cycle_hframe_moderate_0,2035,1964133,40349.6666666667,.,.
p108_naturalgas_combustion_turbine_fframe_moderate_0,2035,1536942,26797.6666666667,.,.
p108_utilityscale_battery_storage_lithium_ion_advanced_0,2035,157577.688107,5162.33333333333,169834.661043,5039
p108_nuclear_nuclear__large_moderate_0,2035,7900854.474447,187577,.,.
p108_landbasedwind_class3_moderate_1,2035,1127168.536626,31648.6666666667,.,.
p108_landbasedwind_class3_moderate_2,2035,1127168.536626,31648.6666666667,.,.
p108_utilitypv_class1_moderate_1,2035,1000096.51968,19396.3333333333,.,.
p108_utilitypv_class1_moderate_2,2035,1000096.51968,19396.3333333333,.,.
p109_naturalgas_1on1_combined_cycle_hframe_moderate_0,2035,1964133,40349.6666666667,.,.
p109_naturalgas_combustion_turbine_fframe_moderate_0,2035,1536942,26797.6666666667,.,.
p109_utilityscale_battery_storage_lithium_ion_advanced_0,2035,157577.688107,5162.33333333333,169834.661043,5039
p109_nuclear_nuclear__large_moderate_0,2035,7900854.474447,187577,.,.
p109_landbasedwind_class3_moderate_1,2035,1127168.536626,31648.6666666667,.,.
p109_landbasedwind_class3_moderate_2,2035,1127168.536626,31648.6666666667,.,.
p109_utilitypv_class1_moderate_1,2035,1000096.51968,19396.3333333333,.,.
p109_utilitypv_class1_moderate_2,2035,1000096.51968,19396.3333333333,.,.
p110_naturalgas_1on1_combined_cycle_hframe_moderate_0,2035,1972377,40349.6666666667,.,.
p110_naturalgas_combustion_turbine_fframe_moderate_0,2035,1546578,26797.6666666667,.,.
p110_utilityscale_battery_storage_lithium_ion_advanced_0,2035,152393.17793,5162.33333333333,164246.88057,5039
p110_nuclear_nuclear__large_moderate_0,2035,7502295.04992,187577,.,.
p110_landbasedwind_class3_moderate_1,2035,1211633.362368,31648.6666666667,.,.
p110_landbasedwind_class3_moderate_2,2035,1211633.362368,31648.6666666667,.,.
p110_utilitypv_class1_moderate_1,2035,1245218.21568,19396.3333333333,.,.
p110_utilitypv_class1_moderate_2,2035,1245218.21568,19396.3333333333,.,.
p111_naturalgas_1on1_combined_cycle_hframe_moderate_0,2035,1972377,40349.6666666667,.,.
p111_naturalgas_combustion_turbine_fframe_moderate_0,2035,1546578,26797.6666666667,.,.
p111_utilityscale_battery_storage_lithium_ion_advanced_0,2035,152393.17793,5162.33333333333,164246.88057,5039
p111_nuclear_nuclear__large_moderate_0,2035,7502295.04992,187577,.,.
p111_landbasedwind_class3_moderate_1,2035,1211633.362368,31648.6666666667,.,.
p111_landbasedwind_class3_moderate_2,2035,1211633.362368,31648.6666666667,.,.
p111_utilitypv_class1_moderate_1,2035,1245218.21568,19396.3333333333,.,.
p111_utilitypv_class1_moderate_2,2035,1245218.21568,19396.3333333333,.,.
p111_offshorewind_class3_moderate_fixed_1_1,2035,3050840.117052,84215.3333333333,.,.
p111_offshorewind_class3_moderate_fixed_1_2,2035,3050840.117052,84215.3333333333,.,.
p111_offshorewind_class3_moderate_fixed_0_1,2035,3050840.117052,84215.3333333333,.,.
p111_offshorewind_class3_moderate_fixed_0_2,2035,3050840.117052,84215.3333333333,.,.
p111_offshorewind_class12_moderate_floating_0_1,2035,5549311.351437,75447.5,.,.
p111_offshorewind_class12_moderate_floating_0_2,2035,5549311.351437,75447.5,.,.
p112_naturalgas_1on1_combined_cycle_hframe_moderate_0,2035,1972377,40349.6666666667,.,.
p112_naturalgas_combustion_turbine_fframe_moderate_0,2035,1546578,26797.6666666667,.,.
p112_utilityscale_battery_storage_lithium_ion_advanced_0,2035,152393.17793,5162.33333333333,164246.88057,5039
p112_nuclear_nuclear__large_moderate_0,2035,7502295.04992,187577,.,.
p112_landbasedwind_class3_moderate_1,2035,1211633.362368,31648.6666666667,.,.
p112_landbasedwind_class3_moderate_2,2035,1211633.362368,31648.6666666667,.,.
p112_utilitypv_class1_moderate_1,2035,1245218.21568,19396.3333333333,.,.
p112_utilitypv_class1_moderate_2,2035,1245218.21568,19396.3333333333,.,.
p113_naturalgas_1on1_combined_cycle_hframe_moderate_0,2035,1972377,40349.6666666667,.,.
p113_naturalgas_combustion_turbine_fframe_moderate_0,2035,1546578,26797.6666666667,.,.
p113_utilityscale_battery_storage_lithium_ion_advanced_0,2035,152393.17793,5162.33333333333,164246.88057,5039
p113_nuclear_nuclear__large_moderate_0,2035,7502295.04992,187577,.,.
p113_landbasedwind_class3_moderate_1,2035,1211633.362368,31648.6666666667,.,.
p113_landbasedwind_class3_moderate_2,2035,1211633.362368,31648.6666666667,.,.
p113_utilitypv_class1_moderate_1,2035,1245218.21568,19396.3333333333,.,.
p113_utilitypv_class1_moderate_2,2035,1245218.21568,19396.3333333333,.,.
p114_naturalgas_1on1_combined_cycle_hframe_moderate_0,2035,1972377,40349.6666666667,.,.
p114_naturalgas_combustion_turbine_fframe_moderate_0,2035,1546578,26797.6666666667,.,.
p114_utilityscale_battery_storage_lithium_ion_advanced_0,2035,152393.17793,5162.33333333333,164246.88057,5039
p114_nuclear_nuclear__large_moderate_0,2035,7502295.04992,187577,.,.
p114_landbasedwind_class3_moderate_1,2035,1211633.362368,31648.6666666667,.,.
p114_landbasedwind_class3_moderate_2,2035,1211633.362368,31648.6666666667,.,.
p114_utilitypv_class1_moderate_1,2035,1245218.21568,19396.3333333333,.,.
p114_utilitypv_class1_moderate_2,2035,1245218.21568,19396.3333333333,.,.
p115_naturalgas_1on1_combined_cycle_hframe_moderate_0,2035,1972377,40349.6666666667,.,.
p115_naturalgas_combustion_turbine_fframe_moderate_0,2035,1546578,26797.6666666667,.,.
p115_utilityscale_battery_storage_lithium_ion_advanced_0,2035,152393.17793,5162.33333333333,164246.88057,5039
p115_nuclear_nuclear__large_moderate_0,2035,7502295.04992,187577,.,.
p115_landbasedwind_class3_moderate_1,2035,1211633.362368,31648.6666666667,.,.
p115_landbasedwind_class3_moderate_2,2035,1211633.362368,31648.6666666667,.,.
p115_utilitypv_class1_moderate_1,2035,1245218.21568,19396.3333333333,.,.
p115_utilitypv_class1_moderate_2,2035,1245218.21568,19396.3333333333,.,.
p116_naturalgas_1on1_combined_cycle_hframe_moderate_0,2035,1972377,40349.6666666667,.,.
p116_naturalgas_combustion_turbine_fframe_moderate_0,2035,1546578,26797.6666666667,.,.
p116_utilityscale_battery_storage_lithium_ion_advanced_0,2035,152393.17793,5162.33333333333,164246.88057,5039
p116_nuclear_nuclear__large_moderate_0,2035,7502295.04992,187577,.,.
p116_landbasedwind_class3_moderate_1,2035,1211633.362368,31648.6666666667,.,.
p116_landbasedwind_class3_moderate_2,2035,1211633.362368,31648.6666666667,.,.
p116_utilitypv_class1_moderate_1,2035,1245218.21568,19396.3333333333,.,.
p116_utilitypv_class1_moderate_2,2035,1245218.21568,19396.3333333333,.,.
p117_naturalgas_1on1_combined_cycle_hframe_moderate_0,2035,1972377,40349.6666666667,.,.
p117_naturalgas_combustion_turbine_fframe_moderate_0,2035,1546578,26797.6666666667,.,.
p117_utilityscale_battery_storage_lithium_ion_advanced_0,2035,152393.17793,5162.33333333333,164246.88057,5039
p117_nuclear_nuclear__large_moderate_0,2035,7502295.04992,187577,.,.
p117_landbasedwind_class3_moderate_1,2035,1211633.362368,31648.6666666667,.,.
p117_landbasedwind_class3_moderate_2,2035,1211633.362368,31648.6666666667,.,.
p117_utilitypv_class1_moderate_1,2035,1245218.21568,19396.3333333333,.,.
p117_utilitypv_class1_moderate_2,2035,1245218.21568,19396.3333333333,.,.
p118_naturalgas_1on1_combined_cycle_hframe_moderate_0,2035,1972377,40349.6666666667,.,.
p118_naturalgas_combustion_turbine_fframe_moderate_0,2035,1546578,26797.6666666667,.,.
p118_utilityscale_battery_storage_lithium_ion_advanced_0,2035,152393.17793,5162.33333333333,164246.88057,5039
p118_nuclear_nuclear__large_moderate_0,2035,7502295.04992,187577,.,.
p118_landbasedwind_class3_moderate_1,2035,1211633.362368,31648.6666666667,.,.
p118_landbasedwind_class3_moderate_2,2035,1211633.362368,31648.6666666667,.,.
p118_utilitypv_class1_moderate_1,2035,1245218.21568,19396.3333333333,.,.
p118_utilitypv_class1_moderate_2,2035,1245218.21568,19396.3333333333,.,.
p119_naturalgas_1on1_combined_cycle_hframe_moderate_0,2035,2236185,40349.6666666667,.,.
p119_naturalgas_combustion_turbine_fframe_moderate_0,2035,1739298,26797.6666666667,.,.
p119_utilityscale_battery_storage_lithium_ion_advanced_0,2035,157577.688107,5162.33333333333,169834.661043,5039
p119_nuclear_nuclear__large_moderate_0,2035,8143116.085434,187577,.,.
p119_landbasedwind_class3_moderate_1,2035,1633957.491078,31648.6666666667,.,.
p119_landbasedwind_class3_moderate_2,2035,1633957.491078,31648.6666666667,.,.
p119_utilitypv_class1_moderate_1,2035,1163510.98368,19396.3333333333,.,.
p119_utilitypv_class1_moderate_2,2035,1163510.98368,19396.3333333333,.,.
p120_naturalgas_1on1_combined_cycle_hframe_moderate_0,2035,2236185,40349.6666666667,.,.
p120_naturalgas_combustion_turbine_fframe_moderate_0,2035,1739298,26797.6666666667,.,.
p120_utilityscale_battery_storage_lithium_ion_advanced_0,2035,157577.688107,5162.33333333333,169834.661043,5039
p120_nuclear_nuclear__large_moderate_0,2035,8143116.085434,187577,.,.
p120_landbasedwind_class3_moderate_1,2035,1633957.491078,31648.6666666667,.,.
p120_landbasedwind_class3_moderate_2,2035,1633957.491078,31648.6666666667,.,.
p120_utilitypv_class1_moderate_1,2035,1163510.98368,19396.3333333333,.,.
p120_utilitypv_class1_moderate_2,2035,1163510.98368,19396.3333333333,.,.
p121_naturalgas_1on1_combined_cycle_hframe_moderate_0,2035,1972377,40349.6666666667,.,.
p121_naturalgas_combustion_turbine_fframe_moderate_0,2035,1546578,26797.6666666667,.,.
p121_utilityscale_battery_storage_lithium_ion_advanced_0,2035,152393.17793,5162.33333333333,164246.88057,5039
p121_nuclear_nuclear__large_moderate_0,2035,7502295.04992,187577,.,.
p121_landbasedwind_class3_moderate_1,2035,1211633.362368,31648.6666666667,.,.
p121_landbasedwind_class3_moderate_2,2035,1211633.362368,31648.6666666667,.,.
p121_utilitypv_class1_moderate_1,2035,1245218.21568,19396.3333333333,.,.
p121_utilitypv_class1_moderate_2,2035,1245218.21568,19396.3333333333,.,.
p122_naturalgas_1on1_combined_cycle_hframe_moderate_0,2035,2236185,40349.6666666667,.,.
p122_naturalgas_combustion_turbine_fframe_moderate_0,2035,1739298,26797.6666666667,.,.
p122_utilityscale_battery_storage_lithium_ion_advanced_0,2035,157577.688107,5162.33333333333,169834.661043,5039
p122_nuclear_nuclear__large_moderate_0,2035,8143116.085434,187577,.,.
p122_landbasedwind_class3_moderate_1,2035,1633957.491078,31648.6666666667,.,.
p122_landbasedwind_class3_moderate_2,2035,1633957.491078,31648.6666666667,.,.
p122_utilitypv_class1_moderate_1,2035,1163510.98368,19396.3333333333,.,.
p122_utilitypv_class1_moderate_2,2035,1163510.98368,19396.3333333333,.,.
p123_naturalgas_1on1_combined_cycle_hframe_moderate_0,2035,2236185,40349.6666666667,.,.
p123_naturalgas_combustion_turbine_fframe_moderate_0,2035,1739298,26797.6666666667,.,.
p123_utilityscale_battery_storage_lithium_ion_advanced_0,2035,157577.688107,5162.33333333333,169834.661043,5039
p123_nuclear_nuclear__large_moderate_0,2035,8143116.085434,187577,.,.
p123_landbasedwind_class3_moderate_1,2035,1633957.491078,31648.6666666667,.,.
p123_utilitypv_class1_moderate_1,2035,1163510.98368,19396.3333333333,.,.
p123_utilitypv_class1_moderate_2,2035,1163510.98368,19396.3333333333,.,.
p123_offshorewind_class3_moderate_fixed_1_1,2035,3358289.121096,84215.3333333333,.,.
p123_offshorewind_class3_moderate_fixed_1_2,2035,3358289.121096,84215.3333333333,.,.
p123_offshorewind_class3_moderate_fixed_0_1,2035,3358289.121096,84215.3333333333,.,.
p123_offshorewind_class3_moderate_fixed_0_2,2035,3358289.121096,84215.3333333333,.,.
p123_offshorewind_class12_moderate_floating_0_1,2035,6108544.278326,75447.5,.,.
p123_offshorewind_class12_moderate_floating_0_2,2035,6108544.278326,75447.5,.,.
p124_naturalgas_1on1_combined_cycle_hframe_moderate_0,2035,2236185,40349.6666666667,.,.
p124_naturalgas_combustion_turbine_fframe_moderate_0,2035,1739298,26797.6666666667,.,.
p124_utilityscale_battery_storage_lithium_ion_advanced_0,2035,157577.688107,5162.33333333333,169834.661043,5039
p124_nuclear_nuclear__large_moderate_0,2035,8143116.085434,187577,.,.
p124_landbasedwind_class3_moderate_1,2035,1633957.491078,31648.6666666667,.,.
p124_landbasedwind_class3_moderate_2,2035,1633957.491078,31648.6666666667,.,.
p124_utilitypv_class1_moderate_1,2035,1163510.98368,19396.3333333333,.,.
p124_utilitypv_class1_moderate_2,2035,1163510.98368,19396.3333333333,.,.
p125_naturalgas_1on1_combined_cycle_hframe_moderate_0,2035,2236185,40349.6666666667,.,.
p125_naturalgas_combustion_turbine_fframe_moderate_0,2035,1739298,26797.6666666667,.,.
p125_utilityscale_battery_storage_lithium_ion_advanced_0,2035,157577.688107,5162.33333333333,169834.661043,5039
p125_nuclear_nuclear__large_moderate_0,2035,8143116.085434,187577,.,.
p125_landbasedwind_class3_moderate_1,2035,1633957.491078,31648.6666666667,.,.
p125_landbasedwind_class3_moderate_2,2035,1633957.491078,31648.6666666667,.,.
p125_utilitypv_class1_moderate_1,2035,1163510.98368,19396.3333333333,.,.
p125_utilitypv_class1_moderate_2,2035,1163510.98368,19396.3333333333,.,.
p125_offshorewind_class3_moderate_fixed_1_1,2035,3358289.121096,84215.3333333333,.,.
p125_offshorewind_class3_moderate_fixed_1_2,2035,3358289.121096,84215.3333333333,.,.
p125_offshorewind_class3_moderate_fixed_0_1,2035,3358289.121096,84215.3333333333,.,.
p125_offshorewind_class3_moderate_fixed_0_2,2035,3358289.121096,84215.3333333333,.,.
p125_offshorewind_class12_moderate_floating_0_1,2035,6108544.278326,75447.5,.,.
p125_offshorewind_class12_moderate_floating_0_2,2035,6108544.278326,75447.5,.,.
p126_naturalgas_1on1_combined_cycle_hframe_moderate_0,2035,2236185,40349.6666666667,.,.
p126_naturalgas_combustion_turbine_fframe_moderate_0,2035,1739298,26797.6666666667,.,.
p126_utilityscale_battery_storage_lithium_ion_advanced_0,2035,157577.688107,5162.33333333333,169834.661043,5039
p126_nuclear_nuclear__large_moderate_0,2035,8143116.085434,187577,.,.
p126_landbasedwind_class3_moderate_1,2035,1633957.491078,31648.6666666667,.,.
p126_landbasedwind_class3_moderate_2,2035,1633957.491078,31648.6666666667,.,.
p126_utilitypv_class1_moderate_1,2035,1163510.98368,19396.3333333333,.,.
p126_utilitypv_class1_moderate_2,2035,1163510.98368,19396.3333333333,.,.
p126_offshorewind_class3_moderate_fixed_1_1,2035,3358289.121096,84215.3333333333,.,.
p126_offshorewind_class3_moderate_fixed_1_2,2035,3358289.121096,84215.3333333333,.,.
p126_offshorewind_class3_moderate_fixed_0_1,2035,3358289.121096,84215.3333333333,.,.
p126_offshorewind_class3_moderate_fixed_0_2,2035,3358289.121096,84215.3333333333,.,.
p126_offshorewind_class12_moderate_floating_0_1,2035,6108544.278326,75447.5,.,.
p126_offshorewind_class12_moderate_floating_0_2,2035,6108544.278326,75447.5,.,.
p127_naturalgas_1on1_combined_cycle_hframe_moderate_0,2035,2151684,40349.6666666667,.,.
p127_naturalgas_combustion_turbine_fframe_moderate_0,2035,1694330,26797.6666666667,.,.
p127_utilityscale_battery_storage_lithium_ion_advanced_0,2035,156163.730786,5162.33333333333,168310.720914,5039
p127_nuclear_nuclear__large_moderate_0,2035,7846150.239708,187577,.,.
p127_landbasedwind_class3_moderate_1,2035,1814537.463354,31648.6666666667,.,.
p127_landbasedwind_class3_moderate_2,2035,1814537.463354,31648.6666666667,.,.
p127_utilitypv_class1_moderate_1,2035,1131917.52064,19396.3333333333,.,.
p127_utilitypv_class1_moderate_2,2035,1131917.52064,19396.3333333333,.,.
p127_offshorewind_class3_moderate_fixed_1_1,2035,3250175.185608,84215.3333333333,.,.
p127_offshorewind_class3_moderate_fixed_1_2,2035,3250175.185608,84215.3333333333,.,.
p127_offshorewind_class3_moderate_fixed_0_1,2035,3250175.185608,84215.3333333333,.,.
p127_offshorewind_class3_moderate_fixed_0_2,2035,3250175.185608,84215.3333333333,.,.
p127_offshorewind_class12_moderate_floating_0_1,2035,5911890.941398,75447.5,.,.
p127_offshorewind_class12_moderate_floating_0_2,2035,5911890.941398,75447.5,.,.
p127_imports_base_base_1,2035,0,0,.,.
p128_naturalgas_1on1_combined_cycle_hframe_moderate_0,2035,2829753,40349.6666666667,.,.
p128_naturalgas_combustion_turbine_fframe_moderate_0,2035,2166494,26797.6666666667,.,.
p128_utilityscale_battery_storage_lithium_ion_advanced_0,2035,170931.729472,5162.33333333333,184227.428928,5039
p128_nuclear_nuclear__large_moderate_0,2035,10612621.539366,187577,.,.
p128_utilitypv_class1_moderate_1,2035,1350892.9024,19396.3333333333,.,.
p128_offshorewind_class3_moderate_fixed_1_1,2035,4081301.064672,84215.3333333333,.,.
p128_offshorewind_class3_moderate_fixed_1_2,2035,4081301.064672,84215.3333333333,.,.
p128_offshorewind_class3_moderate_fixed_0_1,2035,4081301.064672,84215.3333333333,.,.
p128_offshorewind_class3_moderate_fixed_0_2,2035,4081301.064672,84215.3333333333,.,.
p128_offshorewind_class12_moderate_floating_0_1,2035,7423663.469032,75447.5,.,.
p128_offshorewind_class12_moderate_floating_0_2,2035,7423663.469032,75447.5,.,.
p129_naturalgas_1on1_combined_cycle_hframe_moderate_0,2035,2232063,40349.6666666667,.,.
p129_naturalgas_combustion_turbine_fframe_moderate_0,2035,1758570,26797.6666666667,.,.
p129_utilityscale_battery_storage_lithium_ion_advanced_0,2035,160405.602749,5162.33333333333,172882.541301,5039
p129_nuclear_nuclear__large_moderate_0,2035,8385377.696421,187577,.,.
p129_landbasedwind_class3_moderate_1,2035,1635413.781177,31648.6666666667,.,.
p129_landbasedwind_class3_moderate_2,2035,1635413.781177,31648.6666666667,.,.
p129_utilitypv_class1_moderate_1,2035,1050210.28864,19396.3333333333,.,.
p129_utilitypv_class1_moderate_2,2035,1050210.28864,19396.3333333333,.,.
p129_imports_base_base_1,2035,0,0,.,.
p130_naturalgas_1on1_combined_cycle_hframe_moderate_0,2035,2232063,40349.6666666667,.,.
p130_naturalgas_combustion_turbine_fframe_moderate_0,2035,1758570,26797.6666666667,.,.
p130_utilityscale_battery_storage_lithium_ion_advanced_0,2035,160405.602749,5162.33333333333,172882.541301,5039
p130_nuclear_nuclear__large_moderate_0,2035,8385377.696421,187577,.,.
p130_landbasedwind_class3_moderate_1,2035,1635413.781177,31648.6666666667,.,.
p130_landbasedwind_class3_moderate_2,2035,1635413.781177,31648.6666666667,.,.
p130_utilitypv_class1_moderate_1,2035,1050210.28864,19396.3333333333,.,.
p130_utilitypv_class1_moderate_2,2035,1050210.28864,19396.3333333333,.,.
p131_naturalgas_1on1_combined_cycle_hframe_moderate_0,2035,2232063,40349.6666666667,.,.
p131_naturalgas_combustion_turbine_fframe_moderate_0,2035,1758570,26797.6666666667,.,.
p131_utilityscale_battery_storage_lithium_ion_advanced_0,2035,160405.602749,5162.33333333333,172882.541301,5039
p131_nuclear_nuclear__large_moderate_0,2035,8385377.696421,187577,.,.
p131_landbasedwind_class3_moderate_1,2035,1635413.781177,31648.6666666667,.,.
p131_landbasedwind_class3_moderate_2,2035,1635413.781177,31648.6666666667,.,.
p131_utilitypv_class1_moderate_1,2035,1050210.28864,19396.3333333333,.,.
p131_utilitypv_class1_moderate_2,2035,1050210.28864,19396.3333333333,.,.
p131_offshorewind_class3_moderate_fixed_1_1,2035,3398831.846904,84215.3333333333,.,.
p131_offshorewind_class3_moderate_fixed_1_2,2035,3398831.846904,84215.3333333333,.,.
p131_offshorewind_class3_moderate_fixed_0_1,2035,3398831.846904,84215.3333333333,.,.
p131_offshorewind_class3_moderate_fixed_0_2,2035,3398831.846904,84215.3333333333,.,.
p131_offshorewind_class12_moderate_floating_0_1,2035,6182289.279674,75447.5,.,.
p131_offshorewind_class12_moderate_floating_0_2,2035,6182289.279674,75447.5,.,.
p132_naturalgas_1on1_combined_cycle_hframe_moderate_0,2035,2232063,40349.6666666667,.,.
p132_naturalgas_combustion_turbine_fframe_moderate_0,2035,1758570,26797.6666666667,.,.
p132_utilityscale_battery_storage_lithium_ion_advanced_0,2035,160405.602749,5162.33333333333,172882.541301,5039
p132_nuclear_nuclear__large_moderate_0,2035,8385377.696421,187577,.,.
p132_landbasedwind_class3_moderate_1,2035,1635413.781177,31648.6666666667,.,.
p132_landbasedwind_class3_moderate_2,2035,1635413.781177,31648.6666666667,.,.
p132_utilitypv_class1_moderate_1,2035,1050210.28864,19396.3333333333,.,.
p132_utilitypv_class1_moderate_2,2035,1050210.28864,19396.3333333333,.,.
p132_offshorewind_class3_moderate_fixed_1_1,2035,3398831.846904,84215.3333333333,.,.
p132_offshorewind_class3_moderate_fixed_1_2,2035,3398831.846904,84215.3333333333,.,.
p132_offshorewind_class3_moderate_fixed_0_1,2035,3398831.846904,84215.3333333333,.,.
p132_offshorewind_class3_moderate_fixed_0_2,2035,3398831.846904,84215.3333333333,.,.
p132_offshorewind_class12_moderate_floating_0_1,2035,6182289.279674,75447.5,.,.
p132_offshorewind_class12_moderate_floating_0_2,2035,6182289.279674,75447.5,.,.
p133_naturalgas_1on1_combined_cycle_hframe_moderate_0,2035,2232063,40349.6666666667,.,.
p133_naturalgas_combustion_turbine_fframe_moderate_0,2035,1758570,26797.6666666667,.,.
p133_utilityscale_battery_storage_lithium_ion_advanced_0,2035,160405.602749,5162.33333333333,172882.541301,5039
p133_nuclear_nuclear__large_moderate_0,2035,8385377.696421,187577,.,.
p133_utilitypv_class1_moderate_1,2035,1050210.28864,19396.3333333333,.,.
p133_utilitypv_class1_moderate_2,2035,1050210.28864,19396.3333333333,.,.
p133_offshorewind_class3_moderate_fixed_1_1,2035,3398831.846904,84215.3333333333,.,.
p133_offshorewind_class3_moderate_fixed_1_2,2035,3398831.846904,84215.3333333333,.,.
p133_offshorewind_class3_moderate_fixed_0_1,2035,3398831.846904,84215.3333333333,.,.
p133_offshorewind_class3_moderate_fixed_0_2,2035,3398831.846904,84215.3333333333,.,.
p133_offshorewind_class12_moderate_floating_0_1,2035,6182289.279674,75447.5,.,.
p133_offshorewind_class12_moderate_floating_0_2,2035,6182289.279674,75447.5,.,.
p134_naturalgas_1on1_combined_cycle_hframe_moderate_0,2035,2232063,40349.6666666667,.,.
p134_naturalgas_combustion_turbine_fframe_moderate_0,2035,1758570,26797.6666666667,.,.
p134_utilityscale_battery_storage_lithium_ion_advanced_0,2035,160405.602749,5162.33333333333,172882.541301,5039
p134_nuclear_nuclear__large_moderate_0,2035,8385377.696421,187577,.,.
p134_landbasedwind_class3_moderate_1,2035,1635413.781177,31648.6666666667,.,.
p134_landbasedwind_class3_moderate_2,2035,1635413.781177,31648.6666666667,.,.
p134_utilitypv_class1_moderate_1,2035,1050210.28864,19396.3333333333,.,.
p134_utilitypv_class1_moderate_2,2035,1050210.28864,19396.3333333333,.,.
p134_offshorewind_class3_moderate_fixed_1_1,2035,3398831.846904,84215.3333333333,.,.
p134_offshorewind_class3_moderate_fixed_1_2,2035,3398831.846904,84215.3333333333,.,.
p134_offshorewind_class3_moderate_fixed_0_1,2035,3398831.846904,84215.3333333333,.,.
p134_offshorewind_class3_moderate_fixed_0_2,2035,3398831.846904,84215.3333333333,.,.
p134_offshorewind_class12_moderate_floating_0_1,2035,6182289.279674,75447.5,.,.
p134_offshorewind_class12_moderate_floating_0_2,2035,6182289.279674,75447.5,.,.
p134_imports_base_base_1,2035,0,0,.,.
